ISO-10303-21;
HEADER;
/* Generated by software containing ST-Developer
 * from STEP Tools, Inc. (www.steptools.com) 
 */
/* OPTION: using custom renumber hook */

FILE_DESCRIPTION(
/* description */ ('STEP AP242 Edition 2',
'CAx-IF Rec.Pracs.---Representation and Presentation of Product Manufa
cturing Information (PMI)---4.0---2014-10-13',
'CAx-IF Rec.Pracs.---3D Tessellated Geometry---0.4---2014-09-14','2;1',
'CAx-IF Rec.Pracs.---User Defined Attributes---1.5---2016-08-15'),
/* implementation_level */ '2;1');

FILE_NAME(
/* name */ 'CompleteShell - ForgeO1',
/* time_stamp */ '2026-09-23T14:41:02Z',
/* author */ (''),
/* organization */ (''),
/* preprocessor_version */ 'ST-DEVELOPER v20',
/* originating_system */ 'ONSHAPE BY PTC INC, 1.221',
/* authorisation */ '  ');

FILE_SCHEMA (('AP242_MANAGED_MODEL_BASED_3D_ENGINEERING_MIM_LF { 1 0 10303 442 3 1 4 }'));
ENDSEC;

DATA;
#10=SHAPE_REPRESENTATION_RELATIONSHIP('','',#1177,#11);
#11=ADVANCED_BREP_SHAPE_REPRESENTATION('',(#1175),#2139);
#12=CIRCLE('',#1181,0.00998716564033819);
#13=CIRCLE('',#1182,0.00998716564033819);
#14=CIRCLE('',#1184,0.00273523253720825);
#15=CIRCLE('',#1185,0.00273523253720825);
#16=CIRCLE('',#1187,0.00283837470828519);
#17=CIRCLE('',#1188,0.00283837470828519);
#18=CIRCLE('',#1190,0.0042080471845657);
#19=CIRCLE('',#1191,0.0042080471845657);
#20=CIRCLE('',#1193,0.0116225544975153);
#21=CIRCLE('',#1194,0.0116225544975153);
#22=CIRCLE('',#1196,0.00346637379638231);
#23=CIRCLE('',#1197,0.00346637379638231);
#24=CIRCLE('',#1199,0.00796842582790821);
#25=CIRCLE('',#1200,0.00796842582790821);
#26=CIRCLE('',#1202,0.00784376292116114);
#27=CIRCLE('',#1203,0.00784376292116114);
#28=CIRCLE('',#1205,0.00297905732225716);
#29=CIRCLE('',#1206,0.00297905732225716);
#30=CIRCLE('',#1208,0.000289203417141313);
#31=CIRCLE('',#1209,0.000289203417141313);
#32=CIRCLE('',#1211,0.0223906387594583);
#33=CIRCLE('',#1212,0.0223906387594583);
#34=CIRCLE('',#1214,0.0182578695456122);
#35=CIRCLE('',#1215,0.0182578695456122);
#36=CIRCLE('',#1217,0.027394138732221);
#37=CIRCLE('',#1218,0.027394138732221);
#38=CIRCLE('',#1220,0.00768437722975969);
#39=CIRCLE('',#1221,0.00768437722975969);
#40=CIRCLE('',#1223,0.00730032876017952);
#41=CIRCLE('',#1224,0.00730032876017952);
#42=CIRCLE('',#1226,0.00614124780466699);
#43=CIRCLE('',#1227,0.00614124780466699);
#44=CIRCLE('',#1229,0.000674453096470297);
#45=CIRCLE('',#1230,0.000674453096470297);
#46=CIRCLE('',#1232,0.00156167745740654);
#47=CIRCLE('',#1233,0.00156167745740654);
#48=CIRCLE('',#1235,0.00750996255103756);
#49=CIRCLE('',#1236,0.00750996255103756);
#50=CIRCLE('',#1238,0.00846219042838588);
#51=CIRCLE('',#1239,0.00846219042838588);
#52=CIRCLE('',#1241,0.00794708153188424);
#53=CIRCLE('',#1242,0.00794708153188424);
#54=CIRCLE('',#1244,0.00302917120159766);
#55=CIRCLE('',#1245,0.00302917120159766);
#56=CIRCLE('',#1247,0.00247603963686533);
#57=CIRCLE('',#1248,0.00247603963686533);
#58=CIRCLE('',#1251,0.00249298706519123);
#59=CIRCLE('',#1252,0.00249298706519123);
#60=CIRCLE('',#1254,0.000975830565752922);
#61=CIRCLE('',#1255,0.000975830565752922);
#62=CIRCLE('',#1257,0.000565081447769209);
#63=CIRCLE('',#1258,0.000565081447769209);
#64=CIRCLE('',#1260,0.000316445691374044);
#65=CIRCLE('',#1261,0.000316445691374044);
#66=CIRCLE('',#1263,0.000258056022491675);
#67=CIRCLE('',#1264,0.000258056022491675);
#68=CIRCLE('',#1266,0.00069657454556964);
#69=CIRCLE('',#1267,0.00069657454556964);
#70=CIRCLE('',#1269,0.0010285760044246);
#71=CIRCLE('',#1270,0.0010285760044246);
#72=CIRCLE('',#1272,0.0017109027683144);
#73=CIRCLE('',#1273,0.0017109027683144);
#74=CIRCLE('',#1275,0.00117912458877132);
#75=CIRCLE('',#1276,0.00117912458877132);
#76=CIRCLE('',#1278,0.00120126764019453);
#77=CIRCLE('',#1279,0.00120126764019453);
#78=CIRCLE('',#1281,0.000969007505217009);
#79=CIRCLE('',#1282,0.000969007505217009);
#80=CIRCLE('',#1284,9.22066166271826E-5);
#81=CIRCLE('',#1285,9.22066166271826E-5);
#82=CIRCLE('',#1287,0.000880254697503179);
#83=CIRCLE('',#1288,0.000880254697503179);
#84=CIRCLE('',#1290,0.0142774548435095);
#85=CIRCLE('',#1291,0.0142774548435095);
#86=CIRCLE('',#1293,0.0154382164042462);
#87=CIRCLE('',#1294,0.0154382164042462);
#88=CIRCLE('',#1296,0.000537503333541825);
#89=CIRCLE('',#1297,0.000537503333541825);
#90=CIRCLE('',#1299,0.00329395232230956);
#91=CIRCLE('',#1300,0.00329395232230956);
#92=CIRCLE('',#1302,0.00324682723321336);
#93=CIRCLE('',#1303,0.00324682723321336);
#94=CIRCLE('',#1305,0.00501622772261081);
#95=CIRCLE('',#1306,0.00501622772261081);
#96=CIRCLE('',#1308,0.0059365081903489);
#97=CIRCLE('',#1309,0.0059365081903489);
#98=CIRCLE('',#1311,0.00516504966238946);
#99=CIRCLE('',#1312,0.00516504966238946);
#100=CIRCLE('',#1314,0.00463843283962587);
#101=CIRCLE('',#1315,0.00463843283962587);
#102=CIRCLE('',#1317,0.000670101865415306);
#103=CIRCLE('',#1318,0.000670101865415306);
#104=CIRCLE('',#1320,0.00139306583986405);
#105=CIRCLE('',#1321,0.00139306583986405);
#106=CIRCLE('',#1323,0.00463270867971999);
#107=CIRCLE('',#1324,0.00463270867971999);
#108=CIRCLE('',#1326,0.00475037663226145);
#109=CIRCLE('',#1327,0.00475037663226145);
#110=CIRCLE('',#1329,0.000844857587124675);
#111=CIRCLE('',#1330,0.000844857587124675);
#112=CIRCLE('',#1332,0.000558116445785936);
#113=CIRCLE('',#1333,0.000558116445785936);
#114=CIRCLE('',#1335,0.00116792547069359);
#115=CIRCLE('',#1336,0.00116792547069359);
#116=CIRCLE('',#1338,0.0011592225034496);
#117=CIRCLE('',#1339,0.0011592225034496);
#118=CIRCLE('',#1341,0.000520564449525043);
#119=CIRCLE('',#1342,0.000520564449525043);
#120=CIRCLE('',#1344,0.000890429204899593);
#121=CIRCLE('',#1345,0.000890429204899593);
#122=CIRCLE('',#1347,0.00417985328283231);
#123=CIRCLE('',#1348,0.00417985328283231);
#124=CIRCLE('',#1350,0.00442205533264638);
#125=CIRCLE('',#1351,0.00442205533264638);
#126=CYLINDRICAL_SURFACE('',#1180,0.00998716564033819);
#127=CYLINDRICAL_SURFACE('',#1183,0.00273523253720825);
#128=CYLINDRICAL_SURFACE('',#1186,0.00283837470828519);
#129=CYLINDRICAL_SURFACE('',#1189,0.0042080471845657);
#130=CYLINDRICAL_SURFACE('',#1192,0.0116225544975153);
#131=CYLINDRICAL_SURFACE('',#1195,0.00346637379638231);
#132=CYLINDRICAL_SURFACE('',#1198,0.00796842582790821);
#133=CYLINDRICAL_SURFACE('',#1201,0.00784376292116114);
#134=CYLINDRICAL_SURFACE('',#1204,0.00297905732225716);
#135=CYLINDRICAL_SURFACE('',#1207,0.000289203417141313);
#136=CYLINDRICAL_SURFACE('',#1210,0.0223906387594583);
#137=CYLINDRICAL_SURFACE('',#1213,0.0182578695456122);
#138=CYLINDRICAL_SURFACE('',#1216,0.027394138732221);
#139=CYLINDRICAL_SURFACE('',#1219,0.00768437722975969);
#140=CYLINDRICAL_SURFACE('',#1222,0.00730032876017952);
#141=CYLINDRICAL_SURFACE('',#1225,0.00614124780466699);
#142=CYLINDRICAL_SURFACE('',#1228,0.000674453096470297);
#143=CYLINDRICAL_SURFACE('',#1231,0.00156167745740654);
#144=CYLINDRICAL_SURFACE('',#1234,0.00750996255103756);
#145=CYLINDRICAL_SURFACE('',#1237,0.00846219042838588);
#146=CYLINDRICAL_SURFACE('',#1240,0.00794708153188424);
#147=CYLINDRICAL_SURFACE('',#1243,0.00302917120159766);
#148=CYLINDRICAL_SURFACE('',#1246,0.00247603963686533);
#149=CYLINDRICAL_SURFACE('',#1250,0.00249298706519123);
#150=CYLINDRICAL_SURFACE('',#1253,0.000975830565752922);
#151=CYLINDRICAL_SURFACE('',#1256,0.000565081447769209);
#152=CYLINDRICAL_SURFACE('',#1259,0.000316445691374044);
#153=CYLINDRICAL_SURFACE('',#1262,0.000258056022491675);
#154=CYLINDRICAL_SURFACE('',#1265,0.00069657454556964);
#155=CYLINDRICAL_SURFACE('',#1268,0.0010285760044246);
#156=CYLINDRICAL_SURFACE('',#1271,0.0017109027683144);
#157=CYLINDRICAL_SURFACE('',#1274,0.00117912458877132);
#158=CYLINDRICAL_SURFACE('',#1277,0.00120126764019453);
#159=CYLINDRICAL_SURFACE('',#1280,0.000969007505217009);
#160=CYLINDRICAL_SURFACE('',#1283,9.22066166271826E-5);
#161=CYLINDRICAL_SURFACE('',#1286,0.000880254697503179);
#162=CYLINDRICAL_SURFACE('',#1289,0.0142774548435095);
#163=CYLINDRICAL_SURFACE('',#1292,0.0154382164042462);
#164=CYLINDRICAL_SURFACE('',#1295,0.000537503333541825);
#165=CYLINDRICAL_SURFACE('',#1298,0.00329395232230956);
#166=CYLINDRICAL_SURFACE('',#1301,0.00324682723321336);
#167=CYLINDRICAL_SURFACE('',#1304,0.00501622772261081);
#168=CYLINDRICAL_SURFACE('',#1307,0.0059365081903489);
#169=CYLINDRICAL_SURFACE('',#1310,0.00516504966238946);
#170=CYLINDRICAL_SURFACE('',#1313,0.00463843283962587);
#171=CYLINDRICAL_SURFACE('',#1316,0.000670101865415306);
#172=CYLINDRICAL_SURFACE('',#1319,0.00139306583986405);
#173=CYLINDRICAL_SURFACE('',#1322,0.00463270867971999);
#174=CYLINDRICAL_SURFACE('',#1325,0.00475037663226145);
#175=CYLINDRICAL_SURFACE('',#1328,0.000844857587124675);
#176=CYLINDRICAL_SURFACE('',#1331,0.000558116445785936);
#177=CYLINDRICAL_SURFACE('',#1334,0.00116792547069359);
#178=CYLINDRICAL_SURFACE('',#1337,0.0011592225034496);
#179=CYLINDRICAL_SURFACE('',#1340,0.000520564449525043);
#180=CYLINDRICAL_SURFACE('',#1343,0.000890429204899593);
#181=CYLINDRICAL_SURFACE('',#1346,0.00417985328283231);
#182=CYLINDRICAL_SURFACE('',#1349,0.00442205533264638);
#183=ORIENTED_EDGE('',*,*,#543,.T.);
#184=ORIENTED_EDGE('',*,*,#544,.F.);
#185=ORIENTED_EDGE('',*,*,#545,.F.);
#186=ORIENTED_EDGE('',*,*,#546,.T.);
#187=ORIENTED_EDGE('',*,*,#547,.T.);
#188=ORIENTED_EDGE('',*,*,#548,.F.);
#189=ORIENTED_EDGE('',*,*,#549,.F.);
#190=ORIENTED_EDGE('',*,*,#544,.T.);
#191=ORIENTED_EDGE('',*,*,#550,.T.);
#192=ORIENTED_EDGE('',*,*,#551,.F.);
#193=ORIENTED_EDGE('',*,*,#552,.F.);
#194=ORIENTED_EDGE('',*,*,#548,.T.);
#195=ORIENTED_EDGE('',*,*,#553,.T.);
#196=ORIENTED_EDGE('',*,*,#554,.F.);
#197=ORIENTED_EDGE('',*,*,#555,.F.);
#198=ORIENTED_EDGE('',*,*,#551,.T.);
#199=ORIENTED_EDGE('',*,*,#556,.T.);
#200=ORIENTED_EDGE('',*,*,#557,.F.);
#201=ORIENTED_EDGE('',*,*,#558,.F.);
#202=ORIENTED_EDGE('',*,*,#554,.T.);
#203=ORIENTED_EDGE('',*,*,#559,.T.);
#204=ORIENTED_EDGE('',*,*,#560,.F.);
#205=ORIENTED_EDGE('',*,*,#561,.F.);
#206=ORIENTED_EDGE('',*,*,#557,.T.);
#207=ORIENTED_EDGE('',*,*,#562,.T.);
#208=ORIENTED_EDGE('',*,*,#563,.F.);
#209=ORIENTED_EDGE('',*,*,#564,.F.);
#210=ORIENTED_EDGE('',*,*,#560,.T.);
#211=ORIENTED_EDGE('',*,*,#565,.T.);
#212=ORIENTED_EDGE('',*,*,#566,.F.);
#213=ORIENTED_EDGE('',*,*,#567,.F.);
#214=ORIENTED_EDGE('',*,*,#563,.T.);
#215=ORIENTED_EDGE('',*,*,#568,.T.);
#216=ORIENTED_EDGE('',*,*,#569,.F.);
#217=ORIENTED_EDGE('',*,*,#570,.F.);
#218=ORIENTED_EDGE('',*,*,#566,.T.);
#219=ORIENTED_EDGE('',*,*,#571,.T.);
#220=ORIENTED_EDGE('',*,*,#572,.F.);
#221=ORIENTED_EDGE('',*,*,#573,.F.);
#222=ORIENTED_EDGE('',*,*,#569,.T.);
#223=ORIENTED_EDGE('',*,*,#574,.T.);
#224=ORIENTED_EDGE('',*,*,#575,.F.);
#225=ORIENTED_EDGE('',*,*,#576,.F.);
#226=ORIENTED_EDGE('',*,*,#572,.T.);
#227=ORIENTED_EDGE('',*,*,#577,.T.);
#228=ORIENTED_EDGE('',*,*,#578,.F.);
#229=ORIENTED_EDGE('',*,*,#579,.F.);
#230=ORIENTED_EDGE('',*,*,#575,.T.);
#231=ORIENTED_EDGE('',*,*,#580,.T.);
#232=ORIENTED_EDGE('',*,*,#581,.F.);
#233=ORIENTED_EDGE('',*,*,#582,.F.);
#234=ORIENTED_EDGE('',*,*,#578,.T.);
#235=ORIENTED_EDGE('',*,*,#583,.T.);
#236=ORIENTED_EDGE('',*,*,#584,.F.);
#237=ORIENTED_EDGE('',*,*,#585,.F.);
#238=ORIENTED_EDGE('',*,*,#581,.T.);
#239=ORIENTED_EDGE('',*,*,#586,.T.);
#240=ORIENTED_EDGE('',*,*,#587,.F.);
#241=ORIENTED_EDGE('',*,*,#588,.F.);
#242=ORIENTED_EDGE('',*,*,#584,.T.);
#243=ORIENTED_EDGE('',*,*,#589,.T.);
#244=ORIENTED_EDGE('',*,*,#590,.F.);
#245=ORIENTED_EDGE('',*,*,#591,.F.);
#246=ORIENTED_EDGE('',*,*,#587,.T.);
#247=ORIENTED_EDGE('',*,*,#592,.T.);
#248=ORIENTED_EDGE('',*,*,#593,.F.);
#249=ORIENTED_EDGE('',*,*,#594,.F.);
#250=ORIENTED_EDGE('',*,*,#590,.T.);
#251=ORIENTED_EDGE('',*,*,#595,.T.);
#252=ORIENTED_EDGE('',*,*,#596,.F.);
#253=ORIENTED_EDGE('',*,*,#597,.F.);
#254=ORIENTED_EDGE('',*,*,#593,.T.);
#255=ORIENTED_EDGE('',*,*,#598,.T.);
#256=ORIENTED_EDGE('',*,*,#599,.F.);
#257=ORIENTED_EDGE('',*,*,#600,.F.);
#258=ORIENTED_EDGE('',*,*,#596,.T.);
#259=ORIENTED_EDGE('',*,*,#601,.T.);
#260=ORIENTED_EDGE('',*,*,#602,.F.);
#261=ORIENTED_EDGE('',*,*,#603,.F.);
#262=ORIENTED_EDGE('',*,*,#599,.T.);
#263=ORIENTED_EDGE('',*,*,#604,.T.);
#264=ORIENTED_EDGE('',*,*,#605,.F.);
#265=ORIENTED_EDGE('',*,*,#606,.F.);
#266=ORIENTED_EDGE('',*,*,#602,.T.);
#267=ORIENTED_EDGE('',*,*,#607,.T.);
#268=ORIENTED_EDGE('',*,*,#608,.F.);
#269=ORIENTED_EDGE('',*,*,#609,.F.);
#270=ORIENTED_EDGE('',*,*,#605,.T.);
#271=ORIENTED_EDGE('',*,*,#610,.T.);
#272=ORIENTED_EDGE('',*,*,#611,.F.);
#273=ORIENTED_EDGE('',*,*,#612,.F.);
#274=ORIENTED_EDGE('',*,*,#608,.T.);
#275=ORIENTED_EDGE('',*,*,#613,.T.);
#276=ORIENTED_EDGE('',*,*,#614,.F.);
#277=ORIENTED_EDGE('',*,*,#615,.F.);
#278=ORIENTED_EDGE('',*,*,#611,.T.);
#279=ORIENTED_EDGE('',*,*,#616,.T.);
#280=ORIENTED_EDGE('',*,*,#617,.F.);
#281=ORIENTED_EDGE('',*,*,#618,.F.);
#282=ORIENTED_EDGE('',*,*,#614,.T.);
#283=ORIENTED_EDGE('',*,*,#619,.T.);
#284=ORIENTED_EDGE('',*,*,#620,.F.);
#285=ORIENTED_EDGE('',*,*,#621,.F.);
#286=ORIENTED_EDGE('',*,*,#617,.T.);
#287=ORIENTED_EDGE('',*,*,#622,.T.);
#288=ORIENTED_EDGE('',*,*,#623,.F.);
#289=ORIENTED_EDGE('',*,*,#624,.F.);
#290=ORIENTED_EDGE('',*,*,#620,.T.);
#291=ORIENTED_EDGE('',*,*,#625,.T.);
#292=ORIENTED_EDGE('',*,*,#626,.F.);
#293=ORIENTED_EDGE('',*,*,#627,.F.);
#294=ORIENTED_EDGE('',*,*,#623,.T.);
#295=ORIENTED_EDGE('',*,*,#628,.T.);
#296=ORIENTED_EDGE('',*,*,#629,.F.);
#297=ORIENTED_EDGE('',*,*,#630,.F.);
#298=ORIENTED_EDGE('',*,*,#626,.T.);
#299=ORIENTED_EDGE('',*,*,#631,.T.);
#300=ORIENTED_EDGE('',*,*,#632,.F.);
#301=ORIENTED_EDGE('',*,*,#633,.F.);
#302=ORIENTED_EDGE('',*,*,#629,.T.);
#303=ORIENTED_EDGE('',*,*,#634,.T.);
#304=ORIENTED_EDGE('',*,*,#635,.F.);
#305=ORIENTED_EDGE('',*,*,#636,.F.);
#306=ORIENTED_EDGE('',*,*,#632,.T.);
#307=ORIENTED_EDGE('',*,*,#637,.T.);
#308=ORIENTED_EDGE('',*,*,#638,.F.);
#309=ORIENTED_EDGE('',*,*,#639,.F.);
#310=ORIENTED_EDGE('',*,*,#635,.T.);
#311=ORIENTED_EDGE('',*,*,#640,.T.);
#312=ORIENTED_EDGE('',*,*,#641,.F.);
#313=ORIENTED_EDGE('',*,*,#642,.F.);
#314=ORIENTED_EDGE('',*,*,#638,.T.);
#315=ORIENTED_EDGE('',*,*,#643,.T.);
#316=ORIENTED_EDGE('',*,*,#644,.F.);
#317=ORIENTED_EDGE('',*,*,#645,.F.);
#318=ORIENTED_EDGE('',*,*,#641,.T.);
#319=ORIENTED_EDGE('',*,*,#646,.T.);
#320=ORIENTED_EDGE('',*,*,#647,.F.);
#321=ORIENTED_EDGE('',*,*,#648,.F.);
#322=ORIENTED_EDGE('',*,*,#644,.T.);
#323=ORIENTED_EDGE('',*,*,#649,.T.);
#324=ORIENTED_EDGE('',*,*,#650,.F.);
#325=ORIENTED_EDGE('',*,*,#651,.F.);
#326=ORIENTED_EDGE('',*,*,#647,.T.);
#327=ORIENTED_EDGE('',*,*,#652,.T.);
#328=ORIENTED_EDGE('',*,*,#653,.F.);
#329=ORIENTED_EDGE('',*,*,#654,.F.);
#330=ORIENTED_EDGE('',*,*,#650,.T.);
#331=ORIENTED_EDGE('',*,*,#655,.T.);
#332=ORIENTED_EDGE('',*,*,#656,.F.);
#333=ORIENTED_EDGE('',*,*,#657,.F.);
#334=ORIENTED_EDGE('',*,*,#653,.T.);
#335=ORIENTED_EDGE('',*,*,#658,.T.);
#336=ORIENTED_EDGE('',*,*,#659,.F.);
#337=ORIENTED_EDGE('',*,*,#660,.F.);
#338=ORIENTED_EDGE('',*,*,#656,.T.);
#339=ORIENTED_EDGE('',*,*,#661,.T.);
#340=ORIENTED_EDGE('',*,*,#662,.F.);
#341=ORIENTED_EDGE('',*,*,#663,.F.);
#342=ORIENTED_EDGE('',*,*,#659,.T.);
#343=ORIENTED_EDGE('',*,*,#664,.T.);
#344=ORIENTED_EDGE('',*,*,#665,.F.);
#345=ORIENTED_EDGE('',*,*,#666,.F.);
#346=ORIENTED_EDGE('',*,*,#662,.T.);
#347=ORIENTED_EDGE('',*,*,#667,.T.);
#348=ORIENTED_EDGE('',*,*,#668,.F.);
#349=ORIENTED_EDGE('',*,*,#669,.F.);
#350=ORIENTED_EDGE('',*,*,#665,.T.);
#351=ORIENTED_EDGE('',*,*,#670,.T.);
#352=ORIENTED_EDGE('',*,*,#671,.F.);
#353=ORIENTED_EDGE('',*,*,#672,.F.);
#354=ORIENTED_EDGE('',*,*,#668,.T.);
#355=ORIENTED_EDGE('',*,*,#673,.T.);
#356=ORIENTED_EDGE('',*,*,#674,.F.);
#357=ORIENTED_EDGE('',*,*,#675,.F.);
#358=ORIENTED_EDGE('',*,*,#671,.T.);
#359=ORIENTED_EDGE('',*,*,#676,.T.);
#360=ORIENTED_EDGE('',*,*,#677,.F.);
#361=ORIENTED_EDGE('',*,*,#678,.F.);
#362=ORIENTED_EDGE('',*,*,#674,.T.);
#363=ORIENTED_EDGE('',*,*,#679,.T.);
#364=ORIENTED_EDGE('',*,*,#680,.F.);
#365=ORIENTED_EDGE('',*,*,#681,.F.);
#366=ORIENTED_EDGE('',*,*,#677,.T.);
#367=ORIENTED_EDGE('',*,*,#682,.T.);
#368=ORIENTED_EDGE('',*,*,#683,.F.);
#369=ORIENTED_EDGE('',*,*,#684,.F.);
#370=ORIENTED_EDGE('',*,*,#680,.T.);
#371=ORIENTED_EDGE('',*,*,#685,.T.);
#372=ORIENTED_EDGE('',*,*,#686,.F.);
#373=ORIENTED_EDGE('',*,*,#687,.F.);
#374=ORIENTED_EDGE('',*,*,#683,.T.);
#375=ORIENTED_EDGE('',*,*,#688,.T.);
#376=ORIENTED_EDGE('',*,*,#689,.F.);
#377=ORIENTED_EDGE('',*,*,#690,.F.);
#378=ORIENTED_EDGE('',*,*,#686,.T.);
#379=ORIENTED_EDGE('',*,*,#691,.T.);
#380=ORIENTED_EDGE('',*,*,#692,.F.);
#381=ORIENTED_EDGE('',*,*,#693,.F.);
#382=ORIENTED_EDGE('',*,*,#689,.T.);
#383=ORIENTED_EDGE('',*,*,#694,.T.);
#384=ORIENTED_EDGE('',*,*,#695,.F.);
#385=ORIENTED_EDGE('',*,*,#696,.F.);
#386=ORIENTED_EDGE('',*,*,#692,.T.);
#387=ORIENTED_EDGE('',*,*,#697,.T.);
#388=ORIENTED_EDGE('',*,*,#698,.F.);
#389=ORIENTED_EDGE('',*,*,#699,.F.);
#390=ORIENTED_EDGE('',*,*,#695,.T.);
#391=ORIENTED_EDGE('',*,*,#700,.T.);
#392=ORIENTED_EDGE('',*,*,#701,.F.);
#393=ORIENTED_EDGE('',*,*,#702,.F.);
#394=ORIENTED_EDGE('',*,*,#698,.T.);
#395=ORIENTED_EDGE('',*,*,#703,.T.);
#396=ORIENTED_EDGE('',*,*,#704,.F.);
#397=ORIENTED_EDGE('',*,*,#705,.F.);
#398=ORIENTED_EDGE('',*,*,#701,.T.);
#399=ORIENTED_EDGE('',*,*,#706,.T.);
#400=ORIENTED_EDGE('',*,*,#707,.F.);
#401=ORIENTED_EDGE('',*,*,#708,.F.);
#402=ORIENTED_EDGE('',*,*,#704,.T.);
#403=ORIENTED_EDGE('',*,*,#709,.T.);
#404=ORIENTED_EDGE('',*,*,#710,.F.);
#405=ORIENTED_EDGE('',*,*,#711,.F.);
#406=ORIENTED_EDGE('',*,*,#707,.T.);
#407=ORIENTED_EDGE('',*,*,#712,.T.);
#408=ORIENTED_EDGE('',*,*,#713,.F.);
#409=ORIENTED_EDGE('',*,*,#714,.F.);
#410=ORIENTED_EDGE('',*,*,#710,.T.);
#411=ORIENTED_EDGE('',*,*,#715,.T.);
#412=ORIENTED_EDGE('',*,*,#716,.F.);
#413=ORIENTED_EDGE('',*,*,#717,.F.);
#414=ORIENTED_EDGE('',*,*,#713,.T.);
#415=ORIENTED_EDGE('',*,*,#718,.T.);
#416=ORIENTED_EDGE('',*,*,#719,.F.);
#417=ORIENTED_EDGE('',*,*,#720,.F.);
#418=ORIENTED_EDGE('',*,*,#716,.T.);
#419=ORIENTED_EDGE('',*,*,#721,.T.);
#420=ORIENTED_EDGE('',*,*,#546,.F.);
#421=ORIENTED_EDGE('',*,*,#722,.F.);
#422=ORIENTED_EDGE('',*,*,#719,.T.);
#423=ORIENTED_EDGE('',*,*,#545,.T.);
#424=ORIENTED_EDGE('',*,*,#549,.T.);
#425=ORIENTED_EDGE('',*,*,#552,.T.);
#426=ORIENTED_EDGE('',*,*,#555,.T.);
#427=ORIENTED_EDGE('',*,*,#558,.T.);
#428=ORIENTED_EDGE('',*,*,#561,.T.);
#429=ORIENTED_EDGE('',*,*,#564,.T.);
#430=ORIENTED_EDGE('',*,*,#567,.T.);
#431=ORIENTED_EDGE('',*,*,#570,.T.);
#432=ORIENTED_EDGE('',*,*,#573,.T.);
#433=ORIENTED_EDGE('',*,*,#576,.T.);
#434=ORIENTED_EDGE('',*,*,#579,.T.);
#435=ORIENTED_EDGE('',*,*,#582,.T.);
#436=ORIENTED_EDGE('',*,*,#585,.T.);
#437=ORIENTED_EDGE('',*,*,#588,.T.);
#438=ORIENTED_EDGE('',*,*,#591,.T.);
#439=ORIENTED_EDGE('',*,*,#594,.T.);
#440=ORIENTED_EDGE('',*,*,#597,.T.);
#441=ORIENTED_EDGE('',*,*,#600,.T.);
#442=ORIENTED_EDGE('',*,*,#603,.T.);
#443=ORIENTED_EDGE('',*,*,#606,.T.);
#444=ORIENTED_EDGE('',*,*,#609,.T.);
#445=ORIENTED_EDGE('',*,*,#612,.T.);
#446=ORIENTED_EDGE('',*,*,#615,.T.);
#447=ORIENTED_EDGE('',*,*,#618,.T.);
#448=ORIENTED_EDGE('',*,*,#621,.T.);
#449=ORIENTED_EDGE('',*,*,#624,.T.);
#450=ORIENTED_EDGE('',*,*,#627,.T.);
#451=ORIENTED_EDGE('',*,*,#630,.T.);
#452=ORIENTED_EDGE('',*,*,#633,.T.);
#453=ORIENTED_EDGE('',*,*,#636,.T.);
#454=ORIENTED_EDGE('',*,*,#639,.T.);
#455=ORIENTED_EDGE('',*,*,#642,.T.);
#456=ORIENTED_EDGE('',*,*,#645,.T.);
#457=ORIENTED_EDGE('',*,*,#648,.T.);
#458=ORIENTED_EDGE('',*,*,#651,.T.);
#459=ORIENTED_EDGE('',*,*,#654,.T.);
#460=ORIENTED_EDGE('',*,*,#657,.T.);
#461=ORIENTED_EDGE('',*,*,#660,.T.);
#462=ORIENTED_EDGE('',*,*,#663,.T.);
#463=ORIENTED_EDGE('',*,*,#666,.T.);
#464=ORIENTED_EDGE('',*,*,#669,.T.);
#465=ORIENTED_EDGE('',*,*,#672,.T.);
#466=ORIENTED_EDGE('',*,*,#675,.T.);
#467=ORIENTED_EDGE('',*,*,#678,.T.);
#468=ORIENTED_EDGE('',*,*,#681,.T.);
#469=ORIENTED_EDGE('',*,*,#684,.T.);
#470=ORIENTED_EDGE('',*,*,#687,.T.);
#471=ORIENTED_EDGE('',*,*,#690,.T.);
#472=ORIENTED_EDGE('',*,*,#693,.T.);
#473=ORIENTED_EDGE('',*,*,#696,.T.);
#474=ORIENTED_EDGE('',*,*,#699,.T.);
#475=ORIENTED_EDGE('',*,*,#702,.T.);
#476=ORIENTED_EDGE('',*,*,#705,.T.);
#477=ORIENTED_EDGE('',*,*,#708,.T.);
#478=ORIENTED_EDGE('',*,*,#711,.T.);
#479=ORIENTED_EDGE('',*,*,#714,.T.);
#480=ORIENTED_EDGE('',*,*,#717,.T.);
#481=ORIENTED_EDGE('',*,*,#720,.T.);
#482=ORIENTED_EDGE('',*,*,#722,.T.);
#483=ORIENTED_EDGE('',*,*,#543,.F.);
#484=ORIENTED_EDGE('',*,*,#721,.F.);
#485=ORIENTED_EDGE('',*,*,#718,.F.);
#486=ORIENTED_EDGE('',*,*,#715,.F.);
#487=ORIENTED_EDGE('',*,*,#712,.F.);
#488=ORIENTED_EDGE('',*,*,#709,.F.);
#489=ORIENTED_EDGE('',*,*,#706,.F.);
#490=ORIENTED_EDGE('',*,*,#703,.F.);
#491=ORIENTED_EDGE('',*,*,#700,.F.);
#492=ORIENTED_EDGE('',*,*,#697,.F.);
#493=ORIENTED_EDGE('',*,*,#694,.F.);
#494=ORIENTED_EDGE('',*,*,#691,.F.);
#495=ORIENTED_EDGE('',*,*,#688,.F.);
#496=ORIENTED_EDGE('',*,*,#685,.F.);
#497=ORIENTED_EDGE('',*,*,#682,.F.);
#498=ORIENTED_EDGE('',*,*,#679,.F.);
#499=ORIENTED_EDGE('',*,*,#676,.F.);
#500=ORIENTED_EDGE('',*,*,#673,.F.);
#501=ORIENTED_EDGE('',*,*,#670,.F.);
#502=ORIENTED_EDGE('',*,*,#667,.F.);
#503=ORIENTED_EDGE('',*,*,#664,.F.);
#504=ORIENTED_EDGE('',*,*,#661,.F.);
#505=ORIENTED_EDGE('',*,*,#658,.F.);
#506=ORIENTED_EDGE('',*,*,#655,.F.);
#507=ORIENTED_EDGE('',*,*,#652,.F.);
#508=ORIENTED_EDGE('',*,*,#649,.F.);
#509=ORIENTED_EDGE('',*,*,#646,.F.);
#510=ORIENTED_EDGE('',*,*,#643,.F.);
#511=ORIENTED_EDGE('',*,*,#640,.F.);
#512=ORIENTED_EDGE('',*,*,#637,.F.);
#513=ORIENTED_EDGE('',*,*,#634,.F.);
#514=ORIENTED_EDGE('',*,*,#631,.F.);
#515=ORIENTED_EDGE('',*,*,#628,.F.);
#516=ORIENTED_EDGE('',*,*,#625,.F.);
#517=ORIENTED_EDGE('',*,*,#622,.F.);
#518=ORIENTED_EDGE('',*,*,#619,.F.);
#519=ORIENTED_EDGE('',*,*,#616,.F.);
#520=ORIENTED_EDGE('',*,*,#613,.F.);
#521=ORIENTED_EDGE('',*,*,#610,.F.);
#522=ORIENTED_EDGE('',*,*,#607,.F.);
#523=ORIENTED_EDGE('',*,*,#604,.F.);
#524=ORIENTED_EDGE('',*,*,#601,.F.);
#525=ORIENTED_EDGE('',*,*,#598,.F.);
#526=ORIENTED_EDGE('',*,*,#595,.F.);
#527=ORIENTED_EDGE('',*,*,#592,.F.);
#528=ORIENTED_EDGE('',*,*,#589,.F.);
#529=ORIENTED_EDGE('',*,*,#586,.F.);
#530=ORIENTED_EDGE('',*,*,#583,.F.);
#531=ORIENTED_EDGE('',*,*,#580,.F.);
#532=ORIENTED_EDGE('',*,*,#577,.F.);
#533=ORIENTED_EDGE('',*,*,#574,.F.);
#534=ORIENTED_EDGE('',*,*,#571,.F.);
#535=ORIENTED_EDGE('',*,*,#568,.F.);
#536=ORIENTED_EDGE('',*,*,#565,.F.);
#537=ORIENTED_EDGE('',*,*,#562,.F.);
#538=ORIENTED_EDGE('',*,*,#559,.F.);
#539=ORIENTED_EDGE('',*,*,#556,.F.);
#540=ORIENTED_EDGE('',*,*,#553,.F.);
#541=ORIENTED_EDGE('',*,*,#550,.F.);
#542=ORIENTED_EDGE('',*,*,#547,.F.);
#543=EDGE_CURVE('',#723,#724,#843,.T.);
#544=EDGE_CURVE('',#725,#724,#844,.T.);
#545=EDGE_CURVE('',#726,#725,#845,.T.);
#546=EDGE_CURVE('',#726,#723,#846,.T.);
#547=EDGE_CURVE('',#724,#727,#12,.T.);
#548=EDGE_CURVE('',#728,#727,#847,.T.);
#549=EDGE_CURVE('',#725,#728,#13,.T.);
#550=EDGE_CURVE('',#727,#729,#14,.T.);
#551=EDGE_CURVE('',#730,#729,#848,.T.);
#552=EDGE_CURVE('',#728,#730,#15,.T.);
#553=EDGE_CURVE('',#729,#731,#16,.T.);
#554=EDGE_CURVE('',#732,#731,#849,.T.);
#555=EDGE_CURVE('',#730,#732,#17,.T.);
#556=EDGE_CURVE('',#731,#733,#18,.T.);
#557=EDGE_CURVE('',#734,#733,#850,.T.);
#558=EDGE_CURVE('',#732,#734,#19,.T.);
#559=EDGE_CURVE('',#733,#735,#20,.T.);
#560=EDGE_CURVE('',#736,#735,#851,.T.);
#561=EDGE_CURVE('',#734,#736,#21,.T.);
#562=EDGE_CURVE('',#735,#737,#22,.T.);
#563=EDGE_CURVE('',#738,#737,#852,.T.);
#564=EDGE_CURVE('',#736,#738,#23,.T.);
#565=EDGE_CURVE('',#737,#739,#24,.T.);
#566=EDGE_CURVE('',#740,#739,#853,.T.);
#567=EDGE_CURVE('',#738,#740,#25,.T.);
#568=EDGE_CURVE('',#739,#741,#26,.T.);
#569=EDGE_CURVE('',#742,#741,#854,.T.);
#570=EDGE_CURVE('',#740,#742,#27,.T.);
#571=EDGE_CURVE('',#741,#743,#28,.T.);
#572=EDGE_CURVE('',#744,#743,#855,.T.);
#573=EDGE_CURVE('',#742,#744,#29,.T.);
#574=EDGE_CURVE('',#743,#745,#30,.T.);
#575=EDGE_CURVE('',#746,#745,#856,.T.);
#576=EDGE_CURVE('',#744,#746,#31,.T.);
#577=EDGE_CURVE('',#745,#747,#32,.T.);
#578=EDGE_CURVE('',#748,#747,#857,.T.);
#579=EDGE_CURVE('',#746,#748,#33,.T.);
#580=EDGE_CURVE('',#747,#749,#34,.T.);
#581=EDGE_CURVE('',#750,#749,#858,.T.);
#582=EDGE_CURVE('',#748,#750,#35,.T.);
#583=EDGE_CURVE('',#749,#751,#36,.T.);
#584=EDGE_CURVE('',#752,#751,#859,.T.);
#585=EDGE_CURVE('',#750,#752,#37,.T.);
#586=EDGE_CURVE('',#751,#753,#38,.T.);
#587=EDGE_CURVE('',#754,#753,#860,.T.);
#588=EDGE_CURVE('',#752,#754,#39,.T.);
#589=EDGE_CURVE('',#753,#755,#40,.T.);
#590=EDGE_CURVE('',#756,#755,#861,.T.);
#591=EDGE_CURVE('',#754,#756,#41,.T.);
#592=EDGE_CURVE('',#755,#757,#42,.T.);
#593=EDGE_CURVE('',#758,#757,#862,.T.);
#594=EDGE_CURVE('',#756,#758,#43,.T.);
#595=EDGE_CURVE('',#757,#759,#44,.T.);
#596=EDGE_CURVE('',#760,#759,#863,.T.);
#597=EDGE_CURVE('',#758,#760,#45,.T.);
#598=EDGE_CURVE('',#759,#761,#46,.T.);
#599=EDGE_CURVE('',#762,#761,#864,.T.);
#600=EDGE_CURVE('',#760,#762,#47,.T.);
#601=EDGE_CURVE('',#761,#763,#48,.T.);
#602=EDGE_CURVE('',#764,#763,#865,.T.);
#603=EDGE_CURVE('',#762,#764,#49,.T.);
#604=EDGE_CURVE('',#763,#765,#50,.T.);
#605=EDGE_CURVE('',#766,#765,#866,.T.);
#606=EDGE_CURVE('',#764,#766,#51,.T.);
#607=EDGE_CURVE('',#765,#767,#52,.T.);
#608=EDGE_CURVE('',#768,#767,#867,.T.);
#609=EDGE_CURVE('',#766,#768,#53,.T.);
#610=EDGE_CURVE('',#767,#769,#54,.T.);
#611=EDGE_CURVE('',#770,#769,#868,.T.);
#612=EDGE_CURVE('',#768,#770,#55,.T.);
#613=EDGE_CURVE('',#769,#771,#56,.T.);
#614=EDGE_CURVE('',#772,#771,#869,.T.);
#615=EDGE_CURVE('',#770,#772,#57,.T.);
#616=EDGE_CURVE('',#771,#773,#870,.T.);
#617=EDGE_CURVE('',#774,#773,#871,.T.);
#618=EDGE_CURVE('',#772,#774,#872,.T.);
#619=EDGE_CURVE('',#773,#775,#58,.T.);
#620=EDGE_CURVE('',#776,#775,#873,.T.);
#621=EDGE_CURVE('',#774,#776,#59,.T.);
#622=EDGE_CURVE('',#775,#777,#60,.T.);
#623=EDGE_CURVE('',#778,#777,#874,.T.);
#624=EDGE_CURVE('',#776,#778,#61,.T.);
#625=EDGE_CURVE('',#777,#779,#62,.T.);
#626=EDGE_CURVE('',#780,#779,#875,.T.);
#627=EDGE_CURVE('',#778,#780,#63,.T.);
#628=EDGE_CURVE('',#779,#781,#64,.T.);
#629=EDGE_CURVE('',#782,#781,#876,.T.);
#630=EDGE_CURVE('',#780,#782,#65,.T.);
#631=EDGE_CURVE('',#781,#783,#66,.T.);
#632=EDGE_CURVE('',#784,#783,#877,.T.);
#633=EDGE_CURVE('',#782,#784,#67,.T.);
#634=EDGE_CURVE('',#783,#785,#68,.T.);
#635=EDGE_CURVE('',#786,#785,#878,.T.);
#636=EDGE_CURVE('',#784,#786,#69,.T.);
#637=EDGE_CURVE('',#785,#787,#70,.T.);
#638=EDGE_CURVE('',#788,#787,#879,.T.);
#639=EDGE_CURVE('',#786,#788,#71,.T.);
#640=EDGE_CURVE('',#787,#789,#72,.T.);
#641=EDGE_CURVE('',#790,#789,#880,.T.);
#642=EDGE_CURVE('',#788,#790,#73,.T.);
#643=EDGE_CURVE('',#789,#791,#74,.T.);
#644=EDGE_CURVE('',#792,#791,#881,.T.);
#645=EDGE_CURVE('',#790,#792,#75,.T.);
#646=EDGE_CURVE('',#791,#793,#76,.T.);
#647=EDGE_CURVE('',#794,#793,#882,.T.);
#648=EDGE_CURVE('',#792,#794,#77,.T.);
#649=EDGE_CURVE('',#793,#795,#78,.T.);
#650=EDGE_CURVE('',#796,#795,#883,.T.);
#651=EDGE_CURVE('',#794,#796,#79,.T.);
#652=EDGE_CURVE('',#795,#797,#80,.T.);
#653=EDGE_CURVE('',#798,#797,#884,.T.);
#654=EDGE_CURVE('',#796,#798,#81,.T.);
#655=EDGE_CURVE('',#797,#799,#82,.T.);
#656=EDGE_CURVE('',#800,#799,#885,.T.);
#657=EDGE_CURVE('',#798,#800,#83,.T.);
#658=EDGE_CURVE('',#799,#801,#84,.T.);
#659=EDGE_CURVE('',#802,#801,#886,.T.);
#660=EDGE_CURVE('',#800,#802,#85,.T.);
#661=EDGE_CURVE('',#801,#803,#86,.T.);
#662=EDGE_CURVE('',#804,#803,#887,.T.);
#663=EDGE_CURVE('',#802,#804,#87,.T.);
#664=EDGE_CURVE('',#803,#805,#88,.T.);
#665=EDGE_CURVE('',#806,#805,#888,.T.);
#666=EDGE_CURVE('',#804,#806,#89,.T.);
#667=EDGE_CURVE('',#805,#807,#90,.T.);
#668=EDGE_CURVE('',#808,#807,#889,.T.);
#669=EDGE_CURVE('',#806,#808,#91,.T.);
#670=EDGE_CURVE('',#807,#809,#92,.T.);
#671=EDGE_CURVE('',#810,#809,#890,.T.);
#672=EDGE_CURVE('',#808,#810,#93,.T.);
#673=EDGE_CURVE('',#809,#811,#94,.T.);
#674=EDGE_CURVE('',#812,#811,#891,.T.);
#675=EDGE_CURVE('',#810,#812,#95,.T.);
#676=EDGE_CURVE('',#811,#813,#96,.T.);
#677=EDGE_CURVE('',#814,#813,#892,.T.);
#678=EDGE_CURVE('',#812,#814,#97,.T.);
#679=EDGE_CURVE('',#813,#815,#98,.T.);
#680=EDGE_CURVE('',#816,#815,#893,.T.);
#681=EDGE_CURVE('',#814,#816,#99,.T.);
#682=EDGE_CURVE('',#815,#817,#100,.T.);
#683=EDGE_CURVE('',#818,#817,#894,.T.);
#684=EDGE_CURVE('',#816,#818,#101,.T.);
#685=EDGE_CURVE('',#817,#819,#102,.T.);
#686=EDGE_CURVE('',#820,#819,#895,.T.);
#687=EDGE_CURVE('',#818,#820,#103,.T.);
#688=EDGE_CURVE('',#819,#821,#104,.T.);
#689=EDGE_CURVE('',#822,#821,#896,.T.);
#690=EDGE_CURVE('',#820,#822,#105,.T.);
#691=EDGE_CURVE('',#821,#823,#106,.T.);
#692=EDGE_CURVE('',#824,#823,#897,.T.);
#693=EDGE_CURVE('',#822,#824,#107,.T.);
#694=EDGE_CURVE('',#823,#825,#108,.T.);
#695=EDGE_CURVE('',#826,#825,#898,.T.);
#696=EDGE_CURVE('',#824,#826,#109,.T.);
#697=EDGE_CURVE('',#825,#827,#110,.T.);
#698=EDGE_CURVE('',#828,#827,#899,.T.);
#699=EDGE_CURVE('',#826,#828,#111,.T.);
#700=EDGE_CURVE('',#827,#829,#112,.T.);
#701=EDGE_CURVE('',#830,#829,#900,.T.);
#702=EDGE_CURVE('',#828,#830,#113,.T.);
#703=EDGE_CURVE('',#829,#831,#114,.T.);
#704=EDGE_CURVE('',#832,#831,#901,.T.);
#705=EDGE_CURVE('',#830,#832,#115,.T.);
#706=EDGE_CURVE('',#831,#833,#116,.T.);
#707=EDGE_CURVE('',#834,#833,#902,.T.);
#708=EDGE_CURVE('',#832,#834,#117,.T.);
#709=EDGE_CURVE('',#833,#835,#118,.T.);
#710=EDGE_CURVE('',#836,#835,#903,.T.);
#711=EDGE_CURVE('',#834,#836,#119,.T.);
#712=EDGE_CURVE('',#835,#837,#120,.T.);
#713=EDGE_CURVE('',#838,#837,#904,.T.);
#714=EDGE_CURVE('',#836,#838,#121,.T.);
#715=EDGE_CURVE('',#837,#839,#122,.T.);
#716=EDGE_CURVE('',#840,#839,#905,.T.);
#717=EDGE_CURVE('',#838,#840,#123,.T.);
#718=EDGE_CURVE('',#839,#841,#124,.T.);
#719=EDGE_CURVE('',#842,#841,#906,.T.);
#720=EDGE_CURVE('',#840,#842,#125,.T.);
#721=EDGE_CURVE('',#841,#723,#907,.T.);
#722=EDGE_CURVE('',#842,#726,#908,.T.);
#723=VERTEX_POINT('',#1778);
#724=VERTEX_POINT('',#1779);
#725=VERTEX_POINT('',#1781);
#726=VERTEX_POINT('',#1783);
#727=VERTEX_POINT('',#1787);
#728=VERTEX_POINT('',#1789);
#729=VERTEX_POINT('',#1793);
#730=VERTEX_POINT('',#1795);
#731=VERTEX_POINT('',#1799);
#732=VERTEX_POINT('',#1801);
#733=VERTEX_POINT('',#1805);
#734=VERTEX_POINT('',#1807);
#735=VERTEX_POINT('',#1811);
#736=VERTEX_POINT('',#1813);
#737=VERTEX_POINT('',#1817);
#738=VERTEX_POINT('',#1819);
#739=VERTEX_POINT('',#1823);
#740=VERTEX_POINT('',#1825);
#741=VERTEX_POINT('',#1829);
#742=VERTEX_POINT('',#1831);
#743=VERTEX_POINT('',#1835);
#744=VERTEX_POINT('',#1837);
#745=VERTEX_POINT('',#1841);
#746=VERTEX_POINT('',#1843);
#747=VERTEX_POINT('',#1847);
#748=VERTEX_POINT('',#1849);
#749=VERTEX_POINT('',#1853);
#750=VERTEX_POINT('',#1855);
#751=VERTEX_POINT('',#1859);
#752=VERTEX_POINT('',#1861);
#753=VERTEX_POINT('',#1865);
#754=VERTEX_POINT('',#1867);
#755=VERTEX_POINT('',#1871);
#756=VERTEX_POINT('',#1873);
#757=VERTEX_POINT('',#1877);
#758=VERTEX_POINT('',#1879);
#759=VERTEX_POINT('',#1883);
#760=VERTEX_POINT('',#1885);
#761=VERTEX_POINT('',#1889);
#762=VERTEX_POINT('',#1891);
#763=VERTEX_POINT('',#1895);
#764=VERTEX_POINT('',#1897);
#765=VERTEX_POINT('',#1901);
#766=VERTEX_POINT('',#1903);
#767=VERTEX_POINT('',#1907);
#768=VERTEX_POINT('',#1909);
#769=VERTEX_POINT('',#1913);
#770=VERTEX_POINT('',#1915);
#771=VERTEX_POINT('',#1919);
#772=VERTEX_POINT('',#1921);
#773=VERTEX_POINT('',#1925);
#774=VERTEX_POINT('',#1927);
#775=VERTEX_POINT('',#1931);
#776=VERTEX_POINT('',#1933);
#777=VERTEX_POINT('',#1937);
#778=VERTEX_POINT('',#1939);
#779=VERTEX_POINT('',#1943);
#780=VERTEX_POINT('',#1945);
#781=VERTEX_POINT('',#1949);
#782=VERTEX_POINT('',#1951);
#783=VERTEX_POINT('',#1955);
#784=VERTEX_POINT('',#1957);
#785=VERTEX_POINT('',#1961);
#786=VERTEX_POINT('',#1963);
#787=VERTEX_POINT('',#1967);
#788=VERTEX_POINT('',#1969);
#789=VERTEX_POINT('',#1973);
#790=VERTEX_POINT('',#1975);
#791=VERTEX_POINT('',#1979);
#792=VERTEX_POINT('',#1981);
#793=VERTEX_POINT('',#1985);
#794=VERTEX_POINT('',#1987);
#795=VERTEX_POINT('',#1991);
#796=VERTEX_POINT('',#1993);
#797=VERTEX_POINT('',#1997);
#798=VERTEX_POINT('',#1999);
#799=VERTEX_POINT('',#2003);
#800=VERTEX_POINT('',#2005);
#801=VERTEX_POINT('',#2009);
#802=VERTEX_POINT('',#2011);
#803=VERTEX_POINT('',#2015);
#804=VERTEX_POINT('',#2017);
#805=VERTEX_POINT('',#2021);
#806=VERTEX_POINT('',#2023);
#807=VERTEX_POINT('',#2027);
#808=VERTEX_POINT('',#2029);
#809=VERTEX_POINT('',#2033);
#810=VERTEX_POINT('',#2035);
#811=VERTEX_POINT('',#2039);
#812=VERTEX_POINT('',#2041);
#813=VERTEX_POINT('',#2045);
#814=VERTEX_POINT('',#2047);
#815=VERTEX_POINT('',#2051);
#816=VERTEX_POINT('',#2053);
#817=VERTEX_POINT('',#2057);
#818=VERTEX_POINT('',#2059);
#819=VERTEX_POINT('',#2063);
#820=VERTEX_POINT('',#2065);
#821=VERTEX_POINT('',#2069);
#822=VERTEX_POINT('',#2071);
#823=VERTEX_POINT('',#2075);
#824=VERTEX_POINT('',#2077);
#825=VERTEX_POINT('',#2081);
#826=VERTEX_POINT('',#2083);
#827=VERTEX_POINT('',#2087);
#828=VERTEX_POINT('',#2089);
#829=VERTEX_POINT('',#2093);
#830=VERTEX_POINT('',#2095);
#831=VERTEX_POINT('',#2099);
#832=VERTEX_POINT('',#2101);
#833=VERTEX_POINT('',#2105);
#834=VERTEX_POINT('',#2107);
#835=VERTEX_POINT('',#2111);
#836=VERTEX_POINT('',#2113);
#837=VERTEX_POINT('',#2117);
#838=VERTEX_POINT('',#2119);
#839=VERTEX_POINT('',#2123);
#840=VERTEX_POINT('',#2125);
#841=VERTEX_POINT('',#2129);
#842=VERTEX_POINT('',#2131);
#843=LINE('',#1777,#909);
#844=LINE('',#1780,#910);
#845=LINE('',#1782,#911);
#846=LINE('',#1784,#912);
#847=LINE('',#1788,#913);
#848=LINE('',#1794,#914);
#849=LINE('',#1800,#915);
#850=LINE('',#1806,#916);
#851=LINE('',#1812,#917);
#852=LINE('',#1818,#918);
#853=LINE('',#1824,#919);
#854=LINE('',#1830,#920);
#855=LINE('',#1836,#921);
#856=LINE('',#1842,#922);
#857=LINE('',#1848,#923);
#858=LINE('',#1854,#924);
#859=LINE('',#1860,#925);
#860=LINE('',#1866,#926);
#861=LINE('',#1872,#927);
#862=LINE('',#1878,#928);
#863=LINE('',#1884,#929);
#864=LINE('',#1890,#930);
#865=LINE('',#1896,#931);
#866=LINE('',#1902,#932);
#867=LINE('',#1908,#933);
#868=LINE('',#1914,#934);
#869=LINE('',#1920,#935);
#870=LINE('',#1924,#936);
#871=LINE('',#1926,#937);
#872=LINE('',#1928,#938);
#873=LINE('',#1932,#939);
#874=LINE('',#1938,#940);
#875=LINE('',#1944,#941);
#876=LINE('',#1950,#942);
#877=LINE('',#1956,#943);
#878=LINE('',#1962,#944);
#879=LINE('',#1968,#945);
#880=LINE('',#1974,#946);
#881=LINE('',#1980,#947);
#882=LINE('',#1986,#948);
#883=LINE('',#1992,#949);
#884=LINE('',#1998,#950);
#885=LINE('',#2004,#951);
#886=LINE('',#2010,#952);
#887=LINE('',#2016,#953);
#888=LINE('',#2022,#954);
#889=LINE('',#2028,#955);
#890=LINE('',#2034,#956);
#891=LINE('',#2040,#957);
#892=LINE('',#2046,#958);
#893=LINE('',#2052,#959);
#894=LINE('',#2058,#960);
#895=LINE('',#2064,#961);
#896=LINE('',#2070,#962);
#897=LINE('',#2076,#963);
#898=LINE('',#2082,#964);
#899=LINE('',#2088,#965);
#900=LINE('',#2094,#966);
#901=LINE('',#2100,#967);
#902=LINE('',#2106,#968);
#903=LINE('',#2112,#969);
#904=LINE('',#2118,#970);
#905=LINE('',#2124,#971);
#906=LINE('',#2130,#972);
#907=LINE('',#2134,#973);
#908=LINE('',#2135,#974);
#909=VECTOR('',#1359,1.);
#910=VECTOR('',#1360,1.);
#911=VECTOR('',#1361,1.);
#912=VECTOR('',#1362,1.);
#913=VECTOR('',#1367,1.);
#914=VECTOR('',#1374,1.);
#915=VECTOR('',#1381,1.);
#916=VECTOR('',#1388,1.);
#917=VECTOR('',#1395,1.);
#918=VECTOR('',#1402,1.);
#919=VECTOR('',#1409,1.);
#920=VECTOR('',#1416,1.);
#921=VECTOR('',#1423,1.);
#922=VECTOR('',#1430,1.);
#923=VECTOR('',#1437,1.);
#924=VECTOR('',#1444,1.);
#925=VECTOR('',#1451,1.);
#926=VECTOR('',#1458,1.);
#927=VECTOR('',#1465,1.);
#928=VECTOR('',#1472,1.);
#929=VECTOR('',#1479,1.);
#930=VECTOR('',#1486,1.);
#931=VECTOR('',#1493,1.);
#932=VECTOR('',#1500,1.);
#933=VECTOR('',#1507,1.);
#934=VECTOR('',#1514,1.);
#935=VECTOR('',#1521,1.);
#936=VECTOR('',#1526,1.);
#937=VECTOR('',#1527,1.);
#938=VECTOR('',#1528,1.);
#939=VECTOR('',#1533,1.);
#940=VECTOR('',#1540,1.);
#941=VECTOR('',#1547,1.);
#942=VECTOR('',#1554,1.);
#943=VECTOR('',#1561,1.);
#944=VECTOR('',#1568,1.);
#945=VECTOR('',#1575,1.);
#946=VECTOR('',#1582,1.);
#947=VECTOR('',#1589,1.);
#948=VECTOR('',#1596,1.);
#949=VECTOR('',#1603,1.);
#950=VECTOR('',#1610,1.);
#951=VECTOR('',#1617,1.);
#952=VECTOR('',#1624,1.);
#953=VECTOR('',#1631,1.);
#954=VECTOR('',#1638,1.);
#955=VECTOR('',#1645,1.);
#956=VECTOR('',#1652,1.);
#957=VECTOR('',#1659,1.);
#958=VECTOR('',#1666,1.);
#959=VECTOR('',#1673,1.);
#960=VECTOR('',#1680,1.);
#961=VECTOR('',#1687,1.);
#962=VECTOR('',#1694,1.);
#963=VECTOR('',#1701,1.);
#964=VECTOR('',#1708,1.);
#965=VECTOR('',#1715,1.);
#966=VECTOR('',#1722,1.);
#967=VECTOR('',#1729,1.);
#968=VECTOR('',#1736,1.);
#969=VECTOR('',#1743,1.);
#970=VECTOR('',#1750,1.);
#971=VECTOR('',#1757,1.);
#972=VECTOR('',#1764,1.);
#973=VECTOR('',#1769,1.);
#974=VECTOR('',#1770,1.);
#975=EDGE_LOOP('',(#183,#184,#185,#186));
#976=EDGE_LOOP('',(#187,#188,#189,#190));
#977=EDGE_LOOP('',(#191,#192,#193,#194));
#978=EDGE_LOOP('',(#195,#196,#197,#198));
#979=EDGE_LOOP('',(#199,#200,#201,#202));
#980=EDGE_LOOP('',(#203,#204,#205,#206));
#981=EDGE_LOOP('',(#207,#208,#209,#210));
#982=EDGE_LOOP('',(#211,#212,#213,#214));
#983=EDGE_LOOP('',(#215,#216,#217,#218));
#984=EDGE_LOOP('',(#219,#220,#221,#222));
#985=EDGE_LOOP('',(#223,#224,#225,#226));
#986=EDGE_LOOP('',(#227,#228,#229,#230));
#987=EDGE_LOOP('',(#231,#232,#233,#234));
#988=EDGE_LOOP('',(#235,#236,#237,#238));
#989=EDGE_LOOP('',(#239,#240,#241,#242));
#990=EDGE_LOOP('',(#243,#244,#245,#246));
#991=EDGE_LOOP('',(#247,#248,#249,#250));
#992=EDGE_LOOP('',(#251,#252,#253,#254));
#993=EDGE_LOOP('',(#255,#256,#257,#258));
#994=EDGE_LOOP('',(#259,#260,#261,#262));
#995=EDGE_LOOP('',(#263,#264,#265,#266));
#996=EDGE_LOOP('',(#267,#268,#269,#270));
#997=EDGE_LOOP('',(#271,#272,#273,#274));
#998=EDGE_LOOP('',(#275,#276,#277,#278));
#999=EDGE_LOOP('',(#279,#280,#281,#282));
#1000=EDGE_LOOP('',(#283,#284,#285,#286));
#1001=EDGE_LOOP('',(#287,#288,#289,#290));
#1002=EDGE_LOOP('',(#291,#292,#293,#294));
#1003=EDGE_LOOP('',(#295,#296,#297,#298));
#1004=EDGE_LOOP('',(#299,#300,#301,#302));
#1005=EDGE_LOOP('',(#303,#304,#305,#306));
#1006=EDGE_LOOP('',(#307,#308,#309,#310));
#1007=EDGE_LOOP('',(#311,#312,#313,#314));
#1008=EDGE_LOOP('',(#315,#316,#317,#318));
#1009=EDGE_LOOP('',(#319,#320,#321,#322));
#1010=EDGE_LOOP('',(#323,#324,#325,#326));
#1011=EDGE_LOOP('',(#327,#328,#329,#330));
#1012=EDGE_LOOP('',(#331,#332,#333,#334));
#1013=EDGE_LOOP('',(#335,#336,#337,#338));
#1014=EDGE_LOOP('',(#339,#340,#341,#342));
#1015=EDGE_LOOP('',(#343,#344,#345,#346));
#1016=EDGE_LOOP('',(#347,#348,#349,#350));
#1017=EDGE_LOOP('',(#351,#352,#353,#354));
#1018=EDGE_LOOP('',(#355,#356,#357,#358));
#1019=EDGE_LOOP('',(#359,#360,#361,#362));
#1020=EDGE_LOOP('',(#363,#364,#365,#366));
#1021=EDGE_LOOP('',(#367,#368,#369,#370));
#1022=EDGE_LOOP('',(#371,#372,#373,#374));
#1023=EDGE_LOOP('',(#375,#376,#377,#378));
#1024=EDGE_LOOP('',(#379,#380,#381,#382));
#1025=EDGE_LOOP('',(#383,#384,#385,#386));
#1026=EDGE_LOOP('',(#387,#388,#389,#390));
#1027=EDGE_LOOP('',(#391,#392,#393,#394));
#1028=EDGE_LOOP('',(#395,#396,#397,#398));
#1029=EDGE_LOOP('',(#399,#400,#401,#402));
#1030=EDGE_LOOP('',(#403,#404,#405,#406));
#1031=EDGE_LOOP('',(#407,#408,#409,#410));
#1032=EDGE_LOOP('',(#411,#412,#413,#414));
#1033=EDGE_LOOP('',(#415,#416,#417,#418));
#1034=EDGE_LOOP('',(#419,#420,#421,#422));
#1035=EDGE_LOOP('',(#423,#424,#425,#426,#427,#428,#429,#430,#431,#432,#433,
#434,#435,#436,#437,#438,#439,#440,#441,#442,#443,#444,#445,#446,#447,#448,
#449,#450,#451,#452,#453,#454,#455,#456,#457,#458,#459,#460,#461,#462,#463,
#464,#465,#466,#467,#468,#469,#470,#471,#472,#473,#474,#475,#476,#477,#478,
#479,#480,#481,#482));
#1036=EDGE_LOOP('',(#483,#484,#485,#486,#487,#488,#489,#490,#491,#492,#493,
#494,#495,#496,#497,#498,#499,#500,#501,#502,#503,#504,#505,#506,#507,#508,
#509,#510,#511,#512,#513,#514,#515,#516,#517,#518,#519,#520,#521,#522,#523,
#524,#525,#526,#527,#528,#529,#530,#531,#532,#533,#534,#535,#536,#537,#538,
#539,#540,#541,#542));
#1037=FACE_BOUND('',#975,.T.);
#1038=FACE_BOUND('',#976,.T.);
#1039=FACE_BOUND('',#977,.T.);
#1040=FACE_BOUND('',#978,.T.);
#1041=FACE_BOUND('',#979,.T.);
#1042=FACE_BOUND('',#980,.T.);
#1043=FACE_BOUND('',#981,.T.);
#1044=FACE_BOUND('',#982,.T.);
#1045=FACE_BOUND('',#983,.T.);
#1046=FACE_BOUND('',#984,.T.);
#1047=FACE_BOUND('',#985,.T.);
#1048=FACE_BOUND('',#986,.T.);
#1049=FACE_BOUND('',#987,.T.);
#1050=FACE_BOUND('',#988,.T.);
#1051=FACE_BOUND('',#989,.T.);
#1052=FACE_BOUND('',#990,.T.);
#1053=FACE_BOUND('',#991,.T.);
#1054=FACE_BOUND('',#992,.T.);
#1055=FACE_BOUND('',#993,.T.);
#1056=FACE_BOUND('',#994,.T.);
#1057=FACE_BOUND('',#995,.T.);
#1058=FACE_BOUND('',#996,.T.);
#1059=FACE_BOUND('',#997,.T.);
#1060=FACE_BOUND('',#998,.T.);
#1061=FACE_BOUND('',#999,.T.);
#1062=FACE_BOUND('',#1000,.T.);
#1063=FACE_BOUND('',#1001,.T.);
#1064=FACE_BOUND('',#1002,.T.);
#1065=FACE_BOUND('',#1003,.T.);
#1066=FACE_BOUND('',#1004,.T.);
#1067=FACE_BOUND('',#1005,.T.);
#1068=FACE_BOUND('',#1006,.T.);
#1069=FACE_BOUND('',#1007,.T.);
#1070=FACE_BOUND('',#1008,.T.);
#1071=FACE_BOUND('',#1009,.T.);
#1072=FACE_BOUND('',#1010,.T.);
#1073=FACE_BOUND('',#1011,.T.);
#1074=FACE_BOUND('',#1012,.T.);
#1075=FACE_BOUND('',#1013,.T.);
#1076=FACE_BOUND('',#1014,.T.);
#1077=FACE_BOUND('',#1015,.T.);
#1078=FACE_BOUND('',#1016,.T.);
#1079=FACE_BOUND('',#1017,.T.);
#1080=FACE_BOUND('',#1018,.T.);
#1081=FACE_BOUND('',#1019,.T.);
#1082=FACE_BOUND('',#1020,.T.);
#1083=FACE_BOUND('',#1021,.T.);
#1084=FACE_BOUND('',#1022,.T.);
#1085=FACE_BOUND('',#1023,.T.);
#1086=FACE_BOUND('',#1024,.T.);
#1087=FACE_BOUND('',#1025,.T.);
#1088=FACE_BOUND('',#1026,.T.);
#1089=FACE_BOUND('',#1027,.T.);
#1090=FACE_BOUND('',#1028,.T.);
#1091=FACE_BOUND('',#1029,.T.);
#1092=FACE_BOUND('',#1030,.T.);
#1093=FACE_BOUND('',#1031,.T.);
#1094=FACE_BOUND('',#1032,.T.);
#1095=FACE_BOUND('',#1033,.T.);
#1096=FACE_BOUND('',#1034,.T.);
#1097=FACE_BOUND('',#1035,.T.);
#1098=FACE_BOUND('',#1036,.T.);
#1099=PLANE('',#1179);
#1100=PLANE('',#1249);
#1101=PLANE('',#1352);
#1102=PLANE('',#1353);
#1103=PLANE('',#1354);
#1104=ADVANCED_FACE('',(#1037),#1099,.F.);
#1105=ADVANCED_FACE('',(#1038),#126,.F.);
#1106=ADVANCED_FACE('',(#1039),#127,.T.);
#1107=ADVANCED_FACE('',(#1040),#128,.T.);
#1108=ADVANCED_FACE('',(#1041),#129,.T.);
#1109=ADVANCED_FACE('',(#1042),#130,.T.);
#1110=ADVANCED_FACE('',(#1043),#131,.T.);
#1111=ADVANCED_FACE('',(#1044),#132,.T.);
#1112=ADVANCED_FACE('',(#1045),#133,.T.);
#1113=ADVANCED_FACE('',(#1046),#134,.T.);
#1114=ADVANCED_FACE('',(#1047),#135,.T.);
#1115=ADVANCED_FACE('',(#1048),#136,.T.);
#1116=ADVANCED_FACE('',(#1049),#137,.T.);
#1117=ADVANCED_FACE('',(#1050),#138,.T.);
#1118=ADVANCED_FACE('',(#1051),#139,.T.);
#1119=ADVANCED_FACE('',(#1052),#140,.T.);
#1120=ADVANCED_FACE('',(#1053),#141,.T.);
#1121=ADVANCED_FACE('',(#1054),#142,.T.);
#1122=ADVANCED_FACE('',(#1055),#143,.F.);
#1123=ADVANCED_FACE('',(#1056),#144,.F.);
#1124=ADVANCED_FACE('',(#1057),#145,.F.);
#1125=ADVANCED_FACE('',(#1058),#146,.F.);
#1126=ADVANCED_FACE('',(#1059),#147,.T.);
#1127=ADVANCED_FACE('',(#1060),#148,.T.);
#1128=ADVANCED_FACE('',(#1061),#1100,.F.);
#1129=ADVANCED_FACE('',(#1062),#149,.F.);
#1130=ADVANCED_FACE('',(#1063),#150,.T.);
#1131=ADVANCED_FACE('',(#1064),#151,.T.);
#1132=ADVANCED_FACE('',(#1065),#152,.T.);
#1133=ADVANCED_FACE('',(#1066),#153,.F.);
#1134=ADVANCED_FACE('',(#1067),#154,.F.);
#1135=ADVANCED_FACE('',(#1068),#155,.F.);
#1136=ADVANCED_FACE('',(#1069),#156,.F.);
#1137=ADVANCED_FACE('',(#1070),#157,.T.);
#1138=ADVANCED_FACE('',(#1071),#158,.T.);
#1139=ADVANCED_FACE('',(#1072),#159,.T.);
#1140=ADVANCED_FACE('',(#1073),#160,.T.);
#1141=ADVANCED_FACE('',(#1074),#161,.F.);
#1142=ADVANCED_FACE('',(#1075),#162,.F.);
#1143=ADVANCED_FACE('',(#1076),#163,.F.);
#1144=ADVANCED_FACE('',(#1077),#164,.F.);
#1145=ADVANCED_FACE('',(#1078),#165,.T.);
#1146=ADVANCED_FACE('',(#1079),#166,.T.);
#1147=ADVANCED_FACE('',(#1080),#167,.T.);
#1148=ADVANCED_FACE('',(#1081),#168,.F.);
#1149=ADVANCED_FACE('',(#1082),#169,.F.);
#1150=ADVANCED_FACE('',(#1083),#170,.F.);
#1151=ADVANCED_FACE('',(#1084),#171,.F.);
#1152=ADVANCED_FACE('',(#1085),#172,.F.);
#1153=ADVANCED_FACE('',(#1086),#173,.F.);
#1154=ADVANCED_FACE('',(#1087),#174,.F.);
#1155=ADVANCED_FACE('',(#1088),#175,.F.);
#1156=ADVANCED_FACE('',(#1089),#176,.T.);
#1157=ADVANCED_FACE('',(#1090),#177,.T.);
#1158=ADVANCED_FACE('',(#1091),#178,.T.);
#1159=ADVANCED_FACE('',(#1092),#179,.T.);
#1160=ADVANCED_FACE('',(#1093),#180,.F.);
#1161=ADVANCED_FACE('',(#1094),#181,.F.);
#1162=ADVANCED_FACE('',(#1095),#182,.F.);
#1163=ADVANCED_FACE('',(#1096),#1101,.F.);
#1164=ADVANCED_FACE('',(#1097),#1102,.T.);
#1165=ADVANCED_FACE('',(#1098),#1103,.F.);
#1166=CLOSED_SHELL('',(#1104,#1105,#1106,#1107,#1108,#1109,#1110,#1111,
#1112,#1113,#1114,#1115,#1116,#1117,#1118,#1119,#1120,#1121,#1122,#1123,
#1124,#1125,#1126,#1127,#1128,#1129,#1130,#1131,#1132,#1133,#1134,#1135,
#1136,#1137,#1138,#1139,#1140,#1141,#1142,#1143,#1144,#1145,#1146,#1147,
#1148,#1149,#1150,#1151,#1152,#1153,#1154,#1155,#1156,#1157,#1158,#1159,
#1160,#1161,#1162,#1163,#1164,#1165));
#1167=STYLED_ITEM('',(#1168),#1175);
#1168=PRESENTATION_STYLE_ASSIGNMENT((#1169));
#1169=SURFACE_STYLE_USAGE(.BOTH.,#1170);
#1170=SURFACE_SIDE_STYLE('',(#1171));
#1171=SURFACE_STYLE_FILL_AREA(#1172);
#1172=FILL_AREA_STYLE('',(#1173));
#1173=FILL_AREA_STYLE_COLOUR('',#1174);
#1174=COLOUR_RGB('',0.682352941176471,0.333333333333334,0.737254901960784);
#1175=MANIFOLD_SOLID_BREP('ForgeO1',#1166);
#1176=SHAPE_DEFINITION_REPRESENTATION(#2144,#1177);
#1177=SHAPE_REPRESENTATION('ForgeO1',(#1178),#2139);
#1178=AXIS2_PLACEMENT_3D('',#1775,#1355,#1356);
#1179=AXIS2_PLACEMENT_3D('',#1776,#1357,#1358);
#1180=AXIS2_PLACEMENT_3D('',#1785,#1363,#1364);
#1181=AXIS2_PLACEMENT_3D('',#1786,#1365,#1366);
#1182=AXIS2_PLACEMENT_3D('',#1790,#1368,#1369);
#1183=AXIS2_PLACEMENT_3D('',#1791,#1370,#1371);
#1184=AXIS2_PLACEMENT_3D('',#1792,#1372,#1373);
#1185=AXIS2_PLACEMENT_3D('',#1796,#1375,#1376);
#1186=AXIS2_PLACEMENT_3D('',#1797,#1377,#1378);
#1187=AXIS2_PLACEMENT_3D('',#1798,#1379,#1380);
#1188=AXIS2_PLACEMENT_3D('',#1802,#1382,#1383);
#1189=AXIS2_PLACEMENT_3D('',#1803,#1384,#1385);
#1190=AXIS2_PLACEMENT_3D('',#1804,#1386,#1387);
#1191=AXIS2_PLACEMENT_3D('',#1808,#1389,#1390);
#1192=AXIS2_PLACEMENT_3D('',#1809,#1391,#1392);
#1193=AXIS2_PLACEMENT_3D('',#1810,#1393,#1394);
#1194=AXIS2_PLACEMENT_3D('',#1814,#1396,#1397);
#1195=AXIS2_PLACEMENT_3D('',#1815,#1398,#1399);
#1196=AXIS2_PLACEMENT_3D('',#1816,#1400,#1401);
#1197=AXIS2_PLACEMENT_3D('',#1820,#1403,#1404);
#1198=AXIS2_PLACEMENT_3D('',#1821,#1405,#1406);
#1199=AXIS2_PLACEMENT_3D('',#1822,#1407,#1408);
#1200=AXIS2_PLACEMENT_3D('',#1826,#1410,#1411);
#1201=AXIS2_PLACEMENT_3D('',#1827,#1412,#1413);
#1202=AXIS2_PLACEMENT_3D('',#1828,#1414,#1415);
#1203=AXIS2_PLACEMENT_3D('',#1832,#1417,#1418);
#1204=AXIS2_PLACEMENT_3D('',#1833,#1419,#1420);
#1205=AXIS2_PLACEMENT_3D('',#1834,#1421,#1422);
#1206=AXIS2_PLACEMENT_3D('',#1838,#1424,#1425);
#1207=AXIS2_PLACEMENT_3D('',#1839,#1426,#1427);
#1208=AXIS2_PLACEMENT_3D('',#1840,#1428,#1429);
#1209=AXIS2_PLACEMENT_3D('',#1844,#1431,#1432);
#1210=AXIS2_PLACEMENT_3D('',#1845,#1433,#1434);
#1211=AXIS2_PLACEMENT_3D('',#1846,#1435,#1436);
#1212=AXIS2_PLACEMENT_3D('',#1850,#1438,#1439);
#1213=AXIS2_PLACEMENT_3D('',#1851,#1440,#1441);
#1214=AXIS2_PLACEMENT_3D('',#1852,#1442,#1443);
#1215=AXIS2_PLACEMENT_3D('',#1856,#1445,#1446);
#1216=AXIS2_PLACEMENT_3D('',#1857,#1447,#1448);
#1217=AXIS2_PLACEMENT_3D('',#1858,#1449,#1450);
#1218=AXIS2_PLACEMENT_3D('',#1862,#1452,#1453);
#1219=AXIS2_PLACEMENT_3D('',#1863,#1454,#1455);
#1220=AXIS2_PLACEMENT_3D('',#1864,#1456,#1457);
#1221=AXIS2_PLACEMENT_3D('',#1868,#1459,#1460);
#1222=AXIS2_PLACEMENT_3D('',#1869,#1461,#1462);
#1223=AXIS2_PLACEMENT_3D('',#1870,#1463,#1464);
#1224=AXIS2_PLACEMENT_3D('',#1874,#1466,#1467);
#1225=AXIS2_PLACEMENT_3D('',#1875,#1468,#1469);
#1226=AXIS2_PLACEMENT_3D('',#1876,#1470,#1471);
#1227=AXIS2_PLACEMENT_3D('',#1880,#1473,#1474);
#1228=AXIS2_PLACEMENT_3D('',#1881,#1475,#1476);
#1229=AXIS2_PLACEMENT_3D('',#1882,#1477,#1478);
#1230=AXIS2_PLACEMENT_3D('',#1886,#1480,#1481);
#1231=AXIS2_PLACEMENT_3D('',#1887,#1482,#1483);
#1232=AXIS2_PLACEMENT_3D('',#1888,#1484,#1485);
#1233=AXIS2_PLACEMENT_3D('',#1892,#1487,#1488);
#1234=AXIS2_PLACEMENT_3D('',#1893,#1489,#1490);
#1235=AXIS2_PLACEMENT_3D('',#1894,#1491,#1492);
#1236=AXIS2_PLACEMENT_3D('',#1898,#1494,#1495);
#1237=AXIS2_PLACEMENT_3D('',#1899,#1496,#1497);
#1238=AXIS2_PLACEMENT_3D('',#1900,#1498,#1499);
#1239=AXIS2_PLACEMENT_3D('',#1904,#1501,#1502);
#1240=AXIS2_PLACEMENT_3D('',#1905,#1503,#1504);
#1241=AXIS2_PLACEMENT_3D('',#1906,#1505,#1506);
#1242=AXIS2_PLACEMENT_3D('',#1910,#1508,#1509);
#1243=AXIS2_PLACEMENT_3D('',#1911,#1510,#1511);
#1244=AXIS2_PLACEMENT_3D('',#1912,#1512,#1513);
#1245=AXIS2_PLACEMENT_3D('',#1916,#1515,#1516);
#1246=AXIS2_PLACEMENT_3D('',#1917,#1517,#1518);
#1247=AXIS2_PLACEMENT_3D('',#1918,#1519,#1520);
#1248=AXIS2_PLACEMENT_3D('',#1922,#1522,#1523);
#1249=AXIS2_PLACEMENT_3D('',#1923,#1524,#1525);
#1250=AXIS2_PLACEMENT_3D('',#1929,#1529,#1530);
#1251=AXIS2_PLACEMENT_3D('',#1930,#1531,#1532);
#1252=AXIS2_PLACEMENT_3D('',#1934,#1534,#1535);
#1253=AXIS2_PLACEMENT_3D('',#1935,#1536,#1537);
#1254=AXIS2_PLACEMENT_3D('',#1936,#1538,#1539);
#1255=AXIS2_PLACEMENT_3D('',#1940,#1541,#1542);
#1256=AXIS2_PLACEMENT_3D('',#1941,#1543,#1544);
#1257=AXIS2_PLACEMENT_3D('',#1942,#1545,#1546);
#1258=AXIS2_PLACEMENT_3D('',#1946,#1548,#1549);
#1259=AXIS2_PLACEMENT_3D('',#1947,#1550,#1551);
#1260=AXIS2_PLACEMENT_3D('',#1948,#1552,#1553);
#1261=AXIS2_PLACEMENT_3D('',#1952,#1555,#1556);
#1262=AXIS2_PLACEMENT_3D('',#1953,#1557,#1558);
#1263=AXIS2_PLACEMENT_3D('',#1954,#1559,#1560);
#1264=AXIS2_PLACEMENT_3D('',#1958,#1562,#1563);
#1265=AXIS2_PLACEMENT_3D('',#1959,#1564,#1565);
#1266=AXIS2_PLACEMENT_3D('',#1960,#1566,#1567);
#1267=AXIS2_PLACEMENT_3D('',#1964,#1569,#1570);
#1268=AXIS2_PLACEMENT_3D('',#1965,#1571,#1572);
#1269=AXIS2_PLACEMENT_3D('',#1966,#1573,#1574);
#1270=AXIS2_PLACEMENT_3D('',#1970,#1576,#1577);
#1271=AXIS2_PLACEMENT_3D('',#1971,#1578,#1579);
#1272=AXIS2_PLACEMENT_3D('',#1972,#1580,#1581);
#1273=AXIS2_PLACEMENT_3D('',#1976,#1583,#1584);
#1274=AXIS2_PLACEMENT_3D('',#1977,#1585,#1586);
#1275=AXIS2_PLACEMENT_3D('',#1978,#1587,#1588);
#1276=AXIS2_PLACEMENT_3D('',#1982,#1590,#1591);
#1277=AXIS2_PLACEMENT_3D('',#1983,#1592,#1593);
#1278=AXIS2_PLACEMENT_3D('',#1984,#1594,#1595);
#1279=AXIS2_PLACEMENT_3D('',#1988,#1597,#1598);
#1280=AXIS2_PLACEMENT_3D('',#1989,#1599,#1600);
#1281=AXIS2_PLACEMENT_3D('',#1990,#1601,#1602);
#1282=AXIS2_PLACEMENT_3D('',#1994,#1604,#1605);
#1283=AXIS2_PLACEMENT_3D('',#1995,#1606,#1607);
#1284=AXIS2_PLACEMENT_3D('',#1996,#1608,#1609);
#1285=AXIS2_PLACEMENT_3D('',#2000,#1611,#1612);
#1286=AXIS2_PLACEMENT_3D('',#2001,#1613,#1614);
#1287=AXIS2_PLACEMENT_3D('',#2002,#1615,#1616);
#1288=AXIS2_PLACEMENT_3D('',#2006,#1618,#1619);
#1289=AXIS2_PLACEMENT_3D('',#2007,#1620,#1621);
#1290=AXIS2_PLACEMENT_3D('',#2008,#1622,#1623);
#1291=AXIS2_PLACEMENT_3D('',#2012,#1625,#1626);
#1292=AXIS2_PLACEMENT_3D('',#2013,#1627,#1628);
#1293=AXIS2_PLACEMENT_3D('',#2014,#1629,#1630);
#1294=AXIS2_PLACEMENT_3D('',#2018,#1632,#1633);
#1295=AXIS2_PLACEMENT_3D('',#2019,#1634,#1635);
#1296=AXIS2_PLACEMENT_3D('',#2020,#1636,#1637);
#1297=AXIS2_PLACEMENT_3D('',#2024,#1639,#1640);
#1298=AXIS2_PLACEMENT_3D('',#2025,#1641,#1642);
#1299=AXIS2_PLACEMENT_3D('',#2026,#1643,#1644);
#1300=AXIS2_PLACEMENT_3D('',#2030,#1646,#1647);
#1301=AXIS2_PLACEMENT_3D('',#2031,#1648,#1649);
#1302=AXIS2_PLACEMENT_3D('',#2032,#1650,#1651);
#1303=AXIS2_PLACEMENT_3D('',#2036,#1653,#1654);
#1304=AXIS2_PLACEMENT_3D('',#2037,#1655,#1656);
#1305=AXIS2_PLACEMENT_3D('',#2038,#1657,#1658);
#1306=AXIS2_PLACEMENT_3D('',#2042,#1660,#1661);
#1307=AXIS2_PLACEMENT_3D('',#2043,#1662,#1663);
#1308=AXIS2_PLACEMENT_3D('',#2044,#1664,#1665);
#1309=AXIS2_PLACEMENT_3D('',#2048,#1667,#1668);
#1310=AXIS2_PLACEMENT_3D('',#2049,#1669,#1670);
#1311=AXIS2_PLACEMENT_3D('',#2050,#1671,#1672);
#1312=AXIS2_PLACEMENT_3D('',#2054,#1674,#1675);
#1313=AXIS2_PLACEMENT_3D('',#2055,#1676,#1677);
#1314=AXIS2_PLACEMENT_3D('',#2056,#1678,#1679);
#1315=AXIS2_PLACEMENT_3D('',#2060,#1681,#1682);
#1316=AXIS2_PLACEMENT_3D('',#2061,#1683,#1684);
#1317=AXIS2_PLACEMENT_3D('',#2062,#1685,#1686);
#1318=AXIS2_PLACEMENT_3D('',#2066,#1688,#1689);
#1319=AXIS2_PLACEMENT_3D('',#2067,#1690,#1691);
#1320=AXIS2_PLACEMENT_3D('',#2068,#1692,#1693);
#1321=AXIS2_PLACEMENT_3D('',#2072,#1695,#1696);
#1322=AXIS2_PLACEMENT_3D('',#2073,#1697,#1698);
#1323=AXIS2_PLACEMENT_3D('',#2074,#1699,#1700);
#1324=AXIS2_PLACEMENT_3D('',#2078,#1702,#1703);
#1325=AXIS2_PLACEMENT_3D('',#2079,#1704,#1705);
#1326=AXIS2_PLACEMENT_3D('',#2080,#1706,#1707);
#1327=AXIS2_PLACEMENT_3D('',#2084,#1709,#1710);
#1328=AXIS2_PLACEMENT_3D('',#2085,#1711,#1712);
#1329=AXIS2_PLACEMENT_3D('',#2086,#1713,#1714);
#1330=AXIS2_PLACEMENT_3D('',#2090,#1716,#1717);
#1331=AXIS2_PLACEMENT_3D('',#2091,#1718,#1719);
#1332=AXIS2_PLACEMENT_3D('',#2092,#1720,#1721);
#1333=AXIS2_PLACEMENT_3D('',#2096,#1723,#1724);
#1334=AXIS2_PLACEMENT_3D('',#2097,#1725,#1726);
#1335=AXIS2_PLACEMENT_3D('',#2098,#1727,#1728);
#1336=AXIS2_PLACEMENT_3D('',#2102,#1730,#1731);
#1337=AXIS2_PLACEMENT_3D('',#2103,#1732,#1733);
#1338=AXIS2_PLACEMENT_3D('',#2104,#1734,#1735);
#1339=AXIS2_PLACEMENT_3D('',#2108,#1737,#1738);
#1340=AXIS2_PLACEMENT_3D('',#2109,#1739,#1740);
#1341=AXIS2_PLACEMENT_3D('',#2110,#1741,#1742);
#1342=AXIS2_PLACEMENT_3D('',#2114,#1744,#1745);
#1343=AXIS2_PLACEMENT_3D('',#2115,#1746,#1747);
#1344=AXIS2_PLACEMENT_3D('',#2116,#1748,#1749);
#1345=AXIS2_PLACEMENT_3D('',#2120,#1751,#1752);
#1346=AXIS2_PLACEMENT_3D('',#2121,#1753,#1754);
#1347=AXIS2_PLACEMENT_3D('',#2122,#1755,#1756);
#1348=AXIS2_PLACEMENT_3D('',#2126,#1758,#1759);
#1349=AXIS2_PLACEMENT_3D('',#2127,#1760,#1761);
#1350=AXIS2_PLACEMENT_3D('',#2128,#1762,#1763);
#1351=AXIS2_PLACEMENT_3D('',#2132,#1765,#1766);
#1352=AXIS2_PLACEMENT_3D('',#2133,#1767,#1768);
#1353=AXIS2_PLACEMENT_3D('',#2136,#1771,#1772);
#1354=AXIS2_PLACEMENT_3D('',#2137,#1773,#1774);
#1355=DIRECTION('',(0.,0.,1.));
#1356=DIRECTION('',(1.,0.,0.));
#1357=DIRECTION('',(0.0815749813122381,0.996667207458893,-1.22056530542966E-16));
#1358=DIRECTION('',(0.996667207458893,-0.0815749813122381,9.99005397545376E-18));
#1359=DIRECTION('',(-0.996667207458893,0.0815749813122381,-9.99005397545376E-18));
#1360=DIRECTION('',(-5.56131819963552E-33,1.22464679914735E-16,1.));
#1361=DIRECTION('',(-0.996667207458893,0.0815749813122381,-9.99005397545376E-18));
#1362=DIRECTION('',(-5.56131819963552E-33,1.22464679914735E-16,1.));
#1363=DIRECTION('',(-5.56131819963552E-33,1.22464679914735E-16,1.));
#1364=DIRECTION('',(-1.,-9.08232186375291E-17,5.56131819963552E-33));
#1365=DIRECTION('',(-5.56131819963552E-33,1.22464679914735E-16,1.));
#1366=DIRECTION('',(1.,9.08232186375291E-17,-5.56131819963552E-33));
#1367=DIRECTION('',(-5.56131819963552E-33,1.22464679914735E-16,1.));
#1368=DIRECTION('',(-5.56131819963552E-33,1.22464679914735E-16,1.));
#1369=DIRECTION('',(1.,9.08232186375291E-17,-5.56131819963552E-33));
#1370=DIRECTION('',(-5.56131819963552E-33,1.22464679914735E-16,1.));
#1371=DIRECTION('',(-1.,-9.08232186375291E-17,5.56131819963552E-33));
#1372=DIRECTION('',(5.56131819963552E-33,-1.22464679914735E-16,-1.));
#1373=DIRECTION('',(1.,9.08232186375291E-17,-5.56131819963552E-33));
#1374=DIRECTION('',(-5.56131819963552E-33,1.22464679914735E-16,1.));
#1375=DIRECTION('',(5.56131819963552E-33,-1.22464679914735E-16,-1.));
#1376=DIRECTION('',(1.,9.08232186375291E-17,-5.56131819963552E-33));
#1377=DIRECTION('',(-5.56131819963552E-33,1.22464679914735E-16,1.));
#1378=DIRECTION('',(-1.,-9.08232186375291E-17,5.56131819963552E-33));
#1379=DIRECTION('',(5.56131819963552E-33,-1.22464679914735E-16,-1.));
#1380=DIRECTION('',(1.,9.08232186375291E-17,-5.56131819963552E-33));
#1381=DIRECTION('',(-5.56131819963552E-33,1.22464679914735E-16,1.));
#1382=DIRECTION('',(5.56131819963552E-33,-1.22464679914735E-16,-1.));
#1383=DIRECTION('',(1.,9.08232186375291E-17,-5.56131819963552E-33));
#1384=DIRECTION('',(-5.56131819963552E-33,1.22464679914735E-16,1.));
#1385=DIRECTION('',(-1.,-9.08232186375291E-17,5.56131819963552E-33));
#1386=DIRECTION('',(5.56131819963552E-33,-1.22464679914735E-16,-1.));
#1387=DIRECTION('',(1.,9.08232186375291E-17,-5.56131819963552E-33));
#1388=DIRECTION('',(-5.56131819963552E-33,1.22464679914735E-16,1.));
#1389=DIRECTION('',(5.56131819963552E-33,-1.22464679914735E-16,-1.));
#1390=DIRECTION('',(1.,9.08232186375291E-17,-5.56131819963552E-33));
#1391=DIRECTION('',(-5.56131819963552E-33,1.22464679914735E-16,1.));
#1392=DIRECTION('',(-1.,-9.08232186375291E-17,5.56131819963552E-33));
#1393=DIRECTION('',(5.56131819963552E-33,-1.22464679914735E-16,-1.));
#1394=DIRECTION('',(1.,9.08232186375291E-17,-5.56131819963552E-33));
#1395=DIRECTION('',(-5.56131819963552E-33,1.22464679914735E-16,1.));
#1396=DIRECTION('',(5.56131819963552E-33,-1.22464679914735E-16,-1.));
#1397=DIRECTION('',(1.,9.08232186375291E-17,-5.56131819963552E-33));
#1398=DIRECTION('',(-5.56131819963552E-33,1.22464679914735E-16,1.));
#1399=DIRECTION('',(-1.,-9.08232186375291E-17,5.56131819963552E-33));
#1400=DIRECTION('',(5.56131819963552E-33,-1.22464679914735E-16,-1.));
#1401=DIRECTION('',(1.,9.08232186375291E-17,-5.56131819963552E-33));
#1402=DIRECTION('',(-5.56131819963552E-33,1.22464679914735E-16,1.));
#1403=DIRECTION('',(5.56131819963552E-33,-1.22464679914735E-16,-1.));
#1404=DIRECTION('',(1.,9.08232186375291E-17,-5.56131819963552E-33));
#1405=DIRECTION('',(-5.56131819963552E-33,1.22464679914735E-16,1.));
#1406=DIRECTION('',(-1.,-9.08232186375291E-17,5.56131819963552E-33));
#1407=DIRECTION('',(5.56131819963552E-33,-1.22464679914735E-16,-1.));
#1408=DIRECTION('',(1.,9.08232186375291E-17,-5.56131819963552E-33));
#1409=DIRECTION('',(-5.56131819963552E-33,1.22464679914735E-16,1.));
#1410=DIRECTION('',(5.56131819963552E-33,-1.22464679914735E-16,-1.));
#1411=DIRECTION('',(1.,9.08232186375291E-17,-5.56131819963552E-33));
#1412=DIRECTION('',(-5.56131819963552E-33,1.22464679914735E-16,1.));
#1413=DIRECTION('',(-1.,-9.08232186375291E-17,5.56131819963552E-33));
#1414=DIRECTION('',(5.56131819963552E-33,-1.22464679914735E-16,-1.));
#1415=DIRECTION('',(1.,9.08232186375291E-17,-5.56131819963552E-33));
#1416=DIRECTION('',(-5.56131819963552E-33,1.22464679914735E-16,1.));
#1417=DIRECTION('',(5.56131819963552E-33,-1.22464679914735E-16,-1.));
#1418=DIRECTION('',(1.,9.08232186375291E-17,-5.56131819963552E-33));
#1419=DIRECTION('',(-5.56131819963552E-33,1.22464679914735E-16,1.));
#1420=DIRECTION('',(-1.,-9.08232186375291E-17,5.56131819963552E-33));
#1421=DIRECTION('',(5.56131819963552E-33,-1.22464679914735E-16,-1.));
#1422=DIRECTION('',(1.,9.08232186375291E-17,-5.56131819963552E-33));
#1423=DIRECTION('',(-5.56131819963552E-33,1.22464679914735E-16,1.));
#1424=DIRECTION('',(5.56131819963552E-33,-1.22464679914735E-16,-1.));
#1425=DIRECTION('',(1.,9.08232186375291E-17,-5.56131819963552E-33));
#1426=DIRECTION('',(-5.56131819963552E-33,1.22464679914735E-16,1.));
#1427=DIRECTION('',(-1.,-9.08232186375291E-17,5.56131819963552E-33));
#1428=DIRECTION('',(5.56131819963552E-33,-1.22464679914735E-16,-1.));
#1429=DIRECTION('',(1.,9.08232186375291E-17,-5.56131819963552E-33));
#1430=DIRECTION('',(-5.56131819963552E-33,1.22464679914735E-16,1.));
#1431=DIRECTION('',(5.56131819963552E-33,-1.22464679914735E-16,-1.));
#1432=DIRECTION('',(1.,9.08232186375291E-17,-5.56131819963552E-33));
#1433=DIRECTION('',(-5.56131819963552E-33,1.22464679914735E-16,1.));
#1434=DIRECTION('',(-1.,-9.08232186375291E-17,5.56131819963552E-33));
#1435=DIRECTION('',(5.56131819963552E-33,-1.22464679914735E-16,-1.));
#1436=DIRECTION('',(1.,9.08232186375291E-17,-5.56131819963552E-33));
#1437=DIRECTION('',(-5.56131819963552E-33,1.22464679914735E-16,1.));
#1438=DIRECTION('',(5.56131819963552E-33,-1.22464679914735E-16,-1.));
#1439=DIRECTION('',(1.,9.08232186375291E-17,-5.56131819963552E-33));
#1440=DIRECTION('',(-5.56131819963552E-33,1.22464679914735E-16,1.));
#1441=DIRECTION('',(-1.,-9.08232186375291E-17,5.56131819963552E-33));
#1442=DIRECTION('',(5.56131819963552E-33,-1.22464679914735E-16,-1.));
#1443=DIRECTION('',(1.,9.08232186375291E-17,-5.56131819963552E-33));
#1444=DIRECTION('',(-5.56131819963552E-33,1.22464679914735E-16,1.));
#1445=DIRECTION('',(5.56131819963552E-33,-1.22464679914735E-16,-1.));
#1446=DIRECTION('',(1.,9.08232186375291E-17,-5.56131819963552E-33));
#1447=DIRECTION('',(-5.56131819963552E-33,1.22464679914735E-16,1.));
#1448=DIRECTION('',(-1.,-9.08232186375291E-17,5.56131819963552E-33));
#1449=DIRECTION('',(5.56131819963552E-33,-1.22464679914735E-16,-1.));
#1450=DIRECTION('',(1.,9.08232186375291E-17,-5.56131819963552E-33));
#1451=DIRECTION('',(-5.56131819963552E-33,1.22464679914735E-16,1.));
#1452=DIRECTION('',(5.56131819963552E-33,-1.22464679914735E-16,-1.));
#1453=DIRECTION('',(1.,9.08232186375291E-17,-5.56131819963552E-33));
#1454=DIRECTION('',(-5.56131819963552E-33,1.22464679914735E-16,1.));
#1455=DIRECTION('',(-1.,-9.08232186375291E-17,5.56131819963552E-33));
#1456=DIRECTION('',(5.56131819963552E-33,-1.22464679914735E-16,-1.));
#1457=DIRECTION('',(1.,9.08232186375291E-17,-5.56131819963552E-33));
#1458=DIRECTION('',(-5.56131819963552E-33,1.22464679914735E-16,1.));
#1459=DIRECTION('',(5.56131819963552E-33,-1.22464679914735E-16,-1.));
#1460=DIRECTION('',(1.,9.08232186375291E-17,-5.56131819963552E-33));
#1461=DIRECTION('',(-5.56131819963552E-33,1.22464679914735E-16,1.));
#1462=DIRECTION('',(-1.,-9.08232186375291E-17,5.56131819963552E-33));
#1463=DIRECTION('',(5.56131819963552E-33,-1.22464679914735E-16,-1.));
#1464=DIRECTION('',(1.,9.08232186375291E-17,-5.56131819963552E-33));
#1465=DIRECTION('',(-5.56131819963552E-33,1.22464679914735E-16,1.));
#1466=DIRECTION('',(5.56131819963552E-33,-1.22464679914735E-16,-1.));
#1467=DIRECTION('',(1.,9.08232186375291E-17,-5.56131819963552E-33));
#1468=DIRECTION('',(-5.56131819963552E-33,1.22464679914735E-16,1.));
#1469=DIRECTION('',(-1.,-9.08232186375291E-17,5.56131819963552E-33));
#1470=DIRECTION('',(5.56131819963552E-33,-1.22464679914735E-16,-1.));
#1471=DIRECTION('',(1.,9.08232186375291E-17,-5.56131819963552E-33));
#1472=DIRECTION('',(-5.56131819963552E-33,1.22464679914735E-16,1.));
#1473=DIRECTION('',(5.56131819963552E-33,-1.22464679914735E-16,-1.));
#1474=DIRECTION('',(1.,9.08232186375291E-17,-5.56131819963552E-33));
#1475=DIRECTION('',(-5.56131819963552E-33,1.22464679914735E-16,1.));
#1476=DIRECTION('',(-1.,-9.08232186375291E-17,5.56131819963552E-33));
#1477=DIRECTION('',(5.56131819963552E-33,-1.22464679914735E-16,-1.));
#1478=DIRECTION('',(1.,9.08232186375291E-17,-5.56131819963552E-33));
#1479=DIRECTION('',(-5.56131819963552E-33,1.22464679914735E-16,1.));
#1480=DIRECTION('',(5.56131819963552E-33,-1.22464679914735E-16,-1.));
#1481=DIRECTION('',(1.,9.08232186375291E-17,-5.56131819963552E-33));
#1482=DIRECTION('',(-5.56131819963552E-33,1.22464679914735E-16,1.));
#1483=DIRECTION('',(-1.,-9.08232186375291E-17,5.56131819963552E-33));
#1484=DIRECTION('',(-5.56131819963552E-33,1.22464679914735E-16,1.));
#1485=DIRECTION('',(1.,9.08232186375291E-17,-5.56131819963552E-33));
#1486=DIRECTION('',(-5.56131819963552E-33,1.22464679914735E-16,1.));
#1487=DIRECTION('',(-5.56131819963552E-33,1.22464679914735E-16,1.));
#1488=DIRECTION('',(1.,9.08232186375291E-17,-5.56131819963552E-33));
#1489=DIRECTION('',(-5.56131819963552E-33,1.22464679914735E-16,1.));
#1490=DIRECTION('',(-1.,-9.08232186375291E-17,5.56131819963552E-33));
#1491=DIRECTION('',(-5.56131819963552E-33,1.22464679914735E-16,1.));
#1492=DIRECTION('',(1.,9.08232186375291E-17,-5.56131819963552E-33));
#1493=DIRECTION('',(-5.56131819963552E-33,1.22464679914735E-16,1.));
#1494=DIRECTION('',(-5.56131819963552E-33,1.22464679914735E-16,1.));
#1495=DIRECTION('',(1.,9.08232186375291E-17,-5.56131819963552E-33));
#1496=DIRECTION('',(-5.56131819963552E-33,1.22464679914735E-16,1.));
#1497=DIRECTION('',(-1.,-9.08232186375291E-17,5.56131819963552E-33));
#1498=DIRECTION('',(-5.56131819963552E-33,1.22464679914735E-16,1.));
#1499=DIRECTION('',(1.,9.08232186375291E-17,-5.56131819963552E-33));
#1500=DIRECTION('',(-5.56131819963552E-33,1.22464679914735E-16,1.));
#1501=DIRECTION('',(-5.56131819963552E-33,1.22464679914735E-16,1.));
#1502=DIRECTION('',(1.,9.08232186375291E-17,-5.56131819963552E-33));
#1503=DIRECTION('',(-5.56131819963552E-33,1.22464679914735E-16,1.));
#1504=DIRECTION('',(-1.,-9.08232186375291E-17,5.56131819963552E-33));
#1505=DIRECTION('',(-5.56131819963552E-33,1.22464679914735E-16,1.));
#1506=DIRECTION('',(1.,9.08232186375291E-17,-5.56131819963552E-33));
#1507=DIRECTION('',(-5.56131819963552E-33,1.22464679914735E-16,1.));
#1508=DIRECTION('',(-5.56131819963552E-33,1.22464679914735E-16,1.));
#1509=DIRECTION('',(1.,9.08232186375291E-17,-5.56131819963552E-33));
#1510=DIRECTION('',(-5.56131819963552E-33,1.22464679914735E-16,1.));
#1511=DIRECTION('',(-1.,-9.08232186375291E-17,5.56131819963552E-33));
#1512=DIRECTION('',(5.56131819963552E-33,-1.22464679914735E-16,-1.));
#1513=DIRECTION('',(1.,9.08232186375291E-17,-5.56131819963552E-33));
#1514=DIRECTION('',(-5.56131819963552E-33,1.22464679914735E-16,1.));
#1515=DIRECTION('',(5.56131819963552E-33,-1.22464679914735E-16,-1.));
#1516=DIRECTION('',(1.,9.08232186375291E-17,-5.56131819963552E-33));
#1517=DIRECTION('',(-5.56131819963552E-33,1.22464679914735E-16,1.));
#1518=DIRECTION('',(-1.,-9.08232186375291E-17,5.56131819963552E-33));
#1519=DIRECTION('',(5.56131819963552E-33,-1.22464679914735E-16,-1.));
#1520=DIRECTION('',(1.,9.08232186375291E-17,-5.56131819963552E-33));
#1521=DIRECTION('',(-5.56131819963552E-33,1.22464679914735E-16,1.));
#1522=DIRECTION('',(5.56131819963552E-33,-1.22464679914735E-16,-1.));
#1523=DIRECTION('',(1.,9.08232186375291E-17,-5.56131819963552E-33));
#1524=DIRECTION('',(-1.,-9.08232186375291E-17,5.56131819963552E-33));
#1525=DIRECTION('',(5.56131819963552E-33,-1.22464679914735E-16,-1.));
#1526=DIRECTION('',(9.08232186375291E-17,-1.,1.22464679914735E-16));
#1527=DIRECTION('',(-5.56131819963552E-33,1.22464679914735E-16,1.));
#1528=DIRECTION('',(9.08232186375291E-17,-1.,1.22464679914735E-16));
#1529=DIRECTION('',(-5.56131819963552E-33,1.22464679914735E-16,1.));
#1530=DIRECTION('',(-1.,-9.08232186375291E-17,5.56131819963552E-33));
#1531=DIRECTION('',(-5.56131819963552E-33,1.22464679914735E-16,1.));
#1532=DIRECTION('',(1.,9.08232186375291E-17,-5.56131819963552E-33));
#1533=DIRECTION('',(-5.56131819963552E-33,1.22464679914735E-16,1.));
#1534=DIRECTION('',(-5.56131819963552E-33,1.22464679914735E-16,1.));
#1535=DIRECTION('',(1.,9.08232186375291E-17,-5.56131819963552E-33));
#1536=DIRECTION('',(-5.56131819963552E-33,1.22464679914735E-16,1.));
#1537=DIRECTION('',(-1.,-9.08232186375291E-17,5.56131819963552E-33));
#1538=DIRECTION('',(5.56131819963552E-33,-1.22464679914735E-16,-1.));
#1539=DIRECTION('',(1.,9.08232186375291E-17,-5.56131819963552E-33));
#1540=DIRECTION('',(-5.56131819963552E-33,1.22464679914735E-16,1.));
#1541=DIRECTION('',(5.56131819963552E-33,-1.22464679914735E-16,-1.));
#1542=DIRECTION('',(1.,9.08232186375291E-17,-5.56131819963552E-33));
#1543=DIRECTION('',(-5.56131819963552E-33,1.22464679914735E-16,1.));
#1544=DIRECTION('',(-1.,-9.08232186375291E-17,5.56131819963552E-33));
#1545=DIRECTION('',(5.56131819963552E-33,-1.22464679914735E-16,-1.));
#1546=DIRECTION('',(1.,9.08232186375291E-17,-5.56131819963552E-33));
#1547=DIRECTION('',(-5.56131819963552E-33,1.22464679914735E-16,1.));
#1548=DIRECTION('',(5.56131819963552E-33,-1.22464679914735E-16,-1.));
#1549=DIRECTION('',(1.,9.08232186375291E-17,-5.56131819963552E-33));
#1550=DIRECTION('',(-5.56131819963552E-33,1.22464679914735E-16,1.));
#1551=DIRECTION('',(-1.,-9.08232186375291E-17,5.56131819963552E-33));
#1552=DIRECTION('',(5.56131819963552E-33,-1.22464679914735E-16,-1.));
#1553=DIRECTION('',(1.,9.08232186375291E-17,-5.56131819963552E-33));
#1554=DIRECTION('',(-5.56131819963552E-33,1.22464679914735E-16,1.));
#1555=DIRECTION('',(5.56131819963552E-33,-1.22464679914735E-16,-1.));
#1556=DIRECTION('',(1.,9.08232186375291E-17,-5.56131819963552E-33));
#1557=DIRECTION('',(-5.56131819963552E-33,1.22464679914735E-16,1.));
#1558=DIRECTION('',(-1.,-9.08232186375291E-17,5.56131819963552E-33));
#1559=DIRECTION('',(-5.56131819963552E-33,1.22464679914735E-16,1.));
#1560=DIRECTION('',(1.,9.08232186375291E-17,-5.56131819963552E-33));
#1561=DIRECTION('',(-5.56131819963552E-33,1.22464679914735E-16,1.));
#1562=DIRECTION('',(-5.56131819963552E-33,1.22464679914735E-16,1.));
#1563=DIRECTION('',(1.,9.08232186375291E-17,-5.56131819963552E-33));
#1564=DIRECTION('',(-5.56131819963552E-33,1.22464679914735E-16,1.));
#1565=DIRECTION('',(-1.,-9.08232186375291E-17,5.56131819963552E-33));
#1566=DIRECTION('',(-5.56131819963552E-33,1.22464679914735E-16,1.));
#1567=DIRECTION('',(1.,9.08232186375291E-17,-5.56131819963552E-33));
#1568=DIRECTION('',(-5.56131819963552E-33,1.22464679914735E-16,1.));
#1569=DIRECTION('',(-5.56131819963552E-33,1.22464679914735E-16,1.));
#1570=DIRECTION('',(1.,9.08232186375291E-17,-5.56131819963552E-33));
#1571=DIRECTION('',(-5.56131819963552E-33,1.22464679914735E-16,1.));
#1572=DIRECTION('',(-1.,-9.08232186375291E-17,5.56131819963552E-33));
#1573=DIRECTION('',(-5.56131819963552E-33,1.22464679914735E-16,1.));
#1574=DIRECTION('',(1.,9.08232186375291E-17,-5.56131819963552E-33));
#1575=DIRECTION('',(-5.56131819963552E-33,1.22464679914735E-16,1.));
#1576=DIRECTION('',(-5.56131819963552E-33,1.22464679914735E-16,1.));
#1577=DIRECTION('',(1.,9.08232186375291E-17,-5.56131819963552E-33));
#1578=DIRECTION('',(-5.56131819963552E-33,1.22464679914735E-16,1.));
#1579=DIRECTION('',(-1.,-9.08232186375291E-17,5.56131819963552E-33));
#1580=DIRECTION('',(-5.56131819963552E-33,1.22464679914735E-16,1.));
#1581=DIRECTION('',(1.,9.08232186375291E-17,-5.56131819963552E-33));
#1582=DIRECTION('',(-5.56131819963552E-33,1.22464679914735E-16,1.));
#1583=DIRECTION('',(-5.56131819963552E-33,1.22464679914735E-16,1.));
#1584=DIRECTION('',(1.,9.08232186375291E-17,-5.56131819963552E-33));
#1585=DIRECTION('',(-5.56131819963552E-33,1.22464679914735E-16,1.));
#1586=DIRECTION('',(-1.,-9.08232186375291E-17,5.56131819963552E-33));
#1587=DIRECTION('',(5.56131819963552E-33,-1.22464679914735E-16,-1.));
#1588=DIRECTION('',(1.,9.08232186375291E-17,-5.56131819963552E-33));
#1589=DIRECTION('',(-5.56131819963552E-33,1.22464679914735E-16,1.));
#1590=DIRECTION('',(5.56131819963552E-33,-1.22464679914735E-16,-1.));
#1591=DIRECTION('',(1.,9.08232186375291E-17,-5.56131819963552E-33));
#1592=DIRECTION('',(-5.56131819963552E-33,1.22464679914735E-16,1.));
#1593=DIRECTION('',(-1.,-9.08232186375291E-17,5.56131819963552E-33));
#1594=DIRECTION('',(5.56131819963552E-33,-1.22464679914735E-16,-1.));
#1595=DIRECTION('',(1.,9.08232186375291E-17,-5.56131819963552E-33));
#1596=DIRECTION('',(-5.56131819963552E-33,1.22464679914735E-16,1.));
#1597=DIRECTION('',(5.56131819963552E-33,-1.22464679914735E-16,-1.));
#1598=DIRECTION('',(1.,9.08232186375291E-17,-5.56131819963552E-33));
#1599=DIRECTION('',(-5.56131819963552E-33,1.22464679914735E-16,1.));
#1600=DIRECTION('',(-1.,-9.08232186375291E-17,5.56131819963552E-33));
#1601=DIRECTION('',(5.56131819963552E-33,-1.22464679914735E-16,-1.));
#1602=DIRECTION('',(1.,9.08232186375291E-17,-5.56131819963552E-33));
#1603=DIRECTION('',(-5.56131819963552E-33,1.22464679914735E-16,1.));
#1604=DIRECTION('',(5.56131819963552E-33,-1.22464679914735E-16,-1.));
#1605=DIRECTION('',(1.,9.08232186375291E-17,-5.56131819963552E-33));
#1606=DIRECTION('',(-5.56131819963552E-33,1.22464679914735E-16,1.));
#1607=DIRECTION('',(-1.,-9.08232186375291E-17,5.56131819963552E-33));
#1608=DIRECTION('',(5.56131819963552E-33,-1.22464679914735E-16,-1.));
#1609=DIRECTION('',(1.,9.08232186375291E-17,-5.56131819963552E-33));
#1610=DIRECTION('',(-5.56131819963552E-33,1.22464679914735E-16,1.));
#1611=DIRECTION('',(5.56131819963552E-33,-1.22464679914735E-16,-1.));
#1612=DIRECTION('',(1.,9.08232186375291E-17,-5.56131819963552E-33));
#1613=DIRECTION('',(-5.56131819963552E-33,1.22464679914735E-16,1.));
#1614=DIRECTION('',(-1.,-9.08232186375291E-17,5.56131819963552E-33));
#1615=DIRECTION('',(-5.56131819963552E-33,1.22464679914735E-16,1.));
#1616=DIRECTION('',(1.,9.08232186375291E-17,-5.56131819963552E-33));
#1617=DIRECTION('',(-5.56131819963552E-33,1.22464679914735E-16,1.));
#1618=DIRECTION('',(-5.56131819963552E-33,1.22464679914735E-16,1.));
#1619=DIRECTION('',(1.,9.08232186375291E-17,-5.56131819963552E-33));
#1620=DIRECTION('',(-5.56131819963552E-33,1.22464679914735E-16,1.));
#1621=DIRECTION('',(-1.,-9.08232186375291E-17,5.56131819963552E-33));
#1622=DIRECTION('',(-5.56131819963552E-33,1.22464679914735E-16,1.));
#1623=DIRECTION('',(1.,9.08232186375291E-17,-5.56131819963552E-33));
#1624=DIRECTION('',(-5.56131819963552E-33,1.22464679914735E-16,1.));
#1625=DIRECTION('',(-5.56131819963552E-33,1.22464679914735E-16,1.));
#1626=DIRECTION('',(1.,9.08232186375291E-17,-5.56131819963552E-33));
#1627=DIRECTION('',(-5.56131819963552E-33,1.22464679914735E-16,1.));
#1628=DIRECTION('',(-1.,-9.08232186375291E-17,5.56131819963552E-33));
#1629=DIRECTION('',(-5.56131819963552E-33,1.22464679914735E-16,1.));
#1630=DIRECTION('',(1.,9.08232186375291E-17,-5.56131819963552E-33));
#1631=DIRECTION('',(-5.56131819963552E-33,1.22464679914735E-16,1.));
#1632=DIRECTION('',(-5.56131819963552E-33,1.22464679914735E-16,1.));
#1633=DIRECTION('',(1.,9.08232186375291E-17,-5.56131819963552E-33));
#1634=DIRECTION('',(-5.56131819963552E-33,1.22464679914735E-16,1.));
#1635=DIRECTION('',(-1.,-9.08232186375291E-17,5.56131819963552E-33));
#1636=DIRECTION('',(-5.56131819963552E-33,1.22464679914735E-16,1.));
#1637=DIRECTION('',(1.,9.08232186375291E-17,-5.56131819963552E-33));
#1638=DIRECTION('',(-5.56131819963552E-33,1.22464679914735E-16,1.));
#1639=DIRECTION('',(-5.56131819963552E-33,1.22464679914735E-16,1.));
#1640=DIRECTION('',(1.,9.08232186375291E-17,-5.56131819963552E-33));
#1641=DIRECTION('',(-5.56131819963552E-33,1.22464679914735E-16,1.));
#1642=DIRECTION('',(-1.,-9.08232186375291E-17,5.56131819963552E-33));
#1643=DIRECTION('',(5.56131819963552E-33,-1.22464679914735E-16,-1.));
#1644=DIRECTION('',(1.,9.08232186375291E-17,-5.56131819963552E-33));
#1645=DIRECTION('',(-5.56131819963552E-33,1.22464679914735E-16,1.));
#1646=DIRECTION('',(5.56131819963552E-33,-1.22464679914735E-16,-1.));
#1647=DIRECTION('',(1.,9.08232186375291E-17,-5.56131819963552E-33));
#1648=DIRECTION('',(-5.56131819963552E-33,1.22464679914735E-16,1.));
#1649=DIRECTION('',(-1.,-9.08232186375291E-17,5.56131819963552E-33));
#1650=DIRECTION('',(5.56131819963552E-33,-1.22464679914735E-16,-1.));
#1651=DIRECTION('',(1.,9.08232186375291E-17,-5.56131819963552E-33));
#1652=DIRECTION('',(-5.56131819963552E-33,1.22464679914735E-16,1.));
#1653=DIRECTION('',(5.56131819963552E-33,-1.22464679914735E-16,-1.));
#1654=DIRECTION('',(1.,9.08232186375291E-17,-5.56131819963552E-33));
#1655=DIRECTION('',(-5.56131819963552E-33,1.22464679914735E-16,1.));
#1656=DIRECTION('',(-1.,-9.08232186375291E-17,5.56131819963552E-33));
#1657=DIRECTION('',(5.56131819963552E-33,-1.22464679914735E-16,-1.));
#1658=DIRECTION('',(1.,9.08232186375291E-17,-5.56131819963552E-33));
#1659=DIRECTION('',(-5.56131819963552E-33,1.22464679914735E-16,1.));
#1660=DIRECTION('',(5.56131819963552E-33,-1.22464679914735E-16,-1.));
#1661=DIRECTION('',(1.,9.08232186375291E-17,-5.56131819963552E-33));
#1662=DIRECTION('',(-5.56131819963552E-33,1.22464679914735E-16,1.));
#1663=DIRECTION('',(-1.,-9.08232186375291E-17,5.56131819963552E-33));
#1664=DIRECTION('',(-5.56131819963552E-33,1.22464679914735E-16,1.));
#1665=DIRECTION('',(1.,9.08232186375291E-17,-5.56131819963552E-33));
#1666=DIRECTION('',(-5.56131819963552E-33,1.22464679914735E-16,1.));
#1667=DIRECTION('',(-5.56131819963552E-33,1.22464679914735E-16,1.));
#1668=DIRECTION('',(1.,9.08232186375291E-17,-5.56131819963552E-33));
#1669=DIRECTION('',(-5.56131819963552E-33,1.22464679914735E-16,1.));
#1670=DIRECTION('',(-1.,-9.08232186375291E-17,5.56131819963552E-33));
#1671=DIRECTION('',(-5.56131819963552E-33,1.22464679914735E-16,1.));
#1672=DIRECTION('',(1.,9.08232186375291E-17,-5.56131819963552E-33));
#1673=DIRECTION('',(-5.56131819963552E-33,1.22464679914735E-16,1.));
#1674=DIRECTION('',(-5.56131819963552E-33,1.22464679914735E-16,1.));
#1675=DIRECTION('',(1.,9.08232186375291E-17,-5.56131819963552E-33));
#1676=DIRECTION('',(-5.56131819963552E-33,1.22464679914735E-16,1.));
#1677=DIRECTION('',(-1.,-9.08232186375291E-17,5.56131819963552E-33));
#1678=DIRECTION('',(-5.56131819963552E-33,1.22464679914735E-16,1.));
#1679=DIRECTION('',(1.,9.08232186375291E-17,-5.56131819963552E-33));
#1680=DIRECTION('',(-5.56131819963552E-33,1.22464679914735E-16,1.));
#1681=DIRECTION('',(-5.56131819963552E-33,1.22464679914735E-16,1.));
#1682=DIRECTION('',(1.,9.08232186375291E-17,-5.56131819963552E-33));
#1683=DIRECTION('',(-5.56131819963552E-33,1.22464679914735E-16,1.));
#1684=DIRECTION('',(-1.,-9.08232186375291E-17,5.56131819963552E-33));
#1685=DIRECTION('',(-5.56131819963552E-33,1.22464679914735E-16,1.));
#1686=DIRECTION('',(1.,9.08232186375291E-17,-5.56131819963552E-33));
#1687=DIRECTION('',(-5.56131819963552E-33,1.22464679914735E-16,1.));
#1688=DIRECTION('',(-5.56131819963552E-33,1.22464679914735E-16,1.));
#1689=DIRECTION('',(1.,9.08232186375291E-17,-5.56131819963552E-33));
#1690=DIRECTION('',(-5.56131819963552E-33,1.22464679914735E-16,1.));
#1691=DIRECTION('',(-1.,-9.08232186375291E-17,5.56131819963552E-33));
#1692=DIRECTION('',(-5.56131819963552E-33,1.22464679914735E-16,1.));
#1693=DIRECTION('',(1.,9.08232186375291E-17,-5.56131819963552E-33));
#1694=DIRECTION('',(-5.56131819963552E-33,1.22464679914735E-16,1.));
#1695=DIRECTION('',(-5.56131819963552E-33,1.22464679914735E-16,1.));
#1696=DIRECTION('',(1.,9.08232186375291E-17,-5.56131819963552E-33));
#1697=DIRECTION('',(-5.56131819963552E-33,1.22464679914735E-16,1.));
#1698=DIRECTION('',(-1.,-9.08232186375291E-17,5.56131819963552E-33));
#1699=DIRECTION('',(-5.56131819963552E-33,1.22464679914735E-16,1.));
#1700=DIRECTION('',(1.,9.08232186375291E-17,-5.56131819963552E-33));
#1701=DIRECTION('',(-5.56131819963552E-33,1.22464679914735E-16,1.));
#1702=DIRECTION('',(-5.56131819963552E-33,1.22464679914735E-16,1.));
#1703=DIRECTION('',(1.,9.08232186375291E-17,-5.56131819963552E-33));
#1704=DIRECTION('',(-5.56131819963552E-33,1.22464679914735E-16,1.));
#1705=DIRECTION('',(-1.,-9.08232186375291E-17,5.56131819963552E-33));
#1706=DIRECTION('',(-5.56131819963552E-33,1.22464679914735E-16,1.));
#1707=DIRECTION('',(1.,9.08232186375291E-17,-5.56131819963552E-33));
#1708=DIRECTION('',(-5.56131819963552E-33,1.22464679914735E-16,1.));
#1709=DIRECTION('',(-5.56131819963552E-33,1.22464679914735E-16,1.));
#1710=DIRECTION('',(1.,9.08232186375291E-17,-5.56131819963552E-33));
#1711=DIRECTION('',(-5.56131819963552E-33,1.22464679914735E-16,1.));
#1712=DIRECTION('',(-1.,-9.08232186375291E-17,5.56131819963552E-33));
#1713=DIRECTION('',(-5.56131819963552E-33,1.22464679914735E-16,1.));
#1714=DIRECTION('',(1.,9.08232186375291E-17,-5.56131819963552E-33));
#1715=DIRECTION('',(-5.56131819963552E-33,1.22464679914735E-16,1.));
#1716=DIRECTION('',(-5.56131819963552E-33,1.22464679914735E-16,1.));
#1717=DIRECTION('',(1.,9.08232186375291E-17,-5.56131819963552E-33));
#1718=DIRECTION('',(-5.56131819963552E-33,1.22464679914735E-16,1.));
#1719=DIRECTION('',(-1.,-9.08232186375291E-17,5.56131819963552E-33));
#1720=DIRECTION('',(5.56131819963552E-33,-1.22464679914735E-16,-1.));
#1721=DIRECTION('',(1.,9.08232186375291E-17,-5.56131819963552E-33));
#1722=DIRECTION('',(-5.56131819963552E-33,1.22464679914735E-16,1.));
#1723=DIRECTION('',(5.56131819963552E-33,-1.22464679914735E-16,-1.));
#1724=DIRECTION('',(1.,9.08232186375291E-17,-5.56131819963552E-33));
#1725=DIRECTION('',(-5.56131819963552E-33,1.22464679914735E-16,1.));
#1726=DIRECTION('',(-1.,-9.08232186375291E-17,5.56131819963552E-33));
#1727=DIRECTION('',(5.56131819963552E-33,-1.22464679914735E-16,-1.));
#1728=DIRECTION('',(1.,9.08232186375291E-17,-5.56131819963552E-33));
#1729=DIRECTION('',(-5.56131819963552E-33,1.22464679914735E-16,1.));
#1730=DIRECTION('',(5.56131819963552E-33,-1.22464679914735E-16,-1.));
#1731=DIRECTION('',(1.,9.08232186375291E-17,-5.56131819963552E-33));
#1732=DIRECTION('',(-5.56131819963552E-33,1.22464679914735E-16,1.));
#1733=DIRECTION('',(-1.,-9.08232186375291E-17,5.56131819963552E-33));
#1734=DIRECTION('',(5.56131819963552E-33,-1.22464679914735E-16,-1.));
#1735=DIRECTION('',(1.,9.08232186375291E-17,-5.56131819963552E-33));
#1736=DIRECTION('',(-5.56131819963552E-33,1.22464679914735E-16,1.));
#1737=DIRECTION('',(5.56131819963552E-33,-1.22464679914735E-16,-1.));
#1738=DIRECTION('',(1.,9.08232186375291E-17,-5.56131819963552E-33));
#1739=DIRECTION('',(-5.56131819963552E-33,1.22464679914735E-16,1.));
#1740=DIRECTION('',(-1.,-9.08232186375291E-17,5.56131819963552E-33));
#1741=DIRECTION('',(5.56131819963552E-33,-1.22464679914735E-16,-1.));
#1742=DIRECTION('',(1.,9.08232186375291E-17,-5.56131819963552E-33));
#1743=DIRECTION('',(-5.56131819963552E-33,1.22464679914735E-16,1.));
#1744=DIRECTION('',(5.56131819963552E-33,-1.22464679914735E-16,-1.));
#1745=DIRECTION('',(1.,9.08232186375291E-17,-5.56131819963552E-33));
#1746=DIRECTION('',(-5.56131819963552E-33,1.22464679914735E-16,1.));
#1747=DIRECTION('',(-1.,-9.08232186375291E-17,5.56131819963552E-33));
#1748=DIRECTION('',(-5.56131819963552E-33,1.22464679914735E-16,1.));
#1749=DIRECTION('',(1.,9.08232186375291E-17,-5.56131819963552E-33));
#1750=DIRECTION('',(-5.56131819963552E-33,1.22464679914735E-16,1.));
#1751=DIRECTION('',(-5.56131819963552E-33,1.22464679914735E-16,1.));
#1752=DIRECTION('',(1.,9.08232186375291E-17,-5.56131819963552E-33));
#1753=DIRECTION('',(-5.56131819963552E-33,1.22464679914735E-16,1.));
#1754=DIRECTION('',(-1.,-9.08232186375291E-17,5.56131819963552E-33));
#1755=DIRECTION('',(-5.56131819963552E-33,1.22464679914735E-16,1.));
#1756=DIRECTION('',(1.,9.08232186375291E-17,-5.56131819963552E-33));
#1757=DIRECTION('',(-5.56131819963552E-33,1.22464679914735E-16,1.));
#1758=DIRECTION('',(-5.56131819963552E-33,1.22464679914735E-16,1.));
#1759=DIRECTION('',(1.,9.08232186375291E-17,-5.56131819963552E-33));
#1760=DIRECTION('',(-5.56131819963552E-33,1.22464679914735E-16,1.));
#1761=DIRECTION('',(-1.,-9.08232186375291E-17,5.56131819963552E-33));
#1762=DIRECTION('',(-5.56131819963552E-33,1.22464679914735E-16,1.));
#1763=DIRECTION('',(1.,9.08232186375291E-17,-5.56131819963552E-33));
#1764=DIRECTION('',(-5.56131819963552E-33,1.22464679914735E-16,1.));
#1765=DIRECTION('',(-5.56131819963552E-33,1.22464679914735E-16,1.));
#1766=DIRECTION('',(1.,9.08232186375291E-17,-5.56131819963552E-33));
#1767=DIRECTION('',(-1.,-9.08232186375291E-17,5.56131819963552E-33));
#1768=DIRECTION('',(5.56131819963552E-33,-1.22464679914735E-16,-1.));
#1769=DIRECTION('',(9.08232186375291E-17,-1.,1.22464679914735E-16));
#1770=DIRECTION('',(9.08232186375291E-17,-1.,1.22464679914735E-16));
#1771=DIRECTION('',(5.56131819963552E-33,-1.22464679914735E-16,-1.));
#1772=DIRECTION('',(1.,9.08232186375291E-17,-5.56131819963552E-33));
#1773=DIRECTION('',(5.56131819963552E-33,-1.22464679914735E-16,-1.));
#1774=DIRECTION('',(1.,9.08232186375291E-17,-5.56131819963552E-33));
#1775=CARTESIAN_POINT('',(0.,0.,0.));
#1776=CARTESIAN_POINT('',(-0.0662073491561326,-0.000732176559085892,-0.0237999946391486));
#1777=CARTESIAN_POINT('',(-0.0662073491561326,-0.000732176559085892,-0.0229999946391486));
#1778=CARTESIAN_POINT('',(-0.0661999999999982,-0.000732775899696674,-0.0229999946391486));
#1779=CARTESIAN_POINT('',(-0.0662146986628142,-0.000731581532539263,-0.0229999946391486));
#1780=CARTESIAN_POINT('',(-0.0662146986628142,-0.000731581532539263,-0.0237999946391486));
#1781=CARTESIAN_POINT('',(-0.0662146986628142,-0.000731581532539263,-0.0237999946391486));
#1782=CARTESIAN_POINT('',(-0.0662073491561326,-0.000732176559085892,-0.0237999946391486));
#1783=CARTESIAN_POINT('',(-0.0661999999999982,-0.000732775899696674,-0.0237999946391486));
#1784=CARTESIAN_POINT('',(-0.0661999999999982,-0.000732775899696674,-0.0237999946391486));
#1785=CARTESIAN_POINT('',(-0.0670177150812403,-0.0106864116244157,-0.0237999946391486));
#1786=CARTESIAN_POINT('',(-0.0670177150812403,-0.0106864116244157,-0.0229999946391486));
#1787=CARTESIAN_POINT('',(-0.0665239854795762,-0.000711457558958964,-0.0229999946391486));
#1788=CARTESIAN_POINT('',(-0.0665239854795762,-0.000711457558958964,-0.0237999946391486));
#1789=CARTESIAN_POINT('',(-0.0665239854795762,-0.000711457558958964,-0.0237999946391486));
#1790=CARTESIAN_POINT('',(-0.0670177150812403,-0.0106864116244157,-0.0237999946391486));
#1791=CARTESIAN_POINT('',(-0.0663887654061652,0.0020204305361777,-0.0237999946391486));
#1792=CARTESIAN_POINT('',(-0.0663887654061652,0.0020204305361777,-0.0229999946391486));
#1793=CARTESIAN_POINT('',(-0.0672237686484349,-0.000584231940598822,-0.0229999946391486));
#1794=CARTESIAN_POINT('',(-0.0672237686484349,-0.000584231940598822,-0.0237999946391486));
#1795=CARTESIAN_POINT('',(-0.0672237686484349,-0.000584231940598822,-0.0237999946391486));
#1796=CARTESIAN_POINT('',(-0.0663887654061652,0.0020204305361777,-0.0237999946391486));
#1797=CARTESIAN_POINT('',(-0.0663572784864595,0.00211864907487944,-0.0237999946391486));
#1798=CARTESIAN_POINT('',(-0.0663572784864595,0.00211864907487944,-0.0229999946391486));
#1799=CARTESIAN_POINT('',(-0.0678754747307057,-0.00027956925308442,-0.0229999946391486));
#1800=CARTESIAN_POINT('',(-0.0678754747307057,-0.00027956925308442,-0.0237999946391486));
#1801=CARTESIAN_POINT('',(-0.0678754747307057,-0.00027956925308442,-0.0237999946391486));
#1802=CARTESIAN_POINT('',(-0.0663572784864595,0.00211864907487944,-0.0237999946391486));
#1803=CARTESIAN_POINT('',(-0.0656246649935088,0.00327592180083074,-0.0237999946391486));
#1804=CARTESIAN_POINT('',(-0.0656246649935088,0.00327592180083074,-0.0229999946391486));
#1805=CARTESIAN_POINT('',(-0.0685521351799676,0.000253078864962874,-0.0229999946391486));
#1806=CARTESIAN_POINT('',(-0.0685521351799676,0.000253078864962874,-0.0237999946391486));
#1807=CARTESIAN_POINT('',(-0.0685521351799676,0.000253078864962874,-0.0237999946391486));
#1808=CARTESIAN_POINT('',(-0.0656246649935088,0.00327592180083074,-0.0237999946391486));
#1809=CARTESIAN_POINT('',(-0.0604665124933298,0.00860211945757244,-0.0237999946391486));
#1810=CARTESIAN_POINT('',(-0.0604665124933298,0.00860211945757244,-0.0229999946391486));
#1811=CARTESIAN_POINT('',(-0.0693314736150465,0.00108572155976335,-0.0229999946391486));
#1812=CARTESIAN_POINT('',(-0.0693314736150465,0.00108572155976335,-0.0237999946391486));
#1813=CARTESIAN_POINT('',(-0.0693314736150465,0.00108572155976335,-0.0237999946391486));
#1814=CARTESIAN_POINT('',(-0.0604665124933298,0.00860211945757244,-0.0237999946391486));
#1815=CARTESIAN_POINT('',(-0.0666875394485228,0.0033274529039111,-0.0237999946391486));
#1816=CARTESIAN_POINT('',(-0.0666875394485228,0.0033274529039111,-0.0229999946391486));
#1817=CARTESIAN_POINT('',(-0.0699145603368221,0.00206171853892649,-0.0229999946391486));
#1818=CARTESIAN_POINT('',(-0.0699145603368221,0.00206171853892649,-0.0237999946391486));
#1819=CARTESIAN_POINT('',(-0.0699145603368221,0.00206171853892649,-0.0237999946391486));
#1820=CARTESIAN_POINT('',(-0.0666875394485228,0.0033274529039111,-0.0237999946391486));
#1821=CARTESIAN_POINT('',(-0.0624963538466897,0.00497136158312161,-0.0237999946391486));
#1822=CARTESIAN_POINT('',(-0.0624963538466897,0.00497136158312161,-0.0229999946391486));
#1823=CARTESIAN_POINT('',(-0.0703173538842059,0.00344565892574007,-0.0229999946391486));
#1824=CARTESIAN_POINT('',(-0.0703173538842059,0.00344565892574007,-0.0237999946391486));
#1825=CARTESIAN_POINT('',(-0.0703173538842059,0.00344565892574007,-0.0237999946391486));
#1826=CARTESIAN_POINT('',(-0.0624963538466897,0.00497136158312161,-0.0237999946391486));
#1827=CARTESIAN_POINT('',(-0.0626187103352319,0.00494749256140811,-0.0237999946391486));
#1828=CARTESIAN_POINT('',(-0.0626187103352319,0.00494749256140811,-0.0229999946391486));
#1829=CARTESIAN_POINT('',(-0.0704619959896482,0.00486096564872868,-0.0229999946391486));
#1830=CARTESIAN_POINT('',(-0.0704619959896482,0.00486096564872868,-0.0237999946391486));
#1831=CARTESIAN_POINT('',(-0.0704619959896482,0.00486096564872868,-0.0237999946391486));
#1832=CARTESIAN_POINT('',(-0.0626187103352319,0.00494749256140811,-0.0237999946391486));
#1833=CARTESIAN_POINT('',(-0.0674831199330676,0.00489382852785706,-0.0237999946391486));
#1834=CARTESIAN_POINT('',(-0.0674831199330676,0.00489382852785706,-0.0229999946391486));
#1835=CARTESIAN_POINT('',(-0.0702790480339917,0.00592221006394041,-0.0229999946391486));
#1836=CARTESIAN_POINT('',(-0.0702790480339917,0.00592221006394041,-0.0237999946391486));
#1837=CARTESIAN_POINT('',(-0.0702790480339917,0.00592221006394041,-0.0237999946391486));
#1838=CARTESIAN_POINT('',(-0.0674831199330676,0.00489382852785706,-0.0237999946391486));
#1839=CARTESIAN_POINT('',(-0.07000762258849,0.00582237598148156,-0.0237999946391486));
#1840=CARTESIAN_POINT('',(-0.07000762258849,0.00582237598148156,-0.0229999946391486));
#1841=CARTESIAN_POINT('',(-0.0702541779499902,0.00597353507052885,-0.0229999946391486));
#1842=CARTESIAN_POINT('',(-0.0702541779499902,0.00597353507052885,-0.0237999946391486));
#1843=CARTESIAN_POINT('',(-0.0702541779499902,0.00597353507052885,-0.0237999946391486));
#1844=CARTESIAN_POINT('',(-0.07000762258849,0.00582237598148156,-0.0237999946391486));
#1845=CARTESIAN_POINT('',(-0.0511654268967218,-0.00572946827403615,-0.0237999946391486));
#1846=CARTESIAN_POINT('',(-0.0511654268967218,-0.00572946827403615,-0.0229999946391486));
#1847=CARTESIAN_POINT('',(-0.0701059133820967,0.00621200046958463,-0.0229999946391486));
#1848=CARTESIAN_POINT('',(-0.0701059133820967,0.00621200046958463,-0.0237999946391486));
#1849=CARTESIAN_POINT('',(-0.0701059133820967,0.00621200046958463,-0.0237999946391486));
#1850=CARTESIAN_POINT('',(-0.0511654268967218,-0.00572946827403615,-0.0237999946391486));
#1851=CARTESIAN_POINT('',(-0.0546613816250923,-0.0035253625795924,-0.0237999946391486));
#1852=CARTESIAN_POINT('',(-0.0546613816250923,-0.0035253625795924,-0.0229999946391486));
#1853=CARTESIAN_POINT('',(-0.0699248328968944,0.00649346248215479,-0.0229999946391486));
#1854=CARTESIAN_POINT('',(-0.0699248328968944,0.00649346248215479,-0.0237999946391486));
#1855=CARTESIAN_POINT('',(-0.0699248328968944,0.00649346248215479,-0.0237999946391486));
#1856=CARTESIAN_POINT('',(-0.0546613816250923,-0.0035253625795924,-0.0237999946391486));
#1857=CARTESIAN_POINT('',(-0.0470235244705365,-0.00853879979738926,-0.0237999946391486));
#1858=CARTESIAN_POINT('',(-0.0470235244705365,-0.00853879979738926,-0.0229999946391486));
#1859=CARTESIAN_POINT('',(-0.0697188903178689,0.00680262145150226,-0.0229999946391486));
#1860=CARTESIAN_POINT('',(-0.0697188903178689,0.00680262145150226,-0.0237999946391486));
#1861=CARTESIAN_POINT('',(-0.0697188903178689,0.00680262145150226,-0.0237999946391486));
#1862=CARTESIAN_POINT('',(-0.0470235244705365,-0.00853879979738926,-0.0237999946391486));
#1863=CARTESIAN_POINT('',(-0.0633525739958605,0.00249917284632769,-0.0237999946391486));
#1864=CARTESIAN_POINT('',(-0.0633525739958605,0.00249917284632769,-0.0229999946391486));
#1865=CARTESIAN_POINT('',(-0.0691836627219532,0.00750397630677434,-0.0229999946391486));
#1866=CARTESIAN_POINT('',(-0.0691836627219532,0.00750397630677434,-0.0237999946391486));
#1867=CARTESIAN_POINT('',(-0.0691836627219532,0.00750397630677434,-0.0237999946391486));
#1868=CARTESIAN_POINT('',(-0.0633525739958605,0.00249917284632769,-0.0237999946391486));
#1869=CARTESIAN_POINT('',(-0.0636439991347223,0.00274930204379775,-0.0237999946391486));
#1870=CARTESIAN_POINT('',(-0.0636439991347223,0.00274930204379775,-0.0229999946391486));
#1871=CARTESIAN_POINT('',(-0.0685786405679833,0.00812927545747334,-0.0229999946391486));
#1872=CARTESIAN_POINT('',(-0.0685786405679833,0.00812927545747334,-0.0237999946391486));
#1873=CARTESIAN_POINT('',(-0.0685786405679833,0.00812927545747334,-0.0237999946391486));
#1874=CARTESIAN_POINT('',(-0.0636439991347223,0.00274930204379775,-0.0237999946391486));
#1875=CARTESIAN_POINT('',(-0.0644274773992598,0.003603486140132,-0.0237999946391486));
#1876=CARTESIAN_POINT('',(-0.0644274773992598,0.003603486140132,-0.0229999946391486));
#1877=CARTESIAN_POINT('',(-0.0680049870121763,0.00859511408778783,-0.0229999946391486));
#1878=CARTESIAN_POINT('',(-0.0680049870121763,0.00859511408778783,-0.0237999946391486));
#1879=CARTESIAN_POINT('',(-0.0680049870121763,0.00859511408778783,-0.0237999946391486));
#1880=CARTESIAN_POINT('',(-0.0644274773992598,0.003603486140132,-0.0237999946391486));
#1881=CARTESIAN_POINT('',(-0.0676120925202377,0.0080469162242908,-0.0237999946391486));
#1882=CARTESIAN_POINT('',(-0.0676120925202377,0.0080469162242908,-0.0229999946391486));
#1883=CARTESIAN_POINT('',(-0.0676812620582169,0.00871781305268849,-0.0229999946391486));
#1884=CARTESIAN_POINT('',(-0.0676812620582169,0.00871781305268849,-0.0237999946391486));
#1885=CARTESIAN_POINT('',(-0.0676812620582169,0.00871781305268849,-0.0237999946391486));
#1886=CARTESIAN_POINT('',(-0.0676120925202377,0.0080469162242908,-0.0237999946391486));
#1887=CARTESIAN_POINT('',(-0.0678414222068867,0.0102712560699086,-0.0237999946391486));
#1888=CARTESIAN_POINT('',(-0.0678414222068867,0.0102712560699086,-0.0229999946391486));
#1889=CARTESIAN_POINT('',(-0.0674695772653956,0.00875449378778974,-0.0229999946391486));
#1890=CARTESIAN_POINT('',(-0.0674695772653956,0.00875449378778974,-0.0237999946391486));
#1891=CARTESIAN_POINT('',(-0.0674695772653956,0.00875449378778974,-0.0237999946391486));
#1892=CARTESIAN_POINT('',(-0.0678414222068867,0.0102712560699086,-0.0237999946391486));
#1893=CARTESIAN_POINT('',(-0.0692577452204023,0.0160484634122586,-0.0237999946391486));
#1894=CARTESIAN_POINT('',(-0.0692577452204023,0.0160484634122586,-0.0229999946391486));
#1895=CARTESIAN_POINT('',(-0.0671817749725152,0.00883113114556583,-0.0229999946391486));
#1896=CARTESIAN_POINT('',(-0.0671817749725152,0.00883113114556583,-0.0237999946391486));
#1897=CARTESIAN_POINT('',(-0.0671817749725152,0.00883113114556583,-0.0237999946391486));
#1898=CARTESIAN_POINT('',(-0.0692577452204023,0.0160484634122586,-0.0237999946391486));
#1899=CARTESIAN_POINT('',(-0.0695209684694072,0.0169635871479284,-0.0237999946391486));
#1900=CARTESIAN_POINT('',(-0.0695209684694072,0.0169635871479284,-0.0229999946391486));
#1901=CARTESIAN_POINT('',(-0.0668607906429969,0.00893039844240192,-0.0229999946391486));
#1902=CARTESIAN_POINT('',(-0.0668607906429969,0.00893039844240192,-0.0237999946391486));
#1903=CARTESIAN_POINT('',(-0.0668607906429969,0.00893039844240192,-0.0237999946391486));
#1904=CARTESIAN_POINT('',(-0.0695209684694072,0.0169635871479284,-0.0237999946391486));
#1905=CARTESIAN_POINT('',(-0.0693590386149179,0.0164745923652281,-0.0237999946391486));
#1906=CARTESIAN_POINT('',(-0.0693590386149179,0.0164745923652281,-0.0229999946391486));
#1907=CARTESIAN_POINT('',(-0.0665488209576014,0.00904096730117666,-0.0229999946391486));
#1908=CARTESIAN_POINT('',(-0.0665488209576014,0.00904096730117666,-0.0237999946391486));
#1909=CARTESIAN_POINT('',(-0.0665488209576014,0.00904096730117666,-0.0237999946391486));
#1910=CARTESIAN_POINT('',(-0.0693590386149179,0.0164745923652281,-0.0237999946391486));
#1911=CARTESIAN_POINT('',(-0.0654776566108391,0.00620750914711581,-0.0237999946391486));
#1912=CARTESIAN_POINT('',(-0.0654776566108391,0.00620750914711581,-0.0229999946391486));
#1913=CARTESIAN_POINT('',(-0.0662693514622735,0.00913139311042642,-0.0229999946391486));
#1914=CARTESIAN_POINT('',(-0.0662693514622735,0.00913139311042642,-0.0237999946391486));
#1915=CARTESIAN_POINT('',(-0.0662693514622735,0.00913139311042642,-0.0237999946391486));
#1916=CARTESIAN_POINT('',(-0.0654776566108391,0.00620750914711581,-0.0237999946391486));
#1917=CARTESIAN_POINT('',(-0.0656222213722315,0.00674141509172198,-0.0237999946391486));
#1918=CARTESIAN_POINT('',(-0.0656222213722315,0.00674141509172198,-0.0229999946391486));
#1919=CARTESIAN_POINT('',(-0.0661999999999982,0.00914909948562084,-0.0229999946391486));
#1920=CARTESIAN_POINT('',(-0.0661999999999982,0.00914909948562084,-0.0237999946391486));
#1921=CARTESIAN_POINT('',(-0.0661999999999982,0.00914909948562084,-0.0237999946391486));
#1922=CARTESIAN_POINT('',(-0.0656222213722315,0.00674141509172198,-0.0237999946391486));
#1923=CARTESIAN_POINT('',(-0.0661999999999982,0.00831341171656098,-0.0237999946391486));
#1924=CARTESIAN_POINT('',(-0.0661999999999982,0.00831341171656098,-0.0229999946391486));
#1925=CARTESIAN_POINT('',(-0.0661999999999982,0.00747772394750111,-0.0229999946391486));
#1926=CARTESIAN_POINT('',(-0.0661999999999982,0.00747772394750111,-0.0237999946391486));
#1927=CARTESIAN_POINT('',(-0.0661999999999982,0.00747772394750111,-0.0237999946391486));
#1928=CARTESIAN_POINT('',(-0.0661999999999982,0.00831341171656098,-0.0237999946391486));
#1929=CARTESIAN_POINT('',(-0.0649643658638713,0.00531250045121983,-0.0237999946391486));
#1930=CARTESIAN_POINT('',(-0.0649643658638713,0.00531250045121983,-0.0229999946391486));
#1931=CARTESIAN_POINT('',(-0.0663307785791576,0.00739766250696385,-0.0229999946391486));
#1932=CARTESIAN_POINT('',(-0.0663307785791576,0.00739766250696385,-0.0237999946391486));
#1933=CARTESIAN_POINT('',(-0.0663307785791576,0.00739766250696385,-0.0237999946391486));
#1934=CARTESIAN_POINT('',(-0.0649643658638713,0.00531250045121983,-0.0237999946391486));
#1935=CARTESIAN_POINT('',(-0.0668656338584435,0.00821385802476433,-0.0237999946391486));
#1936=CARTESIAN_POINT('',(-0.0668656338584435,0.00821385802476433,-0.0229999946391486));
#1937=CARTESIAN_POINT('',(-0.0664377474611877,0.00733684119248495,-0.0229999946391486));
#1938=CARTESIAN_POINT('',(-0.0664377474611877,0.00733684119248495,-0.0237999946391486));
#1939=CARTESIAN_POINT('',(-0.0664377474611877,0.00733684119248495,-0.0237999946391486));
#1940=CARTESIAN_POINT('',(-0.0668656338584435,0.00821385802476433,-0.0237999946391486));
#1941=CARTESIAN_POINT('',(-0.0666855268127757,0.00784470183827237,-0.0237999946391486));
#1942=CARTESIAN_POINT('',(-0.0666855268127757,0.00784470183827237,-0.0229999946391486));
#1943=CARTESIAN_POINT('',(-0.0665294759167128,0.00730159488706337,-0.0229999946391486));
#1944=CARTESIAN_POINT('',(-0.0665294759167128,0.00730159488706337,-0.0237999946391486));
#1945=CARTESIAN_POINT('',(-0.0665294759167128,0.00730159488706337,-0.0237999946391486));
#1946=CARTESIAN_POINT('',(-0.0666855268127757,0.00784470183827237,-0.0237999946391486));
#1947=CARTESIAN_POINT('',(-0.0666168644407726,0.00760573485722818,-0.0237999946391486));
#1948=CARTESIAN_POINT('',(-0.0666168644407726,0.00760573485722818,-0.0229999946391486));
#1949=CARTESIAN_POINT('',(-0.0665531051051476,0.00729577901729311,-0.0229999946391486));
#1950=CARTESIAN_POINT('',(-0.0665531051051476,0.00729577901729311,-0.0237999946391486));
#1951=CARTESIAN_POINT('',(-0.0665531051051476,0.00729577901729311,-0.0237999946391486));
#1952=CARTESIAN_POINT('',(-0.0666168644407726,0.00760573485722818,-0.0237999946391486));
#1953=CARTESIAN_POINT('',(-0.0666753725099079,0.00706852675112749,-0.0237999946391486));
#1954=CARTESIAN_POINT('',(-0.0666753725099079,0.00706852675112749,-0.0229999946391486));
#1955=CARTESIAN_POINT('',(-0.0667557759805925,0.00731373725792957,-0.0229999946391486));
#1956=CARTESIAN_POINT('',(-0.0667557759805925,0.00731373725792957,-0.0237999946391486));
#1957=CARTESIAN_POINT('',(-0.0667557759805925,0.00731373725792957,-0.0237999946391486));
#1958=CARTESIAN_POINT('',(-0.0666753725099079,0.00706852675112749,-0.0237999946391486));
#1959=CARTESIAN_POINT('',(-0.0665387416695403,0.00665183680819287,-0.0237999946391486));
#1960=CARTESIAN_POINT('',(-0.0665387416695403,0.00665183680819287,-0.0229999946391486));
#1961=CARTESIAN_POINT('',(-0.0668947235102804,0.00725057968004901,-0.0229999946391486));
#1962=CARTESIAN_POINT('',(-0.0668947235102804,0.00725057968004901,-0.0237999946391486));
#1963=CARTESIAN_POINT('',(-0.0668947235102804,0.00725057968004901,-0.0237999946391486));
#1964=CARTESIAN_POINT('',(-0.0665387416695403,0.00665183680819287,-0.0237999946391486));
#1965=CARTESIAN_POINT('',(-0.0663690735540408,0.00636646389555959,-0.0237999946391486));
#1966=CARTESIAN_POINT('',(-0.0663690735540408,0.00636646389555959,-0.0229999946391486));
#1967=CARTESIAN_POINT('',(-0.0670417305541535,0.00714460344414777,-0.0229999946391486));
#1968=CARTESIAN_POINT('',(-0.0670417305541535,0.00714460344414777,-0.0237999946391486));
#1969=CARTESIAN_POINT('',(-0.0670417305541535,0.00714460344414777,-0.0237999946391486));
#1970=CARTESIAN_POINT('',(-0.0663690735540408,0.00636646389555959,-0.0237999946391486));
#1971=CARTESIAN_POINT('',(-0.065922852883793,0.00585026923638129,-0.0237999946391486));
#1972=CARTESIAN_POINT('',(-0.065922852883793,0.00585026923638129,-0.0229999946391486));
#1973=CARTESIAN_POINT('',(-0.0671799837434615,0.00701079079339556,-0.0229999946391486));
#1974=CARTESIAN_POINT('',(-0.0671799837434615,0.00701079079339556,-0.0237999946391486));
#1975=CARTESIAN_POINT('',(-0.0671799837434615,0.00701079079339556,-0.0237999946391486));
#1976=CARTESIAN_POINT('',(-0.065922852883793,0.00585026923638129,-0.0237999946391486));
#1977=CARTESIAN_POINT('',(-0.0680463765831894,0.00781060217310537,-0.0237999946391486));
#1978=CARTESIAN_POINT('',(-0.0680463765831894,0.00781060217310537,-0.0229999946391486));
#1979=CARTESIAN_POINT('',(-0.0672927519979934,0.00690374784058254,-0.0229999946391486));
#1980=CARTESIAN_POINT('',(-0.0672927519979934,0.00690374784058254,-0.0237999946391486));
#1981=CARTESIAN_POINT('',(-0.0672927519979934,0.00690374784058254,-0.0237999946391486));
#1982=CARTESIAN_POINT('',(-0.0680463765831894,0.00781060217310537,-0.0237999946391486));
#1983=CARTESIAN_POINT('',(-0.0680605290723399,0.00782763219886903,-0.0237999946391486));
#1984=CARTESIAN_POINT('',(-0.0680605290723399,0.00782763219886903,-0.0229999946391486));
#1985=CARTESIAN_POINT('',(-0.0674193349429104,0.00681180050425433,-0.0229999946391486));
#1986=CARTESIAN_POINT('',(-0.0674193349429104,0.00681180050425433,-0.0237999946391486));
#1987=CARTESIAN_POINT('',(-0.0674193349429104,0.00681180050425433,-0.0237999946391486));
#1988=CARTESIAN_POINT('',(-0.0680605290723399,0.00782763219886903,-0.0237999946391486));
#1989=CARTESIAN_POINT('',(-0.0679365568366202,0.00763122533780165,-0.0237999946391486));
#1990=CARTESIAN_POINT('',(-0.0679365568366202,0.00763122533780165,-0.0229999946391486));
#1991=CARTESIAN_POINT('',(-0.0675366025484083,0.0067486087095265,-0.0229999946391486));
#1992=CARTESIAN_POINT('',(-0.0675366025484083,0.0067486087095265,-0.0237999946391486));
#1993=CARTESIAN_POINT('',(-0.0675366025484083,0.0067486087095265,-0.0237999946391486));
#1994=CARTESIAN_POINT('',(-0.0679365568366202,0.00763122533780165,-0.0237999946391486));
#1995=CARTESIAN_POINT('',(-0.0675746604907081,0.00683259473918467,-0.0237999946391486));
#1996=CARTESIAN_POINT('',(-0.0675746604907081,0.00683259473918467,-0.0229999946391486));
#1997=CARTESIAN_POINT('',(-0.067570978707309,0.00674046165815074,-0.0229999946391486));
#1998=CARTESIAN_POINT('',(-0.067570978707309,0.00674046165815074,-0.0237999946391486));
#1999=CARTESIAN_POINT('',(-0.067570978707309,0.00674046165815074,-0.0237999946391486));
#2000=CARTESIAN_POINT('',(-0.0675746604907081,0.00683259473918467,-0.0237999946391486));
#2001=CARTESIAN_POINT('',(-0.0675358303931121,0.00586090897156197,-0.0237999946391486));
#2002=CARTESIAN_POINT('',(-0.0675358303931121,0.00586090897156197,-0.0229999946391486));
#2003=CARTESIAN_POINT('',(-0.0682192623007604,0.00641567843727235,-0.0229999946391486));
#2004=CARTESIAN_POINT('',(-0.0682192623007604,0.00641567843727235,-0.0237999946391486));
#2005=CARTESIAN_POINT('',(-0.0682192623007604,0.00641567843727235,-0.0237999946391486));
#2006=CARTESIAN_POINT('',(-0.0675358303931121,0.00586090897156197,-0.0237999946391486));
#2007=CARTESIAN_POINT('',(-0.0571342113175173,-0.00258250813043972,-0.0237999946391486));
#2008=CARTESIAN_POINT('',(-0.0571342113175173,-0.00258250813043972,-0.0229999946391486));
#2009=CARTESIAN_POINT('',(-0.0690145180517537,0.00533607941461358,-0.0229999946391486));
#2010=CARTESIAN_POINT('',(-0.0690145180517537,0.00533607941461358,-0.0237999946391486));
#2011=CARTESIAN_POINT('',(-0.0690145180517537,0.00533607941461358,-0.0237999946391486));
#2012=CARTESIAN_POINT('',(-0.0571342113175173,-0.00258250813043972,-0.0237999946391486));
#2013=CARTESIAN_POINT('',(-0.0561683386505663,-0.00322629178364941,-0.0237999946391486));
#2014=CARTESIAN_POINT('',(-0.0561683386505663,-0.00322629178364941,-0.0229999946391486));
#2015=CARTESIAN_POINT('',(-0.0697032049320987,0.00419973814393469,-0.0229999946391486));
#2016=CARTESIAN_POINT('',(-0.0697032049320987,0.00419973814393469,-0.0237999946391486));
#2017=CARTESIAN_POINT('',(-0.0697032049320987,0.00419973814393469,-0.0237999946391486));
#2018=CARTESIAN_POINT('',(-0.0561683386505663,-0.00322629178364941,-0.0237999946391486));
#2019=CARTESIAN_POINT('',(-0.0692319694243904,0.00394119041170054,-0.0237999946391486));
#2020=CARTESIAN_POINT('',(-0.0692319694243904,0.00394119041170054,-0.0229999946391486));
#2021=CARTESIAN_POINT('',(-0.069614341703,0.00356343218992445,-0.0229999946391486));
#2022=CARTESIAN_POINT('',(-0.069614341703,0.00356343218992445,-0.0237999946391486));
#2023=CARTESIAN_POINT('',(-0.069614341703,0.00356343218992445,-0.0237999946391486));
#2024=CARTESIAN_POINT('',(-0.0692319694243904,0.00394119041170054,-0.0237999946391486));
#2025=CARTESIAN_POINT('',(-0.0728316569404689,0.00285702963868394,-0.0237999946391486));
#2026=CARTESIAN_POINT('',(-0.0728316569404689,0.00285702963868394,-0.0229999946391486));
#2027=CARTESIAN_POINT('',(-0.0695848337551278,0.00341224230507644,-0.0229999946391486));
#2028=CARTESIAN_POINT('',(-0.0695848337551278,0.00341224230507644,-0.0237999946391486));
#2029=CARTESIAN_POINT('',(-0.0695848337551278,0.00341224230507644,-0.0237999946391486));
#2030=CARTESIAN_POINT('',(-0.0728316569404689,0.00285702963868394,-0.0237999946391486));
#2031=CARTESIAN_POINT('',(-0.0727852061066418,0.00286497281570153,-0.0237999946391486));
#2032=CARTESIAN_POINT('',(-0.0727852061066418,0.00286497281570153,-0.0229999946391486));
#2033=CARTESIAN_POINT('',(-0.0695556307624096,0.00319923345990377,-0.0229999946391486));
#2034=CARTESIAN_POINT('',(-0.0695556307624096,0.00319923345990377,-0.0237999946391486));
#2035=CARTESIAN_POINT('',(-0.0695556307624096,0.00319923345990377,-0.0237999946391486));
#2036=CARTESIAN_POINT('',(-0.0727852061066418,0.00286497281570153,-0.0237999946391486));
#2037=CARTESIAN_POINT('',(-0.074545204956034,0.00268281315491328,-0.0237999946391486));
#2038=CARTESIAN_POINT('',(-0.074545204956034,0.00268281315491328,-0.0229999946391486));
#2039=CARTESIAN_POINT('',(-0.0695364400671363,0.00295633619385872,-0.0229999946391486));
#2040=CARTESIAN_POINT('',(-0.0695364400671363,0.00295633619385872,-0.0237999946391486));
#2041=CARTESIAN_POINT('',(-0.0695364400671363,0.00295633619385872,-0.0237999946391486));
#2042=CARTESIAN_POINT('',(-0.074545204956034,0.00268281315491328,-0.0237999946391486));
#2043=CARTESIAN_POINT('',(-0.0636087638469272,0.0032800399510928,-0.0237999946391486));
#2044=CARTESIAN_POINT('',(-0.0636087638469272,0.0032800399510928,-0.0229999946391486));
#2045=CARTESIAN_POINT('',(-0.0695155671129395,0.00268690870866204,-0.0229999946391486));
#2046=CARTESIAN_POINT('',(-0.0695155671129395,0.00268690870866204,-0.0237999946391486));
#2047=CARTESIAN_POINT('',(-0.0695155671129395,0.00268690870866204,-0.0237999946391486));
#2048=CARTESIAN_POINT('',(-0.0636087638469272,0.0032800399510928,-0.0237999946391486));
#2049=CARTESIAN_POINT('',(-0.0643763621734939,0.00320296161808801,-0.0237999946391486));
#2050=CARTESIAN_POINT('',(-0.0643763621734939,0.00320296161808801,-0.0229999946391486));
#2051=CARTESIAN_POINT('',(-0.0694827792815145,0.0024269188779613,-0.0229999946391486));
#2052=CARTESIAN_POINT('',(-0.0694827792815145,0.0024269188779613,-0.0237999946391486));
#2053=CARTESIAN_POINT('',(-0.0694827792815145,0.0024269188779613,-0.0237999946391486));
#2054=CARTESIAN_POINT('',(-0.0643763621734939,0.00320296161808801,-0.0237999946391486));
#2055=CARTESIAN_POINT('',(-0.064897000953213,0.00312383804931473,-0.0237999946391486));
#2056=CARTESIAN_POINT('',(-0.064897000953213,0.00312383804931473,-0.0229999946391486));
#2057=CARTESIAN_POINT('',(-0.0694438294665208,0.00220655419014589,-0.0229999946391486));
#2058=CARTESIAN_POINT('',(-0.0694438294665208,0.00220655419014589,-0.0237999946391486));
#2059=CARTESIAN_POINT('',(-0.0694438294665208,0.00220655419014589,-0.0237999946391486));
#2060=CARTESIAN_POINT('',(-0.064897000953213,0.00312383804931473,-0.0237999946391486));
#2061=CARTESIAN_POINT('',(-0.0687869614307346,0.00233907171198917,-0.0237999946391486));
#2062=CARTESIAN_POINT('',(-0.0687869614307346,0.00233907171198917,-0.0229999946391486));
#2063=CARTESIAN_POINT('',(-0.0693902414685523,0.0020473703132889,-0.0229999946391486));
#2064=CARTESIAN_POINT('',(-0.0693902414685523,0.0020473703132889,-0.0237999946391486));
#2065=CARTESIAN_POINT('',(-0.0693902414685523,0.0020473703132889,-0.0237999946391486));
#2066=CARTESIAN_POINT('',(-0.0687869614307346,0.00233907171198917,-0.0237999946391486));
#2067=CARTESIAN_POINT('',(-0.0681360906357757,0.00265378446454362,-0.0237999946391486));
#2068=CARTESIAN_POINT('',(-0.0681360906357757,0.00265378446454362,-0.0229999946391486));
#2069=CARTESIAN_POINT('',(-0.0691405570975014,0.00168854896920359,-0.0229999946391486));
#2070=CARTESIAN_POINT('',(-0.0691405570975014,0.00168854896920359,-0.0237999946391486));
#2071=CARTESIAN_POINT('',(-0.0691405570975014,0.00168854896920359,-0.0237999946391486));
#2072=CARTESIAN_POINT('',(-0.0681360906357757,0.00265378446454362,-0.0237999946391486));
#2073=CARTESIAN_POINT('',(-0.0658001546825098,0.00489848688403487,-0.0237999946391486));
#2074=CARTESIAN_POINT('',(-0.0658001546825098,0.00489848688403487,-0.0229999946391486));
#2075=CARTESIAN_POINT('',(-0.0687369703357121,0.00131559649633909,-0.0229999946391486));
#2076=CARTESIAN_POINT('',(-0.0687369703357121,0.00131559649633909,-0.0237999946391486));
#2077=CARTESIAN_POINT('',(-0.0687369703357121,0.00131559649633909,-0.0237999946391486));
#2078=CARTESIAN_POINT('',(-0.0658001546825098,0.00489848688403487,-0.0237999946391486));
#2079=CARTESIAN_POINT('',(-0.0657255613703031,0.00498949009732842,-0.0237999946391486));
#2080=CARTESIAN_POINT('',(-0.0657255613703031,0.00498949009732842,-0.0229999946391486));
#2081=CARTESIAN_POINT('',(-0.0683050315818112,0.00100045367529851,-0.0229999946391486));
#2082=CARTESIAN_POINT('',(-0.0683050315818112,0.00100045367529851,-0.0237999946391486));
#2083=CARTESIAN_POINT('',(-0.0683050315818112,0.00100045367529851,-0.0237999946391486));
#2084=CARTESIAN_POINT('',(-0.0657255613703031,0.00498949009732842,-0.0237999946391486));
#2085=CARTESIAN_POINT('',(-0.0678462711197135,0.00170990640870505,-0.0237999946391486));
#2086=CARTESIAN_POINT('',(-0.0678462711197135,0.00170990640870505,-0.0229999946391486));
#2087=CARTESIAN_POINT('',(-0.067928849250092,0.000869094185372841,-0.0229999946391486));
#2088=CARTESIAN_POINT('',(-0.067928849250092,0.00086909418537284,-0.0237999946391486));
#2089=CARTESIAN_POINT('',(-0.067928849250092,0.00086909418537284,-0.0237999946391486));
#2090=CARTESIAN_POINT('',(-0.0678462711197135,0.00170990640870505,-0.0237999946391486));
#2091=CARTESIAN_POINT('',(-0.0679834007074369,0.000313650123780431,-0.0237999946391486));
#2092=CARTESIAN_POINT('',(-0.0679834007074369,0.000313650123780431,-0.0229999946391486));
#2093=CARTESIAN_POINT('',(-0.0678244694266653,0.000848659296643974,-0.0229999946391486));
#2094=CARTESIAN_POINT('',(-0.0678244694266653,0.000848659296643974,-0.0237999946391486));
#2095=CARTESIAN_POINT('',(-0.0678244694266653,0.000848659296643974,-0.0237999946391486));
#2096=CARTESIAN_POINT('',(-0.0679834007074369,0.000313650123780431,-0.0237999946391486));
#2097=CARTESIAN_POINT('',(-0.0681570521561387,-0.000270911439464667,-0.0237999946391486));
#2098=CARTESIAN_POINT('',(-0.0681570521561387,-0.000270911439464667,-0.0229999946391486));
#2099=CARTESIAN_POINT('',(-0.067689746253896,0.00079945069513733,-0.0229999946391486));
#2100=CARTESIAN_POINT('',(-0.067689746253896,0.00079945069513733,-0.0237999946391486));
#2101=CARTESIAN_POINT('',(-0.067689746253896,0.00079945069513733,-0.0237999946391486));
#2102=CARTESIAN_POINT('',(-0.0681570521561387,-0.000270911439464667,-0.0237999946391486));
#2103=CARTESIAN_POINT('',(-0.0681535699578865,-0.000262935479528245,-0.0237999946391486));
#2104=CARTESIAN_POINT('',(-0.0681535699578865,-0.000262935479528245,-0.0229999946391486));
#2105=CARTESIAN_POINT('',(-0.0675631460930702,0.000734659865468798,-0.0229999946391486));
#2106=CARTESIAN_POINT('',(-0.0675631460930702,0.000734659865468798,-0.0237999946391486));
#2107=CARTESIAN_POINT('',(-0.0675631460930702,0.000734659865468798,-0.0237999946391486));
#2108=CARTESIAN_POINT('',(-0.0681535699578865,-0.000262935479528245,-0.0237999946391486));
#2109=CARTESIAN_POINT('',(-0.0678282838671039,0.000286676264329448,-0.0237999946391486));
#2110=CARTESIAN_POINT('',(-0.0678282838671039,0.000286676264329448,-0.0229999946391486));
#2111=CARTESIAN_POINT('',(-0.0674803195714453,0.000673856061137133,-0.0229999946391486));
#2112=CARTESIAN_POINT('',(-0.0674803195714453,0.000673856061137133,-0.0237999946391486));
#2113=CARTESIAN_POINT('',(-0.0674803195714453,0.000673856061137133,-0.0237999946391486));
#2114=CARTESIAN_POINT('',(-0.0678282838671039,0.000286676264329448,-0.0237999946391486));
#2115=CARTESIAN_POINT('',(-0.0668851241611567,0.001336129865926,-0.0237999946391486));
#2116=CARTESIAN_POINT('',(-0.0668851241611567,0.001336129865926,-0.0229999946391486));
#2117=CARTESIAN_POINT('',(-0.0669708928594749,0.000449841030767518,-0.0229999946391486));
#2118=CARTESIAN_POINT('',(-0.0669708928594749,0.000449841030767518,-0.0237999946391486));
#2119=CARTESIAN_POINT('',(-0.0669708928594749,0.000449841030767518,-0.0237999946391486));
#2120=CARTESIAN_POINT('',(-0.0668851241611567,0.001336129865926,-0.0237999946391486));
#2121=CARTESIAN_POINT('',(-0.0665682773867827,0.00461025858759434,-0.0237999946391486));
#2122=CARTESIAN_POINT('',(-0.0665682773867827,0.00461025858759434,-0.0229999946391486));
#2123=CARTESIAN_POINT('',(-0.0662445882690238,0.000442957444072872,-0.0229999946391486));
#2124=CARTESIAN_POINT('',(-0.0662445882690238,0.000442957444072872,-0.0237999946391486));
#2125=CARTESIAN_POINT('',(-0.0662445882690238,0.000442957444072872,-0.0237999946391486));
#2126=CARTESIAN_POINT('',(-0.0665682773867827,0.00461025858759434,-0.0237999946391486));
#2127=CARTESIAN_POINT('',(-0.0665870335876656,0.00485173330237262,-0.0237999946391486));
#2128=CARTESIAN_POINT('',(-0.0665870335876656,0.00485173330237262,-0.0229999946391486));
#2129=CARTESIAN_POINT('',(-0.0661999999999982,0.000446647790489377,-0.0229999946391486));
#2130=CARTESIAN_POINT('',(-0.0661999999999982,0.000446647790489377,-0.0237999946391486));
#2131=CARTESIAN_POINT('',(-0.0661999999999982,0.000446647790489377,-0.0237999946391486));
#2132=CARTESIAN_POINT('',(-0.0665870335876656,0.00485173330237262,-0.0237999946391486));
#2133=CARTESIAN_POINT('',(-0.0661999999999982,-0.000143064054603649,-0.0237999946391486));
#2134=CARTESIAN_POINT('',(-0.0661999999999982,-0.000143064054603648,-0.0229999946391486));
#2135=CARTESIAN_POINT('',(-0.0661999999999982,-0.000143064054603649,-0.0237999946391486));
#2136=CARTESIAN_POINT('',(-0.0697228288706337,0.00606633418553786,-0.0237999946391486));
#2137=CARTESIAN_POINT('',(-0.0697228288706337,0.00606633418553786,-0.0229999946391486));
#2138=MECHANICAL_DESIGN_GEOMETRIC_PRESENTATION_REPRESENTATION('',(#1167),
#2139);
#2139=(
GEOMETRIC_REPRESENTATION_CONTEXT(3)
GLOBAL_UNCERTAINTY_ASSIGNED_CONTEXT((#2140))
GLOBAL_UNIT_ASSIGNED_CONTEXT((#2143,#2142,#2141))
REPRESENTATION_CONTEXT('ForgeO1','TOP_LEVEL_ASSEMBLY_PART')
);
#2140=UNCERTAINTY_MEASURE_WITH_UNIT(LENGTH_MEASURE(1.E-8),#2143,
'DISTANCE_ACCURACY_VALUE','Maximum Tolerance applied to model');
#2141=(
NAMED_UNIT(*)
SI_UNIT($,.STERADIAN.)
SOLID_ANGLE_UNIT()
);
#2142=(
NAMED_UNIT(*)
PLANE_ANGLE_UNIT()
SI_UNIT($,.RADIAN.)
);
#2143=(
LENGTH_UNIT()
NAMED_UNIT(*)
SI_UNIT($,.METRE.)
);
#2144=PRODUCT_DEFINITION_SHAPE('','',#2145);
#2145=PRODUCT_DEFINITION('','',#2147,#2146);
#2146=PRODUCT_DEFINITION_CONTEXT('',#2153,'design');
#2147=PRODUCT_DEFINITION_FORMATION_WITH_SPECIFIED_SOURCE('','',#2149,
 .NOT_KNOWN.);
#2148=PRODUCT_RELATED_PRODUCT_CATEGORY('','',(#2149));
#2149=PRODUCT('ForgeO1','ForgeO1','ForgeO1',(#2151));
#2150=PRODUCT_CATEGORY('','');
#2151=PRODUCT_CONTEXT('',#2153,'mechanical');
#2152=APPLICATION_PROTOCOL_DEFINITION('international standard',
'ap242_managed_model_based_3d_engineering',2020,#2153);
#2153=APPLICATION_CONTEXT('managed model based 3d engineering');
ENDSEC;
END-ISO-10303-21;
