ISO-10303-21;
HEADER;
/* Generated by software containing ST-Developer
 * from STEP Tools, Inc. (www.steptools.com) 
 */
/* OPTION: using custom renumber hook */

FILE_DESCRIPTION(
/* description */ ('STEP AP242 Edition 2',
'CAx-IF Rec.Pracs.---Representation and Presentation of Product Manufa
cturing Information (PMI)---4.0---2014-10-13',
'CAx-IF Rec.Pracs.---3D Tessellated Geometry---0.4---2014-09-14','2;1',
'CAx-IF Rec.Pracs.---User Defined Attributes---1.5---2016-08-15'),
/* implementation_level */ '2;1');

FILE_NAME(
/* name */ 'CompleteShell - ForgeF',
/* time_stamp */ '2026-09-23T14:41:01Z',
/* author */ (''),
/* organization */ (''),
/* preprocessor_version */ 'ST-DEVELOPER v20',
/* originating_system */ 'ONSHAPE BY PTC INC, 1.221',
/* authorisation */ '  ');

FILE_SCHEMA (('AP242_MANAGED_MODEL_BASED_3D_ENGINEERING_MIM_LF { 1 0 10303 442 3 1 4 }'));
ENDSEC;

DATA;
#10=SHAPE_REPRESENTATION_RELATIONSHIP('','',#2296,#11);
#11=ADVANCED_BREP_SHAPE_REPRESENTATION('',(#2294),#4206);
#12=PLANE('',#2442);
#13=PLANE('',#2443);
#14=PLANE('',#2651);
#15=PLANE('',#2652);
#16=LINE('',#3493,#139);
#17=LINE('',#3497,#140);
#18=LINE('',#3501,#141);
#19=LINE('',#3507,#142);
#20=LINE('',#3513,#143);
#21=LINE('',#3519,#144);
#22=LINE('',#3525,#145);
#23=LINE('',#3531,#146);
#24=LINE('',#3537,#147);
#25=LINE('',#3543,#148);
#26=LINE('',#3549,#149);
#27=LINE('',#3555,#150);
#28=LINE('',#3561,#151);
#29=LINE('',#3567,#152);
#30=LINE('',#3573,#153);
#31=LINE('',#3579,#154);
#32=LINE('',#3585,#155);
#33=LINE('',#3591,#156);
#34=LINE('',#3597,#157);
#35=LINE('',#3603,#158);
#36=LINE('',#3609,#159);
#37=LINE('',#3615,#160);
#38=LINE('',#3621,#161);
#39=LINE('',#3627,#162);
#40=LINE('',#3633,#163);
#41=LINE('',#3639,#164);
#42=LINE('',#3645,#165);
#43=LINE('',#3651,#166);
#44=LINE('',#3657,#167);
#45=LINE('',#3663,#168);
#46=LINE('',#3669,#169);
#47=LINE('',#3675,#170);
#48=LINE('',#3681,#171);
#49=LINE('',#3687,#172);
#50=LINE('',#3693,#173);
#51=LINE('',#3699,#174);
#52=LINE('',#3705,#175);
#53=LINE('',#3711,#176);
#54=LINE('',#3717,#177);
#55=LINE('',#3723,#178);
#56=LINE('',#3729,#179);
#57=LINE('',#3735,#180);
#58=LINE('',#3741,#181);
#59=LINE('',#3747,#182);
#60=LINE('',#3753,#183);
#61=LINE('',#3759,#184);
#62=LINE('',#3765,#185);
#63=LINE('',#3771,#186);
#64=LINE('',#3777,#187);
#65=LINE('',#3781,#188);
#66=LINE('',#3783,#189);
#67=LINE('',#3785,#190);
#68=LINE('',#3787,#191);
#69=LINE('',#3789,#192);
#70=LINE('',#3791,#193);
#71=LINE('',#3795,#194);
#72=LINE('',#3801,#195);
#73=LINE('',#3807,#196);
#74=LINE('',#3813,#197);
#75=LINE('',#3819,#198);
#76=LINE('',#3825,#199);
#77=LINE('',#3831,#200);
#78=LINE('',#3837,#201);
#79=LINE('',#3843,#202);
#80=LINE('',#3849,#203);
#81=LINE('',#3855,#204);
#82=LINE('',#3861,#205);
#83=LINE('',#3867,#206);
#84=LINE('',#3873,#207);
#85=LINE('',#3879,#208);
#86=LINE('',#3885,#209);
#87=LINE('',#3891,#210);
#88=LINE('',#3897,#211);
#89=LINE('',#3903,#212);
#90=LINE('',#3909,#213);
#91=LINE('',#3915,#214);
#92=LINE('',#3921,#215);
#93=LINE('',#3927,#216);
#94=LINE('',#3933,#217);
#95=LINE('',#3939,#218);
#96=LINE('',#3945,#219);
#97=LINE('',#3951,#220);
#98=LINE('',#3957,#221);
#99=LINE('',#3963,#222);
#100=LINE('',#3969,#223);
#101=LINE('',#3975,#224);
#102=LINE('',#3981,#225);
#103=LINE('',#3987,#226);
#104=LINE('',#3993,#227);
#105=LINE('',#3999,#228);
#106=LINE('',#4005,#229);
#107=LINE('',#4011,#230);
#108=LINE('',#4017,#231);
#109=LINE('',#4023,#232);
#110=LINE('',#4029,#233);
#111=LINE('',#4035,#234);
#112=LINE('',#4041,#235);
#113=LINE('',#4047,#236);
#114=LINE('',#4053,#237);
#115=LINE('',#4059,#238);
#116=LINE('',#4065,#239);
#117=LINE('',#4071,#240);
#118=LINE('',#4077,#241);
#119=LINE('',#4083,#242);
#120=LINE('',#4089,#243);
#121=LINE('',#4095,#244);
#122=LINE('',#4101,#245);
#123=LINE('',#4107,#246);
#124=LINE('',#4113,#247);
#125=LINE('',#4119,#248);
#126=LINE('',#4125,#249);
#127=LINE('',#4131,#250);
#128=LINE('',#4137,#251);
#129=LINE('',#4143,#252);
#130=LINE('',#4149,#253);
#131=LINE('',#4155,#254);
#132=LINE('',#4161,#255);
#133=LINE('',#4167,#256);
#134=LINE('',#4173,#257);
#135=LINE('',#4179,#258);
#136=LINE('',#4185,#259);
#137=LINE('',#4191,#260);
#138=LINE('',#4197,#261);
#139=VECTOR('',#2659,1.);
#140=VECTOR('',#2662,1.);
#141=VECTOR('',#2667,1.);
#142=VECTOR('',#2674,1.);
#143=VECTOR('',#2681,1.);
#144=VECTOR('',#2688,1.);
#145=VECTOR('',#2695,1.);
#146=VECTOR('',#2702,1.);
#147=VECTOR('',#2709,1.);
#148=VECTOR('',#2716,1.);
#149=VECTOR('',#2723,1.);
#150=VECTOR('',#2730,1.);
#151=VECTOR('',#2737,1.);
#152=VECTOR('',#2744,1.);
#153=VECTOR('',#2751,1.);
#154=VECTOR('',#2758,1.);
#155=VECTOR('',#2765,1.);
#156=VECTOR('',#2772,1.);
#157=VECTOR('',#2779,1.);
#158=VECTOR('',#2786,1.);
#159=VECTOR('',#2793,1.);
#160=VECTOR('',#2800,1.);
#161=VECTOR('',#2807,1.);
#162=VECTOR('',#2814,1.);
#163=VECTOR('',#2821,1.);
#164=VECTOR('',#2828,1.);
#165=VECTOR('',#2835,1.);
#166=VECTOR('',#2842,1.);
#167=VECTOR('',#2849,1.);
#168=VECTOR('',#2856,1.);
#169=VECTOR('',#2863,1.);
#170=VECTOR('',#2870,1.);
#171=VECTOR('',#2877,1.);
#172=VECTOR('',#2884,1.);
#173=VECTOR('',#2891,1.);
#174=VECTOR('',#2898,1.);
#175=VECTOR('',#2905,1.);
#176=VECTOR('',#2912,1.);
#177=VECTOR('',#2919,1.);
#178=VECTOR('',#2926,1.);
#179=VECTOR('',#2933,1.);
#180=VECTOR('',#2940,1.);
#181=VECTOR('',#2947,1.);
#182=VECTOR('',#2954,1.);
#183=VECTOR('',#2961,1.);
#184=VECTOR('',#2968,1.);
#185=VECTOR('',#2975,1.);
#186=VECTOR('',#2982,1.);
#187=VECTOR('',#2989,1.);
#188=VECTOR('',#2994,1.);
#189=VECTOR('',#2995,1.);
#190=VECTOR('',#2996,1.);
#191=VECTOR('',#2999,1.);
#192=VECTOR('',#3000,1.);
#193=VECTOR('',#3001,1.);
#194=VECTOR('',#3006,1.);
#195=VECTOR('',#3013,1.);
#196=VECTOR('',#3020,1.);
#197=VECTOR('',#3027,1.);
#198=VECTOR('',#3034,1.);
#199=VECTOR('',#3041,1.);
#200=VECTOR('',#3048,1.);
#201=VECTOR('',#3055,1.);
#202=VECTOR('',#3062,1.);
#203=VECTOR('',#3069,1.);
#204=VECTOR('',#3076,1.);
#205=VECTOR('',#3083,1.);
#206=VECTOR('',#3090,1.);
#207=VECTOR('',#3097,1.);
#208=VECTOR('',#3104,1.);
#209=VECTOR('',#3111,1.);
#210=VECTOR('',#3118,1.);
#211=VECTOR('',#3125,1.);
#212=VECTOR('',#3132,1.);
#213=VECTOR('',#3139,1.);
#214=VECTOR('',#3146,1.);
#215=VECTOR('',#3153,1.);
#216=VECTOR('',#3160,1.);
#217=VECTOR('',#3167,1.);
#218=VECTOR('',#3174,1.);
#219=VECTOR('',#3181,1.);
#220=VECTOR('',#3188,1.);
#221=VECTOR('',#3195,1.);
#222=VECTOR('',#3202,1.);
#223=VECTOR('',#3209,1.);
#224=VECTOR('',#3216,1.);
#225=VECTOR('',#3223,1.);
#226=VECTOR('',#3230,1.);
#227=VECTOR('',#3237,1.);
#228=VECTOR('',#3244,1.);
#229=VECTOR('',#3251,1.);
#230=VECTOR('',#3258,1.);
#231=VECTOR('',#3265,1.);
#232=VECTOR('',#3272,1.);
#233=VECTOR('',#3279,1.);
#234=VECTOR('',#3286,1.);
#235=VECTOR('',#3293,1.);
#236=VECTOR('',#3300,1.);
#237=VECTOR('',#3307,1.);
#238=VECTOR('',#3314,1.);
#239=VECTOR('',#3321,1.);
#240=VECTOR('',#3328,1.);
#241=VECTOR('',#3335,1.);
#242=VECTOR('',#3342,1.);
#243=VECTOR('',#3349,1.);
#244=VECTOR('',#3356,1.);
#245=VECTOR('',#3363,1.);
#246=VECTOR('',#3370,1.);
#247=VECTOR('',#3377,1.);
#248=VECTOR('',#3384,1.);
#249=VECTOR('',#3391,1.);
#250=VECTOR('',#3398,1.);
#251=VECTOR('',#3405,1.);
#252=VECTOR('',#3412,1.);
#253=VECTOR('',#3419,1.);
#254=VECTOR('',#3426,1.);
#255=VECTOR('',#3433,1.);
#256=VECTOR('',#3440,1.);
#257=VECTOR('',#3447,1.);
#258=VECTOR('',#3454,1.);
#259=VECTOR('',#3461,1.);
#260=VECTOR('',#3468,1.);
#261=VECTOR('',#3475,1.);
#262=ORIENTED_EDGE('',*,*,#976,.T.);
#263=ORIENTED_EDGE('',*,*,#977,.F.);
#264=ORIENTED_EDGE('',*,*,#978,.F.);
#265=ORIENTED_EDGE('',*,*,#979,.T.);
#266=ORIENTED_EDGE('',*,*,#980,.T.);
#267=ORIENTED_EDGE('',*,*,#981,.F.);
#268=ORIENTED_EDGE('',*,*,#982,.F.);
#269=ORIENTED_EDGE('',*,*,#977,.T.);
#270=ORIENTED_EDGE('',*,*,#983,.T.);
#271=ORIENTED_EDGE('',*,*,#984,.F.);
#272=ORIENTED_EDGE('',*,*,#985,.F.);
#273=ORIENTED_EDGE('',*,*,#981,.T.);
#274=ORIENTED_EDGE('',*,*,#986,.T.);
#275=ORIENTED_EDGE('',*,*,#987,.F.);
#276=ORIENTED_EDGE('',*,*,#988,.F.);
#277=ORIENTED_EDGE('',*,*,#984,.T.);
#278=ORIENTED_EDGE('',*,*,#989,.T.);
#279=ORIENTED_EDGE('',*,*,#990,.F.);
#280=ORIENTED_EDGE('',*,*,#991,.F.);
#281=ORIENTED_EDGE('',*,*,#987,.T.);
#282=ORIENTED_EDGE('',*,*,#992,.T.);
#283=ORIENTED_EDGE('',*,*,#993,.F.);
#284=ORIENTED_EDGE('',*,*,#994,.F.);
#285=ORIENTED_EDGE('',*,*,#990,.T.);
#286=ORIENTED_EDGE('',*,*,#995,.T.);
#287=ORIENTED_EDGE('',*,*,#996,.F.);
#288=ORIENTED_EDGE('',*,*,#997,.F.);
#289=ORIENTED_EDGE('',*,*,#993,.T.);
#290=ORIENTED_EDGE('',*,*,#998,.T.);
#291=ORIENTED_EDGE('',*,*,#999,.F.);
#292=ORIENTED_EDGE('',*,*,#1000,.F.);
#293=ORIENTED_EDGE('',*,*,#996,.T.);
#294=ORIENTED_EDGE('',*,*,#1001,.T.);
#295=ORIENTED_EDGE('',*,*,#1002,.F.);
#296=ORIENTED_EDGE('',*,*,#1003,.F.);
#297=ORIENTED_EDGE('',*,*,#999,.T.);
#298=ORIENTED_EDGE('',*,*,#1004,.T.);
#299=ORIENTED_EDGE('',*,*,#1005,.F.);
#300=ORIENTED_EDGE('',*,*,#1006,.F.);
#301=ORIENTED_EDGE('',*,*,#1002,.T.);
#302=ORIENTED_EDGE('',*,*,#1007,.T.);
#303=ORIENTED_EDGE('',*,*,#1008,.F.);
#304=ORIENTED_EDGE('',*,*,#1009,.F.);
#305=ORIENTED_EDGE('',*,*,#1005,.T.);
#306=ORIENTED_EDGE('',*,*,#1010,.T.);
#307=ORIENTED_EDGE('',*,*,#1011,.F.);
#308=ORIENTED_EDGE('',*,*,#1012,.F.);
#309=ORIENTED_EDGE('',*,*,#1008,.T.);
#310=ORIENTED_EDGE('',*,*,#1013,.T.);
#311=ORIENTED_EDGE('',*,*,#1014,.F.);
#312=ORIENTED_EDGE('',*,*,#1015,.F.);
#313=ORIENTED_EDGE('',*,*,#1011,.T.);
#314=ORIENTED_EDGE('',*,*,#1016,.T.);
#315=ORIENTED_EDGE('',*,*,#1017,.F.);
#316=ORIENTED_EDGE('',*,*,#1018,.F.);
#317=ORIENTED_EDGE('',*,*,#1014,.T.);
#318=ORIENTED_EDGE('',*,*,#1019,.T.);
#319=ORIENTED_EDGE('',*,*,#1020,.F.);
#320=ORIENTED_EDGE('',*,*,#1021,.F.);
#321=ORIENTED_EDGE('',*,*,#1017,.T.);
#322=ORIENTED_EDGE('',*,*,#1022,.T.);
#323=ORIENTED_EDGE('',*,*,#1023,.F.);
#324=ORIENTED_EDGE('',*,*,#1024,.F.);
#325=ORIENTED_EDGE('',*,*,#1020,.T.);
#326=ORIENTED_EDGE('',*,*,#1025,.T.);
#327=ORIENTED_EDGE('',*,*,#1026,.F.);
#328=ORIENTED_EDGE('',*,*,#1027,.F.);
#329=ORIENTED_EDGE('',*,*,#1023,.T.);
#330=ORIENTED_EDGE('',*,*,#1028,.T.);
#331=ORIENTED_EDGE('',*,*,#1029,.F.);
#332=ORIENTED_EDGE('',*,*,#1030,.F.);
#333=ORIENTED_EDGE('',*,*,#1026,.T.);
#334=ORIENTED_EDGE('',*,*,#1031,.T.);
#335=ORIENTED_EDGE('',*,*,#1032,.F.);
#336=ORIENTED_EDGE('',*,*,#1033,.F.);
#337=ORIENTED_EDGE('',*,*,#1029,.T.);
#338=ORIENTED_EDGE('',*,*,#1034,.T.);
#339=ORIENTED_EDGE('',*,*,#1035,.F.);
#340=ORIENTED_EDGE('',*,*,#1036,.F.);
#341=ORIENTED_EDGE('',*,*,#1032,.T.);
#342=ORIENTED_EDGE('',*,*,#1037,.T.);
#343=ORIENTED_EDGE('',*,*,#1038,.F.);
#344=ORIENTED_EDGE('',*,*,#1039,.F.);
#345=ORIENTED_EDGE('',*,*,#1035,.T.);
#346=ORIENTED_EDGE('',*,*,#1040,.T.);
#347=ORIENTED_EDGE('',*,*,#1041,.F.);
#348=ORIENTED_EDGE('',*,*,#1042,.F.);
#349=ORIENTED_EDGE('',*,*,#1038,.T.);
#350=ORIENTED_EDGE('',*,*,#1043,.T.);
#351=ORIENTED_EDGE('',*,*,#1044,.F.);
#352=ORIENTED_EDGE('',*,*,#1045,.F.);
#353=ORIENTED_EDGE('',*,*,#1041,.T.);
#354=ORIENTED_EDGE('',*,*,#1046,.T.);
#355=ORIENTED_EDGE('',*,*,#1047,.F.);
#356=ORIENTED_EDGE('',*,*,#1048,.F.);
#357=ORIENTED_EDGE('',*,*,#1044,.T.);
#358=ORIENTED_EDGE('',*,*,#1049,.T.);
#359=ORIENTED_EDGE('',*,*,#1050,.F.);
#360=ORIENTED_EDGE('',*,*,#1051,.F.);
#361=ORIENTED_EDGE('',*,*,#1047,.T.);
#362=ORIENTED_EDGE('',*,*,#1052,.T.);
#363=ORIENTED_EDGE('',*,*,#1053,.F.);
#364=ORIENTED_EDGE('',*,*,#1054,.F.);
#365=ORIENTED_EDGE('',*,*,#1050,.T.);
#366=ORIENTED_EDGE('',*,*,#1055,.T.);
#367=ORIENTED_EDGE('',*,*,#1056,.F.);
#368=ORIENTED_EDGE('',*,*,#1057,.F.);
#369=ORIENTED_EDGE('',*,*,#1053,.T.);
#370=ORIENTED_EDGE('',*,*,#1058,.T.);
#371=ORIENTED_EDGE('',*,*,#1059,.F.);
#372=ORIENTED_EDGE('',*,*,#1060,.F.);
#373=ORIENTED_EDGE('',*,*,#1056,.T.);
#374=ORIENTED_EDGE('',*,*,#1061,.T.);
#375=ORIENTED_EDGE('',*,*,#1062,.F.);
#376=ORIENTED_EDGE('',*,*,#1063,.F.);
#377=ORIENTED_EDGE('',*,*,#1059,.T.);
#378=ORIENTED_EDGE('',*,*,#1064,.T.);
#379=ORIENTED_EDGE('',*,*,#1065,.F.);
#380=ORIENTED_EDGE('',*,*,#1066,.F.);
#381=ORIENTED_EDGE('',*,*,#1062,.T.);
#382=ORIENTED_EDGE('',*,*,#1067,.T.);
#383=ORIENTED_EDGE('',*,*,#1068,.F.);
#384=ORIENTED_EDGE('',*,*,#1069,.F.);
#385=ORIENTED_EDGE('',*,*,#1065,.T.);
#386=ORIENTED_EDGE('',*,*,#1070,.T.);
#387=ORIENTED_EDGE('',*,*,#1071,.F.);
#388=ORIENTED_EDGE('',*,*,#1072,.F.);
#389=ORIENTED_EDGE('',*,*,#1068,.T.);
#390=ORIENTED_EDGE('',*,*,#1073,.T.);
#391=ORIENTED_EDGE('',*,*,#1074,.F.);
#392=ORIENTED_EDGE('',*,*,#1075,.F.);
#393=ORIENTED_EDGE('',*,*,#1071,.T.);
#394=ORIENTED_EDGE('',*,*,#1076,.T.);
#395=ORIENTED_EDGE('',*,*,#1077,.F.);
#396=ORIENTED_EDGE('',*,*,#1078,.F.);
#397=ORIENTED_EDGE('',*,*,#1074,.T.);
#398=ORIENTED_EDGE('',*,*,#1079,.T.);
#399=ORIENTED_EDGE('',*,*,#1080,.F.);
#400=ORIENTED_EDGE('',*,*,#1081,.F.);
#401=ORIENTED_EDGE('',*,*,#1077,.T.);
#402=ORIENTED_EDGE('',*,*,#1082,.T.);
#403=ORIENTED_EDGE('',*,*,#1083,.F.);
#404=ORIENTED_EDGE('',*,*,#1084,.F.);
#405=ORIENTED_EDGE('',*,*,#1080,.T.);
#406=ORIENTED_EDGE('',*,*,#1085,.T.);
#407=ORIENTED_EDGE('',*,*,#1086,.F.);
#408=ORIENTED_EDGE('',*,*,#1087,.F.);
#409=ORIENTED_EDGE('',*,*,#1083,.T.);
#410=ORIENTED_EDGE('',*,*,#1088,.T.);
#411=ORIENTED_EDGE('',*,*,#1089,.F.);
#412=ORIENTED_EDGE('',*,*,#1090,.F.);
#413=ORIENTED_EDGE('',*,*,#1086,.T.);
#414=ORIENTED_EDGE('',*,*,#1091,.T.);
#415=ORIENTED_EDGE('',*,*,#1092,.F.);
#416=ORIENTED_EDGE('',*,*,#1093,.F.);
#417=ORIENTED_EDGE('',*,*,#1089,.T.);
#418=ORIENTED_EDGE('',*,*,#1094,.T.);
#419=ORIENTED_EDGE('',*,*,#1095,.F.);
#420=ORIENTED_EDGE('',*,*,#1096,.F.);
#421=ORIENTED_EDGE('',*,*,#1092,.T.);
#422=ORIENTED_EDGE('',*,*,#1097,.T.);
#423=ORIENTED_EDGE('',*,*,#1098,.F.);
#424=ORIENTED_EDGE('',*,*,#1099,.F.);
#425=ORIENTED_EDGE('',*,*,#1095,.T.);
#426=ORIENTED_EDGE('',*,*,#1100,.T.);
#427=ORIENTED_EDGE('',*,*,#1101,.F.);
#428=ORIENTED_EDGE('',*,*,#1102,.F.);
#429=ORIENTED_EDGE('',*,*,#1098,.T.);
#430=ORIENTED_EDGE('',*,*,#1103,.T.);
#431=ORIENTED_EDGE('',*,*,#1104,.F.);
#432=ORIENTED_EDGE('',*,*,#1105,.F.);
#433=ORIENTED_EDGE('',*,*,#1101,.T.);
#434=ORIENTED_EDGE('',*,*,#1106,.T.);
#435=ORIENTED_EDGE('',*,*,#1107,.F.);
#436=ORIENTED_EDGE('',*,*,#1108,.F.);
#437=ORIENTED_EDGE('',*,*,#1104,.T.);
#438=ORIENTED_EDGE('',*,*,#1109,.T.);
#439=ORIENTED_EDGE('',*,*,#1110,.F.);
#440=ORIENTED_EDGE('',*,*,#1111,.F.);
#441=ORIENTED_EDGE('',*,*,#1107,.T.);
#442=ORIENTED_EDGE('',*,*,#1112,.T.);
#443=ORIENTED_EDGE('',*,*,#1113,.F.);
#444=ORIENTED_EDGE('',*,*,#1114,.F.);
#445=ORIENTED_EDGE('',*,*,#1110,.T.);
#446=ORIENTED_EDGE('',*,*,#1115,.T.);
#447=ORIENTED_EDGE('',*,*,#1116,.F.);
#448=ORIENTED_EDGE('',*,*,#1117,.F.);
#449=ORIENTED_EDGE('',*,*,#1113,.T.);
#450=ORIENTED_EDGE('',*,*,#1118,.T.);
#451=ORIENTED_EDGE('',*,*,#1119,.F.);
#452=ORIENTED_EDGE('',*,*,#1120,.F.);
#453=ORIENTED_EDGE('',*,*,#1116,.T.);
#454=ORIENTED_EDGE('',*,*,#1121,.T.);
#455=ORIENTED_EDGE('',*,*,#1122,.F.);
#456=ORIENTED_EDGE('',*,*,#1123,.F.);
#457=ORIENTED_EDGE('',*,*,#1119,.T.);
#458=ORIENTED_EDGE('',*,*,#1124,.T.);
#459=ORIENTED_EDGE('',*,*,#1125,.F.);
#460=ORIENTED_EDGE('',*,*,#1126,.F.);
#461=ORIENTED_EDGE('',*,*,#1122,.T.);
#462=ORIENTED_EDGE('',*,*,#1127,.T.);
#463=ORIENTED_EDGE('',*,*,#1128,.F.);
#464=ORIENTED_EDGE('',*,*,#1129,.F.);
#465=ORIENTED_EDGE('',*,*,#1125,.T.);
#466=ORIENTED_EDGE('',*,*,#1130,.T.);
#467=ORIENTED_EDGE('',*,*,#1131,.F.);
#468=ORIENTED_EDGE('',*,*,#1132,.F.);
#469=ORIENTED_EDGE('',*,*,#1128,.T.);
#470=ORIENTED_EDGE('',*,*,#1133,.T.);
#471=ORIENTED_EDGE('',*,*,#1134,.F.);
#472=ORIENTED_EDGE('',*,*,#1135,.F.);
#473=ORIENTED_EDGE('',*,*,#1131,.T.);
#474=ORIENTED_EDGE('',*,*,#1136,.T.);
#475=ORIENTED_EDGE('',*,*,#1137,.F.);
#476=ORIENTED_EDGE('',*,*,#1138,.F.);
#477=ORIENTED_EDGE('',*,*,#1134,.T.);
#478=ORIENTED_EDGE('',*,*,#1139,.T.);
#479=ORIENTED_EDGE('',*,*,#1140,.F.);
#480=ORIENTED_EDGE('',*,*,#1141,.F.);
#481=ORIENTED_EDGE('',*,*,#1137,.T.);
#482=ORIENTED_EDGE('',*,*,#1142,.T.);
#483=ORIENTED_EDGE('',*,*,#1143,.F.);
#484=ORIENTED_EDGE('',*,*,#1144,.F.);
#485=ORIENTED_EDGE('',*,*,#1140,.T.);
#486=ORIENTED_EDGE('',*,*,#1145,.T.);
#487=ORIENTED_EDGE('',*,*,#1146,.F.);
#488=ORIENTED_EDGE('',*,*,#1147,.F.);
#489=ORIENTED_EDGE('',*,*,#1143,.T.);
#490=ORIENTED_EDGE('',*,*,#1148,.T.);
#491=ORIENTED_EDGE('',*,*,#1149,.F.);
#492=ORIENTED_EDGE('',*,*,#1150,.F.);
#493=ORIENTED_EDGE('',*,*,#1146,.T.);
#494=ORIENTED_EDGE('',*,*,#1151,.T.);
#495=ORIENTED_EDGE('',*,*,#1152,.F.);
#496=ORIENTED_EDGE('',*,*,#1153,.F.);
#497=ORIENTED_EDGE('',*,*,#1149,.T.);
#498=ORIENTED_EDGE('',*,*,#1154,.T.);
#499=ORIENTED_EDGE('',*,*,#1155,.F.);
#500=ORIENTED_EDGE('',*,*,#1156,.F.);
#501=ORIENTED_EDGE('',*,*,#1152,.T.);
#502=ORIENTED_EDGE('',*,*,#1157,.T.);
#503=ORIENTED_EDGE('',*,*,#1158,.F.);
#504=ORIENTED_EDGE('',*,*,#1159,.F.);
#505=ORIENTED_EDGE('',*,*,#1155,.T.);
#506=ORIENTED_EDGE('',*,*,#1160,.T.);
#507=ORIENTED_EDGE('',*,*,#1161,.F.);
#508=ORIENTED_EDGE('',*,*,#1162,.F.);
#509=ORIENTED_EDGE('',*,*,#1158,.T.);
#510=ORIENTED_EDGE('',*,*,#1163,.T.);
#511=ORIENTED_EDGE('',*,*,#1164,.F.);
#512=ORIENTED_EDGE('',*,*,#1165,.F.);
#513=ORIENTED_EDGE('',*,*,#1161,.T.);
#514=ORIENTED_EDGE('',*,*,#1166,.T.);
#515=ORIENTED_EDGE('',*,*,#1167,.F.);
#516=ORIENTED_EDGE('',*,*,#1168,.F.);
#517=ORIENTED_EDGE('',*,*,#1164,.T.);
#518=ORIENTED_EDGE('',*,*,#1169,.T.);
#519=ORIENTED_EDGE('',*,*,#1170,.F.);
#520=ORIENTED_EDGE('',*,*,#1171,.F.);
#521=ORIENTED_EDGE('',*,*,#1167,.T.);
#522=ORIENTED_EDGE('',*,*,#1172,.T.);
#523=ORIENTED_EDGE('',*,*,#1173,.F.);
#524=ORIENTED_EDGE('',*,*,#1174,.F.);
#525=ORIENTED_EDGE('',*,*,#1170,.T.);
#526=ORIENTED_EDGE('',*,*,#1175,.T.);
#527=ORIENTED_EDGE('',*,*,#1176,.F.);
#528=ORIENTED_EDGE('',*,*,#1177,.F.);
#529=ORIENTED_EDGE('',*,*,#1173,.T.);
#530=ORIENTED_EDGE('',*,*,#1178,.T.);
#531=ORIENTED_EDGE('',*,*,#1179,.F.);
#532=ORIENTED_EDGE('',*,*,#1180,.F.);
#533=ORIENTED_EDGE('',*,*,#1176,.T.);
#534=ORIENTED_EDGE('',*,*,#1181,.T.);
#535=ORIENTED_EDGE('',*,*,#1182,.F.);
#536=ORIENTED_EDGE('',*,*,#1183,.F.);
#537=ORIENTED_EDGE('',*,*,#1179,.T.);
#538=ORIENTED_EDGE('',*,*,#1184,.T.);
#539=ORIENTED_EDGE('',*,*,#1185,.F.);
#540=ORIENTED_EDGE('',*,*,#1186,.F.);
#541=ORIENTED_EDGE('',*,*,#1182,.T.);
#542=ORIENTED_EDGE('',*,*,#1187,.T.);
#543=ORIENTED_EDGE('',*,*,#1188,.F.);
#544=ORIENTED_EDGE('',*,*,#1189,.F.);
#545=ORIENTED_EDGE('',*,*,#1185,.T.);
#546=ORIENTED_EDGE('',*,*,#1190,.T.);
#547=ORIENTED_EDGE('',*,*,#1191,.F.);
#548=ORIENTED_EDGE('',*,*,#1192,.F.);
#549=ORIENTED_EDGE('',*,*,#1188,.T.);
#550=ORIENTED_EDGE('',*,*,#1193,.T.);
#551=ORIENTED_EDGE('',*,*,#1194,.F.);
#552=ORIENTED_EDGE('',*,*,#1195,.F.);
#553=ORIENTED_EDGE('',*,*,#1191,.T.);
#554=ORIENTED_EDGE('',*,*,#1196,.T.);
#555=ORIENTED_EDGE('',*,*,#1197,.F.);
#556=ORIENTED_EDGE('',*,*,#1198,.F.);
#557=ORIENTED_EDGE('',*,*,#1194,.T.);
#558=ORIENTED_EDGE('',*,*,#1199,.T.);
#559=ORIENTED_EDGE('',*,*,#1200,.F.);
#560=ORIENTED_EDGE('',*,*,#1201,.F.);
#561=ORIENTED_EDGE('',*,*,#1197,.T.);
#562=ORIENTED_EDGE('',*,*,#1202,.T.);
#563=ORIENTED_EDGE('',*,*,#1203,.F.);
#564=ORIENTED_EDGE('',*,*,#1204,.F.);
#565=ORIENTED_EDGE('',*,*,#1200,.T.);
#566=ORIENTED_EDGE('',*,*,#1205,.T.);
#567=ORIENTED_EDGE('',*,*,#1206,.F.);
#568=ORIENTED_EDGE('',*,*,#1207,.F.);
#569=ORIENTED_EDGE('',*,*,#1203,.T.);
#570=ORIENTED_EDGE('',*,*,#1208,.T.);
#571=ORIENTED_EDGE('',*,*,#1209,.F.);
#572=ORIENTED_EDGE('',*,*,#1210,.F.);
#573=ORIENTED_EDGE('',*,*,#1206,.T.);
#574=ORIENTED_EDGE('',*,*,#1211,.T.);
#575=ORIENTED_EDGE('',*,*,#1212,.F.);
#576=ORIENTED_EDGE('',*,*,#1213,.F.);
#577=ORIENTED_EDGE('',*,*,#1209,.T.);
#578=ORIENTED_EDGE('',*,*,#1214,.T.);
#579=ORIENTED_EDGE('',*,*,#1215,.F.);
#580=ORIENTED_EDGE('',*,*,#1216,.F.);
#581=ORIENTED_EDGE('',*,*,#1212,.T.);
#582=ORIENTED_EDGE('',*,*,#1217,.T.);
#583=ORIENTED_EDGE('',*,*,#1218,.F.);
#584=ORIENTED_EDGE('',*,*,#1219,.F.);
#585=ORIENTED_EDGE('',*,*,#1215,.T.);
#586=ORIENTED_EDGE('',*,*,#1220,.T.);
#587=ORIENTED_EDGE('',*,*,#1221,.F.);
#588=ORIENTED_EDGE('',*,*,#1222,.F.);
#589=ORIENTED_EDGE('',*,*,#1218,.T.);
#590=ORIENTED_EDGE('',*,*,#1223,.T.);
#591=ORIENTED_EDGE('',*,*,#1224,.F.);
#592=ORIENTED_EDGE('',*,*,#1225,.F.);
#593=ORIENTED_EDGE('',*,*,#1221,.T.);
#594=ORIENTED_EDGE('',*,*,#1226,.T.);
#595=ORIENTED_EDGE('',*,*,#1227,.F.);
#596=ORIENTED_EDGE('',*,*,#1228,.F.);
#597=ORIENTED_EDGE('',*,*,#1224,.T.);
#598=ORIENTED_EDGE('',*,*,#1229,.T.);
#599=ORIENTED_EDGE('',*,*,#1230,.F.);
#600=ORIENTED_EDGE('',*,*,#1231,.F.);
#601=ORIENTED_EDGE('',*,*,#1227,.T.);
#602=ORIENTED_EDGE('',*,*,#1232,.T.);
#603=ORIENTED_EDGE('',*,*,#1233,.F.);
#604=ORIENTED_EDGE('',*,*,#1234,.F.);
#605=ORIENTED_EDGE('',*,*,#1230,.T.);
#606=ORIENTED_EDGE('',*,*,#1235,.T.);
#607=ORIENTED_EDGE('',*,*,#1236,.F.);
#608=ORIENTED_EDGE('',*,*,#1237,.F.);
#609=ORIENTED_EDGE('',*,*,#1233,.T.);
#610=ORIENTED_EDGE('',*,*,#1238,.T.);
#611=ORIENTED_EDGE('',*,*,#1239,.F.);
#612=ORIENTED_EDGE('',*,*,#1240,.F.);
#613=ORIENTED_EDGE('',*,*,#1236,.T.);
#614=ORIENTED_EDGE('',*,*,#1241,.T.);
#615=ORIENTED_EDGE('',*,*,#1242,.F.);
#616=ORIENTED_EDGE('',*,*,#1243,.F.);
#617=ORIENTED_EDGE('',*,*,#1239,.T.);
#618=ORIENTED_EDGE('',*,*,#1244,.T.);
#619=ORIENTED_EDGE('',*,*,#1245,.F.);
#620=ORIENTED_EDGE('',*,*,#1246,.F.);
#621=ORIENTED_EDGE('',*,*,#1242,.T.);
#622=ORIENTED_EDGE('',*,*,#1247,.T.);
#623=ORIENTED_EDGE('',*,*,#1248,.F.);
#624=ORIENTED_EDGE('',*,*,#1249,.F.);
#625=ORIENTED_EDGE('',*,*,#1245,.T.);
#626=ORIENTED_EDGE('',*,*,#1250,.T.);
#627=ORIENTED_EDGE('',*,*,#1251,.F.);
#628=ORIENTED_EDGE('',*,*,#1252,.F.);
#629=ORIENTED_EDGE('',*,*,#1248,.T.);
#630=ORIENTED_EDGE('',*,*,#1253,.T.);
#631=ORIENTED_EDGE('',*,*,#1254,.F.);
#632=ORIENTED_EDGE('',*,*,#1255,.F.);
#633=ORIENTED_EDGE('',*,*,#1251,.T.);
#634=ORIENTED_EDGE('',*,*,#1256,.T.);
#635=ORIENTED_EDGE('',*,*,#1257,.F.);
#636=ORIENTED_EDGE('',*,*,#1258,.F.);
#637=ORIENTED_EDGE('',*,*,#1254,.T.);
#638=ORIENTED_EDGE('',*,*,#1259,.T.);
#639=ORIENTED_EDGE('',*,*,#1260,.F.);
#640=ORIENTED_EDGE('',*,*,#1261,.F.);
#641=ORIENTED_EDGE('',*,*,#1257,.T.);
#642=ORIENTED_EDGE('',*,*,#1262,.T.);
#643=ORIENTED_EDGE('',*,*,#1263,.F.);
#644=ORIENTED_EDGE('',*,*,#1264,.F.);
#645=ORIENTED_EDGE('',*,*,#1260,.T.);
#646=ORIENTED_EDGE('',*,*,#1265,.T.);
#647=ORIENTED_EDGE('',*,*,#1266,.F.);
#648=ORIENTED_EDGE('',*,*,#1267,.F.);
#649=ORIENTED_EDGE('',*,*,#1263,.T.);
#650=ORIENTED_EDGE('',*,*,#1268,.T.);
#651=ORIENTED_EDGE('',*,*,#1269,.F.);
#652=ORIENTED_EDGE('',*,*,#1270,.F.);
#653=ORIENTED_EDGE('',*,*,#1266,.T.);
#654=ORIENTED_EDGE('',*,*,#1271,.T.);
#655=ORIENTED_EDGE('',*,*,#1272,.F.);
#656=ORIENTED_EDGE('',*,*,#1273,.F.);
#657=ORIENTED_EDGE('',*,*,#1269,.T.);
#658=ORIENTED_EDGE('',*,*,#1274,.T.);
#659=ORIENTED_EDGE('',*,*,#1275,.F.);
#660=ORIENTED_EDGE('',*,*,#1276,.F.);
#661=ORIENTED_EDGE('',*,*,#1272,.T.);
#662=ORIENTED_EDGE('',*,*,#1277,.T.);
#663=ORIENTED_EDGE('',*,*,#1278,.F.);
#664=ORIENTED_EDGE('',*,*,#1279,.F.);
#665=ORIENTED_EDGE('',*,*,#1275,.T.);
#666=ORIENTED_EDGE('',*,*,#1280,.T.);
#667=ORIENTED_EDGE('',*,*,#1281,.F.);
#668=ORIENTED_EDGE('',*,*,#1282,.F.);
#669=ORIENTED_EDGE('',*,*,#1278,.T.);
#670=ORIENTED_EDGE('',*,*,#1283,.T.);
#671=ORIENTED_EDGE('',*,*,#1284,.F.);
#672=ORIENTED_EDGE('',*,*,#1285,.F.);
#673=ORIENTED_EDGE('',*,*,#1281,.T.);
#674=ORIENTED_EDGE('',*,*,#1286,.T.);
#675=ORIENTED_EDGE('',*,*,#1287,.F.);
#676=ORIENTED_EDGE('',*,*,#1288,.F.);
#677=ORIENTED_EDGE('',*,*,#1284,.T.);
#678=ORIENTED_EDGE('',*,*,#1289,.T.);
#679=ORIENTED_EDGE('',*,*,#1290,.F.);
#680=ORIENTED_EDGE('',*,*,#1291,.F.);
#681=ORIENTED_EDGE('',*,*,#1287,.T.);
#682=ORIENTED_EDGE('',*,*,#1292,.T.);
#683=ORIENTED_EDGE('',*,*,#1293,.F.);
#684=ORIENTED_EDGE('',*,*,#1294,.F.);
#685=ORIENTED_EDGE('',*,*,#1290,.T.);
#686=ORIENTED_EDGE('',*,*,#1295,.T.);
#687=ORIENTED_EDGE('',*,*,#1296,.F.);
#688=ORIENTED_EDGE('',*,*,#1297,.F.);
#689=ORIENTED_EDGE('',*,*,#1293,.T.);
#690=ORIENTED_EDGE('',*,*,#1298,.T.);
#691=ORIENTED_EDGE('',*,*,#1299,.F.);
#692=ORIENTED_EDGE('',*,*,#1300,.F.);
#693=ORIENTED_EDGE('',*,*,#1296,.T.);
#694=ORIENTED_EDGE('',*,*,#1301,.T.);
#695=ORIENTED_EDGE('',*,*,#1302,.F.);
#696=ORIENTED_EDGE('',*,*,#1303,.F.);
#697=ORIENTED_EDGE('',*,*,#1299,.T.);
#698=ORIENTED_EDGE('',*,*,#1304,.T.);
#699=ORIENTED_EDGE('',*,*,#1305,.F.);
#700=ORIENTED_EDGE('',*,*,#1306,.F.);
#701=ORIENTED_EDGE('',*,*,#1302,.T.);
#702=ORIENTED_EDGE('',*,*,#1307,.T.);
#703=ORIENTED_EDGE('',*,*,#1308,.F.);
#704=ORIENTED_EDGE('',*,*,#1309,.F.);
#705=ORIENTED_EDGE('',*,*,#1305,.T.);
#706=ORIENTED_EDGE('',*,*,#1310,.T.);
#707=ORIENTED_EDGE('',*,*,#1311,.F.);
#708=ORIENTED_EDGE('',*,*,#1312,.F.);
#709=ORIENTED_EDGE('',*,*,#1308,.T.);
#710=ORIENTED_EDGE('',*,*,#1313,.T.);
#711=ORIENTED_EDGE('',*,*,#1314,.F.);
#712=ORIENTED_EDGE('',*,*,#1315,.F.);
#713=ORIENTED_EDGE('',*,*,#1311,.T.);
#714=ORIENTED_EDGE('',*,*,#1316,.T.);
#715=ORIENTED_EDGE('',*,*,#1317,.F.);
#716=ORIENTED_EDGE('',*,*,#1318,.F.);
#717=ORIENTED_EDGE('',*,*,#1314,.T.);
#718=ORIENTED_EDGE('',*,*,#1319,.T.);
#719=ORIENTED_EDGE('',*,*,#1320,.F.);
#720=ORIENTED_EDGE('',*,*,#1321,.F.);
#721=ORIENTED_EDGE('',*,*,#1317,.T.);
#722=ORIENTED_EDGE('',*,*,#1322,.T.);
#723=ORIENTED_EDGE('',*,*,#1323,.F.);
#724=ORIENTED_EDGE('',*,*,#1324,.F.);
#725=ORIENTED_EDGE('',*,*,#1320,.T.);
#726=ORIENTED_EDGE('',*,*,#1325,.T.);
#727=ORIENTED_EDGE('',*,*,#1326,.F.);
#728=ORIENTED_EDGE('',*,*,#1327,.F.);
#729=ORIENTED_EDGE('',*,*,#1323,.T.);
#730=ORIENTED_EDGE('',*,*,#1328,.T.);
#731=ORIENTED_EDGE('',*,*,#1329,.F.);
#732=ORIENTED_EDGE('',*,*,#1330,.F.);
#733=ORIENTED_EDGE('',*,*,#1326,.T.);
#734=ORIENTED_EDGE('',*,*,#1331,.T.);
#735=ORIENTED_EDGE('',*,*,#979,.F.);
#736=ORIENTED_EDGE('',*,*,#1332,.F.);
#737=ORIENTED_EDGE('',*,*,#1329,.T.);
#738=ORIENTED_EDGE('',*,*,#978,.T.);
#739=ORIENTED_EDGE('',*,*,#982,.T.);
#740=ORIENTED_EDGE('',*,*,#985,.T.);
#741=ORIENTED_EDGE('',*,*,#988,.T.);
#742=ORIENTED_EDGE('',*,*,#991,.T.);
#743=ORIENTED_EDGE('',*,*,#994,.T.);
#744=ORIENTED_EDGE('',*,*,#997,.T.);
#745=ORIENTED_EDGE('',*,*,#1000,.T.);
#746=ORIENTED_EDGE('',*,*,#1003,.T.);
#747=ORIENTED_EDGE('',*,*,#1006,.T.);
#748=ORIENTED_EDGE('',*,*,#1009,.T.);
#749=ORIENTED_EDGE('',*,*,#1012,.T.);
#750=ORIENTED_EDGE('',*,*,#1015,.T.);
#751=ORIENTED_EDGE('',*,*,#1018,.T.);
#752=ORIENTED_EDGE('',*,*,#1021,.T.);
#753=ORIENTED_EDGE('',*,*,#1024,.T.);
#754=ORIENTED_EDGE('',*,*,#1027,.T.);
#755=ORIENTED_EDGE('',*,*,#1030,.T.);
#756=ORIENTED_EDGE('',*,*,#1033,.T.);
#757=ORIENTED_EDGE('',*,*,#1036,.T.);
#758=ORIENTED_EDGE('',*,*,#1039,.T.);
#759=ORIENTED_EDGE('',*,*,#1042,.T.);
#760=ORIENTED_EDGE('',*,*,#1045,.T.);
#761=ORIENTED_EDGE('',*,*,#1048,.T.);
#762=ORIENTED_EDGE('',*,*,#1051,.T.);
#763=ORIENTED_EDGE('',*,*,#1054,.T.);
#764=ORIENTED_EDGE('',*,*,#1057,.T.);
#765=ORIENTED_EDGE('',*,*,#1060,.T.);
#766=ORIENTED_EDGE('',*,*,#1063,.T.);
#767=ORIENTED_EDGE('',*,*,#1066,.T.);
#768=ORIENTED_EDGE('',*,*,#1069,.T.);
#769=ORIENTED_EDGE('',*,*,#1072,.T.);
#770=ORIENTED_EDGE('',*,*,#1075,.T.);
#771=ORIENTED_EDGE('',*,*,#1078,.T.);
#772=ORIENTED_EDGE('',*,*,#1081,.T.);
#773=ORIENTED_EDGE('',*,*,#1084,.T.);
#774=ORIENTED_EDGE('',*,*,#1087,.T.);
#775=ORIENTED_EDGE('',*,*,#1090,.T.);
#776=ORIENTED_EDGE('',*,*,#1093,.T.);
#777=ORIENTED_EDGE('',*,*,#1096,.T.);
#778=ORIENTED_EDGE('',*,*,#1099,.T.);
#779=ORIENTED_EDGE('',*,*,#1102,.T.);
#780=ORIENTED_EDGE('',*,*,#1105,.T.);
#781=ORIENTED_EDGE('',*,*,#1108,.T.);
#782=ORIENTED_EDGE('',*,*,#1111,.T.);
#783=ORIENTED_EDGE('',*,*,#1114,.T.);
#784=ORIENTED_EDGE('',*,*,#1117,.T.);
#785=ORIENTED_EDGE('',*,*,#1120,.T.);
#786=ORIENTED_EDGE('',*,*,#1123,.T.);
#787=ORIENTED_EDGE('',*,*,#1126,.T.);
#788=ORIENTED_EDGE('',*,*,#1129,.T.);
#789=ORIENTED_EDGE('',*,*,#1132,.T.);
#790=ORIENTED_EDGE('',*,*,#1135,.T.);
#791=ORIENTED_EDGE('',*,*,#1138,.T.);
#792=ORIENTED_EDGE('',*,*,#1141,.T.);
#793=ORIENTED_EDGE('',*,*,#1144,.T.);
#794=ORIENTED_EDGE('',*,*,#1147,.T.);
#795=ORIENTED_EDGE('',*,*,#1150,.T.);
#796=ORIENTED_EDGE('',*,*,#1153,.T.);
#797=ORIENTED_EDGE('',*,*,#1156,.T.);
#798=ORIENTED_EDGE('',*,*,#1159,.T.);
#799=ORIENTED_EDGE('',*,*,#1162,.T.);
#800=ORIENTED_EDGE('',*,*,#1165,.T.);
#801=ORIENTED_EDGE('',*,*,#1168,.T.);
#802=ORIENTED_EDGE('',*,*,#1171,.T.);
#803=ORIENTED_EDGE('',*,*,#1174,.T.);
#804=ORIENTED_EDGE('',*,*,#1177,.T.);
#805=ORIENTED_EDGE('',*,*,#1180,.T.);
#806=ORIENTED_EDGE('',*,*,#1183,.T.);
#807=ORIENTED_EDGE('',*,*,#1186,.T.);
#808=ORIENTED_EDGE('',*,*,#1189,.T.);
#809=ORIENTED_EDGE('',*,*,#1192,.T.);
#810=ORIENTED_EDGE('',*,*,#1195,.T.);
#811=ORIENTED_EDGE('',*,*,#1198,.T.);
#812=ORIENTED_EDGE('',*,*,#1201,.T.);
#813=ORIENTED_EDGE('',*,*,#1204,.T.);
#814=ORIENTED_EDGE('',*,*,#1207,.T.);
#815=ORIENTED_EDGE('',*,*,#1210,.T.);
#816=ORIENTED_EDGE('',*,*,#1213,.T.);
#817=ORIENTED_EDGE('',*,*,#1216,.T.);
#818=ORIENTED_EDGE('',*,*,#1219,.T.);
#819=ORIENTED_EDGE('',*,*,#1222,.T.);
#820=ORIENTED_EDGE('',*,*,#1225,.T.);
#821=ORIENTED_EDGE('',*,*,#1228,.T.);
#822=ORIENTED_EDGE('',*,*,#1231,.T.);
#823=ORIENTED_EDGE('',*,*,#1234,.T.);
#824=ORIENTED_EDGE('',*,*,#1237,.T.);
#825=ORIENTED_EDGE('',*,*,#1240,.T.);
#826=ORIENTED_EDGE('',*,*,#1243,.T.);
#827=ORIENTED_EDGE('',*,*,#1246,.T.);
#828=ORIENTED_EDGE('',*,*,#1249,.T.);
#829=ORIENTED_EDGE('',*,*,#1252,.T.);
#830=ORIENTED_EDGE('',*,*,#1255,.T.);
#831=ORIENTED_EDGE('',*,*,#1258,.T.);
#832=ORIENTED_EDGE('',*,*,#1261,.T.);
#833=ORIENTED_EDGE('',*,*,#1264,.T.);
#834=ORIENTED_EDGE('',*,*,#1267,.T.);
#835=ORIENTED_EDGE('',*,*,#1270,.T.);
#836=ORIENTED_EDGE('',*,*,#1273,.T.);
#837=ORIENTED_EDGE('',*,*,#1276,.T.);
#838=ORIENTED_EDGE('',*,*,#1279,.T.);
#839=ORIENTED_EDGE('',*,*,#1282,.T.);
#840=ORIENTED_EDGE('',*,*,#1285,.T.);
#841=ORIENTED_EDGE('',*,*,#1288,.T.);
#842=ORIENTED_EDGE('',*,*,#1291,.T.);
#843=ORIENTED_EDGE('',*,*,#1294,.T.);
#844=ORIENTED_EDGE('',*,*,#1297,.T.);
#845=ORIENTED_EDGE('',*,*,#1300,.T.);
#846=ORIENTED_EDGE('',*,*,#1303,.T.);
#847=ORIENTED_EDGE('',*,*,#1306,.T.);
#848=ORIENTED_EDGE('',*,*,#1309,.T.);
#849=ORIENTED_EDGE('',*,*,#1312,.T.);
#850=ORIENTED_EDGE('',*,*,#1315,.T.);
#851=ORIENTED_EDGE('',*,*,#1318,.T.);
#852=ORIENTED_EDGE('',*,*,#1321,.T.);
#853=ORIENTED_EDGE('',*,*,#1324,.T.);
#854=ORIENTED_EDGE('',*,*,#1327,.T.);
#855=ORIENTED_EDGE('',*,*,#1330,.T.);
#856=ORIENTED_EDGE('',*,*,#1332,.T.);
#857=ORIENTED_EDGE('',*,*,#976,.F.);
#858=ORIENTED_EDGE('',*,*,#1331,.F.);
#859=ORIENTED_EDGE('',*,*,#1328,.F.);
#860=ORIENTED_EDGE('',*,*,#1325,.F.);
#861=ORIENTED_EDGE('',*,*,#1322,.F.);
#862=ORIENTED_EDGE('',*,*,#1319,.F.);
#863=ORIENTED_EDGE('',*,*,#1316,.F.);
#864=ORIENTED_EDGE('',*,*,#1313,.F.);
#865=ORIENTED_EDGE('',*,*,#1310,.F.);
#866=ORIENTED_EDGE('',*,*,#1307,.F.);
#867=ORIENTED_EDGE('',*,*,#1304,.F.);
#868=ORIENTED_EDGE('',*,*,#1301,.F.);
#869=ORIENTED_EDGE('',*,*,#1298,.F.);
#870=ORIENTED_EDGE('',*,*,#1295,.F.);
#871=ORIENTED_EDGE('',*,*,#1292,.F.);
#872=ORIENTED_EDGE('',*,*,#1289,.F.);
#873=ORIENTED_EDGE('',*,*,#1286,.F.);
#874=ORIENTED_EDGE('',*,*,#1283,.F.);
#875=ORIENTED_EDGE('',*,*,#1280,.F.);
#876=ORIENTED_EDGE('',*,*,#1277,.F.);
#877=ORIENTED_EDGE('',*,*,#1274,.F.);
#878=ORIENTED_EDGE('',*,*,#1271,.F.);
#879=ORIENTED_EDGE('',*,*,#1268,.F.);
#880=ORIENTED_EDGE('',*,*,#1265,.F.);
#881=ORIENTED_EDGE('',*,*,#1262,.F.);
#882=ORIENTED_EDGE('',*,*,#1259,.F.);
#883=ORIENTED_EDGE('',*,*,#1256,.F.);
#884=ORIENTED_EDGE('',*,*,#1253,.F.);
#885=ORIENTED_EDGE('',*,*,#1250,.F.);
#886=ORIENTED_EDGE('',*,*,#1247,.F.);
#887=ORIENTED_EDGE('',*,*,#1244,.F.);
#888=ORIENTED_EDGE('',*,*,#1241,.F.);
#889=ORIENTED_EDGE('',*,*,#1238,.F.);
#890=ORIENTED_EDGE('',*,*,#1235,.F.);
#891=ORIENTED_EDGE('',*,*,#1232,.F.);
#892=ORIENTED_EDGE('',*,*,#1229,.F.);
#893=ORIENTED_EDGE('',*,*,#1226,.F.);
#894=ORIENTED_EDGE('',*,*,#1223,.F.);
#895=ORIENTED_EDGE('',*,*,#1220,.F.);
#896=ORIENTED_EDGE('',*,*,#1217,.F.);
#897=ORIENTED_EDGE('',*,*,#1214,.F.);
#898=ORIENTED_EDGE('',*,*,#1211,.F.);
#899=ORIENTED_EDGE('',*,*,#1208,.F.);
#900=ORIENTED_EDGE('',*,*,#1205,.F.);
#901=ORIENTED_EDGE('',*,*,#1202,.F.);
#902=ORIENTED_EDGE('',*,*,#1199,.F.);
#903=ORIENTED_EDGE('',*,*,#1196,.F.);
#904=ORIENTED_EDGE('',*,*,#1193,.F.);
#905=ORIENTED_EDGE('',*,*,#1190,.F.);
#906=ORIENTED_EDGE('',*,*,#1187,.F.);
#907=ORIENTED_EDGE('',*,*,#1184,.F.);
#908=ORIENTED_EDGE('',*,*,#1181,.F.);
#909=ORIENTED_EDGE('',*,*,#1178,.F.);
#910=ORIENTED_EDGE('',*,*,#1175,.F.);
#911=ORIENTED_EDGE('',*,*,#1172,.F.);
#912=ORIENTED_EDGE('',*,*,#1169,.F.);
#913=ORIENTED_EDGE('',*,*,#1166,.F.);
#914=ORIENTED_EDGE('',*,*,#1163,.F.);
#915=ORIENTED_EDGE('',*,*,#1160,.F.);
#916=ORIENTED_EDGE('',*,*,#1157,.F.);
#917=ORIENTED_EDGE('',*,*,#1154,.F.);
#918=ORIENTED_EDGE('',*,*,#1151,.F.);
#919=ORIENTED_EDGE('',*,*,#1148,.F.);
#920=ORIENTED_EDGE('',*,*,#1145,.F.);
#921=ORIENTED_EDGE('',*,*,#1142,.F.);
#922=ORIENTED_EDGE('',*,*,#1139,.F.);
#923=ORIENTED_EDGE('',*,*,#1136,.F.);
#924=ORIENTED_EDGE('',*,*,#1133,.F.);
#925=ORIENTED_EDGE('',*,*,#1130,.F.);
#926=ORIENTED_EDGE('',*,*,#1127,.F.);
#927=ORIENTED_EDGE('',*,*,#1124,.F.);
#928=ORIENTED_EDGE('',*,*,#1121,.F.);
#929=ORIENTED_EDGE('',*,*,#1118,.F.);
#930=ORIENTED_EDGE('',*,*,#1115,.F.);
#931=ORIENTED_EDGE('',*,*,#1112,.F.);
#932=ORIENTED_EDGE('',*,*,#1109,.F.);
#933=ORIENTED_EDGE('',*,*,#1106,.F.);
#934=ORIENTED_EDGE('',*,*,#1103,.F.);
#935=ORIENTED_EDGE('',*,*,#1100,.F.);
#936=ORIENTED_EDGE('',*,*,#1097,.F.);
#937=ORIENTED_EDGE('',*,*,#1094,.F.);
#938=ORIENTED_EDGE('',*,*,#1091,.F.);
#939=ORIENTED_EDGE('',*,*,#1088,.F.);
#940=ORIENTED_EDGE('',*,*,#1085,.F.);
#941=ORIENTED_EDGE('',*,*,#1082,.F.);
#942=ORIENTED_EDGE('',*,*,#1079,.F.);
#943=ORIENTED_EDGE('',*,*,#1076,.F.);
#944=ORIENTED_EDGE('',*,*,#1073,.F.);
#945=ORIENTED_EDGE('',*,*,#1070,.F.);
#946=ORIENTED_EDGE('',*,*,#1067,.F.);
#947=ORIENTED_EDGE('',*,*,#1064,.F.);
#948=ORIENTED_EDGE('',*,*,#1061,.F.);
#949=ORIENTED_EDGE('',*,*,#1058,.F.);
#950=ORIENTED_EDGE('',*,*,#1055,.F.);
#951=ORIENTED_EDGE('',*,*,#1052,.F.);
#952=ORIENTED_EDGE('',*,*,#1049,.F.);
#953=ORIENTED_EDGE('',*,*,#1046,.F.);
#954=ORIENTED_EDGE('',*,*,#1043,.F.);
#955=ORIENTED_EDGE('',*,*,#1040,.F.);
#956=ORIENTED_EDGE('',*,*,#1037,.F.);
#957=ORIENTED_EDGE('',*,*,#1034,.F.);
#958=ORIENTED_EDGE('',*,*,#1031,.F.);
#959=ORIENTED_EDGE('',*,*,#1028,.F.);
#960=ORIENTED_EDGE('',*,*,#1025,.F.);
#961=ORIENTED_EDGE('',*,*,#1022,.F.);
#962=ORIENTED_EDGE('',*,*,#1019,.F.);
#963=ORIENTED_EDGE('',*,*,#1016,.F.);
#964=ORIENTED_EDGE('',*,*,#1013,.F.);
#965=ORIENTED_EDGE('',*,*,#1010,.F.);
#966=ORIENTED_EDGE('',*,*,#1007,.F.);
#967=ORIENTED_EDGE('',*,*,#1004,.F.);
#968=ORIENTED_EDGE('',*,*,#1001,.F.);
#969=ORIENTED_EDGE('',*,*,#998,.F.);
#970=ORIENTED_EDGE('',*,*,#995,.F.);
#971=ORIENTED_EDGE('',*,*,#992,.F.);
#972=ORIENTED_EDGE('',*,*,#989,.F.);
#973=ORIENTED_EDGE('',*,*,#986,.F.);
#974=ORIENTED_EDGE('',*,*,#983,.F.);
#975=ORIENTED_EDGE('',*,*,#980,.F.);
#976=EDGE_CURVE('',#1333,#1334,#1571,.T.);
#977=EDGE_CURVE('',#1335,#1334,#16,.T.);
#978=EDGE_CURVE('',#1336,#1335,#1572,.T.);
#979=EDGE_CURVE('',#1336,#1333,#17,.T.);
#980=EDGE_CURVE('',#1334,#1337,#1573,.T.);
#981=EDGE_CURVE('',#1338,#1337,#18,.T.);
#982=EDGE_CURVE('',#1335,#1338,#1574,.T.);
#983=EDGE_CURVE('',#1337,#1339,#1575,.T.);
#984=EDGE_CURVE('',#1340,#1339,#19,.T.);
#985=EDGE_CURVE('',#1338,#1340,#1576,.T.);
#986=EDGE_CURVE('',#1339,#1341,#1577,.T.);
#987=EDGE_CURVE('',#1342,#1341,#20,.T.);
#988=EDGE_CURVE('',#1340,#1342,#1578,.T.);
#989=EDGE_CURVE('',#1341,#1343,#1579,.T.);
#990=EDGE_CURVE('',#1344,#1343,#21,.T.);
#991=EDGE_CURVE('',#1342,#1344,#1580,.T.);
#992=EDGE_CURVE('',#1343,#1345,#1581,.T.);
#993=EDGE_CURVE('',#1346,#1345,#22,.T.);
#994=EDGE_CURVE('',#1344,#1346,#1582,.T.);
#995=EDGE_CURVE('',#1345,#1347,#1583,.T.);
#996=EDGE_CURVE('',#1348,#1347,#23,.T.);
#997=EDGE_CURVE('',#1346,#1348,#1584,.T.);
#998=EDGE_CURVE('',#1347,#1349,#1585,.T.);
#999=EDGE_CURVE('',#1350,#1349,#24,.T.);
#1000=EDGE_CURVE('',#1348,#1350,#1586,.T.);
#1001=EDGE_CURVE('',#1349,#1351,#1587,.T.);
#1002=EDGE_CURVE('',#1352,#1351,#25,.T.);
#1003=EDGE_CURVE('',#1350,#1352,#1588,.T.);
#1004=EDGE_CURVE('',#1351,#1353,#1589,.T.);
#1005=EDGE_CURVE('',#1354,#1353,#26,.T.);
#1006=EDGE_CURVE('',#1352,#1354,#1590,.T.);
#1007=EDGE_CURVE('',#1353,#1355,#1591,.T.);
#1008=EDGE_CURVE('',#1356,#1355,#27,.T.);
#1009=EDGE_CURVE('',#1354,#1356,#1592,.T.);
#1010=EDGE_CURVE('',#1355,#1357,#1593,.T.);
#1011=EDGE_CURVE('',#1358,#1357,#28,.T.);
#1012=EDGE_CURVE('',#1356,#1358,#1594,.T.);
#1013=EDGE_CURVE('',#1357,#1359,#1595,.T.);
#1014=EDGE_CURVE('',#1360,#1359,#29,.T.);
#1015=EDGE_CURVE('',#1358,#1360,#1596,.T.);
#1016=EDGE_CURVE('',#1359,#1361,#1597,.T.);
#1017=EDGE_CURVE('',#1362,#1361,#30,.T.);
#1018=EDGE_CURVE('',#1360,#1362,#1598,.T.);
#1019=EDGE_CURVE('',#1361,#1363,#1599,.T.);
#1020=EDGE_CURVE('',#1364,#1363,#31,.T.);
#1021=EDGE_CURVE('',#1362,#1364,#1600,.T.);
#1022=EDGE_CURVE('',#1363,#1365,#1601,.T.);
#1023=EDGE_CURVE('',#1366,#1365,#32,.T.);
#1024=EDGE_CURVE('',#1364,#1366,#1602,.T.);
#1025=EDGE_CURVE('',#1365,#1367,#1603,.T.);
#1026=EDGE_CURVE('',#1368,#1367,#33,.T.);
#1027=EDGE_CURVE('',#1366,#1368,#1604,.T.);
#1028=EDGE_CURVE('',#1367,#1369,#1605,.T.);
#1029=EDGE_CURVE('',#1370,#1369,#34,.T.);
#1030=EDGE_CURVE('',#1368,#1370,#1606,.T.);
#1031=EDGE_CURVE('',#1369,#1371,#1607,.T.);
#1032=EDGE_CURVE('',#1372,#1371,#35,.T.);
#1033=EDGE_CURVE('',#1370,#1372,#1608,.T.);
#1034=EDGE_CURVE('',#1371,#1373,#1609,.T.);
#1035=EDGE_CURVE('',#1374,#1373,#36,.T.);
#1036=EDGE_CURVE('',#1372,#1374,#1610,.T.);
#1037=EDGE_CURVE('',#1373,#1375,#1611,.T.);
#1038=EDGE_CURVE('',#1376,#1375,#37,.T.);
#1039=EDGE_CURVE('',#1374,#1376,#1612,.T.);
#1040=EDGE_CURVE('',#1375,#1377,#1613,.T.);
#1041=EDGE_CURVE('',#1378,#1377,#38,.T.);
#1042=EDGE_CURVE('',#1376,#1378,#1614,.T.);
#1043=EDGE_CURVE('',#1377,#1379,#1615,.T.);
#1044=EDGE_CURVE('',#1380,#1379,#39,.T.);
#1045=EDGE_CURVE('',#1378,#1380,#1616,.T.);
#1046=EDGE_CURVE('',#1379,#1381,#1617,.T.);
#1047=EDGE_CURVE('',#1382,#1381,#40,.T.);
#1048=EDGE_CURVE('',#1380,#1382,#1618,.T.);
#1049=EDGE_CURVE('',#1381,#1383,#1619,.T.);
#1050=EDGE_CURVE('',#1384,#1383,#41,.T.);
#1051=EDGE_CURVE('',#1382,#1384,#1620,.T.);
#1052=EDGE_CURVE('',#1383,#1385,#1621,.T.);
#1053=EDGE_CURVE('',#1386,#1385,#42,.T.);
#1054=EDGE_CURVE('',#1384,#1386,#1622,.T.);
#1055=EDGE_CURVE('',#1385,#1387,#1623,.T.);
#1056=EDGE_CURVE('',#1388,#1387,#43,.T.);
#1057=EDGE_CURVE('',#1386,#1388,#1624,.T.);
#1058=EDGE_CURVE('',#1387,#1389,#1625,.T.);
#1059=EDGE_CURVE('',#1390,#1389,#44,.T.);
#1060=EDGE_CURVE('',#1388,#1390,#1626,.T.);
#1061=EDGE_CURVE('',#1389,#1391,#1627,.T.);
#1062=EDGE_CURVE('',#1392,#1391,#45,.T.);
#1063=EDGE_CURVE('',#1390,#1392,#1628,.T.);
#1064=EDGE_CURVE('',#1391,#1393,#1629,.T.);
#1065=EDGE_CURVE('',#1394,#1393,#46,.T.);
#1066=EDGE_CURVE('',#1392,#1394,#1630,.T.);
#1067=EDGE_CURVE('',#1393,#1395,#1631,.T.);
#1068=EDGE_CURVE('',#1396,#1395,#47,.T.);
#1069=EDGE_CURVE('',#1394,#1396,#1632,.T.);
#1070=EDGE_CURVE('',#1395,#1397,#1633,.T.);
#1071=EDGE_CURVE('',#1398,#1397,#48,.T.);
#1072=EDGE_CURVE('',#1396,#1398,#1634,.T.);
#1073=EDGE_CURVE('',#1397,#1399,#1635,.T.);
#1074=EDGE_CURVE('',#1400,#1399,#49,.T.);
#1075=EDGE_CURVE('',#1398,#1400,#1636,.T.);
#1076=EDGE_CURVE('',#1399,#1401,#1637,.T.);
#1077=EDGE_CURVE('',#1402,#1401,#50,.T.);
#1078=EDGE_CURVE('',#1400,#1402,#1638,.T.);
#1079=EDGE_CURVE('',#1401,#1403,#1639,.T.);
#1080=EDGE_CURVE('',#1404,#1403,#51,.T.);
#1081=EDGE_CURVE('',#1402,#1404,#1640,.T.);
#1082=EDGE_CURVE('',#1403,#1405,#1641,.T.);
#1083=EDGE_CURVE('',#1406,#1405,#52,.T.);
#1084=EDGE_CURVE('',#1404,#1406,#1642,.T.);
#1085=EDGE_CURVE('',#1405,#1407,#1643,.T.);
#1086=EDGE_CURVE('',#1408,#1407,#53,.T.);
#1087=EDGE_CURVE('',#1406,#1408,#1644,.T.);
#1088=EDGE_CURVE('',#1407,#1409,#1645,.T.);
#1089=EDGE_CURVE('',#1410,#1409,#54,.T.);
#1090=EDGE_CURVE('',#1408,#1410,#1646,.T.);
#1091=EDGE_CURVE('',#1409,#1411,#1647,.T.);
#1092=EDGE_CURVE('',#1412,#1411,#55,.T.);
#1093=EDGE_CURVE('',#1410,#1412,#1648,.T.);
#1094=EDGE_CURVE('',#1411,#1413,#1649,.T.);
#1095=EDGE_CURVE('',#1414,#1413,#56,.T.);
#1096=EDGE_CURVE('',#1412,#1414,#1650,.T.);
#1097=EDGE_CURVE('',#1413,#1415,#1651,.T.);
#1098=EDGE_CURVE('',#1416,#1415,#57,.T.);
#1099=EDGE_CURVE('',#1414,#1416,#1652,.T.);
#1100=EDGE_CURVE('',#1415,#1417,#1653,.T.);
#1101=EDGE_CURVE('',#1418,#1417,#58,.T.);
#1102=EDGE_CURVE('',#1416,#1418,#1654,.T.);
#1103=EDGE_CURVE('',#1417,#1419,#1655,.T.);
#1104=EDGE_CURVE('',#1420,#1419,#59,.T.);
#1105=EDGE_CURVE('',#1418,#1420,#1656,.T.);
#1106=EDGE_CURVE('',#1419,#1421,#1657,.T.);
#1107=EDGE_CURVE('',#1422,#1421,#60,.T.);
#1108=EDGE_CURVE('',#1420,#1422,#1658,.T.);
#1109=EDGE_CURVE('',#1421,#1423,#1659,.T.);
#1110=EDGE_CURVE('',#1424,#1423,#61,.T.);
#1111=EDGE_CURVE('',#1422,#1424,#1660,.T.);
#1112=EDGE_CURVE('',#1423,#1425,#1661,.T.);
#1113=EDGE_CURVE('',#1426,#1425,#62,.T.);
#1114=EDGE_CURVE('',#1424,#1426,#1662,.T.);
#1115=EDGE_CURVE('',#1425,#1427,#1663,.T.);
#1116=EDGE_CURVE('',#1428,#1427,#63,.T.);
#1117=EDGE_CURVE('',#1426,#1428,#1664,.T.);
#1118=EDGE_CURVE('',#1427,#1429,#1665,.T.);
#1119=EDGE_CURVE('',#1430,#1429,#64,.T.);
#1120=EDGE_CURVE('',#1428,#1430,#1666,.T.);
#1121=EDGE_CURVE('',#1429,#1431,#65,.T.);
#1122=EDGE_CURVE('',#1432,#1431,#66,.T.);
#1123=EDGE_CURVE('',#1430,#1432,#67,.T.);
#1124=EDGE_CURVE('',#1431,#1433,#68,.T.);
#1125=EDGE_CURVE('',#1434,#1433,#69,.T.);
#1126=EDGE_CURVE('',#1432,#1434,#70,.T.);
#1127=EDGE_CURVE('',#1433,#1435,#1667,.T.);
#1128=EDGE_CURVE('',#1436,#1435,#71,.T.);
#1129=EDGE_CURVE('',#1434,#1436,#1668,.T.);
#1130=EDGE_CURVE('',#1435,#1437,#1669,.T.);
#1131=EDGE_CURVE('',#1438,#1437,#72,.T.);
#1132=EDGE_CURVE('',#1436,#1438,#1670,.T.);
#1133=EDGE_CURVE('',#1437,#1439,#1671,.T.);
#1134=EDGE_CURVE('',#1440,#1439,#73,.T.);
#1135=EDGE_CURVE('',#1438,#1440,#1672,.T.);
#1136=EDGE_CURVE('',#1439,#1441,#1673,.T.);
#1137=EDGE_CURVE('',#1442,#1441,#74,.T.);
#1138=EDGE_CURVE('',#1440,#1442,#1674,.T.);
#1139=EDGE_CURVE('',#1441,#1443,#1675,.T.);
#1140=EDGE_CURVE('',#1444,#1443,#75,.T.);
#1141=EDGE_CURVE('',#1442,#1444,#1676,.T.);
#1142=EDGE_CURVE('',#1443,#1445,#1677,.T.);
#1143=EDGE_CURVE('',#1446,#1445,#76,.T.);
#1144=EDGE_CURVE('',#1444,#1446,#1678,.T.);
#1145=EDGE_CURVE('',#1445,#1447,#1679,.T.);
#1146=EDGE_CURVE('',#1448,#1447,#77,.T.);
#1147=EDGE_CURVE('',#1446,#1448,#1680,.T.);
#1148=EDGE_CURVE('',#1447,#1449,#1681,.T.);
#1149=EDGE_CURVE('',#1450,#1449,#78,.T.);
#1150=EDGE_CURVE('',#1448,#1450,#1682,.T.);
#1151=EDGE_CURVE('',#1449,#1451,#1683,.T.);
#1152=EDGE_CURVE('',#1452,#1451,#79,.T.);
#1153=EDGE_CURVE('',#1450,#1452,#1684,.T.);
#1154=EDGE_CURVE('',#1451,#1453,#1685,.T.);
#1155=EDGE_CURVE('',#1454,#1453,#80,.T.);
#1156=EDGE_CURVE('',#1452,#1454,#1686,.T.);
#1157=EDGE_CURVE('',#1453,#1455,#1687,.T.);
#1158=EDGE_CURVE('',#1456,#1455,#81,.T.);
#1159=EDGE_CURVE('',#1454,#1456,#1688,.T.);
#1160=EDGE_CURVE('',#1455,#1457,#1689,.T.);
#1161=EDGE_CURVE('',#1458,#1457,#82,.T.);
#1162=EDGE_CURVE('',#1456,#1458,#1690,.T.);
#1163=EDGE_CURVE('',#1457,#1459,#1691,.T.);
#1164=EDGE_CURVE('',#1460,#1459,#83,.T.);
#1165=EDGE_CURVE('',#1458,#1460,#1692,.T.);
#1166=EDGE_CURVE('',#1459,#1461,#1693,.T.);
#1167=EDGE_CURVE('',#1462,#1461,#84,.T.);
#1168=EDGE_CURVE('',#1460,#1462,#1694,.T.);
#1169=EDGE_CURVE('',#1461,#1463,#1695,.T.);
#1170=EDGE_CURVE('',#1464,#1463,#85,.T.);
#1171=EDGE_CURVE('',#1462,#1464,#1696,.T.);
#1172=EDGE_CURVE('',#1463,#1465,#1697,.T.);
#1173=EDGE_CURVE('',#1466,#1465,#86,.T.);
#1174=EDGE_CURVE('',#1464,#1466,#1698,.T.);
#1175=EDGE_CURVE('',#1465,#1467,#1699,.T.);
#1176=EDGE_CURVE('',#1468,#1467,#87,.T.);
#1177=EDGE_CURVE('',#1466,#1468,#1700,.T.);
#1178=EDGE_CURVE('',#1467,#1469,#1701,.T.);
#1179=EDGE_CURVE('',#1470,#1469,#88,.T.);
#1180=EDGE_CURVE('',#1468,#1470,#1702,.T.);
#1181=EDGE_CURVE('',#1469,#1471,#1703,.T.);
#1182=EDGE_CURVE('',#1472,#1471,#89,.T.);
#1183=EDGE_CURVE('',#1470,#1472,#1704,.T.);
#1184=EDGE_CURVE('',#1471,#1473,#1705,.T.);
#1185=EDGE_CURVE('',#1474,#1473,#90,.T.);
#1186=EDGE_CURVE('',#1472,#1474,#1706,.T.);
#1187=EDGE_CURVE('',#1473,#1475,#1707,.T.);
#1188=EDGE_CURVE('',#1476,#1475,#91,.T.);
#1189=EDGE_CURVE('',#1474,#1476,#1708,.T.);
#1190=EDGE_CURVE('',#1475,#1477,#1709,.T.);
#1191=EDGE_CURVE('',#1478,#1477,#92,.T.);
#1192=EDGE_CURVE('',#1476,#1478,#1710,.T.);
#1193=EDGE_CURVE('',#1477,#1479,#1711,.T.);
#1194=EDGE_CURVE('',#1480,#1479,#93,.T.);
#1195=EDGE_CURVE('',#1478,#1480,#1712,.T.);
#1196=EDGE_CURVE('',#1479,#1481,#1713,.T.);
#1197=EDGE_CURVE('',#1482,#1481,#94,.T.);
#1198=EDGE_CURVE('',#1480,#1482,#1714,.T.);
#1199=EDGE_CURVE('',#1481,#1483,#1715,.T.);
#1200=EDGE_CURVE('',#1484,#1483,#95,.T.);
#1201=EDGE_CURVE('',#1482,#1484,#1716,.T.);
#1202=EDGE_CURVE('',#1483,#1485,#1717,.T.);
#1203=EDGE_CURVE('',#1486,#1485,#96,.T.);
#1204=EDGE_CURVE('',#1484,#1486,#1718,.T.);
#1205=EDGE_CURVE('',#1485,#1487,#1719,.T.);
#1206=EDGE_CURVE('',#1488,#1487,#97,.T.);
#1207=EDGE_CURVE('',#1486,#1488,#1720,.T.);
#1208=EDGE_CURVE('',#1487,#1489,#1721,.T.);
#1209=EDGE_CURVE('',#1490,#1489,#98,.T.);
#1210=EDGE_CURVE('',#1488,#1490,#1722,.T.);
#1211=EDGE_CURVE('',#1489,#1491,#1723,.T.);
#1212=EDGE_CURVE('',#1492,#1491,#99,.T.);
#1213=EDGE_CURVE('',#1490,#1492,#1724,.T.);
#1214=EDGE_CURVE('',#1491,#1493,#1725,.T.);
#1215=EDGE_CURVE('',#1494,#1493,#100,.T.);
#1216=EDGE_CURVE('',#1492,#1494,#1726,.T.);
#1217=EDGE_CURVE('',#1493,#1495,#1727,.T.);
#1218=EDGE_CURVE('',#1496,#1495,#101,.T.);
#1219=EDGE_CURVE('',#1494,#1496,#1728,.T.);
#1220=EDGE_CURVE('',#1495,#1497,#1729,.T.);
#1221=EDGE_CURVE('',#1498,#1497,#102,.T.);
#1222=EDGE_CURVE('',#1496,#1498,#1730,.T.);
#1223=EDGE_CURVE('',#1497,#1499,#1731,.T.);
#1224=EDGE_CURVE('',#1500,#1499,#103,.T.);
#1225=EDGE_CURVE('',#1498,#1500,#1732,.T.);
#1226=EDGE_CURVE('',#1499,#1501,#1733,.T.);
#1227=EDGE_CURVE('',#1502,#1501,#104,.T.);
#1228=EDGE_CURVE('',#1500,#1502,#1734,.T.);
#1229=EDGE_CURVE('',#1501,#1503,#1735,.T.);
#1230=EDGE_CURVE('',#1504,#1503,#105,.T.);
#1231=EDGE_CURVE('',#1502,#1504,#1736,.T.);
#1232=EDGE_CURVE('',#1503,#1505,#1737,.T.);
#1233=EDGE_CURVE('',#1506,#1505,#106,.T.);
#1234=EDGE_CURVE('',#1504,#1506,#1738,.T.);
#1235=EDGE_CURVE('',#1505,#1507,#1739,.T.);
#1236=EDGE_CURVE('',#1508,#1507,#107,.T.);
#1237=EDGE_CURVE('',#1506,#1508,#1740,.T.);
#1238=EDGE_CURVE('',#1507,#1509,#1741,.T.);
#1239=EDGE_CURVE('',#1510,#1509,#108,.T.);
#1240=EDGE_CURVE('',#1508,#1510,#1742,.T.);
#1241=EDGE_CURVE('',#1509,#1511,#1743,.T.);
#1242=EDGE_CURVE('',#1512,#1511,#109,.T.);
#1243=EDGE_CURVE('',#1510,#1512,#1744,.T.);
#1244=EDGE_CURVE('',#1511,#1513,#1745,.T.);
#1245=EDGE_CURVE('',#1514,#1513,#110,.T.);
#1246=EDGE_CURVE('',#1512,#1514,#1746,.T.);
#1247=EDGE_CURVE('',#1513,#1515,#1747,.T.);
#1248=EDGE_CURVE('',#1516,#1515,#111,.T.);
#1249=EDGE_CURVE('',#1514,#1516,#1748,.T.);
#1250=EDGE_CURVE('',#1515,#1517,#1749,.T.);
#1251=EDGE_CURVE('',#1518,#1517,#112,.T.);
#1252=EDGE_CURVE('',#1516,#1518,#1750,.T.);
#1253=EDGE_CURVE('',#1517,#1519,#1751,.T.);
#1254=EDGE_CURVE('',#1520,#1519,#113,.T.);
#1255=EDGE_CURVE('',#1518,#1520,#1752,.T.);
#1256=EDGE_CURVE('',#1519,#1521,#1753,.T.);
#1257=EDGE_CURVE('',#1522,#1521,#114,.T.);
#1258=EDGE_CURVE('',#1520,#1522,#1754,.T.);
#1259=EDGE_CURVE('',#1521,#1523,#1755,.T.);
#1260=EDGE_CURVE('',#1524,#1523,#115,.T.);
#1261=EDGE_CURVE('',#1522,#1524,#1756,.T.);
#1262=EDGE_CURVE('',#1523,#1525,#1757,.T.);
#1263=EDGE_CURVE('',#1526,#1525,#116,.T.);
#1264=EDGE_CURVE('',#1524,#1526,#1758,.T.);
#1265=EDGE_CURVE('',#1525,#1527,#1759,.T.);
#1266=EDGE_CURVE('',#1528,#1527,#117,.T.);
#1267=EDGE_CURVE('',#1526,#1528,#1760,.T.);
#1268=EDGE_CURVE('',#1527,#1529,#1761,.T.);
#1269=EDGE_CURVE('',#1530,#1529,#118,.T.);
#1270=EDGE_CURVE('',#1528,#1530,#1762,.T.);
#1271=EDGE_CURVE('',#1529,#1531,#1763,.T.);
#1272=EDGE_CURVE('',#1532,#1531,#119,.T.);
#1273=EDGE_CURVE('',#1530,#1532,#1764,.T.);
#1274=EDGE_CURVE('',#1531,#1533,#1765,.T.);
#1275=EDGE_CURVE('',#1534,#1533,#120,.T.);
#1276=EDGE_CURVE('',#1532,#1534,#1766,.T.);
#1277=EDGE_CURVE('',#1533,#1535,#1767,.T.);
#1278=EDGE_CURVE('',#1536,#1535,#121,.T.);
#1279=EDGE_CURVE('',#1534,#1536,#1768,.T.);
#1280=EDGE_CURVE('',#1535,#1537,#1769,.T.);
#1281=EDGE_CURVE('',#1538,#1537,#122,.T.);
#1282=EDGE_CURVE('',#1536,#1538,#1770,.T.);
#1283=EDGE_CURVE('',#1537,#1539,#1771,.T.);
#1284=EDGE_CURVE('',#1540,#1539,#123,.T.);
#1285=EDGE_CURVE('',#1538,#1540,#1772,.T.);
#1286=EDGE_CURVE('',#1539,#1541,#1773,.T.);
#1287=EDGE_CURVE('',#1542,#1541,#124,.T.);
#1288=EDGE_CURVE('',#1540,#1542,#1774,.T.);
#1289=EDGE_CURVE('',#1541,#1543,#1775,.T.);
#1290=EDGE_CURVE('',#1544,#1543,#125,.T.);
#1291=EDGE_CURVE('',#1542,#1544,#1776,.T.);
#1292=EDGE_CURVE('',#1543,#1545,#1777,.T.);
#1293=EDGE_CURVE('',#1546,#1545,#126,.T.);
#1294=EDGE_CURVE('',#1544,#1546,#1778,.T.);
#1295=EDGE_CURVE('',#1545,#1547,#1779,.T.);
#1296=EDGE_CURVE('',#1548,#1547,#127,.T.);
#1297=EDGE_CURVE('',#1546,#1548,#1780,.T.);
#1298=EDGE_CURVE('',#1547,#1549,#1781,.T.);
#1299=EDGE_CURVE('',#1550,#1549,#128,.T.);
#1300=EDGE_CURVE('',#1548,#1550,#1782,.T.);
#1301=EDGE_CURVE('',#1549,#1551,#1783,.T.);
#1302=EDGE_CURVE('',#1552,#1551,#129,.T.);
#1303=EDGE_CURVE('',#1550,#1552,#1784,.T.);
#1304=EDGE_CURVE('',#1551,#1553,#1785,.T.);
#1305=EDGE_CURVE('',#1554,#1553,#130,.T.);
#1306=EDGE_CURVE('',#1552,#1554,#1786,.T.);
#1307=EDGE_CURVE('',#1553,#1555,#1787,.T.);
#1308=EDGE_CURVE('',#1556,#1555,#131,.T.);
#1309=EDGE_CURVE('',#1554,#1556,#1788,.T.);
#1310=EDGE_CURVE('',#1555,#1557,#1789,.T.);
#1311=EDGE_CURVE('',#1558,#1557,#132,.T.);
#1312=EDGE_CURVE('',#1556,#1558,#1790,.T.);
#1313=EDGE_CURVE('',#1557,#1559,#1791,.T.);
#1314=EDGE_CURVE('',#1560,#1559,#133,.T.);
#1315=EDGE_CURVE('',#1558,#1560,#1792,.T.);
#1316=EDGE_CURVE('',#1559,#1561,#1793,.T.);
#1317=EDGE_CURVE('',#1562,#1561,#134,.T.);
#1318=EDGE_CURVE('',#1560,#1562,#1794,.T.);
#1319=EDGE_CURVE('',#1561,#1563,#1795,.T.);
#1320=EDGE_CURVE('',#1564,#1563,#135,.T.);
#1321=EDGE_CURVE('',#1562,#1564,#1796,.T.);
#1322=EDGE_CURVE('',#1563,#1565,#1797,.T.);
#1323=EDGE_CURVE('',#1566,#1565,#136,.T.);
#1324=EDGE_CURVE('',#1564,#1566,#1798,.T.);
#1325=EDGE_CURVE('',#1565,#1567,#1799,.T.);
#1326=EDGE_CURVE('',#1568,#1567,#137,.T.);
#1327=EDGE_CURVE('',#1566,#1568,#1800,.T.);
#1328=EDGE_CURVE('',#1567,#1569,#1801,.T.);
#1329=EDGE_CURVE('',#1570,#1569,#138,.T.);
#1330=EDGE_CURVE('',#1568,#1570,#1802,.T.);
#1331=EDGE_CURVE('',#1569,#1333,#1803,.T.);
#1332=EDGE_CURVE('',#1570,#1336,#1804,.T.);
#1333=VERTEX_POINT('',#3491);
#1334=VERTEX_POINT('',#3492);
#1335=VERTEX_POINT('',#3494);
#1336=VERTEX_POINT('',#3496);
#1337=VERTEX_POINT('',#3500);
#1338=VERTEX_POINT('',#3502);
#1339=VERTEX_POINT('',#3506);
#1340=VERTEX_POINT('',#3508);
#1341=VERTEX_POINT('',#3512);
#1342=VERTEX_POINT('',#3514);
#1343=VERTEX_POINT('',#3518);
#1344=VERTEX_POINT('',#3520);
#1345=VERTEX_POINT('',#3524);
#1346=VERTEX_POINT('',#3526);
#1347=VERTEX_POINT('',#3530);
#1348=VERTEX_POINT('',#3532);
#1349=VERTEX_POINT('',#3536);
#1350=VERTEX_POINT('',#3538);
#1351=VERTEX_POINT('',#3542);
#1352=VERTEX_POINT('',#3544);
#1353=VERTEX_POINT('',#3548);
#1354=VERTEX_POINT('',#3550);
#1355=VERTEX_POINT('',#3554);
#1356=VERTEX_POINT('',#3556);
#1357=VERTEX_POINT('',#3560);
#1358=VERTEX_POINT('',#3562);
#1359=VERTEX_POINT('',#3566);
#1360=VERTEX_POINT('',#3568);
#1361=VERTEX_POINT('',#3572);
#1362=VERTEX_POINT('',#3574);
#1363=VERTEX_POINT('',#3578);
#1364=VERTEX_POINT('',#3580);
#1365=VERTEX_POINT('',#3584);
#1366=VERTEX_POINT('',#3586);
#1367=VERTEX_POINT('',#3590);
#1368=VERTEX_POINT('',#3592);
#1369=VERTEX_POINT('',#3596);
#1370=VERTEX_POINT('',#3598);
#1371=VERTEX_POINT('',#3602);
#1372=VERTEX_POINT('',#3604);
#1373=VERTEX_POINT('',#3608);
#1374=VERTEX_POINT('',#3610);
#1375=VERTEX_POINT('',#3614);
#1376=VERTEX_POINT('',#3616);
#1377=VERTEX_POINT('',#3620);
#1378=VERTEX_POINT('',#3622);
#1379=VERTEX_POINT('',#3626);
#1380=VERTEX_POINT('',#3628);
#1381=VERTEX_POINT('',#3632);
#1382=VERTEX_POINT('',#3634);
#1383=VERTEX_POINT('',#3638);
#1384=VERTEX_POINT('',#3640);
#1385=VERTEX_POINT('',#3644);
#1386=VERTEX_POINT('',#3646);
#1387=VERTEX_POINT('',#3650);
#1388=VERTEX_POINT('',#3652);
#1389=VERTEX_POINT('',#3656);
#1390=VERTEX_POINT('',#3658);
#1391=VERTEX_POINT('',#3662);
#1392=VERTEX_POINT('',#3664);
#1393=VERTEX_POINT('',#3668);
#1394=VERTEX_POINT('',#3670);
#1395=VERTEX_POINT('',#3674);
#1396=VERTEX_POINT('',#3676);
#1397=VERTEX_POINT('',#3680);
#1398=VERTEX_POINT('',#3682);
#1399=VERTEX_POINT('',#3686);
#1400=VERTEX_POINT('',#3688);
#1401=VERTEX_POINT('',#3692);
#1402=VERTEX_POINT('',#3694);
#1403=VERTEX_POINT('',#3698);
#1404=VERTEX_POINT('',#3700);
#1405=VERTEX_POINT('',#3704);
#1406=VERTEX_POINT('',#3706);
#1407=VERTEX_POINT('',#3710);
#1408=VERTEX_POINT('',#3712);
#1409=VERTEX_POINT('',#3716);
#1410=VERTEX_POINT('',#3718);
#1411=VERTEX_POINT('',#3722);
#1412=VERTEX_POINT('',#3724);
#1413=VERTEX_POINT('',#3728);
#1414=VERTEX_POINT('',#3730);
#1415=VERTEX_POINT('',#3734);
#1416=VERTEX_POINT('',#3736);
#1417=VERTEX_POINT('',#3740);
#1418=VERTEX_POINT('',#3742);
#1419=VERTEX_POINT('',#3746);
#1420=VERTEX_POINT('',#3748);
#1421=VERTEX_POINT('',#3752);
#1422=VERTEX_POINT('',#3754);
#1423=VERTEX_POINT('',#3758);
#1424=VERTEX_POINT('',#3760);
#1425=VERTEX_POINT('',#3764);
#1426=VERTEX_POINT('',#3766);
#1427=VERTEX_POINT('',#3770);
#1428=VERTEX_POINT('',#3772);
#1429=VERTEX_POINT('',#3776);
#1430=VERTEX_POINT('',#3778);
#1431=VERTEX_POINT('',#3782);
#1432=VERTEX_POINT('',#3784);
#1433=VERTEX_POINT('',#3788);
#1434=VERTEX_POINT('',#3790);
#1435=VERTEX_POINT('',#3794);
#1436=VERTEX_POINT('',#3796);
#1437=VERTEX_POINT('',#3800);
#1438=VERTEX_POINT('',#3802);
#1439=VERTEX_POINT('',#3806);
#1440=VERTEX_POINT('',#3808);
#1441=VERTEX_POINT('',#3812);
#1442=VERTEX_POINT('',#3814);
#1443=VERTEX_POINT('',#3818);
#1444=VERTEX_POINT('',#3820);
#1445=VERTEX_POINT('',#3824);
#1446=VERTEX_POINT('',#3826);
#1447=VERTEX_POINT('',#3830);
#1448=VERTEX_POINT('',#3832);
#1449=VERTEX_POINT('',#3836);
#1450=VERTEX_POINT('',#3838);
#1451=VERTEX_POINT('',#3842);
#1452=VERTEX_POINT('',#3844);
#1453=VERTEX_POINT('',#3848);
#1454=VERTEX_POINT('',#3850);
#1455=VERTEX_POINT('',#3854);
#1456=VERTEX_POINT('',#3856);
#1457=VERTEX_POINT('',#3860);
#1458=VERTEX_POINT('',#3862);
#1459=VERTEX_POINT('',#3866);
#1460=VERTEX_POINT('',#3868);
#1461=VERTEX_POINT('',#3872);
#1462=VERTEX_POINT('',#3874);
#1463=VERTEX_POINT('',#3878);
#1464=VERTEX_POINT('',#3880);
#1465=VERTEX_POINT('',#3884);
#1466=VERTEX_POINT('',#3886);
#1467=VERTEX_POINT('',#3890);
#1468=VERTEX_POINT('',#3892);
#1469=VERTEX_POINT('',#3896);
#1470=VERTEX_POINT('',#3898);
#1471=VERTEX_POINT('',#3902);
#1472=VERTEX_POINT('',#3904);
#1473=VERTEX_POINT('',#3908);
#1474=VERTEX_POINT('',#3910);
#1475=VERTEX_POINT('',#3914);
#1476=VERTEX_POINT('',#3916);
#1477=VERTEX_POINT('',#3920);
#1478=VERTEX_POINT('',#3922);
#1479=VERTEX_POINT('',#3926);
#1480=VERTEX_POINT('',#3928);
#1481=VERTEX_POINT('',#3932);
#1482=VERTEX_POINT('',#3934);
#1483=VERTEX_POINT('',#3938);
#1484=VERTEX_POINT('',#3940);
#1485=VERTEX_POINT('',#3944);
#1486=VERTEX_POINT('',#3946);
#1487=VERTEX_POINT('',#3950);
#1488=VERTEX_POINT('',#3952);
#1489=VERTEX_POINT('',#3956);
#1490=VERTEX_POINT('',#3958);
#1491=VERTEX_POINT('',#3962);
#1492=VERTEX_POINT('',#3964);
#1493=VERTEX_POINT('',#3968);
#1494=VERTEX_POINT('',#3970);
#1495=VERTEX_POINT('',#3974);
#1496=VERTEX_POINT('',#3976);
#1497=VERTEX_POINT('',#3980);
#1498=VERTEX_POINT('',#3982);
#1499=VERTEX_POINT('',#3986);
#1500=VERTEX_POINT('',#3988);
#1501=VERTEX_POINT('',#3992);
#1502=VERTEX_POINT('',#3994);
#1503=VERTEX_POINT('',#3998);
#1504=VERTEX_POINT('',#4000);
#1505=VERTEX_POINT('',#4004);
#1506=VERTEX_POINT('',#4006);
#1507=VERTEX_POINT('',#4010);
#1508=VERTEX_POINT('',#4012);
#1509=VERTEX_POINT('',#4016);
#1510=VERTEX_POINT('',#4018);
#1511=VERTEX_POINT('',#4022);
#1512=VERTEX_POINT('',#4024);
#1513=VERTEX_POINT('',#4028);
#1514=VERTEX_POINT('',#4030);
#1515=VERTEX_POINT('',#4034);
#1516=VERTEX_POINT('',#4036);
#1517=VERTEX_POINT('',#4040);
#1518=VERTEX_POINT('',#4042);
#1519=VERTEX_POINT('',#4046);
#1520=VERTEX_POINT('',#4048);
#1521=VERTEX_POINT('',#4052);
#1522=VERTEX_POINT('',#4054);
#1523=VERTEX_POINT('',#4058);
#1524=VERTEX_POINT('',#4060);
#1525=VERTEX_POINT('',#4064);
#1526=VERTEX_POINT('',#4066);
#1527=VERTEX_POINT('',#4070);
#1528=VERTEX_POINT('',#4072);
#1529=VERTEX_POINT('',#4076);
#1530=VERTEX_POINT('',#4078);
#1531=VERTEX_POINT('',#4082);
#1532=VERTEX_POINT('',#4084);
#1533=VERTEX_POINT('',#4088);
#1534=VERTEX_POINT('',#4090);
#1535=VERTEX_POINT('',#4094);
#1536=VERTEX_POINT('',#4096);
#1537=VERTEX_POINT('',#4100);
#1538=VERTEX_POINT('',#4102);
#1539=VERTEX_POINT('',#4106);
#1540=VERTEX_POINT('',#4108);
#1541=VERTEX_POINT('',#4112);
#1542=VERTEX_POINT('',#4114);
#1543=VERTEX_POINT('',#4118);
#1544=VERTEX_POINT('',#4120);
#1545=VERTEX_POINT('',#4124);
#1546=VERTEX_POINT('',#4126);
#1547=VERTEX_POINT('',#4130);
#1548=VERTEX_POINT('',#4132);
#1549=VERTEX_POINT('',#4136);
#1550=VERTEX_POINT('',#4138);
#1551=VERTEX_POINT('',#4142);
#1552=VERTEX_POINT('',#4144);
#1553=VERTEX_POINT('',#4148);
#1554=VERTEX_POINT('',#4150);
#1555=VERTEX_POINT('',#4154);
#1556=VERTEX_POINT('',#4156);
#1557=VERTEX_POINT('',#4160);
#1558=VERTEX_POINT('',#4162);
#1559=VERTEX_POINT('',#4166);
#1560=VERTEX_POINT('',#4168);
#1561=VERTEX_POINT('',#4172);
#1562=VERTEX_POINT('',#4174);
#1563=VERTEX_POINT('',#4178);
#1564=VERTEX_POINT('',#4180);
#1565=VERTEX_POINT('',#4184);
#1566=VERTEX_POINT('',#4186);
#1567=VERTEX_POINT('',#4190);
#1568=VERTEX_POINT('',#4192);
#1569=VERTEX_POINT('',#4196);
#1570=VERTEX_POINT('',#4198);
#1571=CIRCLE('',#2299,0.00128522257531937);
#1572=CIRCLE('',#2300,0.00128522257531937);
#1573=CIRCLE('',#2302,0.00156449798218422);
#1574=CIRCLE('',#2303,0.00156449798218422);
#1575=CIRCLE('',#2305,0.000982186481880628);
#1576=CIRCLE('',#2306,0.000982186481880628);
#1577=CIRCLE('',#2308,0.00067653837105186);
#1578=CIRCLE('',#2309,0.00067653837105186);
#1579=CIRCLE('',#2311,0.000134086121332263);
#1580=CIRCLE('',#2312,0.000134086121332263);
#1581=CIRCLE('',#2314,0.00118373533005666);
#1582=CIRCLE('',#2315,0.00118373533005666);
#1583=CIRCLE('',#2317,0.00132135626715542);
#1584=CIRCLE('',#2318,0.00132135626715542);
#1585=CIRCLE('',#2320,0.00052237714774341);
#1586=CIRCLE('',#2321,0.00052237714774341);
#1587=CIRCLE('',#2323,0.00162346414176755);
#1588=CIRCLE('',#2324,0.00162346414176755);
#1589=CIRCLE('',#2326,0.000719870533649371);
#1590=CIRCLE('',#2327,0.000719870533649371);
#1591=CIRCLE('',#2329,0.00167233688077919);
#1592=CIRCLE('',#2330,0.00167233688077919);
#1593=CIRCLE('',#2332,0.0226344111105419);
#1594=CIRCLE('',#2333,0.0226344111105419);
#1595=CIRCLE('',#2335,0.0294077375435941);
#1596=CIRCLE('',#2336,0.0294077375435941);
#1597=CIRCLE('',#2338,0.0659119231842563);
#1598=CIRCLE('',#2339,0.0659119231842563);
#1599=CIRCLE('',#2341,0.0672592222841607);
#1600=CIRCLE('',#2342,0.0672592222841607);
#1601=CIRCLE('',#2344,0.0363708579078429);
#1602=CIRCLE('',#2345,0.0363708579078429);
#1603=CIRCLE('',#2347,0.0520443032755711);
#1604=CIRCLE('',#2348,0.0520443032755711);
#1605=CIRCLE('',#2350,0.00137492852724635);
#1606=CIRCLE('',#2351,0.00137492852724635);
#1607=CIRCLE('',#2353,0.000685075391317869);
#1608=CIRCLE('',#2354,0.000685075391317869);
#1609=CIRCLE('',#2356,0.00441117658435521);
#1610=CIRCLE('',#2357,0.00441117658435521);
#1611=CIRCLE('',#2359,0.0017330057954166);
#1612=CIRCLE('',#2360,0.0017330057954166);
#1613=CIRCLE('',#2362,0.000497538311666097);
#1614=CIRCLE('',#2363,0.000497538311666097);
#1615=CIRCLE('',#2365,0.000195226325078998);
#1616=CIRCLE('',#2366,0.000195226325078998);
#1617=CIRCLE('',#2368,0.000245590914895206);
#1618=CIRCLE('',#2369,0.000245590914895206);
#1619=CIRCLE('',#2371,0.000116310354419155);
#1620=CIRCLE('',#2372,0.000116310354419155);
#1621=CIRCLE('',#2374,0.0010755930039591);
#1622=CIRCLE('',#2375,0.0010755930039591);
#1623=CIRCLE('',#2377,0.00457254364574059);
#1624=CIRCLE('',#2378,0.00457254364574059);
#1625=CIRCLE('',#2380,0.0664616191482346);
#1626=CIRCLE('',#2381,0.0664616191482346);
#1627=CIRCLE('',#2383,0.0395672750654373);
#1628=CIRCLE('',#2384,0.0395672750654373);
#1629=CIRCLE('',#2386,0.0389618990619778);
#1630=CIRCLE('',#2387,0.0389618990619778);
#1631=CIRCLE('',#2389,0.0347957274383132);
#1632=CIRCLE('',#2390,0.0347957274383132);
#1633=CIRCLE('',#2392,0.00522396954135466);
#1634=CIRCLE('',#2393,0.00522396954135466);
#1635=CIRCLE('',#2395,0.00348668171953001);
#1636=CIRCLE('',#2396,0.00348668171953001);
#1637=CIRCLE('',#2398,0.000562445493043538);
#1638=CIRCLE('',#2399,0.000562445493043538);
#1639=CIRCLE('',#2401,0.000200650560053045);
#1640=CIRCLE('',#2402,0.000200650560053045);
#1641=CIRCLE('',#2404,0.000524530617363504);
#1642=CIRCLE('',#2405,0.000524530617363504);
#1643=CIRCLE('',#2407,0.000448762903271499);
#1644=CIRCLE('',#2408,0.000448762903271499);
#1645=CIRCLE('',#2410,0.000324729115797505);
#1646=CIRCLE('',#2411,0.000324729115797505);
#1647=CIRCLE('',#2413,0.000549547150958577);
#1648=CIRCLE('',#2414,0.000549547150958577);
#1649=CIRCLE('',#2416,0.0016760345930637);
#1650=CIRCLE('',#2417,0.0016760345930637);
#1651=CIRCLE('',#2419,0.00293998676275389);
#1652=CIRCLE('',#2420,0.00293998676275389);
#1653=CIRCLE('',#2422,0.000959246387653276);
#1654=CIRCLE('',#2423,0.000959246387653276);
#1655=CIRCLE('',#2425,0.00145680308379351);
#1656=CIRCLE('',#2426,0.00145680308379351);
#1657=CIRCLE('',#2428,0.0107480593227097);
#1658=CIRCLE('',#2429,0.0107480593227097);
#1659=CIRCLE('',#2431,0.0190696289345589);
#1660=CIRCLE('',#2432,0.0190696289345589);
#1661=CIRCLE('',#2434,0.000603872404638478);
#1662=CIRCLE('',#2435,0.000603872404638478);
#1663=CIRCLE('',#2437,0.000598539425191858);
#1664=CIRCLE('',#2438,0.000598539425191858);
#1665=CIRCLE('',#2440,0.0184795932196996);
#1666=CIRCLE('',#2441,0.0184795932196996);
#1667=CIRCLE('',#2445,0.00613155227508833);
#1668=CIRCLE('',#2446,0.00613155227508833);
#1669=CIRCLE('',#2448,0.000693193756284547);
#1670=CIRCLE('',#2449,0.000693193756284547);
#1671=CIRCLE('',#2451,0.000157648226741551);
#1672=CIRCLE('',#2452,0.000157648226741551);
#1673=CIRCLE('',#2454,0.000162660540083511);
#1674=CIRCLE('',#2455,0.000162660540083511);
#1675=CIRCLE('',#2457,0.000360708503771533);
#1676=CIRCLE('',#2458,0.000360708503771533);
#1677=CIRCLE('',#2460,0.000163064674770178);
#1678=CIRCLE('',#2461,0.000163064674770178);
#1679=CIRCLE('',#2463,0.00429794435675943);
#1680=CIRCLE('',#2464,0.00429794435675943);
#1681=CIRCLE('',#2466,0.0103420877489308);
#1682=CIRCLE('',#2467,0.0103420877489308);
#1683=CIRCLE('',#2469,0.0580455701323263);
#1684=CIRCLE('',#2470,0.0580455701323263);
#1685=CIRCLE('',#2472,0.065102900569001);
#1686=CIRCLE('',#2473,0.065102900569001);
#1687=CIRCLE('',#2475,0.0614072049720731);
#1688=CIRCLE('',#2476,0.0614072049720731);
#1689=CIRCLE('',#2478,0.0291970754365421);
#1690=CIRCLE('',#2479,0.0291970754365421);
#1691=CIRCLE('',#2481,0.00177475435737959);
#1692=CIRCLE('',#2482,0.00177475435737959);
#1693=CIRCLE('',#2484,0.000247425370375022);
#1694=CIRCLE('',#2485,0.000247425370375022);
#1695=CIRCLE('',#2487,6.6536254559233E-6);
#1696=CIRCLE('',#2488,6.6536254559233E-6);
#1697=CIRCLE('',#2490,0.000288664111332753);
#1698=CIRCLE('',#2491,0.000288664111332753);
#1699=CIRCLE('',#2493,0.000326769753081763);
#1700=CIRCLE('',#2494,0.000326769753081763);
#1701=CIRCLE('',#2496,0.000376635221007142);
#1702=CIRCLE('',#2497,0.000376635221007142);
#1703=CIRCLE('',#2499,0.000443785606673768);
#1704=CIRCLE('',#2500,0.000443785606673768);
#1705=CIRCLE('',#2502,0.000784819746943967);
#1706=CIRCLE('',#2503,0.000784819746943967);
#1707=CIRCLE('',#2505,0.000617902410030757);
#1708=CIRCLE('',#2506,0.000617902410030757);
#1709=CIRCLE('',#2508,0.00157188517074582);
#1710=CIRCLE('',#2509,0.00157188517074582);
#1711=CIRCLE('',#2511,0.0162576994000774);
#1712=CIRCLE('',#2512,0.0162576994000774);
#1713=CIRCLE('',#2514,0.0178967092027811);
#1714=CIRCLE('',#2515,0.0178967092027811);
#1715=CIRCLE('',#2517,0.00319012264017712);
#1716=CIRCLE('',#2518,0.00319012264017712);
#1717=CIRCLE('',#2520,0.00140243989605753);
#1718=CIRCLE('',#2521,0.00140243989605753);
#1719=CIRCLE('',#2523,0.000314891095738079);
#1720=CIRCLE('',#2524,0.000314891095738079);
#1721=CIRCLE('',#2526,0.000706701723478986);
#1722=CIRCLE('',#2527,0.000706701723478986);
#1723=CIRCLE('',#2529,0.034565896304133);
#1724=CIRCLE('',#2530,0.034565896304133);
#1725=CIRCLE('',#2532,0.0255596746511057);
#1726=CIRCLE('',#2533,0.0255596746511057);
#1727=CIRCLE('',#2535,0.0397048876493875);
#1728=CIRCLE('',#2536,0.0397048876493875);
#1729=CIRCLE('',#2538,0.0213836482099708);
#1730=CIRCLE('',#2539,0.0213836482099708);
#1731=CIRCLE('',#2541,0.000851414573436545);
#1732=CIRCLE('',#2542,0.000851414573436545);
#1733=CIRCLE('',#2544,0.000739695754732666);
#1734=CIRCLE('',#2545,0.000739695754732666);
#1735=CIRCLE('',#2547,0.0134677285680674);
#1736=CIRCLE('',#2548,0.0134677285680674);
#1737=CIRCLE('',#2550,0.0356899398547039);
#1738=CIRCLE('',#2551,0.0356899398547039);
#1739=CIRCLE('',#2553,0.00196669769902814);
#1740=CIRCLE('',#2554,0.00196669769902814);
#1741=CIRCLE('',#2556,0.000858710180548754);
#1742=CIRCLE('',#2557,0.000858710180548754);
#1743=CIRCLE('',#2559,0.00179429010672924);
#1744=CIRCLE('',#2560,0.00179429010672924);
#1745=CIRCLE('',#2562,0.00274392065585813);
#1746=CIRCLE('',#2563,0.00274392065585813);
#1747=CIRCLE('',#2565,0.00319167966830204);
#1748=CIRCLE('',#2566,0.00319167966830204);
#1749=CIRCLE('',#2568,0.00284596998287892);
#1750=CIRCLE('',#2569,0.00284596998287892);
#1751=CIRCLE('',#2571,0.000870226168630213);
#1752=CIRCLE('',#2572,0.000870226168630213);
#1753=CIRCLE('',#2574,0.000632708892018652);
#1754=CIRCLE('',#2575,0.000632708892018652);
#1755=CIRCLE('',#2577,0.00245409799882113);
#1756=CIRCLE('',#2578,0.00245409799882113);
#1757=CIRCLE('',#2580,0.00271202095938054);
#1758=CIRCLE('',#2581,0.00271202095938054);
#1759=CIRCLE('',#2583,0.00196238411096841);
#1760=CIRCLE('',#2584,0.00196238411096841);
#1761=CIRCLE('',#2586,0.00187653465549575);
#1762=CIRCLE('',#2587,0.00187653465549575);
#1763=CIRCLE('',#2589,0.000125886490597844);
#1764=CIRCLE('',#2590,0.000125886490597844);
#1765=CIRCLE('',#2592,0.000233138657536533);
#1766=CIRCLE('',#2593,0.000233138657536533);
#1767=CIRCLE('',#2595,0.000120514525228902);
#1768=CIRCLE('',#2596,0.000120514525228902);
#1769=CIRCLE('',#2598,0.000453379875062436);
#1770=CIRCLE('',#2599,0.000453379875062436);
#1771=CIRCLE('',#2601,0.00178657515310613);
#1772=CIRCLE('',#2602,0.00178657515310613);
#1773=CIRCLE('',#2604,0.0177527341971857);
#1774=CIRCLE('',#2605,0.0177527341971857);
#1775=CIRCLE('',#2607,0.00675790979172375);
#1776=CIRCLE('',#2608,0.00675790979172375);
#1777=CIRCLE('',#2610,0.000776566071508397);
#1778=CIRCLE('',#2611,0.000776566071508397);
#1779=CIRCLE('',#2613,0.000426442666496771);
#1780=CIRCLE('',#2614,0.000426442666496771);
#1781=CIRCLE('',#2616,0.00200215113465308);
#1782=CIRCLE('',#2617,0.00200215113465308);
#1783=CIRCLE('',#2619,0.124933330234502);
#1784=CIRCLE('',#2620,0.124933330234502);
#1785=CIRCLE('',#2622,0.0447911254953281);
#1786=CIRCLE('',#2623,0.0447911254953281);
#1787=CIRCLE('',#2625,0.0523940000955053);
#1788=CIRCLE('',#2626,0.0523940000955053);
#1789=CIRCLE('',#2628,0.214277662466943);
#1790=CIRCLE('',#2629,0.214277662466943);
#1791=CIRCLE('',#2631,0.0350296283731083);
#1792=CIRCLE('',#2632,0.0350296283731083);
#1793=CIRCLE('',#2634,0.0232175979959584);
#1794=CIRCLE('',#2635,0.0232175979959584);
#1795=CIRCLE('',#2637,0.0280615203573105);
#1796=CIRCLE('',#2638,0.0280615203573105);
#1797=CIRCLE('',#2640,0.000801285665896347);
#1798=CIRCLE('',#2641,0.000801285665896347);
#1799=CIRCLE('',#2643,0.00028362379886729);
#1800=CIRCLE('',#2644,0.00028362379886729);
#1801=CIRCLE('',#2646,0.000856694477367218);
#1802=CIRCLE('',#2647,0.000856694477367218);
#1803=CIRCLE('',#2649,0.00108700634053977);
#1804=CIRCLE('',#2650,0.00108700634053977);
#1805=EDGE_LOOP('',(#262,#263,#264,#265));
#1806=EDGE_LOOP('',(#266,#267,#268,#269));
#1807=EDGE_LOOP('',(#270,#271,#272,#273));
#1808=EDGE_LOOP('',(#274,#275,#276,#277));
#1809=EDGE_LOOP('',(#278,#279,#280,#281));
#1810=EDGE_LOOP('',(#282,#283,#284,#285));
#1811=EDGE_LOOP('',(#286,#287,#288,#289));
#1812=EDGE_LOOP('',(#290,#291,#292,#293));
#1813=EDGE_LOOP('',(#294,#295,#296,#297));
#1814=EDGE_LOOP('',(#298,#299,#300,#301));
#1815=EDGE_LOOP('',(#302,#303,#304,#305));
#1816=EDGE_LOOP('',(#306,#307,#308,#309));
#1817=EDGE_LOOP('',(#310,#311,#312,#313));
#1818=EDGE_LOOP('',(#314,#315,#316,#317));
#1819=EDGE_LOOP('',(#318,#319,#320,#321));
#1820=EDGE_LOOP('',(#322,#323,#324,#325));
#1821=EDGE_LOOP('',(#326,#327,#328,#329));
#1822=EDGE_LOOP('',(#330,#331,#332,#333));
#1823=EDGE_LOOP('',(#334,#335,#336,#337));
#1824=EDGE_LOOP('',(#338,#339,#340,#341));
#1825=EDGE_LOOP('',(#342,#343,#344,#345));
#1826=EDGE_LOOP('',(#346,#347,#348,#349));
#1827=EDGE_LOOP('',(#350,#351,#352,#353));
#1828=EDGE_LOOP('',(#354,#355,#356,#357));
#1829=EDGE_LOOP('',(#358,#359,#360,#361));
#1830=EDGE_LOOP('',(#362,#363,#364,#365));
#1831=EDGE_LOOP('',(#366,#367,#368,#369));
#1832=EDGE_LOOP('',(#370,#371,#372,#373));
#1833=EDGE_LOOP('',(#374,#375,#376,#377));
#1834=EDGE_LOOP('',(#378,#379,#380,#381));
#1835=EDGE_LOOP('',(#382,#383,#384,#385));
#1836=EDGE_LOOP('',(#386,#387,#388,#389));
#1837=EDGE_LOOP('',(#390,#391,#392,#393));
#1838=EDGE_LOOP('',(#394,#395,#396,#397));
#1839=EDGE_LOOP('',(#398,#399,#400,#401));
#1840=EDGE_LOOP('',(#402,#403,#404,#405));
#1841=EDGE_LOOP('',(#406,#407,#408,#409));
#1842=EDGE_LOOP('',(#410,#411,#412,#413));
#1843=EDGE_LOOP('',(#414,#415,#416,#417));
#1844=EDGE_LOOP('',(#418,#419,#420,#421));
#1845=EDGE_LOOP('',(#422,#423,#424,#425));
#1846=EDGE_LOOP('',(#426,#427,#428,#429));
#1847=EDGE_LOOP('',(#430,#431,#432,#433));
#1848=EDGE_LOOP('',(#434,#435,#436,#437));
#1849=EDGE_LOOP('',(#438,#439,#440,#441));
#1850=EDGE_LOOP('',(#442,#443,#444,#445));
#1851=EDGE_LOOP('',(#446,#447,#448,#449));
#1852=EDGE_LOOP('',(#450,#451,#452,#453));
#1853=EDGE_LOOP('',(#454,#455,#456,#457));
#1854=EDGE_LOOP('',(#458,#459,#460,#461));
#1855=EDGE_LOOP('',(#462,#463,#464,#465));
#1856=EDGE_LOOP('',(#466,#467,#468,#469));
#1857=EDGE_LOOP('',(#470,#471,#472,#473));
#1858=EDGE_LOOP('',(#474,#475,#476,#477));
#1859=EDGE_LOOP('',(#478,#479,#480,#481));
#1860=EDGE_LOOP('',(#482,#483,#484,#485));
#1861=EDGE_LOOP('',(#486,#487,#488,#489));
#1862=EDGE_LOOP('',(#490,#491,#492,#493));
#1863=EDGE_LOOP('',(#494,#495,#496,#497));
#1864=EDGE_LOOP('',(#498,#499,#500,#501));
#1865=EDGE_LOOP('',(#502,#503,#504,#505));
#1866=EDGE_LOOP('',(#506,#507,#508,#509));
#1867=EDGE_LOOP('',(#510,#511,#512,#513));
#1868=EDGE_LOOP('',(#514,#515,#516,#517));
#1869=EDGE_LOOP('',(#518,#519,#520,#521));
#1870=EDGE_LOOP('',(#522,#523,#524,#525));
#1871=EDGE_LOOP('',(#526,#527,#528,#529));
#1872=EDGE_LOOP('',(#530,#531,#532,#533));
#1873=EDGE_LOOP('',(#534,#535,#536,#537));
#1874=EDGE_LOOP('',(#538,#539,#540,#541));
#1875=EDGE_LOOP('',(#542,#543,#544,#545));
#1876=EDGE_LOOP('',(#546,#547,#548,#549));
#1877=EDGE_LOOP('',(#550,#551,#552,#553));
#1878=EDGE_LOOP('',(#554,#555,#556,#557));
#1879=EDGE_LOOP('',(#558,#559,#560,#561));
#1880=EDGE_LOOP('',(#562,#563,#564,#565));
#1881=EDGE_LOOP('',(#566,#567,#568,#569));
#1882=EDGE_LOOP('',(#570,#571,#572,#573));
#1883=EDGE_LOOP('',(#574,#575,#576,#577));
#1884=EDGE_LOOP('',(#578,#579,#580,#581));
#1885=EDGE_LOOP('',(#582,#583,#584,#585));
#1886=EDGE_LOOP('',(#586,#587,#588,#589));
#1887=EDGE_LOOP('',(#590,#591,#592,#593));
#1888=EDGE_LOOP('',(#594,#595,#596,#597));
#1889=EDGE_LOOP('',(#598,#599,#600,#601));
#1890=EDGE_LOOP('',(#602,#603,#604,#605));
#1891=EDGE_LOOP('',(#606,#607,#608,#609));
#1892=EDGE_LOOP('',(#610,#611,#612,#613));
#1893=EDGE_LOOP('',(#614,#615,#616,#617));
#1894=EDGE_LOOP('',(#618,#619,#620,#621));
#1895=EDGE_LOOP('',(#622,#623,#624,#625));
#1896=EDGE_LOOP('',(#626,#627,#628,#629));
#1897=EDGE_LOOP('',(#630,#631,#632,#633));
#1898=EDGE_LOOP('',(#634,#635,#636,#637));
#1899=EDGE_LOOP('',(#638,#639,#640,#641));
#1900=EDGE_LOOP('',(#642,#643,#644,#645));
#1901=EDGE_LOOP('',(#646,#647,#648,#649));
#1902=EDGE_LOOP('',(#650,#651,#652,#653));
#1903=EDGE_LOOP('',(#654,#655,#656,#657));
#1904=EDGE_LOOP('',(#658,#659,#660,#661));
#1905=EDGE_LOOP('',(#662,#663,#664,#665));
#1906=EDGE_LOOP('',(#666,#667,#668,#669));
#1907=EDGE_LOOP('',(#670,#671,#672,#673));
#1908=EDGE_LOOP('',(#674,#675,#676,#677));
#1909=EDGE_LOOP('',(#678,#679,#680,#681));
#1910=EDGE_LOOP('',(#682,#683,#684,#685));
#1911=EDGE_LOOP('',(#686,#687,#688,#689));
#1912=EDGE_LOOP('',(#690,#691,#692,#693));
#1913=EDGE_LOOP('',(#694,#695,#696,#697));
#1914=EDGE_LOOP('',(#698,#699,#700,#701));
#1915=EDGE_LOOP('',(#702,#703,#704,#705));
#1916=EDGE_LOOP('',(#706,#707,#708,#709));
#1917=EDGE_LOOP('',(#710,#711,#712,#713));
#1918=EDGE_LOOP('',(#714,#715,#716,#717));
#1919=EDGE_LOOP('',(#718,#719,#720,#721));
#1920=EDGE_LOOP('',(#722,#723,#724,#725));
#1921=EDGE_LOOP('',(#726,#727,#728,#729));
#1922=EDGE_LOOP('',(#730,#731,#732,#733));
#1923=EDGE_LOOP('',(#734,#735,#736,#737));
#1924=EDGE_LOOP('',(#738,#739,#740,#741,#742,#743,#744,#745,#746,#747,#748,
#749,#750,#751,#752,#753,#754,#755,#756,#757,#758,#759,#760,#761,#762,#763,
#764,#765,#766,#767,#768,#769,#770,#771,#772,#773,#774,#775,#776,#777,#778,
#779,#780,#781,#782,#783,#784,#785,#786,#787,#788,#789,#790,#791,#792,#793,
#794,#795,#796,#797,#798,#799,#800,#801,#802,#803,#804,#805,#806,#807,#808,
#809,#810,#811,#812,#813,#814,#815,#816,#817,#818,#819,#820,#821,#822,#823,
#824,#825,#826,#827,#828,#829,#830,#831,#832,#833,#834,#835,#836,#837,#838,
#839,#840,#841,#842,#843,#844,#845,#846,#847,#848,#849,#850,#851,#852,#853,
#854,#855,#856));
#1925=EDGE_LOOP('',(#857,#858,#859,#860,#861,#862,#863,#864,#865,#866,#867,
#868,#869,#870,#871,#872,#873,#874,#875,#876,#877,#878,#879,#880,#881,#882,
#883,#884,#885,#886,#887,#888,#889,#890,#891,#892,#893,#894,#895,#896,#897,
#898,#899,#900,#901,#902,#903,#904,#905,#906,#907,#908,#909,#910,#911,#912,
#913,#914,#915,#916,#917,#918,#919,#920,#921,#922,#923,#924,#925,#926,#927,
#928,#929,#930,#931,#932,#933,#934,#935,#936,#937,#938,#939,#940,#941,#942,
#943,#944,#945,#946,#947,#948,#949,#950,#951,#952,#953,#954,#955,#956,#957,
#958,#959,#960,#961,#962,#963,#964,#965,#966,#967,#968,#969,#970,#971,#972,
#973,#974,#975));
#1926=FACE_BOUND('',#1805,.T.);
#1927=FACE_BOUND('',#1806,.T.);
#1928=FACE_BOUND('',#1807,.T.);
#1929=FACE_BOUND('',#1808,.T.);
#1930=FACE_BOUND('',#1809,.T.);
#1931=FACE_BOUND('',#1810,.T.);
#1932=FACE_BOUND('',#1811,.T.);
#1933=FACE_BOUND('',#1812,.T.);
#1934=FACE_BOUND('',#1813,.T.);
#1935=FACE_BOUND('',#1814,.T.);
#1936=FACE_BOUND('',#1815,.T.);
#1937=FACE_BOUND('',#1816,.T.);
#1938=FACE_BOUND('',#1817,.T.);
#1939=FACE_BOUND('',#1818,.T.);
#1940=FACE_BOUND('',#1819,.T.);
#1941=FACE_BOUND('',#1820,.T.);
#1942=FACE_BOUND('',#1821,.T.);
#1943=FACE_BOUND('',#1822,.T.);
#1944=FACE_BOUND('',#1823,.T.);
#1945=FACE_BOUND('',#1824,.T.);
#1946=FACE_BOUND('',#1825,.T.);
#1947=FACE_BOUND('',#1826,.T.);
#1948=FACE_BOUND('',#1827,.T.);
#1949=FACE_BOUND('',#1828,.T.);
#1950=FACE_BOUND('',#1829,.T.);
#1951=FACE_BOUND('',#1830,.T.);
#1952=FACE_BOUND('',#1831,.T.);
#1953=FACE_BOUND('',#1832,.T.);
#1954=FACE_BOUND('',#1833,.T.);
#1955=FACE_BOUND('',#1834,.T.);
#1956=FACE_BOUND('',#1835,.T.);
#1957=FACE_BOUND('',#1836,.T.);
#1958=FACE_BOUND('',#1837,.T.);
#1959=FACE_BOUND('',#1838,.T.);
#1960=FACE_BOUND('',#1839,.T.);
#1961=FACE_BOUND('',#1840,.T.);
#1962=FACE_BOUND('',#1841,.T.);
#1963=FACE_BOUND('',#1842,.T.);
#1964=FACE_BOUND('',#1843,.T.);
#1965=FACE_BOUND('',#1844,.T.);
#1966=FACE_BOUND('',#1845,.T.);
#1967=FACE_BOUND('',#1846,.T.);
#1968=FACE_BOUND('',#1847,.T.);
#1969=FACE_BOUND('',#1848,.T.);
#1970=FACE_BOUND('',#1849,.T.);
#1971=FACE_BOUND('',#1850,.T.);
#1972=FACE_BOUND('',#1851,.T.);
#1973=FACE_BOUND('',#1852,.T.);
#1974=FACE_BOUND('',#1853,.T.);
#1975=FACE_BOUND('',#1854,.T.);
#1976=FACE_BOUND('',#1855,.T.);
#1977=FACE_BOUND('',#1856,.T.);
#1978=FACE_BOUND('',#1857,.T.);
#1979=FACE_BOUND('',#1858,.T.);
#1980=FACE_BOUND('',#1859,.T.);
#1981=FACE_BOUND('',#1860,.T.);
#1982=FACE_BOUND('',#1861,.T.);
#1983=FACE_BOUND('',#1862,.T.);
#1984=FACE_BOUND('',#1863,.T.);
#1985=FACE_BOUND('',#1864,.T.);
#1986=FACE_BOUND('',#1865,.T.);
#1987=FACE_BOUND('',#1866,.T.);
#1988=FACE_BOUND('',#1867,.T.);
#1989=FACE_BOUND('',#1868,.T.);
#1990=FACE_BOUND('',#1869,.T.);
#1991=FACE_BOUND('',#1870,.T.);
#1992=FACE_BOUND('',#1871,.T.);
#1993=FACE_BOUND('',#1872,.T.);
#1994=FACE_BOUND('',#1873,.T.);
#1995=FACE_BOUND('',#1874,.T.);
#1996=FACE_BOUND('',#1875,.T.);
#1997=FACE_BOUND('',#1876,.T.);
#1998=FACE_BOUND('',#1877,.T.);
#1999=FACE_BOUND('',#1878,.T.);
#2000=FACE_BOUND('',#1879,.T.);
#2001=FACE_BOUND('',#1880,.T.);
#2002=FACE_BOUND('',#1881,.T.);
#2003=FACE_BOUND('',#1882,.T.);
#2004=FACE_BOUND('',#1883,.T.);
#2005=FACE_BOUND('',#1884,.T.);
#2006=FACE_BOUND('',#1885,.T.);
#2007=FACE_BOUND('',#1886,.T.);
#2008=FACE_BOUND('',#1887,.T.);
#2009=FACE_BOUND('',#1888,.T.);
#2010=FACE_BOUND('',#1889,.T.);
#2011=FACE_BOUND('',#1890,.T.);
#2012=FACE_BOUND('',#1891,.T.);
#2013=FACE_BOUND('',#1892,.T.);
#2014=FACE_BOUND('',#1893,.T.);
#2015=FACE_BOUND('',#1894,.T.);
#2016=FACE_BOUND('',#1895,.T.);
#2017=FACE_BOUND('',#1896,.T.);
#2018=FACE_BOUND('',#1897,.T.);
#2019=FACE_BOUND('',#1898,.T.);
#2020=FACE_BOUND('',#1899,.T.);
#2021=FACE_BOUND('',#1900,.T.);
#2022=FACE_BOUND('',#1901,.T.);
#2023=FACE_BOUND('',#1902,.T.);
#2024=FACE_BOUND('',#1903,.T.);
#2025=FACE_BOUND('',#1904,.T.);
#2026=FACE_BOUND('',#1905,.T.);
#2027=FACE_BOUND('',#1906,.T.);
#2028=FACE_BOUND('',#1907,.T.);
#2029=FACE_BOUND('',#1908,.T.);
#2030=FACE_BOUND('',#1909,.T.);
#2031=FACE_BOUND('',#1910,.T.);
#2032=FACE_BOUND('',#1911,.T.);
#2033=FACE_BOUND('',#1912,.T.);
#2034=FACE_BOUND('',#1913,.T.);
#2035=FACE_BOUND('',#1914,.T.);
#2036=FACE_BOUND('',#1915,.T.);
#2037=FACE_BOUND('',#1916,.T.);
#2038=FACE_BOUND('',#1917,.T.);
#2039=FACE_BOUND('',#1918,.T.);
#2040=FACE_BOUND('',#1919,.T.);
#2041=FACE_BOUND('',#1920,.T.);
#2042=FACE_BOUND('',#1921,.T.);
#2043=FACE_BOUND('',#1922,.T.);
#2044=FACE_BOUND('',#1923,.T.);
#2045=FACE_BOUND('',#1924,.T.);
#2046=FACE_BOUND('',#1925,.T.);
#2047=CYLINDRICAL_SURFACE('',#2298,0.00128522257531937);
#2048=CYLINDRICAL_SURFACE('',#2301,0.00156449798218422);
#2049=CYLINDRICAL_SURFACE('',#2304,0.000982186481880628);
#2050=CYLINDRICAL_SURFACE('',#2307,0.00067653837105186);
#2051=CYLINDRICAL_SURFACE('',#2310,0.000134086121332263);
#2052=CYLINDRICAL_SURFACE('',#2313,0.00118373533005666);
#2053=CYLINDRICAL_SURFACE('',#2316,0.00132135626715542);
#2054=CYLINDRICAL_SURFACE('',#2319,0.00052237714774341);
#2055=CYLINDRICAL_SURFACE('',#2322,0.00162346414176755);
#2056=CYLINDRICAL_SURFACE('',#2325,0.000719870533649371);
#2057=CYLINDRICAL_SURFACE('',#2328,0.00167233688077919);
#2058=CYLINDRICAL_SURFACE('',#2331,0.0226344111105419);
#2059=CYLINDRICAL_SURFACE('',#2334,0.0294077375435941);
#2060=CYLINDRICAL_SURFACE('',#2337,0.0659119231842563);
#2061=CYLINDRICAL_SURFACE('',#2340,0.0672592222841607);
#2062=CYLINDRICAL_SURFACE('',#2343,0.0363708579078429);
#2063=CYLINDRICAL_SURFACE('',#2346,0.0520443032755711);
#2064=CYLINDRICAL_SURFACE('',#2349,0.00137492852724635);
#2065=CYLINDRICAL_SURFACE('',#2352,0.000685075391317869);
#2066=CYLINDRICAL_SURFACE('',#2355,0.00441117658435521);
#2067=CYLINDRICAL_SURFACE('',#2358,0.0017330057954166);
#2068=CYLINDRICAL_SURFACE('',#2361,0.000497538311666097);
#2069=CYLINDRICAL_SURFACE('',#2364,0.000195226325078998);
#2070=CYLINDRICAL_SURFACE('',#2367,0.000245590914895206);
#2071=CYLINDRICAL_SURFACE('',#2370,0.000116310354419155);
#2072=CYLINDRICAL_SURFACE('',#2373,0.0010755930039591);
#2073=CYLINDRICAL_SURFACE('',#2376,0.00457254364574059);
#2074=CYLINDRICAL_SURFACE('',#2379,0.0664616191482346);
#2075=CYLINDRICAL_SURFACE('',#2382,0.0395672750654373);
#2076=CYLINDRICAL_SURFACE('',#2385,0.0389618990619778);
#2077=CYLINDRICAL_SURFACE('',#2388,0.0347957274383132);
#2078=CYLINDRICAL_SURFACE('',#2391,0.00522396954135466);
#2079=CYLINDRICAL_SURFACE('',#2394,0.00348668171953001);
#2080=CYLINDRICAL_SURFACE('',#2397,0.000562445493043538);
#2081=CYLINDRICAL_SURFACE('',#2400,0.000200650560053045);
#2082=CYLINDRICAL_SURFACE('',#2403,0.000524530617363504);
#2083=CYLINDRICAL_SURFACE('',#2406,0.000448762903271499);
#2084=CYLINDRICAL_SURFACE('',#2409,0.000324729115797505);
#2085=CYLINDRICAL_SURFACE('',#2412,0.000549547150958577);
#2086=CYLINDRICAL_SURFACE('',#2415,0.0016760345930637);
#2087=CYLINDRICAL_SURFACE('',#2418,0.00293998676275389);
#2088=CYLINDRICAL_SURFACE('',#2421,0.000959246387653276);
#2089=CYLINDRICAL_SURFACE('',#2424,0.00145680308379351);
#2090=CYLINDRICAL_SURFACE('',#2427,0.0107480593227097);
#2091=CYLINDRICAL_SURFACE('',#2430,0.0190696289345589);
#2092=CYLINDRICAL_SURFACE('',#2433,0.000603872404638478);
#2093=CYLINDRICAL_SURFACE('',#2436,0.000598539425191858);
#2094=CYLINDRICAL_SURFACE('',#2439,0.0184795932196996);
#2095=CYLINDRICAL_SURFACE('',#2444,0.00613155227508833);
#2096=CYLINDRICAL_SURFACE('',#2447,0.000693193756284547);
#2097=CYLINDRICAL_SURFACE('',#2450,0.000157648226741551);
#2098=CYLINDRICAL_SURFACE('',#2453,0.000162660540083511);
#2099=CYLINDRICAL_SURFACE('',#2456,0.000360708503771533);
#2100=CYLINDRICAL_SURFACE('',#2459,0.000163064674770178);
#2101=CYLINDRICAL_SURFACE('',#2462,0.00429794435675943);
#2102=CYLINDRICAL_SURFACE('',#2465,0.0103420877489308);
#2103=CYLINDRICAL_SURFACE('',#2468,0.0580455701323263);
#2104=CYLINDRICAL_SURFACE('',#2471,0.065102900569001);
#2105=CYLINDRICAL_SURFACE('',#2474,0.0614072049720731);
#2106=CYLINDRICAL_SURFACE('',#2477,0.0291970754365421);
#2107=CYLINDRICAL_SURFACE('',#2480,0.00177475435737959);
#2108=CYLINDRICAL_SURFACE('',#2483,0.000247425370375022);
#2109=CYLINDRICAL_SURFACE('',#2486,6.6536254559233E-6);
#2110=CYLINDRICAL_SURFACE('',#2489,0.000288664111332753);
#2111=CYLINDRICAL_SURFACE('',#2492,0.000326769753081763);
#2112=CYLINDRICAL_SURFACE('',#2495,0.000376635221007142);
#2113=CYLINDRICAL_SURFACE('',#2498,0.000443785606673768);
#2114=CYLINDRICAL_SURFACE('',#2501,0.000784819746943967);
#2115=CYLINDRICAL_SURFACE('',#2504,0.000617902410030757);
#2116=CYLINDRICAL_SURFACE('',#2507,0.00157188517074582);
#2117=CYLINDRICAL_SURFACE('',#2510,0.0162576994000774);
#2118=CYLINDRICAL_SURFACE('',#2513,0.0178967092027811);
#2119=CYLINDRICAL_SURFACE('',#2516,0.00319012264017712);
#2120=CYLINDRICAL_SURFACE('',#2519,0.00140243989605753);
#2121=CYLINDRICAL_SURFACE('',#2522,0.000314891095738079);
#2122=CYLINDRICAL_SURFACE('',#2525,0.000706701723478986);
#2123=CYLINDRICAL_SURFACE('',#2528,0.034565896304133);
#2124=CYLINDRICAL_SURFACE('',#2531,0.0255596746511057);
#2125=CYLINDRICAL_SURFACE('',#2534,0.0397048876493875);
#2126=CYLINDRICAL_SURFACE('',#2537,0.0213836482099708);
#2127=CYLINDRICAL_SURFACE('',#2540,0.000851414573436545);
#2128=CYLINDRICAL_SURFACE('',#2543,0.000739695754732666);
#2129=CYLINDRICAL_SURFACE('',#2546,0.0134677285680674);
#2130=CYLINDRICAL_SURFACE('',#2549,0.0356899398547039);
#2131=CYLINDRICAL_SURFACE('',#2552,0.00196669769902814);
#2132=CYLINDRICAL_SURFACE('',#2555,0.000858710180548754);
#2133=CYLINDRICAL_SURFACE('',#2558,0.00179429010672924);
#2134=CYLINDRICAL_SURFACE('',#2561,0.00274392065585813);
#2135=CYLINDRICAL_SURFACE('',#2564,0.00319167966830204);
#2136=CYLINDRICAL_SURFACE('',#2567,0.00284596998287892);
#2137=CYLINDRICAL_SURFACE('',#2570,0.000870226168630213);
#2138=CYLINDRICAL_SURFACE('',#2573,0.000632708892018652);
#2139=CYLINDRICAL_SURFACE('',#2576,0.00245409799882113);
#2140=CYLINDRICAL_SURFACE('',#2579,0.00271202095938054);
#2141=CYLINDRICAL_SURFACE('',#2582,0.00196238411096841);
#2142=CYLINDRICAL_SURFACE('',#2585,0.00187653465549575);
#2143=CYLINDRICAL_SURFACE('',#2588,0.000125886490597844);
#2144=CYLINDRICAL_SURFACE('',#2591,0.000233138657536533);
#2145=CYLINDRICAL_SURFACE('',#2594,0.000120514525228902);
#2146=CYLINDRICAL_SURFACE('',#2597,0.000453379875062436);
#2147=CYLINDRICAL_SURFACE('',#2600,0.00178657515310613);
#2148=CYLINDRICAL_SURFACE('',#2603,0.0177527341971857);
#2149=CYLINDRICAL_SURFACE('',#2606,0.00675790979172375);
#2150=CYLINDRICAL_SURFACE('',#2609,0.000776566071508397);
#2151=CYLINDRICAL_SURFACE('',#2612,0.000426442666496771);
#2152=CYLINDRICAL_SURFACE('',#2615,0.00200215113465308);
#2153=CYLINDRICAL_SURFACE('',#2618,0.124933330234502);
#2154=CYLINDRICAL_SURFACE('',#2621,0.0447911254953281);
#2155=CYLINDRICAL_SURFACE('',#2624,0.0523940000955053);
#2156=CYLINDRICAL_SURFACE('',#2627,0.214277662466943);
#2157=CYLINDRICAL_SURFACE('',#2630,0.0350296283731083);
#2158=CYLINDRICAL_SURFACE('',#2633,0.0232175979959584);
#2159=CYLINDRICAL_SURFACE('',#2636,0.0280615203573105);
#2160=CYLINDRICAL_SURFACE('',#2639,0.000801285665896347);
#2161=CYLINDRICAL_SURFACE('',#2642,0.00028362379886729);
#2162=CYLINDRICAL_SURFACE('',#2645,0.000856694477367218);
#2163=CYLINDRICAL_SURFACE('',#2648,0.00108700634053977);
#2164=ADVANCED_FACE('',(#1926),#2047,.T.);
#2165=ADVANCED_FACE('',(#1927),#2048,.T.);
#2166=ADVANCED_FACE('',(#1928),#2049,.T.);
#2167=ADVANCED_FACE('',(#1929),#2050,.T.);
#2168=ADVANCED_FACE('',(#1930),#2051,.T.);
#2169=ADVANCED_FACE('',(#1931),#2052,.T.);
#2170=ADVANCED_FACE('',(#1932),#2053,.T.);
#2171=ADVANCED_FACE('',(#1933),#2054,.T.);
#2172=ADVANCED_FACE('',(#1934),#2055,.F.);
#2173=ADVANCED_FACE('',(#1935),#2056,.F.);
#2174=ADVANCED_FACE('',(#1936),#2057,.F.);
#2175=ADVANCED_FACE('',(#1937),#2058,.F.);
#2176=ADVANCED_FACE('',(#1938),#2059,.F.);
#2177=ADVANCED_FACE('',(#1939),#2060,.F.);
#2178=ADVANCED_FACE('',(#1940),#2061,.F.);
#2179=ADVANCED_FACE('',(#1941),#2062,.F.);
#2180=ADVANCED_FACE('',(#1942),#2063,.F.);
#2181=ADVANCED_FACE('',(#1943),#2064,.F.);
#2182=ADVANCED_FACE('',(#1944),#2065,.F.);
#2183=ADVANCED_FACE('',(#1945),#2066,.F.);
#2184=ADVANCED_FACE('',(#1946),#2067,.T.);
#2185=ADVANCED_FACE('',(#1947),#2068,.T.);
#2186=ADVANCED_FACE('',(#1948),#2069,.T.);
#2187=ADVANCED_FACE('',(#1949),#2070,.T.);
#2188=ADVANCED_FACE('',(#1950),#2071,.T.);
#2189=ADVANCED_FACE('',(#1951),#2072,.T.);
#2190=ADVANCED_FACE('',(#1952),#2073,.T.);
#2191=ADVANCED_FACE('',(#1953),#2074,.T.);
#2192=ADVANCED_FACE('',(#1954),#2075,.F.);
#2193=ADVANCED_FACE('',(#1955),#2076,.F.);
#2194=ADVANCED_FACE('',(#1956),#2077,.F.);
#2195=ADVANCED_FACE('',(#1957),#2078,.F.);
#2196=ADVANCED_FACE('',(#1958),#2079,.T.);
#2197=ADVANCED_FACE('',(#1959),#2080,.T.);
#2198=ADVANCED_FACE('',(#1960),#2081,.T.);
#2199=ADVANCED_FACE('',(#1961),#2082,.T.);
#2200=ADVANCED_FACE('',(#1962),#2083,.T.);
#2201=ADVANCED_FACE('',(#1963),#2084,.T.);
#2202=ADVANCED_FACE('',(#1964),#2085,.T.);
#2203=ADVANCED_FACE('',(#1965),#2086,.T.);
#2204=ADVANCED_FACE('',(#1966),#2087,.F.);
#2205=ADVANCED_FACE('',(#1967),#2088,.F.);
#2206=ADVANCED_FACE('',(#1968),#2089,.F.);
#2207=ADVANCED_FACE('',(#1969),#2090,.F.);
#2208=ADVANCED_FACE('',(#1970),#2091,.F.);
#2209=ADVANCED_FACE('',(#1971),#2092,.F.);
#2210=ADVANCED_FACE('',(#1972),#2093,.F.);
#2211=ADVANCED_FACE('',(#1973),#2094,.F.);
#2212=ADVANCED_FACE('',(#1974),#12,.F.);
#2213=ADVANCED_FACE('',(#1975),#13,.F.);
#2214=ADVANCED_FACE('',(#1976),#2095,.T.);
#2215=ADVANCED_FACE('',(#1977),#2096,.T.);
#2216=ADVANCED_FACE('',(#1978),#2097,.T.);
#2217=ADVANCED_FACE('',(#1979),#2098,.T.);
#2218=ADVANCED_FACE('',(#1980),#2099,.T.);
#2219=ADVANCED_FACE('',(#1981),#2100,.T.);
#2220=ADVANCED_FACE('',(#1982),#2101,.T.);
#2221=ADVANCED_FACE('',(#1983),#2102,.F.);
#2222=ADVANCED_FACE('',(#1984),#2103,.F.);
#2223=ADVANCED_FACE('',(#1985),#2104,.F.);
#2224=ADVANCED_FACE('',(#1986),#2105,.F.);
#2225=ADVANCED_FACE('',(#1987),#2106,.T.);
#2226=ADVANCED_FACE('',(#1988),#2107,.T.);
#2227=ADVANCED_FACE('',(#1989),#2108,.T.);
#2228=ADVANCED_FACE('',(#1990),#2109,.T.);
#2229=ADVANCED_FACE('',(#1991),#2110,.T.);
#2230=ADVANCED_FACE('',(#1992),#2111,.T.);
#2231=ADVANCED_FACE('',(#1993),#2112,.T.);
#2232=ADVANCED_FACE('',(#1994),#2113,.T.);
#2233=ADVANCED_FACE('',(#1995),#2114,.F.);
#2234=ADVANCED_FACE('',(#1996),#2115,.F.);
#2235=ADVANCED_FACE('',(#1997),#2116,.F.);
#2236=ADVANCED_FACE('',(#1998),#2117,.F.);
#2237=ADVANCED_FACE('',(#1999),#2118,.F.);
#2238=ADVANCED_FACE('',(#2000),#2119,.F.);
#2239=ADVANCED_FACE('',(#2001),#2120,.F.);
#2240=ADVANCED_FACE('',(#2002),#2121,.F.);
#2241=ADVANCED_FACE('',(#2003),#2122,.F.);
#2242=ADVANCED_FACE('',(#2004),#2123,.F.);
#2243=ADVANCED_FACE('',(#2005),#2124,.F.);
#2244=ADVANCED_FACE('',(#2006),#2125,.F.);
#2245=ADVANCED_FACE('',(#2007),#2126,.F.);
#2246=ADVANCED_FACE('',(#2008),#2127,.F.);
#2247=ADVANCED_FACE('',(#2009),#2128,.F.);
#2248=ADVANCED_FACE('',(#2010),#2129,.F.);
#2249=ADVANCED_FACE('',(#2011),#2130,.F.);
#2250=ADVANCED_FACE('',(#2012),#2131,.F.);
#2251=ADVANCED_FACE('',(#2013),#2132,.F.);
#2252=ADVANCED_FACE('',(#2014),#2133,.F.);
#2253=ADVANCED_FACE('',(#2015),#2134,.F.);
#2254=ADVANCED_FACE('',(#2016),#2135,.F.);
#2255=ADVANCED_FACE('',(#2017),#2136,.F.);
#2256=ADVANCED_FACE('',(#2018),#2137,.F.);
#2257=ADVANCED_FACE('',(#2019),#2138,.T.);
#2258=ADVANCED_FACE('',(#2020),#2139,.T.);
#2259=ADVANCED_FACE('',(#2021),#2140,.T.);
#2260=ADVANCED_FACE('',(#2022),#2141,.T.);
#2261=ADVANCED_FACE('',(#2023),#2142,.T.);
#2262=ADVANCED_FACE('',(#2024),#2143,.T.);
#2263=ADVANCED_FACE('',(#2025),#2144,.T.);
#2264=ADVANCED_FACE('',(#2026),#2145,.T.);
#2265=ADVANCED_FACE('',(#2027),#2146,.T.);
#2266=ADVANCED_FACE('',(#2028),#2147,.T.);
#2267=ADVANCED_FACE('',(#2029),#2148,.T.);
#2268=ADVANCED_FACE('',(#2030),#2149,.T.);
#2269=ADVANCED_FACE('',(#2031),#2150,.T.);
#2270=ADVANCED_FACE('',(#2032),#2151,.T.);
#2271=ADVANCED_FACE('',(#2033),#2152,.T.);
#2272=ADVANCED_FACE('',(#2034),#2153,.T.);
#2273=ADVANCED_FACE('',(#2035),#2154,.T.);
#2274=ADVANCED_FACE('',(#2036),#2155,.T.);
#2275=ADVANCED_FACE('',(#2037),#2156,.T.);
#2276=ADVANCED_FACE('',(#2038),#2157,.F.);
#2277=ADVANCED_FACE('',(#2039),#2158,.F.);
#2278=ADVANCED_FACE('',(#2040),#2159,.F.);
#2279=ADVANCED_FACE('',(#2041),#2160,.F.);
#2280=ADVANCED_FACE('',(#2042),#2161,.T.);
#2281=ADVANCED_FACE('',(#2043),#2162,.T.);
#2282=ADVANCED_FACE('',(#2044),#2163,.T.);
#2283=ADVANCED_FACE('',(#2045),#14,.T.);
#2284=ADVANCED_FACE('',(#2046),#15,.F.);
#2285=CLOSED_SHELL('',(#2164,#2165,#2166,#2167,#2168,#2169,#2170,#2171,
#2172,#2173,#2174,#2175,#2176,#2177,#2178,#2179,#2180,#2181,#2182,#2183,
#2184,#2185,#2186,#2187,#2188,#2189,#2190,#2191,#2192,#2193,#2194,#2195,
#2196,#2197,#2198,#2199,#2200,#2201,#2202,#2203,#2204,#2205,#2206,#2207,
#2208,#2209,#2210,#2211,#2212,#2213,#2214,#2215,#2216,#2217,#2218,#2219,
#2220,#2221,#2222,#2223,#2224,#2225,#2226,#2227,#2228,#2229,#2230,#2231,
#2232,#2233,#2234,#2235,#2236,#2237,#2238,#2239,#2240,#2241,#2242,#2243,
#2244,#2245,#2246,#2247,#2248,#2249,#2250,#2251,#2252,#2253,#2254,#2255,
#2256,#2257,#2258,#2259,#2260,#2261,#2262,#2263,#2264,#2265,#2266,#2267,
#2268,#2269,#2270,#2271,#2272,#2273,#2274,#2275,#2276,#2277,#2278,#2279,
#2280,#2281,#2282,#2283,#2284));
#2286=STYLED_ITEM('',(#2287),#2294);
#2287=PRESENTATION_STYLE_ASSIGNMENT((#2288));
#2288=SURFACE_STYLE_USAGE(.BOTH.,#2289);
#2289=SURFACE_SIDE_STYLE('',(#2290));
#2290=SURFACE_STYLE_FILL_AREA(#2291);
#2291=FILL_AREA_STYLE('',(#2292));
#2292=FILL_AREA_STYLE_COLOUR('',#2293);
#2293=COLOUR_RGB('',0.682352941176471,0.333333333333334,0.737254901960784);
#2294=MANIFOLD_SOLID_BREP('ForgeF',#2285);
#2295=SHAPE_DEFINITION_REPRESENTATION(#4211,#2296);
#2296=SHAPE_REPRESENTATION('ForgeF',(#2297),#4206);
#2297=AXIS2_PLACEMENT_3D('',#3488,#2653,#2654);
#2298=AXIS2_PLACEMENT_3D('',#3489,#2655,#2656);
#2299=AXIS2_PLACEMENT_3D('',#3490,#2657,#2658);
#2300=AXIS2_PLACEMENT_3D('',#3495,#2660,#2661);
#2301=AXIS2_PLACEMENT_3D('',#3498,#2663,#2664);
#2302=AXIS2_PLACEMENT_3D('',#3499,#2665,#2666);
#2303=AXIS2_PLACEMENT_3D('',#3503,#2668,#2669);
#2304=AXIS2_PLACEMENT_3D('',#3504,#2670,#2671);
#2305=AXIS2_PLACEMENT_3D('',#3505,#2672,#2673);
#2306=AXIS2_PLACEMENT_3D('',#3509,#2675,#2676);
#2307=AXIS2_PLACEMENT_3D('',#3510,#2677,#2678);
#2308=AXIS2_PLACEMENT_3D('',#3511,#2679,#2680);
#2309=AXIS2_PLACEMENT_3D('',#3515,#2682,#2683);
#2310=AXIS2_PLACEMENT_3D('',#3516,#2684,#2685);
#2311=AXIS2_PLACEMENT_3D('',#3517,#2686,#2687);
#2312=AXIS2_PLACEMENT_3D('',#3521,#2689,#2690);
#2313=AXIS2_PLACEMENT_3D('',#3522,#2691,#2692);
#2314=AXIS2_PLACEMENT_3D('',#3523,#2693,#2694);
#2315=AXIS2_PLACEMENT_3D('',#3527,#2696,#2697);
#2316=AXIS2_PLACEMENT_3D('',#3528,#2698,#2699);
#2317=AXIS2_PLACEMENT_3D('',#3529,#2700,#2701);
#2318=AXIS2_PLACEMENT_3D('',#3533,#2703,#2704);
#2319=AXIS2_PLACEMENT_3D('',#3534,#2705,#2706);
#2320=AXIS2_PLACEMENT_3D('',#3535,#2707,#2708);
#2321=AXIS2_PLACEMENT_3D('',#3539,#2710,#2711);
#2322=AXIS2_PLACEMENT_3D('',#3540,#2712,#2713);
#2323=AXIS2_PLACEMENT_3D('',#3541,#2714,#2715);
#2324=AXIS2_PLACEMENT_3D('',#3545,#2717,#2718);
#2325=AXIS2_PLACEMENT_3D('',#3546,#2719,#2720);
#2326=AXIS2_PLACEMENT_3D('',#3547,#2721,#2722);
#2327=AXIS2_PLACEMENT_3D('',#3551,#2724,#2725);
#2328=AXIS2_PLACEMENT_3D('',#3552,#2726,#2727);
#2329=AXIS2_PLACEMENT_3D('',#3553,#2728,#2729);
#2330=AXIS2_PLACEMENT_3D('',#3557,#2731,#2732);
#2331=AXIS2_PLACEMENT_3D('',#3558,#2733,#2734);
#2332=AXIS2_PLACEMENT_3D('',#3559,#2735,#2736);
#2333=AXIS2_PLACEMENT_3D('',#3563,#2738,#2739);
#2334=AXIS2_PLACEMENT_3D('',#3564,#2740,#2741);
#2335=AXIS2_PLACEMENT_3D('',#3565,#2742,#2743);
#2336=AXIS2_PLACEMENT_3D('',#3569,#2745,#2746);
#2337=AXIS2_PLACEMENT_3D('',#3570,#2747,#2748);
#2338=AXIS2_PLACEMENT_3D('',#3571,#2749,#2750);
#2339=AXIS2_PLACEMENT_3D('',#3575,#2752,#2753);
#2340=AXIS2_PLACEMENT_3D('',#3576,#2754,#2755);
#2341=AXIS2_PLACEMENT_3D('',#3577,#2756,#2757);
#2342=AXIS2_PLACEMENT_3D('',#3581,#2759,#2760);
#2343=AXIS2_PLACEMENT_3D('',#3582,#2761,#2762);
#2344=AXIS2_PLACEMENT_3D('',#3583,#2763,#2764);
#2345=AXIS2_PLACEMENT_3D('',#3587,#2766,#2767);
#2346=AXIS2_PLACEMENT_3D('',#3588,#2768,#2769);
#2347=AXIS2_PLACEMENT_3D('',#3589,#2770,#2771);
#2348=AXIS2_PLACEMENT_3D('',#3593,#2773,#2774);
#2349=AXIS2_PLACEMENT_3D('',#3594,#2775,#2776);
#2350=AXIS2_PLACEMENT_3D('',#3595,#2777,#2778);
#2351=AXIS2_PLACEMENT_3D('',#3599,#2780,#2781);
#2352=AXIS2_PLACEMENT_3D('',#3600,#2782,#2783);
#2353=AXIS2_PLACEMENT_3D('',#3601,#2784,#2785);
#2354=AXIS2_PLACEMENT_3D('',#3605,#2787,#2788);
#2355=AXIS2_PLACEMENT_3D('',#3606,#2789,#2790);
#2356=AXIS2_PLACEMENT_3D('',#3607,#2791,#2792);
#2357=AXIS2_PLACEMENT_3D('',#3611,#2794,#2795);
#2358=AXIS2_PLACEMENT_3D('',#3612,#2796,#2797);
#2359=AXIS2_PLACEMENT_3D('',#3613,#2798,#2799);
#2360=AXIS2_PLACEMENT_3D('',#3617,#2801,#2802);
#2361=AXIS2_PLACEMENT_3D('',#3618,#2803,#2804);
#2362=AXIS2_PLACEMENT_3D('',#3619,#2805,#2806);
#2363=AXIS2_PLACEMENT_3D('',#3623,#2808,#2809);
#2364=AXIS2_PLACEMENT_3D('',#3624,#2810,#2811);
#2365=AXIS2_PLACEMENT_3D('',#3625,#2812,#2813);
#2366=AXIS2_PLACEMENT_3D('',#3629,#2815,#2816);
#2367=AXIS2_PLACEMENT_3D('',#3630,#2817,#2818);
#2368=AXIS2_PLACEMENT_3D('',#3631,#2819,#2820);
#2369=AXIS2_PLACEMENT_3D('',#3635,#2822,#2823);
#2370=AXIS2_PLACEMENT_3D('',#3636,#2824,#2825);
#2371=AXIS2_PLACEMENT_3D('',#3637,#2826,#2827);
#2372=AXIS2_PLACEMENT_3D('',#3641,#2829,#2830);
#2373=AXIS2_PLACEMENT_3D('',#3642,#2831,#2832);
#2374=AXIS2_PLACEMENT_3D('',#3643,#2833,#2834);
#2375=AXIS2_PLACEMENT_3D('',#3647,#2836,#2837);
#2376=AXIS2_PLACEMENT_3D('',#3648,#2838,#2839);
#2377=AXIS2_PLACEMENT_3D('',#3649,#2840,#2841);
#2378=AXIS2_PLACEMENT_3D('',#3653,#2843,#2844);
#2379=AXIS2_PLACEMENT_3D('',#3654,#2845,#2846);
#2380=AXIS2_PLACEMENT_3D('',#3655,#2847,#2848);
#2381=AXIS2_PLACEMENT_3D('',#3659,#2850,#2851);
#2382=AXIS2_PLACEMENT_3D('',#3660,#2852,#2853);
#2383=AXIS2_PLACEMENT_3D('',#3661,#2854,#2855);
#2384=AXIS2_PLACEMENT_3D('',#3665,#2857,#2858);
#2385=AXIS2_PLACEMENT_3D('',#3666,#2859,#2860);
#2386=AXIS2_PLACEMENT_3D('',#3667,#2861,#2862);
#2387=AXIS2_PLACEMENT_3D('',#3671,#2864,#2865);
#2388=AXIS2_PLACEMENT_3D('',#3672,#2866,#2867);
#2389=AXIS2_PLACEMENT_3D('',#3673,#2868,#2869);
#2390=AXIS2_PLACEMENT_3D('',#3677,#2871,#2872);
#2391=AXIS2_PLACEMENT_3D('',#3678,#2873,#2874);
#2392=AXIS2_PLACEMENT_3D('',#3679,#2875,#2876);
#2393=AXIS2_PLACEMENT_3D('',#3683,#2878,#2879);
#2394=AXIS2_PLACEMENT_3D('',#3684,#2880,#2881);
#2395=AXIS2_PLACEMENT_3D('',#3685,#2882,#2883);
#2396=AXIS2_PLACEMENT_3D('',#3689,#2885,#2886);
#2397=AXIS2_PLACEMENT_3D('',#3690,#2887,#2888);
#2398=AXIS2_PLACEMENT_3D('',#3691,#2889,#2890);
#2399=AXIS2_PLACEMENT_3D('',#3695,#2892,#2893);
#2400=AXIS2_PLACEMENT_3D('',#3696,#2894,#2895);
#2401=AXIS2_PLACEMENT_3D('',#3697,#2896,#2897);
#2402=AXIS2_PLACEMENT_3D('',#3701,#2899,#2900);
#2403=AXIS2_PLACEMENT_3D('',#3702,#2901,#2902);
#2404=AXIS2_PLACEMENT_3D('',#3703,#2903,#2904);
#2405=AXIS2_PLACEMENT_3D('',#3707,#2906,#2907);
#2406=AXIS2_PLACEMENT_3D('',#3708,#2908,#2909);
#2407=AXIS2_PLACEMENT_3D('',#3709,#2910,#2911);
#2408=AXIS2_PLACEMENT_3D('',#3713,#2913,#2914);
#2409=AXIS2_PLACEMENT_3D('',#3714,#2915,#2916);
#2410=AXIS2_PLACEMENT_3D('',#3715,#2917,#2918);
#2411=AXIS2_PLACEMENT_3D('',#3719,#2920,#2921);
#2412=AXIS2_PLACEMENT_3D('',#3720,#2922,#2923);
#2413=AXIS2_PLACEMENT_3D('',#3721,#2924,#2925);
#2414=AXIS2_PLACEMENT_3D('',#3725,#2927,#2928);
#2415=AXIS2_PLACEMENT_3D('',#3726,#2929,#2930);
#2416=AXIS2_PLACEMENT_3D('',#3727,#2931,#2932);
#2417=AXIS2_PLACEMENT_3D('',#3731,#2934,#2935);
#2418=AXIS2_PLACEMENT_3D('',#3732,#2936,#2937);
#2419=AXIS2_PLACEMENT_3D('',#3733,#2938,#2939);
#2420=AXIS2_PLACEMENT_3D('',#3737,#2941,#2942);
#2421=AXIS2_PLACEMENT_3D('',#3738,#2943,#2944);
#2422=AXIS2_PLACEMENT_3D('',#3739,#2945,#2946);
#2423=AXIS2_PLACEMENT_3D('',#3743,#2948,#2949);
#2424=AXIS2_PLACEMENT_3D('',#3744,#2950,#2951);
#2425=AXIS2_PLACEMENT_3D('',#3745,#2952,#2953);
#2426=AXIS2_PLACEMENT_3D('',#3749,#2955,#2956);
#2427=AXIS2_PLACEMENT_3D('',#3750,#2957,#2958);
#2428=AXIS2_PLACEMENT_3D('',#3751,#2959,#2960);
#2429=AXIS2_PLACEMENT_3D('',#3755,#2962,#2963);
#2430=AXIS2_PLACEMENT_3D('',#3756,#2964,#2965);
#2431=AXIS2_PLACEMENT_3D('',#3757,#2966,#2967);
#2432=AXIS2_PLACEMENT_3D('',#3761,#2969,#2970);
#2433=AXIS2_PLACEMENT_3D('',#3762,#2971,#2972);
#2434=AXIS2_PLACEMENT_3D('',#3763,#2973,#2974);
#2435=AXIS2_PLACEMENT_3D('',#3767,#2976,#2977);
#2436=AXIS2_PLACEMENT_3D('',#3768,#2978,#2979);
#2437=AXIS2_PLACEMENT_3D('',#3769,#2980,#2981);
#2438=AXIS2_PLACEMENT_3D('',#3773,#2983,#2984);
#2439=AXIS2_PLACEMENT_3D('',#3774,#2985,#2986);
#2440=AXIS2_PLACEMENT_3D('',#3775,#2987,#2988);
#2441=AXIS2_PLACEMENT_3D('',#3779,#2990,#2991);
#2442=AXIS2_PLACEMENT_3D('',#3780,#2992,#2993);
#2443=AXIS2_PLACEMENT_3D('',#3786,#2997,#2998);
#2444=AXIS2_PLACEMENT_3D('',#3792,#3002,#3003);
#2445=AXIS2_PLACEMENT_3D('',#3793,#3004,#3005);
#2446=AXIS2_PLACEMENT_3D('',#3797,#3007,#3008);
#2447=AXIS2_PLACEMENT_3D('',#3798,#3009,#3010);
#2448=AXIS2_PLACEMENT_3D('',#3799,#3011,#3012);
#2449=AXIS2_PLACEMENT_3D('',#3803,#3014,#3015);
#2450=AXIS2_PLACEMENT_3D('',#3804,#3016,#3017);
#2451=AXIS2_PLACEMENT_3D('',#3805,#3018,#3019);
#2452=AXIS2_PLACEMENT_3D('',#3809,#3021,#3022);
#2453=AXIS2_PLACEMENT_3D('',#3810,#3023,#3024);
#2454=AXIS2_PLACEMENT_3D('',#3811,#3025,#3026);
#2455=AXIS2_PLACEMENT_3D('',#3815,#3028,#3029);
#2456=AXIS2_PLACEMENT_3D('',#3816,#3030,#3031);
#2457=AXIS2_PLACEMENT_3D('',#3817,#3032,#3033);
#2458=AXIS2_PLACEMENT_3D('',#3821,#3035,#3036);
#2459=AXIS2_PLACEMENT_3D('',#3822,#3037,#3038);
#2460=AXIS2_PLACEMENT_3D('',#3823,#3039,#3040);
#2461=AXIS2_PLACEMENT_3D('',#3827,#3042,#3043);
#2462=AXIS2_PLACEMENT_3D('',#3828,#3044,#3045);
#2463=AXIS2_PLACEMENT_3D('',#3829,#3046,#3047);
#2464=AXIS2_PLACEMENT_3D('',#3833,#3049,#3050);
#2465=AXIS2_PLACEMENT_3D('',#3834,#3051,#3052);
#2466=AXIS2_PLACEMENT_3D('',#3835,#3053,#3054);
#2467=AXIS2_PLACEMENT_3D('',#3839,#3056,#3057);
#2468=AXIS2_PLACEMENT_3D('',#3840,#3058,#3059);
#2469=AXIS2_PLACEMENT_3D('',#3841,#3060,#3061);
#2470=AXIS2_PLACEMENT_3D('',#3845,#3063,#3064);
#2471=AXIS2_PLACEMENT_3D('',#3846,#3065,#3066);
#2472=AXIS2_PLACEMENT_3D('',#3847,#3067,#3068);
#2473=AXIS2_PLACEMENT_3D('',#3851,#3070,#3071);
#2474=AXIS2_PLACEMENT_3D('',#3852,#3072,#3073);
#2475=AXIS2_PLACEMENT_3D('',#3853,#3074,#3075);
#2476=AXIS2_PLACEMENT_3D('',#3857,#3077,#3078);
#2477=AXIS2_PLACEMENT_3D('',#3858,#3079,#3080);
#2478=AXIS2_PLACEMENT_3D('',#3859,#3081,#3082);
#2479=AXIS2_PLACEMENT_3D('',#3863,#3084,#3085);
#2480=AXIS2_PLACEMENT_3D('',#3864,#3086,#3087);
#2481=AXIS2_PLACEMENT_3D('',#3865,#3088,#3089);
#2482=AXIS2_PLACEMENT_3D('',#3869,#3091,#3092);
#2483=AXIS2_PLACEMENT_3D('',#3870,#3093,#3094);
#2484=AXIS2_PLACEMENT_3D('',#3871,#3095,#3096);
#2485=AXIS2_PLACEMENT_3D('',#3875,#3098,#3099);
#2486=AXIS2_PLACEMENT_3D('',#3876,#3100,#3101);
#2487=AXIS2_PLACEMENT_3D('',#3877,#3102,#3103);
#2488=AXIS2_PLACEMENT_3D('',#3881,#3105,#3106);
#2489=AXIS2_PLACEMENT_3D('',#3882,#3107,#3108);
#2490=AXIS2_PLACEMENT_3D('',#3883,#3109,#3110);
#2491=AXIS2_PLACEMENT_3D('',#3887,#3112,#3113);
#2492=AXIS2_PLACEMENT_3D('',#3888,#3114,#3115);
#2493=AXIS2_PLACEMENT_3D('',#3889,#3116,#3117);
#2494=AXIS2_PLACEMENT_3D('',#3893,#3119,#3120);
#2495=AXIS2_PLACEMENT_3D('',#3894,#3121,#3122);
#2496=AXIS2_PLACEMENT_3D('',#3895,#3123,#3124);
#2497=AXIS2_PLACEMENT_3D('',#3899,#3126,#3127);
#2498=AXIS2_PLACEMENT_3D('',#3900,#3128,#3129);
#2499=AXIS2_PLACEMENT_3D('',#3901,#3130,#3131);
#2500=AXIS2_PLACEMENT_3D('',#3905,#3133,#3134);
#2501=AXIS2_PLACEMENT_3D('',#3906,#3135,#3136);
#2502=AXIS2_PLACEMENT_3D('',#3907,#3137,#3138);
#2503=AXIS2_PLACEMENT_3D('',#3911,#3140,#3141);
#2504=AXIS2_PLACEMENT_3D('',#3912,#3142,#3143);
#2505=AXIS2_PLACEMENT_3D('',#3913,#3144,#3145);
#2506=AXIS2_PLACEMENT_3D('',#3917,#3147,#3148);
#2507=AXIS2_PLACEMENT_3D('',#3918,#3149,#3150);
#2508=AXIS2_PLACEMENT_3D('',#3919,#3151,#3152);
#2509=AXIS2_PLACEMENT_3D('',#3923,#3154,#3155);
#2510=AXIS2_PLACEMENT_3D('',#3924,#3156,#3157);
#2511=AXIS2_PLACEMENT_3D('',#3925,#3158,#3159);
#2512=AXIS2_PLACEMENT_3D('',#3929,#3161,#3162);
#2513=AXIS2_PLACEMENT_3D('',#3930,#3163,#3164);
#2514=AXIS2_PLACEMENT_3D('',#3931,#3165,#3166);
#2515=AXIS2_PLACEMENT_3D('',#3935,#3168,#3169);
#2516=AXIS2_PLACEMENT_3D('',#3936,#3170,#3171);
#2517=AXIS2_PLACEMENT_3D('',#3937,#3172,#3173);
#2518=AXIS2_PLACEMENT_3D('',#3941,#3175,#3176);
#2519=AXIS2_PLACEMENT_3D('',#3942,#3177,#3178);
#2520=AXIS2_PLACEMENT_3D('',#3943,#3179,#3180);
#2521=AXIS2_PLACEMENT_3D('',#3947,#3182,#3183);
#2522=AXIS2_PLACEMENT_3D('',#3948,#3184,#3185);
#2523=AXIS2_PLACEMENT_3D('',#3949,#3186,#3187);
#2524=AXIS2_PLACEMENT_3D('',#3953,#3189,#3190);
#2525=AXIS2_PLACEMENT_3D('',#3954,#3191,#3192);
#2526=AXIS2_PLACEMENT_3D('',#3955,#3193,#3194);
#2527=AXIS2_PLACEMENT_3D('',#3959,#3196,#3197);
#2528=AXIS2_PLACEMENT_3D('',#3960,#3198,#3199);
#2529=AXIS2_PLACEMENT_3D('',#3961,#3200,#3201);
#2530=AXIS2_PLACEMENT_3D('',#3965,#3203,#3204);
#2531=AXIS2_PLACEMENT_3D('',#3966,#3205,#3206);
#2532=AXIS2_PLACEMENT_3D('',#3967,#3207,#3208);
#2533=AXIS2_PLACEMENT_3D('',#3971,#3210,#3211);
#2534=AXIS2_PLACEMENT_3D('',#3972,#3212,#3213);
#2535=AXIS2_PLACEMENT_3D('',#3973,#3214,#3215);
#2536=AXIS2_PLACEMENT_3D('',#3977,#3217,#3218);
#2537=AXIS2_PLACEMENT_3D('',#3978,#3219,#3220);
#2538=AXIS2_PLACEMENT_3D('',#3979,#3221,#3222);
#2539=AXIS2_PLACEMENT_3D('',#3983,#3224,#3225);
#2540=AXIS2_PLACEMENT_3D('',#3984,#3226,#3227);
#2541=AXIS2_PLACEMENT_3D('',#3985,#3228,#3229);
#2542=AXIS2_PLACEMENT_3D('',#3989,#3231,#3232);
#2543=AXIS2_PLACEMENT_3D('',#3990,#3233,#3234);
#2544=AXIS2_PLACEMENT_3D('',#3991,#3235,#3236);
#2545=AXIS2_PLACEMENT_3D('',#3995,#3238,#3239);
#2546=AXIS2_PLACEMENT_3D('',#3996,#3240,#3241);
#2547=AXIS2_PLACEMENT_3D('',#3997,#3242,#3243);
#2548=AXIS2_PLACEMENT_3D('',#4001,#3245,#3246);
#2549=AXIS2_PLACEMENT_3D('',#4002,#3247,#3248);
#2550=AXIS2_PLACEMENT_3D('',#4003,#3249,#3250);
#2551=AXIS2_PLACEMENT_3D('',#4007,#3252,#3253);
#2552=AXIS2_PLACEMENT_3D('',#4008,#3254,#3255);
#2553=AXIS2_PLACEMENT_3D('',#4009,#3256,#3257);
#2554=AXIS2_PLACEMENT_3D('',#4013,#3259,#3260);
#2555=AXIS2_PLACEMENT_3D('',#4014,#3261,#3262);
#2556=AXIS2_PLACEMENT_3D('',#4015,#3263,#3264);
#2557=AXIS2_PLACEMENT_3D('',#4019,#3266,#3267);
#2558=AXIS2_PLACEMENT_3D('',#4020,#3268,#3269);
#2559=AXIS2_PLACEMENT_3D('',#4021,#3270,#3271);
#2560=AXIS2_PLACEMENT_3D('',#4025,#3273,#3274);
#2561=AXIS2_PLACEMENT_3D('',#4026,#3275,#3276);
#2562=AXIS2_PLACEMENT_3D('',#4027,#3277,#3278);
#2563=AXIS2_PLACEMENT_3D('',#4031,#3280,#3281);
#2564=AXIS2_PLACEMENT_3D('',#4032,#3282,#3283);
#2565=AXIS2_PLACEMENT_3D('',#4033,#3284,#3285);
#2566=AXIS2_PLACEMENT_3D('',#4037,#3287,#3288);
#2567=AXIS2_PLACEMENT_3D('',#4038,#3289,#3290);
#2568=AXIS2_PLACEMENT_3D('',#4039,#3291,#3292);
#2569=AXIS2_PLACEMENT_3D('',#4043,#3294,#3295);
#2570=AXIS2_PLACEMENT_3D('',#4044,#3296,#3297);
#2571=AXIS2_PLACEMENT_3D('',#4045,#3298,#3299);
#2572=AXIS2_PLACEMENT_3D('',#4049,#3301,#3302);
#2573=AXIS2_PLACEMENT_3D('',#4050,#3303,#3304);
#2574=AXIS2_PLACEMENT_3D('',#4051,#3305,#3306);
#2575=AXIS2_PLACEMENT_3D('',#4055,#3308,#3309);
#2576=AXIS2_PLACEMENT_3D('',#4056,#3310,#3311);
#2577=AXIS2_PLACEMENT_3D('',#4057,#3312,#3313);
#2578=AXIS2_PLACEMENT_3D('',#4061,#3315,#3316);
#2579=AXIS2_PLACEMENT_3D('',#4062,#3317,#3318);
#2580=AXIS2_PLACEMENT_3D('',#4063,#3319,#3320);
#2581=AXIS2_PLACEMENT_3D('',#4067,#3322,#3323);
#2582=AXIS2_PLACEMENT_3D('',#4068,#3324,#3325);
#2583=AXIS2_PLACEMENT_3D('',#4069,#3326,#3327);
#2584=AXIS2_PLACEMENT_3D('',#4073,#3329,#3330);
#2585=AXIS2_PLACEMENT_3D('',#4074,#3331,#3332);
#2586=AXIS2_PLACEMENT_3D('',#4075,#3333,#3334);
#2587=AXIS2_PLACEMENT_3D('',#4079,#3336,#3337);
#2588=AXIS2_PLACEMENT_3D('',#4080,#3338,#3339);
#2589=AXIS2_PLACEMENT_3D('',#4081,#3340,#3341);
#2590=AXIS2_PLACEMENT_3D('',#4085,#3343,#3344);
#2591=AXIS2_PLACEMENT_3D('',#4086,#3345,#3346);
#2592=AXIS2_PLACEMENT_3D('',#4087,#3347,#3348);
#2593=AXIS2_PLACEMENT_3D('',#4091,#3350,#3351);
#2594=AXIS2_PLACEMENT_3D('',#4092,#3352,#3353);
#2595=AXIS2_PLACEMENT_3D('',#4093,#3354,#3355);
#2596=AXIS2_PLACEMENT_3D('',#4097,#3357,#3358);
#2597=AXIS2_PLACEMENT_3D('',#4098,#3359,#3360);
#2598=AXIS2_PLACEMENT_3D('',#4099,#3361,#3362);
#2599=AXIS2_PLACEMENT_3D('',#4103,#3364,#3365);
#2600=AXIS2_PLACEMENT_3D('',#4104,#3366,#3367);
#2601=AXIS2_PLACEMENT_3D('',#4105,#3368,#3369);
#2602=AXIS2_PLACEMENT_3D('',#4109,#3371,#3372);
#2603=AXIS2_PLACEMENT_3D('',#4110,#3373,#3374);
#2604=AXIS2_PLACEMENT_3D('',#4111,#3375,#3376);
#2605=AXIS2_PLACEMENT_3D('',#4115,#3378,#3379);
#2606=AXIS2_PLACEMENT_3D('',#4116,#3380,#3381);
#2607=AXIS2_PLACEMENT_3D('',#4117,#3382,#3383);
#2608=AXIS2_PLACEMENT_3D('',#4121,#3385,#3386);
#2609=AXIS2_PLACEMENT_3D('',#4122,#3387,#3388);
#2610=AXIS2_PLACEMENT_3D('',#4123,#3389,#3390);
#2611=AXIS2_PLACEMENT_3D('',#4127,#3392,#3393);
#2612=AXIS2_PLACEMENT_3D('',#4128,#3394,#3395);
#2613=AXIS2_PLACEMENT_3D('',#4129,#3396,#3397);
#2614=AXIS2_PLACEMENT_3D('',#4133,#3399,#3400);
#2615=AXIS2_PLACEMENT_3D('',#4134,#3401,#3402);
#2616=AXIS2_PLACEMENT_3D('',#4135,#3403,#3404);
#2617=AXIS2_PLACEMENT_3D('',#4139,#3406,#3407);
#2618=AXIS2_PLACEMENT_3D('',#4140,#3408,#3409);
#2619=AXIS2_PLACEMENT_3D('',#4141,#3410,#3411);
#2620=AXIS2_PLACEMENT_3D('',#4145,#3413,#3414);
#2621=AXIS2_PLACEMENT_3D('',#4146,#3415,#3416);
#2622=AXIS2_PLACEMENT_3D('',#4147,#3417,#3418);
#2623=AXIS2_PLACEMENT_3D('',#4151,#3420,#3421);
#2624=AXIS2_PLACEMENT_3D('',#4152,#3422,#3423);
#2625=AXIS2_PLACEMENT_3D('',#4153,#3424,#3425);
#2626=AXIS2_PLACEMENT_3D('',#4157,#3427,#3428);
#2627=AXIS2_PLACEMENT_3D('',#4158,#3429,#3430);
#2628=AXIS2_PLACEMENT_3D('',#4159,#3431,#3432);
#2629=AXIS2_PLACEMENT_3D('',#4163,#3434,#3435);
#2630=AXIS2_PLACEMENT_3D('',#4164,#3436,#3437);
#2631=AXIS2_PLACEMENT_3D('',#4165,#3438,#3439);
#2632=AXIS2_PLACEMENT_3D('',#4169,#3441,#3442);
#2633=AXIS2_PLACEMENT_3D('',#4170,#3443,#3444);
#2634=AXIS2_PLACEMENT_3D('',#4171,#3445,#3446);
#2635=AXIS2_PLACEMENT_3D('',#4175,#3448,#3449);
#2636=AXIS2_PLACEMENT_3D('',#4176,#3450,#3451);
#2637=AXIS2_PLACEMENT_3D('',#4177,#3452,#3453);
#2638=AXIS2_PLACEMENT_3D('',#4181,#3455,#3456);
#2639=AXIS2_PLACEMENT_3D('',#4182,#3457,#3458);
#2640=AXIS2_PLACEMENT_3D('',#4183,#3459,#3460);
#2641=AXIS2_PLACEMENT_3D('',#4187,#3462,#3463);
#2642=AXIS2_PLACEMENT_3D('',#4188,#3464,#3465);
#2643=AXIS2_PLACEMENT_3D('',#4189,#3466,#3467);
#2644=AXIS2_PLACEMENT_3D('',#4193,#3469,#3470);
#2645=AXIS2_PLACEMENT_3D('',#4194,#3471,#3472);
#2646=AXIS2_PLACEMENT_3D('',#4195,#3473,#3474);
#2647=AXIS2_PLACEMENT_3D('',#4199,#3476,#3477);
#2648=AXIS2_PLACEMENT_3D('',#4200,#3478,#3479);
#2649=AXIS2_PLACEMENT_3D('',#4201,#3480,#3481);
#2650=AXIS2_PLACEMENT_3D('',#4202,#3482,#3483);
#2651=AXIS2_PLACEMENT_3D('',#4203,#3484,#3485);
#2652=AXIS2_PLACEMENT_3D('',#4204,#3486,#3487);
#2653=DIRECTION('',(0.,0.,1.));
#2654=DIRECTION('',(1.,0.,0.));
#2655=DIRECTION('',(-5.56131819963552E-33,1.22464679914735E-16,1.));
#2656=DIRECTION('',(-1.,-9.08232186375291E-17,5.56131819963552E-33));
#2657=DIRECTION('',(5.56131819963552E-33,-1.22464679914735E-16,-1.));
#2658=DIRECTION('',(1.,9.08232186375291E-17,-5.56131819963552E-33));
#2659=DIRECTION('',(-5.56131819963552E-33,1.22464679914735E-16,1.));
#2660=DIRECTION('',(5.56131819963552E-33,-1.22464679914735E-16,-1.));
#2661=DIRECTION('',(1.,9.08232186375291E-17,-5.56131819963552E-33));
#2662=DIRECTION('',(-5.56131819963552E-33,1.22464679914735E-16,1.));
#2663=DIRECTION('',(-5.56131819963552E-33,1.22464679914735E-16,1.));
#2664=DIRECTION('',(-1.,-9.08232186375291E-17,5.56131819963552E-33));
#2665=DIRECTION('',(5.56131819963552E-33,-1.22464679914735E-16,-1.));
#2666=DIRECTION('',(1.,9.08232186375291E-17,-5.56131819963552E-33));
#2667=DIRECTION('',(-5.56131819963552E-33,1.22464679914735E-16,1.));
#2668=DIRECTION('',(5.56131819963552E-33,-1.22464679914735E-16,-1.));
#2669=DIRECTION('',(1.,9.08232186375291E-17,-5.56131819963552E-33));
#2670=DIRECTION('',(-5.56131819963552E-33,1.22464679914735E-16,1.));
#2671=DIRECTION('',(-1.,-9.08232186375291E-17,5.56131819963552E-33));
#2672=DIRECTION('',(5.56131819963552E-33,-1.22464679914735E-16,-1.));
#2673=DIRECTION('',(1.,9.08232186375291E-17,-5.56131819963552E-33));
#2674=DIRECTION('',(-5.56131819963552E-33,1.22464679914735E-16,1.));
#2675=DIRECTION('',(5.56131819963552E-33,-1.22464679914735E-16,-1.));
#2676=DIRECTION('',(1.,9.08232186375291E-17,-5.56131819963552E-33));
#2677=DIRECTION('',(-5.56131819963552E-33,1.22464679914735E-16,1.));
#2678=DIRECTION('',(-1.,-9.08232186375291E-17,5.56131819963552E-33));
#2679=DIRECTION('',(5.56131819963552E-33,-1.22464679914735E-16,-1.));
#2680=DIRECTION('',(1.,9.08232186375291E-17,-5.56131819963552E-33));
#2681=DIRECTION('',(-5.56131819963552E-33,1.22464679914735E-16,1.));
#2682=DIRECTION('',(5.56131819963552E-33,-1.22464679914735E-16,-1.));
#2683=DIRECTION('',(1.,9.08232186375291E-17,-5.56131819963552E-33));
#2684=DIRECTION('',(-5.56131819963552E-33,1.22464679914735E-16,1.));
#2685=DIRECTION('',(-1.,-9.08232186375291E-17,5.56131819963552E-33));
#2686=DIRECTION('',(5.56131819963552E-33,-1.22464679914735E-16,-1.));
#2687=DIRECTION('',(1.,9.08232186375291E-17,-5.56131819963552E-33));
#2688=DIRECTION('',(-5.56131819963552E-33,1.22464679914735E-16,1.));
#2689=DIRECTION('',(5.56131819963552E-33,-1.22464679914735E-16,-1.));
#2690=DIRECTION('',(1.,9.08232186375291E-17,-5.56131819963552E-33));
#2691=DIRECTION('',(-5.56131819963552E-33,1.22464679914735E-16,1.));
#2692=DIRECTION('',(-1.,-9.08232186375291E-17,5.56131819963552E-33));
#2693=DIRECTION('',(5.56131819963552E-33,-1.22464679914735E-16,-1.));
#2694=DIRECTION('',(1.,9.08232186375291E-17,-5.56131819963552E-33));
#2695=DIRECTION('',(-5.56131819963552E-33,1.22464679914735E-16,1.));
#2696=DIRECTION('',(5.56131819963552E-33,-1.22464679914735E-16,-1.));
#2697=DIRECTION('',(1.,9.08232186375291E-17,-5.56131819963552E-33));
#2698=DIRECTION('',(-5.56131819963552E-33,1.22464679914735E-16,1.));
#2699=DIRECTION('',(-1.,-9.08232186375291E-17,5.56131819963552E-33));
#2700=DIRECTION('',(5.56131819963552E-33,-1.22464679914735E-16,-1.));
#2701=DIRECTION('',(1.,9.08232186375291E-17,-5.56131819963552E-33));
#2702=DIRECTION('',(-5.56131819963552E-33,1.22464679914735E-16,1.));
#2703=DIRECTION('',(5.56131819963552E-33,-1.22464679914735E-16,-1.));
#2704=DIRECTION('',(1.,9.08232186375291E-17,-5.56131819963552E-33));
#2705=DIRECTION('',(-5.56131819963552E-33,1.22464679914735E-16,1.));
#2706=DIRECTION('',(-1.,-9.08232186375291E-17,5.56131819963552E-33));
#2707=DIRECTION('',(5.56131819963552E-33,-1.22464679914735E-16,-1.));
#2708=DIRECTION('',(1.,9.08232186375291E-17,-5.56131819963552E-33));
#2709=DIRECTION('',(-5.56131819963552E-33,1.22464679914735E-16,1.));
#2710=DIRECTION('',(5.56131819963552E-33,-1.22464679914735E-16,-1.));
#2711=DIRECTION('',(1.,9.08232186375291E-17,-5.56131819963552E-33));
#2712=DIRECTION('',(-5.56131819963552E-33,1.22464679914735E-16,1.));
#2713=DIRECTION('',(-1.,-9.08232186375291E-17,5.56131819963552E-33));
#2714=DIRECTION('',(-5.56131819963552E-33,1.22464679914735E-16,1.));
#2715=DIRECTION('',(1.,9.08232186375291E-17,-5.56131819963552E-33));
#2716=DIRECTION('',(-5.56131819963552E-33,1.22464679914735E-16,1.));
#2717=DIRECTION('',(-5.56131819963552E-33,1.22464679914735E-16,1.));
#2718=DIRECTION('',(1.,9.08232186375291E-17,-5.56131819963552E-33));
#2719=DIRECTION('',(-5.56131819963552E-33,1.22464679914735E-16,1.));
#2720=DIRECTION('',(-1.,-9.08232186375291E-17,5.56131819963552E-33));
#2721=DIRECTION('',(-5.56131819963552E-33,1.22464679914735E-16,1.));
#2722=DIRECTION('',(1.,9.08232186375291E-17,-5.56131819963552E-33));
#2723=DIRECTION('',(-5.56131819963552E-33,1.22464679914735E-16,1.));
#2724=DIRECTION('',(-5.56131819963552E-33,1.22464679914735E-16,1.));
#2725=DIRECTION('',(1.,9.08232186375291E-17,-5.56131819963552E-33));
#2726=DIRECTION('',(-5.56131819963552E-33,1.22464679914735E-16,1.));
#2727=DIRECTION('',(-1.,-9.08232186375291E-17,5.56131819963552E-33));
#2728=DIRECTION('',(-5.56131819963552E-33,1.22464679914735E-16,1.));
#2729=DIRECTION('',(1.,9.08232186375291E-17,-5.56131819963552E-33));
#2730=DIRECTION('',(-5.56131819963552E-33,1.22464679914735E-16,1.));
#2731=DIRECTION('',(-5.56131819963552E-33,1.22464679914735E-16,1.));
#2732=DIRECTION('',(1.,9.08232186375291E-17,-5.56131819963552E-33));
#2733=DIRECTION('',(-5.56131819963552E-33,1.22464679914735E-16,1.));
#2734=DIRECTION('',(-1.,-9.08232186375291E-17,5.56131819963552E-33));
#2735=DIRECTION('',(-5.56131819963552E-33,1.22464679914735E-16,1.));
#2736=DIRECTION('',(1.,9.08232186375291E-17,-5.56131819963552E-33));
#2737=DIRECTION('',(-5.56131819963552E-33,1.22464679914735E-16,1.));
#2738=DIRECTION('',(-5.56131819963552E-33,1.22464679914735E-16,1.));
#2739=DIRECTION('',(1.,9.08232186375291E-17,-5.56131819963552E-33));
#2740=DIRECTION('',(-5.56131819963552E-33,1.22464679914735E-16,1.));
#2741=DIRECTION('',(-1.,-9.08232186375291E-17,5.56131819963552E-33));
#2742=DIRECTION('',(-5.56131819963552E-33,1.22464679914735E-16,1.));
#2743=DIRECTION('',(1.,9.08232186375291E-17,-5.56131819963552E-33));
#2744=DIRECTION('',(-5.56131819963552E-33,1.22464679914735E-16,1.));
#2745=DIRECTION('',(-5.56131819963552E-33,1.22464679914735E-16,1.));
#2746=DIRECTION('',(1.,9.08232186375291E-17,-5.56131819963552E-33));
#2747=DIRECTION('',(-5.56131819963552E-33,1.22464679914735E-16,1.));
#2748=DIRECTION('',(-1.,-9.08232186375291E-17,5.56131819963552E-33));
#2749=DIRECTION('',(-5.56131819963552E-33,1.22464679914735E-16,1.));
#2750=DIRECTION('',(1.,9.08232186375291E-17,-5.56131819963552E-33));
#2751=DIRECTION('',(-5.56131819963552E-33,1.22464679914735E-16,1.));
#2752=DIRECTION('',(-5.56131819963552E-33,1.22464679914735E-16,1.));
#2753=DIRECTION('',(1.,9.08232186375291E-17,-5.56131819963552E-33));
#2754=DIRECTION('',(-5.56131819963552E-33,1.22464679914735E-16,1.));
#2755=DIRECTION('',(-1.,-9.08232186375291E-17,5.56131819963552E-33));
#2756=DIRECTION('',(-5.56131819963552E-33,1.22464679914735E-16,1.));
#2757=DIRECTION('',(1.,9.08232186375291E-17,-5.56131819963552E-33));
#2758=DIRECTION('',(-5.56131819963552E-33,1.22464679914735E-16,1.));
#2759=DIRECTION('',(-5.56131819963552E-33,1.22464679914735E-16,1.));
#2760=DIRECTION('',(1.,9.08232186375291E-17,-5.56131819963552E-33));
#2761=DIRECTION('',(-5.56131819963552E-33,1.22464679914735E-16,1.));
#2762=DIRECTION('',(-1.,-9.08232186375291E-17,5.56131819963552E-33));
#2763=DIRECTION('',(-5.56131819963552E-33,1.22464679914735E-16,1.));
#2764=DIRECTION('',(1.,9.08232186375291E-17,-5.56131819963552E-33));
#2765=DIRECTION('',(-5.56131819963552E-33,1.22464679914735E-16,1.));
#2766=DIRECTION('',(-5.56131819963552E-33,1.22464679914735E-16,1.));
#2767=DIRECTION('',(1.,9.08232186375291E-17,-5.56131819963552E-33));
#2768=DIRECTION('',(-5.56131819963552E-33,1.22464679914735E-16,1.));
#2769=DIRECTION('',(-1.,-9.08232186375291E-17,5.56131819963552E-33));
#2770=DIRECTION('',(-5.56131819963552E-33,1.22464679914735E-16,1.));
#2771=DIRECTION('',(1.,9.08232186375291E-17,-5.56131819963552E-33));
#2772=DIRECTION('',(-5.56131819963552E-33,1.22464679914735E-16,1.));
#2773=DIRECTION('',(-5.56131819963552E-33,1.22464679914735E-16,1.));
#2774=DIRECTION('',(1.,9.08232186375291E-17,-5.56131819963552E-33));
#2775=DIRECTION('',(-5.56131819963552E-33,1.22464679914735E-16,1.));
#2776=DIRECTION('',(-1.,-9.08232186375291E-17,5.56131819963552E-33));
#2777=DIRECTION('',(-5.56131819963552E-33,1.22464679914735E-16,1.));
#2778=DIRECTION('',(1.,9.08232186375291E-17,-5.56131819963552E-33));
#2779=DIRECTION('',(-5.56131819963552E-33,1.22464679914735E-16,1.));
#2780=DIRECTION('',(-5.56131819963552E-33,1.22464679914735E-16,1.));
#2781=DIRECTION('',(1.,9.08232186375291E-17,-5.56131819963552E-33));
#2782=DIRECTION('',(-5.56131819963552E-33,1.22464679914735E-16,1.));
#2783=DIRECTION('',(-1.,-9.08232186375291E-17,5.56131819963552E-33));
#2784=DIRECTION('',(-5.56131819963552E-33,1.22464679914735E-16,1.));
#2785=DIRECTION('',(1.,9.08232186375291E-17,-5.56131819963552E-33));
#2786=DIRECTION('',(-5.56131819963552E-33,1.22464679914735E-16,1.));
#2787=DIRECTION('',(-5.56131819963552E-33,1.22464679914735E-16,1.));
#2788=DIRECTION('',(1.,9.08232186375291E-17,-5.56131819963552E-33));
#2789=DIRECTION('',(-5.56131819963552E-33,1.22464679914735E-16,1.));
#2790=DIRECTION('',(-1.,-9.08232186375291E-17,5.56131819963552E-33));
#2791=DIRECTION('',(-5.56131819963552E-33,1.22464679914735E-16,1.));
#2792=DIRECTION('',(1.,9.08232186375291E-17,-5.56131819963552E-33));
#2793=DIRECTION('',(-5.56131819963552E-33,1.22464679914735E-16,1.));
#2794=DIRECTION('',(-5.56131819963552E-33,1.22464679914735E-16,1.));
#2795=DIRECTION('',(1.,9.08232186375291E-17,-5.56131819963552E-33));
#2796=DIRECTION('',(-5.56131819963552E-33,1.22464679914735E-16,1.));
#2797=DIRECTION('',(-1.,-9.08232186375291E-17,5.56131819963552E-33));
#2798=DIRECTION('',(5.56131819963552E-33,-1.22464679914735E-16,-1.));
#2799=DIRECTION('',(1.,9.08232186375291E-17,-5.56131819963552E-33));
#2800=DIRECTION('',(-5.56131819963552E-33,1.22464679914735E-16,1.));
#2801=DIRECTION('',(5.56131819963552E-33,-1.22464679914735E-16,-1.));
#2802=DIRECTION('',(1.,9.08232186375291E-17,-5.56131819963552E-33));
#2803=DIRECTION('',(-5.56131819963552E-33,1.22464679914735E-16,1.));
#2804=DIRECTION('',(-1.,-9.08232186375291E-17,5.56131819963552E-33));
#2805=DIRECTION('',(5.56131819963552E-33,-1.22464679914735E-16,-1.));
#2806=DIRECTION('',(1.,9.08232186375291E-17,-5.56131819963552E-33));
#2807=DIRECTION('',(-5.56131819963552E-33,1.22464679914735E-16,1.));
#2808=DIRECTION('',(5.56131819963552E-33,-1.22464679914735E-16,-1.));
#2809=DIRECTION('',(1.,9.08232186375291E-17,-5.56131819963552E-33));
#2810=DIRECTION('',(-5.56131819963552E-33,1.22464679914735E-16,1.));
#2811=DIRECTION('',(-1.,-9.08232186375291E-17,5.56131819963552E-33));
#2812=DIRECTION('',(5.56131819963552E-33,-1.22464679914735E-16,-1.));
#2813=DIRECTION('',(1.,9.08232186375291E-17,-5.56131819963552E-33));
#2814=DIRECTION('',(-5.56131819963552E-33,1.22464679914735E-16,1.));
#2815=DIRECTION('',(5.56131819963552E-33,-1.22464679914735E-16,-1.));
#2816=DIRECTION('',(1.,9.08232186375291E-17,-5.56131819963552E-33));
#2817=DIRECTION('',(-5.56131819963552E-33,1.22464679914735E-16,1.));
#2818=DIRECTION('',(-1.,-9.08232186375291E-17,5.56131819963552E-33));
#2819=DIRECTION('',(5.56131819963552E-33,-1.22464679914735E-16,-1.));
#2820=DIRECTION('',(1.,9.08232186375291E-17,-5.56131819963552E-33));
#2821=DIRECTION('',(-5.56131819963552E-33,1.22464679914735E-16,1.));
#2822=DIRECTION('',(5.56131819963552E-33,-1.22464679914735E-16,-1.));
#2823=DIRECTION('',(1.,9.08232186375291E-17,-5.56131819963552E-33));
#2824=DIRECTION('',(-5.56131819963552E-33,1.22464679914735E-16,1.));
#2825=DIRECTION('',(-1.,-9.08232186375291E-17,5.56131819963552E-33));
#2826=DIRECTION('',(5.56131819963552E-33,-1.22464679914735E-16,-1.));
#2827=DIRECTION('',(1.,9.08232186375291E-17,-5.56131819963552E-33));
#2828=DIRECTION('',(-5.56131819963552E-33,1.22464679914735E-16,1.));
#2829=DIRECTION('',(5.56131819963552E-33,-1.22464679914735E-16,-1.));
#2830=DIRECTION('',(1.,9.08232186375291E-17,-5.56131819963552E-33));
#2831=DIRECTION('',(-5.56131819963552E-33,1.22464679914735E-16,1.));
#2832=DIRECTION('',(-1.,-9.08232186375291E-17,5.56131819963552E-33));
#2833=DIRECTION('',(5.56131819963552E-33,-1.22464679914735E-16,-1.));
#2834=DIRECTION('',(1.,9.08232186375291E-17,-5.56131819963552E-33));
#2835=DIRECTION('',(-5.56131819963552E-33,1.22464679914735E-16,1.));
#2836=DIRECTION('',(5.56131819963552E-33,-1.22464679914735E-16,-1.));
#2837=DIRECTION('',(1.,9.08232186375291E-17,-5.56131819963552E-33));
#2838=DIRECTION('',(-5.56131819963552E-33,1.22464679914735E-16,1.));
#2839=DIRECTION('',(-1.,-9.08232186375291E-17,5.56131819963552E-33));
#2840=DIRECTION('',(5.56131819963552E-33,-1.22464679914735E-16,-1.));
#2841=DIRECTION('',(1.,9.08232186375291E-17,-5.56131819963552E-33));
#2842=DIRECTION('',(-5.56131819963552E-33,1.22464679914735E-16,1.));
#2843=DIRECTION('',(5.56131819963552E-33,-1.22464679914735E-16,-1.));
#2844=DIRECTION('',(1.,9.08232186375291E-17,-5.56131819963552E-33));
#2845=DIRECTION('',(-5.56131819963552E-33,1.22464679914735E-16,1.));
#2846=DIRECTION('',(-1.,-9.08232186375291E-17,5.56131819963552E-33));
#2847=DIRECTION('',(5.56131819963552E-33,-1.22464679914735E-16,-1.));
#2848=DIRECTION('',(1.,9.08232186375291E-17,-5.56131819963552E-33));
#2849=DIRECTION('',(-5.56131819963552E-33,1.22464679914735E-16,1.));
#2850=DIRECTION('',(5.56131819963552E-33,-1.22464679914735E-16,-1.));
#2851=DIRECTION('',(1.,9.08232186375291E-17,-5.56131819963552E-33));
#2852=DIRECTION('',(-5.56131819963552E-33,1.22464679914735E-16,1.));
#2853=DIRECTION('',(-1.,-9.08232186375291E-17,5.56131819963552E-33));
#2854=DIRECTION('',(-5.56131819963552E-33,1.22464679914735E-16,1.));
#2855=DIRECTION('',(1.,9.08232186375291E-17,-5.56131819963552E-33));
#2856=DIRECTION('',(-5.56131819963552E-33,1.22464679914735E-16,1.));
#2857=DIRECTION('',(-5.56131819963552E-33,1.22464679914735E-16,1.));
#2858=DIRECTION('',(1.,9.08232186375291E-17,-5.56131819963552E-33));
#2859=DIRECTION('',(-5.56131819963552E-33,1.22464679914735E-16,1.));
#2860=DIRECTION('',(-1.,-9.08232186375291E-17,5.56131819963552E-33));
#2861=DIRECTION('',(-5.56131819963552E-33,1.22464679914735E-16,1.));
#2862=DIRECTION('',(1.,9.08232186375291E-17,-5.56131819963552E-33));
#2863=DIRECTION('',(-5.56131819963552E-33,1.22464679914735E-16,1.));
#2864=DIRECTION('',(-5.56131819963552E-33,1.22464679914735E-16,1.));
#2865=DIRECTION('',(1.,9.08232186375291E-17,-5.56131819963552E-33));
#2866=DIRECTION('',(-5.56131819963552E-33,1.22464679914735E-16,1.));
#2867=DIRECTION('',(-1.,-9.08232186375291E-17,5.56131819963552E-33));
#2868=DIRECTION('',(-5.56131819963552E-33,1.22464679914735E-16,1.));
#2869=DIRECTION('',(1.,9.08232186375291E-17,-5.56131819963552E-33));
#2870=DIRECTION('',(-5.56131819963552E-33,1.22464679914735E-16,1.));
#2871=DIRECTION('',(-5.56131819963552E-33,1.22464679914735E-16,1.));
#2872=DIRECTION('',(1.,9.08232186375291E-17,-5.56131819963552E-33));
#2873=DIRECTION('',(-5.56131819963552E-33,1.22464679914735E-16,1.));
#2874=DIRECTION('',(-1.,-9.08232186375291E-17,5.56131819963552E-33));
#2875=DIRECTION('',(-5.56131819963552E-33,1.22464679914735E-16,1.));
#2876=DIRECTION('',(1.,9.08232186375291E-17,-5.56131819963552E-33));
#2877=DIRECTION('',(-5.56131819963552E-33,1.22464679914735E-16,1.));
#2878=DIRECTION('',(-5.56131819963552E-33,1.22464679914735E-16,1.));
#2879=DIRECTION('',(1.,9.08232186375291E-17,-5.56131819963552E-33));
#2880=DIRECTION('',(-5.56131819963552E-33,1.22464679914735E-16,1.));
#2881=DIRECTION('',(-1.,-9.08232186375291E-17,5.56131819963552E-33));
#2882=DIRECTION('',(5.56131819963552E-33,-1.22464679914735E-16,-1.));
#2883=DIRECTION('',(1.,9.08232186375291E-17,-5.56131819963552E-33));
#2884=DIRECTION('',(-5.56131819963552E-33,1.22464679914735E-16,1.));
#2885=DIRECTION('',(5.56131819963552E-33,-1.22464679914735E-16,-1.));
#2886=DIRECTION('',(1.,9.08232186375291E-17,-5.56131819963552E-33));
#2887=DIRECTION('',(-5.56131819963552E-33,1.22464679914735E-16,1.));
#2888=DIRECTION('',(-1.,-9.08232186375291E-17,5.56131819963552E-33));
#2889=DIRECTION('',(5.56131819963552E-33,-1.22464679914735E-16,-1.));
#2890=DIRECTION('',(1.,9.08232186375291E-17,-5.56131819963552E-33));
#2891=DIRECTION('',(-5.56131819963552E-33,1.22464679914735E-16,1.));
#2892=DIRECTION('',(5.56131819963552E-33,-1.22464679914735E-16,-1.));
#2893=DIRECTION('',(1.,9.08232186375291E-17,-5.56131819963552E-33));
#2894=DIRECTION('',(-5.56131819963552E-33,1.22464679914735E-16,1.));
#2895=DIRECTION('',(-1.,-9.08232186375291E-17,5.56131819963552E-33));
#2896=DIRECTION('',(5.56131819963552E-33,-1.22464679914735E-16,-1.));
#2897=DIRECTION('',(1.,9.08232186375291E-17,-5.56131819963552E-33));
#2898=DIRECTION('',(-5.56131819963552E-33,1.22464679914735E-16,1.));
#2899=DIRECTION('',(5.56131819963552E-33,-1.22464679914735E-16,-1.));
#2900=DIRECTION('',(1.,9.08232186375291E-17,-5.56131819963552E-33));
#2901=DIRECTION('',(-5.56131819963552E-33,1.22464679914735E-16,1.));
#2902=DIRECTION('',(-1.,-9.08232186375291E-17,5.56131819963552E-33));
#2903=DIRECTION('',(5.56131819963552E-33,-1.22464679914735E-16,-1.));
#2904=DIRECTION('',(1.,9.08232186375291E-17,-5.56131819963552E-33));
#2905=DIRECTION('',(-5.56131819963552E-33,1.22464679914735E-16,1.));
#2906=DIRECTION('',(5.56131819963552E-33,-1.22464679914735E-16,-1.));
#2907=DIRECTION('',(1.,9.08232186375291E-17,-5.56131819963552E-33));
#2908=DIRECTION('',(-5.56131819963552E-33,1.22464679914735E-16,1.));
#2909=DIRECTION('',(-1.,-9.08232186375291E-17,5.56131819963552E-33));
#2910=DIRECTION('',(5.56131819963552E-33,-1.22464679914735E-16,-1.));
#2911=DIRECTION('',(1.,9.08232186375291E-17,-5.56131819963552E-33));
#2912=DIRECTION('',(-5.56131819963552E-33,1.22464679914735E-16,1.));
#2913=DIRECTION('',(5.56131819963552E-33,-1.22464679914735E-16,-1.));
#2914=DIRECTION('',(1.,9.08232186375291E-17,-5.56131819963552E-33));
#2915=DIRECTION('',(-5.56131819963552E-33,1.22464679914735E-16,1.));
#2916=DIRECTION('',(-1.,-9.08232186375291E-17,5.56131819963552E-33));
#2917=DIRECTION('',(5.56131819963552E-33,-1.22464679914735E-16,-1.));
#2918=DIRECTION('',(1.,9.08232186375291E-17,-5.56131819963552E-33));
#2919=DIRECTION('',(-5.56131819963552E-33,1.22464679914735E-16,1.));
#2920=DIRECTION('',(5.56131819963552E-33,-1.22464679914735E-16,-1.));
#2921=DIRECTION('',(1.,9.08232186375291E-17,-5.56131819963552E-33));
#2922=DIRECTION('',(-5.56131819963552E-33,1.22464679914735E-16,1.));
#2923=DIRECTION('',(-1.,-9.08232186375291E-17,5.56131819963552E-33));
#2924=DIRECTION('',(5.56131819963552E-33,-1.22464679914735E-16,-1.));
#2925=DIRECTION('',(1.,9.08232186375291E-17,-5.56131819963552E-33));
#2926=DIRECTION('',(-5.56131819963552E-33,1.22464679914735E-16,1.));
#2927=DIRECTION('',(5.56131819963552E-33,-1.22464679914735E-16,-1.));
#2928=DIRECTION('',(1.,9.08232186375291E-17,-5.56131819963552E-33));
#2929=DIRECTION('',(-5.56131819963552E-33,1.22464679914735E-16,1.));
#2930=DIRECTION('',(-1.,-9.08232186375291E-17,5.56131819963552E-33));
#2931=DIRECTION('',(5.56131819963552E-33,-1.22464679914735E-16,-1.));
#2932=DIRECTION('',(1.,9.08232186375291E-17,-5.56131819963552E-33));
#2933=DIRECTION('',(-5.56131819963552E-33,1.22464679914735E-16,1.));
#2934=DIRECTION('',(5.56131819963552E-33,-1.22464679914735E-16,-1.));
#2935=DIRECTION('',(1.,9.08232186375291E-17,-5.56131819963552E-33));
#2936=DIRECTION('',(-5.56131819963552E-33,1.22464679914735E-16,1.));
#2937=DIRECTION('',(-1.,-9.08232186375291E-17,5.56131819963552E-33));
#2938=DIRECTION('',(-5.56131819963552E-33,1.22464679914735E-16,1.));
#2939=DIRECTION('',(1.,9.08232186375291E-17,-5.56131819963552E-33));
#2940=DIRECTION('',(-5.56131819963552E-33,1.22464679914735E-16,1.));
#2941=DIRECTION('',(-5.56131819963552E-33,1.22464679914735E-16,1.));
#2942=DIRECTION('',(1.,9.08232186375291E-17,-5.56131819963552E-33));
#2943=DIRECTION('',(-5.56131819963552E-33,1.22464679914735E-16,1.));
#2944=DIRECTION('',(-1.,-9.08232186375291E-17,5.56131819963552E-33));
#2945=DIRECTION('',(-5.56131819963552E-33,1.22464679914735E-16,1.));
#2946=DIRECTION('',(1.,9.08232186375291E-17,-5.56131819963552E-33));
#2947=DIRECTION('',(-5.56131819963552E-33,1.22464679914735E-16,1.));
#2948=DIRECTION('',(-5.56131819963552E-33,1.22464679914735E-16,1.));
#2949=DIRECTION('',(1.,9.08232186375291E-17,-5.56131819963552E-33));
#2950=DIRECTION('',(-5.56131819963552E-33,1.22464679914735E-16,1.));
#2951=DIRECTION('',(-1.,-9.08232186375291E-17,5.56131819963552E-33));
#2952=DIRECTION('',(-5.56131819963552E-33,1.22464679914735E-16,1.));
#2953=DIRECTION('',(1.,9.08232186375291E-17,-5.56131819963552E-33));
#2954=DIRECTION('',(-5.56131819963552E-33,1.22464679914735E-16,1.));
#2955=DIRECTION('',(-5.56131819963552E-33,1.22464679914735E-16,1.));
#2956=DIRECTION('',(1.,9.08232186375291E-17,-5.56131819963552E-33));
#2957=DIRECTION('',(-5.56131819963552E-33,1.22464679914735E-16,1.));
#2958=DIRECTION('',(-1.,-9.08232186375291E-17,5.56131819963552E-33));
#2959=DIRECTION('',(-5.56131819963552E-33,1.22464679914735E-16,1.));
#2960=DIRECTION('',(1.,9.08232186375291E-17,-5.56131819963552E-33));
#2961=DIRECTION('',(-5.56131819963552E-33,1.22464679914735E-16,1.));
#2962=DIRECTION('',(-5.56131819963552E-33,1.22464679914735E-16,1.));
#2963=DIRECTION('',(1.,9.08232186375291E-17,-5.56131819963552E-33));
#2964=DIRECTION('',(-5.56131819963552E-33,1.22464679914735E-16,1.));
#2965=DIRECTION('',(-1.,-9.08232186375291E-17,5.56131819963552E-33));
#2966=DIRECTION('',(-5.56131819963552E-33,1.22464679914735E-16,1.));
#2967=DIRECTION('',(1.,9.08232186375291E-17,-5.56131819963552E-33));
#2968=DIRECTION('',(-5.56131819963552E-33,1.22464679914735E-16,1.));
#2969=DIRECTION('',(-5.56131819963552E-33,1.22464679914735E-16,1.));
#2970=DIRECTION('',(1.,9.08232186375291E-17,-5.56131819963552E-33));
#2971=DIRECTION('',(-5.56131819963552E-33,1.22464679914735E-16,1.));
#2972=DIRECTION('',(-1.,-9.08232186375291E-17,5.56131819963552E-33));
#2973=DIRECTION('',(-5.56131819963552E-33,1.22464679914735E-16,1.));
#2974=DIRECTION('',(1.,9.08232186375291E-17,-5.56131819963552E-33));
#2975=DIRECTION('',(-5.56131819963552E-33,1.22464679914735E-16,1.));
#2976=DIRECTION('',(-5.56131819963552E-33,1.22464679914735E-16,1.));
#2977=DIRECTION('',(1.,9.08232186375291E-17,-5.56131819963552E-33));
#2978=DIRECTION('',(-5.56131819963552E-33,1.22464679914735E-16,1.));
#2979=DIRECTION('',(-1.,-9.08232186375291E-17,5.56131819963552E-33));
#2980=DIRECTION('',(-5.56131819963552E-33,1.22464679914735E-16,1.));
#2981=DIRECTION('',(1.,9.08232186375291E-17,-5.56131819963552E-33));
#2982=DIRECTION('',(-5.56131819963552E-33,1.22464679914735E-16,1.));
#2983=DIRECTION('',(-5.56131819963552E-33,1.22464679914735E-16,1.));
#2984=DIRECTION('',(1.,9.08232186375291E-17,-5.56131819963552E-33));
#2985=DIRECTION('',(-5.56131819963552E-33,1.22464679914735E-16,1.));
#2986=DIRECTION('',(-1.,-9.08232186375291E-17,5.56131819963552E-33));
#2987=DIRECTION('',(-5.56131819963552E-33,1.22464679914735E-16,1.));
#2988=DIRECTION('',(1.,9.08232186375291E-17,-5.56131819963552E-33));
#2989=DIRECTION('',(-5.56131819963552E-33,1.22464679914735E-16,1.));
#2990=DIRECTION('',(-5.56131819963552E-33,1.22464679914735E-16,1.));
#2991=DIRECTION('',(1.,9.08232186375291E-17,-5.56131819963552E-33));
#2992=DIRECTION('',(-0.606795989316231,-0.794857614513277,9.73419833391585E-17));
#2993=DIRECTION('',(-0.794857614513277,0.606795989316231,-7.43110766051574E-17));
#2994=DIRECTION('',(0.794857614513277,-0.606795989316231,7.43110766051574E-17));
#2995=DIRECTION('',(-5.56131819963552E-33,1.22464679914735E-16,1.));
#2996=DIRECTION('',(0.794857614513277,-0.606795989316231,7.43110766051574E-17));
#2997=DIRECTION('',(0.348822425768791,-0.937188836510965,1.14772530882979E-16));
#2998=DIRECTION('',(-0.937188836510965,-0.348822425768791,4.27184267188565E-17));
#2999=DIRECTION('',(0.937188836510965,0.348822425768791,-4.27184267188565E-17));
#3000=DIRECTION('',(-5.56131819963552E-33,1.22464679914735E-16,1.));
#3001=DIRECTION('',(0.937188836510965,0.348822425768791,-4.27184267188565E-17));
#3002=DIRECTION('',(-5.56131819963552E-33,1.22464679914735E-16,1.));
#3003=DIRECTION('',(-1.,-9.08232186375291E-17,5.56131819963552E-33));
#3004=DIRECTION('',(5.56131819963552E-33,-1.22464679914735E-16,-1.));
#3005=DIRECTION('',(1.,9.08232186375291E-17,-5.56131819963552E-33));
#3006=DIRECTION('',(-5.56131819963552E-33,1.22464679914735E-16,1.));
#3007=DIRECTION('',(5.56131819963552E-33,-1.22464679914735E-16,-1.));
#3008=DIRECTION('',(1.,9.08232186375291E-17,-5.56131819963552E-33));
#3009=DIRECTION('',(-5.56131819963552E-33,1.22464679914735E-16,1.));
#3010=DIRECTION('',(-1.,-9.08232186375291E-17,5.56131819963552E-33));
#3011=DIRECTION('',(5.56131819963552E-33,-1.22464679914735E-16,-1.));
#3012=DIRECTION('',(1.,9.08232186375291E-17,-5.56131819963552E-33));
#3013=DIRECTION('',(-5.56131819963552E-33,1.22464679914735E-16,1.));
#3014=DIRECTION('',(5.56131819963552E-33,-1.22464679914735E-16,-1.));
#3015=DIRECTION('',(1.,9.08232186375291E-17,-5.56131819963552E-33));
#3016=DIRECTION('',(-5.56131819963552E-33,1.22464679914735E-16,1.));
#3017=DIRECTION('',(-1.,-9.08232186375291E-17,5.56131819963552E-33));
#3018=DIRECTION('',(5.56131819963552E-33,-1.22464679914735E-16,-1.));
#3019=DIRECTION('',(1.,9.08232186375291E-17,-5.56131819963552E-33));
#3020=DIRECTION('',(-5.56131819963552E-33,1.22464679914735E-16,1.));
#3021=DIRECTION('',(5.56131819963552E-33,-1.22464679914735E-16,-1.));
#3022=DIRECTION('',(1.,9.08232186375291E-17,-5.56131819963552E-33));
#3023=DIRECTION('',(-5.56131819963552E-33,1.22464679914735E-16,1.));
#3024=DIRECTION('',(-1.,-9.08232186375291E-17,5.56131819963552E-33));
#3025=DIRECTION('',(5.56131819963552E-33,-1.22464679914735E-16,-1.));
#3026=DIRECTION('',(1.,9.08232186375291E-17,-5.56131819963552E-33));
#3027=DIRECTION('',(-5.56131819963552E-33,1.22464679914735E-16,1.));
#3028=DIRECTION('',(5.56131819963552E-33,-1.22464679914735E-16,-1.));
#3029=DIRECTION('',(1.,9.08232186375291E-17,-5.56131819963552E-33));
#3030=DIRECTION('',(-5.56131819963552E-33,1.22464679914735E-16,1.));
#3031=DIRECTION('',(-1.,-9.08232186375291E-17,5.56131819963552E-33));
#3032=DIRECTION('',(5.56131819963552E-33,-1.22464679914735E-16,-1.));
#3033=DIRECTION('',(1.,9.08232186375291E-17,-5.56131819963552E-33));
#3034=DIRECTION('',(-5.56131819963552E-33,1.22464679914735E-16,1.));
#3035=DIRECTION('',(5.56131819963552E-33,-1.22464679914735E-16,-1.));
#3036=DIRECTION('',(1.,9.08232186375291E-17,-5.56131819963552E-33));
#3037=DIRECTION('',(-5.56131819963552E-33,1.22464679914735E-16,1.));
#3038=DIRECTION('',(-1.,-9.08232186375291E-17,5.56131819963552E-33));
#3039=DIRECTION('',(5.56131819963552E-33,-1.22464679914735E-16,-1.));
#3040=DIRECTION('',(1.,9.08232186375291E-17,-5.56131819963552E-33));
#3041=DIRECTION('',(-5.56131819963552E-33,1.22464679914735E-16,1.));
#3042=DIRECTION('',(5.56131819963552E-33,-1.22464679914735E-16,-1.));
#3043=DIRECTION('',(1.,9.08232186375291E-17,-5.56131819963552E-33));
#3044=DIRECTION('',(-5.56131819963552E-33,1.22464679914735E-16,1.));
#3045=DIRECTION('',(-1.,-9.08232186375291E-17,5.56131819963552E-33));
#3046=DIRECTION('',(5.56131819963552E-33,-1.22464679914735E-16,-1.));
#3047=DIRECTION('',(1.,9.08232186375291E-17,-5.56131819963552E-33));
#3048=DIRECTION('',(-5.56131819963552E-33,1.22464679914735E-16,1.));
#3049=DIRECTION('',(5.56131819963552E-33,-1.22464679914735E-16,-1.));
#3050=DIRECTION('',(1.,9.08232186375291E-17,-5.56131819963552E-33));
#3051=DIRECTION('',(-5.56131819963552E-33,1.22464679914735E-16,1.));
#3052=DIRECTION('',(-1.,-9.08232186375291E-17,5.56131819963552E-33));
#3053=DIRECTION('',(-5.56131819963552E-33,1.22464679914735E-16,1.));
#3054=DIRECTION('',(1.,9.08232186375291E-17,-5.56131819963552E-33));
#3055=DIRECTION('',(-5.56131819963552E-33,1.22464679914735E-16,1.));
#3056=DIRECTION('',(-5.56131819963552E-33,1.22464679914735E-16,1.));
#3057=DIRECTION('',(1.,9.08232186375291E-17,-5.56131819963552E-33));
#3058=DIRECTION('',(-5.56131819963552E-33,1.22464679914735E-16,1.));
#3059=DIRECTION('',(-1.,-9.08232186375291E-17,5.56131819963552E-33));
#3060=DIRECTION('',(-5.56131819963552E-33,1.22464679914735E-16,1.));
#3061=DIRECTION('',(1.,9.08232186375291E-17,-5.56131819963552E-33));
#3062=DIRECTION('',(-5.56131819963552E-33,1.22464679914735E-16,1.));
#3063=DIRECTION('',(-5.56131819963552E-33,1.22464679914735E-16,1.));
#3064=DIRECTION('',(1.,9.08232186375291E-17,-5.56131819963552E-33));
#3065=DIRECTION('',(-5.56131819963552E-33,1.22464679914735E-16,1.));
#3066=DIRECTION('',(-1.,-9.08232186375291E-17,5.56131819963552E-33));
#3067=DIRECTION('',(-5.56131819963552E-33,1.22464679914735E-16,1.));
#3068=DIRECTION('',(1.,9.08232186375291E-17,-5.56131819963552E-33));
#3069=DIRECTION('',(-5.56131819963552E-33,1.22464679914735E-16,1.));
#3070=DIRECTION('',(-5.56131819963552E-33,1.22464679914735E-16,1.));
#3071=DIRECTION('',(1.,9.08232186375291E-17,-5.56131819963552E-33));
#3072=DIRECTION('',(-5.56131819963552E-33,1.22464679914735E-16,1.));
#3073=DIRECTION('',(-1.,-9.08232186375291E-17,5.56131819963552E-33));
#3074=DIRECTION('',(-5.56131819963552E-33,1.22464679914735E-16,1.));
#3075=DIRECTION('',(1.,9.08232186375291E-17,-5.56131819963552E-33));
#3076=DIRECTION('',(-5.56131819963552E-33,1.22464679914735E-16,1.));
#3077=DIRECTION('',(-5.56131819963552E-33,1.22464679914735E-16,1.));
#3078=DIRECTION('',(1.,9.08232186375291E-17,-5.56131819963552E-33));
#3079=DIRECTION('',(-5.56131819963552E-33,1.22464679914735E-16,1.));
#3080=DIRECTION('',(-1.,-9.08232186375291E-17,5.56131819963552E-33));
#3081=DIRECTION('',(5.56131819963552E-33,-1.22464679914735E-16,-1.));
#3082=DIRECTION('',(1.,9.08232186375291E-17,-5.56131819963552E-33));
#3083=DIRECTION('',(-5.56131819963552E-33,1.22464679914735E-16,1.));
#3084=DIRECTION('',(5.56131819963552E-33,-1.22464679914735E-16,-1.));
#3085=DIRECTION('',(1.,9.08232186375291E-17,-5.56131819963552E-33));
#3086=DIRECTION('',(-5.56131819963552E-33,1.22464679914735E-16,1.));
#3087=DIRECTION('',(-1.,-9.08232186375291E-17,5.56131819963552E-33));
#3088=DIRECTION('',(5.56131819963552E-33,-1.22464679914735E-16,-1.));
#3089=DIRECTION('',(1.,9.08232186375291E-17,-5.56131819963552E-33));
#3090=DIRECTION('',(-5.56131819963552E-33,1.22464679914735E-16,1.));
#3091=DIRECTION('',(5.56131819963552E-33,-1.22464679914735E-16,-1.));
#3092=DIRECTION('',(1.,9.08232186375291E-17,-5.56131819963552E-33));
#3093=DIRECTION('',(-5.56131819963552E-33,1.22464679914735E-16,1.));
#3094=DIRECTION('',(-1.,-9.08232186375291E-17,5.56131819963552E-33));
#3095=DIRECTION('',(5.56131819963552E-33,-1.22464679914735E-16,-1.));
#3096=DIRECTION('',(1.,9.08232186375291E-17,-5.56131819963552E-33));
#3097=DIRECTION('',(-5.56131819963552E-33,1.22464679914735E-16,1.));
#3098=DIRECTION('',(5.56131819963552E-33,-1.22464679914735E-16,-1.));
#3099=DIRECTION('',(1.,9.08232186375291E-17,-5.56131819963552E-33));
#3100=DIRECTION('',(-5.56131819963552E-33,1.22464679914735E-16,1.));
#3101=DIRECTION('',(-1.,-9.08232186375291E-17,5.56131819963552E-33));
#3102=DIRECTION('',(5.56131819963552E-33,-1.22464679914735E-16,-1.));
#3103=DIRECTION('',(1.,9.08232186375291E-17,-5.56131819963552E-33));
#3104=DIRECTION('',(-5.56131819963552E-33,1.22464679914735E-16,1.));
#3105=DIRECTION('',(5.56131819963552E-33,-1.22464679914735E-16,-1.));
#3106=DIRECTION('',(1.,9.08232186375291E-17,-5.56131819963552E-33));
#3107=DIRECTION('',(-5.56131819963552E-33,1.22464679914735E-16,1.));
#3108=DIRECTION('',(-1.,-9.08232186375291E-17,5.56131819963552E-33));
#3109=DIRECTION('',(5.56131819963552E-33,-1.22464679914735E-16,-1.));
#3110=DIRECTION('',(1.,9.08232186375291E-17,-5.56131819963552E-33));
#3111=DIRECTION('',(-5.56131819963552E-33,1.22464679914735E-16,1.));
#3112=DIRECTION('',(5.56131819963552E-33,-1.22464679914735E-16,-1.));
#3113=DIRECTION('',(1.,9.08232186375291E-17,-5.56131819963552E-33));
#3114=DIRECTION('',(-5.56131819963552E-33,1.22464679914735E-16,1.));
#3115=DIRECTION('',(-1.,-9.08232186375291E-17,5.56131819963552E-33));
#3116=DIRECTION('',(5.56131819963552E-33,-1.22464679914735E-16,-1.));
#3117=DIRECTION('',(1.,9.08232186375291E-17,-5.56131819963552E-33));
#3118=DIRECTION('',(-5.56131819963552E-33,1.22464679914735E-16,1.));
#3119=DIRECTION('',(5.56131819963552E-33,-1.22464679914735E-16,-1.));
#3120=DIRECTION('',(1.,9.08232186375291E-17,-5.56131819963552E-33));
#3121=DIRECTION('',(-5.56131819963552E-33,1.22464679914735E-16,1.));
#3122=DIRECTION('',(-1.,-9.08232186375291E-17,5.56131819963552E-33));
#3123=DIRECTION('',(5.56131819963552E-33,-1.22464679914735E-16,-1.));
#3124=DIRECTION('',(1.,9.08232186375291E-17,-5.56131819963552E-33));
#3125=DIRECTION('',(-5.56131819963552E-33,1.22464679914735E-16,1.));
#3126=DIRECTION('',(5.56131819963552E-33,-1.22464679914735E-16,-1.));
#3127=DIRECTION('',(1.,9.08232186375291E-17,-5.56131819963552E-33));
#3128=DIRECTION('',(-5.56131819963552E-33,1.22464679914735E-16,1.));
#3129=DIRECTION('',(-1.,-9.08232186375291E-17,5.56131819963552E-33));
#3130=DIRECTION('',(5.56131819963552E-33,-1.22464679914735E-16,-1.));
#3131=DIRECTION('',(1.,9.08232186375291E-17,-5.56131819963552E-33));
#3132=DIRECTION('',(-5.56131819963552E-33,1.22464679914735E-16,1.));
#3133=DIRECTION('',(5.56131819963552E-33,-1.22464679914735E-16,-1.));
#3134=DIRECTION('',(1.,9.08232186375291E-17,-5.56131819963552E-33));
#3135=DIRECTION('',(-5.56131819963552E-33,1.22464679914735E-16,1.));
#3136=DIRECTION('',(-1.,-9.08232186375291E-17,5.56131819963552E-33));
#3137=DIRECTION('',(-5.56131819963552E-33,1.22464679914735E-16,1.));
#3138=DIRECTION('',(1.,9.08232186375291E-17,-5.56131819963552E-33));
#3139=DIRECTION('',(-5.56131819963552E-33,1.22464679914735E-16,1.));
#3140=DIRECTION('',(-5.56131819963552E-33,1.22464679914735E-16,1.));
#3141=DIRECTION('',(1.,9.08232186375291E-17,-5.56131819963552E-33));
#3142=DIRECTION('',(-5.56131819963552E-33,1.22464679914735E-16,1.));
#3143=DIRECTION('',(-1.,-9.08232186375291E-17,5.56131819963552E-33));
#3144=DIRECTION('',(-5.56131819963552E-33,1.22464679914735E-16,1.));
#3145=DIRECTION('',(1.,9.08232186375291E-17,-5.56131819963552E-33));
#3146=DIRECTION('',(-5.56131819963552E-33,1.22464679914735E-16,1.));
#3147=DIRECTION('',(-5.56131819963552E-33,1.22464679914735E-16,1.));
#3148=DIRECTION('',(1.,9.08232186375291E-17,-5.56131819963552E-33));
#3149=DIRECTION('',(-5.56131819963552E-33,1.22464679914735E-16,1.));
#3150=DIRECTION('',(-1.,-9.08232186375291E-17,5.56131819963552E-33));
#3151=DIRECTION('',(-5.56131819963552E-33,1.22464679914735E-16,1.));
#3152=DIRECTION('',(1.,9.08232186375291E-17,-5.56131819963552E-33));
#3153=DIRECTION('',(-5.56131819963552E-33,1.22464679914735E-16,1.));
#3154=DIRECTION('',(-5.56131819963552E-33,1.22464679914735E-16,1.));
#3155=DIRECTION('',(1.,9.08232186375291E-17,-5.56131819963552E-33));
#3156=DIRECTION('',(-5.56131819963552E-33,1.22464679914735E-16,1.));
#3157=DIRECTION('',(-1.,-9.08232186375291E-17,5.56131819963552E-33));
#3158=DIRECTION('',(-5.56131819963552E-33,1.22464679914735E-16,1.));
#3159=DIRECTION('',(1.,9.08232186375291E-17,-5.56131819963552E-33));
#3160=DIRECTION('',(-5.56131819963552E-33,1.22464679914735E-16,1.));
#3161=DIRECTION('',(-5.56131819963552E-33,1.22464679914735E-16,1.));
#3162=DIRECTION('',(1.,9.08232186375291E-17,-5.56131819963552E-33));
#3163=DIRECTION('',(-5.56131819963552E-33,1.22464679914735E-16,1.));
#3164=DIRECTION('',(-1.,-9.08232186375291E-17,5.56131819963552E-33));
#3165=DIRECTION('',(-5.56131819963552E-33,1.22464679914735E-16,1.));
#3166=DIRECTION('',(1.,9.08232186375291E-17,-5.56131819963552E-33));
#3167=DIRECTION('',(-5.56131819963552E-33,1.22464679914735E-16,1.));
#3168=DIRECTION('',(-5.56131819963552E-33,1.22464679914735E-16,1.));
#3169=DIRECTION('',(1.,9.08232186375291E-17,-5.56131819963552E-33));
#3170=DIRECTION('',(-5.56131819963552E-33,1.22464679914735E-16,1.));
#3171=DIRECTION('',(-1.,-9.08232186375291E-17,5.56131819963552E-33));
#3172=DIRECTION('',(-5.56131819963552E-33,1.22464679914735E-16,1.));
#3173=DIRECTION('',(1.,9.08232186375291E-17,-5.56131819963552E-33));
#3174=DIRECTION('',(-5.56131819963552E-33,1.22464679914735E-16,1.));
#3175=DIRECTION('',(-5.56131819963552E-33,1.22464679914735E-16,1.));
#3176=DIRECTION('',(1.,9.08232186375291E-17,-5.56131819963552E-33));
#3177=DIRECTION('',(-5.56131819963552E-33,1.22464679914735E-16,1.));
#3178=DIRECTION('',(-1.,-9.08232186375291E-17,5.56131819963552E-33));
#3179=DIRECTION('',(-5.56131819963552E-33,1.22464679914735E-16,1.));
#3180=DIRECTION('',(1.,9.08232186375291E-17,-5.56131819963552E-33));
#3181=DIRECTION('',(-5.56131819963552E-33,1.22464679914735E-16,1.));
#3182=DIRECTION('',(-5.56131819963552E-33,1.22464679914735E-16,1.));
#3183=DIRECTION('',(1.,9.08232186375291E-17,-5.56131819963552E-33));
#3184=DIRECTION('',(-5.56131819963552E-33,1.22464679914735E-16,1.));
#3185=DIRECTION('',(-1.,-9.08232186375291E-17,5.56131819963552E-33));
#3186=DIRECTION('',(-5.56131819963552E-33,1.22464679914735E-16,1.));
#3187=DIRECTION('',(1.,9.08232186375291E-17,-5.56131819963552E-33));
#3188=DIRECTION('',(-5.56131819963552E-33,1.22464679914735E-16,1.));
#3189=DIRECTION('',(-5.56131819963552E-33,1.22464679914735E-16,1.));
#3190=DIRECTION('',(1.,9.08232186375291E-17,-5.56131819963552E-33));
#3191=DIRECTION('',(-5.56131819963552E-33,1.22464679914735E-16,1.));
#3192=DIRECTION('',(-1.,-9.08232186375291E-17,5.56131819963552E-33));
#3193=DIRECTION('',(-5.56131819963552E-33,1.22464679914735E-16,1.));
#3194=DIRECTION('',(1.,9.08232186375291E-17,-5.56131819963552E-33));
#3195=DIRECTION('',(-5.56131819963552E-33,1.22464679914735E-16,1.));
#3196=DIRECTION('',(-5.56131819963552E-33,1.22464679914735E-16,1.));
#3197=DIRECTION('',(1.,9.08232186375291E-17,-5.56131819963552E-33));
#3198=DIRECTION('',(-5.56131819963552E-33,1.22464679914735E-16,1.));
#3199=DIRECTION('',(-1.,-9.08232186375291E-17,5.56131819963552E-33));
#3200=DIRECTION('',(-5.56131819963552E-33,1.22464679914735E-16,1.));
#3201=DIRECTION('',(1.,9.08232186375291E-17,-5.56131819963552E-33));
#3202=DIRECTION('',(-5.56131819963552E-33,1.22464679914735E-16,1.));
#3203=DIRECTION('',(-5.56131819963552E-33,1.22464679914735E-16,1.));
#3204=DIRECTION('',(1.,9.08232186375291E-17,-5.56131819963552E-33));
#3205=DIRECTION('',(-5.56131819963552E-33,1.22464679914735E-16,1.));
#3206=DIRECTION('',(-1.,-9.08232186375291E-17,5.56131819963552E-33));
#3207=DIRECTION('',(-5.56131819963552E-33,1.22464679914735E-16,1.));
#3208=DIRECTION('',(1.,9.08232186375291E-17,-5.56131819963552E-33));
#3209=DIRECTION('',(-5.56131819963552E-33,1.22464679914735E-16,1.));
#3210=DIRECTION('',(-5.56131819963552E-33,1.22464679914735E-16,1.));
#3211=DIRECTION('',(1.,9.08232186375291E-17,-5.56131819963552E-33));
#3212=DIRECTION('',(-5.56131819963552E-33,1.22464679914735E-16,1.));
#3213=DIRECTION('',(-1.,-9.08232186375291E-17,5.56131819963552E-33));
#3214=DIRECTION('',(-5.56131819963552E-33,1.22464679914735E-16,1.));
#3215=DIRECTION('',(1.,9.08232186375291E-17,-5.56131819963552E-33));
#3216=DIRECTION('',(-5.56131819963552E-33,1.22464679914735E-16,1.));
#3217=DIRECTION('',(-5.56131819963552E-33,1.22464679914735E-16,1.));
#3218=DIRECTION('',(1.,9.08232186375291E-17,-5.56131819963552E-33));
#3219=DIRECTION('',(-5.56131819963552E-33,1.22464679914735E-16,1.));
#3220=DIRECTION('',(-1.,-9.08232186375291E-17,5.56131819963552E-33));
#3221=DIRECTION('',(-5.56131819963552E-33,1.22464679914735E-16,1.));
#3222=DIRECTION('',(1.,9.08232186375291E-17,-5.56131819963552E-33));
#3223=DIRECTION('',(-5.56131819963552E-33,1.22464679914735E-16,1.));
#3224=DIRECTION('',(-5.56131819963552E-33,1.22464679914735E-16,1.));
#3225=DIRECTION('',(1.,9.08232186375291E-17,-5.56131819963552E-33));
#3226=DIRECTION('',(-5.56131819963552E-33,1.22464679914735E-16,1.));
#3227=DIRECTION('',(-1.,-9.08232186375291E-17,5.56131819963552E-33));
#3228=DIRECTION('',(-5.56131819963552E-33,1.22464679914735E-16,1.));
#3229=DIRECTION('',(1.,9.08232186375291E-17,-5.56131819963552E-33));
#3230=DIRECTION('',(-5.56131819963552E-33,1.22464679914735E-16,1.));
#3231=DIRECTION('',(-5.56131819963552E-33,1.22464679914735E-16,1.));
#3232=DIRECTION('',(1.,9.08232186375291E-17,-5.56131819963552E-33));
#3233=DIRECTION('',(-5.56131819963552E-33,1.22464679914735E-16,1.));
#3234=DIRECTION('',(-1.,-9.08232186375291E-17,5.56131819963552E-33));
#3235=DIRECTION('',(-5.56131819963552E-33,1.22464679914735E-16,1.));
#3236=DIRECTION('',(1.,9.08232186375291E-17,-5.56131819963552E-33));
#3237=DIRECTION('',(-5.56131819963552E-33,1.22464679914735E-16,1.));
#3238=DIRECTION('',(-5.56131819963552E-33,1.22464679914735E-16,1.));
#3239=DIRECTION('',(1.,9.08232186375291E-17,-5.56131819963552E-33));
#3240=DIRECTION('',(-5.56131819963552E-33,1.22464679914735E-16,1.));
#3241=DIRECTION('',(-1.,-9.08232186375291E-17,5.56131819963552E-33));
#3242=DIRECTION('',(-5.56131819963552E-33,1.22464679914735E-16,1.));
#3243=DIRECTION('',(1.,9.08232186375291E-17,-5.56131819963552E-33));
#3244=DIRECTION('',(-5.56131819963552E-33,1.22464679914735E-16,1.));
#3245=DIRECTION('',(-5.56131819963552E-33,1.22464679914735E-16,1.));
#3246=DIRECTION('',(1.,9.08232186375291E-17,-5.56131819963552E-33));
#3247=DIRECTION('',(-5.56131819963552E-33,1.22464679914735E-16,1.));
#3248=DIRECTION('',(-1.,-9.08232186375291E-17,5.56131819963552E-33));
#3249=DIRECTION('',(-5.56131819963552E-33,1.22464679914735E-16,1.));
#3250=DIRECTION('',(1.,9.08232186375291E-17,-5.56131819963552E-33));
#3251=DIRECTION('',(-5.56131819963552E-33,1.22464679914735E-16,1.));
#3252=DIRECTION('',(-5.56131819963552E-33,1.22464679914735E-16,1.));
#3253=DIRECTION('',(1.,9.08232186375291E-17,-5.56131819963552E-33));
#3254=DIRECTION('',(-5.56131819963552E-33,1.22464679914735E-16,1.));
#3255=DIRECTION('',(-1.,-9.08232186375291E-17,5.56131819963552E-33));
#3256=DIRECTION('',(-5.56131819963552E-33,1.22464679914735E-16,1.));
#3257=DIRECTION('',(1.,9.08232186375291E-17,-5.56131819963552E-33));
#3258=DIRECTION('',(-5.56131819963552E-33,1.22464679914735E-16,1.));
#3259=DIRECTION('',(-5.56131819963552E-33,1.22464679914735E-16,1.));
#3260=DIRECTION('',(1.,9.08232186375291E-17,-5.56131819963552E-33));
#3261=DIRECTION('',(-5.56131819963552E-33,1.22464679914735E-16,1.));
#3262=DIRECTION('',(-1.,-9.08232186375291E-17,5.56131819963552E-33));
#3263=DIRECTION('',(-5.56131819963552E-33,1.22464679914735E-16,1.));
#3264=DIRECTION('',(1.,9.08232186375291E-17,-5.56131819963552E-33));
#3265=DIRECTION('',(-5.56131819963552E-33,1.22464679914735E-16,1.));
#3266=DIRECTION('',(-5.56131819963552E-33,1.22464679914735E-16,1.));
#3267=DIRECTION('',(1.,9.08232186375291E-17,-5.56131819963552E-33));
#3268=DIRECTION('',(-5.56131819963552E-33,1.22464679914735E-16,1.));
#3269=DIRECTION('',(-1.,-9.08232186375291E-17,5.56131819963552E-33));
#3270=DIRECTION('',(-5.56131819963552E-33,1.22464679914735E-16,1.));
#3271=DIRECTION('',(1.,9.08232186375291E-17,-5.56131819963552E-33));
#3272=DIRECTION('',(-5.56131819963552E-33,1.22464679914735E-16,1.));
#3273=DIRECTION('',(-5.56131819963552E-33,1.22464679914735E-16,1.));
#3274=DIRECTION('',(1.,9.08232186375291E-17,-5.56131819963552E-33));
#3275=DIRECTION('',(-5.56131819963552E-33,1.22464679914735E-16,1.));
#3276=DIRECTION('',(-1.,-9.08232186375291E-17,5.56131819963552E-33));
#3277=DIRECTION('',(-5.56131819963552E-33,1.22464679914735E-16,1.));
#3278=DIRECTION('',(1.,9.08232186375291E-17,-5.56131819963552E-33));
#3279=DIRECTION('',(-5.56131819963552E-33,1.22464679914735E-16,1.));
#3280=DIRECTION('',(-5.56131819963552E-33,1.22464679914735E-16,1.));
#3281=DIRECTION('',(1.,9.08232186375291E-17,-5.56131819963552E-33));
#3282=DIRECTION('',(-5.56131819963552E-33,1.22464679914735E-16,1.));
#3283=DIRECTION('',(-1.,-9.08232186375291E-17,5.56131819963552E-33));
#3284=DIRECTION('',(-5.56131819963552E-33,1.22464679914735E-16,1.));
#3285=DIRECTION('',(1.,9.08232186375291E-17,-5.56131819963552E-33));
#3286=DIRECTION('',(-5.56131819963552E-33,1.22464679914735E-16,1.));
#3287=DIRECTION('',(-5.56131819963552E-33,1.22464679914735E-16,1.));
#3288=DIRECTION('',(1.,9.08232186375291E-17,-5.56131819963552E-33));
#3289=DIRECTION('',(-5.56131819963552E-33,1.22464679914735E-16,1.));
#3290=DIRECTION('',(-1.,-9.08232186375291E-17,5.56131819963552E-33));
#3291=DIRECTION('',(-5.56131819963552E-33,1.22464679914735E-16,1.));
#3292=DIRECTION('',(1.,9.08232186375291E-17,-5.56131819963552E-33));
#3293=DIRECTION('',(-5.56131819963552E-33,1.22464679914735E-16,1.));
#3294=DIRECTION('',(-5.56131819963552E-33,1.22464679914735E-16,1.));
#3295=DIRECTION('',(1.,9.08232186375291E-17,-5.56131819963552E-33));
#3296=DIRECTION('',(-5.56131819963552E-33,1.22464679914735E-16,1.));
#3297=DIRECTION('',(-1.,-9.08232186375291E-17,5.56131819963552E-33));
#3298=DIRECTION('',(-5.56131819963552E-33,1.22464679914735E-16,1.));
#3299=DIRECTION('',(1.,9.08232186375291E-17,-5.56131819963552E-33));
#3300=DIRECTION('',(-5.56131819963552E-33,1.22464679914735E-16,1.));
#3301=DIRECTION('',(-5.56131819963552E-33,1.22464679914735E-16,1.));
#3302=DIRECTION('',(1.,9.08232186375291E-17,-5.56131819963552E-33));
#3303=DIRECTION('',(-5.56131819963552E-33,1.22464679914735E-16,1.));
#3304=DIRECTION('',(-1.,-9.08232186375291E-17,5.56131819963552E-33));
#3305=DIRECTION('',(5.56131819963552E-33,-1.22464679914735E-16,-1.));
#3306=DIRECTION('',(1.,9.08232186375291E-17,-5.56131819963552E-33));
#3307=DIRECTION('',(-5.56131819963552E-33,1.22464679914735E-16,1.));
#3308=DIRECTION('',(5.56131819963552E-33,-1.22464679914735E-16,-1.));
#3309=DIRECTION('',(1.,9.08232186375291E-17,-5.56131819963552E-33));
#3310=DIRECTION('',(-5.56131819963552E-33,1.22464679914735E-16,1.));
#3311=DIRECTION('',(-1.,-9.08232186375291E-17,5.56131819963552E-33));
#3312=DIRECTION('',(5.56131819963552E-33,-1.22464679914735E-16,-1.));
#3313=DIRECTION('',(1.,9.08232186375291E-17,-5.56131819963552E-33));
#3314=DIRECTION('',(-5.56131819963552E-33,1.22464679914735E-16,1.));
#3315=DIRECTION('',(5.56131819963552E-33,-1.22464679914735E-16,-1.));
#3316=DIRECTION('',(1.,9.08232186375291E-17,-5.56131819963552E-33));
#3317=DIRECTION('',(-5.56131819963552E-33,1.22464679914735E-16,1.));
#3318=DIRECTION('',(-1.,-9.08232186375291E-17,5.56131819963552E-33));
#3319=DIRECTION('',(5.56131819963552E-33,-1.22464679914735E-16,-1.));
#3320=DIRECTION('',(1.,9.08232186375291E-17,-5.56131819963552E-33));
#3321=DIRECTION('',(-5.56131819963552E-33,1.22464679914735E-16,1.));
#3322=DIRECTION('',(5.56131819963552E-33,-1.22464679914735E-16,-1.));
#3323=DIRECTION('',(1.,9.08232186375291E-17,-5.56131819963552E-33));
#3324=DIRECTION('',(-5.56131819963552E-33,1.22464679914735E-16,1.));
#3325=DIRECTION('',(-1.,-9.08232186375291E-17,5.56131819963552E-33));
#3326=DIRECTION('',(5.56131819963552E-33,-1.22464679914735E-16,-1.));
#3327=DIRECTION('',(1.,9.08232186375291E-17,-5.56131819963552E-33));
#3328=DIRECTION('',(-5.56131819963552E-33,1.22464679914735E-16,1.));
#3329=DIRECTION('',(5.56131819963552E-33,-1.22464679914735E-16,-1.));
#3330=DIRECTION('',(1.,9.08232186375291E-17,-5.56131819963552E-33));
#3331=DIRECTION('',(-5.56131819963552E-33,1.22464679914735E-16,1.));
#3332=DIRECTION('',(-1.,-9.08232186375291E-17,5.56131819963552E-33));
#3333=DIRECTION('',(5.56131819963552E-33,-1.22464679914735E-16,-1.));
#3334=DIRECTION('',(1.,9.08232186375291E-17,-5.56131819963552E-33));
#3335=DIRECTION('',(-5.56131819963552E-33,1.22464679914735E-16,1.));
#3336=DIRECTION('',(5.56131819963552E-33,-1.22464679914735E-16,-1.));
#3337=DIRECTION('',(1.,9.08232186375291E-17,-5.56131819963552E-33));
#3338=DIRECTION('',(-5.56131819963552E-33,1.22464679914735E-16,1.));
#3339=DIRECTION('',(-1.,-9.08232186375291E-17,5.56131819963552E-33));
#3340=DIRECTION('',(5.56131819963552E-33,-1.22464679914735E-16,-1.));
#3341=DIRECTION('',(1.,9.08232186375291E-17,-5.56131819963552E-33));
#3342=DIRECTION('',(-5.56131819963552E-33,1.22464679914735E-16,1.));
#3343=DIRECTION('',(5.56131819963552E-33,-1.22464679914735E-16,-1.));
#3344=DIRECTION('',(1.,9.08232186375291E-17,-5.56131819963552E-33));
#3345=DIRECTION('',(-5.56131819963552E-33,1.22464679914735E-16,1.));
#3346=DIRECTION('',(-1.,-9.08232186375291E-17,5.56131819963552E-33));
#3347=DIRECTION('',(5.56131819963552E-33,-1.22464679914735E-16,-1.));
#3348=DIRECTION('',(1.,9.08232186375291E-17,-5.56131819963552E-33));
#3349=DIRECTION('',(-5.56131819963552E-33,1.22464679914735E-16,1.));
#3350=DIRECTION('',(5.56131819963552E-33,-1.22464679914735E-16,-1.));
#3351=DIRECTION('',(1.,9.08232186375291E-17,-5.56131819963552E-33));
#3352=DIRECTION('',(-5.56131819963552E-33,1.22464679914735E-16,1.));
#3353=DIRECTION('',(-1.,-9.08232186375291E-17,5.56131819963552E-33));
#3354=DIRECTION('',(5.56131819963552E-33,-1.22464679914735E-16,-1.));
#3355=DIRECTION('',(1.,9.08232186375291E-17,-5.56131819963552E-33));
#3356=DIRECTION('',(-5.56131819963552E-33,1.22464679914735E-16,1.));
#3357=DIRECTION('',(5.56131819963552E-33,-1.22464679914735E-16,-1.));
#3358=DIRECTION('',(1.,9.08232186375291E-17,-5.56131819963552E-33));
#3359=DIRECTION('',(-5.56131819963552E-33,1.22464679914735E-16,1.));
#3360=DIRECTION('',(-1.,-9.08232186375291E-17,5.56131819963552E-33));
#3361=DIRECTION('',(5.56131819963552E-33,-1.22464679914735E-16,-1.));
#3362=DIRECTION('',(1.,9.08232186375291E-17,-5.56131819963552E-33));
#3363=DIRECTION('',(-5.56131819963552E-33,1.22464679914735E-16,1.));
#3364=DIRECTION('',(5.56131819963552E-33,-1.22464679914735E-16,-1.));
#3365=DIRECTION('',(1.,9.08232186375291E-17,-5.56131819963552E-33));
#3366=DIRECTION('',(-5.56131819963552E-33,1.22464679914735E-16,1.));
#3367=DIRECTION('',(-1.,-9.08232186375291E-17,5.56131819963552E-33));
#3368=DIRECTION('',(5.56131819963552E-33,-1.22464679914735E-16,-1.));
#3369=DIRECTION('',(1.,9.08232186375291E-17,-5.56131819963552E-33));
#3370=DIRECTION('',(-5.56131819963552E-33,1.22464679914735E-16,1.));
#3371=DIRECTION('',(5.56131819963552E-33,-1.22464679914735E-16,-1.));
#3372=DIRECTION('',(1.,9.08232186375291E-17,-5.56131819963552E-33));
#3373=DIRECTION('',(-5.56131819963552E-33,1.22464679914735E-16,1.));
#3374=DIRECTION('',(-1.,-9.08232186375291E-17,5.56131819963552E-33));
#3375=DIRECTION('',(5.56131819963552E-33,-1.22464679914735E-16,-1.));
#3376=DIRECTION('',(1.,9.08232186375291E-17,-5.56131819963552E-33));
#3377=DIRECTION('',(-5.56131819963552E-33,1.22464679914735E-16,1.));
#3378=DIRECTION('',(5.56131819963552E-33,-1.22464679914735E-16,-1.));
#3379=DIRECTION('',(1.,9.08232186375291E-17,-5.56131819963552E-33));
#3380=DIRECTION('',(-5.56131819963552E-33,1.22464679914735E-16,1.));
#3381=DIRECTION('',(-1.,-9.08232186375291E-17,5.56131819963552E-33));
#3382=DIRECTION('',(5.56131819963552E-33,-1.22464679914735E-16,-1.));
#3383=DIRECTION('',(1.,9.08232186375291E-17,-5.56131819963552E-33));
#3384=DIRECTION('',(-5.56131819963552E-33,1.22464679914735E-16,1.));
#3385=DIRECTION('',(5.56131819963552E-33,-1.22464679914735E-16,-1.));
#3386=DIRECTION('',(1.,9.08232186375291E-17,-5.56131819963552E-33));
#3387=DIRECTION('',(-5.56131819963552E-33,1.22464679914735E-16,1.));
#3388=DIRECTION('',(-1.,-9.08232186375291E-17,5.56131819963552E-33));
#3389=DIRECTION('',(5.56131819963552E-33,-1.22464679914735E-16,-1.));
#3390=DIRECTION('',(1.,9.08232186375291E-17,-5.56131819963552E-33));
#3391=DIRECTION('',(-5.56131819963552E-33,1.22464679914735E-16,1.));
#3392=DIRECTION('',(5.56131819963552E-33,-1.22464679914735E-16,-1.));
#3393=DIRECTION('',(1.,9.08232186375291E-17,-5.56131819963552E-33));
#3394=DIRECTION('',(-5.56131819963552E-33,1.22464679914735E-16,1.));
#3395=DIRECTION('',(-1.,-9.08232186375291E-17,5.56131819963552E-33));
#3396=DIRECTION('',(5.56131819963552E-33,-1.22464679914735E-16,-1.));
#3397=DIRECTION('',(1.,9.08232186375291E-17,-5.56131819963552E-33));
#3398=DIRECTION('',(-5.56131819963552E-33,1.22464679914735E-16,1.));
#3399=DIRECTION('',(5.56131819963552E-33,-1.22464679914735E-16,-1.));
#3400=DIRECTION('',(1.,9.08232186375291E-17,-5.56131819963552E-33));
#3401=DIRECTION('',(-5.56131819963552E-33,1.22464679914735E-16,1.));
#3402=DIRECTION('',(-1.,-9.08232186375291E-17,5.56131819963552E-33));
#3403=DIRECTION('',(5.56131819963552E-33,-1.22464679914735E-16,-1.));
#3404=DIRECTION('',(1.,9.08232186375291E-17,-5.56131819963552E-33));
#3405=DIRECTION('',(-5.56131819963552E-33,1.22464679914735E-16,1.));
#3406=DIRECTION('',(5.56131819963552E-33,-1.22464679914735E-16,-1.));
#3407=DIRECTION('',(1.,9.08232186375291E-17,-5.56131819963552E-33));
#3408=DIRECTION('',(-5.56131819963552E-33,1.22464679914735E-16,1.));
#3409=DIRECTION('',(-1.,-9.08232186375291E-17,5.56131819963552E-33));
#3410=DIRECTION('',(5.56131819963552E-33,-1.22464679914735E-16,-1.));
#3411=DIRECTION('',(1.,9.08232186375291E-17,-5.56131819963552E-33));
#3412=DIRECTION('',(-5.56131819963552E-33,1.22464679914735E-16,1.));
#3413=DIRECTION('',(5.56131819963552E-33,-1.22464679914735E-16,-1.));
#3414=DIRECTION('',(1.,9.08232186375291E-17,-5.56131819963552E-33));
#3415=DIRECTION('',(-5.56131819963552E-33,1.22464679914735E-16,1.));
#3416=DIRECTION('',(-1.,-9.08232186375291E-17,5.56131819963552E-33));
#3417=DIRECTION('',(5.56131819963552E-33,-1.22464679914735E-16,-1.));
#3418=DIRECTION('',(1.,9.08232186375291E-17,-5.56131819963552E-33));
#3419=DIRECTION('',(-5.56131819963552E-33,1.22464679914735E-16,1.));
#3420=DIRECTION('',(5.56131819963552E-33,-1.22464679914735E-16,-1.));
#3421=DIRECTION('',(1.,9.08232186375291E-17,-5.56131819963552E-33));
#3422=DIRECTION('',(-5.56131819963552E-33,1.22464679914735E-16,1.));
#3423=DIRECTION('',(-1.,-9.08232186375291E-17,5.56131819963552E-33));
#3424=DIRECTION('',(5.56131819963552E-33,-1.22464679914735E-16,-1.));
#3425=DIRECTION('',(1.,9.08232186375291E-17,-5.56131819963552E-33));
#3426=DIRECTION('',(-5.56131819963552E-33,1.22464679914735E-16,1.));
#3427=DIRECTION('',(5.56131819963552E-33,-1.22464679914735E-16,-1.));
#3428=DIRECTION('',(1.,9.08232186375291E-17,-5.56131819963552E-33));
#3429=DIRECTION('',(-5.56131819963552E-33,1.22464679914735E-16,1.));
#3430=DIRECTION('',(-1.,-9.08232186375291E-17,5.56131819963552E-33));
#3431=DIRECTION('',(5.56131819963552E-33,-1.22464679914735E-16,-1.));
#3432=DIRECTION('',(1.,9.08232186375291E-17,-5.56131819963552E-33));
#3433=DIRECTION('',(-5.56131819963552E-33,1.22464679914735E-16,1.));
#3434=DIRECTION('',(5.56131819963552E-33,-1.22464679914735E-16,-1.));
#3435=DIRECTION('',(1.,9.08232186375291E-17,-5.56131819963552E-33));
#3436=DIRECTION('',(-5.56131819963552E-33,1.22464679914735E-16,1.));
#3437=DIRECTION('',(-1.,-9.08232186375291E-17,5.56131819963552E-33));
#3438=DIRECTION('',(-5.56131819963552E-33,1.22464679914735E-16,1.));
#3439=DIRECTION('',(1.,9.08232186375291E-17,-5.56131819963552E-33));
#3440=DIRECTION('',(-5.56131819963552E-33,1.22464679914735E-16,1.));
#3441=DIRECTION('',(-5.56131819963552E-33,1.22464679914735E-16,1.));
#3442=DIRECTION('',(1.,9.08232186375291E-17,-5.56131819963552E-33));
#3443=DIRECTION('',(-5.56131819963552E-33,1.22464679914735E-16,1.));
#3444=DIRECTION('',(-1.,-9.08232186375291E-17,5.56131819963552E-33));
#3445=DIRECTION('',(-5.56131819963552E-33,1.22464679914735E-16,1.));
#3446=DIRECTION('',(1.,9.08232186375291E-17,-5.56131819963552E-33));
#3447=DIRECTION('',(-5.56131819963552E-33,1.22464679914735E-16,1.));
#3448=DIRECTION('',(-5.56131819963552E-33,1.22464679914735E-16,1.));
#3449=DIRECTION('',(1.,9.08232186375291E-17,-5.56131819963552E-33));
#3450=DIRECTION('',(-5.56131819963552E-33,1.22464679914735E-16,1.));
#3451=DIRECTION('',(-1.,-9.08232186375291E-17,5.56131819963552E-33));
#3452=DIRECTION('',(-5.56131819963552E-33,1.22464679914735E-16,1.));
#3453=DIRECTION('',(1.,9.08232186375291E-17,-5.56131819963552E-33));
#3454=DIRECTION('',(-5.56131819963552E-33,1.22464679914735E-16,1.));
#3455=DIRECTION('',(-5.56131819963552E-33,1.22464679914735E-16,1.));
#3456=DIRECTION('',(1.,9.08232186375291E-17,-5.56131819963552E-33));
#3457=DIRECTION('',(-5.56131819963552E-33,1.22464679914735E-16,1.));
#3458=DIRECTION('',(-1.,-9.08232186375291E-17,5.56131819963552E-33));
#3459=DIRECTION('',(-5.56131819963552E-33,1.22464679914735E-16,1.));
#3460=DIRECTION('',(1.,9.08232186375291E-17,-5.56131819963552E-33));
#3461=DIRECTION('',(-5.56131819963552E-33,1.22464679914735E-16,1.));
#3462=DIRECTION('',(-5.56131819963552E-33,1.22464679914735E-16,1.));
#3463=DIRECTION('',(1.,9.08232186375291E-17,-5.56131819963552E-33));
#3464=DIRECTION('',(-5.56131819963552E-33,1.22464679914735E-16,1.));
#3465=DIRECTION('',(-1.,-9.08232186375291E-17,5.56131819963552E-33));
#3466=DIRECTION('',(5.56131819963552E-33,-1.22464679914735E-16,-1.));
#3467=DIRECTION('',(1.,9.08232186375291E-17,-5.56131819963552E-33));
#3468=DIRECTION('',(-5.56131819963552E-33,1.22464679914735E-16,1.));
#3469=DIRECTION('',(5.56131819963552E-33,-1.22464679914735E-16,-1.));
#3470=DIRECTION('',(1.,9.08232186375291E-17,-5.56131819963552E-33));
#3471=DIRECTION('',(-5.56131819963552E-33,1.22464679914735E-16,1.));
#3472=DIRECTION('',(-1.,-9.08232186375291E-17,5.56131819963552E-33));
#3473=DIRECTION('',(5.56131819963552E-33,-1.22464679914735E-16,-1.));
#3474=DIRECTION('',(1.,9.08232186375291E-17,-5.56131819963552E-33));
#3475=DIRECTION('',(-5.56131819963552E-33,1.22464679914735E-16,1.));
#3476=DIRECTION('',(5.56131819963552E-33,-1.22464679914735E-16,-1.));
#3477=DIRECTION('',(1.,9.08232186375291E-17,-5.56131819963552E-33));
#3478=DIRECTION('',(-5.56131819963552E-33,1.22464679914735E-16,1.));
#3479=DIRECTION('',(-1.,-9.08232186375291E-17,5.56131819963552E-33));
#3480=DIRECTION('',(5.56131819963552E-33,-1.22464679914735E-16,-1.));
#3481=DIRECTION('',(1.,9.08232186375291E-17,-5.56131819963552E-33));
#3482=DIRECTION('',(5.56131819963552E-33,-1.22464679914735E-16,-1.));
#3483=DIRECTION('',(1.,9.08232186375291E-17,-5.56131819963552E-33));
#3484=DIRECTION('',(5.56131819963552E-33,-1.22464679914735E-16,-1.));
#3485=DIRECTION('',(1.,9.08232186375291E-17,-5.56131819963552E-33));
#3486=DIRECTION('',(5.56131819963552E-33,-1.22464679914735E-16,-1.));
#3487=DIRECTION('',(1.,9.08232186375291E-17,-5.56131819963552E-33));
#3488=CARTESIAN_POINT('',(0.,0.,0.));
#3489=CARTESIAN_POINT('',(-0.0768904119226962,0.0101426196075353,-0.0237999946391486));
#3490=CARTESIAN_POINT('',(-0.0768904119226962,0.0101426196075353,-0.0229999946391486));
#3491=CARTESIAN_POINT('',(-0.0779756485269487,0.00945410048586837,-0.0229999946391486));
#3492=CARTESIAN_POINT('',(-0.0780600666010006,0.00960997995295528,-0.0229999946391486));
#3493=CARTESIAN_POINT('',(-0.0780600666010006,0.00960997995295528,-0.0237999946391486));
#3494=CARTESIAN_POINT('',(-0.0780600666010006,0.00960997995295528,-0.0237999946391486));
#3495=CARTESIAN_POINT('',(-0.0768904119226962,0.0101426196075353,-0.0237999946391486));
#3496=CARTESIAN_POINT('',(-0.0779756485269487,0.00945410048586837,-0.0237999946391486));
#3497=CARTESIAN_POINT('',(-0.0779756485269487,0.00945410048586837,-0.0237999946391486));
#3498=CARTESIAN_POINT('',(-0.0766362491088311,0.0102583607710556,-0.0237999946391486));
#3499=CARTESIAN_POINT('',(-0.0766362491088311,0.0102583607710556,-0.0229999946391486));
#3500=CARTESIAN_POINT('',(-0.0781195557987756,0.0097609120804079,-0.0229999946391486));
#3501=CARTESIAN_POINT('',(-0.0781195557987756,0.0097609120804079,-0.0237999946391486));
#3502=CARTESIAN_POINT('',(-0.0781195557987756,0.0097609120804079,-0.0237999946391486));
#3503=CARTESIAN_POINT('',(-0.0766362491088311,0.0102583607710556,-0.0237999946391486));
#3504=CARTESIAN_POINT('',(-0.0771883409324504,0.0100732086668828,-0.0237999946391486));
#3505=CARTESIAN_POINT('',(-0.0771883409324504,0.0100732086668828,-0.0229999946391486));
#3506=CARTESIAN_POINT('',(-0.078154032041583,0.00989395753876124,-0.0229999946391486));
#3507=CARTESIAN_POINT('',(-0.078154032041583,0.00989395753876124,-0.0237999946391486));
#3508=CARTESIAN_POINT('',(-0.078154032041583,0.00989395753876124,-0.0237999946391486));
#3509=CARTESIAN_POINT('',(-0.0771883409324504,0.0100732086668828,-0.0237999946391486));
#3510=CARTESIAN_POINT('',(-0.0774888558230504,0.0100174272346552,-0.0237999946391486));
#3511=CARTESIAN_POINT('',(-0.0774888558230504,0.0100174272346552,-0.0229999946391486));
#3512=CARTESIAN_POINT('',(-0.0781614891254314,0.00994484205687488,-0.0229999946391486));
#3513=CARTESIAN_POINT('',(-0.0781614891254314,0.00994484205687488,-0.0237999946391486));
#3514=CARTESIAN_POINT('',(-0.0781614891254314,0.00994484205687488,-0.0237999946391486));
#3515=CARTESIAN_POINT('',(-0.0774888558230504,0.0100174272346552,-0.0237999946391486));
#3516=CARTESIAN_POINT('',(-0.078094636809912,0.00982861015142881,-0.0237999946391486));
#3517=CARTESIAN_POINT('',(-0.078094636809912,0.00982861015142881,-0.0229999946391486));
#3518=CARTESIAN_POINT('',(-0.0781126876564056,0.00996147570330281,-0.0229999946391486));
#3519=CARTESIAN_POINT('',(-0.0781126876564056,0.00996147570330281,-0.0237999946391486));
#3520=CARTESIAN_POINT('',(-0.0781126876564056,0.00996147570330281,-0.0237999946391486));
#3521=CARTESIAN_POINT('',(-0.078094636809912,0.00982861015142881,-0.0237999946391486));
#3522=CARTESIAN_POINT('',(-0.077953331680414,0.00878851577025304,-0.0237999946391486));
#3523=CARTESIAN_POINT('',(-0.077953331680414,0.00878851577025304,-0.0229999946391486));
#3524=CARTESIAN_POINT('',(-0.0778289565578858,0.00996569891679767,-0.0229999946391486));
#3525=CARTESIAN_POINT('',(-0.0778289565578858,0.00996569891679767,-0.0237999946391486));
#3526=CARTESIAN_POINT('',(-0.0778289565578858,0.00996569891679767,-0.0237999946391486));
#3527=CARTESIAN_POINT('',(-0.077953331680414,0.00878851577025304,-0.0237999946391486));
#3528=CARTESIAN_POINT('',(-0.0779677915182512,0.00865165658927118,-0.0237999946391486));
#3529=CARTESIAN_POINT('',(-0.0779677915182512,0.00865165658927118,-0.0229999946391486));
#3530=CARTESIAN_POINT('',(-0.0775290719226488,0.0098980543994379,-0.0229999946391486));
#3531=CARTESIAN_POINT('',(-0.0775290719226488,0.0098980543994379,-0.0237999946391486));
#3532=CARTESIAN_POINT('',(-0.0775290719226488,0.0098980543994379,-0.0237999946391486));
#3533=CARTESIAN_POINT('',(-0.0779677915182512,0.00865165658927118,-0.0237999946391486));
#3534=CARTESIAN_POINT('',(-0.0777025127248808,0.0094053108833916,-0.0237999946391486));
#3535=CARTESIAN_POINT('',(-0.0777025127248808,0.0094053108833916,-0.0229999946391486));
#3536=CARTESIAN_POINT('',(-0.0773481799222546,0.00978914176993861,-0.0229999946391486));
#3537=CARTESIAN_POINT('',(-0.0773481799222546,0.00978914176993861,-0.0237999946391486));
#3538=CARTESIAN_POINT('',(-0.0773481799222546,0.00978914176993861,-0.0237999946391486));
#3539=CARTESIAN_POINT('',(-0.0777025127248808,0.0094053108833916,-0.0237999946391486));
#3540=CARTESIAN_POINT('',(-0.0762469705722654,0.0109820264194758,-0.0237999946391486));
#3541=CARTESIAN_POINT('',(-0.0762469705722654,0.0109820264194758,-0.0229999946391486));
#3542=CARTESIAN_POINT('',(-0.0768727294445914,0.00948400717617135,-0.0229999946391486));
#3543=CARTESIAN_POINT('',(-0.0768727294445914,0.00948400717617135,-0.0237999946391486));
#3544=CARTESIAN_POINT('',(-0.0768727294445914,0.00948400717617135,-0.0237999946391486));
#3545=CARTESIAN_POINT('',(-0.0762469705722654,0.0109820264194758,-0.0237999946391486));
#3546=CARTESIAN_POINT('',(-0.0765952577334721,0.0101482533916255,-0.0237999946391486));
#3547=CARTESIAN_POINT('',(-0.0765952577334721,0.0101482533916255,-0.0229999946391486));
#3548=CARTESIAN_POINT('',(-0.0763515341802243,0.00947089645853363,-0.0229999946391486));
#3549=CARTESIAN_POINT('',(-0.0763515341802243,0.00947089645853363,-0.0237999946391486));
#3550=CARTESIAN_POINT('',(-0.0763515341802243,0.00947089645853363,-0.0237999946391486));
#3551=CARTESIAN_POINT('',(-0.0765952577334721,0.0101482533916255,-0.0237999946391486));
#3552=CARTESIAN_POINT('',(-0.0769177302776601,0.0110444696605369,-0.0237999946391486));
#3553=CARTESIAN_POINT('',(-0.0769177302776601,0.0110444696605369,-0.0229999946391486));
#3554=CARTESIAN_POINT('',(-0.0758244487562322,0.00977898708155028,-0.0229999946391486));
#3555=CARTESIAN_POINT('',(-0.0758244487562322,0.00977898708155028,-0.0237999946391486));
#3556=CARTESIAN_POINT('',(-0.0758244487562322,0.00977898708155028,-0.0237999946391486));
#3557=CARTESIAN_POINT('',(-0.0769177302776601,0.0110444696605369,-0.0237999946391486));
#3558=CARTESIAN_POINT('',(-0.0906215770740785,0.0269067878705078,-0.0237999946391486));
#3559=CARTESIAN_POINT('',(-0.0906215770740785,0.0269067878705078,-0.0229999946391486));
#3560=CARTESIAN_POINT('',(-0.0749824440343479,0.0105442060422451,-0.0229999946391486));
#3561=CARTESIAN_POINT('',(-0.0749824440343479,0.0105442060422451,-0.0237999946391486));
#3562=CARTESIAN_POINT('',(-0.0749824440343479,0.0105442060422451,-0.0237999946391486));
#3563=CARTESIAN_POINT('',(-0.0906215770740785,0.0269067878705078,-0.0237999946391486));
#3564=CARTESIAN_POINT('',(-0.09530157306296,0.0318032752352161,-0.0237999946391486));
#3565=CARTESIAN_POINT('',(-0.09530157306296,0.0318032752352161,-0.0229999946391486));
#3566=CARTESIAN_POINT('',(-0.0744555313765101,0.0110606241645472,-0.0229999946391486));
#3567=CARTESIAN_POINT('',(-0.0744555313765101,0.0110606241645472,-0.0237999946391486));
#3568=CARTESIAN_POINT('',(-0.0744555313765101,0.0110606241645472,-0.0237999946391486));
#3569=CARTESIAN_POINT('',(-0.09530157306296,0.0318032752352161,-0.0237999946391486));
#3570=CARTESIAN_POINT('',(-0.121178020527412,0.0575513826590172,-0.0237999946391486));
#3571=CARTESIAN_POINT('',(-0.121178020527412,0.0575513826590172,-0.0229999946391486));
#3572=CARTESIAN_POINT('',(-0.0738221728206169,0.0117059324407714,-0.0229999946391486));
#3573=CARTESIAN_POINT('',(-0.0738221728206169,0.0117059324407714,-0.0237999946391486));
#3574=CARTESIAN_POINT('',(-0.0738221728206169,0.0117059324407714,-0.0237999946391486));
#3575=CARTESIAN_POINT('',(-0.121178020527412,0.0575513826590172,-0.0237999946391486));
#3576=CARTESIAN_POINT('',(-0.122146016725165,0.0584885049711381,-0.0237999946391486));
#3577=CARTESIAN_POINT('',(-0.122146016725165,0.0584885049711381,-0.0229999946391486));
#3578=CARTESIAN_POINT('',(-0.0731905252843063,0.0123673293567358,-0.0229999946391486));
#3579=CARTESIAN_POINT('',(-0.0731905252843063,0.0123673293567358,-0.0237999946391486));
#3580=CARTESIAN_POINT('',(-0.0731905252843063,0.0123673293567358,-0.0237999946391486));
#3581=CARTESIAN_POINT('',(-0.122146016725165,0.0584885049711381,-0.0237999946391486));
#3582=CARTESIAN_POINT('',(-0.0996635227787086,0.0373076523019959,-0.0237999946391486));
#3583=CARTESIAN_POINT('',(-0.0996635227787086,0.0373076523019959,-0.0229999946391486));
#3584=CARTESIAN_POINT('',(-0.0726571196185833,0.0129459304149487,-0.0229999946391486));
#3585=CARTESIAN_POINT('',(-0.0726571196185833,0.0129459304149487,-0.0237999946391486));
#3586=CARTESIAN_POINT('',(-0.0726571196185833,0.0129459304149487,-0.0237999946391486));
#3587=CARTESIAN_POINT('',(-0.0996635227787086,0.0373076523019959,-0.0237999946391486));
#3588=CARTESIAN_POINT('',(-0.111301504637245,0.0478059506382509,-0.0237999946391486));
#3589=CARTESIAN_POINT('',(-0.111301504637245,0.0478059506382509,-0.0229999946391486));
#3590=CARTESIAN_POINT('',(-0.0718188758876278,0.0138982593210932,-0.0229999946391486));
#3591=CARTESIAN_POINT('',(-0.0718188758876278,0.0138982593210932,-0.0237999946391486));
#3592=CARTESIAN_POINT('',(-0.0718188758876278,0.0138982593210932,-0.0237999946391486));
#3593=CARTESIAN_POINT('',(-0.111301504637245,0.0478059506382509,-0.0237999946391486));
#3594=CARTESIAN_POINT('',(-0.0728619447574536,0.0147940471239998,-0.0237999946391486));
#3595=CARTESIAN_POINT('',(-0.0728619447574536,0.0147940471239998,-0.0229999946391486));
#3596=CARTESIAN_POINT('',(-0.0715646049399862,0.0143387034592232,-0.0229999946391486));
#3597=CARTESIAN_POINT('',(-0.0715646049399862,0.0143387034592232,-0.0237999946391486));
#3598=CARTESIAN_POINT('',(-0.0715646049399862,0.0143387034592232,-0.0237999946391486));
#3599=CARTESIAN_POINT('',(-0.0728619447574536,0.0147940471239998,-0.0237999946391486));
#3600=CARTESIAN_POINT('',(-0.0722110207830723,0.0145655841538551,-0.0237999946391486));
#3601=CARTESIAN_POINT('',(-0.0722110207830723,0.0145655841538551,-0.0229999946391486));
#3602=CARTESIAN_POINT('',(-0.0715742063469069,0.0148181621926473,-0.0229999946391486));
#3603=CARTESIAN_POINT('',(-0.0715742063469069,0.0148181621926473,-0.0237999946391486));
#3604=CARTESIAN_POINT('',(-0.0715742063469069,0.0148181621926473,-0.0237999946391486));
#3605=CARTESIAN_POINT('',(-0.0722110207830723,0.0145655841538551,-0.0237999946391486));
#3606=CARTESIAN_POINT('',(-0.0756746323219081,0.0131918209978485,-0.0237999946391486));
#3607=CARTESIAN_POINT('',(-0.0756746323219081,0.0131918209978485,-0.0229999946391486));
#3608=CARTESIAN_POINT('',(-0.071854194553564,0.0153969817893948,-0.0229999946391486));
#3609=CARTESIAN_POINT('',(-0.071854194553564,0.0153969817893948,-0.0237999946391486));
#3610=CARTESIAN_POINT('',(-0.071854194553564,0.0153969817893948,-0.0237999946391486));
#3611=CARTESIAN_POINT('',(-0.0756746323219081,0.0131918209978485,-0.0237999946391486));
#3612=CARTESIAN_POINT('',(-0.0703532705558599,0.0162633167362043,-0.0237999946391486));
#3613=CARTESIAN_POINT('',(-0.0703532705558599,0.0162633167362043,-0.0229999946391486));
#3614=CARTESIAN_POINT('',(-0.07199941228916,0.0157215358941321,-0.0229999946391486));
#3615=CARTESIAN_POINT('',(-0.07199941228916,0.0157215358941321,-0.0237999946391486));
#3616=CARTESIAN_POINT('',(-0.07199941228916,0.0157215358941321,-0.0237999946391486));
#3617=CARTESIAN_POINT('',(-0.0703532705558599,0.0162633167362043,-0.0237999946391486));
#3618=CARTESIAN_POINT('',(-0.0715268122661738,0.015877078781623,-0.0237999946391486));
#3619=CARTESIAN_POINT('',(-0.0715268122661738,0.015877078781623,-0.0229999946391486));
#3620=CARTESIAN_POINT('',(-0.0720206685751479,0.0159374966404318,-0.0229999946391486));
#3621=CARTESIAN_POINT('',(-0.0720206685751479,0.0159374966404318,-0.0237999946391486));
#3622=CARTESIAN_POINT('',(-0.0720206685751479,0.0159374966404318,-0.0237999946391486));
#3623=CARTESIAN_POINT('',(-0.0715268122661738,0.015877078781623,-0.0237999946391486));
#3624=CARTESIAN_POINT('',(-0.0718268870108799,0.0159137896086962,-0.0237999946391486));
#3625=CARTESIAN_POINT('',(-0.0718268870108799,0.0159137896086962,-0.0229999946391486));
#3626=CARTESIAN_POINT('',(-0.0719705135095936,0.0160460195102718,-0.0229999946391486));
#3627=CARTESIAN_POINT('',(-0.0719705135095936,0.0160460195102718,-0.0237999946391486));
#3628=CARTESIAN_POINT('',(-0.0719705135095936,0.0160460195102718,-0.0237999946391486));
#3629=CARTESIAN_POINT('',(-0.0718268870108799,0.0159137896086962,-0.0237999946391486));
#3630=CARTESIAN_POINT('',(-0.0717898341713528,0.0158796768692806,-0.0237999946391486));
#3631=CARTESIAN_POINT('',(-0.0717898341713528,0.0158796768692806,-0.0229999946391486));
#3632=CARTESIAN_POINT('',(-0.0718524361968167,0.0161171550448823,-0.0229999946391486));
#3633=CARTESIAN_POINT('',(-0.0718524361968167,0.0161171550448823,-0.0237999946391486));
#3634=CARTESIAN_POINT('',(-0.0718524361968167,0.0161171550448823,-0.0237999946391486));
#3635=CARTESIAN_POINT('',(-0.0717898341713528,0.0158796768692806,-0.0237999946391486));
#3636=CARTESIAN_POINT('',(-0.0718227882606454,0.0160046868341474,-0.0237999946391486));
#3637=CARTESIAN_POINT('',(-0.0718227882606454,0.0160046868341474,-0.0229999946391486));
#3638=CARTESIAN_POINT('',(-0.0717788073027456,0.0161123612224079,-0.0229999946391486));
#3639=CARTESIAN_POINT('',(-0.0717788073027456,0.0161123612224079,-0.0237999946391486));
#3640=CARTESIAN_POINT('',(-0.0717788073027456,0.0161123612224079,-0.0237999946391486));
#3641=CARTESIAN_POINT('',(-0.0718227882606454,0.0160046868341474,-0.0237999946391486));
#3642=CARTESIAN_POINT('',(-0.0721855261272291,0.0151166302808496,-0.0237999946391486));
#3643=CARTESIAN_POINT('',(-0.0721855261272291,0.0151166302808496,-0.0229999946391486));
#3644=CARTESIAN_POINT('',(-0.0715633048210836,0.0159939791033509,-0.0229999946391486));
#3645=CARTESIAN_POINT('',(-0.0715633048210836,0.0159939791033509,-0.0237999946391486));
#3646=CARTESIAN_POINT('',(-0.0715633048210836,0.0159939791033509,-0.0237999946391486));
#3647=CARTESIAN_POINT('',(-0.0721855261272291,0.0151166302808496,-0.0237999946391486));
#3648=CARTESIAN_POINT('',(-0.074208482010957,0.0122642079272093,-0.0237999946391486));
#3649=CARTESIAN_POINT('',(-0.074208482010957,0.0122642079272093,-0.0229999946391486));
#3650=CARTESIAN_POINT('',(-0.0711899016629518,0.0156987862237156,-0.0229999946391486));
#3651=CARTESIAN_POINT('',(-0.0711899016629518,0.0156987862237156,-0.0237999946391486));
#3652=CARTESIAN_POINT('',(-0.0711899016629518,0.0156987862237156,-0.0237999946391486));
#3653=CARTESIAN_POINT('',(-0.074208482010957,0.0122642079272093,-0.0237999946391486));
#3654=CARTESIAN_POINT('',(-0.115064767164647,-0.0342225819167227,-0.0237999946391486));
#3655=CARTESIAN_POINT('',(-0.115064767164647,-0.0342225819167227,-0.0229999946391486));
#3656=CARTESIAN_POINT('',(-0.0704381892830379,0.0150279547948695,-0.0229999946391486));
#3657=CARTESIAN_POINT('',(-0.0704381892830379,0.0150279547948695,-0.0237999946391486));
#3658=CARTESIAN_POINT('',(-0.0704381892830379,0.0150279547948695,-0.0237999946391486));
#3659=CARTESIAN_POINT('',(-0.115064767164647,-0.0342225819167227,-0.0237999946391486));
#3660=CARTESIAN_POINT('',(-0.0438701925218868,0.0443487802301031,-0.0237999946391486));
#3661=CARTESIAN_POINT('',(-0.0438701925218868,0.0443487802301031,-0.0229999946391486));
#3662=CARTESIAN_POINT('',(-0.0698849313488647,0.0145359873391566,-0.0229999946391486));
#3663=CARTESIAN_POINT('',(-0.0698849313488647,0.0145359873391566,-0.0237999946391486));
#3664=CARTESIAN_POINT('',(-0.0698849313488647,0.0145359873391566,-0.0237999946391486));
#3665=CARTESIAN_POINT('',(-0.0438701925218868,0.0443487802301031,-0.0237999946391486));
#3666=CARTESIAN_POINT('',(-0.0442682158536761,0.0438926469882771,-0.0237999946391486));
#3667=CARTESIAN_POINT('',(-0.0442682158536761,0.0438926469882771,-0.0229999946391486));
#3668=CARTESIAN_POINT('',(-0.0693206890917369,0.0140530229426049,-0.0229999946391486));
#3669=CARTESIAN_POINT('',(-0.0693206890917369,0.0140530229426049,-0.0237999946391486));
#3670=CARTESIAN_POINT('',(-0.0693206890917369,0.0140530229426049,-0.0237999946391486));
#3671=CARTESIAN_POINT('',(-0.0442682158536761,0.0438926469882771,-0.0237999946391486));
#3672=CARTESIAN_POINT('',(-0.0469470612288804,0.0407019145558746,-0.0237999946391486));
#3673=CARTESIAN_POINT('',(-0.0469470612288804,0.0407019145558746,-0.0229999946391486));
#3674=CARTESIAN_POINT('',(-0.0688235144181485,0.0136433956788342,-0.0229999946391486));
#3675=CARTESIAN_POINT('',(-0.0688235144181485,0.0136433956788342,-0.0237999946391486));
#3676=CARTESIAN_POINT('',(-0.0688235144181485,0.0136433956788342,-0.0237999946391486));
#3677=CARTESIAN_POINT('',(-0.0469470612288804,0.0407019145558746,-0.0237999946391486));
#3678=CARTESIAN_POINT('',(-0.0655391478149153,0.0177057587577045,-0.0237999946391486));
#3679=CARTESIAN_POINT('',(-0.0655391478149153,0.0177057587577045,-0.0229999946391486));
#3680=CARTESIAN_POINT('',(-0.0685014520870765,0.0134028979456245,-0.0229999946391486));
#3681=CARTESIAN_POINT('',(-0.0685014520870765,0.0134028979456245,-0.0237999946391486));
#3682=CARTESIAN_POINT('',(-0.0685014520870765,0.0134028979456245,-0.0237999946391486));
#3683=CARTESIAN_POINT('',(-0.0655391478149153,0.0177057587577045,-0.0237999946391486));
#3684=CARTESIAN_POINT('',(-0.070478609892394,0.0105310002409392,-0.0237999946391486));
#3685=CARTESIAN_POINT('',(-0.070478609892394,0.0105310002409392,-0.0229999946391486));
#3686=CARTESIAN_POINT('',(-0.0681179948433639,0.0130970177786032,-0.0229999946391486));
#3687=CARTESIAN_POINT('',(-0.0681179948433639,0.0130970177786032,-0.0237999946391486));
#3688=CARTESIAN_POINT('',(-0.0681179948433639,0.0130970177786032,-0.0237999946391486));
#3689=CARTESIAN_POINT('',(-0.070478609892394,0.0105310002409392,-0.0237999946391486));
#3690=CARTESIAN_POINT('',(-0.0684987916587717,0.0126830869655194,-0.0237999946391486));
#3691=CARTESIAN_POINT('',(-0.0684987916587717,0.0126830869655194,-0.0229999946391486));
#3692=CARTESIAN_POINT('',(-0.0679752358476978,0.0128885966863015,-0.0229999946391486));
#3693=CARTESIAN_POINT('',(-0.0679752358476978,0.0128885966863015,-0.0237999946391486));
#3694=CARTESIAN_POINT('',(-0.0679752358476978,0.0128885966863015,-0.0237999946391486));
#3695=CARTESIAN_POINT('',(-0.0684987916587717,0.0126830869655194,-0.0237999946391486));
#3696=CARTESIAN_POINT('',(-0.0681620126429789,0.0128152817765346,-0.0237999946391486));
#3697=CARTESIAN_POINT('',(-0.0681620126429789,0.0128152817765346,-0.0229999946391486));
#3698=CARTESIAN_POINT('',(-0.0679707855988535,0.012754512830153,-0.0229999946391486));
#3699=CARTESIAN_POINT('',(-0.0679707855988535,0.012754512830153,-0.0237999946391486));
#3700=CARTESIAN_POINT('',(-0.0679707855988535,0.012754512830153,-0.0237999946391486));
#3701=CARTESIAN_POINT('',(-0.0681620126429789,0.0128152817765346,-0.0237999946391486));
#3702=CARTESIAN_POINT('',(-0.0684706817341326,0.012913371957951,-0.0237999946391486));
#3703=CARTESIAN_POINT('',(-0.0684706817341326,0.012913371957951,-0.0229999946391486));
#3704=CARTESIAN_POINT('',(-0.0680852688320854,0.0125575781082467,-0.0229999946391486));
#3705=CARTESIAN_POINT('',(-0.0680852688320854,0.0125575781082467,-0.0237999946391486));
#3706=CARTESIAN_POINT('',(-0.0680852688320854,0.0125575781082467,-0.0237999946391486));
#3707=CARTESIAN_POINT('',(-0.0684706817341326,0.012913371957951,-0.0237999946391486));
#3708=CARTESIAN_POINT('',(-0.068415009379454,0.0128619780339592,-0.0237999946391486));
#3709=CARTESIAN_POINT('',(-0.068415009379454,0.0128619780339592,-0.0229999946391486));
#3710=CARTESIAN_POINT('',(-0.0682359573131727,0.0124504825893754,-0.0229999946391486));
#3711=CARTESIAN_POINT('',(-0.0682359573131727,0.0124504825893754,-0.0237999946391486));
#3712=CARTESIAN_POINT('',(-0.0682359573131727,0.0124504825893754,-0.0237999946391486));
#3713=CARTESIAN_POINT('',(-0.068415009379454,0.0128619780339592,-0.0237999946391486));
#3714=CARTESIAN_POINT('',(-0.0683655210956096,0.0127482446167181,-0.0237999946391486));
#3715=CARTESIAN_POINT('',(-0.0683655210956096,0.0127482446167181,-0.0229999946391486));
#3716=CARTESIAN_POINT('',(-0.0683901833506103,0.0124244533694234,-0.0229999946391486));
#3717=CARTESIAN_POINT('',(-0.0683901833506103,0.0124244533694234,-0.0237999946391486));
#3718=CARTESIAN_POINT('',(-0.0683901833506103,0.0124244533694234,-0.0237999946391486));
#3719=CARTESIAN_POINT('',(-0.0683655210956096,0.0127482446167181,-0.0237999946391486));
#3720=CARTESIAN_POINT('',(-0.0683484468037084,0.0129724133422129,-0.0237999946391486));
#3721=CARTESIAN_POINT('',(-0.0683484468037084,0.0129724133422129,-0.0229999946391486));
#3722=CARTESIAN_POINT('',(-0.0685965827182991,0.0124820760715353,-0.0229999946391486));
#3723=CARTESIAN_POINT('',(-0.0685965827182991,0.0124820760715353,-0.0237999946391486));
#3724=CARTESIAN_POINT('',(-0.0685965827182991,0.0124820760715353,-0.0237999946391486));
#3725=CARTESIAN_POINT('',(-0.0683484468037084,0.0129724133422129,-0.0237999946391486));
#3726=CARTESIAN_POINT('',(-0.0678398062052899,0.0139775296035797,-0.0237999946391486));
#3727=CARTESIAN_POINT('',(-0.0678398062052899,0.0139775296035797,-0.0229999946391486));
#3728=CARTESIAN_POINT('',(-0.0688757046920253,0.0126599536921708,-0.0229999946391486));
#3729=CARTESIAN_POINT('',(-0.0688757046920253,0.0126599536921708,-0.0237999946391486));
#3730=CARTESIAN_POINT('',(-0.0688757046920253,0.0126599536921708,-0.0237999946391486));
#3731=CARTESIAN_POINT('',(-0.0678398062052899,0.0139775296035797,-0.0237999946391486));
#3732=CARTESIAN_POINT('',(-0.0706928079016866,0.0103487509553675,-0.0237999946391486));
#3733=CARTESIAN_POINT('',(-0.0706928079016866,0.0103487509553675,-0.0229999946391486));
#3734=CARTESIAN_POINT('',(-0.06948732874689,0.0130302322945752,-0.0229999946391486));
#3735=CARTESIAN_POINT('',(-0.06948732874689,0.0130302322945752,-0.0237999946391486));
#3736=CARTESIAN_POINT('',(-0.06948732874689,0.0130302322945752,-0.0237999946391486));
#3737=CARTESIAN_POINT('',(-0.0706928079016866,0.0103487509553675,-0.0237999946391486));
#3738=CARTESIAN_POINT('',(-0.0698806473629054,0.0121553299580132,-0.0237999946391486));
#3739=CARTESIAN_POINT('',(-0.0698806473629054,0.0121553299580132,-0.0229999946391486));
#3740=CARTESIAN_POINT('',(-0.0700813758163421,0.0130933394037047,-0.0229999946391486));
#3741=CARTESIAN_POINT('',(-0.0700813758163421,0.0130933394037047,-0.0237999946391486));
#3742=CARTESIAN_POINT('',(-0.0700813758163421,0.0130933394037047,-0.0237999946391486));
#3743=CARTESIAN_POINT('',(-0.0698806473629054,0.0121553299580132,-0.0237999946391486));
#3744=CARTESIAN_POINT('',(-0.0697765304359106,0.0116687887661422,-0.0237999946391486));
#3745=CARTESIAN_POINT('',(-0.0697765304359106,0.0116687887661422,-0.0229999946391486));
#3746=CARTESIAN_POINT('',(-0.0706734701511192,0.0128167323066664,-0.0229999946391486));
#3747=CARTESIAN_POINT('',(-0.0706734701511192,0.0128167323066664,-0.0237999946391486));
#3748=CARTESIAN_POINT('',(-0.0706734701511192,0.0128167323066664,-0.0237999946391486));
#3749=CARTESIAN_POINT('',(-0.0697765304359106,0.0116687887661422,-0.0237999946391486));
#3750=CARTESIAN_POINT('',(-0.064055992898906,0.00434738911956351,-0.0237999946391486));
#3751=CARTESIAN_POINT('',(-0.064055992898906,0.00434738911956351,-0.0229999946391486));
#3752=CARTESIAN_POINT('',(-0.0714432029869505,0.0121544312175288,-0.0229999946391486));
#3753=CARTESIAN_POINT('',(-0.0714432029869505,0.0121544312175288,-0.0237999946391486));
#3754=CARTESIAN_POINT('',(-0.0714432029869505,0.0121544312175288,-0.0237999946391486));
#3755=CARTESIAN_POINT('',(-0.064055992898906,0.00434738911956351,-0.0237999946391486));
#3756=CARTESIAN_POINT('',(-0.0583365247475498,-0.00169712946098639,-0.0237999946391486));
#3757=CARTESIAN_POINT('',(-0.0583365247475498,-0.00169712946098639,-0.0229999946391486));
#3758=CARTESIAN_POINT('',(-0.0721332345293107,0.0114672750792747,-0.0229999946391486));
#3759=CARTESIAN_POINT('',(-0.0721332345293107,0.0114672750792747,-0.0237999946391486));
#3760=CARTESIAN_POINT('',(-0.0721332345293107,0.0114672750792747,-0.0237999946391486));
#3761=CARTESIAN_POINT('',(-0.0583365247475498,-0.00169712946098639,-0.0237999946391486));
#3762=CARTESIAN_POINT('',(-0.0716963381250544,0.0110504017015786,-0.0237999946391486));
#3763=CARTESIAN_POINT('',(-0.0716963381250544,0.0110504017015786,-0.0229999946391486));
#3764=CARTESIAN_POINT('',(-0.0722995096948068,0.0110213166791948,-0.0229999946391486));
#3765=CARTESIAN_POINT('',(-0.0722995096948068,0.0110213166791948,-0.0237999946391486));
#3766=CARTESIAN_POINT('',(-0.0722995096948068,0.0110213166791948,-0.0237999946391486));
#3767=CARTESIAN_POINT('',(-0.0716963381250544,0.0110504017015786,-0.0237999946391486));
#3768=CARTESIAN_POINT('',(-0.0717016649152173,0.0110501448429684,-0.0237999946391486));
#3769=CARTESIAN_POINT('',(-0.0717016649152173,0.0110501448429684,-0.0229999946391486));
#3770=CARTESIAN_POINT('',(-0.072089208396432,0.0105940094533342,-0.0229999946391486));
#3771=CARTESIAN_POINT('',(-0.072089208396432,0.0105940094533342,-0.0237999946391486));
#3772=CARTESIAN_POINT('',(-0.072089208396432,0.0105940094533342,-0.0237999946391486));
#3773=CARTESIAN_POINT('',(-0.0717016649152173,0.0110501448429684,-0.0237999946391486));
#3774=CARTESIAN_POINT('',(-0.0601240051259863,0.0246769521949093,-0.0237999946391486));
#3775=CARTESIAN_POINT('',(-0.0601240051259863,0.0246769521949093,-0.0229999946391486));
#3776=CARTESIAN_POINT('',(-0.0713373481758913,0.00998830681112866,-0.0229999946391486));
#3777=CARTESIAN_POINT('',(-0.0713373481758913,0.00998830681112866,-0.0237999946391486));
#3778=CARTESIAN_POINT('',(-0.0713373481758913,0.00998830681112866,-0.0237999946391486));
#3779=CARTESIAN_POINT('',(-0.0601240051259863,0.0246769521949093,-0.0237999946391486));
#3780=CARTESIAN_POINT('',(-0.07089150598978,0.00964794994033744,-0.0237999946391486));
#3781=CARTESIAN_POINT('',(-0.07089150598978,0.00964794994033744,-0.0229999946391486));
#3782=CARTESIAN_POINT('',(-0.0704456638036688,0.00930759306954622,-0.0229999946391486));
#3783=CARTESIAN_POINT('',(-0.0704456638036688,0.00930759306954622,-0.0237999946391486));
#3784=CARTESIAN_POINT('',(-0.0704456638036688,0.00930759306954622,-0.0237999946391486));
#3785=CARTESIAN_POINT('',(-0.07089150598978,0.00964794994033744,-0.0237999946391486));
#3786=CARTESIAN_POINT('',(-0.0700432857500952,0.00945735849915396,-0.0237999946391486));
#3787=CARTESIAN_POINT('',(-0.0700432857500952,0.00945735849915396,-0.0229999946391486));
#3788=CARTESIAN_POINT('',(-0.0696409076965222,0.00960712392876315,-0.0229999946391486));
#3789=CARTESIAN_POINT('',(-0.0696409076965222,0.00960712392876315,-0.0237999946391486));
#3790=CARTESIAN_POINT('',(-0.0696409076965222,0.00960712392876315,-0.0237999946391486));
#3791=CARTESIAN_POINT('',(-0.0700432857500952,0.00945735849915396,-0.0237999946391486));
#3792=CARTESIAN_POINT('',(-0.0675020847581978,0.00386070158606696,-0.0237999946391486));
#3793=CARTESIAN_POINT('',(-0.0675020847581978,0.00386070158606696,-0.0229999946391486));
#3794=CARTESIAN_POINT('',(-0.069283245000554,0.00972784752708383,-0.0229999946391486));
#3795=CARTESIAN_POINT('',(-0.069283245000554,0.00972784752708383,-0.0237999946391486));
#3796=CARTESIAN_POINT('',(-0.069283245000554,0.00972784752708383,-0.0237999946391486));
#3797=CARTESIAN_POINT('',(-0.0675020847581978,0.00386070158606696,-0.0237999946391486));
#3798=CARTESIAN_POINT('',(-0.0690818785107078,0.00906454584570583,-0.0237999946391486));
#3799=CARTESIAN_POINT('',(-0.0690818785107078,0.00906454584570583,-0.0229999946391486));
#3800=CARTESIAN_POINT('',(-0.0691051127402241,0.00975735011411842,-0.0229999946391486));
#3801=CARTESIAN_POINT('',(-0.0691051127402241,0.00975735011411842,-0.0237999946391486));
#3802=CARTESIAN_POINT('',(-0.0691051127402241,0.00975735011411842,-0.0237999946391486));
#3803=CARTESIAN_POINT('',(-0.0690818785107078,0.00906454584570583,-0.0237999946391486));
#3804=CARTESIAN_POINT('',(-0.0690998287412704,0.00959979046589016,-0.0237999946391486));
#3805=CARTESIAN_POINT('',(-0.0690998287412704,0.00959979046589016,-0.0229999946391486));
#3806=CARTESIAN_POINT('',(-0.0690342581755979,0.00974315526041498,-0.0229999946391486));
#3807=CARTESIAN_POINT('',(-0.0690342581755979,0.00974315526041498,-0.0237999946391486));
#3808=CARTESIAN_POINT('',(-0.0690342581755979,0.00974315526041498,-0.0237999946391486));
#3809=CARTESIAN_POINT('',(-0.0690998287412704,0.00959979046589016,-0.0237999946391486));
#3810=CARTESIAN_POINT('',(-0.0691019135108146,0.00959523228411656,-0.0237999946391486));
#3811=CARTESIAN_POINT('',(-0.0691019135108146,0.00959523228411656,-0.0229999946391486));
#3812=CARTESIAN_POINT('',(-0.0689758456502003,0.00969802015217504,-0.0229999946391486));
#3813=CARTESIAN_POINT('',(-0.0689758456502003,0.00969802015217504,-0.0237999946391486));
#3814=CARTESIAN_POINT('',(-0.0689758456502003,0.00969802015217504,-0.0237999946391486));
#3815=CARTESIAN_POINT('',(-0.0691019135108146,0.00959523228411656,-0.0237999946391486));
#3816=CARTESIAN_POINT('',(-0.0692554079174401,0.00947008252160731,-0.0237999946391486));
#3817=CARTESIAN_POINT('',(-0.0692554079174401,0.00947008252160731,-0.0229999946391486));
#3818=CARTESIAN_POINT('',(-0.068928088536086,0.00962164982442384,-0.0229999946391486));
#3819=CARTESIAN_POINT('',(-0.068928088536086,0.00962164982442384,-0.0237999946391486));
#3820=CARTESIAN_POINT('',(-0.068928088536086,0.00962164982442384,-0.0237999946391486));
#3821=CARTESIAN_POINT('',(-0.0692554079174401,0.00947008252160731,-0.0237999946391486));
#3822=CARTESIAN_POINT('',(-0.0690774535989904,0.00968707280311997,-0.0237999946391486));
#3823=CARTESIAN_POINT('',(-0.0690774535989904,0.00968707280311997,-0.0229999946391486));
#3824=CARTESIAN_POINT('',(-0.0689584573994431,0.00957558292621995,-0.0229999946391486));
#3825=CARTESIAN_POINT('',(-0.0689584573994431,0.00957558292621995,-0.0237999946391486));
#3826=CARTESIAN_POINT('',(-0.0689584573994431,0.00957558292621995,-0.0237999946391486));
#3827=CARTESIAN_POINT('',(-0.0690774535989904,0.00968707280311997,-0.0237999946391486));
#3828=CARTESIAN_POINT('',(-0.0720948757870632,0.0125141549249293,-0.0237999946391486));
#3829=CARTESIAN_POINT('',(-0.0720948757870632,0.0125141549249293,-0.0229999946391486));
#3830=CARTESIAN_POINT('',(-0.0691622255003153,0.00937219884798721,-0.0229999946391486));
#3831=CARTESIAN_POINT('',(-0.0691622255003153,0.00937219884798721,-0.0237999946391486));
#3832=CARTESIAN_POINT('',(-0.0691622255003153,0.00937219884798721,-0.0237999946391486));
#3833=CARTESIAN_POINT('',(-0.0720948757870632,0.0125141549249293,-0.0237999946391486));
#3834=CARTESIAN_POINT('',(-0.0621054271602497,0.00181175070027586,-0.0237999946391486));
#3835=CARTESIAN_POINT('',(-0.0621054271602497,0.00181175070027586,-0.0229999946391486));
#3836=CARTESIAN_POINT('',(-0.0693720830479703,0.00917072421673435,-0.0229999946391486));
#3837=CARTESIAN_POINT('',(-0.0693720830479703,0.00917072421673435,-0.0237999946391486));
#3838=CARTESIAN_POINT('',(-0.0693720830479703,0.00917072421673435,-0.0237999946391486));
#3839=CARTESIAN_POINT('',(-0.0621054271602497,0.00181175070027586,-0.0237999946391486));
#3840=CARTESIAN_POINT('',(-0.028587553444457,-0.0321319434574844,-0.0237999946391486));
#3841=CARTESIAN_POINT('',(-0.028587553444457,-0.0321319434574844,-0.0229999946391486));
#3842=CARTESIAN_POINT('',(-0.0696912690728764,0.00885308763343858,-0.0229999946391486));
#3843=CARTESIAN_POINT('',(-0.0696912690728764,0.00885308763343858,-0.0237999946391486));
#3844=CARTESIAN_POINT('',(-0.0696912690728764,0.00885308763343858,-0.0237999946391486));
#3845=CARTESIAN_POINT('',(-0.028587553444457,-0.0321319434574844,-0.0237999946391486));
#3846=CARTESIAN_POINT('',(-0.0235900574649353,-0.0371150094641906,-0.0237999946391486));
#3847=CARTESIAN_POINT('',(-0.0235900574649353,-0.0371150094641906,-0.0229999946391486));
#3848=CARTESIAN_POINT('',(-0.0700488290852848,0.00849168085798847,-0.0229999946391486));
#3849=CARTESIAN_POINT('',(-0.0700488290852848,0.00849168085798847,-0.0237999946391486));
#3850=CARTESIAN_POINT('',(-0.0700488290852848,0.00849168085798847,-0.0237999946391486));
#3851=CARTESIAN_POINT('',(-0.0235900574649353,-0.0371150094641906,-0.0237999946391486));
#3852=CARTESIAN_POINT('',(-0.0262273820120012,-0.0345260550062525,-0.0237999946391486));
#3853=CARTESIAN_POINT('',(-0.0262273820120012,-0.0345260550062525,-0.0229999946391486));
#3854=CARTESIAN_POINT('',(-0.0704004049311024,0.00813058420346994,-0.0229999946391486));
#3855=CARTESIAN_POINT('',(-0.0704004049311024,0.00813058420346994,-0.0237999946391486));
#3856=CARTESIAN_POINT('',(-0.0704004049311024,0.00813058420346994,-0.0237999946391486));
#3857=CARTESIAN_POINT('',(-0.0262273820120012,-0.0345260550062525,-0.0237999946391486));
#3858=CARTESIAN_POINT('',(-0.0914032022904013,0.0284123917444993,-0.0237999946391486));
#3859=CARTESIAN_POINT('',(-0.0914032022904013,0.0284123917444993,-0.0229999946391486));
#3860=CARTESIAN_POINT('',(-0.0708733722909976,0.00765196558695827,-0.0229999946391486));
#3861=CARTESIAN_POINT('',(-0.0708733722909976,0.00765196558695827,-0.0237999946391486));
#3862=CARTESIAN_POINT('',(-0.0708733722909976,0.00765196558695827,-0.0237999946391486));
#3863=CARTESIAN_POINT('',(-0.0914032022904013,0.0284123917444993,-0.0237999946391486));
#3864=CARTESIAN_POINT('',(-0.0721212851282575,0.00891389529167239,-0.0237999946391486));
#3865=CARTESIAN_POINT('',(-0.0721212851282575,0.00891389529167239,-0.0229999946391486));
#3866=CARTESIAN_POINT('',(-0.0710984389896587,0.00746353712701393,-0.0229999946391486));
#3867=CARTESIAN_POINT('',(-0.0710984389896587,0.00746353712701393,-0.0237999946391486));
#3868=CARTESIAN_POINT('',(-0.0710984389896587,0.00746353712701393,-0.0237999946391486));
#3869=CARTESIAN_POINT('',(-0.0721212851282575,0.00891389529167239,-0.0237999946391486));
#3870=CARTESIAN_POINT('',(-0.0712410379265917,0.00766573716927607,-0.0237999946391486));
#3871=CARTESIAN_POINT('',(-0.0712410379265917,0.00766573716927607,-0.0229999946391486));
#3872=CARTESIAN_POINT('',(-0.0711932280635192,0.00742297487628517,-0.0229999946391486));
#3873=CARTESIAN_POINT('',(-0.0711932280635192,0.00742297487628517,-0.0237999946391486));
#3874=CARTESIAN_POINT('',(-0.0711932280635192,0.00742297487628517,-0.0237999946391486));
#3875=CARTESIAN_POINT('',(-0.0712410379265917,0.00766573716927607,-0.0237999946391486));
#3876=CARTESIAN_POINT('',(-0.0711945137397677,0.00742950310485742,-0.0237999946391486));
#3877=CARTESIAN_POINT('',(-0.0711945137397677,0.00742950310485742,-0.0229999946391486));
#3878=CARTESIAN_POINT('',(-0.0711980076394512,0.00742384064985019,-0.0229999946391486));
#3879=CARTESIAN_POINT('',(-0.0711980076394512,0.00742384064985019,-0.0237999946391486));
#3880=CARTESIAN_POINT('',(-0.0711980076394512,0.00742384064985019,-0.0237999946391486));
#3881=CARTESIAN_POINT('',(-0.0711945137397677,0.00742950310485742,-0.0237999946391486));
#3882=CARTESIAN_POINT('',(-0.0710464266023303,0.0076695033420867,-0.0237999946391486));
#3883=CARTESIAN_POINT('',(-0.0710464266023303,0.0076695033420867,-0.0229999946391486));
#3884=CARTESIAN_POINT('',(-0.0712944169190229,0.00752176109359518,-0.0229999946391486));
#3885=CARTESIAN_POINT('',(-0.0712944169190229,0.00752176109359518,-0.0237999946391486));
#3886=CARTESIAN_POINT('',(-0.0712944169190229,0.00752176109359518,-0.0237999946391486));
#3887=CARTESIAN_POINT('',(-0.0710464266023303,0.0076695033420867,-0.0237999946391486));
#3888=CARTESIAN_POINT('',(-0.0710136901803144,0.00768900633180297,-0.0237999946391486));
#3889=CARTESIAN_POINT('',(-0.0710136901803144,0.00768900633180297,-0.0229999946391486));
#3890=CARTESIAN_POINT('',(-0.0713393379327406,0.00766195059546962,-0.0229999946391486));
#3891=CARTESIAN_POINT('',(-0.0713393379327406,0.00766195059546962,-0.0237999946391486));
#3892=CARTESIAN_POINT('',(-0.0713393379327406,0.00766195059546962,-0.0237999946391486));
#3893=CARTESIAN_POINT('',(-0.0710136901803144,0.00768900633180297,-0.0237999946391486));
#3894=CARTESIAN_POINT('',(-0.0709639959310743,0.00769313507058504,-0.0237999946391486));
#3895=CARTESIAN_POINT('',(-0.0709639959310743,0.00769313507058504,-0.0229999946391486));
#3896=CARTESIAN_POINT('',(-0.071318006405914,0.00782170673700711,-0.0229999946391486));
#3897=CARTESIAN_POINT('',(-0.071318006405914,0.00782170673700711,-0.0237999946391486));
#3898=CARTESIAN_POINT('',(-0.071318006405914,0.00782170673700711,-0.0237999946391486));
#3899=CARTESIAN_POINT('',(-0.0709639959310743,0.00769313507058504,-0.0237999946391486));
#3900=CARTESIAN_POINT('',(-0.0709008793169347,0.00767021199673391,-0.0237999946391486));
#3901=CARTESIAN_POINT('',(-0.0709008793169347,0.00767021199673391,-0.0229999946391486));
#3902=CARTESIAN_POINT('',(-0.0712269626657374,0.00797123577374237,-0.0229999946391486));
#3903=CARTESIAN_POINT('',(-0.0712269626657374,0.00797123577374237,-0.0237999946391486));
#3904=CARTESIAN_POINT('',(-0.0712269626657374,0.00797123577374237,-0.0237999946391486));
#3905=CARTESIAN_POINT('',(-0.0709008793169347,0.00767021199673391,-0.0237999946391486));
#3906=CARTESIAN_POINT('',(-0.0718036299740984,0.00850358608196132,-0.0237999946391486));
#3907=CARTESIAN_POINT('',(-0.0718036299740984,0.00850358608196132,-0.0229999946391486));
#3908=CARTESIAN_POINT('',(-0.0710417883069391,0.00831506735776214,-0.0229999946391486));
#3909=CARTESIAN_POINT('',(-0.0710417883069391,0.00831506735776214,-0.0237999946391486));
#3910=CARTESIAN_POINT('',(-0.0710417883069391,0.00831506735776214,-0.0237999946391486));
#3911=CARTESIAN_POINT('',(-0.0718036299740984,0.00850358608196132,-0.0237999946391486));
#3912=CARTESIAN_POINT('',(-0.0716415996700354,0.00846349146976004,-0.0237999946391486));
#3913=CARTESIAN_POINT('',(-0.0716415996700354,0.00846349146976004,-0.0229999946391486));
#3914=CARTESIAN_POINT('',(-0.0710734706570857,0.00870645816082368,-0.0229999946391486));
#3915=CARTESIAN_POINT('',(-0.0710734706570857,0.00870645816082368,-0.0237999946391486));
#3916=CARTESIAN_POINT('',(-0.0710734706570857,0.00870645816082368,-0.0237999946391486));
#3917=CARTESIAN_POINT('',(-0.0716415996700354,0.00846349146976004,-0.0237999946391486));
#3918=CARTESIAN_POINT('',(-0.0725187370228244,0.00808837392540354,-0.0237999946391486));
#3919=CARTESIAN_POINT('',(-0.0725187370228244,0.00808837392540354,-0.0229999946391486));
#3920=CARTESIAN_POINT('',(-0.0713193473554524,0.00910438938582318,-0.0229999946391486));
#3921=CARTESIAN_POINT('',(-0.0713193473554524,0.00910438938582318,-0.0237999946391486));
#3922=CARTESIAN_POINT('',(-0.0713193473554524,0.00910438938582318,-0.0237999946391486));
#3923=CARTESIAN_POINT('',(-0.0725187370228244,0.00808837392540354,-0.0237999946391486));
#3924=CARTESIAN_POINT('',(-0.083724398970286,-0.00140405884484301,-0.0237999946391486));
#3925=CARTESIAN_POINT('',(-0.083724398970286,-0.00140405884484301,-0.0229999946391486));
#3926=CARTESIAN_POINT('',(-0.071851715784386,0.00970234398191184,-0.0229999946391486));
#3927=CARTESIAN_POINT('',(-0.071851715784386,0.00970234398191184,-0.0237999946391486));
#3928=CARTESIAN_POINT('',(-0.071851715784386,0.00970234398191184,-0.0237999946391486));
#3929=CARTESIAN_POINT('',(-0.083724398970286,-0.00140405884484301,-0.0237999946391486));
#3930=CARTESIAN_POINT('',(-0.0849213361043399,-0.00252374390347316,-0.0237999946391486));
#3931=CARTESIAN_POINT('',(-0.0849213361043399,-0.00252374390347316,-0.0229999946391486));
#3932=CARTESIAN_POINT('',(-0.072229358918848,0.0100939387447741,-0.0229999946391486));
#3933=CARTESIAN_POINT('',(-0.072229358918848,0.0100939387447741,-0.0237999946391486));
#3934=CARTESIAN_POINT('',(-0.072229358918848,0.0100939387447741,-0.0237999946391486));
#3935=CARTESIAN_POINT('',(-0.0849213361043399,-0.00252374390347316,-0.0237999946391486));
#3936=CARTESIAN_POINT('',(-0.074491728123671,0.00784481268329184,-0.0237999946391486));
#3937=CARTESIAN_POINT('',(-0.074491728123671,0.00784481268329184,-0.0229999946391486));
#3938=CARTESIAN_POINT('',(-0.0724979817816528,0.0103351656669228,-0.0229999946391486));
#3939=CARTESIAN_POINT('',(-0.0724979817816528,0.0103351656669228,-0.0237999946391486));
#3940=CARTESIAN_POINT('',(-0.0724979817816528,0.0103351656669228,-0.0237999946391486));
#3941=CARTESIAN_POINT('',(-0.074491728123671,0.00784481268329184,-0.0237999946391486));
#3942=CARTESIAN_POINT('',(-0.0733744714116899,0.00924035810826632,-0.0237999946391486));
#3943=CARTESIAN_POINT('',(-0.0733744714116899,0.00924035810826632,-0.0229999946391486));
#3944=CARTESIAN_POINT('',(-0.072706317848427,0.0104734065574171,-0.0229999946391486));
#3945=CARTESIAN_POINT('',(-0.072706317848427,0.0104734065574171,-0.0237999946391486));
#3946=CARTESIAN_POINT('',(-0.072706317848427,0.0104734065574171,-0.0237999946391486));
#3947=CARTESIAN_POINT('',(-0.0733744714116899,0.00924035810826632,-0.0237999946391486));
#3948=CARTESIAN_POINT('',(-0.072856338971078,0.0101965490761498,-0.0237999946391486));
#3949=CARTESIAN_POINT('',(-0.072856338971078,0.0101965490761498,-0.0229999946391486));
#3950=CARTESIAN_POINT('',(-0.073007691472986,0.0104726809691671,-0.0229999946391486));
#3951=CARTESIAN_POINT('',(-0.073007691472986,0.0104726809691671,-0.0237999946391486));
#3952=CARTESIAN_POINT('',(-0.073007691472986,0.0104726809691671,-0.0237999946391486));
#3953=CARTESIAN_POINT('',(-0.072856338971078,0.0101965490761498,-0.0237999946391486));
#3954=CARTESIAN_POINT('',(-0.0726680150724815,0.00985296549501104,-0.0237999946391486));
#3955=CARTESIAN_POINT('',(-0.0726680150724815,0.00985296549501104,-0.0229999946391486));
#3956=CARTESIAN_POINT('',(-0.0731416993847451,0.0103774180651099,-0.0229999946391486));
#3957=CARTESIAN_POINT('',(-0.0731416993847451,0.0103774180651099,-0.0237999946391486));
#3958=CARTESIAN_POINT('',(-0.0731416993847451,0.0103774180651099,-0.0237999946391486));
#3959=CARTESIAN_POINT('',(-0.0726680150724815,0.00985296549501104,-0.0237999946391486));
#3960=CARTESIAN_POINT('',(-0.0499730523097102,-0.0152743846009903,-0.0237999946391486));
#3961=CARTESIAN_POINT('',(-0.0499730523097102,-0.0152743846009903,-0.0229999946391486));
#3962=CARTESIAN_POINT('',(-0.0734323943208539,0.0101118411861683,-0.0229999946391486));
#3963=CARTESIAN_POINT('',(-0.0734323943208539,0.0101118411861683,-0.0237999946391486));
#3964=CARTESIAN_POINT('',(-0.0734323943208539,0.0101118411861683,-0.0237999946391486));
#3965=CARTESIAN_POINT('',(-0.0499730523097102,-0.0152743846009903,-0.0237999946391486));
#3966=CARTESIAN_POINT('',(-0.0560854363812432,-0.00865994664855199,-0.0237999946391486));
#3967=CARTESIAN_POINT('',(-0.0560854363812432,-0.00865994664855199,-0.0229999946391486));
#3968=CARTESIAN_POINT('',(-0.0737742038586458,0.00979010683104146,-0.0229999946391486));
#3969=CARTESIAN_POINT('',(-0.0737742038586458,0.00979010683104146,-0.0237999946391486));
#3970=CARTESIAN_POINT('',(-0.0737742038586458,0.00979010683104146,-0.0237999946391486));
#3971=CARTESIAN_POINT('',(-0.0560854363812432,-0.00865994664855199,-0.0237999946391486));
#3972=CARTESIAN_POINT('',(-0.0462961340109725,-0.0188705592585119,-0.0237999946391486));
#3973=CARTESIAN_POINT('',(-0.0462961340109725,-0.0188705592585119,-0.0229999946391486));
#3974=CARTESIAN_POINT('',(-0.0741495666292674,0.00942545450013243,-0.0229999946391486));
#3975=CARTESIAN_POINT('',(-0.0741495666292674,0.00942545450013243,-0.0237999946391486));
#3976=CARTESIAN_POINT('',(-0.0741495666292674,0.00942545450013243,-0.0237999946391486));
#3977=CARTESIAN_POINT('',(-0.0462961340109725,-0.0188705592585119,-0.0237999946391486));
#3978=CARTESIAN_POINT('',(-0.0591486929381213,-0.00581377774004513,-0.0237999946391486));
#3979=CARTESIAN_POINT('',(-0.0591486929381213,-0.00581377774004513,-0.0229999946391486));
#3980=CARTESIAN_POINT('',(-0.0749763825309721,0.00856484016711708,-0.0229999946391486));
#3981=CARTESIAN_POINT('',(-0.0749763825309721,0.00856484016711708,-0.0237999946391486));
#3982=CARTESIAN_POINT('',(-0.0749763825309721,0.00856484016711708,-0.0237999946391486));
#3983=CARTESIAN_POINT('',(-0.0591486929381213,-0.00581377774004513,-0.0237999946391486));
#3984=CARTESIAN_POINT('',(-0.0743461848467014,0.00799233894039351,-0.0237999946391486));
#3985=CARTESIAN_POINT('',(-0.0743461848467014,0.00799233894039351,-0.0229999946391486));
#3986=CARTESIAN_POINT('',(-0.0751966553537601,0.00803242250915047,-0.0229999946391486));
#3987=CARTESIAN_POINT('',(-0.0751966553537601,0.00803242250915047,-0.0237999946391486));
#3988=CARTESIAN_POINT('',(-0.0751966553537601,0.00803242250915047,-0.0237999946391486));
#3989=CARTESIAN_POINT('',(-0.0743461848467014,0.00799233894039351,-0.0237999946391486));
#3990=CARTESIAN_POINT('',(-0.0744577797892309,0.00799759852731003,-0.0237999946391486));
#3991=CARTESIAN_POINT('',(-0.0744577797892309,0.00799759852731003,-0.0229999946391486));
#3992=CARTESIAN_POINT('',(-0.0750003337848872,0.00749482126910739,-0.0229999946391486));
#3993=CARTESIAN_POINT('',(-0.0750003337848872,0.00749482126910739,-0.0237999946391486));
#3994=CARTESIAN_POINT('',(-0.0750003337848872,0.00749482126910739,-0.0237999946391486));
#3995=CARTESIAN_POINT('',(-0.0744577797892309,0.00799759852731003,-0.0237999946391486));
#3996=CARTESIAN_POINT('',(-0.0651219886676191,0.0166489465974653,-0.0237999946391486));
#3997=CARTESIAN_POINT('',(-0.0651219886676191,0.0166489465974653,-0.0229999946391486));
#3998=CARTESIAN_POINT('',(-0.0742572850334189,0.00675318623803797,-0.0229999946391486));
#3999=CARTESIAN_POINT('',(-0.0742572850334189,0.00675318623803797,-0.0237999946391486));
#4000=CARTESIAN_POINT('',(-0.0742572850334189,0.00675318623803797,-0.0237999946391486));
#4001=CARTESIAN_POINT('',(-0.0651219886676191,0.0166489465974653,-0.0237999946391486));
#4002=CARTESIAN_POINT('',(-0.0500484382183609,0.0329772885623776,-0.0237999946391486));
#4003=CARTESIAN_POINT('',(-0.0500484382183609,0.0329772885623776,-0.0229999946391486));
#4004=CARTESIAN_POINT('',(-0.0736590000955209,0.00621326093802252,-0.0229999946391486));
#4005=CARTESIAN_POINT('',(-0.0736590000955209,0.00621326093802252,-0.0237999946391486));
#4006=CARTESIAN_POINT('',(-0.0736590000955209,0.00621326093802252,-0.0237999946391486));
#4007=CARTESIAN_POINT('',(-0.0500484382183609,0.0329772885623776,-0.0237999946391486));
#4008=CARTESIAN_POINT('',(-0.0723579377259677,0.00768809535242137,-0.0237999946391486));
#4009=CARTESIAN_POINT('',(-0.0723579377259677,0.00768809535242137,-0.0229999946391486));
#4010=CARTESIAN_POINT('',(-0.073339958748299,0.00598411925192526,-0.0229999946391486));
#4011=CARTESIAN_POINT('',(-0.073339958748299,0.00598411925192526,-0.0237999946391486));
#4012=CARTESIAN_POINT('',(-0.073339958748299,0.00598411925192526,-0.0237999946391486));
#4013=CARTESIAN_POINT('',(-0.0723579377259677,0.00768809535242137,-0.0237999946391486));
#4014=CARTESIAN_POINT('',(-0.0729111834211069,0.00672811850795272,-0.0237999946391486));
#4015=CARTESIAN_POINT('',(-0.0729111834211069,0.00672811850795272,-0.0229999946391486));
#4016=CARTESIAN_POINT('',(-0.0730225736678101,0.00587666364296192,-0.0229999946391486));
#4017=CARTESIAN_POINT('',(-0.0730225736678101,0.00587666364296192,-0.0237999946391486));
#4018=CARTESIAN_POINT('',(-0.0730225736678101,0.00587666364296192,-0.0237999946391486));
#4019=CARTESIAN_POINT('',(-0.0729111834211069,0.00672811850795272,-0.0237999946391486));
#4020=CARTESIAN_POINT('',(-0.0727898217776228,0.00765579363953908,-0.0237999946391486));
#4021=CARTESIAN_POINT('',(-0.0727898217776228,0.00765579363953908,-0.0229999946391486));
#4022=CARTESIAN_POINT('',(-0.072659240933572,0.00586626140169775,-0.0229999946391486));
#4023=CARTESIAN_POINT('',(-0.072659240933572,0.00586626140169775,-0.0237999946391486));
#4024=CARTESIAN_POINT('',(-0.072659240933572,0.00586626140169775,-0.0237999946391486));
#4025=CARTESIAN_POINT('',(-0.0727898217776228,0.00765579363953908,-0.0237999946391486));
#4026=CARTESIAN_POINT('',(-0.0728589318720142,0.00860290607990297,-0.0237999946391486));
#4027=CARTESIAN_POINT('',(-0.0728589318720142,0.00860290607990297,-0.0229999946391486));
#4028=CARTESIAN_POINT('',(-0.0724316610933617,0.0058924558871598,-0.0229999946391486));
#4029=CARTESIAN_POINT('',(-0.0724316610933617,0.0058924558871598,-0.0237999946391486));
#4030=CARTESIAN_POINT('',(-0.0724316610933617,0.0058924558871598,-0.0237999946391486));
#4031=CARTESIAN_POINT('',(-0.0728589318720142,0.00860290607990297,-0.0237999946391486));
#4032=CARTESIAN_POINT('',(-0.0729286548581684,0.00904520330850453,-0.0237999946391486));
#4033=CARTESIAN_POINT('',(-0.0729286548581684,0.00904520330850453,-0.0229999946391486));
#4034=CARTESIAN_POINT('',(-0.0722001222643453,0.00593778325887525,-0.0229999946391486));
#4035=CARTESIAN_POINT('',(-0.0722001222643453,0.00593778325887525,-0.0237999946391486));
#4036=CARTESIAN_POINT('',(-0.0722001222643453,0.00593778325887525,-0.0237999946391486));
#4037=CARTESIAN_POINT('',(-0.0729286548581684,0.00904520330850453,-0.0237999946391486));
#4038=CARTESIAN_POINT('',(-0.0728497431878223,0.00870862028028753,-0.0237999946391486));
#4039=CARTESIAN_POINT('',(-0.0728497431878223,0.00870862028028753,-0.0229999946391486));
#4040=CARTESIAN_POINT('',(-0.0719928934715171,0.00599470176509165,-0.0229999946391486));
#4041=CARTESIAN_POINT('',(-0.0719928934715171,0.00599470176509165,-0.0237999946391486));
#4042=CARTESIAN_POINT('',(-0.0719928934715171,0.00599470176509165,-0.0237999946391486));
#4043=CARTESIAN_POINT('',(-0.0728497431878223,0.00870862028028753,-0.0237999946391486));
#4044=CARTESIAN_POINT('',(-0.0722548966023294,0.00682454991024433,-0.0237999946391486));
#4045=CARTESIAN_POINT('',(-0.0722548966023294,0.00682454991024433,-0.0229999946391486));
#4046=CARTESIAN_POINT('',(-0.0718259517477174,0.00606738421089543,-0.0229999946391486));
#4047=CARTESIAN_POINT('',(-0.0718259517477174,0.00606738421089543,-0.0237999946391486));
#4048=CARTESIAN_POINT('',(-0.0718259517477174,0.00606738421089543,-0.0237999946391486));
#4049=CARTESIAN_POINT('',(-0.0722548966023294,0.00682454991024433,-0.0237999946391486));
#4050=CARTESIAN_POINT('',(-0.0715140819907714,0.00551687735649493,-0.0237999946391486));
#4051=CARTESIAN_POINT('',(-0.0715140819907714,0.00551687735649493,-0.0229999946391486));
#4052=CARTESIAN_POINT('',(-0.0717319843831052,0.00611087995703974,-0.0229999946391486));
#4053=CARTESIAN_POINT('',(-0.0717319843831052,0.00611087995703974,-0.0237999946391486));
#4054=CARTESIAN_POINT('',(-0.0717319843831052,0.00611087995703974,-0.0237999946391486));
#4055=CARTESIAN_POINT('',(-0.0715140819907714,0.00551687735649493,-0.0237999946391486));
#4056=CARTESIAN_POINT('',(-0.0708868029233364,0.00380691266389496,-0.0237999946391486));
#4057=CARTESIAN_POINT('',(-0.0708868029233364,0.00380691266389496,-0.0229999946391486));
#4058=CARTESIAN_POINT('',(-0.0715709746417256,0.00616371262306878,-0.0229999946391486));
#4059=CARTESIAN_POINT('',(-0.0715709746417256,0.00616371262306878,-0.0237999946391486));
#4060=CARTESIAN_POINT('',(-0.0715709746417256,0.00616371262306878,-0.0237999946391486));
#4061=CARTESIAN_POINT('',(-0.0708868029233364,0.00380691266389496,-0.0237999946391486));
#4062=CARTESIAN_POINT('',(-0.0708148972393645,0.00355921561870149,-0.0237999946391486));
#4063=CARTESIAN_POINT('',(-0.0708148972393645,0.00355921561870149,-0.0229999946391486));
#4064=CARTESIAN_POINT('',(-0.0713928147623339,0.00620894560887139,-0.0229999946391486));
#4065=CARTESIAN_POINT('',(-0.0713928147623339,0.00620894560887139,-0.0237999946391486));
#4066=CARTESIAN_POINT('',(-0.0713928147623339,0.00620894560887139,-0.0237999946391486));
#4067=CARTESIAN_POINT('',(-0.0708148972393645,0.00355921561870149,-0.0237999946391486));
#4068=CARTESIAN_POINT('',(-0.0709746409423274,0.0042916344564388,-0.0237999946391486));
#4069=CARTESIAN_POINT('',(-0.0709746409423274,0.0042916344564388,-0.0229999946391486));
#4070=CARTESIAN_POINT('',(-0.0712289923614057,0.00623746506434809,-0.0229999946391486));
#4071=CARTESIAN_POINT('',(-0.0712289923614057,0.00623746506434809,-0.0237999946391486));
#4072=CARTESIAN_POINT('',(-0.0712289923614057,0.00623746506434809,-0.0237999946391486));
#4073=CARTESIAN_POINT('',(-0.0709746409423274,0.0042916344564388,-0.0237999946391486));
#4074=CARTESIAN_POINT('',(-0.0709857681883694,0.00437675973707905,-0.0237999946391486));
#4075=CARTESIAN_POINT('',(-0.0709857681883694,0.00437675973707905,-0.0229999946391486));
#4076=CARTESIAN_POINT('',(-0.0710304156283923,0.00625276318040638,-0.0229999946391486));
#4077=CARTESIAN_POINT('',(-0.0710304156283923,0.00625276318040638,-0.0237999946391486));
#4078=CARTESIAN_POINT('',(-0.0710304156283923,0.00625276318040638,-0.0237999946391486));
#4079=CARTESIAN_POINT('',(-0.0709857681883694,0.00437675973707905,-0.0237999946391486));
#4080=CARTESIAN_POINT('',(-0.0710274204747871,0.00612691232593998,-0.0237999946391486));
#4081=CARTESIAN_POINT('',(-0.0710274204747871,0.00612691232593998,-0.0229999946391486));
#4082=CARTESIAN_POINT('',(-0.0709840405705294,0.00624508843359982,-0.0229999946391486));
#4083=CARTESIAN_POINT('',(-0.0709840405705294,0.00624508843359982,-0.0237999946391486));
#4084=CARTESIAN_POINT('',(-0.0709840405705294,0.00624508843359982,-0.0237999946391486));
#4085=CARTESIAN_POINT('',(-0.0710274204747871,0.00612691232593998,-0.0237999946391486));
#4086=CARTESIAN_POINT('',(-0.0711830485395565,0.00612364107092093,-0.0237999946391486));
#4087=CARTESIAN_POINT('',(-0.0711830485395565,0.00612364107092093,-0.0229999946391486));
#4088=CARTESIAN_POINT('',(-0.0709572963406686,0.00618186115624759,-0.0229999946391486));
#4089=CARTESIAN_POINT('',(-0.0709572963406686,0.00618186115624759,-0.0237999946391486));
#4090=CARTESIAN_POINT('',(-0.0709572963406686,0.00618186115624759,-0.0237999946391486));
#4091=CARTESIAN_POINT('',(-0.0711830485395565,0.00612364107092093,-0.0237999946391486));
#4092=CARTESIAN_POINT('',(-0.0710739926421562,0.00615176590728264,-0.0237999946391486));
#4093=CARTESIAN_POINT('',(-0.0710739926421562,0.00615176590728264,-0.0229999946391486));
#4094=CARTESIAN_POINT('',(-0.0709581660852208,0.00611847988169221,-0.0229999946391486));
#4095=CARTESIAN_POINT('',(-0.0709581660852208,0.00611847988169221,-0.0237999946391486));
#4096=CARTESIAN_POINT('',(-0.0709581660852208,0.00611847988169221,-0.0237999946391486));
#4097=CARTESIAN_POINT('',(-0.0710739926421562,0.00615176590728264,-0.0237999946391486));
#4098=CARTESIAN_POINT('',(-0.0713939096589734,0.00624370307860466,-0.0237999946391486));
#4099=CARTESIAN_POINT('',(-0.0713939096589734,0.00624370307860466,-0.0229999946391486));
#4100=CARTESIAN_POINT('',(-0.0710177601790401,0.00599059266819538,-0.0229999946391486));
#4101=CARTESIAN_POINT('',(-0.0710177601790401,0.00599059266819538,-0.0237999946391486));
#4102=CARTESIAN_POINT('',(-0.0710177601790401,0.00599059266819538,-0.0237999946391486));
#4103=CARTESIAN_POINT('',(-0.0713939096589734,0.00624370307860466,-0.0237999946391486));
#4104=CARTESIAN_POINT('',(-0.0725000035508042,0.00698799196865517,-0.0237999946391486));
#4105=CARTESIAN_POINT('',(-0.0725000035508042,0.00698799196865517,-0.0229999946391486));
#4106=CARTESIAN_POINT('',(-0.0711947233651128,0.00576811721502846,-0.0229999946391486));
#4107=CARTESIAN_POINT('',(-0.0711947233651128,0.00576811721502846,-0.0237999946391486));
#4108=CARTESIAN_POINT('',(-0.0711947233651128,0.00576811721502846,-0.0237999946391486));
#4109=CARTESIAN_POINT('',(-0.0725000035508042,0.00698799196865517,-0.0237999946391486));
#4110=CARTESIAN_POINT('',(-0.0841649542278639,0.0178896964373439,-0.0237999946391486));
#4111=CARTESIAN_POINT('',(-0.0841649542278639,0.0178896964373439,-0.0229999946391486));
#4112=CARTESIAN_POINT('',(-0.0715836649181394,0.00536489181687378,-0.0229999946391486));
#4113=CARTESIAN_POINT('',(-0.0715836649181394,0.00536489181687378,-0.0237999946391486));
#4114=CARTESIAN_POINT('',(-0.0715836649181394,0.00536489181687378,-0.0237999946391486));
#4115=CARTESIAN_POINT('',(-0.0841649542278639,0.0178896964373439,-0.0237999946391486));
#4116=CARTESIAN_POINT('',(-0.0763729676404304,0.0101326925873897,-0.0237999946391486));
#4117=CARTESIAN_POINT('',(-0.0763729676404304,0.0101326925873897,-0.0229999946391486));
#4118=CARTESIAN_POINT('',(-0.0721631944346429,0.00484618577202372,-0.0229999946391486));
#4119=CARTESIAN_POINT('',(-0.0721631944346429,0.00484618577202372,-0.0237999946391486));
#4120=CARTESIAN_POINT('',(-0.0721631944346429,0.00484618577202372,-0.0237999946391486));
#4121=CARTESIAN_POINT('',(-0.0763729676404304,0.0101326925873897,-0.0237999946391486));
#4122=CARTESIAN_POINT('',(-0.0726469486043661,0.00545366973616876,-0.0237999946391486));
#4123=CARTESIAN_POINT('',(-0.0726469486043661,0.00545366973616876,-0.0229999946391486));
#4124=CARTESIAN_POINT('',(-0.0725061959655691,0.00468996589429679,-0.0229999946391486));
#4125=CARTESIAN_POINT('',(-0.0725061959655691,0.00468996589429679,-0.0237999946391486));
#4126=CARTESIAN_POINT('',(-0.0725061959655691,0.00468996589429679,-0.0237999946391486));
#4127=CARTESIAN_POINT('',(-0.0726469486043661,0.00545366973616876,-0.0237999946391486));
#4128=CARTESIAN_POINT('',(-0.0725834887199235,0.00510934540969208,-0.0237999946391486));
#4129=CARTESIAN_POINT('',(-0.0725834887199235,0.00510934540969208,-0.0229999946391486));
#4130=CARTESIAN_POINT('',(-0.0727786917351061,0.00473020278392642,-0.0229999946391486));
#4131=CARTESIAN_POINT('',(-0.0727786917351061,0.00473020278392642,-0.0237999946391486));
#4132=CARTESIAN_POINT('',(-0.0727786917351061,0.00473020278392642,-0.0237999946391486));
#4133=CARTESIAN_POINT('',(-0.0725834887199235,0.00510934540969208,-0.0237999946391486));
#4134=CARTESIAN_POINT('',(-0.0718622122900585,0.00651027991506371,-0.0237999946391486));
#4135=CARTESIAN_POINT('',(-0.0718622122900585,0.00651027991506371,-0.0229999946391486));
#4136=CARTESIAN_POINT('',(-0.073202743204919,0.00502313969561727,-0.0229999946391486));
#4137=CARTESIAN_POINT('',(-0.073202743204919,0.00502313969561727,-0.0237999946391486));
#4138=CARTESIAN_POINT('',(-0.073202743204919,0.00502313969561727,-0.0237999946391486));
#4139=CARTESIAN_POINT('',(-0.0718622122900585,0.00651027991506371,-0.0237999946391486));
#4140=CARTESIAN_POINT('',(0.0104457829113959,0.0978200204732135,-0.0237999946391486));
#4141=CARTESIAN_POINT('',(0.0104457829113959,0.0978200204732135,-0.0229999946391486));
#4142=CARTESIAN_POINT('',(-0.0739560529309511,0.00570776770559655,-0.0229999946391486));
#4143=CARTESIAN_POINT('',(-0.0739560529309511,0.00570776770559655,-0.0237999946391486));
#4144=CARTESIAN_POINT('',(-0.0739560529309511,0.00570776770559655,-0.0237999946391486));
#4145=CARTESIAN_POINT('',(0.0104457829113959,0.0978200204732135,-0.0237999946391486));
#4146=CARTESIAN_POINT('',(-0.0436962878694196,0.0387318731675034,-0.0237999946391486));
#4147=CARTESIAN_POINT('',(-0.0436962878694196,0.0387318731675034,-0.0229999946391486));
#4148=CARTESIAN_POINT('',(-0.0745286850626148,0.00624174841459995,-0.0229999946391486));
#4149=CARTESIAN_POINT('',(-0.0745286850626148,0.00624174841459995,-0.0237999946391486));
#4150=CARTESIAN_POINT('',(-0.0745286850626148,0.00624174841459995,-0.0237999946391486));
#4151=CARTESIAN_POINT('',(-0.0436962878694196,0.0387318731675034,-0.0237999946391486));
#4152=CARTESIAN_POINT('',(-0.0384627768359182,0.0442467679487523,-0.0237999946391486));
#4153=CARTESIAN_POINT('',(-0.0384627768359182,0.0442467679487523,-0.0229999946391486));
#4154=CARTESIAN_POINT('',(-0.0751259645570109,0.00681760936703028,-0.0229999946391486));
#4155=CARTESIAN_POINT('',(-0.0751259645570109,0.00681760936703028,-0.0237999946391486));
#4156=CARTESIAN_POINT('',(-0.0751259645570109,0.00681760936703028,-0.0237999946391486));
#4157=CARTESIAN_POINT('',(-0.0384627768359182,0.0442467679487523,-0.0237999946391486));
#4158=CARTESIAN_POINT('',(0.074816817997138,0.159893011023261,-0.0237999946391486));
#4159=CARTESIAN_POINT('',(0.074816817997138,0.159893011023261,-0.0229999946391486));
#4160=CARTESIAN_POINT('',(-0.0759765874723472,0.00765548115887588,-0.0229999946391486));
#4161=CARTESIAN_POINT('',(-0.0759765874723472,0.00765548115887588,-0.0237999946391486));
#4162=CARTESIAN_POINT('',(-0.0759765874723472,0.00765548115887588,-0.0237999946391486));
#4163=CARTESIAN_POINT('',(0.074816817997138,0.159893011023261,-0.0237999946391486));
#4164=CARTESIAN_POINT('',(-0.100627952873191,-0.017231966436893,-0.0237999946391486));
#4165=CARTESIAN_POINT('',(-0.100627952873191,-0.017231966436893,-0.0229999946391486));
#4166=CARTESIAN_POINT('',(-0.0765287806567261,0.00819055826950127,-0.0229999946391486));
#4167=CARTESIAN_POINT('',(-0.0765287806567261,0.00819055826950127,-0.0237999946391486));
#4168=CARTESIAN_POINT('',(-0.0765287806567261,0.00819055826950127,-0.0237999946391486));
#4169=CARTESIAN_POINT('',(-0.100627952873191,-0.017231966436893,-0.0237999946391486));
#4170=CARTESIAN_POINT('',(-0.0925016846965813,-0.00865946230127275,-0.0237999946391486));
#4171=CARTESIAN_POINT('',(-0.0925016846965813,-0.00865946230127275,-0.0229999946391486));
#4172=CARTESIAN_POINT('',(-0.0770401696806105,0.00866099987826506,-0.0229999946391486));
#4173=CARTESIAN_POINT('',(-0.0770401696806105,0.00866099987826506,-0.0237999946391486));
#4174=CARTESIAN_POINT('',(-0.0770401696806105,0.00866099987826506,-0.0237999946391486));
#4175=CARTESIAN_POINT('',(-0.0925016846965813,-0.00865946230127275,-0.0237999946391486));
#4176=CARTESIAN_POINT('',(-0.0957274438099604,-0.0122730563550185,-0.0237999946391486));
#4177=CARTESIAN_POINT('',(-0.0957274438099604,-0.0122730563550185,-0.0229999946391486));
#4178=CARTESIAN_POINT('',(-0.0774764604470122,0.00904244342915793,-0.0229999946391486));
#4179=CARTESIAN_POINT('',(-0.0774764604470122,0.00904244342915793,-0.0237999946391486));
#4180=CARTESIAN_POINT('',(-0.0774764604470122,0.00904244342915793,-0.0237999946391486));
#4181=CARTESIAN_POINT('',(-0.0957274438099604,-0.0122730563550185,-0.0237999946391486));
#4182=CARTESIAN_POINT('',(-0.0779976100914731,0.0084337877247985,-0.0237999946391486));
#4183=CARTESIAN_POINT('',(-0.0779976100914731,0.0084337877247985,-0.0229999946391486));
#4184=CARTESIAN_POINT('',(-0.0776988072224677,0.0091772765033588,-0.0229999946391486));
#4185=CARTESIAN_POINT('',(-0.0776988072224677,0.0091772765033588,-0.0237999946391486));
#4186=CARTESIAN_POINT('',(-0.0776988072224677,0.0091772765033588,-0.0237999946391486));
#4187=CARTESIAN_POINT('',(-0.0779976100914731,0.0084337877247985,-0.0237999946391486));
#4188=CARTESIAN_POINT('',(-0.0775930426887605,0.00944044246372147,-0.0237999946391486));
#4189=CARTESIAN_POINT('',(-0.0775930426887605,0.00944044246372147,-0.0229999946391486));
#4190=CARTESIAN_POINT('',(-0.0777721868699435,0.00922055653504216,-0.0229999946391486));
#4191=CARTESIAN_POINT('',(-0.0777721868699435,0.00922055653504216,-0.0237999946391486));
#4192=CARTESIAN_POINT('',(-0.0777721868699435,0.00922055653504216,-0.0237999946391486));
#4193=CARTESIAN_POINT('',(-0.0775930426887605,0.00944044246372147,-0.0237999946391486));
#4194=CARTESIAN_POINT('',(-0.0772310763168592,0.00988472879951295,-0.0237999946391486));
#4195=CARTESIAN_POINT('',(-0.0772310763168592,0.00988472879951295,-0.0229999946391486));
#4196=CARTESIAN_POINT('',(-0.0778756710329596,0.00932043890989383,-0.0229999946391486));
#4197=CARTESIAN_POINT('',(-0.0778756710329596,0.00932043890989383,-0.0237999946391486));
#4198=CARTESIAN_POINT('',(-0.0778756710329596,0.00932043890989383,-0.0237999946391486));
#4199=CARTESIAN_POINT('',(-0.0772310763168592,0.00988472879951295,-0.0237999946391486));
#4200=CARTESIAN_POINT('',(-0.0770577848880261,0.0100364312550341,-0.0237999946391486));
#4201=CARTESIAN_POINT('',(-0.0770577848880261,0.0100364312550341,-0.0229999946391486));
#4202=CARTESIAN_POINT('',(-0.0770577848880261,0.0100364312550341,-0.0237999946391486));
#4203=CARTESIAN_POINT('',(-0.0697228288706337,0.00606633418553786,-0.0237999946391486));
#4204=CARTESIAN_POINT('',(-0.0697228288706337,0.00606633418553786,-0.0229999946391486));
#4205=MECHANICAL_DESIGN_GEOMETRIC_PRESENTATION_REPRESENTATION('',(#2286),
#4206);
#4206=(
GEOMETRIC_REPRESENTATION_CONTEXT(3)
GLOBAL_UNCERTAINTY_ASSIGNED_CONTEXT((#4207))
GLOBAL_UNIT_ASSIGNED_CONTEXT((#4210,#4209,#4208))
REPRESENTATION_CONTEXT('ForgeF','TOP_LEVEL_ASSEMBLY_PART')
);
#4207=UNCERTAINTY_MEASURE_WITH_UNIT(LENGTH_MEASURE(1.E-8),#4210,
'DISTANCE_ACCURACY_VALUE','Maximum Tolerance applied to model');
#4208=(
NAMED_UNIT(*)
SI_UNIT($,.STERADIAN.)
SOLID_ANGLE_UNIT()
);
#4209=(
NAMED_UNIT(*)
PLANE_ANGLE_UNIT()
SI_UNIT($,.RADIAN.)
);
#4210=(
LENGTH_UNIT()
NAMED_UNIT(*)
SI_UNIT($,.METRE.)
);
#4211=PRODUCT_DEFINITION_SHAPE('','',#4212);
#4212=PRODUCT_DEFINITION('','',#4214,#4213);
#4213=PRODUCT_DEFINITION_CONTEXT('',#4220,'design');
#4214=PRODUCT_DEFINITION_FORMATION_WITH_SPECIFIED_SOURCE('','',#4216,
 .NOT_KNOWN.);
#4215=PRODUCT_RELATED_PRODUCT_CATEGORY('','',(#4216));
#4216=PRODUCT('ForgeF','ForgeF','ForgeF',(#4218));
#4217=PRODUCT_CATEGORY('','');
#4218=PRODUCT_CONTEXT('',#4220,'mechanical');
#4219=APPLICATION_PROTOCOL_DEFINITION('international standard',
'ap242_managed_model_based_3d_engineering',2020,#4220);
#4220=APPLICATION_CONTEXT('managed model based 3d engineering');
ENDSEC;
END-ISO-10303-21;
