ISO-10303-21;
HEADER;
/* Generated by software containing ST-Developer
 * from STEP Tools, Inc. (www.steptools.com) 
 */
/* OPTION: using custom renumber hook */

FILE_DESCRIPTION(
/* description */ ('STEP AP242 Edition 2',
'CAx-IF Rec.Pracs.---Representation and Presentation of Product Manufa
cturing Information (PMI)---4.0---2014-10-13',
'CAx-IF Rec.Pracs.---3D Tessellated Geometry---0.4---2014-09-14','2;1',
'CAx-IF Rec.Pracs.---User Defined Attributes---1.5---2016-08-15'),
/* implementation_level */ '2;1');

FILE_NAME(
/* name */ 'CompleteShell - ForgeLogo',
/* time_stamp */ '2026-09-23T14:41:02Z',
/* author */ (''),
/* organization */ (''),
/* preprocessor_version */ 'ST-DEVELOPER v20',
/* originating_system */ 'ONSHAPE BY PTC INC, 1.221',
/* authorisation */ '  ');

FILE_SCHEMA (('AP242_MANAGED_MODEL_BASED_3D_ENGINEERING_MIM_LF { 1 0 10303 442 3 1 4 }'));
ENDSEC;

DATA;
#10=SHAPE_REPRESENTATION_RELATIONSHIP('','',#2419,#11);
#11=ADVANCED_BREP_SHAPE_REPRESENTATION('',(#2417),#4361);
#12=PLANE('',#2448);
#13=PLANE('',#2449);
#14=PLANE('',#2534);
#15=PLANE('',#2535);
#16=PLANE('',#2536);
#17=PLANE('',#2537);
#18=PLANE('',#2538);
#19=PLANE('',#2539);
#20=PLANE('',#2552);
#21=PLANE('',#2553);
#22=PLANE('',#2635);
#23=PLANE('',#2636);
#24=PLANE('',#2673);
#25=PLANE('',#2674);
#26=PLANE('',#2765);
#27=PLANE('',#2766);
#28=LINE('',#3618,#180);
#29=LINE('',#3622,#181);
#30=LINE('',#3626,#182);
#31=LINE('',#3632,#183);
#32=LINE('',#3638,#184);
#33=LINE('',#3644,#185);
#34=LINE('',#3650,#186);
#35=LINE('',#3656,#187);
#36=LINE('',#3662,#188);
#37=LINE('',#3668,#189);
#38=LINE('',#3672,#190);
#39=LINE('',#3674,#191);
#40=LINE('',#3676,#192);
#41=LINE('',#3678,#193);
#42=LINE('',#3680,#194);
#43=LINE('',#3682,#195);
#44=LINE('',#3686,#196);
#45=LINE('',#3692,#197);
#46=LINE('',#3698,#198);
#47=LINE('',#3704,#199);
#48=LINE('',#3710,#200);
#49=LINE('',#3716,#201);
#50=LINE('',#3722,#202);
#51=LINE('',#3728,#203);
#52=LINE('',#3734,#204);
#53=LINE('',#3740,#205);
#54=LINE('',#3746,#206);
#55=LINE('',#3752,#207);
#56=LINE('',#3758,#208);
#57=LINE('',#3764,#209);
#58=LINE('',#3770,#210);
#59=LINE('',#3776,#211);
#60=LINE('',#3782,#212);
#61=LINE('',#3788,#213);
#62=LINE('',#3794,#214);
#63=LINE('',#3800,#215);
#64=LINE('',#3806,#216);
#65=LINE('',#3812,#217);
#66=LINE('',#3818,#218);
#67=LINE('',#3824,#219);
#68=LINE('',#3830,#220);
#69=LINE('',#3836,#221);
#70=LINE('',#3842,#222);
#71=LINE('',#3848,#223);
#72=LINE('',#3852,#224);
#73=LINE('',#3854,#225);
#74=LINE('',#3856,#226);
#75=LINE('',#3858,#227);
#76=LINE('',#3860,#228);
#77=LINE('',#3862,#229);
#78=LINE('',#3864,#230);
#79=LINE('',#3866,#231);
#80=LINE('',#3868,#232);
#81=LINE('',#3870,#233);
#82=LINE('',#3872,#234);
#83=LINE('',#3874,#235);
#84=LINE('',#3876,#236);
#85=LINE('',#3878,#237);
#86=LINE('',#3880,#238);
#87=LINE('',#3882,#239);
#88=LINE('',#3884,#240);
#89=LINE('',#3886,#241);
#90=LINE('',#3890,#242);
#91=LINE('',#3896,#243);
#92=LINE('',#3902,#244);
#93=LINE('',#3908,#245);
#94=LINE('',#3912,#246);
#95=LINE('',#3914,#247);
#96=LINE('',#3916,#248);
#97=LINE('',#3918,#249);
#98=LINE('',#3920,#250);
#99=LINE('',#3922,#251);
#100=LINE('',#3926,#252);
#101=LINE('',#3932,#253);
#102=LINE('',#3938,#254);
#103=LINE('',#3944,#255);
#104=LINE('',#3950,#256);
#105=LINE('',#3956,#257);
#106=LINE('',#3962,#258);
#107=LINE('',#3968,#259);
#108=LINE('',#3974,#260);
#109=LINE('',#3980,#261);
#110=LINE('',#3986,#262);
#111=LINE('',#3992,#263);
#112=LINE('',#3998,#264);
#113=LINE('',#4004,#265);
#114=LINE('',#4010,#266);
#115=LINE('',#4016,#267);
#116=LINE('',#4022,#268);
#117=LINE('',#4028,#269);
#118=LINE('',#4034,#270);
#119=LINE('',#4040,#271);
#120=LINE('',#4046,#272);
#121=LINE('',#4052,#273);
#122=LINE('',#4058,#274);
#123=LINE('',#4064,#275);
#124=LINE('',#4070,#276);
#125=LINE('',#4076,#277);
#126=LINE('',#4082,#278);
#127=LINE('',#4086,#279);
#128=LINE('',#4088,#280);
#129=LINE('',#4090,#281);
#130=LINE('',#4092,#282);
#131=LINE('',#4094,#283);
#132=LINE('',#4096,#284);
#133=LINE('',#4100,#285);
#134=LINE('',#4106,#286);
#135=LINE('',#4112,#287);
#136=LINE('',#4118,#288);
#137=LINE('',#4124,#289);
#138=LINE('',#4130,#290);
#139=LINE('',#4136,#291);
#140=LINE('',#4142,#292);
#141=LINE('',#4148,#293);
#142=LINE('',#4154,#294);
#143=LINE('',#4160,#295);
#144=LINE('',#4166,#296);
#145=LINE('',#4170,#297);
#146=LINE('',#4172,#298);
#147=LINE('',#4174,#299);
#148=LINE('',#4176,#300);
#149=LINE('',#4178,#301);
#150=LINE('',#4180,#302);
#151=LINE('',#4184,#303);
#152=LINE('',#4190,#304);
#153=LINE('',#4196,#305);
#154=LINE('',#4202,#306);
#155=LINE('',#4208,#307);
#156=LINE('',#4214,#308);
#157=LINE('',#4220,#309);
#158=LINE('',#4226,#310);
#159=LINE('',#4232,#311);
#160=LINE('',#4238,#312);
#161=LINE('',#4244,#313);
#162=LINE('',#4250,#314);
#163=LINE('',#4256,#315);
#164=LINE('',#4263,#316);
#165=LINE('',#4267,#317);
#166=LINE('',#4271,#318);
#167=LINE('',#4277,#319);
#168=LINE('',#4283,#320);
#169=LINE('',#4289,#321);
#170=LINE('',#4295,#322);
#171=LINE('',#4301,#323);
#172=LINE('',#4307,#324);
#173=LINE('',#4313,#325);
#174=LINE('',#4319,#326);
#175=LINE('',#4325,#327);
#176=LINE('',#4331,#328);
#177=LINE('',#4337,#329);
#178=LINE('',#4343,#330);
#179=LINE('',#4349,#331);
#180=VECTOR('',#2773,1.);
#181=VECTOR('',#2776,1.);
#182=VECTOR('',#2781,1.);
#183=VECTOR('',#2788,1.);
#184=VECTOR('',#2795,1.);
#185=VECTOR('',#2802,1.);
#186=VECTOR('',#2809,1.);
#187=VECTOR('',#2816,1.);
#188=VECTOR('',#2823,1.);
#189=VECTOR('',#2830,1.);
#190=VECTOR('',#2835,1.);
#191=VECTOR('',#2836,1.);
#192=VECTOR('',#2837,1.);
#193=VECTOR('',#2840,1.);
#194=VECTOR('',#2841,1.);
#195=VECTOR('',#2842,1.);
#196=VECTOR('',#2847,1.);
#197=VECTOR('',#2854,1.);
#198=VECTOR('',#2861,1.);
#199=VECTOR('',#2868,1.);
#200=VECTOR('',#2875,1.);
#201=VECTOR('',#2882,1.);
#202=VECTOR('',#2889,1.);
#203=VECTOR('',#2896,1.);
#204=VECTOR('',#2903,1.);
#205=VECTOR('',#2910,1.);
#206=VECTOR('',#2917,1.);
#207=VECTOR('',#2924,1.);
#208=VECTOR('',#2931,1.);
#209=VECTOR('',#2938,1.);
#210=VECTOR('',#2945,1.);
#211=VECTOR('',#2952,1.);
#212=VECTOR('',#2959,1.);
#213=VECTOR('',#2966,1.);
#214=VECTOR('',#2973,1.);
#215=VECTOR('',#2980,1.);
#216=VECTOR('',#2987,1.);
#217=VECTOR('',#2994,1.);
#218=VECTOR('',#3001,1.);
#219=VECTOR('',#3008,1.);
#220=VECTOR('',#3015,1.);
#221=VECTOR('',#3022,1.);
#222=VECTOR('',#3029,1.);
#223=VECTOR('',#3036,1.);
#224=VECTOR('',#3041,1.);
#225=VECTOR('',#3042,1.);
#226=VECTOR('',#3043,1.);
#227=VECTOR('',#3046,1.);
#228=VECTOR('',#3047,1.);
#229=VECTOR('',#3048,1.);
#230=VECTOR('',#3051,1.);
#231=VECTOR('',#3052,1.);
#232=VECTOR('',#3053,1.);
#233=VECTOR('',#3056,1.);
#234=VECTOR('',#3057,1.);
#235=VECTOR('',#3058,1.);
#236=VECTOR('',#3061,1.);
#237=VECTOR('',#3062,1.);
#238=VECTOR('',#3063,1.);
#239=VECTOR('',#3066,1.);
#240=VECTOR('',#3067,1.);
#241=VECTOR('',#3068,1.);
#242=VECTOR('',#3073,1.);
#243=VECTOR('',#3080,1.);
#244=VECTOR('',#3087,1.);
#245=VECTOR('',#3094,1.);
#246=VECTOR('',#3099,1.);
#247=VECTOR('',#3100,1.);
#248=VECTOR('',#3101,1.);
#249=VECTOR('',#3104,1.);
#250=VECTOR('',#3105,1.);
#251=VECTOR('',#3106,1.);
#252=VECTOR('',#3111,1.);
#253=VECTOR('',#3118,1.);
#254=VECTOR('',#3125,1.);
#255=VECTOR('',#3132,1.);
#256=VECTOR('',#3139,1.);
#257=VECTOR('',#3146,1.);
#258=VECTOR('',#3153,1.);
#259=VECTOR('',#3160,1.);
#260=VECTOR('',#3167,1.);
#261=VECTOR('',#3174,1.);
#262=VECTOR('',#3181,1.);
#263=VECTOR('',#3188,1.);
#264=VECTOR('',#3195,1.);
#265=VECTOR('',#3202,1.);
#266=VECTOR('',#3209,1.);
#267=VECTOR('',#3216,1.);
#268=VECTOR('',#3223,1.);
#269=VECTOR('',#3230,1.);
#270=VECTOR('',#3237,1.);
#271=VECTOR('',#3244,1.);
#272=VECTOR('',#3251,1.);
#273=VECTOR('',#3258,1.);
#274=VECTOR('',#3265,1.);
#275=VECTOR('',#3272,1.);
#276=VECTOR('',#3279,1.);
#277=VECTOR('',#3286,1.);
#278=VECTOR('',#3293,1.);
#279=VECTOR('',#3298,1.);
#280=VECTOR('',#3299,1.);
#281=VECTOR('',#3300,1.);
#282=VECTOR('',#3303,1.);
#283=VECTOR('',#3304,1.);
#284=VECTOR('',#3305,1.);
#285=VECTOR('',#3310,1.);
#286=VECTOR('',#3317,1.);
#287=VECTOR('',#3324,1.);
#288=VECTOR('',#3331,1.);
#289=VECTOR('',#3338,1.);
#290=VECTOR('',#3345,1.);
#291=VECTOR('',#3352,1.);
#292=VECTOR('',#3359,1.);
#293=VECTOR('',#3366,1.);
#294=VECTOR('',#3373,1.);
#295=VECTOR('',#3380,1.);
#296=VECTOR('',#3387,1.);
#297=VECTOR('',#3392,1.);
#298=VECTOR('',#3393,1.);
#299=VECTOR('',#3394,1.);
#300=VECTOR('',#3397,1.);
#301=VECTOR('',#3398,1.);
#302=VECTOR('',#3399,1.);
#303=VECTOR('',#3404,1.);
#304=VECTOR('',#3411,1.);
#305=VECTOR('',#3418,1.);
#306=VECTOR('',#3425,1.);
#307=VECTOR('',#3432,1.);
#308=VECTOR('',#3439,1.);
#309=VECTOR('',#3446,1.);
#310=VECTOR('',#3453,1.);
#311=VECTOR('',#3460,1.);
#312=VECTOR('',#3467,1.);
#313=VECTOR('',#3474,1.);
#314=VECTOR('',#3481,1.);
#315=VECTOR('',#3488,1.);
#316=VECTOR('',#3495,1.);
#317=VECTOR('',#3498,1.);
#318=VECTOR('',#3503,1.);
#319=VECTOR('',#3510,1.);
#320=VECTOR('',#3517,1.);
#321=VECTOR('',#3524,1.);
#322=VECTOR('',#3531,1.);
#323=VECTOR('',#3538,1.);
#324=VECTOR('',#3545,1.);
#325=VECTOR('',#3552,1.);
#326=VECTOR('',#3559,1.);
#327=VECTOR('',#3566,1.);
#328=VECTOR('',#3573,1.);
#329=VECTOR('',#3580,1.);
#330=VECTOR('',#3587,1.);
#331=VECTOR('',#3594,1.);
#332=ORIENTED_EDGE('',*,*,#1076,.T.);
#333=ORIENTED_EDGE('',*,*,#1077,.F.);
#334=ORIENTED_EDGE('',*,*,#1078,.F.);
#335=ORIENTED_EDGE('',*,*,#1079,.T.);
#336=ORIENTED_EDGE('',*,*,#1080,.T.);
#337=ORIENTED_EDGE('',*,*,#1081,.F.);
#338=ORIENTED_EDGE('',*,*,#1082,.F.);
#339=ORIENTED_EDGE('',*,*,#1077,.T.);
#340=ORIENTED_EDGE('',*,*,#1083,.T.);
#341=ORIENTED_EDGE('',*,*,#1084,.F.);
#342=ORIENTED_EDGE('',*,*,#1085,.F.);
#343=ORIENTED_EDGE('',*,*,#1081,.T.);
#344=ORIENTED_EDGE('',*,*,#1086,.T.);
#345=ORIENTED_EDGE('',*,*,#1087,.F.);
#346=ORIENTED_EDGE('',*,*,#1088,.F.);
#347=ORIENTED_EDGE('',*,*,#1084,.T.);
#348=ORIENTED_EDGE('',*,*,#1089,.T.);
#349=ORIENTED_EDGE('',*,*,#1090,.F.);
#350=ORIENTED_EDGE('',*,*,#1091,.F.);
#351=ORIENTED_EDGE('',*,*,#1087,.T.);
#352=ORIENTED_EDGE('',*,*,#1092,.T.);
#353=ORIENTED_EDGE('',*,*,#1093,.F.);
#354=ORIENTED_EDGE('',*,*,#1094,.F.);
#355=ORIENTED_EDGE('',*,*,#1090,.T.);
#356=ORIENTED_EDGE('',*,*,#1095,.T.);
#357=ORIENTED_EDGE('',*,*,#1096,.F.);
#358=ORIENTED_EDGE('',*,*,#1097,.F.);
#359=ORIENTED_EDGE('',*,*,#1093,.T.);
#360=ORIENTED_EDGE('',*,*,#1098,.T.);
#361=ORIENTED_EDGE('',*,*,#1099,.F.);
#362=ORIENTED_EDGE('',*,*,#1100,.F.);
#363=ORIENTED_EDGE('',*,*,#1096,.T.);
#364=ORIENTED_EDGE('',*,*,#1101,.T.);
#365=ORIENTED_EDGE('',*,*,#1102,.F.);
#366=ORIENTED_EDGE('',*,*,#1103,.F.);
#367=ORIENTED_EDGE('',*,*,#1099,.T.);
#368=ORIENTED_EDGE('',*,*,#1104,.T.);
#369=ORIENTED_EDGE('',*,*,#1105,.F.);
#370=ORIENTED_EDGE('',*,*,#1106,.F.);
#371=ORIENTED_EDGE('',*,*,#1102,.T.);
#372=ORIENTED_EDGE('',*,*,#1107,.T.);
#373=ORIENTED_EDGE('',*,*,#1108,.F.);
#374=ORIENTED_EDGE('',*,*,#1109,.F.);
#375=ORIENTED_EDGE('',*,*,#1105,.T.);
#376=ORIENTED_EDGE('',*,*,#1110,.T.);
#377=ORIENTED_EDGE('',*,*,#1111,.F.);
#378=ORIENTED_EDGE('',*,*,#1112,.F.);
#379=ORIENTED_EDGE('',*,*,#1108,.T.);
#380=ORIENTED_EDGE('',*,*,#1113,.T.);
#381=ORIENTED_EDGE('',*,*,#1114,.F.);
#382=ORIENTED_EDGE('',*,*,#1115,.F.);
#383=ORIENTED_EDGE('',*,*,#1111,.T.);
#384=ORIENTED_EDGE('',*,*,#1116,.T.);
#385=ORIENTED_EDGE('',*,*,#1117,.F.);
#386=ORIENTED_EDGE('',*,*,#1118,.F.);
#387=ORIENTED_EDGE('',*,*,#1114,.T.);
#388=ORIENTED_EDGE('',*,*,#1119,.T.);
#389=ORIENTED_EDGE('',*,*,#1120,.F.);
#390=ORIENTED_EDGE('',*,*,#1121,.F.);
#391=ORIENTED_EDGE('',*,*,#1117,.T.);
#392=ORIENTED_EDGE('',*,*,#1122,.T.);
#393=ORIENTED_EDGE('',*,*,#1123,.F.);
#394=ORIENTED_EDGE('',*,*,#1124,.F.);
#395=ORIENTED_EDGE('',*,*,#1120,.T.);
#396=ORIENTED_EDGE('',*,*,#1125,.T.);
#397=ORIENTED_EDGE('',*,*,#1126,.F.);
#398=ORIENTED_EDGE('',*,*,#1127,.F.);
#399=ORIENTED_EDGE('',*,*,#1123,.T.);
#400=ORIENTED_EDGE('',*,*,#1128,.T.);
#401=ORIENTED_EDGE('',*,*,#1129,.F.);
#402=ORIENTED_EDGE('',*,*,#1130,.F.);
#403=ORIENTED_EDGE('',*,*,#1126,.T.);
#404=ORIENTED_EDGE('',*,*,#1131,.T.);
#405=ORIENTED_EDGE('',*,*,#1132,.F.);
#406=ORIENTED_EDGE('',*,*,#1133,.F.);
#407=ORIENTED_EDGE('',*,*,#1129,.T.);
#408=ORIENTED_EDGE('',*,*,#1134,.T.);
#409=ORIENTED_EDGE('',*,*,#1135,.F.);
#410=ORIENTED_EDGE('',*,*,#1136,.F.);
#411=ORIENTED_EDGE('',*,*,#1132,.T.);
#412=ORIENTED_EDGE('',*,*,#1137,.T.);
#413=ORIENTED_EDGE('',*,*,#1138,.F.);
#414=ORIENTED_EDGE('',*,*,#1139,.F.);
#415=ORIENTED_EDGE('',*,*,#1135,.T.);
#416=ORIENTED_EDGE('',*,*,#1140,.T.);
#417=ORIENTED_EDGE('',*,*,#1141,.F.);
#418=ORIENTED_EDGE('',*,*,#1142,.F.);
#419=ORIENTED_EDGE('',*,*,#1138,.T.);
#420=ORIENTED_EDGE('',*,*,#1143,.T.);
#421=ORIENTED_EDGE('',*,*,#1144,.F.);
#422=ORIENTED_EDGE('',*,*,#1145,.F.);
#423=ORIENTED_EDGE('',*,*,#1141,.T.);
#424=ORIENTED_EDGE('',*,*,#1146,.T.);
#425=ORIENTED_EDGE('',*,*,#1147,.F.);
#426=ORIENTED_EDGE('',*,*,#1148,.F.);
#427=ORIENTED_EDGE('',*,*,#1144,.T.);
#428=ORIENTED_EDGE('',*,*,#1149,.T.);
#429=ORIENTED_EDGE('',*,*,#1150,.F.);
#430=ORIENTED_EDGE('',*,*,#1151,.F.);
#431=ORIENTED_EDGE('',*,*,#1147,.T.);
#432=ORIENTED_EDGE('',*,*,#1152,.T.);
#433=ORIENTED_EDGE('',*,*,#1153,.F.);
#434=ORIENTED_EDGE('',*,*,#1154,.F.);
#435=ORIENTED_EDGE('',*,*,#1150,.T.);
#436=ORIENTED_EDGE('',*,*,#1155,.T.);
#437=ORIENTED_EDGE('',*,*,#1156,.F.);
#438=ORIENTED_EDGE('',*,*,#1157,.F.);
#439=ORIENTED_EDGE('',*,*,#1153,.T.);
#440=ORIENTED_EDGE('',*,*,#1158,.T.);
#441=ORIENTED_EDGE('',*,*,#1159,.F.);
#442=ORIENTED_EDGE('',*,*,#1160,.F.);
#443=ORIENTED_EDGE('',*,*,#1156,.T.);
#444=ORIENTED_EDGE('',*,*,#1161,.T.);
#445=ORIENTED_EDGE('',*,*,#1162,.F.);
#446=ORIENTED_EDGE('',*,*,#1163,.F.);
#447=ORIENTED_EDGE('',*,*,#1159,.T.);
#448=ORIENTED_EDGE('',*,*,#1164,.T.);
#449=ORIENTED_EDGE('',*,*,#1165,.F.);
#450=ORIENTED_EDGE('',*,*,#1166,.F.);
#451=ORIENTED_EDGE('',*,*,#1162,.T.);
#452=ORIENTED_EDGE('',*,*,#1167,.T.);
#453=ORIENTED_EDGE('',*,*,#1168,.F.);
#454=ORIENTED_EDGE('',*,*,#1169,.F.);
#455=ORIENTED_EDGE('',*,*,#1165,.T.);
#456=ORIENTED_EDGE('',*,*,#1170,.T.);
#457=ORIENTED_EDGE('',*,*,#1171,.F.);
#458=ORIENTED_EDGE('',*,*,#1172,.F.);
#459=ORIENTED_EDGE('',*,*,#1168,.T.);
#460=ORIENTED_EDGE('',*,*,#1173,.T.);
#461=ORIENTED_EDGE('',*,*,#1174,.F.);
#462=ORIENTED_EDGE('',*,*,#1175,.F.);
#463=ORIENTED_EDGE('',*,*,#1171,.T.);
#464=ORIENTED_EDGE('',*,*,#1176,.T.);
#465=ORIENTED_EDGE('',*,*,#1177,.F.);
#466=ORIENTED_EDGE('',*,*,#1178,.F.);
#467=ORIENTED_EDGE('',*,*,#1174,.T.);
#468=ORIENTED_EDGE('',*,*,#1179,.T.);
#469=ORIENTED_EDGE('',*,*,#1180,.F.);
#470=ORIENTED_EDGE('',*,*,#1181,.F.);
#471=ORIENTED_EDGE('',*,*,#1177,.T.);
#472=ORIENTED_EDGE('',*,*,#1182,.T.);
#473=ORIENTED_EDGE('',*,*,#1183,.F.);
#474=ORIENTED_EDGE('',*,*,#1184,.F.);
#475=ORIENTED_EDGE('',*,*,#1180,.T.);
#476=ORIENTED_EDGE('',*,*,#1185,.T.);
#477=ORIENTED_EDGE('',*,*,#1186,.F.);
#478=ORIENTED_EDGE('',*,*,#1187,.F.);
#479=ORIENTED_EDGE('',*,*,#1183,.T.);
#480=ORIENTED_EDGE('',*,*,#1188,.T.);
#481=ORIENTED_EDGE('',*,*,#1189,.F.);
#482=ORIENTED_EDGE('',*,*,#1190,.F.);
#483=ORIENTED_EDGE('',*,*,#1186,.T.);
#484=ORIENTED_EDGE('',*,*,#1191,.T.);
#485=ORIENTED_EDGE('',*,*,#1192,.F.);
#486=ORIENTED_EDGE('',*,*,#1193,.F.);
#487=ORIENTED_EDGE('',*,*,#1189,.T.);
#488=ORIENTED_EDGE('',*,*,#1194,.T.);
#489=ORIENTED_EDGE('',*,*,#1195,.F.);
#490=ORIENTED_EDGE('',*,*,#1196,.F.);
#491=ORIENTED_EDGE('',*,*,#1192,.T.);
#492=ORIENTED_EDGE('',*,*,#1197,.T.);
#493=ORIENTED_EDGE('',*,*,#1198,.F.);
#494=ORIENTED_EDGE('',*,*,#1199,.F.);
#495=ORIENTED_EDGE('',*,*,#1195,.T.);
#496=ORIENTED_EDGE('',*,*,#1200,.T.);
#497=ORIENTED_EDGE('',*,*,#1201,.F.);
#498=ORIENTED_EDGE('',*,*,#1202,.F.);
#499=ORIENTED_EDGE('',*,*,#1198,.T.);
#500=ORIENTED_EDGE('',*,*,#1203,.T.);
#501=ORIENTED_EDGE('',*,*,#1204,.F.);
#502=ORIENTED_EDGE('',*,*,#1205,.F.);
#503=ORIENTED_EDGE('',*,*,#1201,.T.);
#504=ORIENTED_EDGE('',*,*,#1206,.T.);
#505=ORIENTED_EDGE('',*,*,#1207,.F.);
#506=ORIENTED_EDGE('',*,*,#1208,.F.);
#507=ORIENTED_EDGE('',*,*,#1204,.T.);
#508=ORIENTED_EDGE('',*,*,#1209,.T.);
#509=ORIENTED_EDGE('',*,*,#1210,.F.);
#510=ORIENTED_EDGE('',*,*,#1211,.F.);
#511=ORIENTED_EDGE('',*,*,#1207,.T.);
#512=ORIENTED_EDGE('',*,*,#1212,.T.);
#513=ORIENTED_EDGE('',*,*,#1213,.F.);
#514=ORIENTED_EDGE('',*,*,#1214,.F.);
#515=ORIENTED_EDGE('',*,*,#1210,.T.);
#516=ORIENTED_EDGE('',*,*,#1215,.T.);
#517=ORIENTED_EDGE('',*,*,#1216,.F.);
#518=ORIENTED_EDGE('',*,*,#1217,.F.);
#519=ORIENTED_EDGE('',*,*,#1213,.T.);
#520=ORIENTED_EDGE('',*,*,#1218,.T.);
#521=ORIENTED_EDGE('',*,*,#1219,.F.);
#522=ORIENTED_EDGE('',*,*,#1220,.F.);
#523=ORIENTED_EDGE('',*,*,#1216,.T.);
#524=ORIENTED_EDGE('',*,*,#1221,.T.);
#525=ORIENTED_EDGE('',*,*,#1222,.F.);
#526=ORIENTED_EDGE('',*,*,#1223,.F.);
#527=ORIENTED_EDGE('',*,*,#1219,.T.);
#528=ORIENTED_EDGE('',*,*,#1224,.T.);
#529=ORIENTED_EDGE('',*,*,#1225,.F.);
#530=ORIENTED_EDGE('',*,*,#1226,.F.);
#531=ORIENTED_EDGE('',*,*,#1222,.T.);
#532=ORIENTED_EDGE('',*,*,#1227,.T.);
#533=ORIENTED_EDGE('',*,*,#1228,.F.);
#534=ORIENTED_EDGE('',*,*,#1229,.F.);
#535=ORIENTED_EDGE('',*,*,#1225,.T.);
#536=ORIENTED_EDGE('',*,*,#1230,.T.);
#537=ORIENTED_EDGE('',*,*,#1231,.F.);
#538=ORIENTED_EDGE('',*,*,#1232,.F.);
#539=ORIENTED_EDGE('',*,*,#1228,.T.);
#540=ORIENTED_EDGE('',*,*,#1233,.T.);
#541=ORIENTED_EDGE('',*,*,#1234,.F.);
#542=ORIENTED_EDGE('',*,*,#1235,.F.);
#543=ORIENTED_EDGE('',*,*,#1231,.T.);
#544=ORIENTED_EDGE('',*,*,#1236,.T.);
#545=ORIENTED_EDGE('',*,*,#1237,.F.);
#546=ORIENTED_EDGE('',*,*,#1238,.F.);
#547=ORIENTED_EDGE('',*,*,#1234,.T.);
#548=ORIENTED_EDGE('',*,*,#1239,.T.);
#549=ORIENTED_EDGE('',*,*,#1240,.F.);
#550=ORIENTED_EDGE('',*,*,#1241,.F.);
#551=ORIENTED_EDGE('',*,*,#1237,.T.);
#552=ORIENTED_EDGE('',*,*,#1242,.T.);
#553=ORIENTED_EDGE('',*,*,#1243,.F.);
#554=ORIENTED_EDGE('',*,*,#1244,.F.);
#555=ORIENTED_EDGE('',*,*,#1240,.T.);
#556=ORIENTED_EDGE('',*,*,#1245,.T.);
#557=ORIENTED_EDGE('',*,*,#1246,.F.);
#558=ORIENTED_EDGE('',*,*,#1247,.F.);
#559=ORIENTED_EDGE('',*,*,#1243,.T.);
#560=ORIENTED_EDGE('',*,*,#1248,.T.);
#561=ORIENTED_EDGE('',*,*,#1249,.F.);
#562=ORIENTED_EDGE('',*,*,#1250,.F.);
#563=ORIENTED_EDGE('',*,*,#1246,.T.);
#564=ORIENTED_EDGE('',*,*,#1251,.T.);
#565=ORIENTED_EDGE('',*,*,#1252,.F.);
#566=ORIENTED_EDGE('',*,*,#1253,.F.);
#567=ORIENTED_EDGE('',*,*,#1249,.T.);
#568=ORIENTED_EDGE('',*,*,#1254,.T.);
#569=ORIENTED_EDGE('',*,*,#1255,.F.);
#570=ORIENTED_EDGE('',*,*,#1256,.F.);
#571=ORIENTED_EDGE('',*,*,#1252,.T.);
#572=ORIENTED_EDGE('',*,*,#1257,.T.);
#573=ORIENTED_EDGE('',*,*,#1258,.F.);
#574=ORIENTED_EDGE('',*,*,#1259,.F.);
#575=ORIENTED_EDGE('',*,*,#1255,.T.);
#576=ORIENTED_EDGE('',*,*,#1260,.T.);
#577=ORIENTED_EDGE('',*,*,#1261,.F.);
#578=ORIENTED_EDGE('',*,*,#1262,.F.);
#579=ORIENTED_EDGE('',*,*,#1258,.T.);
#580=ORIENTED_EDGE('',*,*,#1263,.T.);
#581=ORIENTED_EDGE('',*,*,#1264,.F.);
#582=ORIENTED_EDGE('',*,*,#1265,.F.);
#583=ORIENTED_EDGE('',*,*,#1261,.T.);
#584=ORIENTED_EDGE('',*,*,#1266,.T.);
#585=ORIENTED_EDGE('',*,*,#1267,.F.);
#586=ORIENTED_EDGE('',*,*,#1268,.F.);
#587=ORIENTED_EDGE('',*,*,#1264,.T.);
#588=ORIENTED_EDGE('',*,*,#1269,.T.);
#589=ORIENTED_EDGE('',*,*,#1270,.F.);
#590=ORIENTED_EDGE('',*,*,#1271,.F.);
#591=ORIENTED_EDGE('',*,*,#1267,.T.);
#592=ORIENTED_EDGE('',*,*,#1272,.T.);
#593=ORIENTED_EDGE('',*,*,#1273,.F.);
#594=ORIENTED_EDGE('',*,*,#1274,.F.);
#595=ORIENTED_EDGE('',*,*,#1270,.T.);
#596=ORIENTED_EDGE('',*,*,#1275,.T.);
#597=ORIENTED_EDGE('',*,*,#1276,.F.);
#598=ORIENTED_EDGE('',*,*,#1277,.F.);
#599=ORIENTED_EDGE('',*,*,#1273,.T.);
#600=ORIENTED_EDGE('',*,*,#1278,.T.);
#601=ORIENTED_EDGE('',*,*,#1279,.F.);
#602=ORIENTED_EDGE('',*,*,#1280,.F.);
#603=ORIENTED_EDGE('',*,*,#1276,.T.);
#604=ORIENTED_EDGE('',*,*,#1281,.T.);
#605=ORIENTED_EDGE('',*,*,#1282,.F.);
#606=ORIENTED_EDGE('',*,*,#1283,.F.);
#607=ORIENTED_EDGE('',*,*,#1279,.T.);
#608=ORIENTED_EDGE('',*,*,#1284,.T.);
#609=ORIENTED_EDGE('',*,*,#1285,.F.);
#610=ORIENTED_EDGE('',*,*,#1286,.F.);
#611=ORIENTED_EDGE('',*,*,#1282,.T.);
#612=ORIENTED_EDGE('',*,*,#1287,.T.);
#613=ORIENTED_EDGE('',*,*,#1288,.F.);
#614=ORIENTED_EDGE('',*,*,#1289,.F.);
#615=ORIENTED_EDGE('',*,*,#1285,.T.);
#616=ORIENTED_EDGE('',*,*,#1290,.T.);
#617=ORIENTED_EDGE('',*,*,#1291,.F.);
#618=ORIENTED_EDGE('',*,*,#1292,.F.);
#619=ORIENTED_EDGE('',*,*,#1288,.T.);
#620=ORIENTED_EDGE('',*,*,#1293,.T.);
#621=ORIENTED_EDGE('',*,*,#1294,.F.);
#622=ORIENTED_EDGE('',*,*,#1295,.F.);
#623=ORIENTED_EDGE('',*,*,#1291,.T.);
#624=ORIENTED_EDGE('',*,*,#1296,.T.);
#625=ORIENTED_EDGE('',*,*,#1297,.F.);
#626=ORIENTED_EDGE('',*,*,#1298,.F.);
#627=ORIENTED_EDGE('',*,*,#1294,.T.);
#628=ORIENTED_EDGE('',*,*,#1299,.T.);
#629=ORIENTED_EDGE('',*,*,#1300,.F.);
#630=ORIENTED_EDGE('',*,*,#1301,.F.);
#631=ORIENTED_EDGE('',*,*,#1297,.T.);
#632=ORIENTED_EDGE('',*,*,#1302,.T.);
#633=ORIENTED_EDGE('',*,*,#1303,.F.);
#634=ORIENTED_EDGE('',*,*,#1304,.F.);
#635=ORIENTED_EDGE('',*,*,#1300,.T.);
#636=ORIENTED_EDGE('',*,*,#1305,.T.);
#637=ORIENTED_EDGE('',*,*,#1306,.F.);
#638=ORIENTED_EDGE('',*,*,#1307,.F.);
#639=ORIENTED_EDGE('',*,*,#1303,.T.);
#640=ORIENTED_EDGE('',*,*,#1308,.T.);
#641=ORIENTED_EDGE('',*,*,#1309,.F.);
#642=ORIENTED_EDGE('',*,*,#1310,.F.);
#643=ORIENTED_EDGE('',*,*,#1306,.T.);
#644=ORIENTED_EDGE('',*,*,#1311,.T.);
#645=ORIENTED_EDGE('',*,*,#1312,.F.);
#646=ORIENTED_EDGE('',*,*,#1313,.F.);
#647=ORIENTED_EDGE('',*,*,#1309,.T.);
#648=ORIENTED_EDGE('',*,*,#1314,.T.);
#649=ORIENTED_EDGE('',*,*,#1315,.F.);
#650=ORIENTED_EDGE('',*,*,#1316,.F.);
#651=ORIENTED_EDGE('',*,*,#1312,.T.);
#652=ORIENTED_EDGE('',*,*,#1317,.T.);
#653=ORIENTED_EDGE('',*,*,#1318,.F.);
#654=ORIENTED_EDGE('',*,*,#1319,.F.);
#655=ORIENTED_EDGE('',*,*,#1315,.T.);
#656=ORIENTED_EDGE('',*,*,#1320,.T.);
#657=ORIENTED_EDGE('',*,*,#1321,.F.);
#658=ORIENTED_EDGE('',*,*,#1322,.F.);
#659=ORIENTED_EDGE('',*,*,#1318,.T.);
#660=ORIENTED_EDGE('',*,*,#1323,.T.);
#661=ORIENTED_EDGE('',*,*,#1324,.F.);
#662=ORIENTED_EDGE('',*,*,#1325,.F.);
#663=ORIENTED_EDGE('',*,*,#1321,.T.);
#664=ORIENTED_EDGE('',*,*,#1326,.T.);
#665=ORIENTED_EDGE('',*,*,#1327,.F.);
#666=ORIENTED_EDGE('',*,*,#1328,.F.);
#667=ORIENTED_EDGE('',*,*,#1324,.T.);
#668=ORIENTED_EDGE('',*,*,#1329,.T.);
#669=ORIENTED_EDGE('',*,*,#1330,.F.);
#670=ORIENTED_EDGE('',*,*,#1331,.F.);
#671=ORIENTED_EDGE('',*,*,#1327,.T.);
#672=ORIENTED_EDGE('',*,*,#1332,.T.);
#673=ORIENTED_EDGE('',*,*,#1333,.F.);
#674=ORIENTED_EDGE('',*,*,#1334,.F.);
#675=ORIENTED_EDGE('',*,*,#1330,.T.);
#676=ORIENTED_EDGE('',*,*,#1335,.T.);
#677=ORIENTED_EDGE('',*,*,#1336,.F.);
#678=ORIENTED_EDGE('',*,*,#1337,.F.);
#679=ORIENTED_EDGE('',*,*,#1333,.T.);
#680=ORIENTED_EDGE('',*,*,#1338,.T.);
#681=ORIENTED_EDGE('',*,*,#1339,.F.);
#682=ORIENTED_EDGE('',*,*,#1340,.F.);
#683=ORIENTED_EDGE('',*,*,#1336,.T.);
#684=ORIENTED_EDGE('',*,*,#1341,.T.);
#685=ORIENTED_EDGE('',*,*,#1342,.F.);
#686=ORIENTED_EDGE('',*,*,#1343,.F.);
#687=ORIENTED_EDGE('',*,*,#1339,.T.);
#688=ORIENTED_EDGE('',*,*,#1344,.T.);
#689=ORIENTED_EDGE('',*,*,#1345,.F.);
#690=ORIENTED_EDGE('',*,*,#1346,.F.);
#691=ORIENTED_EDGE('',*,*,#1342,.T.);
#692=ORIENTED_EDGE('',*,*,#1347,.T.);
#693=ORIENTED_EDGE('',*,*,#1348,.F.);
#694=ORIENTED_EDGE('',*,*,#1349,.F.);
#695=ORIENTED_EDGE('',*,*,#1345,.T.);
#696=ORIENTED_EDGE('',*,*,#1350,.T.);
#697=ORIENTED_EDGE('',*,*,#1351,.F.);
#698=ORIENTED_EDGE('',*,*,#1352,.F.);
#699=ORIENTED_EDGE('',*,*,#1348,.T.);
#700=ORIENTED_EDGE('',*,*,#1353,.T.);
#701=ORIENTED_EDGE('',*,*,#1354,.F.);
#702=ORIENTED_EDGE('',*,*,#1355,.F.);
#703=ORIENTED_EDGE('',*,*,#1351,.T.);
#704=ORIENTED_EDGE('',*,*,#1356,.T.);
#705=ORIENTED_EDGE('',*,*,#1357,.F.);
#706=ORIENTED_EDGE('',*,*,#1358,.F.);
#707=ORIENTED_EDGE('',*,*,#1354,.T.);
#708=ORIENTED_EDGE('',*,*,#1359,.T.);
#709=ORIENTED_EDGE('',*,*,#1360,.F.);
#710=ORIENTED_EDGE('',*,*,#1361,.F.);
#711=ORIENTED_EDGE('',*,*,#1357,.T.);
#712=ORIENTED_EDGE('',*,*,#1362,.T.);
#713=ORIENTED_EDGE('',*,*,#1363,.F.);
#714=ORIENTED_EDGE('',*,*,#1364,.F.);
#715=ORIENTED_EDGE('',*,*,#1360,.T.);
#716=ORIENTED_EDGE('',*,*,#1365,.T.);
#717=ORIENTED_EDGE('',*,*,#1366,.F.);
#718=ORIENTED_EDGE('',*,*,#1367,.F.);
#719=ORIENTED_EDGE('',*,*,#1363,.T.);
#720=ORIENTED_EDGE('',*,*,#1368,.T.);
#721=ORIENTED_EDGE('',*,*,#1369,.F.);
#722=ORIENTED_EDGE('',*,*,#1370,.F.);
#723=ORIENTED_EDGE('',*,*,#1366,.T.);
#724=ORIENTED_EDGE('',*,*,#1371,.T.);
#725=ORIENTED_EDGE('',*,*,#1372,.F.);
#726=ORIENTED_EDGE('',*,*,#1373,.F.);
#727=ORIENTED_EDGE('',*,*,#1369,.T.);
#728=ORIENTED_EDGE('',*,*,#1374,.T.);
#729=ORIENTED_EDGE('',*,*,#1375,.F.);
#730=ORIENTED_EDGE('',*,*,#1376,.F.);
#731=ORIENTED_EDGE('',*,*,#1372,.T.);
#732=ORIENTED_EDGE('',*,*,#1377,.T.);
#733=ORIENTED_EDGE('',*,*,#1378,.F.);
#734=ORIENTED_EDGE('',*,*,#1379,.F.);
#735=ORIENTED_EDGE('',*,*,#1375,.T.);
#736=ORIENTED_EDGE('',*,*,#1380,.T.);
#737=ORIENTED_EDGE('',*,*,#1381,.F.);
#738=ORIENTED_EDGE('',*,*,#1382,.F.);
#739=ORIENTED_EDGE('',*,*,#1378,.T.);
#740=ORIENTED_EDGE('',*,*,#1383,.T.);
#741=ORIENTED_EDGE('',*,*,#1384,.F.);
#742=ORIENTED_EDGE('',*,*,#1385,.F.);
#743=ORIENTED_EDGE('',*,*,#1381,.T.);
#744=ORIENTED_EDGE('',*,*,#1386,.T.);
#745=ORIENTED_EDGE('',*,*,#1387,.F.);
#746=ORIENTED_EDGE('',*,*,#1388,.F.);
#747=ORIENTED_EDGE('',*,*,#1384,.T.);
#748=ORIENTED_EDGE('',*,*,#1389,.T.);
#749=ORIENTED_EDGE('',*,*,#1390,.F.);
#750=ORIENTED_EDGE('',*,*,#1391,.F.);
#751=ORIENTED_EDGE('',*,*,#1387,.T.);
#752=ORIENTED_EDGE('',*,*,#1392,.T.);
#753=ORIENTED_EDGE('',*,*,#1393,.F.);
#754=ORIENTED_EDGE('',*,*,#1394,.F.);
#755=ORIENTED_EDGE('',*,*,#1390,.T.);
#756=ORIENTED_EDGE('',*,*,#1395,.T.);
#757=ORIENTED_EDGE('',*,*,#1396,.F.);
#758=ORIENTED_EDGE('',*,*,#1397,.F.);
#759=ORIENTED_EDGE('',*,*,#1393,.T.);
#760=ORIENTED_EDGE('',*,*,#1398,.F.);
#761=ORIENTED_EDGE('',*,*,#1399,.F.);
#762=ORIENTED_EDGE('',*,*,#1400,.T.);
#763=ORIENTED_EDGE('',*,*,#1401,.T.);
#764=ORIENTED_EDGE('',*,*,#1402,.F.);
#765=ORIENTED_EDGE('',*,*,#1403,.F.);
#766=ORIENTED_EDGE('',*,*,#1404,.T.);
#767=ORIENTED_EDGE('',*,*,#1399,.T.);
#768=ORIENTED_EDGE('',*,*,#1405,.F.);
#769=ORIENTED_EDGE('',*,*,#1406,.F.);
#770=ORIENTED_EDGE('',*,*,#1407,.T.);
#771=ORIENTED_EDGE('',*,*,#1403,.T.);
#772=ORIENTED_EDGE('',*,*,#1408,.F.);
#773=ORIENTED_EDGE('',*,*,#1409,.F.);
#774=ORIENTED_EDGE('',*,*,#1410,.T.);
#775=ORIENTED_EDGE('',*,*,#1406,.T.);
#776=ORIENTED_EDGE('',*,*,#1411,.F.);
#777=ORIENTED_EDGE('',*,*,#1412,.F.);
#778=ORIENTED_EDGE('',*,*,#1413,.T.);
#779=ORIENTED_EDGE('',*,*,#1409,.T.);
#780=ORIENTED_EDGE('',*,*,#1414,.F.);
#781=ORIENTED_EDGE('',*,*,#1415,.F.);
#782=ORIENTED_EDGE('',*,*,#1416,.T.);
#783=ORIENTED_EDGE('',*,*,#1412,.T.);
#784=ORIENTED_EDGE('',*,*,#1417,.F.);
#785=ORIENTED_EDGE('',*,*,#1418,.F.);
#786=ORIENTED_EDGE('',*,*,#1419,.T.);
#787=ORIENTED_EDGE('',*,*,#1415,.T.);
#788=ORIENTED_EDGE('',*,*,#1420,.F.);
#789=ORIENTED_EDGE('',*,*,#1421,.F.);
#790=ORIENTED_EDGE('',*,*,#1422,.T.);
#791=ORIENTED_EDGE('',*,*,#1418,.T.);
#792=ORIENTED_EDGE('',*,*,#1423,.F.);
#793=ORIENTED_EDGE('',*,*,#1424,.F.);
#794=ORIENTED_EDGE('',*,*,#1425,.T.);
#795=ORIENTED_EDGE('',*,*,#1421,.T.);
#796=ORIENTED_EDGE('',*,*,#1426,.F.);
#797=ORIENTED_EDGE('',*,*,#1427,.F.);
#798=ORIENTED_EDGE('',*,*,#1428,.T.);
#799=ORIENTED_EDGE('',*,*,#1424,.T.);
#800=ORIENTED_EDGE('',*,*,#1429,.F.);
#801=ORIENTED_EDGE('',*,*,#1430,.F.);
#802=ORIENTED_EDGE('',*,*,#1431,.T.);
#803=ORIENTED_EDGE('',*,*,#1427,.T.);
#804=ORIENTED_EDGE('',*,*,#1432,.F.);
#805=ORIENTED_EDGE('',*,*,#1433,.F.);
#806=ORIENTED_EDGE('',*,*,#1434,.T.);
#807=ORIENTED_EDGE('',*,*,#1430,.T.);
#808=ORIENTED_EDGE('',*,*,#1435,.F.);
#809=ORIENTED_EDGE('',*,*,#1436,.F.);
#810=ORIENTED_EDGE('',*,*,#1437,.T.);
#811=ORIENTED_EDGE('',*,*,#1433,.T.);
#812=ORIENTED_EDGE('',*,*,#1438,.F.);
#813=ORIENTED_EDGE('',*,*,#1439,.F.);
#814=ORIENTED_EDGE('',*,*,#1440,.T.);
#815=ORIENTED_EDGE('',*,*,#1436,.T.);
#816=ORIENTED_EDGE('',*,*,#1441,.F.);
#817=ORIENTED_EDGE('',*,*,#1442,.F.);
#818=ORIENTED_EDGE('',*,*,#1443,.T.);
#819=ORIENTED_EDGE('',*,*,#1439,.T.);
#820=ORIENTED_EDGE('',*,*,#1444,.F.);
#821=ORIENTED_EDGE('',*,*,#1401,.F.);
#822=ORIENTED_EDGE('',*,*,#1445,.T.);
#823=ORIENTED_EDGE('',*,*,#1442,.T.);
#824=ORIENTED_EDGE('',*,*,#1446,.T.);
#825=ORIENTED_EDGE('',*,*,#1079,.F.);
#826=ORIENTED_EDGE('',*,*,#1447,.F.);
#827=ORIENTED_EDGE('',*,*,#1396,.T.);
#828=ORIENTED_EDGE('',*,*,#1400,.F.);
#829=ORIENTED_EDGE('',*,*,#1404,.F.);
#830=ORIENTED_EDGE('',*,*,#1407,.F.);
#831=ORIENTED_EDGE('',*,*,#1410,.F.);
#832=ORIENTED_EDGE('',*,*,#1413,.F.);
#833=ORIENTED_EDGE('',*,*,#1416,.F.);
#834=ORIENTED_EDGE('',*,*,#1419,.F.);
#835=ORIENTED_EDGE('',*,*,#1422,.F.);
#836=ORIENTED_EDGE('',*,*,#1425,.F.);
#837=ORIENTED_EDGE('',*,*,#1428,.F.);
#838=ORIENTED_EDGE('',*,*,#1431,.F.);
#839=ORIENTED_EDGE('',*,*,#1434,.F.);
#840=ORIENTED_EDGE('',*,*,#1437,.F.);
#841=ORIENTED_EDGE('',*,*,#1440,.F.);
#842=ORIENTED_EDGE('',*,*,#1443,.F.);
#843=ORIENTED_EDGE('',*,*,#1445,.F.);
#844=ORIENTED_EDGE('',*,*,#1078,.T.);
#845=ORIENTED_EDGE('',*,*,#1082,.T.);
#846=ORIENTED_EDGE('',*,*,#1085,.T.);
#847=ORIENTED_EDGE('',*,*,#1088,.T.);
#848=ORIENTED_EDGE('',*,*,#1091,.T.);
#849=ORIENTED_EDGE('',*,*,#1094,.T.);
#850=ORIENTED_EDGE('',*,*,#1097,.T.);
#851=ORIENTED_EDGE('',*,*,#1100,.T.);
#852=ORIENTED_EDGE('',*,*,#1103,.T.);
#853=ORIENTED_EDGE('',*,*,#1106,.T.);
#854=ORIENTED_EDGE('',*,*,#1109,.T.);
#855=ORIENTED_EDGE('',*,*,#1112,.T.);
#856=ORIENTED_EDGE('',*,*,#1115,.T.);
#857=ORIENTED_EDGE('',*,*,#1118,.T.);
#858=ORIENTED_EDGE('',*,*,#1121,.T.);
#859=ORIENTED_EDGE('',*,*,#1124,.T.);
#860=ORIENTED_EDGE('',*,*,#1127,.T.);
#861=ORIENTED_EDGE('',*,*,#1130,.T.);
#862=ORIENTED_EDGE('',*,*,#1133,.T.);
#863=ORIENTED_EDGE('',*,*,#1136,.T.);
#864=ORIENTED_EDGE('',*,*,#1139,.T.);
#865=ORIENTED_EDGE('',*,*,#1142,.T.);
#866=ORIENTED_EDGE('',*,*,#1145,.T.);
#867=ORIENTED_EDGE('',*,*,#1148,.T.);
#868=ORIENTED_EDGE('',*,*,#1151,.T.);
#869=ORIENTED_EDGE('',*,*,#1154,.T.);
#870=ORIENTED_EDGE('',*,*,#1157,.T.);
#871=ORIENTED_EDGE('',*,*,#1160,.T.);
#872=ORIENTED_EDGE('',*,*,#1163,.T.);
#873=ORIENTED_EDGE('',*,*,#1166,.T.);
#874=ORIENTED_EDGE('',*,*,#1169,.T.);
#875=ORIENTED_EDGE('',*,*,#1172,.T.);
#876=ORIENTED_EDGE('',*,*,#1175,.T.);
#877=ORIENTED_EDGE('',*,*,#1178,.T.);
#878=ORIENTED_EDGE('',*,*,#1181,.T.);
#879=ORIENTED_EDGE('',*,*,#1184,.T.);
#880=ORIENTED_EDGE('',*,*,#1187,.T.);
#881=ORIENTED_EDGE('',*,*,#1190,.T.);
#882=ORIENTED_EDGE('',*,*,#1193,.T.);
#883=ORIENTED_EDGE('',*,*,#1196,.T.);
#884=ORIENTED_EDGE('',*,*,#1199,.T.);
#885=ORIENTED_EDGE('',*,*,#1202,.T.);
#886=ORIENTED_EDGE('',*,*,#1205,.T.);
#887=ORIENTED_EDGE('',*,*,#1208,.T.);
#888=ORIENTED_EDGE('',*,*,#1211,.T.);
#889=ORIENTED_EDGE('',*,*,#1214,.T.);
#890=ORIENTED_EDGE('',*,*,#1217,.T.);
#891=ORIENTED_EDGE('',*,*,#1220,.T.);
#892=ORIENTED_EDGE('',*,*,#1223,.T.);
#893=ORIENTED_EDGE('',*,*,#1226,.T.);
#894=ORIENTED_EDGE('',*,*,#1229,.T.);
#895=ORIENTED_EDGE('',*,*,#1232,.T.);
#896=ORIENTED_EDGE('',*,*,#1235,.T.);
#897=ORIENTED_EDGE('',*,*,#1238,.T.);
#898=ORIENTED_EDGE('',*,*,#1241,.T.);
#899=ORIENTED_EDGE('',*,*,#1244,.T.);
#900=ORIENTED_EDGE('',*,*,#1247,.T.);
#901=ORIENTED_EDGE('',*,*,#1250,.T.);
#902=ORIENTED_EDGE('',*,*,#1253,.T.);
#903=ORIENTED_EDGE('',*,*,#1256,.T.);
#904=ORIENTED_EDGE('',*,*,#1259,.T.);
#905=ORIENTED_EDGE('',*,*,#1262,.T.);
#906=ORIENTED_EDGE('',*,*,#1265,.T.);
#907=ORIENTED_EDGE('',*,*,#1268,.T.);
#908=ORIENTED_EDGE('',*,*,#1271,.T.);
#909=ORIENTED_EDGE('',*,*,#1274,.T.);
#910=ORIENTED_EDGE('',*,*,#1277,.T.);
#911=ORIENTED_EDGE('',*,*,#1280,.T.);
#912=ORIENTED_EDGE('',*,*,#1283,.T.);
#913=ORIENTED_EDGE('',*,*,#1286,.T.);
#914=ORIENTED_EDGE('',*,*,#1289,.T.);
#915=ORIENTED_EDGE('',*,*,#1292,.T.);
#916=ORIENTED_EDGE('',*,*,#1295,.T.);
#917=ORIENTED_EDGE('',*,*,#1298,.T.);
#918=ORIENTED_EDGE('',*,*,#1301,.T.);
#919=ORIENTED_EDGE('',*,*,#1304,.T.);
#920=ORIENTED_EDGE('',*,*,#1307,.T.);
#921=ORIENTED_EDGE('',*,*,#1310,.T.);
#922=ORIENTED_EDGE('',*,*,#1313,.T.);
#923=ORIENTED_EDGE('',*,*,#1316,.T.);
#924=ORIENTED_EDGE('',*,*,#1319,.T.);
#925=ORIENTED_EDGE('',*,*,#1322,.T.);
#926=ORIENTED_EDGE('',*,*,#1325,.T.);
#927=ORIENTED_EDGE('',*,*,#1328,.T.);
#928=ORIENTED_EDGE('',*,*,#1331,.T.);
#929=ORIENTED_EDGE('',*,*,#1334,.T.);
#930=ORIENTED_EDGE('',*,*,#1337,.T.);
#931=ORIENTED_EDGE('',*,*,#1340,.T.);
#932=ORIENTED_EDGE('',*,*,#1343,.T.);
#933=ORIENTED_EDGE('',*,*,#1346,.T.);
#934=ORIENTED_EDGE('',*,*,#1349,.T.);
#935=ORIENTED_EDGE('',*,*,#1352,.T.);
#936=ORIENTED_EDGE('',*,*,#1355,.T.);
#937=ORIENTED_EDGE('',*,*,#1358,.T.);
#938=ORIENTED_EDGE('',*,*,#1361,.T.);
#939=ORIENTED_EDGE('',*,*,#1364,.T.);
#940=ORIENTED_EDGE('',*,*,#1367,.T.);
#941=ORIENTED_EDGE('',*,*,#1370,.T.);
#942=ORIENTED_EDGE('',*,*,#1373,.T.);
#943=ORIENTED_EDGE('',*,*,#1376,.T.);
#944=ORIENTED_EDGE('',*,*,#1379,.T.);
#945=ORIENTED_EDGE('',*,*,#1382,.T.);
#946=ORIENTED_EDGE('',*,*,#1385,.T.);
#947=ORIENTED_EDGE('',*,*,#1388,.T.);
#948=ORIENTED_EDGE('',*,*,#1391,.T.);
#949=ORIENTED_EDGE('',*,*,#1394,.T.);
#950=ORIENTED_EDGE('',*,*,#1397,.T.);
#951=ORIENTED_EDGE('',*,*,#1447,.T.);
#952=ORIENTED_EDGE('',*,*,#1398,.T.);
#953=ORIENTED_EDGE('',*,*,#1444,.T.);
#954=ORIENTED_EDGE('',*,*,#1441,.T.);
#955=ORIENTED_EDGE('',*,*,#1438,.T.);
#956=ORIENTED_EDGE('',*,*,#1435,.T.);
#957=ORIENTED_EDGE('',*,*,#1432,.T.);
#958=ORIENTED_EDGE('',*,*,#1429,.T.);
#959=ORIENTED_EDGE('',*,*,#1426,.T.);
#960=ORIENTED_EDGE('',*,*,#1423,.T.);
#961=ORIENTED_EDGE('',*,*,#1420,.T.);
#962=ORIENTED_EDGE('',*,*,#1417,.T.);
#963=ORIENTED_EDGE('',*,*,#1414,.T.);
#964=ORIENTED_EDGE('',*,*,#1411,.T.);
#965=ORIENTED_EDGE('',*,*,#1408,.T.);
#966=ORIENTED_EDGE('',*,*,#1405,.T.);
#967=ORIENTED_EDGE('',*,*,#1402,.T.);
#968=ORIENTED_EDGE('',*,*,#1076,.F.);
#969=ORIENTED_EDGE('',*,*,#1446,.F.);
#970=ORIENTED_EDGE('',*,*,#1395,.F.);
#971=ORIENTED_EDGE('',*,*,#1392,.F.);
#972=ORIENTED_EDGE('',*,*,#1389,.F.);
#973=ORIENTED_EDGE('',*,*,#1386,.F.);
#974=ORIENTED_EDGE('',*,*,#1383,.F.);
#975=ORIENTED_EDGE('',*,*,#1380,.F.);
#976=ORIENTED_EDGE('',*,*,#1377,.F.);
#977=ORIENTED_EDGE('',*,*,#1374,.F.);
#978=ORIENTED_EDGE('',*,*,#1371,.F.);
#979=ORIENTED_EDGE('',*,*,#1368,.F.);
#980=ORIENTED_EDGE('',*,*,#1365,.F.);
#981=ORIENTED_EDGE('',*,*,#1362,.F.);
#982=ORIENTED_EDGE('',*,*,#1359,.F.);
#983=ORIENTED_EDGE('',*,*,#1356,.F.);
#984=ORIENTED_EDGE('',*,*,#1353,.F.);
#985=ORIENTED_EDGE('',*,*,#1350,.F.);
#986=ORIENTED_EDGE('',*,*,#1347,.F.);
#987=ORIENTED_EDGE('',*,*,#1344,.F.);
#988=ORIENTED_EDGE('',*,*,#1341,.F.);
#989=ORIENTED_EDGE('',*,*,#1338,.F.);
#990=ORIENTED_EDGE('',*,*,#1335,.F.);
#991=ORIENTED_EDGE('',*,*,#1332,.F.);
#992=ORIENTED_EDGE('',*,*,#1329,.F.);
#993=ORIENTED_EDGE('',*,*,#1326,.F.);
#994=ORIENTED_EDGE('',*,*,#1323,.F.);
#995=ORIENTED_EDGE('',*,*,#1320,.F.);
#996=ORIENTED_EDGE('',*,*,#1317,.F.);
#997=ORIENTED_EDGE('',*,*,#1314,.F.);
#998=ORIENTED_EDGE('',*,*,#1311,.F.);
#999=ORIENTED_EDGE('',*,*,#1308,.F.);
#1000=ORIENTED_EDGE('',*,*,#1305,.F.);
#1001=ORIENTED_EDGE('',*,*,#1302,.F.);
#1002=ORIENTED_EDGE('',*,*,#1299,.F.);
#1003=ORIENTED_EDGE('',*,*,#1296,.F.);
#1004=ORIENTED_EDGE('',*,*,#1293,.F.);
#1005=ORIENTED_EDGE('',*,*,#1290,.F.);
#1006=ORIENTED_EDGE('',*,*,#1287,.F.);
#1007=ORIENTED_EDGE('',*,*,#1284,.F.);
#1008=ORIENTED_EDGE('',*,*,#1281,.F.);
#1009=ORIENTED_EDGE('',*,*,#1278,.F.);
#1010=ORIENTED_EDGE('',*,*,#1275,.F.);
#1011=ORIENTED_EDGE('',*,*,#1272,.F.);
#1012=ORIENTED_EDGE('',*,*,#1269,.F.);
#1013=ORIENTED_EDGE('',*,*,#1266,.F.);
#1014=ORIENTED_EDGE('',*,*,#1263,.F.);
#1015=ORIENTED_EDGE('',*,*,#1260,.F.);
#1016=ORIENTED_EDGE('',*,*,#1257,.F.);
#1017=ORIENTED_EDGE('',*,*,#1254,.F.);
#1018=ORIENTED_EDGE('',*,*,#1251,.F.);
#1019=ORIENTED_EDGE('',*,*,#1248,.F.);
#1020=ORIENTED_EDGE('',*,*,#1245,.F.);
#1021=ORIENTED_EDGE('',*,*,#1242,.F.);
#1022=ORIENTED_EDGE('',*,*,#1239,.F.);
#1023=ORIENTED_EDGE('',*,*,#1236,.F.);
#1024=ORIENTED_EDGE('',*,*,#1233,.F.);
#1025=ORIENTED_EDGE('',*,*,#1230,.F.);
#1026=ORIENTED_EDGE('',*,*,#1227,.F.);
#1027=ORIENTED_EDGE('',*,*,#1224,.F.);
#1028=ORIENTED_EDGE('',*,*,#1221,.F.);
#1029=ORIENTED_EDGE('',*,*,#1218,.F.);
#1030=ORIENTED_EDGE('',*,*,#1215,.F.);
#1031=ORIENTED_EDGE('',*,*,#1212,.F.);
#1032=ORIENTED_EDGE('',*,*,#1209,.F.);
#1033=ORIENTED_EDGE('',*,*,#1206,.F.);
#1034=ORIENTED_EDGE('',*,*,#1203,.F.);
#1035=ORIENTED_EDGE('',*,*,#1200,.F.);
#1036=ORIENTED_EDGE('',*,*,#1197,.F.);
#1037=ORIENTED_EDGE('',*,*,#1194,.F.);
#1038=ORIENTED_EDGE('',*,*,#1191,.F.);
#1039=ORIENTED_EDGE('',*,*,#1188,.F.);
#1040=ORIENTED_EDGE('',*,*,#1185,.F.);
#1041=ORIENTED_EDGE('',*,*,#1182,.F.);
#1042=ORIENTED_EDGE('',*,*,#1179,.F.);
#1043=ORIENTED_EDGE('',*,*,#1176,.F.);
#1044=ORIENTED_EDGE('',*,*,#1173,.F.);
#1045=ORIENTED_EDGE('',*,*,#1170,.F.);
#1046=ORIENTED_EDGE('',*,*,#1167,.F.);
#1047=ORIENTED_EDGE('',*,*,#1164,.F.);
#1048=ORIENTED_EDGE('',*,*,#1161,.F.);
#1049=ORIENTED_EDGE('',*,*,#1158,.F.);
#1050=ORIENTED_EDGE('',*,*,#1155,.F.);
#1051=ORIENTED_EDGE('',*,*,#1152,.F.);
#1052=ORIENTED_EDGE('',*,*,#1149,.F.);
#1053=ORIENTED_EDGE('',*,*,#1146,.F.);
#1054=ORIENTED_EDGE('',*,*,#1143,.F.);
#1055=ORIENTED_EDGE('',*,*,#1140,.F.);
#1056=ORIENTED_EDGE('',*,*,#1137,.F.);
#1057=ORIENTED_EDGE('',*,*,#1134,.F.);
#1058=ORIENTED_EDGE('',*,*,#1131,.F.);
#1059=ORIENTED_EDGE('',*,*,#1128,.F.);
#1060=ORIENTED_EDGE('',*,*,#1125,.F.);
#1061=ORIENTED_EDGE('',*,*,#1122,.F.);
#1062=ORIENTED_EDGE('',*,*,#1119,.F.);
#1063=ORIENTED_EDGE('',*,*,#1116,.F.);
#1064=ORIENTED_EDGE('',*,*,#1113,.F.);
#1065=ORIENTED_EDGE('',*,*,#1110,.F.);
#1066=ORIENTED_EDGE('',*,*,#1107,.F.);
#1067=ORIENTED_EDGE('',*,*,#1104,.F.);
#1068=ORIENTED_EDGE('',*,*,#1101,.F.);
#1069=ORIENTED_EDGE('',*,*,#1098,.F.);
#1070=ORIENTED_EDGE('',*,*,#1095,.F.);
#1071=ORIENTED_EDGE('',*,*,#1092,.F.);
#1072=ORIENTED_EDGE('',*,*,#1089,.F.);
#1073=ORIENTED_EDGE('',*,*,#1086,.F.);
#1074=ORIENTED_EDGE('',*,*,#1083,.F.);
#1075=ORIENTED_EDGE('',*,*,#1080,.F.);
#1076=EDGE_CURVE('',#1448,#1449,#1696,.T.);
#1077=EDGE_CURVE('',#1450,#1449,#28,.T.);
#1078=EDGE_CURVE('',#1451,#1450,#1697,.T.);
#1079=EDGE_CURVE('',#1451,#1448,#29,.T.);
#1080=EDGE_CURVE('',#1449,#1452,#1698,.T.);
#1081=EDGE_CURVE('',#1453,#1452,#30,.T.);
#1082=EDGE_CURVE('',#1450,#1453,#1699,.T.);
#1083=EDGE_CURVE('',#1452,#1454,#1700,.T.);
#1084=EDGE_CURVE('',#1455,#1454,#31,.T.);
#1085=EDGE_CURVE('',#1453,#1455,#1701,.T.);
#1086=EDGE_CURVE('',#1454,#1456,#1702,.T.);
#1087=EDGE_CURVE('',#1457,#1456,#32,.T.);
#1088=EDGE_CURVE('',#1455,#1457,#1703,.T.);
#1089=EDGE_CURVE('',#1456,#1458,#1704,.T.);
#1090=EDGE_CURVE('',#1459,#1458,#33,.T.);
#1091=EDGE_CURVE('',#1457,#1459,#1705,.T.);
#1092=EDGE_CURVE('',#1458,#1460,#1706,.T.);
#1093=EDGE_CURVE('',#1461,#1460,#34,.T.);
#1094=EDGE_CURVE('',#1459,#1461,#1707,.T.);
#1095=EDGE_CURVE('',#1460,#1462,#1708,.T.);
#1096=EDGE_CURVE('',#1463,#1462,#35,.T.);
#1097=EDGE_CURVE('',#1461,#1463,#1709,.T.);
#1098=EDGE_CURVE('',#1462,#1464,#1710,.T.);
#1099=EDGE_CURVE('',#1465,#1464,#36,.T.);
#1100=EDGE_CURVE('',#1463,#1465,#1711,.T.);
#1101=EDGE_CURVE('',#1464,#1466,#1712,.T.);
#1102=EDGE_CURVE('',#1467,#1466,#37,.T.);
#1103=EDGE_CURVE('',#1465,#1467,#1713,.T.);
#1104=EDGE_CURVE('',#1466,#1468,#38,.T.);
#1105=EDGE_CURVE('',#1469,#1468,#39,.T.);
#1106=EDGE_CURVE('',#1467,#1469,#40,.T.);
#1107=EDGE_CURVE('',#1468,#1470,#41,.T.);
#1108=EDGE_CURVE('',#1471,#1470,#42,.T.);
#1109=EDGE_CURVE('',#1469,#1471,#43,.T.);
#1110=EDGE_CURVE('',#1470,#1472,#1714,.T.);
#1111=EDGE_CURVE('',#1473,#1472,#44,.T.);
#1112=EDGE_CURVE('',#1471,#1473,#1715,.T.);
#1113=EDGE_CURVE('',#1472,#1474,#1716,.T.);
#1114=EDGE_CURVE('',#1475,#1474,#45,.T.);
#1115=EDGE_CURVE('',#1473,#1475,#1717,.T.);
#1116=EDGE_CURVE('',#1474,#1476,#1718,.T.);
#1117=EDGE_CURVE('',#1477,#1476,#46,.T.);
#1118=EDGE_CURVE('',#1475,#1477,#1719,.T.);
#1119=EDGE_CURVE('',#1476,#1478,#1720,.T.);
#1120=EDGE_CURVE('',#1479,#1478,#47,.T.);
#1121=EDGE_CURVE('',#1477,#1479,#1721,.T.);
#1122=EDGE_CURVE('',#1478,#1480,#1722,.T.);
#1123=EDGE_CURVE('',#1481,#1480,#48,.T.);
#1124=EDGE_CURVE('',#1479,#1481,#1723,.T.);
#1125=EDGE_CURVE('',#1480,#1482,#1724,.T.);
#1126=EDGE_CURVE('',#1483,#1482,#49,.T.);
#1127=EDGE_CURVE('',#1481,#1483,#1725,.T.);
#1128=EDGE_CURVE('',#1482,#1484,#1726,.T.);
#1129=EDGE_CURVE('',#1485,#1484,#50,.T.);
#1130=EDGE_CURVE('',#1483,#1485,#1727,.T.);
#1131=EDGE_CURVE('',#1484,#1486,#1728,.T.);
#1132=EDGE_CURVE('',#1487,#1486,#51,.T.);
#1133=EDGE_CURVE('',#1485,#1487,#1729,.T.);
#1134=EDGE_CURVE('',#1486,#1488,#1730,.T.);
#1135=EDGE_CURVE('',#1489,#1488,#52,.T.);
#1136=EDGE_CURVE('',#1487,#1489,#1731,.T.);
#1137=EDGE_CURVE('',#1488,#1490,#1732,.T.);
#1138=EDGE_CURVE('',#1491,#1490,#53,.T.);
#1139=EDGE_CURVE('',#1489,#1491,#1733,.T.);
#1140=EDGE_CURVE('',#1490,#1492,#1734,.T.);
#1141=EDGE_CURVE('',#1493,#1492,#54,.T.);
#1142=EDGE_CURVE('',#1491,#1493,#1735,.T.);
#1143=EDGE_CURVE('',#1492,#1494,#1736,.T.);
#1144=EDGE_CURVE('',#1495,#1494,#55,.T.);
#1145=EDGE_CURVE('',#1493,#1495,#1737,.T.);
#1146=EDGE_CURVE('',#1494,#1496,#1738,.T.);
#1147=EDGE_CURVE('',#1497,#1496,#56,.T.);
#1148=EDGE_CURVE('',#1495,#1497,#1739,.T.);
#1149=EDGE_CURVE('',#1496,#1498,#1740,.T.);
#1150=EDGE_CURVE('',#1499,#1498,#57,.T.);
#1151=EDGE_CURVE('',#1497,#1499,#1741,.T.);
#1152=EDGE_CURVE('',#1498,#1500,#1742,.T.);
#1153=EDGE_CURVE('',#1501,#1500,#58,.T.);
#1154=EDGE_CURVE('',#1499,#1501,#1743,.T.);
#1155=EDGE_CURVE('',#1500,#1502,#1744,.T.);
#1156=EDGE_CURVE('',#1503,#1502,#59,.T.);
#1157=EDGE_CURVE('',#1501,#1503,#1745,.T.);
#1158=EDGE_CURVE('',#1502,#1504,#1746,.T.);
#1159=EDGE_CURVE('',#1505,#1504,#60,.T.);
#1160=EDGE_CURVE('',#1503,#1505,#1747,.T.);
#1161=EDGE_CURVE('',#1504,#1506,#1748,.T.);
#1162=EDGE_CURVE('',#1507,#1506,#61,.T.);
#1163=EDGE_CURVE('',#1505,#1507,#1749,.T.);
#1164=EDGE_CURVE('',#1506,#1508,#1750,.T.);
#1165=EDGE_CURVE('',#1509,#1508,#62,.T.);
#1166=EDGE_CURVE('',#1507,#1509,#1751,.T.);
#1167=EDGE_CURVE('',#1508,#1510,#1752,.T.);
#1168=EDGE_CURVE('',#1511,#1510,#63,.T.);
#1169=EDGE_CURVE('',#1509,#1511,#1753,.T.);
#1170=EDGE_CURVE('',#1510,#1512,#1754,.T.);
#1171=EDGE_CURVE('',#1513,#1512,#64,.T.);
#1172=EDGE_CURVE('',#1511,#1513,#1755,.T.);
#1173=EDGE_CURVE('',#1512,#1514,#1756,.T.);
#1174=EDGE_CURVE('',#1515,#1514,#65,.T.);
#1175=EDGE_CURVE('',#1513,#1515,#1757,.T.);
#1176=EDGE_CURVE('',#1514,#1516,#1758,.T.);
#1177=EDGE_CURVE('',#1517,#1516,#66,.T.);
#1178=EDGE_CURVE('',#1515,#1517,#1759,.T.);
#1179=EDGE_CURVE('',#1516,#1518,#1760,.T.);
#1180=EDGE_CURVE('',#1519,#1518,#67,.T.);
#1181=EDGE_CURVE('',#1517,#1519,#1761,.T.);
#1182=EDGE_CURVE('',#1518,#1520,#1762,.T.);
#1183=EDGE_CURVE('',#1521,#1520,#68,.T.);
#1184=EDGE_CURVE('',#1519,#1521,#1763,.T.);
#1185=EDGE_CURVE('',#1520,#1522,#1764,.T.);
#1186=EDGE_CURVE('',#1523,#1522,#69,.T.);
#1187=EDGE_CURVE('',#1521,#1523,#1765,.T.);
#1188=EDGE_CURVE('',#1522,#1524,#1766,.T.);
#1189=EDGE_CURVE('',#1525,#1524,#70,.T.);
#1190=EDGE_CURVE('',#1523,#1525,#1767,.T.);
#1191=EDGE_CURVE('',#1524,#1526,#1768,.T.);
#1192=EDGE_CURVE('',#1527,#1526,#71,.T.);
#1193=EDGE_CURVE('',#1525,#1527,#1769,.T.);
#1194=EDGE_CURVE('',#1526,#1528,#72,.T.);
#1195=EDGE_CURVE('',#1529,#1528,#73,.T.);
#1196=EDGE_CURVE('',#1527,#1529,#74,.T.);
#1197=EDGE_CURVE('',#1528,#1530,#75,.T.);
#1198=EDGE_CURVE('',#1531,#1530,#76,.T.);
#1199=EDGE_CURVE('',#1529,#1531,#77,.T.);
#1200=EDGE_CURVE('',#1530,#1532,#78,.T.);
#1201=EDGE_CURVE('',#1533,#1532,#79,.T.);
#1202=EDGE_CURVE('',#1531,#1533,#80,.T.);
#1203=EDGE_CURVE('',#1532,#1534,#81,.T.);
#1204=EDGE_CURVE('',#1535,#1534,#82,.T.);
#1205=EDGE_CURVE('',#1533,#1535,#83,.T.);
#1206=EDGE_CURVE('',#1534,#1536,#84,.T.);
#1207=EDGE_CURVE('',#1537,#1536,#85,.T.);
#1208=EDGE_CURVE('',#1535,#1537,#86,.T.);
#1209=EDGE_CURVE('',#1536,#1538,#87,.T.);
#1210=EDGE_CURVE('',#1539,#1538,#88,.T.);
#1211=EDGE_CURVE('',#1537,#1539,#89,.T.);
#1212=EDGE_CURVE('',#1538,#1540,#1770,.T.);
#1213=EDGE_CURVE('',#1541,#1540,#90,.T.);
#1214=EDGE_CURVE('',#1539,#1541,#1771,.T.);
#1215=EDGE_CURVE('',#1540,#1542,#1772,.T.);
#1216=EDGE_CURVE('',#1543,#1542,#91,.T.);
#1217=EDGE_CURVE('',#1541,#1543,#1773,.T.);
#1218=EDGE_CURVE('',#1542,#1544,#1774,.T.);
#1219=EDGE_CURVE('',#1545,#1544,#92,.T.);
#1220=EDGE_CURVE('',#1543,#1545,#1775,.T.);
#1221=EDGE_CURVE('',#1544,#1546,#1776,.T.);
#1222=EDGE_CURVE('',#1547,#1546,#93,.T.);
#1223=EDGE_CURVE('',#1545,#1547,#1777,.T.);
#1224=EDGE_CURVE('',#1546,#1548,#94,.T.);
#1225=EDGE_CURVE('',#1549,#1548,#95,.T.);
#1226=EDGE_CURVE('',#1547,#1549,#96,.T.);
#1227=EDGE_CURVE('',#1548,#1550,#97,.T.);
#1228=EDGE_CURVE('',#1551,#1550,#98,.T.);
#1229=EDGE_CURVE('',#1549,#1551,#99,.T.);
#1230=EDGE_CURVE('',#1550,#1552,#1778,.T.);
#1231=EDGE_CURVE('',#1553,#1552,#100,.T.);
#1232=EDGE_CURVE('',#1551,#1553,#1779,.T.);
#1233=EDGE_CURVE('',#1552,#1554,#1780,.T.);
#1234=EDGE_CURVE('',#1555,#1554,#101,.T.);
#1235=EDGE_CURVE('',#1553,#1555,#1781,.T.);
#1236=EDGE_CURVE('',#1554,#1556,#1782,.T.);
#1237=EDGE_CURVE('',#1557,#1556,#102,.T.);
#1238=EDGE_CURVE('',#1555,#1557,#1783,.T.);
#1239=EDGE_CURVE('',#1556,#1558,#1784,.T.);
#1240=EDGE_CURVE('',#1559,#1558,#103,.T.);
#1241=EDGE_CURVE('',#1557,#1559,#1785,.T.);
#1242=EDGE_CURVE('',#1558,#1560,#1786,.T.);
#1243=EDGE_CURVE('',#1561,#1560,#104,.T.);
#1244=EDGE_CURVE('',#1559,#1561,#1787,.T.);
#1245=EDGE_CURVE('',#1560,#1562,#1788,.T.);
#1246=EDGE_CURVE('',#1563,#1562,#105,.T.);
#1247=EDGE_CURVE('',#1561,#1563,#1789,.T.);
#1248=EDGE_CURVE('',#1562,#1564,#1790,.T.);
#1249=EDGE_CURVE('',#1565,#1564,#106,.T.);
#1250=EDGE_CURVE('',#1563,#1565,#1791,.T.);
#1251=EDGE_CURVE('',#1564,#1566,#1792,.T.);
#1252=EDGE_CURVE('',#1567,#1566,#107,.T.);
#1253=EDGE_CURVE('',#1565,#1567,#1793,.T.);
#1254=EDGE_CURVE('',#1566,#1568,#1794,.T.);
#1255=EDGE_CURVE('',#1569,#1568,#108,.T.);
#1256=EDGE_CURVE('',#1567,#1569,#1795,.T.);
#1257=EDGE_CURVE('',#1568,#1570,#1796,.T.);
#1258=EDGE_CURVE('',#1571,#1570,#109,.T.);
#1259=EDGE_CURVE('',#1569,#1571,#1797,.T.);
#1260=EDGE_CURVE('',#1570,#1572,#1798,.T.);
#1261=EDGE_CURVE('',#1573,#1572,#110,.T.);
#1262=EDGE_CURVE('',#1571,#1573,#1799,.T.);
#1263=EDGE_CURVE('',#1572,#1574,#1800,.T.);
#1264=EDGE_CURVE('',#1575,#1574,#111,.T.);
#1265=EDGE_CURVE('',#1573,#1575,#1801,.T.);
#1266=EDGE_CURVE('',#1574,#1576,#1802,.T.);
#1267=EDGE_CURVE('',#1577,#1576,#112,.T.);
#1268=EDGE_CURVE('',#1575,#1577,#1803,.T.);
#1269=EDGE_CURVE('',#1576,#1578,#1804,.T.);
#1270=EDGE_CURVE('',#1579,#1578,#113,.T.);
#1271=EDGE_CURVE('',#1577,#1579,#1805,.T.);
#1272=EDGE_CURVE('',#1578,#1580,#1806,.T.);
#1273=EDGE_CURVE('',#1581,#1580,#114,.T.);
#1274=EDGE_CURVE('',#1579,#1581,#1807,.T.);
#1275=EDGE_CURVE('',#1580,#1582,#1808,.T.);
#1276=EDGE_CURVE('',#1583,#1582,#115,.T.);
#1277=EDGE_CURVE('',#1581,#1583,#1809,.T.);
#1278=EDGE_CURVE('',#1582,#1584,#1810,.T.);
#1279=EDGE_CURVE('',#1585,#1584,#116,.T.);
#1280=EDGE_CURVE('',#1583,#1585,#1811,.T.);
#1281=EDGE_CURVE('',#1584,#1586,#1812,.T.);
#1282=EDGE_CURVE('',#1587,#1586,#117,.T.);
#1283=EDGE_CURVE('',#1585,#1587,#1813,.T.);
#1284=EDGE_CURVE('',#1586,#1588,#1814,.T.);
#1285=EDGE_CURVE('',#1589,#1588,#118,.T.);
#1286=EDGE_CURVE('',#1587,#1589,#1815,.T.);
#1287=EDGE_CURVE('',#1588,#1590,#1816,.T.);
#1288=EDGE_CURVE('',#1591,#1590,#119,.T.);
#1289=EDGE_CURVE('',#1589,#1591,#1817,.T.);
#1290=EDGE_CURVE('',#1590,#1592,#1818,.T.);
#1291=EDGE_CURVE('',#1593,#1592,#120,.T.);
#1292=EDGE_CURVE('',#1591,#1593,#1819,.T.);
#1293=EDGE_CURVE('',#1592,#1594,#1820,.T.);
#1294=EDGE_CURVE('',#1595,#1594,#121,.T.);
#1295=EDGE_CURVE('',#1593,#1595,#1821,.T.);
#1296=EDGE_CURVE('',#1594,#1596,#1822,.T.);
#1297=EDGE_CURVE('',#1597,#1596,#122,.T.);
#1298=EDGE_CURVE('',#1595,#1597,#1823,.T.);
#1299=EDGE_CURVE('',#1596,#1598,#1824,.T.);
#1300=EDGE_CURVE('',#1599,#1598,#123,.T.);
#1301=EDGE_CURVE('',#1597,#1599,#1825,.T.);
#1302=EDGE_CURVE('',#1598,#1600,#1826,.T.);
#1303=EDGE_CURVE('',#1601,#1600,#124,.T.);
#1304=EDGE_CURVE('',#1599,#1601,#1827,.T.);
#1305=EDGE_CURVE('',#1600,#1602,#1828,.T.);
#1306=EDGE_CURVE('',#1603,#1602,#125,.T.);
#1307=EDGE_CURVE('',#1601,#1603,#1829,.T.);
#1308=EDGE_CURVE('',#1602,#1604,#1830,.T.);
#1309=EDGE_CURVE('',#1605,#1604,#126,.T.);
#1310=EDGE_CURVE('',#1603,#1605,#1831,.T.);
#1311=EDGE_CURVE('',#1604,#1606,#127,.T.);
#1312=EDGE_CURVE('',#1607,#1606,#128,.T.);
#1313=EDGE_CURVE('',#1605,#1607,#129,.T.);
#1314=EDGE_CURVE('',#1606,#1608,#130,.T.);
#1315=EDGE_CURVE('',#1609,#1608,#131,.T.);
#1316=EDGE_CURVE('',#1607,#1609,#132,.T.);
#1317=EDGE_CURVE('',#1608,#1610,#1832,.T.);
#1318=EDGE_CURVE('',#1611,#1610,#133,.T.);
#1319=EDGE_CURVE('',#1609,#1611,#1833,.T.);
#1320=EDGE_CURVE('',#1610,#1612,#1834,.T.);
#1321=EDGE_CURVE('',#1613,#1612,#134,.T.);
#1322=EDGE_CURVE('',#1611,#1613,#1835,.T.);
#1323=EDGE_CURVE('',#1612,#1614,#1836,.T.);
#1324=EDGE_CURVE('',#1615,#1614,#135,.T.);
#1325=EDGE_CURVE('',#1613,#1615,#1837,.T.);
#1326=EDGE_CURVE('',#1614,#1616,#1838,.T.);
#1327=EDGE_CURVE('',#1617,#1616,#136,.T.);
#1328=EDGE_CURVE('',#1615,#1617,#1839,.T.);
#1329=EDGE_CURVE('',#1616,#1618,#1840,.T.);
#1330=EDGE_CURVE('',#1619,#1618,#137,.T.);
#1331=EDGE_CURVE('',#1617,#1619,#1841,.T.);
#1332=EDGE_CURVE('',#1618,#1620,#1842,.T.);
#1333=EDGE_CURVE('',#1621,#1620,#138,.T.);
#1334=EDGE_CURVE('',#1619,#1621,#1843,.T.);
#1335=EDGE_CURVE('',#1620,#1622,#1844,.T.);
#1336=EDGE_CURVE('',#1623,#1622,#139,.T.);
#1337=EDGE_CURVE('',#1621,#1623,#1845,.T.);
#1338=EDGE_CURVE('',#1622,#1624,#1846,.T.);
#1339=EDGE_CURVE('',#1625,#1624,#140,.T.);
#1340=EDGE_CURVE('',#1623,#1625,#1847,.T.);
#1341=EDGE_CURVE('',#1624,#1626,#1848,.T.);
#1342=EDGE_CURVE('',#1627,#1626,#141,.T.);
#1343=EDGE_CURVE('',#1625,#1627,#1849,.T.);
#1344=EDGE_CURVE('',#1626,#1628,#1850,.T.);
#1345=EDGE_CURVE('',#1629,#1628,#142,.T.);
#1346=EDGE_CURVE('',#1627,#1629,#1851,.T.);
#1347=EDGE_CURVE('',#1628,#1630,#1852,.T.);
#1348=EDGE_CURVE('',#1631,#1630,#143,.T.);
#1349=EDGE_CURVE('',#1629,#1631,#1853,.T.);
#1350=EDGE_CURVE('',#1630,#1632,#1854,.T.);
#1351=EDGE_CURVE('',#1633,#1632,#144,.T.);
#1352=EDGE_CURVE('',#1631,#1633,#1855,.T.);
#1353=EDGE_CURVE('',#1632,#1634,#145,.T.);
#1354=EDGE_CURVE('',#1635,#1634,#146,.T.);
#1355=EDGE_CURVE('',#1633,#1635,#147,.T.);
#1356=EDGE_CURVE('',#1634,#1636,#148,.T.);
#1357=EDGE_CURVE('',#1637,#1636,#149,.T.);
#1358=EDGE_CURVE('',#1635,#1637,#150,.T.);
#1359=EDGE_CURVE('',#1636,#1638,#1856,.T.);
#1360=EDGE_CURVE('',#1639,#1638,#151,.T.);
#1361=EDGE_CURVE('',#1637,#1639,#1857,.T.);
#1362=EDGE_CURVE('',#1638,#1640,#1858,.T.);
#1363=EDGE_CURVE('',#1641,#1640,#152,.T.);
#1364=EDGE_CURVE('',#1639,#1641,#1859,.T.);
#1365=EDGE_CURVE('',#1640,#1642,#1860,.T.);
#1366=EDGE_CURVE('',#1643,#1642,#153,.T.);
#1367=EDGE_CURVE('',#1641,#1643,#1861,.T.);
#1368=EDGE_CURVE('',#1642,#1644,#1862,.T.);
#1369=EDGE_CURVE('',#1645,#1644,#154,.T.);
#1370=EDGE_CURVE('',#1643,#1645,#1863,.T.);
#1371=EDGE_CURVE('',#1644,#1646,#1864,.T.);
#1372=EDGE_CURVE('',#1647,#1646,#155,.T.);
#1373=EDGE_CURVE('',#1645,#1647,#1865,.T.);
#1374=EDGE_CURVE('',#1646,#1648,#1866,.T.);
#1375=EDGE_CURVE('',#1649,#1648,#156,.T.);
#1376=EDGE_CURVE('',#1647,#1649,#1867,.T.);
#1377=EDGE_CURVE('',#1648,#1650,#1868,.T.);
#1378=EDGE_CURVE('',#1651,#1650,#157,.T.);
#1379=EDGE_CURVE('',#1649,#1651,#1869,.T.);
#1380=EDGE_CURVE('',#1650,#1652,#1870,.T.);
#1381=EDGE_CURVE('',#1653,#1652,#158,.T.);
#1382=EDGE_CURVE('',#1651,#1653,#1871,.T.);
#1383=EDGE_CURVE('',#1652,#1654,#1872,.T.);
#1384=EDGE_CURVE('',#1655,#1654,#159,.T.);
#1385=EDGE_CURVE('',#1653,#1655,#1873,.T.);
#1386=EDGE_CURVE('',#1654,#1656,#1874,.T.);
#1387=EDGE_CURVE('',#1657,#1656,#160,.T.);
#1388=EDGE_CURVE('',#1655,#1657,#1875,.T.);
#1389=EDGE_CURVE('',#1656,#1658,#1876,.T.);
#1390=EDGE_CURVE('',#1659,#1658,#161,.T.);
#1391=EDGE_CURVE('',#1657,#1659,#1877,.T.);
#1392=EDGE_CURVE('',#1658,#1660,#1878,.T.);
#1393=EDGE_CURVE('',#1661,#1660,#162,.T.);
#1394=EDGE_CURVE('',#1659,#1661,#1879,.T.);
#1395=EDGE_CURVE('',#1660,#1662,#1880,.T.);
#1396=EDGE_CURVE('',#1663,#1662,#163,.T.);
#1397=EDGE_CURVE('',#1661,#1663,#1881,.T.);
#1398=EDGE_CURVE('',#1664,#1665,#1882,.T.);
#1399=EDGE_CURVE('',#1666,#1664,#164,.T.);
#1400=EDGE_CURVE('',#1666,#1667,#1883,.T.);
#1401=EDGE_CURVE('',#1667,#1665,#165,.T.);
#1402=EDGE_CURVE('',#1668,#1664,#1884,.T.);
#1403=EDGE_CURVE('',#1669,#1668,#166,.T.);
#1404=EDGE_CURVE('',#1669,#1666,#1885,.T.);
#1405=EDGE_CURVE('',#1670,#1668,#1886,.T.);
#1406=EDGE_CURVE('',#1671,#1670,#167,.T.);
#1407=EDGE_CURVE('',#1671,#1669,#1887,.T.);
#1408=EDGE_CURVE('',#1672,#1670,#1888,.T.);
#1409=EDGE_CURVE('',#1673,#1672,#168,.T.);
#1410=EDGE_CURVE('',#1673,#1671,#1889,.T.);
#1411=EDGE_CURVE('',#1674,#1672,#1890,.T.);
#1412=EDGE_CURVE('',#1675,#1674,#169,.T.);
#1413=EDGE_CURVE('',#1675,#1673,#1891,.T.);
#1414=EDGE_CURVE('',#1676,#1674,#1892,.T.);
#1415=EDGE_CURVE('',#1677,#1676,#170,.T.);
#1416=EDGE_CURVE('',#1677,#1675,#1893,.T.);
#1417=EDGE_CURVE('',#1678,#1676,#1894,.T.);
#1418=EDGE_CURVE('',#1679,#1678,#171,.T.);
#1419=EDGE_CURVE('',#1679,#1677,#1895,.T.);
#1420=EDGE_CURVE('',#1680,#1678,#1896,.T.);
#1421=EDGE_CURVE('',#1681,#1680,#172,.T.);
#1422=EDGE_CURVE('',#1681,#1679,#1897,.T.);
#1423=EDGE_CURVE('',#1682,#1680,#1898,.T.);
#1424=EDGE_CURVE('',#1683,#1682,#173,.T.);
#1425=EDGE_CURVE('',#1683,#1681,#1899,.T.);
#1426=EDGE_CURVE('',#1684,#1682,#1900,.T.);
#1427=EDGE_CURVE('',#1685,#1684,#174,.T.);
#1428=EDGE_CURVE('',#1685,#1683,#1901,.T.);
#1429=EDGE_CURVE('',#1686,#1684,#1902,.T.);
#1430=EDGE_CURVE('',#1687,#1686,#175,.T.);
#1431=EDGE_CURVE('',#1687,#1685,#1903,.T.);
#1432=EDGE_CURVE('',#1688,#1686,#1904,.T.);
#1433=EDGE_CURVE('',#1689,#1688,#176,.T.);
#1434=EDGE_CURVE('',#1689,#1687,#1905,.T.);
#1435=EDGE_CURVE('',#1690,#1688,#1906,.T.);
#1436=EDGE_CURVE('',#1691,#1690,#177,.T.);
#1437=EDGE_CURVE('',#1691,#1689,#1907,.T.);
#1438=EDGE_CURVE('',#1692,#1690,#1908,.T.);
#1439=EDGE_CURVE('',#1693,#1692,#178,.T.);
#1440=EDGE_CURVE('',#1693,#1691,#1909,.T.);
#1441=EDGE_CURVE('',#1694,#1692,#1910,.T.);
#1442=EDGE_CURVE('',#1695,#1694,#179,.T.);
#1443=EDGE_CURVE('',#1695,#1693,#1911,.T.);
#1444=EDGE_CURVE('',#1665,#1694,#1912,.T.);
#1445=EDGE_CURVE('',#1667,#1695,#1913,.T.);
#1446=EDGE_CURVE('',#1662,#1448,#1914,.T.);
#1447=EDGE_CURVE('',#1663,#1451,#1915,.T.);
#1448=VERTEX_POINT('',#3616);
#1449=VERTEX_POINT('',#3617);
#1450=VERTEX_POINT('',#3619);
#1451=VERTEX_POINT('',#3621);
#1452=VERTEX_POINT('',#3625);
#1453=VERTEX_POINT('',#3627);
#1454=VERTEX_POINT('',#3631);
#1455=VERTEX_POINT('',#3633);
#1456=VERTEX_POINT('',#3637);
#1457=VERTEX_POINT('',#3639);
#1458=VERTEX_POINT('',#3643);
#1459=VERTEX_POINT('',#3645);
#1460=VERTEX_POINT('',#3649);
#1461=VERTEX_POINT('',#3651);
#1462=VERTEX_POINT('',#3655);
#1463=VERTEX_POINT('',#3657);
#1464=VERTEX_POINT('',#3661);
#1465=VERTEX_POINT('',#3663);
#1466=VERTEX_POINT('',#3667);
#1467=VERTEX_POINT('',#3669);
#1468=VERTEX_POINT('',#3673);
#1469=VERTEX_POINT('',#3675);
#1470=VERTEX_POINT('',#3679);
#1471=VERTEX_POINT('',#3681);
#1472=VERTEX_POINT('',#3685);
#1473=VERTEX_POINT('',#3687);
#1474=VERTEX_POINT('',#3691);
#1475=VERTEX_POINT('',#3693);
#1476=VERTEX_POINT('',#3697);
#1477=VERTEX_POINT('',#3699);
#1478=VERTEX_POINT('',#3703);
#1479=VERTEX_POINT('',#3705);
#1480=VERTEX_POINT('',#3709);
#1481=VERTEX_POINT('',#3711);
#1482=VERTEX_POINT('',#3715);
#1483=VERTEX_POINT('',#3717);
#1484=VERTEX_POINT('',#3721);
#1485=VERTEX_POINT('',#3723);
#1486=VERTEX_POINT('',#3727);
#1487=VERTEX_POINT('',#3729);
#1488=VERTEX_POINT('',#3733);
#1489=VERTEX_POINT('',#3735);
#1490=VERTEX_POINT('',#3739);
#1491=VERTEX_POINT('',#3741);
#1492=VERTEX_POINT('',#3745);
#1493=VERTEX_POINT('',#3747);
#1494=VERTEX_POINT('',#3751);
#1495=VERTEX_POINT('',#3753);
#1496=VERTEX_POINT('',#3757);
#1497=VERTEX_POINT('',#3759);
#1498=VERTEX_POINT('',#3763);
#1499=VERTEX_POINT('',#3765);
#1500=VERTEX_POINT('',#3769);
#1501=VERTEX_POINT('',#3771);
#1502=VERTEX_POINT('',#3775);
#1503=VERTEX_POINT('',#3777);
#1504=VERTEX_POINT('',#3781);
#1505=VERTEX_POINT('',#3783);
#1506=VERTEX_POINT('',#3787);
#1507=VERTEX_POINT('',#3789);
#1508=VERTEX_POINT('',#3793);
#1509=VERTEX_POINT('',#3795);
#1510=VERTEX_POINT('',#3799);
#1511=VERTEX_POINT('',#3801);
#1512=VERTEX_POINT('',#3805);
#1513=VERTEX_POINT('',#3807);
#1514=VERTEX_POINT('',#3811);
#1515=VERTEX_POINT('',#3813);
#1516=VERTEX_POINT('',#3817);
#1517=VERTEX_POINT('',#3819);
#1518=VERTEX_POINT('',#3823);
#1519=VERTEX_POINT('',#3825);
#1520=VERTEX_POINT('',#3829);
#1521=VERTEX_POINT('',#3831);
#1522=VERTEX_POINT('',#3835);
#1523=VERTEX_POINT('',#3837);
#1524=VERTEX_POINT('',#3841);
#1525=VERTEX_POINT('',#3843);
#1526=VERTEX_POINT('',#3847);
#1527=VERTEX_POINT('',#3849);
#1528=VERTEX_POINT('',#3853);
#1529=VERTEX_POINT('',#3855);
#1530=VERTEX_POINT('',#3859);
#1531=VERTEX_POINT('',#3861);
#1532=VERTEX_POINT('',#3865);
#1533=VERTEX_POINT('',#3867);
#1534=VERTEX_POINT('',#3871);
#1535=VERTEX_POINT('',#3873);
#1536=VERTEX_POINT('',#3877);
#1537=VERTEX_POINT('',#3879);
#1538=VERTEX_POINT('',#3883);
#1539=VERTEX_POINT('',#3885);
#1540=VERTEX_POINT('',#3889);
#1541=VERTEX_POINT('',#3891);
#1542=VERTEX_POINT('',#3895);
#1543=VERTEX_POINT('',#3897);
#1544=VERTEX_POINT('',#3901);
#1545=VERTEX_POINT('',#3903);
#1546=VERTEX_POINT('',#3907);
#1547=VERTEX_POINT('',#3909);
#1548=VERTEX_POINT('',#3913);
#1549=VERTEX_POINT('',#3915);
#1550=VERTEX_POINT('',#3919);
#1551=VERTEX_POINT('',#3921);
#1552=VERTEX_POINT('',#3925);
#1553=VERTEX_POINT('',#3927);
#1554=VERTEX_POINT('',#3931);
#1555=VERTEX_POINT('',#3933);
#1556=VERTEX_POINT('',#3937);
#1557=VERTEX_POINT('',#3939);
#1558=VERTEX_POINT('',#3943);
#1559=VERTEX_POINT('',#3945);
#1560=VERTEX_POINT('',#3949);
#1561=VERTEX_POINT('',#3951);
#1562=VERTEX_POINT('',#3955);
#1563=VERTEX_POINT('',#3957);
#1564=VERTEX_POINT('',#3961);
#1565=VERTEX_POINT('',#3963);
#1566=VERTEX_POINT('',#3967);
#1567=VERTEX_POINT('',#3969);
#1568=VERTEX_POINT('',#3973);
#1569=VERTEX_POINT('',#3975);
#1570=VERTEX_POINT('',#3979);
#1571=VERTEX_POINT('',#3981);
#1572=VERTEX_POINT('',#3985);
#1573=VERTEX_POINT('',#3987);
#1574=VERTEX_POINT('',#3991);
#1575=VERTEX_POINT('',#3993);
#1576=VERTEX_POINT('',#3997);
#1577=VERTEX_POINT('',#3999);
#1578=VERTEX_POINT('',#4003);
#1579=VERTEX_POINT('',#4005);
#1580=VERTEX_POINT('',#4009);
#1581=VERTEX_POINT('',#4011);
#1582=VERTEX_POINT('',#4015);
#1583=VERTEX_POINT('',#4017);
#1584=VERTEX_POINT('',#4021);
#1585=VERTEX_POINT('',#4023);
#1586=VERTEX_POINT('',#4027);
#1587=VERTEX_POINT('',#4029);
#1588=VERTEX_POINT('',#4033);
#1589=VERTEX_POINT('',#4035);
#1590=VERTEX_POINT('',#4039);
#1591=VERTEX_POINT('',#4041);
#1592=VERTEX_POINT('',#4045);
#1593=VERTEX_POINT('',#4047);
#1594=VERTEX_POINT('',#4051);
#1595=VERTEX_POINT('',#4053);
#1596=VERTEX_POINT('',#4057);
#1597=VERTEX_POINT('',#4059);
#1598=VERTEX_POINT('',#4063);
#1599=VERTEX_POINT('',#4065);
#1600=VERTEX_POINT('',#4069);
#1601=VERTEX_POINT('',#4071);
#1602=VERTEX_POINT('',#4075);
#1603=VERTEX_POINT('',#4077);
#1604=VERTEX_POINT('',#4081);
#1605=VERTEX_POINT('',#4083);
#1606=VERTEX_POINT('',#4087);
#1607=VERTEX_POINT('',#4089);
#1608=VERTEX_POINT('',#4093);
#1609=VERTEX_POINT('',#4095);
#1610=VERTEX_POINT('',#4099);
#1611=VERTEX_POINT('',#4101);
#1612=VERTEX_POINT('',#4105);
#1613=VERTEX_POINT('',#4107);
#1614=VERTEX_POINT('',#4111);
#1615=VERTEX_POINT('',#4113);
#1616=VERTEX_POINT('',#4117);
#1617=VERTEX_POINT('',#4119);
#1618=VERTEX_POINT('',#4123);
#1619=VERTEX_POINT('',#4125);
#1620=VERTEX_POINT('',#4129);
#1621=VERTEX_POINT('',#4131);
#1622=VERTEX_POINT('',#4135);
#1623=VERTEX_POINT('',#4137);
#1624=VERTEX_POINT('',#4141);
#1625=VERTEX_POINT('',#4143);
#1626=VERTEX_POINT('',#4147);
#1627=VERTEX_POINT('',#4149);
#1628=VERTEX_POINT('',#4153);
#1629=VERTEX_POINT('',#4155);
#1630=VERTEX_POINT('',#4159);
#1631=VERTEX_POINT('',#4161);
#1632=VERTEX_POINT('',#4165);
#1633=VERTEX_POINT('',#4167);
#1634=VERTEX_POINT('',#4171);
#1635=VERTEX_POINT('',#4173);
#1636=VERTEX_POINT('',#4177);
#1637=VERTEX_POINT('',#4179);
#1638=VERTEX_POINT('',#4183);
#1639=VERTEX_POINT('',#4185);
#1640=VERTEX_POINT('',#4189);
#1641=VERTEX_POINT('',#4191);
#1642=VERTEX_POINT('',#4195);
#1643=VERTEX_POINT('',#4197);
#1644=VERTEX_POINT('',#4201);
#1645=VERTEX_POINT('',#4203);
#1646=VERTEX_POINT('',#4207);
#1647=VERTEX_POINT('',#4209);
#1648=VERTEX_POINT('',#4213);
#1649=VERTEX_POINT('',#4215);
#1650=VERTEX_POINT('',#4219);
#1651=VERTEX_POINT('',#4221);
#1652=VERTEX_POINT('',#4225);
#1653=VERTEX_POINT('',#4227);
#1654=VERTEX_POINT('',#4231);
#1655=VERTEX_POINT('',#4233);
#1656=VERTEX_POINT('',#4237);
#1657=VERTEX_POINT('',#4239);
#1658=VERTEX_POINT('',#4243);
#1659=VERTEX_POINT('',#4245);
#1660=VERTEX_POINT('',#4249);
#1661=VERTEX_POINT('',#4251);
#1662=VERTEX_POINT('',#4255);
#1663=VERTEX_POINT('',#4257);
#1664=VERTEX_POINT('',#4261);
#1665=VERTEX_POINT('',#4262);
#1666=VERTEX_POINT('',#4264);
#1667=VERTEX_POINT('',#4266);
#1668=VERTEX_POINT('',#4270);
#1669=VERTEX_POINT('',#4272);
#1670=VERTEX_POINT('',#4276);
#1671=VERTEX_POINT('',#4278);
#1672=VERTEX_POINT('',#4282);
#1673=VERTEX_POINT('',#4284);
#1674=VERTEX_POINT('',#4288);
#1675=VERTEX_POINT('',#4290);
#1676=VERTEX_POINT('',#4294);
#1677=VERTEX_POINT('',#4296);
#1678=VERTEX_POINT('',#4300);
#1679=VERTEX_POINT('',#4302);
#1680=VERTEX_POINT('',#4306);
#1681=VERTEX_POINT('',#4308);
#1682=VERTEX_POINT('',#4312);
#1683=VERTEX_POINT('',#4314);
#1684=VERTEX_POINT('',#4318);
#1685=VERTEX_POINT('',#4320);
#1686=VERTEX_POINT('',#4324);
#1687=VERTEX_POINT('',#4326);
#1688=VERTEX_POINT('',#4330);
#1689=VERTEX_POINT('',#4332);
#1690=VERTEX_POINT('',#4336);
#1691=VERTEX_POINT('',#4338);
#1692=VERTEX_POINT('',#4342);
#1693=VERTEX_POINT('',#4344);
#1694=VERTEX_POINT('',#4348);
#1695=VERTEX_POINT('',#4350);
#1696=CIRCLE('',#2422,0.0439271238853447);
#1697=CIRCLE('',#2423,0.0439271238853447);
#1698=CIRCLE('',#2425,0.0180129100975595);
#1699=CIRCLE('',#2426,0.0180129100975595);
#1700=CIRCLE('',#2428,0.0028332951382788);
#1701=CIRCLE('',#2429,0.0028332951382788);
#1702=CIRCLE('',#2431,0.00136914190227815);
#1703=CIRCLE('',#2432,0.00136914190227815);
#1704=CIRCLE('',#2434,0.00134079531987211);
#1705=CIRCLE('',#2435,0.00134079531987211);
#1706=CIRCLE('',#2437,0.00204111753300789);
#1707=CIRCLE('',#2438,0.00204111753300789);
#1708=CIRCLE('',#2440,0.000737776954241781);
#1709=CIRCLE('',#2441,0.000737776954241781);
#1710=CIRCLE('',#2443,0.000752124517233103);
#1711=CIRCLE('',#2444,0.000752124517233103);
#1712=CIRCLE('',#2446,0.00212633135702398);
#1713=CIRCLE('',#2447,0.00212633135702398);
#1714=CIRCLE('',#2451,0.0457065113436464);
#1715=CIRCLE('',#2452,0.0457065113436464);
#1716=CIRCLE('',#2454,0.0020436397903651);
#1717=CIRCLE('',#2455,0.0020436397903651);
#1718=CIRCLE('',#2457,0.00088432919837275);
#1719=CIRCLE('',#2458,0.00088432919837275);
#1720=CIRCLE('',#2460,0.00254260498205149);
#1721=CIRCLE('',#2461,0.00254260498205149);
#1722=CIRCLE('',#2463,0.00230040293564013);
#1723=CIRCLE('',#2464,0.00230040293564013);
#1724=CIRCLE('',#2466,0.00450879059034565);
#1725=CIRCLE('',#2467,0.00450879059034565);
#1726=CIRCLE('',#2469,0.00452930228608437);
#1727=CIRCLE('',#2470,0.00452930228608437);
#1728=CIRCLE('',#2472,0.00237449417533813);
#1729=CIRCLE('',#2473,0.00237449417533813);
#1730=CIRCLE('',#2475,0.00308195766824631);
#1731=CIRCLE('',#2476,0.00308195766824631);
#1732=CIRCLE('',#2478,0.00363604636843586);
#1733=CIRCLE('',#2479,0.00363604636843586);
#1734=CIRCLE('',#2481,0.0034966781380179);
#1735=CIRCLE('',#2482,0.0034966781380179);
#1736=CIRCLE('',#2484,0.00266013631830929);
#1737=CIRCLE('',#2485,0.00266013631830929);
#1738=CIRCLE('',#2487,0.00417495776707432);
#1739=CIRCLE('',#2488,0.00417495776707432);
#1740=CIRCLE('',#2490,0.00409185009905219);
#1741=CIRCLE('',#2491,0.00409185009905219);
#1742=CIRCLE('',#2493,0.00363271837435758);
#1743=CIRCLE('',#2494,0.00363271837435758);
#1744=CIRCLE('',#2496,0.00229453331905656);
#1745=CIRCLE('',#2497,0.00229453331905656);
#1746=CIRCLE('',#2499,0.00152620748768335);
#1747=CIRCLE('',#2500,0.00152620748768335);
#1748=CIRCLE('',#2502,0.00989316909347625);
#1749=CIRCLE('',#2503,0.00989316909347625);
#1750=CIRCLE('',#2505,0.0243078983711718);
#1751=CIRCLE('',#2506,0.0243078983711718);
#1752=CIRCLE('',#2508,0.185082484981675);
#1753=CIRCLE('',#2509,0.185082484981675);
#1754=CIRCLE('',#2511,0.64680665222674);
#1755=CIRCLE('',#2512,0.64680665222674);
#1756=CIRCLE('',#2514,0.343850475610399);
#1757=CIRCLE('',#2515,0.343850475610399);
#1758=CIRCLE('',#2517,1.86565271855648);
#1759=CIRCLE('',#2518,1.86565271855648);
#1760=CIRCLE('',#2520,0.000567161205086201);
#1761=CIRCLE('',#2521,0.000567161205086201);
#1762=CIRCLE('',#2523,0.000253956229717726);
#1763=CIRCLE('',#2524,0.000253956229717726);
#1764=CIRCLE('',#2526,0.0216130649904112);
#1765=CIRCLE('',#2527,0.0216130649904112);
#1766=CIRCLE('',#2529,0.0122470258740474);
#1767=CIRCLE('',#2530,0.0122470258740474);
#1768=CIRCLE('',#2532,0.0239390923738226);
#1769=CIRCLE('',#2533,0.0239390923738226);
#1770=CIRCLE('',#2541,0.348119318710602);
#1771=CIRCLE('',#2542,0.348119318710602);
#1772=CIRCLE('',#2544,0.00338822698900288);
#1773=CIRCLE('',#2545,0.00338822698900288);
#1774=CIRCLE('',#2547,0.000746673994030023);
#1775=CIRCLE('',#2548,0.000746673994030023);
#1776=CIRCLE('',#2550,0.00880952522555803);
#1777=CIRCLE('',#2551,0.00880952522555803);
#1778=CIRCLE('',#2555,0.00502153754220801);
#1779=CIRCLE('',#2556,0.00502153754220801);
#1780=CIRCLE('',#2558,0.000691737665723529);
#1781=CIRCLE('',#2559,0.000691737665723529);
#1782=CIRCLE('',#2561,0.000406318417034695);
#1783=CIRCLE('',#2562,0.000406318417034695);
#1784=CIRCLE('',#2564,0.00147297675060242);
#1785=CIRCLE('',#2565,0.00147297675060242);
#1786=CIRCLE('',#2567,0.00223205325597408);
#1787=CIRCLE('',#2568,0.00223205325597408);
#1788=CIRCLE('',#2570,0.000738145245119739);
#1789=CIRCLE('',#2571,0.000738145245119739);
#1790=CIRCLE('',#2573,0.000521897771387015);
#1791=CIRCLE('',#2574,0.000521897771387015);
#1792=CIRCLE('',#2576,0.000791095168791489);
#1793=CIRCLE('',#2577,0.000791095168791489);
#1794=CIRCLE('',#2579,0.000684916396327812);
#1795=CIRCLE('',#2580,0.000684916396327812);
#1796=CIRCLE('',#2582,0.000964679728378944);
#1797=CIRCLE('',#2583,0.000964679728378944);
#1798=CIRCLE('',#2585,0.00277702728021065);
#1799=CIRCLE('',#2586,0.00277702728021065);
#1800=CIRCLE('',#2588,0.0262943577254546);
#1801=CIRCLE('',#2589,0.0262943577254546);
#1802=CIRCLE('',#2591,0.029655561238463);
#1803=CIRCLE('',#2592,0.029655561238463);
#1804=CIRCLE('',#2594,0.0169410399326586);
#1805=CIRCLE('',#2595,0.0169410399326586);
#1806=CIRCLE('',#2597,0.0296510473197893);
#1807=CIRCLE('',#2598,0.0296510473197893);
#1808=CIRCLE('',#2600,0.000118274463787298);
#1809=CIRCLE('',#2601,0.000118274463787298);
#1810=CIRCLE('',#2603,0.247610919629188);
#1811=CIRCLE('',#2604,0.247610919629188);
#1812=CIRCLE('',#2606,0.0857518345385248);
#1813=CIRCLE('',#2607,0.0857518345385248);
#1814=CIRCLE('',#2609,0.154477953989456);
#1815=CIRCLE('',#2610,0.154477953989456);
#1816=CIRCLE('',#2612,0.0892604708597081);
#1817=CIRCLE('',#2613,0.0892604708597081);
#1818=CIRCLE('',#2615,0.00570948654689481);
#1819=CIRCLE('',#2616,0.00570948654689481);
#1820=CIRCLE('',#2618,0.00127231106400605);
#1821=CIRCLE('',#2619,0.00127231106400605);
#1822=CIRCLE('',#2621,0.000441396626232864);
#1823=CIRCLE('',#2622,0.000441396626232864);
#1824=CIRCLE('',#2624,0.000423411323211327);
#1825=CIRCLE('',#2625,0.000423411323211327);
#1826=CIRCLE('',#2627,0.000504597685150925);
#1827=CIRCLE('',#2628,0.000504597685150925);
#1828=CIRCLE('',#2630,0.00305019993168386);
#1829=CIRCLE('',#2631,0.00305019993168386);
#1830=CIRCLE('',#2633,0.0262211966749457);
#1831=CIRCLE('',#2634,0.0262211966749457);
#1832=CIRCLE('',#2638,0.0190636205698452);
#1833=CIRCLE('',#2639,0.0190636205698452);
#1834=CIRCLE('',#2641,0.00316653118103004);
#1835=CIRCLE('',#2642,0.00316653118103004);
#1836=CIRCLE('',#2644,0.00179301013829876);
#1837=CIRCLE('',#2645,0.00179301013829876);
#1838=CIRCLE('',#2647,0.00258359824022507);
#1839=CIRCLE('',#2648,0.00258359824022507);
#1840=CIRCLE('',#2650,0.00341621366582569);
#1841=CIRCLE('',#2651,0.00341621366582569);
#1842=CIRCLE('',#2653,0.00140384723691472);
#1843=CIRCLE('',#2654,0.00140384723691472);
#1844=CIRCLE('',#2656,0.00171082460892484);
#1845=CIRCLE('',#2657,0.00171082460892484);
#1846=CIRCLE('',#2659,0.00683228522802468);
#1847=CIRCLE('',#2660,0.00683228522802468);
#1848=CIRCLE('',#2662,0.0114241081409797);
#1849=CIRCLE('',#2663,0.0114241081409797);
#1850=CIRCLE('',#2665,0.0169381281360867);
#1851=CIRCLE('',#2666,0.0169381281360867);
#1852=CIRCLE('',#2668,0.01583549121599);
#1853=CIRCLE('',#2669,0.01583549121599);
#1854=CIRCLE('',#2671,0.00555188970662939);
#1855=CIRCLE('',#2672,0.00555188970662939);
#1856=CIRCLE('',#2676,0.0221504835998124);
#1857=CIRCLE('',#2677,0.0221504835998124);
#1858=CIRCLE('',#2679,0.0130607094927547);
#1859=CIRCLE('',#2680,0.0130607094927547);
#1860=CIRCLE('',#2682,0.0133249646539879);
#1861=CIRCLE('',#2683,0.0133249646539879);
#1862=CIRCLE('',#2685,0.00020487547539486);
#1863=CIRCLE('',#2686,0.00020487547539486);
#1864=CIRCLE('',#2688,0.000765035240816877);
#1865=CIRCLE('',#2689,0.000765035240816877);
#1866=CIRCLE('',#2691,0.000448750978350632);
#1867=CIRCLE('',#2692,0.000448750978350632);
#1868=CIRCLE('',#2694,0.000474157254874512);
#1869=CIRCLE('',#2695,0.000474157254874512);
#1870=CIRCLE('',#2697,0.000855992726955412);
#1871=CIRCLE('',#2698,0.000855992726955412);
#1872=CIRCLE('',#2700,0.00203442878369987);
#1873=CIRCLE('',#2701,0.00203442878369987);
#1874=CIRCLE('',#2703,0.238925980835245);
#1875=CIRCLE('',#2704,0.238925980835245);
#1876=CIRCLE('',#2706,0.353968769702359);
#1877=CIRCLE('',#2707,0.353968769702359);
#1878=CIRCLE('',#2709,0.000782054399457601);
#1879=CIRCLE('',#2710,0.000782054399457601);
#1880=CIRCLE('',#2712,0.0613004174490795);
#1881=CIRCLE('',#2713,0.0613004174490795);
#1882=CIRCLE('',#2715,0.00142013173300957);
#1883=CIRCLE('',#2716,0.00142013173300957);
#1884=CIRCLE('',#2718,0.00130956861984149);
#1885=CIRCLE('',#2719,0.00130956861984149);
#1886=CIRCLE('',#2721,0.00143884141656301);
#1887=CIRCLE('',#2722,0.00143884141656301);
#1888=CIRCLE('',#2724,0.00179649702703682);
#1889=CIRCLE('',#2725,0.00179649702703682);
#1890=CIRCLE('',#2727,0.00163493235897174);
#1891=CIRCLE('',#2728,0.00163493235897174);
#1892=CIRCLE('',#2730,0.00076447614195605);
#1893=CIRCLE('',#2731,0.00076447614195605);
#1894=CIRCLE('',#2733,0.00100250930672011);
#1895=CIRCLE('',#2734,0.00100250930672011);
#1896=CIRCLE('',#2736,0.00232665356298231);
#1897=CIRCLE('',#2737,0.00232665356298231);
#1898=CIRCLE('',#2739,0.00226732326809376);
#1899=CIRCLE('',#2740,0.00226732326809376);
#1900=CIRCLE('',#2742,0.000841241586816838);
#1901=CIRCLE('',#2743,0.000841241586816838);
#1902=CIRCLE('',#2745,0.000983547518563102);
#1903=CIRCLE('',#2746,0.000983547518563102);
#1904=CIRCLE('',#2748,0.00218705973704985);
#1905=CIRCLE('',#2749,0.00218705973704985);
#1906=CIRCLE('',#2751,0.00217328324874987);
#1907=CIRCLE('',#2752,0.00217328324874987);
#1908=CIRCLE('',#2754,0.000947798744758966);
#1909=CIRCLE('',#2755,0.000947798744758966);
#1910=CIRCLE('',#2757,0.00125364243601257);
#1911=CIRCLE('',#2758,0.00125364243601257);
#1912=CIRCLE('',#2760,0.00139129279229049);
#1913=CIRCLE('',#2761,0.00139129279229049);
#1914=CIRCLE('',#2763,0.0241924500249004);
#1915=CIRCLE('',#2764,0.0241924500249004);
#1916=EDGE_LOOP('',(#332,#333,#334,#335));
#1917=EDGE_LOOP('',(#336,#337,#338,#339));
#1918=EDGE_LOOP('',(#340,#341,#342,#343));
#1919=EDGE_LOOP('',(#344,#345,#346,#347));
#1920=EDGE_LOOP('',(#348,#349,#350,#351));
#1921=EDGE_LOOP('',(#352,#353,#354,#355));
#1922=EDGE_LOOP('',(#356,#357,#358,#359));
#1923=EDGE_LOOP('',(#360,#361,#362,#363));
#1924=EDGE_LOOP('',(#364,#365,#366,#367));
#1925=EDGE_LOOP('',(#368,#369,#370,#371));
#1926=EDGE_LOOP('',(#372,#373,#374,#375));
#1927=EDGE_LOOP('',(#376,#377,#378,#379));
#1928=EDGE_LOOP('',(#380,#381,#382,#383));
#1929=EDGE_LOOP('',(#384,#385,#386,#387));
#1930=EDGE_LOOP('',(#388,#389,#390,#391));
#1931=EDGE_LOOP('',(#392,#393,#394,#395));
#1932=EDGE_LOOP('',(#396,#397,#398,#399));
#1933=EDGE_LOOP('',(#400,#401,#402,#403));
#1934=EDGE_LOOP('',(#404,#405,#406,#407));
#1935=EDGE_LOOP('',(#408,#409,#410,#411));
#1936=EDGE_LOOP('',(#412,#413,#414,#415));
#1937=EDGE_LOOP('',(#416,#417,#418,#419));
#1938=EDGE_LOOP('',(#420,#421,#422,#423));
#1939=EDGE_LOOP('',(#424,#425,#426,#427));
#1940=EDGE_LOOP('',(#428,#429,#430,#431));
#1941=EDGE_LOOP('',(#432,#433,#434,#435));
#1942=EDGE_LOOP('',(#436,#437,#438,#439));
#1943=EDGE_LOOP('',(#440,#441,#442,#443));
#1944=EDGE_LOOP('',(#444,#445,#446,#447));
#1945=EDGE_LOOP('',(#448,#449,#450,#451));
#1946=EDGE_LOOP('',(#452,#453,#454,#455));
#1947=EDGE_LOOP('',(#456,#457,#458,#459));
#1948=EDGE_LOOP('',(#460,#461,#462,#463));
#1949=EDGE_LOOP('',(#464,#465,#466,#467));
#1950=EDGE_LOOP('',(#468,#469,#470,#471));
#1951=EDGE_LOOP('',(#472,#473,#474,#475));
#1952=EDGE_LOOP('',(#476,#477,#478,#479));
#1953=EDGE_LOOP('',(#480,#481,#482,#483));
#1954=EDGE_LOOP('',(#484,#485,#486,#487));
#1955=EDGE_LOOP('',(#488,#489,#490,#491));
#1956=EDGE_LOOP('',(#492,#493,#494,#495));
#1957=EDGE_LOOP('',(#496,#497,#498,#499));
#1958=EDGE_LOOP('',(#500,#501,#502,#503));
#1959=EDGE_LOOP('',(#504,#505,#506,#507));
#1960=EDGE_LOOP('',(#508,#509,#510,#511));
#1961=EDGE_LOOP('',(#512,#513,#514,#515));
#1962=EDGE_LOOP('',(#516,#517,#518,#519));
#1963=EDGE_LOOP('',(#520,#521,#522,#523));
#1964=EDGE_LOOP('',(#524,#525,#526,#527));
#1965=EDGE_LOOP('',(#528,#529,#530,#531));
#1966=EDGE_LOOP('',(#532,#533,#534,#535));
#1967=EDGE_LOOP('',(#536,#537,#538,#539));
#1968=EDGE_LOOP('',(#540,#541,#542,#543));
#1969=EDGE_LOOP('',(#544,#545,#546,#547));
#1970=EDGE_LOOP('',(#548,#549,#550,#551));
#1971=EDGE_LOOP('',(#552,#553,#554,#555));
#1972=EDGE_LOOP('',(#556,#557,#558,#559));
#1973=EDGE_LOOP('',(#560,#561,#562,#563));
#1974=EDGE_LOOP('',(#564,#565,#566,#567));
#1975=EDGE_LOOP('',(#568,#569,#570,#571));
#1976=EDGE_LOOP('',(#572,#573,#574,#575));
#1977=EDGE_LOOP('',(#576,#577,#578,#579));
#1978=EDGE_LOOP('',(#580,#581,#582,#583));
#1979=EDGE_LOOP('',(#584,#585,#586,#587));
#1980=EDGE_LOOP('',(#588,#589,#590,#591));
#1981=EDGE_LOOP('',(#592,#593,#594,#595));
#1982=EDGE_LOOP('',(#596,#597,#598,#599));
#1983=EDGE_LOOP('',(#600,#601,#602,#603));
#1984=EDGE_LOOP('',(#604,#605,#606,#607));
#1985=EDGE_LOOP('',(#608,#609,#610,#611));
#1986=EDGE_LOOP('',(#612,#613,#614,#615));
#1987=EDGE_LOOP('',(#616,#617,#618,#619));
#1988=EDGE_LOOP('',(#620,#621,#622,#623));
#1989=EDGE_LOOP('',(#624,#625,#626,#627));
#1990=EDGE_LOOP('',(#628,#629,#630,#631));
#1991=EDGE_LOOP('',(#632,#633,#634,#635));
#1992=EDGE_LOOP('',(#636,#637,#638,#639));
#1993=EDGE_LOOP('',(#640,#641,#642,#643));
#1994=EDGE_LOOP('',(#644,#645,#646,#647));
#1995=EDGE_LOOP('',(#648,#649,#650,#651));
#1996=EDGE_LOOP('',(#652,#653,#654,#655));
#1997=EDGE_LOOP('',(#656,#657,#658,#659));
#1998=EDGE_LOOP('',(#660,#661,#662,#663));
#1999=EDGE_LOOP('',(#664,#665,#666,#667));
#2000=EDGE_LOOP('',(#668,#669,#670,#671));
#2001=EDGE_LOOP('',(#672,#673,#674,#675));
#2002=EDGE_LOOP('',(#676,#677,#678,#679));
#2003=EDGE_LOOP('',(#680,#681,#682,#683));
#2004=EDGE_LOOP('',(#684,#685,#686,#687));
#2005=EDGE_LOOP('',(#688,#689,#690,#691));
#2006=EDGE_LOOP('',(#692,#693,#694,#695));
#2007=EDGE_LOOP('',(#696,#697,#698,#699));
#2008=EDGE_LOOP('',(#700,#701,#702,#703));
#2009=EDGE_LOOP('',(#704,#705,#706,#707));
#2010=EDGE_LOOP('',(#708,#709,#710,#711));
#2011=EDGE_LOOP('',(#712,#713,#714,#715));
#2012=EDGE_LOOP('',(#716,#717,#718,#719));
#2013=EDGE_LOOP('',(#720,#721,#722,#723));
#2014=EDGE_LOOP('',(#724,#725,#726,#727));
#2015=EDGE_LOOP('',(#728,#729,#730,#731));
#2016=EDGE_LOOP('',(#732,#733,#734,#735));
#2017=EDGE_LOOP('',(#736,#737,#738,#739));
#2018=EDGE_LOOP('',(#740,#741,#742,#743));
#2019=EDGE_LOOP('',(#744,#745,#746,#747));
#2020=EDGE_LOOP('',(#748,#749,#750,#751));
#2021=EDGE_LOOP('',(#752,#753,#754,#755));
#2022=EDGE_LOOP('',(#756,#757,#758,#759));
#2023=EDGE_LOOP('',(#760,#761,#762,#763));
#2024=EDGE_LOOP('',(#764,#765,#766,#767));
#2025=EDGE_LOOP('',(#768,#769,#770,#771));
#2026=EDGE_LOOP('',(#772,#773,#774,#775));
#2027=EDGE_LOOP('',(#776,#777,#778,#779));
#2028=EDGE_LOOP('',(#780,#781,#782,#783));
#2029=EDGE_LOOP('',(#784,#785,#786,#787));
#2030=EDGE_LOOP('',(#788,#789,#790,#791));
#2031=EDGE_LOOP('',(#792,#793,#794,#795));
#2032=EDGE_LOOP('',(#796,#797,#798,#799));
#2033=EDGE_LOOP('',(#800,#801,#802,#803));
#2034=EDGE_LOOP('',(#804,#805,#806,#807));
#2035=EDGE_LOOP('',(#808,#809,#810,#811));
#2036=EDGE_LOOP('',(#812,#813,#814,#815));
#2037=EDGE_LOOP('',(#816,#817,#818,#819));
#2038=EDGE_LOOP('',(#820,#821,#822,#823));
#2039=EDGE_LOOP('',(#824,#825,#826,#827));
#2040=EDGE_LOOP('',(#828,#829,#830,#831,#832,#833,#834,#835,#836,#837,#838,
#839,#840,#841,#842,#843));
#2041=EDGE_LOOP('',(#844,#845,#846,#847,#848,#849,#850,#851,#852,#853,#854,
#855,#856,#857,#858,#859,#860,#861,#862,#863,#864,#865,#866,#867,#868,#869,
#870,#871,#872,#873,#874,#875,#876,#877,#878,#879,#880,#881,#882,#883,#884,
#885,#886,#887,#888,#889,#890,#891,#892,#893,#894,#895,#896,#897,#898,#899,
#900,#901,#902,#903,#904,#905,#906,#907,#908,#909,#910,#911,#912,#913,#914,
#915,#916,#917,#918,#919,#920,#921,#922,#923,#924,#925,#926,#927,#928,#929,
#930,#931,#932,#933,#934,#935,#936,#937,#938,#939,#940,#941,#942,#943,#944,
#945,#946,#947,#948,#949,#950,#951));
#2042=EDGE_LOOP('',(#952,#953,#954,#955,#956,#957,#958,#959,#960,#961,#962,
#963,#964,#965,#966,#967));
#2043=EDGE_LOOP('',(#968,#969,#970,#971,#972,#973,#974,#975,#976,#977,#978,
#979,#980,#981,#982,#983,#984,#985,#986,#987,#988,#989,#990,#991,#992,#993,
#994,#995,#996,#997,#998,#999,#1000,#1001,#1002,#1003,#1004,#1005,#1006,
#1007,#1008,#1009,#1010,#1011,#1012,#1013,#1014,#1015,#1016,#1017,#1018,
#1019,#1020,#1021,#1022,#1023,#1024,#1025,#1026,#1027,#1028,#1029,#1030,
#1031,#1032,#1033,#1034,#1035,#1036,#1037,#1038,#1039,#1040,#1041,#1042,
#1043,#1044,#1045,#1046,#1047,#1048,#1049,#1050,#1051,#1052,#1053,#1054,
#1055,#1056,#1057,#1058,#1059,#1060,#1061,#1062,#1063,#1064,#1065,#1066,
#1067,#1068,#1069,#1070,#1071,#1072,#1073,#1074,#1075));
#2044=FACE_BOUND('',#1916,.T.);
#2045=FACE_BOUND('',#1917,.T.);
#2046=FACE_BOUND('',#1918,.T.);
#2047=FACE_BOUND('',#1919,.T.);
#2048=FACE_BOUND('',#1920,.T.);
#2049=FACE_BOUND('',#1921,.T.);
#2050=FACE_BOUND('',#1922,.T.);
#2051=FACE_BOUND('',#1923,.T.);
#2052=FACE_BOUND('',#1924,.T.);
#2053=FACE_BOUND('',#1925,.T.);
#2054=FACE_BOUND('',#1926,.T.);
#2055=FACE_BOUND('',#1927,.T.);
#2056=FACE_BOUND('',#1928,.T.);
#2057=FACE_BOUND('',#1929,.T.);
#2058=FACE_BOUND('',#1930,.T.);
#2059=FACE_BOUND('',#1931,.T.);
#2060=FACE_BOUND('',#1932,.T.);
#2061=FACE_BOUND('',#1933,.T.);
#2062=FACE_BOUND('',#1934,.T.);
#2063=FACE_BOUND('',#1935,.T.);
#2064=FACE_BOUND('',#1936,.T.);
#2065=FACE_BOUND('',#1937,.T.);
#2066=FACE_BOUND('',#1938,.T.);
#2067=FACE_BOUND('',#1939,.T.);
#2068=FACE_BOUND('',#1940,.T.);
#2069=FACE_BOUND('',#1941,.T.);
#2070=FACE_BOUND('',#1942,.T.);
#2071=FACE_BOUND('',#1943,.T.);
#2072=FACE_BOUND('',#1944,.T.);
#2073=FACE_BOUND('',#1945,.T.);
#2074=FACE_BOUND('',#1946,.T.);
#2075=FACE_BOUND('',#1947,.T.);
#2076=FACE_BOUND('',#1948,.T.);
#2077=FACE_BOUND('',#1949,.T.);
#2078=FACE_BOUND('',#1950,.T.);
#2079=FACE_BOUND('',#1951,.T.);
#2080=FACE_BOUND('',#1952,.T.);
#2081=FACE_BOUND('',#1953,.T.);
#2082=FACE_BOUND('',#1954,.T.);
#2083=FACE_BOUND('',#1955,.T.);
#2084=FACE_BOUND('',#1956,.T.);
#2085=FACE_BOUND('',#1957,.T.);
#2086=FACE_BOUND('',#1958,.T.);
#2087=FACE_BOUND('',#1959,.T.);
#2088=FACE_BOUND('',#1960,.T.);
#2089=FACE_BOUND('',#1961,.T.);
#2090=FACE_BOUND('',#1962,.T.);
#2091=FACE_BOUND('',#1963,.T.);
#2092=FACE_BOUND('',#1964,.T.);
#2093=FACE_BOUND('',#1965,.T.);
#2094=FACE_BOUND('',#1966,.T.);
#2095=FACE_BOUND('',#1967,.T.);
#2096=FACE_BOUND('',#1968,.T.);
#2097=FACE_BOUND('',#1969,.T.);
#2098=FACE_BOUND('',#1970,.T.);
#2099=FACE_BOUND('',#1971,.T.);
#2100=FACE_BOUND('',#1972,.T.);
#2101=FACE_BOUND('',#1973,.T.);
#2102=FACE_BOUND('',#1974,.T.);
#2103=FACE_BOUND('',#1975,.T.);
#2104=FACE_BOUND('',#1976,.T.);
#2105=FACE_BOUND('',#1977,.T.);
#2106=FACE_BOUND('',#1978,.T.);
#2107=FACE_BOUND('',#1979,.T.);
#2108=FACE_BOUND('',#1980,.T.);
#2109=FACE_BOUND('',#1981,.T.);
#2110=FACE_BOUND('',#1982,.T.);
#2111=FACE_BOUND('',#1983,.T.);
#2112=FACE_BOUND('',#1984,.T.);
#2113=FACE_BOUND('',#1985,.T.);
#2114=FACE_BOUND('',#1986,.T.);
#2115=FACE_BOUND('',#1987,.T.);
#2116=FACE_BOUND('',#1988,.T.);
#2117=FACE_BOUND('',#1989,.T.);
#2118=FACE_BOUND('',#1990,.T.);
#2119=FACE_BOUND('',#1991,.T.);
#2120=FACE_BOUND('',#1992,.T.);
#2121=FACE_BOUND('',#1993,.T.);
#2122=FACE_BOUND('',#1994,.T.);
#2123=FACE_BOUND('',#1995,.T.);
#2124=FACE_BOUND('',#1996,.T.);
#2125=FACE_BOUND('',#1997,.T.);
#2126=FACE_BOUND('',#1998,.T.);
#2127=FACE_BOUND('',#1999,.T.);
#2128=FACE_BOUND('',#2000,.T.);
#2129=FACE_BOUND('',#2001,.T.);
#2130=FACE_BOUND('',#2002,.T.);
#2131=FACE_BOUND('',#2003,.T.);
#2132=FACE_BOUND('',#2004,.T.);
#2133=FACE_BOUND('',#2005,.T.);
#2134=FACE_BOUND('',#2006,.T.);
#2135=FACE_BOUND('',#2007,.T.);
#2136=FACE_BOUND('',#2008,.T.);
#2137=FACE_BOUND('',#2009,.T.);
#2138=FACE_BOUND('',#2010,.T.);
#2139=FACE_BOUND('',#2011,.T.);
#2140=FACE_BOUND('',#2012,.T.);
#2141=FACE_BOUND('',#2013,.T.);
#2142=FACE_BOUND('',#2014,.T.);
#2143=FACE_BOUND('',#2015,.T.);
#2144=FACE_BOUND('',#2016,.T.);
#2145=FACE_BOUND('',#2017,.T.);
#2146=FACE_BOUND('',#2018,.T.);
#2147=FACE_BOUND('',#2019,.T.);
#2148=FACE_BOUND('',#2020,.T.);
#2149=FACE_BOUND('',#2021,.T.);
#2150=FACE_BOUND('',#2022,.T.);
#2151=FACE_BOUND('',#2023,.T.);
#2152=FACE_BOUND('',#2024,.T.);
#2153=FACE_BOUND('',#2025,.T.);
#2154=FACE_BOUND('',#2026,.T.);
#2155=FACE_BOUND('',#2027,.T.);
#2156=FACE_BOUND('',#2028,.T.);
#2157=FACE_BOUND('',#2029,.T.);
#2158=FACE_BOUND('',#2030,.T.);
#2159=FACE_BOUND('',#2031,.T.);
#2160=FACE_BOUND('',#2032,.T.);
#2161=FACE_BOUND('',#2033,.T.);
#2162=FACE_BOUND('',#2034,.T.);
#2163=FACE_BOUND('',#2035,.T.);
#2164=FACE_BOUND('',#2036,.T.);
#2165=FACE_BOUND('',#2037,.T.);
#2166=FACE_BOUND('',#2038,.T.);
#2167=FACE_BOUND('',#2039,.T.);
#2168=FACE_BOUND('',#2040,.T.);
#2169=FACE_BOUND('',#2041,.T.);
#2170=FACE_BOUND('',#2042,.T.);
#2171=FACE_BOUND('',#2043,.T.);
#2172=CYLINDRICAL_SURFACE('',#2421,0.0439271238853447);
#2173=CYLINDRICAL_SURFACE('',#2424,0.0180129100975595);
#2174=CYLINDRICAL_SURFACE('',#2427,0.0028332951382788);
#2175=CYLINDRICAL_SURFACE('',#2430,0.00136914190227815);
#2176=CYLINDRICAL_SURFACE('',#2433,0.00134079531987211);
#2177=CYLINDRICAL_SURFACE('',#2436,0.00204111753300789);
#2178=CYLINDRICAL_SURFACE('',#2439,0.000737776954241781);
#2179=CYLINDRICAL_SURFACE('',#2442,0.000752124517233103);
#2180=CYLINDRICAL_SURFACE('',#2445,0.00212633135702398);
#2181=CYLINDRICAL_SURFACE('',#2450,0.0457065113436464);
#2182=CYLINDRICAL_SURFACE('',#2453,0.0020436397903651);
#2183=CYLINDRICAL_SURFACE('',#2456,0.00088432919837275);
#2184=CYLINDRICAL_SURFACE('',#2459,0.00254260498205149);
#2185=CYLINDRICAL_SURFACE('',#2462,0.00230040293564013);
#2186=CYLINDRICAL_SURFACE('',#2465,0.00450879059034565);
#2187=CYLINDRICAL_SURFACE('',#2468,0.00452930228608437);
#2188=CYLINDRICAL_SURFACE('',#2471,0.00237449417533813);
#2189=CYLINDRICAL_SURFACE('',#2474,0.00308195766824631);
#2190=CYLINDRICAL_SURFACE('',#2477,0.00363604636843586);
#2191=CYLINDRICAL_SURFACE('',#2480,0.0034966781380179);
#2192=CYLINDRICAL_SURFACE('',#2483,0.00266013631830929);
#2193=CYLINDRICAL_SURFACE('',#2486,0.00417495776707432);
#2194=CYLINDRICAL_SURFACE('',#2489,0.00409185009905219);
#2195=CYLINDRICAL_SURFACE('',#2492,0.00363271837435758);
#2196=CYLINDRICAL_SURFACE('',#2495,0.00229453331905656);
#2197=CYLINDRICAL_SURFACE('',#2498,0.00152620748768335);
#2198=CYLINDRICAL_SURFACE('',#2501,0.00989316909347625);
#2199=CYLINDRICAL_SURFACE('',#2504,0.0243078983711718);
#2200=CYLINDRICAL_SURFACE('',#2507,0.185082484981675);
#2201=CYLINDRICAL_SURFACE('',#2510,0.64680665222674);
#2202=CYLINDRICAL_SURFACE('',#2513,0.343850475610399);
#2203=CYLINDRICAL_SURFACE('',#2516,1.86565271855648);
#2204=CYLINDRICAL_SURFACE('',#2519,0.000567161205086201);
#2205=CYLINDRICAL_SURFACE('',#2522,0.000253956229717726);
#2206=CYLINDRICAL_SURFACE('',#2525,0.0216130649904112);
#2207=CYLINDRICAL_SURFACE('',#2528,0.0122470258740474);
#2208=CYLINDRICAL_SURFACE('',#2531,0.0239390923738226);
#2209=CYLINDRICAL_SURFACE('',#2540,0.348119318710602);
#2210=CYLINDRICAL_SURFACE('',#2543,0.00338822698900288);
#2211=CYLINDRICAL_SURFACE('',#2546,0.000746673994030023);
#2212=CYLINDRICAL_SURFACE('',#2549,0.00880952522555803);
#2213=CYLINDRICAL_SURFACE('',#2554,0.00502153754220801);
#2214=CYLINDRICAL_SURFACE('',#2557,0.000691737665723529);
#2215=CYLINDRICAL_SURFACE('',#2560,0.000406318417034695);
#2216=CYLINDRICAL_SURFACE('',#2563,0.00147297675060242);
#2217=CYLINDRICAL_SURFACE('',#2566,0.00223205325597408);
#2218=CYLINDRICAL_SURFACE('',#2569,0.000738145245119739);
#2219=CYLINDRICAL_SURFACE('',#2572,0.000521897771387015);
#2220=CYLINDRICAL_SURFACE('',#2575,0.000791095168791489);
#2221=CYLINDRICAL_SURFACE('',#2578,0.000684916396327812);
#2222=CYLINDRICAL_SURFACE('',#2581,0.000964679728378944);
#2223=CYLINDRICAL_SURFACE('',#2584,0.00277702728021065);
#2224=CYLINDRICAL_SURFACE('',#2587,0.0262943577254546);
#2225=CYLINDRICAL_SURFACE('',#2590,0.029655561238463);
#2226=CYLINDRICAL_SURFACE('',#2593,0.0169410399326586);
#2227=CYLINDRICAL_SURFACE('',#2596,0.0296510473197893);
#2228=CYLINDRICAL_SURFACE('',#2599,0.000118274463787298);
#2229=CYLINDRICAL_SURFACE('',#2602,0.247610919629188);
#2230=CYLINDRICAL_SURFACE('',#2605,0.0857518345385248);
#2231=CYLINDRICAL_SURFACE('',#2608,0.154477953989456);
#2232=CYLINDRICAL_SURFACE('',#2611,0.0892604708597081);
#2233=CYLINDRICAL_SURFACE('',#2614,0.00570948654689481);
#2234=CYLINDRICAL_SURFACE('',#2617,0.00127231106400605);
#2235=CYLINDRICAL_SURFACE('',#2620,0.000441396626232864);
#2236=CYLINDRICAL_SURFACE('',#2623,0.000423411323211327);
#2237=CYLINDRICAL_SURFACE('',#2626,0.000504597685150925);
#2238=CYLINDRICAL_SURFACE('',#2629,0.00305019993168386);
#2239=CYLINDRICAL_SURFACE('',#2632,0.0262211966749457);
#2240=CYLINDRICAL_SURFACE('',#2637,0.0190636205698452);
#2241=CYLINDRICAL_SURFACE('',#2640,0.00316653118103004);
#2242=CYLINDRICAL_SURFACE('',#2643,0.00179301013829876);
#2243=CYLINDRICAL_SURFACE('',#2646,0.00258359824022507);
#2244=CYLINDRICAL_SURFACE('',#2649,0.00341621366582569);
#2245=CYLINDRICAL_SURFACE('',#2652,0.00140384723691472);
#2246=CYLINDRICAL_SURFACE('',#2655,0.00171082460892484);
#2247=CYLINDRICAL_SURFACE('',#2658,0.00683228522802468);
#2248=CYLINDRICAL_SURFACE('',#2661,0.0114241081409797);
#2249=CYLINDRICAL_SURFACE('',#2664,0.0169381281360867);
#2250=CYLINDRICAL_SURFACE('',#2667,0.01583549121599);
#2251=CYLINDRICAL_SURFACE('',#2670,0.00555188970662939);
#2252=CYLINDRICAL_SURFACE('',#2675,0.0221504835998124);
#2253=CYLINDRICAL_SURFACE('',#2678,0.0130607094927547);
#2254=CYLINDRICAL_SURFACE('',#2681,0.0133249646539879);
#2255=CYLINDRICAL_SURFACE('',#2684,0.00020487547539486);
#2256=CYLINDRICAL_SURFACE('',#2687,0.000765035240816877);
#2257=CYLINDRICAL_SURFACE('',#2690,0.000448750978350632);
#2258=CYLINDRICAL_SURFACE('',#2693,0.000474157254874512);
#2259=CYLINDRICAL_SURFACE('',#2696,0.000855992726955412);
#2260=CYLINDRICAL_SURFACE('',#2699,0.00203442878369987);
#2261=CYLINDRICAL_SURFACE('',#2702,0.238925980835245);
#2262=CYLINDRICAL_SURFACE('',#2705,0.353968769702359);
#2263=CYLINDRICAL_SURFACE('',#2708,0.000782054399457601);
#2264=CYLINDRICAL_SURFACE('',#2711,0.0613004174490795);
#2265=CYLINDRICAL_SURFACE('',#2714,0.00142013173300957);
#2266=CYLINDRICAL_SURFACE('',#2717,0.00130956861984149);
#2267=CYLINDRICAL_SURFACE('',#2720,0.00143884141656301);
#2268=CYLINDRICAL_SURFACE('',#2723,0.00179649702703682);
#2269=CYLINDRICAL_SURFACE('',#2726,0.00163493235897174);
#2270=CYLINDRICAL_SURFACE('',#2729,0.00076447614195605);
#2271=CYLINDRICAL_SURFACE('',#2732,0.00100250930672011);
#2272=CYLINDRICAL_SURFACE('',#2735,0.00232665356298231);
#2273=CYLINDRICAL_SURFACE('',#2738,0.00226732326809376);
#2274=CYLINDRICAL_SURFACE('',#2741,0.000841241586816838);
#2275=CYLINDRICAL_SURFACE('',#2744,0.000983547518563102);
#2276=CYLINDRICAL_SURFACE('',#2747,0.00218705973704985);
#2277=CYLINDRICAL_SURFACE('',#2750,0.00217328324874987);
#2278=CYLINDRICAL_SURFACE('',#2753,0.000947798744758966);
#2279=CYLINDRICAL_SURFACE('',#2756,0.00125364243601257);
#2280=CYLINDRICAL_SURFACE('',#2759,0.00139129279229049);
#2281=CYLINDRICAL_SURFACE('',#2762,0.0241924500249004);
#2282=ADVANCED_FACE('',(#2044),#2172,.T.);
#2283=ADVANCED_FACE('',(#2045),#2173,.F.);
#2284=ADVANCED_FACE('',(#2046),#2174,.F.);
#2285=ADVANCED_FACE('',(#2047),#2175,.F.);
#2286=ADVANCED_FACE('',(#2048),#2176,.F.);
#2287=ADVANCED_FACE('',(#2049),#2177,.T.);
#2288=ADVANCED_FACE('',(#2050),#2178,.T.);
#2289=ADVANCED_FACE('',(#2051),#2179,.T.);
#2290=ADVANCED_FACE('',(#2052),#2180,.T.);
#2291=ADVANCED_FACE('',(#2053),#12,.F.);
#2292=ADVANCED_FACE('',(#2054),#13,.F.);
#2293=ADVANCED_FACE('',(#2055),#2181,.F.);
#2294=ADVANCED_FACE('',(#2056),#2182,.F.);
#2295=ADVANCED_FACE('',(#2057),#2183,.F.);
#2296=ADVANCED_FACE('',(#2058),#2184,.F.);
#2297=ADVANCED_FACE('',(#2059),#2185,.T.);
#2298=ADVANCED_FACE('',(#2060),#2186,.T.);
#2299=ADVANCED_FACE('',(#2061),#2187,.T.);
#2300=ADVANCED_FACE('',(#2062),#2188,.T.);
#2301=ADVANCED_FACE('',(#2063),#2189,.T.);
#2302=ADVANCED_FACE('',(#2064),#2190,.T.);
#2303=ADVANCED_FACE('',(#2065),#2191,.T.);
#2304=ADVANCED_FACE('',(#2066),#2192,.T.);
#2305=ADVANCED_FACE('',(#2067),#2193,.T.);
#2306=ADVANCED_FACE('',(#2068),#2194,.T.);
#2307=ADVANCED_FACE('',(#2069),#2195,.T.);
#2308=ADVANCED_FACE('',(#2070),#2196,.T.);
#2309=ADVANCED_FACE('',(#2071),#2197,.F.);
#2310=ADVANCED_FACE('',(#2072),#2198,.F.);
#2311=ADVANCED_FACE('',(#2073),#2199,.F.);
#2312=ADVANCED_FACE('',(#2074),#2200,.F.);
#2313=ADVANCED_FACE('',(#2075),#2201,.F.);
#2314=ADVANCED_FACE('',(#2076),#2202,.F.);
#2315=ADVANCED_FACE('',(#2077),#2203,.F.);
#2316=ADVANCED_FACE('',(#2078),#2204,.F.);
#2317=ADVANCED_FACE('',(#2079),#2205,.F.);
#2318=ADVANCED_FACE('',(#2080),#2206,.F.);
#2319=ADVANCED_FACE('',(#2081),#2207,.F.);
#2320=ADVANCED_FACE('',(#2082),#2208,.F.);
#2321=ADVANCED_FACE('',(#2083),#14,.F.);
#2322=ADVANCED_FACE('',(#2084),#15,.F.);
#2323=ADVANCED_FACE('',(#2085),#16,.F.);
#2324=ADVANCED_FACE('',(#2086),#17,.F.);
#2325=ADVANCED_FACE('',(#2087),#18,.F.);
#2326=ADVANCED_FACE('',(#2088),#19,.F.);
#2327=ADVANCED_FACE('',(#2089),#2209,.F.);
#2328=ADVANCED_FACE('',(#2090),#2210,.F.);
#2329=ADVANCED_FACE('',(#2091),#2211,.F.);
#2330=ADVANCED_FACE('',(#2092),#2212,.F.);
#2331=ADVANCED_FACE('',(#2093),#20,.F.);
#2332=ADVANCED_FACE('',(#2094),#21,.F.);
#2333=ADVANCED_FACE('',(#2095),#2213,.T.);
#2334=ADVANCED_FACE('',(#2096),#2214,.T.);
#2335=ADVANCED_FACE('',(#2097),#2215,.T.);
#2336=ADVANCED_FACE('',(#2098),#2216,.T.);
#2337=ADVANCED_FACE('',(#2099),#2217,.T.);
#2338=ADVANCED_FACE('',(#2100),#2218,.T.);
#2339=ADVANCED_FACE('',(#2101),#2219,.T.);
#2340=ADVANCED_FACE('',(#2102),#2220,.T.);
#2341=ADVANCED_FACE('',(#2103),#2221,.F.);
#2342=ADVANCED_FACE('',(#2104),#2222,.F.);
#2343=ADVANCED_FACE('',(#2105),#2223,.F.);
#2344=ADVANCED_FACE('',(#2106),#2224,.F.);
#2345=ADVANCED_FACE('',(#2107),#2225,.T.);
#2346=ADVANCED_FACE('',(#2108),#2226,.T.);
#2347=ADVANCED_FACE('',(#2109),#2227,.T.);
#2348=ADVANCED_FACE('',(#2110),#2228,.T.);
#2349=ADVANCED_FACE('',(#2111),#2229,.T.);
#2350=ADVANCED_FACE('',(#2112),#2230,.T.);
#2351=ADVANCED_FACE('',(#2113),#2231,.T.);
#2352=ADVANCED_FACE('',(#2114),#2232,.T.);
#2353=ADVANCED_FACE('',(#2115),#2233,.T.);
#2354=ADVANCED_FACE('',(#2116),#2234,.T.);
#2355=ADVANCED_FACE('',(#2117),#2235,.T.);
#2356=ADVANCED_FACE('',(#2118),#2236,.T.);
#2357=ADVANCED_FACE('',(#2119),#2237,.T.);
#2358=ADVANCED_FACE('',(#2120),#2238,.T.);
#2359=ADVANCED_FACE('',(#2121),#2239,.T.);
#2360=ADVANCED_FACE('',(#2122),#22,.F.);
#2361=ADVANCED_FACE('',(#2123),#23,.F.);
#2362=ADVANCED_FACE('',(#2124),#2240,.F.);
#2363=ADVANCED_FACE('',(#2125),#2241,.F.);
#2364=ADVANCED_FACE('',(#2126),#2242,.F.);
#2365=ADVANCED_FACE('',(#2127),#2243,.F.);
#2366=ADVANCED_FACE('',(#2128),#2244,.F.);
#2367=ADVANCED_FACE('',(#2129),#2245,.F.);
#2368=ADVANCED_FACE('',(#2130),#2246,.F.);
#2369=ADVANCED_FACE('',(#2131),#2247,.F.);
#2370=ADVANCED_FACE('',(#2132),#2248,.F.);
#2371=ADVANCED_FACE('',(#2133),#2249,.F.);
#2372=ADVANCED_FACE('',(#2134),#2250,.F.);
#2373=ADVANCED_FACE('',(#2135),#2251,.F.);
#2374=ADVANCED_FACE('',(#2136),#24,.F.);
#2375=ADVANCED_FACE('',(#2137),#25,.F.);
#2376=ADVANCED_FACE('',(#2138),#2252,.T.);
#2377=ADVANCED_FACE('',(#2139),#2253,.T.);
#2378=ADVANCED_FACE('',(#2140),#2254,.T.);
#2379=ADVANCED_FACE('',(#2141),#2255,.T.);
#2380=ADVANCED_FACE('',(#2142),#2256,.T.);
#2381=ADVANCED_FACE('',(#2143),#2257,.T.);
#2382=ADVANCED_FACE('',(#2144),#2258,.T.);
#2383=ADVANCED_FACE('',(#2145),#2259,.T.);
#2384=ADVANCED_FACE('',(#2146),#2260,.T.);
#2385=ADVANCED_FACE('',(#2147),#2261,.T.);
#2386=ADVANCED_FACE('',(#2148),#2262,.T.);
#2387=ADVANCED_FACE('',(#2149),#2263,.T.);
#2388=ADVANCED_FACE('',(#2150),#2264,.T.);
#2389=ADVANCED_FACE('',(#2151),#2265,.F.);
#2390=ADVANCED_FACE('',(#2152),#2266,.F.);
#2391=ADVANCED_FACE('',(#2153),#2267,.F.);
#2392=ADVANCED_FACE('',(#2154),#2268,.F.);
#2393=ADVANCED_FACE('',(#2155),#2269,.F.);
#2394=ADVANCED_FACE('',(#2156),#2270,.F.);
#2395=ADVANCED_FACE('',(#2157),#2271,.F.);
#2396=ADVANCED_FACE('',(#2158),#2272,.F.);
#2397=ADVANCED_FACE('',(#2159),#2273,.F.);
#2398=ADVANCED_FACE('',(#2160),#2274,.F.);
#2399=ADVANCED_FACE('',(#2161),#2275,.F.);
#2400=ADVANCED_FACE('',(#2162),#2276,.F.);
#2401=ADVANCED_FACE('',(#2163),#2277,.F.);
#2402=ADVANCED_FACE('',(#2164),#2278,.F.);
#2403=ADVANCED_FACE('',(#2165),#2279,.F.);
#2404=ADVANCED_FACE('',(#2166),#2280,.F.);
#2405=ADVANCED_FACE('',(#2167),#2281,.T.);
#2406=ADVANCED_FACE('',(#2168,#2169),#26,.T.);
#2407=ADVANCED_FACE('',(#2170,#2171),#27,.F.);
#2408=CLOSED_SHELL('',(#2282,#2283,#2284,#2285,#2286,#2287,#2288,#2289,
#2290,#2291,#2292,#2293,#2294,#2295,#2296,#2297,#2298,#2299,#2300,#2301,
#2302,#2303,#2304,#2305,#2306,#2307,#2308,#2309,#2310,#2311,#2312,#2313,
#2314,#2315,#2316,#2317,#2318,#2319,#2320,#2321,#2322,#2323,#2324,#2325,
#2326,#2327,#2328,#2329,#2330,#2331,#2332,#2333,#2334,#2335,#2336,#2337,
#2338,#2339,#2340,#2341,#2342,#2343,#2344,#2345,#2346,#2347,#2348,#2349,
#2350,#2351,#2352,#2353,#2354,#2355,#2356,#2357,#2358,#2359,#2360,#2361,
#2362,#2363,#2364,#2365,#2366,#2367,#2368,#2369,#2370,#2371,#2372,#2373,
#2374,#2375,#2376,#2377,#2378,#2379,#2380,#2381,#2382,#2383,#2384,#2385,
#2386,#2387,#2388,#2389,#2390,#2391,#2392,#2393,#2394,#2395,#2396,#2397,
#2398,#2399,#2400,#2401,#2402,#2403,#2404,#2405,#2406,#2407));
#2409=STYLED_ITEM('',(#2410),#2417);
#2410=PRESENTATION_STYLE_ASSIGNMENT((#2411));
#2411=SURFACE_STYLE_USAGE(.BOTH.,#2412);
#2412=SURFACE_SIDE_STYLE('',(#2413));
#2413=SURFACE_STYLE_FILL_AREA(#2414);
#2414=FILL_AREA_STYLE('',(#2415));
#2415=FILL_AREA_STYLE_COLOUR('',#2416);
#2416=COLOUR_RGB('',0.682352941176471,0.333333333333334,0.737254901960784);
#2417=MANIFOLD_SOLID_BREP('ForgeLogo',#2408);
#2418=SHAPE_DEFINITION_REPRESENTATION(#4366,#2419);
#2419=SHAPE_REPRESENTATION('ForgeLogo',(#2420),#4361);
#2420=AXIS2_PLACEMENT_3D('',#3613,#2767,#2768);
#2421=AXIS2_PLACEMENT_3D('',#3614,#2769,#2770);
#2422=AXIS2_PLACEMENT_3D('',#3615,#2771,#2772);
#2423=AXIS2_PLACEMENT_3D('',#3620,#2774,#2775);
#2424=AXIS2_PLACEMENT_3D('',#3623,#2777,#2778);
#2425=AXIS2_PLACEMENT_3D('',#3624,#2779,#2780);
#2426=AXIS2_PLACEMENT_3D('',#3628,#2782,#2783);
#2427=AXIS2_PLACEMENT_3D('',#3629,#2784,#2785);
#2428=AXIS2_PLACEMENT_3D('',#3630,#2786,#2787);
#2429=AXIS2_PLACEMENT_3D('',#3634,#2789,#2790);
#2430=AXIS2_PLACEMENT_3D('',#3635,#2791,#2792);
#2431=AXIS2_PLACEMENT_3D('',#3636,#2793,#2794);
#2432=AXIS2_PLACEMENT_3D('',#3640,#2796,#2797);
#2433=AXIS2_PLACEMENT_3D('',#3641,#2798,#2799);
#2434=AXIS2_PLACEMENT_3D('',#3642,#2800,#2801);
#2435=AXIS2_PLACEMENT_3D('',#3646,#2803,#2804);
#2436=AXIS2_PLACEMENT_3D('',#3647,#2805,#2806);
#2437=AXIS2_PLACEMENT_3D('',#3648,#2807,#2808);
#2438=AXIS2_PLACEMENT_3D('',#3652,#2810,#2811);
#2439=AXIS2_PLACEMENT_3D('',#3653,#2812,#2813);
#2440=AXIS2_PLACEMENT_3D('',#3654,#2814,#2815);
#2441=AXIS2_PLACEMENT_3D('',#3658,#2817,#2818);
#2442=AXIS2_PLACEMENT_3D('',#3659,#2819,#2820);
#2443=AXIS2_PLACEMENT_3D('',#3660,#2821,#2822);
#2444=AXIS2_PLACEMENT_3D('',#3664,#2824,#2825);
#2445=AXIS2_PLACEMENT_3D('',#3665,#2826,#2827);
#2446=AXIS2_PLACEMENT_3D('',#3666,#2828,#2829);
#2447=AXIS2_PLACEMENT_3D('',#3670,#2831,#2832);
#2448=AXIS2_PLACEMENT_3D('',#3671,#2833,#2834);
#2449=AXIS2_PLACEMENT_3D('',#3677,#2838,#2839);
#2450=AXIS2_PLACEMENT_3D('',#3683,#2843,#2844);
#2451=AXIS2_PLACEMENT_3D('',#3684,#2845,#2846);
#2452=AXIS2_PLACEMENT_3D('',#3688,#2848,#2849);
#2453=AXIS2_PLACEMENT_3D('',#3689,#2850,#2851);
#2454=AXIS2_PLACEMENT_3D('',#3690,#2852,#2853);
#2455=AXIS2_PLACEMENT_3D('',#3694,#2855,#2856);
#2456=AXIS2_PLACEMENT_3D('',#3695,#2857,#2858);
#2457=AXIS2_PLACEMENT_3D('',#3696,#2859,#2860);
#2458=AXIS2_PLACEMENT_3D('',#3700,#2862,#2863);
#2459=AXIS2_PLACEMENT_3D('',#3701,#2864,#2865);
#2460=AXIS2_PLACEMENT_3D('',#3702,#2866,#2867);
#2461=AXIS2_PLACEMENT_3D('',#3706,#2869,#2870);
#2462=AXIS2_PLACEMENT_3D('',#3707,#2871,#2872);
#2463=AXIS2_PLACEMENT_3D('',#3708,#2873,#2874);
#2464=AXIS2_PLACEMENT_3D('',#3712,#2876,#2877);
#2465=AXIS2_PLACEMENT_3D('',#3713,#2878,#2879);
#2466=AXIS2_PLACEMENT_3D('',#3714,#2880,#2881);
#2467=AXIS2_PLACEMENT_3D('',#3718,#2883,#2884);
#2468=AXIS2_PLACEMENT_3D('',#3719,#2885,#2886);
#2469=AXIS2_PLACEMENT_3D('',#3720,#2887,#2888);
#2470=AXIS2_PLACEMENT_3D('',#3724,#2890,#2891);
#2471=AXIS2_PLACEMENT_3D('',#3725,#2892,#2893);
#2472=AXIS2_PLACEMENT_3D('',#3726,#2894,#2895);
#2473=AXIS2_PLACEMENT_3D('',#3730,#2897,#2898);
#2474=AXIS2_PLACEMENT_3D('',#3731,#2899,#2900);
#2475=AXIS2_PLACEMENT_3D('',#3732,#2901,#2902);
#2476=AXIS2_PLACEMENT_3D('',#3736,#2904,#2905);
#2477=AXIS2_PLACEMENT_3D('',#3737,#2906,#2907);
#2478=AXIS2_PLACEMENT_3D('',#3738,#2908,#2909);
#2479=AXIS2_PLACEMENT_3D('',#3742,#2911,#2912);
#2480=AXIS2_PLACEMENT_3D('',#3743,#2913,#2914);
#2481=AXIS2_PLACEMENT_3D('',#3744,#2915,#2916);
#2482=AXIS2_PLACEMENT_3D('',#3748,#2918,#2919);
#2483=AXIS2_PLACEMENT_3D('',#3749,#2920,#2921);
#2484=AXIS2_PLACEMENT_3D('',#3750,#2922,#2923);
#2485=AXIS2_PLACEMENT_3D('',#3754,#2925,#2926);
#2486=AXIS2_PLACEMENT_3D('',#3755,#2927,#2928);
#2487=AXIS2_PLACEMENT_3D('',#3756,#2929,#2930);
#2488=AXIS2_PLACEMENT_3D('',#3760,#2932,#2933);
#2489=AXIS2_PLACEMENT_3D('',#3761,#2934,#2935);
#2490=AXIS2_PLACEMENT_3D('',#3762,#2936,#2937);
#2491=AXIS2_PLACEMENT_3D('',#3766,#2939,#2940);
#2492=AXIS2_PLACEMENT_3D('',#3767,#2941,#2942);
#2493=AXIS2_PLACEMENT_3D('',#3768,#2943,#2944);
#2494=AXIS2_PLACEMENT_3D('',#3772,#2946,#2947);
#2495=AXIS2_PLACEMENT_3D('',#3773,#2948,#2949);
#2496=AXIS2_PLACEMENT_3D('',#3774,#2950,#2951);
#2497=AXIS2_PLACEMENT_3D('',#3778,#2953,#2954);
#2498=AXIS2_PLACEMENT_3D('',#3779,#2955,#2956);
#2499=AXIS2_PLACEMENT_3D('',#3780,#2957,#2958);
#2500=AXIS2_PLACEMENT_3D('',#3784,#2960,#2961);
#2501=AXIS2_PLACEMENT_3D('',#3785,#2962,#2963);
#2502=AXIS2_PLACEMENT_3D('',#3786,#2964,#2965);
#2503=AXIS2_PLACEMENT_3D('',#3790,#2967,#2968);
#2504=AXIS2_PLACEMENT_3D('',#3791,#2969,#2970);
#2505=AXIS2_PLACEMENT_3D('',#3792,#2971,#2972);
#2506=AXIS2_PLACEMENT_3D('',#3796,#2974,#2975);
#2507=AXIS2_PLACEMENT_3D('',#3797,#2976,#2977);
#2508=AXIS2_PLACEMENT_3D('',#3798,#2978,#2979);
#2509=AXIS2_PLACEMENT_3D('',#3802,#2981,#2982);
#2510=AXIS2_PLACEMENT_3D('',#3803,#2983,#2984);
#2511=AXIS2_PLACEMENT_3D('',#3804,#2985,#2986);
#2512=AXIS2_PLACEMENT_3D('',#3808,#2988,#2989);
#2513=AXIS2_PLACEMENT_3D('',#3809,#2990,#2991);
#2514=AXIS2_PLACEMENT_3D('',#3810,#2992,#2993);
#2515=AXIS2_PLACEMENT_3D('',#3814,#2995,#2996);
#2516=AXIS2_PLACEMENT_3D('',#3815,#2997,#2998);
#2517=AXIS2_PLACEMENT_3D('',#3816,#2999,#3000);
#2518=AXIS2_PLACEMENT_3D('',#3820,#3002,#3003);
#2519=AXIS2_PLACEMENT_3D('',#3821,#3004,#3005);
#2520=AXIS2_PLACEMENT_3D('',#3822,#3006,#3007);
#2521=AXIS2_PLACEMENT_3D('',#3826,#3009,#3010);
#2522=AXIS2_PLACEMENT_3D('',#3827,#3011,#3012);
#2523=AXIS2_PLACEMENT_3D('',#3828,#3013,#3014);
#2524=AXIS2_PLACEMENT_3D('',#3832,#3016,#3017);
#2525=AXIS2_PLACEMENT_3D('',#3833,#3018,#3019);
#2526=AXIS2_PLACEMENT_3D('',#3834,#3020,#3021);
#2527=AXIS2_PLACEMENT_3D('',#3838,#3023,#3024);
#2528=AXIS2_PLACEMENT_3D('',#3839,#3025,#3026);
#2529=AXIS2_PLACEMENT_3D('',#3840,#3027,#3028);
#2530=AXIS2_PLACEMENT_3D('',#3844,#3030,#3031);
#2531=AXIS2_PLACEMENT_3D('',#3845,#3032,#3033);
#2532=AXIS2_PLACEMENT_3D('',#3846,#3034,#3035);
#2533=AXIS2_PLACEMENT_3D('',#3850,#3037,#3038);
#2534=AXIS2_PLACEMENT_3D('',#3851,#3039,#3040);
#2535=AXIS2_PLACEMENT_3D('',#3857,#3044,#3045);
#2536=AXIS2_PLACEMENT_3D('',#3863,#3049,#3050);
#2537=AXIS2_PLACEMENT_3D('',#3869,#3054,#3055);
#2538=AXIS2_PLACEMENT_3D('',#3875,#3059,#3060);
#2539=AXIS2_PLACEMENT_3D('',#3881,#3064,#3065);
#2540=AXIS2_PLACEMENT_3D('',#3887,#3069,#3070);
#2541=AXIS2_PLACEMENT_3D('',#3888,#3071,#3072);
#2542=AXIS2_PLACEMENT_3D('',#3892,#3074,#3075);
#2543=AXIS2_PLACEMENT_3D('',#3893,#3076,#3077);
#2544=AXIS2_PLACEMENT_3D('',#3894,#3078,#3079);
#2545=AXIS2_PLACEMENT_3D('',#3898,#3081,#3082);
#2546=AXIS2_PLACEMENT_3D('',#3899,#3083,#3084);
#2547=AXIS2_PLACEMENT_3D('',#3900,#3085,#3086);
#2548=AXIS2_PLACEMENT_3D('',#3904,#3088,#3089);
#2549=AXIS2_PLACEMENT_3D('',#3905,#3090,#3091);
#2550=AXIS2_PLACEMENT_3D('',#3906,#3092,#3093);
#2551=AXIS2_PLACEMENT_3D('',#3910,#3095,#3096);
#2552=AXIS2_PLACEMENT_3D('',#3911,#3097,#3098);
#2553=AXIS2_PLACEMENT_3D('',#3917,#3102,#3103);
#2554=AXIS2_PLACEMENT_3D('',#3923,#3107,#3108);
#2555=AXIS2_PLACEMENT_3D('',#3924,#3109,#3110);
#2556=AXIS2_PLACEMENT_3D('',#3928,#3112,#3113);
#2557=AXIS2_PLACEMENT_3D('',#3929,#3114,#3115);
#2558=AXIS2_PLACEMENT_3D('',#3930,#3116,#3117);
#2559=AXIS2_PLACEMENT_3D('',#3934,#3119,#3120);
#2560=AXIS2_PLACEMENT_3D('',#3935,#3121,#3122);
#2561=AXIS2_PLACEMENT_3D('',#3936,#3123,#3124);
#2562=AXIS2_PLACEMENT_3D('',#3940,#3126,#3127);
#2563=AXIS2_PLACEMENT_3D('',#3941,#3128,#3129);
#2564=AXIS2_PLACEMENT_3D('',#3942,#3130,#3131);
#2565=AXIS2_PLACEMENT_3D('',#3946,#3133,#3134);
#2566=AXIS2_PLACEMENT_3D('',#3947,#3135,#3136);
#2567=AXIS2_PLACEMENT_3D('',#3948,#3137,#3138);
#2568=AXIS2_PLACEMENT_3D('',#3952,#3140,#3141);
#2569=AXIS2_PLACEMENT_3D('',#3953,#3142,#3143);
#2570=AXIS2_PLACEMENT_3D('',#3954,#3144,#3145);
#2571=AXIS2_PLACEMENT_3D('',#3958,#3147,#3148);
#2572=AXIS2_PLACEMENT_3D('',#3959,#3149,#3150);
#2573=AXIS2_PLACEMENT_3D('',#3960,#3151,#3152);
#2574=AXIS2_PLACEMENT_3D('',#3964,#3154,#3155);
#2575=AXIS2_PLACEMENT_3D('',#3965,#3156,#3157);
#2576=AXIS2_PLACEMENT_3D('',#3966,#3158,#3159);
#2577=AXIS2_PLACEMENT_3D('',#3970,#3161,#3162);
#2578=AXIS2_PLACEMENT_3D('',#3971,#3163,#3164);
#2579=AXIS2_PLACEMENT_3D('',#3972,#3165,#3166);
#2580=AXIS2_PLACEMENT_3D('',#3976,#3168,#3169);
#2581=AXIS2_PLACEMENT_3D('',#3977,#3170,#3171);
#2582=AXIS2_PLACEMENT_3D('',#3978,#3172,#3173);
#2583=AXIS2_PLACEMENT_3D('',#3982,#3175,#3176);
#2584=AXIS2_PLACEMENT_3D('',#3983,#3177,#3178);
#2585=AXIS2_PLACEMENT_3D('',#3984,#3179,#3180);
#2586=AXIS2_PLACEMENT_3D('',#3988,#3182,#3183);
#2587=AXIS2_PLACEMENT_3D('',#3989,#3184,#3185);
#2588=AXIS2_PLACEMENT_3D('',#3990,#3186,#3187);
#2589=AXIS2_PLACEMENT_3D('',#3994,#3189,#3190);
#2590=AXIS2_PLACEMENT_3D('',#3995,#3191,#3192);
#2591=AXIS2_PLACEMENT_3D('',#3996,#3193,#3194);
#2592=AXIS2_PLACEMENT_3D('',#4000,#3196,#3197);
#2593=AXIS2_PLACEMENT_3D('',#4001,#3198,#3199);
#2594=AXIS2_PLACEMENT_3D('',#4002,#3200,#3201);
#2595=AXIS2_PLACEMENT_3D('',#4006,#3203,#3204);
#2596=AXIS2_PLACEMENT_3D('',#4007,#3205,#3206);
#2597=AXIS2_PLACEMENT_3D('',#4008,#3207,#3208);
#2598=AXIS2_PLACEMENT_3D('',#4012,#3210,#3211);
#2599=AXIS2_PLACEMENT_3D('',#4013,#3212,#3213);
#2600=AXIS2_PLACEMENT_3D('',#4014,#3214,#3215);
#2601=AXIS2_PLACEMENT_3D('',#4018,#3217,#3218);
#2602=AXIS2_PLACEMENT_3D('',#4019,#3219,#3220);
#2603=AXIS2_PLACEMENT_3D('',#4020,#3221,#3222);
#2604=AXIS2_PLACEMENT_3D('',#4024,#3224,#3225);
#2605=AXIS2_PLACEMENT_3D('',#4025,#3226,#3227);
#2606=AXIS2_PLACEMENT_3D('',#4026,#3228,#3229);
#2607=AXIS2_PLACEMENT_3D('',#4030,#3231,#3232);
#2608=AXIS2_PLACEMENT_3D('',#4031,#3233,#3234);
#2609=AXIS2_PLACEMENT_3D('',#4032,#3235,#3236);
#2610=AXIS2_PLACEMENT_3D('',#4036,#3238,#3239);
#2611=AXIS2_PLACEMENT_3D('',#4037,#3240,#3241);
#2612=AXIS2_PLACEMENT_3D('',#4038,#3242,#3243);
#2613=AXIS2_PLACEMENT_3D('',#4042,#3245,#3246);
#2614=AXIS2_PLACEMENT_3D('',#4043,#3247,#3248);
#2615=AXIS2_PLACEMENT_3D('',#4044,#3249,#3250);
#2616=AXIS2_PLACEMENT_3D('',#4048,#3252,#3253);
#2617=AXIS2_PLACEMENT_3D('',#4049,#3254,#3255);
#2618=AXIS2_PLACEMENT_3D('',#4050,#3256,#3257);
#2619=AXIS2_PLACEMENT_3D('',#4054,#3259,#3260);
#2620=AXIS2_PLACEMENT_3D('',#4055,#3261,#3262);
#2621=AXIS2_PLACEMENT_3D('',#4056,#3263,#3264);
#2622=AXIS2_PLACEMENT_3D('',#4060,#3266,#3267);
#2623=AXIS2_PLACEMENT_3D('',#4061,#3268,#3269);
#2624=AXIS2_PLACEMENT_3D('',#4062,#3270,#3271);
#2625=AXIS2_PLACEMENT_3D('',#4066,#3273,#3274);
#2626=AXIS2_PLACEMENT_3D('',#4067,#3275,#3276);
#2627=AXIS2_PLACEMENT_3D('',#4068,#3277,#3278);
#2628=AXIS2_PLACEMENT_3D('',#4072,#3280,#3281);
#2629=AXIS2_PLACEMENT_3D('',#4073,#3282,#3283);
#2630=AXIS2_PLACEMENT_3D('',#4074,#3284,#3285);
#2631=AXIS2_PLACEMENT_3D('',#4078,#3287,#3288);
#2632=AXIS2_PLACEMENT_3D('',#4079,#3289,#3290);
#2633=AXIS2_PLACEMENT_3D('',#4080,#3291,#3292);
#2634=AXIS2_PLACEMENT_3D('',#4084,#3294,#3295);
#2635=AXIS2_PLACEMENT_3D('',#4085,#3296,#3297);
#2636=AXIS2_PLACEMENT_3D('',#4091,#3301,#3302);
#2637=AXIS2_PLACEMENT_3D('',#4097,#3306,#3307);
#2638=AXIS2_PLACEMENT_3D('',#4098,#3308,#3309);
#2639=AXIS2_PLACEMENT_3D('',#4102,#3311,#3312);
#2640=AXIS2_PLACEMENT_3D('',#4103,#3313,#3314);
#2641=AXIS2_PLACEMENT_3D('',#4104,#3315,#3316);
#2642=AXIS2_PLACEMENT_3D('',#4108,#3318,#3319);
#2643=AXIS2_PLACEMENT_3D('',#4109,#3320,#3321);
#2644=AXIS2_PLACEMENT_3D('',#4110,#3322,#3323);
#2645=AXIS2_PLACEMENT_3D('',#4114,#3325,#3326);
#2646=AXIS2_PLACEMENT_3D('',#4115,#3327,#3328);
#2647=AXIS2_PLACEMENT_3D('',#4116,#3329,#3330);
#2648=AXIS2_PLACEMENT_3D('',#4120,#3332,#3333);
#2649=AXIS2_PLACEMENT_3D('',#4121,#3334,#3335);
#2650=AXIS2_PLACEMENT_3D('',#4122,#3336,#3337);
#2651=AXIS2_PLACEMENT_3D('',#4126,#3339,#3340);
#2652=AXIS2_PLACEMENT_3D('',#4127,#3341,#3342);
#2653=AXIS2_PLACEMENT_3D('',#4128,#3343,#3344);
#2654=AXIS2_PLACEMENT_3D('',#4132,#3346,#3347);
#2655=AXIS2_PLACEMENT_3D('',#4133,#3348,#3349);
#2656=AXIS2_PLACEMENT_3D('',#4134,#3350,#3351);
#2657=AXIS2_PLACEMENT_3D('',#4138,#3353,#3354);
#2658=AXIS2_PLACEMENT_3D('',#4139,#3355,#3356);
#2659=AXIS2_PLACEMENT_3D('',#4140,#3357,#3358);
#2660=AXIS2_PLACEMENT_3D('',#4144,#3360,#3361);
#2661=AXIS2_PLACEMENT_3D('',#4145,#3362,#3363);
#2662=AXIS2_PLACEMENT_3D('',#4146,#3364,#3365);
#2663=AXIS2_PLACEMENT_3D('',#4150,#3367,#3368);
#2664=AXIS2_PLACEMENT_3D('',#4151,#3369,#3370);
#2665=AXIS2_PLACEMENT_3D('',#4152,#3371,#3372);
#2666=AXIS2_PLACEMENT_3D('',#4156,#3374,#3375);
#2667=AXIS2_PLACEMENT_3D('',#4157,#3376,#3377);
#2668=AXIS2_PLACEMENT_3D('',#4158,#3378,#3379);
#2669=AXIS2_PLACEMENT_3D('',#4162,#3381,#3382);
#2670=AXIS2_PLACEMENT_3D('',#4163,#3383,#3384);
#2671=AXIS2_PLACEMENT_3D('',#4164,#3385,#3386);
#2672=AXIS2_PLACEMENT_3D('',#4168,#3388,#3389);
#2673=AXIS2_PLACEMENT_3D('',#4169,#3390,#3391);
#2674=AXIS2_PLACEMENT_3D('',#4175,#3395,#3396);
#2675=AXIS2_PLACEMENT_3D('',#4181,#3400,#3401);
#2676=AXIS2_PLACEMENT_3D('',#4182,#3402,#3403);
#2677=AXIS2_PLACEMENT_3D('',#4186,#3405,#3406);
#2678=AXIS2_PLACEMENT_3D('',#4187,#3407,#3408);
#2679=AXIS2_PLACEMENT_3D('',#4188,#3409,#3410);
#2680=AXIS2_PLACEMENT_3D('',#4192,#3412,#3413);
#2681=AXIS2_PLACEMENT_3D('',#4193,#3414,#3415);
#2682=AXIS2_PLACEMENT_3D('',#4194,#3416,#3417);
#2683=AXIS2_PLACEMENT_3D('',#4198,#3419,#3420);
#2684=AXIS2_PLACEMENT_3D('',#4199,#3421,#3422);
#2685=AXIS2_PLACEMENT_3D('',#4200,#3423,#3424);
#2686=AXIS2_PLACEMENT_3D('',#4204,#3426,#3427);
#2687=AXIS2_PLACEMENT_3D('',#4205,#3428,#3429);
#2688=AXIS2_PLACEMENT_3D('',#4206,#3430,#3431);
#2689=AXIS2_PLACEMENT_3D('',#4210,#3433,#3434);
#2690=AXIS2_PLACEMENT_3D('',#4211,#3435,#3436);
#2691=AXIS2_PLACEMENT_3D('',#4212,#3437,#3438);
#2692=AXIS2_PLACEMENT_3D('',#4216,#3440,#3441);
#2693=AXIS2_PLACEMENT_3D('',#4217,#3442,#3443);
#2694=AXIS2_PLACEMENT_3D('',#4218,#3444,#3445);
#2695=AXIS2_PLACEMENT_3D('',#4222,#3447,#3448);
#2696=AXIS2_PLACEMENT_3D('',#4223,#3449,#3450);
#2697=AXIS2_PLACEMENT_3D('',#4224,#3451,#3452);
#2698=AXIS2_PLACEMENT_3D('',#4228,#3454,#3455);
#2699=AXIS2_PLACEMENT_3D('',#4229,#3456,#3457);
#2700=AXIS2_PLACEMENT_3D('',#4230,#3458,#3459);
#2701=AXIS2_PLACEMENT_3D('',#4234,#3461,#3462);
#2702=AXIS2_PLACEMENT_3D('',#4235,#3463,#3464);
#2703=AXIS2_PLACEMENT_3D('',#4236,#3465,#3466);
#2704=AXIS2_PLACEMENT_3D('',#4240,#3468,#3469);
#2705=AXIS2_PLACEMENT_3D('',#4241,#3470,#3471);
#2706=AXIS2_PLACEMENT_3D('',#4242,#3472,#3473);
#2707=AXIS2_PLACEMENT_3D('',#4246,#3475,#3476);
#2708=AXIS2_PLACEMENT_3D('',#4247,#3477,#3478);
#2709=AXIS2_PLACEMENT_3D('',#4248,#3479,#3480);
#2710=AXIS2_PLACEMENT_3D('',#4252,#3482,#3483);
#2711=AXIS2_PLACEMENT_3D('',#4253,#3484,#3485);
#2712=AXIS2_PLACEMENT_3D('',#4254,#3486,#3487);
#2713=AXIS2_PLACEMENT_3D('',#4258,#3489,#3490);
#2714=AXIS2_PLACEMENT_3D('',#4259,#3491,#3492);
#2715=AXIS2_PLACEMENT_3D('',#4260,#3493,#3494);
#2716=AXIS2_PLACEMENT_3D('',#4265,#3496,#3497);
#2717=AXIS2_PLACEMENT_3D('',#4268,#3499,#3500);
#2718=AXIS2_PLACEMENT_3D('',#4269,#3501,#3502);
#2719=AXIS2_PLACEMENT_3D('',#4273,#3504,#3505);
#2720=AXIS2_PLACEMENT_3D('',#4274,#3506,#3507);
#2721=AXIS2_PLACEMENT_3D('',#4275,#3508,#3509);
#2722=AXIS2_PLACEMENT_3D('',#4279,#3511,#3512);
#2723=AXIS2_PLACEMENT_3D('',#4280,#3513,#3514);
#2724=AXIS2_PLACEMENT_3D('',#4281,#3515,#3516);
#2725=AXIS2_PLACEMENT_3D('',#4285,#3518,#3519);
#2726=AXIS2_PLACEMENT_3D('',#4286,#3520,#3521);
#2727=AXIS2_PLACEMENT_3D('',#4287,#3522,#3523);
#2728=AXIS2_PLACEMENT_3D('',#4291,#3525,#3526);
#2729=AXIS2_PLACEMENT_3D('',#4292,#3527,#3528);
#2730=AXIS2_PLACEMENT_3D('',#4293,#3529,#3530);
#2731=AXIS2_PLACEMENT_3D('',#4297,#3532,#3533);
#2732=AXIS2_PLACEMENT_3D('',#4298,#3534,#3535);
#2733=AXIS2_PLACEMENT_3D('',#4299,#3536,#3537);
#2734=AXIS2_PLACEMENT_3D('',#4303,#3539,#3540);
#2735=AXIS2_PLACEMENT_3D('',#4304,#3541,#3542);
#2736=AXIS2_PLACEMENT_3D('',#4305,#3543,#3544);
#2737=AXIS2_PLACEMENT_3D('',#4309,#3546,#3547);
#2738=AXIS2_PLACEMENT_3D('',#4310,#3548,#3549);
#2739=AXIS2_PLACEMENT_3D('',#4311,#3550,#3551);
#2740=AXIS2_PLACEMENT_3D('',#4315,#3553,#3554);
#2741=AXIS2_PLACEMENT_3D('',#4316,#3555,#3556);
#2742=AXIS2_PLACEMENT_3D('',#4317,#3557,#3558);
#2743=AXIS2_PLACEMENT_3D('',#4321,#3560,#3561);
#2744=AXIS2_PLACEMENT_3D('',#4322,#3562,#3563);
#2745=AXIS2_PLACEMENT_3D('',#4323,#3564,#3565);
#2746=AXIS2_PLACEMENT_3D('',#4327,#3567,#3568);
#2747=AXIS2_PLACEMENT_3D('',#4328,#3569,#3570);
#2748=AXIS2_PLACEMENT_3D('',#4329,#3571,#3572);
#2749=AXIS2_PLACEMENT_3D('',#4333,#3574,#3575);
#2750=AXIS2_PLACEMENT_3D('',#4334,#3576,#3577);
#2751=AXIS2_PLACEMENT_3D('',#4335,#3578,#3579);
#2752=AXIS2_PLACEMENT_3D('',#4339,#3581,#3582);
#2753=AXIS2_PLACEMENT_3D('',#4340,#3583,#3584);
#2754=AXIS2_PLACEMENT_3D('',#4341,#3585,#3586);
#2755=AXIS2_PLACEMENT_3D('',#4345,#3588,#3589);
#2756=AXIS2_PLACEMENT_3D('',#4346,#3590,#3591);
#2757=AXIS2_PLACEMENT_3D('',#4347,#3592,#3593);
#2758=AXIS2_PLACEMENT_3D('',#4351,#3595,#3596);
#2759=AXIS2_PLACEMENT_3D('',#4352,#3597,#3598);
#2760=AXIS2_PLACEMENT_3D('',#4353,#3599,#3600);
#2761=AXIS2_PLACEMENT_3D('',#4354,#3601,#3602);
#2762=AXIS2_PLACEMENT_3D('',#4355,#3603,#3604);
#2763=AXIS2_PLACEMENT_3D('',#4356,#3605,#3606);
#2764=AXIS2_PLACEMENT_3D('',#4357,#3607,#3608);
#2765=AXIS2_PLACEMENT_3D('',#4358,#3609,#3610);
#2766=AXIS2_PLACEMENT_3D('',#4359,#3611,#3612);
#2767=DIRECTION('',(0.,0.,1.));
#2768=DIRECTION('',(1.,0.,0.));
#2769=DIRECTION('',(-5.56131819963552E-33,1.22464679914735E-16,1.));
#2770=DIRECTION('',(-1.,-9.08232186375291E-17,5.56131819963552E-33));
#2771=DIRECTION('',(5.56131819963552E-33,-1.22464679914735E-16,-1.));
#2772=DIRECTION('',(1.,9.08232186375291E-17,-5.56131819963552E-33));
#2773=DIRECTION('',(-5.56131819963552E-33,1.22464679914735E-16,1.));
#2774=DIRECTION('',(5.56131819963552E-33,-1.22464679914735E-16,-1.));
#2775=DIRECTION('',(1.,9.08232186375291E-17,-5.56131819963552E-33));
#2776=DIRECTION('',(-5.56131819963552E-33,1.22464679914735E-16,1.));
#2777=DIRECTION('',(-5.56131819963552E-33,1.22464679914735E-16,1.));
#2778=DIRECTION('',(-1.,-9.08232186375291E-17,5.56131819963552E-33));
#2779=DIRECTION('',(-5.56131819963552E-33,1.22464679914735E-16,1.));
#2780=DIRECTION('',(1.,9.08232186375291E-17,-5.56131819963552E-33));
#2781=DIRECTION('',(-5.56131819963552E-33,1.22464679914735E-16,1.));
#2782=DIRECTION('',(-5.56131819963552E-33,1.22464679914735E-16,1.));
#2783=DIRECTION('',(1.,9.08232186375291E-17,-5.56131819963552E-33));
#2784=DIRECTION('',(-5.56131819963552E-33,1.22464679914735E-16,1.));
#2785=DIRECTION('',(-1.,-9.08232186375291E-17,5.56131819963552E-33));
#2786=DIRECTION('',(-5.56131819963552E-33,1.22464679914735E-16,1.));
#2787=DIRECTION('',(1.,9.08232186375291E-17,-5.56131819963552E-33));
#2788=DIRECTION('',(-5.56131819963552E-33,1.22464679914735E-16,1.));
#2789=DIRECTION('',(-5.56131819963552E-33,1.22464679914735E-16,1.));
#2790=DIRECTION('',(1.,9.08232186375291E-17,-5.56131819963552E-33));
#2791=DIRECTION('',(-5.56131819963552E-33,1.22464679914735E-16,1.));
#2792=DIRECTION('',(-1.,-9.08232186375291E-17,5.56131819963552E-33));
#2793=DIRECTION('',(-5.56131819963552E-33,1.22464679914735E-16,1.));
#2794=DIRECTION('',(1.,9.08232186375291E-17,-5.56131819963552E-33));
#2795=DIRECTION('',(-5.56131819963552E-33,1.22464679914735E-16,1.));
#2796=DIRECTION('',(-5.56131819963552E-33,1.22464679914735E-16,1.));
#2797=DIRECTION('',(1.,9.08232186375291E-17,-5.56131819963552E-33));
#2798=DIRECTION('',(-5.56131819963552E-33,1.22464679914735E-16,1.));
#2799=DIRECTION('',(-1.,-9.08232186375291E-17,5.56131819963552E-33));
#2800=DIRECTION('',(-5.56131819963552E-33,1.22464679914735E-16,1.));
#2801=DIRECTION('',(1.,9.08232186375291E-17,-5.56131819963552E-33));
#2802=DIRECTION('',(-5.56131819963552E-33,1.22464679914735E-16,1.));
#2803=DIRECTION('',(-5.56131819963552E-33,1.22464679914735E-16,1.));
#2804=DIRECTION('',(1.,9.08232186375291E-17,-5.56131819963552E-33));
#2805=DIRECTION('',(-5.56131819963552E-33,1.22464679914735E-16,1.));
#2806=DIRECTION('',(-1.,-9.08232186375291E-17,5.56131819963552E-33));
#2807=DIRECTION('',(5.56131819963552E-33,-1.22464679914735E-16,-1.));
#2808=DIRECTION('',(1.,9.08232186375291E-17,-5.56131819963552E-33));
#2809=DIRECTION('',(-5.56131819963552E-33,1.22464679914735E-16,1.));
#2810=DIRECTION('',(5.56131819963552E-33,-1.22464679914735E-16,-1.));
#2811=DIRECTION('',(1.,9.08232186375291E-17,-5.56131819963552E-33));
#2812=DIRECTION('',(-5.56131819963552E-33,1.22464679914735E-16,1.));
#2813=DIRECTION('',(-1.,-9.08232186375291E-17,5.56131819963552E-33));
#2814=DIRECTION('',(5.56131819963552E-33,-1.22464679914735E-16,-1.));
#2815=DIRECTION('',(1.,9.08232186375291E-17,-5.56131819963552E-33));
#2816=DIRECTION('',(-5.56131819963552E-33,1.22464679914735E-16,1.));
#2817=DIRECTION('',(5.56131819963552E-33,-1.22464679914735E-16,-1.));
#2818=DIRECTION('',(1.,9.08232186375291E-17,-5.56131819963552E-33));
#2819=DIRECTION('',(-5.56131819963552E-33,1.22464679914735E-16,1.));
#2820=DIRECTION('',(-1.,-9.08232186375291E-17,5.56131819963552E-33));
#2821=DIRECTION('',(5.56131819963552E-33,-1.22464679914735E-16,-1.));
#2822=DIRECTION('',(1.,9.08232186375291E-17,-5.56131819963552E-33));
#2823=DIRECTION('',(-5.56131819963552E-33,1.22464679914735E-16,1.));
#2824=DIRECTION('',(5.56131819963552E-33,-1.22464679914735E-16,-1.));
#2825=DIRECTION('',(1.,9.08232186375291E-17,-5.56131819963552E-33));
#2826=DIRECTION('',(-5.56131819963552E-33,1.22464679914735E-16,1.));
#2827=DIRECTION('',(-1.,-9.08232186375291E-17,5.56131819963552E-33));
#2828=DIRECTION('',(5.56131819963552E-33,-1.22464679914735E-16,-1.));
#2829=DIRECTION('',(1.,9.08232186375291E-17,-5.56131819963552E-33));
#2830=DIRECTION('',(-5.56131819963552E-33,1.22464679914735E-16,1.));
#2831=DIRECTION('',(5.56131819963552E-33,-1.22464679914735E-16,-1.));
#2832=DIRECTION('',(1.,9.08232186375291E-17,-5.56131819963552E-33));
#2833=DIRECTION('',(0.743110541622098,-0.669168680476091,8.19495282634703E-17));
#2834=DIRECTION('',(-0.669168680476091,-0.743110541622098,9.10047946210158E-17));
#2835=DIRECTION('',(0.669168680476091,0.743110541622098,-9.10047946210158E-17));
#2836=DIRECTION('',(-5.56131819963552E-33,1.22464679914735E-16,1.));
#2837=DIRECTION('',(0.669168680476091,0.743110541622098,-9.10047946210158E-17));
#2838=DIRECTION('',(0.669168680476093,0.743110541622096,-9.10047946210156E-17));
#2839=DIRECTION('',(0.743110541622096,-0.669168680476093,8.19495282634705E-17));
#2840=DIRECTION('',(-0.743110541622096,0.669168680476093,-8.19495282634705E-17));
#2841=DIRECTION('',(-5.56131819963552E-33,1.22464679914735E-16,1.));
#2842=DIRECTION('',(-0.743110541622096,0.669168680476093,-8.19495282634705E-17));
#2843=DIRECTION('',(-5.56131819963552E-33,1.22464679914735E-16,1.));
#2844=DIRECTION('',(-1.,-9.08232186375291E-17,5.56131819963552E-33));
#2845=DIRECTION('',(-5.56131819963552E-33,1.22464679914735E-16,1.));
#2846=DIRECTION('',(1.,9.08232186375291E-17,-5.56131819963552E-33));
#2847=DIRECTION('',(-5.56131819963552E-33,1.22464679914735E-16,1.));
#2848=DIRECTION('',(-5.56131819963552E-33,1.22464679914735E-16,1.));
#2849=DIRECTION('',(1.,9.08232186375291E-17,-5.56131819963552E-33));
#2850=DIRECTION('',(-5.56131819963552E-33,1.22464679914735E-16,1.));
#2851=DIRECTION('',(-1.,-9.08232186375291E-17,5.56131819963552E-33));
#2852=DIRECTION('',(-5.56131819963552E-33,1.22464679914735E-16,1.));
#2853=DIRECTION('',(1.,9.08232186375291E-17,-5.56131819963552E-33));
#2854=DIRECTION('',(-5.56131819963552E-33,1.22464679914735E-16,1.));
#2855=DIRECTION('',(-5.56131819963552E-33,1.22464679914735E-16,1.));
#2856=DIRECTION('',(1.,9.08232186375291E-17,-5.56131819963552E-33));
#2857=DIRECTION('',(-5.56131819963552E-33,1.22464679914735E-16,1.));
#2858=DIRECTION('',(-1.,-9.08232186375291E-17,5.56131819963552E-33));
#2859=DIRECTION('',(-5.56131819963552E-33,1.22464679914735E-16,1.));
#2860=DIRECTION('',(1.,9.08232186375291E-17,-5.56131819963552E-33));
#2861=DIRECTION('',(-5.56131819963552E-33,1.22464679914735E-16,1.));
#2862=DIRECTION('',(-5.56131819963552E-33,1.22464679914735E-16,1.));
#2863=DIRECTION('',(1.,9.08232186375291E-17,-5.56131819963552E-33));
#2864=DIRECTION('',(-5.56131819963552E-33,1.22464679914735E-16,1.));
#2865=DIRECTION('',(-1.,-9.08232186375291E-17,5.56131819963552E-33));
#2866=DIRECTION('',(-5.56131819963552E-33,1.22464679914735E-16,1.));
#2867=DIRECTION('',(1.,9.08232186375291E-17,-5.56131819963552E-33));
#2868=DIRECTION('',(-5.56131819963552E-33,1.22464679914735E-16,1.));
#2869=DIRECTION('',(-5.56131819963552E-33,1.22464679914735E-16,1.));
#2870=DIRECTION('',(1.,9.08232186375291E-17,-5.56131819963552E-33));
#2871=DIRECTION('',(-5.56131819963552E-33,1.22464679914735E-16,1.));
#2872=DIRECTION('',(-1.,-9.08232186375291E-17,5.56131819963552E-33));
#2873=DIRECTION('',(5.56131819963552E-33,-1.22464679914735E-16,-1.));
#2874=DIRECTION('',(1.,9.08232186375291E-17,-5.56131819963552E-33));
#2875=DIRECTION('',(-5.56131819963552E-33,1.22464679914735E-16,1.));
#2876=DIRECTION('',(5.56131819963552E-33,-1.22464679914735E-16,-1.));
#2877=DIRECTION('',(1.,9.08232186375291E-17,-5.56131819963552E-33));
#2878=DIRECTION('',(-5.56131819963552E-33,1.22464679914735E-16,1.));
#2879=DIRECTION('',(-1.,-9.08232186375291E-17,5.56131819963552E-33));
#2880=DIRECTION('',(5.56131819963552E-33,-1.22464679914735E-16,-1.));
#2881=DIRECTION('',(1.,9.08232186375291E-17,-5.56131819963552E-33));
#2882=DIRECTION('',(-5.56131819963552E-33,1.22464679914735E-16,1.));
#2883=DIRECTION('',(5.56131819963552E-33,-1.22464679914735E-16,-1.));
#2884=DIRECTION('',(1.,9.08232186375291E-17,-5.56131819963552E-33));
#2885=DIRECTION('',(-5.56131819963552E-33,1.22464679914735E-16,1.));
#2886=DIRECTION('',(-1.,-9.08232186375291E-17,5.56131819963552E-33));
#2887=DIRECTION('',(5.56131819963552E-33,-1.22464679914735E-16,-1.));
#2888=DIRECTION('',(1.,9.08232186375291E-17,-5.56131819963552E-33));
#2889=DIRECTION('',(-5.56131819963552E-33,1.22464679914735E-16,1.));
#2890=DIRECTION('',(5.56131819963552E-33,-1.22464679914735E-16,-1.));
#2891=DIRECTION('',(1.,9.08232186375291E-17,-5.56131819963552E-33));
#2892=DIRECTION('',(-5.56131819963552E-33,1.22464679914735E-16,1.));
#2893=DIRECTION('',(-1.,-9.08232186375291E-17,5.56131819963552E-33));
#2894=DIRECTION('',(5.56131819963552E-33,-1.22464679914735E-16,-1.));
#2895=DIRECTION('',(1.,9.08232186375291E-17,-5.56131819963552E-33));
#2896=DIRECTION('',(-5.56131819963552E-33,1.22464679914735E-16,1.));
#2897=DIRECTION('',(5.56131819963552E-33,-1.22464679914735E-16,-1.));
#2898=DIRECTION('',(1.,9.08232186375291E-17,-5.56131819963552E-33));
#2899=DIRECTION('',(-5.56131819963552E-33,1.22464679914735E-16,1.));
#2900=DIRECTION('',(-1.,-9.08232186375291E-17,5.56131819963552E-33));
#2901=DIRECTION('',(5.56131819963552E-33,-1.22464679914735E-16,-1.));
#2902=DIRECTION('',(1.,9.08232186375291E-17,-5.56131819963552E-33));
#2903=DIRECTION('',(-5.56131819963552E-33,1.22464679914735E-16,1.));
#2904=DIRECTION('',(5.56131819963552E-33,-1.22464679914735E-16,-1.));
#2905=DIRECTION('',(1.,9.08232186375291E-17,-5.56131819963552E-33));
#2906=DIRECTION('',(-5.56131819963552E-33,1.22464679914735E-16,1.));
#2907=DIRECTION('',(-1.,-9.08232186375291E-17,5.56131819963552E-33));
#2908=DIRECTION('',(5.56131819963552E-33,-1.22464679914735E-16,-1.));
#2909=DIRECTION('',(1.,9.08232186375291E-17,-5.56131819963552E-33));
#2910=DIRECTION('',(-5.56131819963552E-33,1.22464679914735E-16,1.));
#2911=DIRECTION('',(5.56131819963552E-33,-1.22464679914735E-16,-1.));
#2912=DIRECTION('',(1.,9.08232186375291E-17,-5.56131819963552E-33));
#2913=DIRECTION('',(-5.56131819963552E-33,1.22464679914735E-16,1.));
#2914=DIRECTION('',(-1.,-9.08232186375291E-17,5.56131819963552E-33));
#2915=DIRECTION('',(5.56131819963552E-33,-1.22464679914735E-16,-1.));
#2916=DIRECTION('',(1.,9.08232186375291E-17,-5.56131819963552E-33));
#2917=DIRECTION('',(-5.56131819963552E-33,1.22464679914735E-16,1.));
#2918=DIRECTION('',(5.56131819963552E-33,-1.22464679914735E-16,-1.));
#2919=DIRECTION('',(1.,9.08232186375291E-17,-5.56131819963552E-33));
#2920=DIRECTION('',(-5.56131819963552E-33,1.22464679914735E-16,1.));
#2921=DIRECTION('',(-1.,-9.08232186375291E-17,5.56131819963552E-33));
#2922=DIRECTION('',(5.56131819963552E-33,-1.22464679914735E-16,-1.));
#2923=DIRECTION('',(1.,9.08232186375291E-17,-5.56131819963552E-33));
#2924=DIRECTION('',(-5.56131819963552E-33,1.22464679914735E-16,1.));
#2925=DIRECTION('',(5.56131819963552E-33,-1.22464679914735E-16,-1.));
#2926=DIRECTION('',(1.,9.08232186375291E-17,-5.56131819963552E-33));
#2927=DIRECTION('',(-5.56131819963552E-33,1.22464679914735E-16,1.));
#2928=DIRECTION('',(-1.,-9.08232186375291E-17,5.56131819963552E-33));
#2929=DIRECTION('',(5.56131819963552E-33,-1.22464679914735E-16,-1.));
#2930=DIRECTION('',(1.,9.08232186375291E-17,-5.56131819963552E-33));
#2931=DIRECTION('',(-5.56131819963552E-33,1.22464679914735E-16,1.));
#2932=DIRECTION('',(5.56131819963552E-33,-1.22464679914735E-16,-1.));
#2933=DIRECTION('',(1.,9.08232186375291E-17,-5.56131819963552E-33));
#2934=DIRECTION('',(-5.56131819963552E-33,1.22464679914735E-16,1.));
#2935=DIRECTION('',(-1.,-9.08232186375291E-17,5.56131819963552E-33));
#2936=DIRECTION('',(5.56131819963552E-33,-1.22464679914735E-16,-1.));
#2937=DIRECTION('',(1.,9.08232186375291E-17,-5.56131819963552E-33));
#2938=DIRECTION('',(-5.56131819963552E-33,1.22464679914735E-16,1.));
#2939=DIRECTION('',(5.56131819963552E-33,-1.22464679914735E-16,-1.));
#2940=DIRECTION('',(1.,9.08232186375291E-17,-5.56131819963552E-33));
#2941=DIRECTION('',(-5.56131819963552E-33,1.22464679914735E-16,1.));
#2942=DIRECTION('',(-1.,-9.08232186375291E-17,5.56131819963552E-33));
#2943=DIRECTION('',(5.56131819963552E-33,-1.22464679914735E-16,-1.));
#2944=DIRECTION('',(1.,9.08232186375291E-17,-5.56131819963552E-33));
#2945=DIRECTION('',(-5.56131819963552E-33,1.22464679914735E-16,1.));
#2946=DIRECTION('',(5.56131819963552E-33,-1.22464679914735E-16,-1.));
#2947=DIRECTION('',(1.,9.08232186375291E-17,-5.56131819963552E-33));
#2948=DIRECTION('',(-5.56131819963552E-33,1.22464679914735E-16,1.));
#2949=DIRECTION('',(-1.,-9.08232186375291E-17,5.56131819963552E-33));
#2950=DIRECTION('',(5.56131819963552E-33,-1.22464679914735E-16,-1.));
#2951=DIRECTION('',(1.,9.08232186375291E-17,-5.56131819963552E-33));
#2952=DIRECTION('',(-5.56131819963552E-33,1.22464679914735E-16,1.));
#2953=DIRECTION('',(5.56131819963552E-33,-1.22464679914735E-16,-1.));
#2954=DIRECTION('',(1.,9.08232186375291E-17,-5.56131819963552E-33));
#2955=DIRECTION('',(-5.56131819963552E-33,1.22464679914735E-16,1.));
#2956=DIRECTION('',(-1.,-9.08232186375291E-17,5.56131819963552E-33));
#2957=DIRECTION('',(-5.56131819963552E-33,1.22464679914735E-16,1.));
#2958=DIRECTION('',(1.,9.08232186375291E-17,-5.56131819963552E-33));
#2959=DIRECTION('',(-5.56131819963552E-33,1.22464679914735E-16,1.));
#2960=DIRECTION('',(-5.56131819963552E-33,1.22464679914735E-16,1.));
#2961=DIRECTION('',(1.,9.08232186375291E-17,-5.56131819963552E-33));
#2962=DIRECTION('',(-5.56131819963552E-33,1.22464679914735E-16,1.));
#2963=DIRECTION('',(-1.,-9.08232186375291E-17,5.56131819963552E-33));
#2964=DIRECTION('',(-5.56131819963552E-33,1.22464679914735E-16,1.));
#2965=DIRECTION('',(1.,9.08232186375291E-17,-5.56131819963552E-33));
#2966=DIRECTION('',(-5.56131819963552E-33,1.22464679914735E-16,1.));
#2967=DIRECTION('',(-5.56131819963552E-33,1.22464679914735E-16,1.));
#2968=DIRECTION('',(1.,9.08232186375291E-17,-5.56131819963552E-33));
#2969=DIRECTION('',(-5.56131819963552E-33,1.22464679914735E-16,1.));
#2970=DIRECTION('',(-1.,-9.08232186375291E-17,5.56131819963552E-33));
#2971=DIRECTION('',(-5.56131819963552E-33,1.22464679914735E-16,1.));
#2972=DIRECTION('',(1.,9.08232186375291E-17,-5.56131819963552E-33));
#2973=DIRECTION('',(-5.56131819963552E-33,1.22464679914735E-16,1.));
#2974=DIRECTION('',(-5.56131819963552E-33,1.22464679914735E-16,1.));
#2975=DIRECTION('',(1.,9.08232186375291E-17,-5.56131819963552E-33));
#2976=DIRECTION('',(-5.56131819963552E-33,1.22464679914735E-16,1.));
#2977=DIRECTION('',(-1.,-9.08232186375291E-17,5.56131819963552E-33));
#2978=DIRECTION('',(-5.56131819963552E-33,1.22464679914735E-16,1.));
#2979=DIRECTION('',(1.,9.08232186375291E-17,-5.56131819963552E-33));
#2980=DIRECTION('',(-5.56131819963552E-33,1.22464679914735E-16,1.));
#2981=DIRECTION('',(-5.56131819963552E-33,1.22464679914735E-16,1.));
#2982=DIRECTION('',(1.,9.08232186375291E-17,-5.56131819963552E-33));
#2983=DIRECTION('',(-5.56131819963552E-33,1.22464679914735E-16,1.));
#2984=DIRECTION('',(-1.,-9.08232186375291E-17,5.56131819963552E-33));
#2985=DIRECTION('',(-5.56131819963552E-33,1.22464679914735E-16,1.));
#2986=DIRECTION('',(1.,9.08232186375291E-17,-5.56131819963552E-33));
#2987=DIRECTION('',(-5.56131819963552E-33,1.22464679914735E-16,1.));
#2988=DIRECTION('',(-5.56131819963552E-33,1.22464679914735E-16,1.));
#2989=DIRECTION('',(1.,9.08232186375291E-17,-5.56131819963552E-33));
#2990=DIRECTION('',(-5.56131819963552E-33,1.22464679914735E-16,1.));
#2991=DIRECTION('',(-1.,-9.08232186375291E-17,5.56131819963552E-33));
#2992=DIRECTION('',(-5.56131819963552E-33,1.22464679914735E-16,1.));
#2993=DIRECTION('',(1.,9.08232186375291E-17,-5.56131819963552E-33));
#2994=DIRECTION('',(-5.56131819963552E-33,1.22464679914735E-16,1.));
#2995=DIRECTION('',(-5.56131819963552E-33,1.22464679914735E-16,1.));
#2996=DIRECTION('',(1.,9.08232186375291E-17,-5.56131819963552E-33));
#2997=DIRECTION('',(-5.56131819963552E-33,1.22464679914735E-16,1.));
#2998=DIRECTION('',(-1.,-9.08232186375291E-17,5.56131819963552E-33));
#2999=DIRECTION('',(-5.56131819963552E-33,1.22464679914735E-16,1.));
#3000=DIRECTION('',(1.,9.08232186375291E-17,-5.56131819963552E-33));
#3001=DIRECTION('',(-5.56131819963552E-33,1.22464679914735E-16,1.));
#3002=DIRECTION('',(-5.56131819963552E-33,1.22464679914735E-16,1.));
#3003=DIRECTION('',(1.,9.08232186375291E-17,-5.56131819963552E-33));
#3004=DIRECTION('',(-5.56131819963552E-33,1.22464679914735E-16,1.));
#3005=DIRECTION('',(-1.,-9.08232186375291E-17,5.56131819963552E-33));
#3006=DIRECTION('',(-5.56131819963552E-33,1.22464679914735E-16,1.));
#3007=DIRECTION('',(1.,9.08232186375291E-17,-5.56131819963552E-33));
#3008=DIRECTION('',(-5.56131819963552E-33,1.22464679914735E-16,1.));
#3009=DIRECTION('',(-5.56131819963552E-33,1.22464679914735E-16,1.));
#3010=DIRECTION('',(1.,9.08232186375291E-17,-5.56131819963552E-33));
#3011=DIRECTION('',(-5.56131819963552E-33,1.22464679914735E-16,1.));
#3012=DIRECTION('',(-1.,-9.08232186375291E-17,5.56131819963552E-33));
#3013=DIRECTION('',(-5.56131819963552E-33,1.22464679914735E-16,1.));
#3014=DIRECTION('',(1.,9.08232186375291E-17,-5.56131819963552E-33));
#3015=DIRECTION('',(-5.56131819963552E-33,1.22464679914735E-16,1.));
#3016=DIRECTION('',(-5.56131819963552E-33,1.22464679914735E-16,1.));
#3017=DIRECTION('',(1.,9.08232186375291E-17,-5.56131819963552E-33));
#3018=DIRECTION('',(-5.56131819963552E-33,1.22464679914735E-16,1.));
#3019=DIRECTION('',(-1.,-9.08232186375291E-17,5.56131819963552E-33));
#3020=DIRECTION('',(-5.56131819963552E-33,1.22464679914735E-16,1.));
#3021=DIRECTION('',(1.,9.08232186375291E-17,-5.56131819963552E-33));
#3022=DIRECTION('',(-5.56131819963552E-33,1.22464679914735E-16,1.));
#3023=DIRECTION('',(-5.56131819963552E-33,1.22464679914735E-16,1.));
#3024=DIRECTION('',(1.,9.08232186375291E-17,-5.56131819963552E-33));
#3025=DIRECTION('',(-5.56131819963552E-33,1.22464679914735E-16,1.));
#3026=DIRECTION('',(-1.,-9.08232186375291E-17,5.56131819963552E-33));
#3027=DIRECTION('',(-5.56131819963552E-33,1.22464679914735E-16,1.));
#3028=DIRECTION('',(1.,9.08232186375291E-17,-5.56131819963552E-33));
#3029=DIRECTION('',(-5.56131819963552E-33,1.22464679914735E-16,1.));
#3030=DIRECTION('',(-5.56131819963552E-33,1.22464679914735E-16,1.));
#3031=DIRECTION('',(1.,9.08232186375291E-17,-5.56131819963552E-33));
#3032=DIRECTION('',(-5.56131819963552E-33,1.22464679914735E-16,1.));
#3033=DIRECTION('',(-1.,-9.08232186375291E-17,5.56131819963552E-33));
#3034=DIRECTION('',(-5.56131819963552E-33,1.22464679914735E-16,1.));
#3035=DIRECTION('',(1.,9.08232186375291E-17,-5.56131819963552E-33));
#3036=DIRECTION('',(-5.56131819963552E-33,1.22464679914735E-16,1.));
#3037=DIRECTION('',(-5.56131819963552E-33,1.22464679914735E-16,1.));
#3038=DIRECTION('',(1.,9.08232186375291E-17,-5.56131819963552E-33));
#3039=DIRECTION('',(0.669168680476093,0.743110541622096,-9.10047946210155E-17));
#3040=DIRECTION('',(0.743110541622096,-0.669168680476093,8.19495282634706E-17));
#3041=DIRECTION('',(-0.743110541622096,0.669168680476093,-8.19495282634706E-17));
#3042=DIRECTION('',(-5.56131819963552E-33,1.22464679914735E-16,1.));
#3043=DIRECTION('',(-0.743110541622096,0.669168680476093,-8.19495282634706E-17));
#3044=DIRECTION('',(0.743110541622097,-0.669168680476091,8.19495282634703E-17));
#3045=DIRECTION('',(-0.669168680476091,-0.743110541622097,9.10047946210157E-17));
#3046=DIRECTION('',(0.669168680476091,0.743110541622097,-9.10047946210157E-17));
#3047=DIRECTION('',(-5.56131819963552E-33,1.22464679914735E-16,1.));
#3048=DIRECTION('',(0.669168680476091,0.743110541622097,-9.10047946210157E-17));
#3049=DIRECTION('',(-0.669168680476092,-0.743110541622096,9.10047946210156E-17));
#3050=DIRECTION('',(-0.743110541622096,0.669168680476092,-8.19495282634705E-17));
#3051=DIRECTION('',(0.743110541622096,-0.669168680476093,8.19495282634705E-17));
#3052=DIRECTION('',(-5.56131819963552E-33,1.22464679914735E-16,1.));
#3053=DIRECTION('',(0.743110541622096,-0.669168680476093,8.19495282634705E-17));
#3054=DIRECTION('',(-0.743110541622096,0.669168680476093,-8.19495282634706E-17));
#3055=DIRECTION('',(0.669168680476093,0.743110541622096,-9.10047946210155E-17));
#3056=DIRECTION('',(-0.669168680476093,-0.743110541622096,9.10047946210155E-17));
#3057=DIRECTION('',(-5.56131819963552E-33,1.22464679914735E-16,1.));
#3058=DIRECTION('',(-0.669168680476093,-0.743110541622096,9.10047946210155E-17));
#3059=DIRECTION('',(0.645555293513095,0.763713534656302,-9.35279335682351E-17));
#3060=DIRECTION('',(0.763713534656302,-0.645555293513095,7.90577223873442E-17));
#3061=DIRECTION('',(-0.763713534656302,0.645555293513095,-7.90577223873442E-17));
#3062=DIRECTION('',(-5.56131819963552E-33,1.22464679914735E-16,1.));
#3063=DIRECTION('',(-0.763713534656302,0.645555293513095,-7.90577223873442E-17));
#3064=DIRECTION('',(-0.334180588082836,0.942509063377435,-1.15424070763255E-16));
#3065=DIRECTION('',(0.942509063377435,0.334180588082836,-4.09253187532825E-17));
#3066=DIRECTION('',(-0.942509063377435,-0.334180588082836,4.09253187532825E-17));
#3067=DIRECTION('',(-5.56131819963552E-33,1.22464679914735E-16,1.));
#3068=DIRECTION('',(-0.942509063377435,-0.334180588082836,4.09253187532825E-17));
#3069=DIRECTION('',(-5.56131819963552E-33,1.22464679914735E-16,1.));
#3070=DIRECTION('',(-1.,-9.08232186375291E-17,5.56131819963552E-33));
#3071=DIRECTION('',(-5.56131819963552E-33,1.22464679914735E-16,1.));
#3072=DIRECTION('',(1.,9.08232186375291E-17,-5.56131819963552E-33));
#3073=DIRECTION('',(-5.56131819963552E-33,1.22464679914735E-16,1.));
#3074=DIRECTION('',(-5.56131819963552E-33,1.22464679914735E-16,1.));
#3075=DIRECTION('',(1.,9.08232186375291E-17,-5.56131819963552E-33));
#3076=DIRECTION('',(-5.56131819963552E-33,1.22464679914735E-16,1.));
#3077=DIRECTION('',(-1.,-9.08232186375291E-17,5.56131819963552E-33));
#3078=DIRECTION('',(-5.56131819963552E-33,1.22464679914735E-16,1.));
#3079=DIRECTION('',(1.,9.08232186375291E-17,-5.56131819963552E-33));
#3080=DIRECTION('',(-5.56131819963552E-33,1.22464679914735E-16,1.));
#3081=DIRECTION('',(-5.56131819963552E-33,1.22464679914735E-16,1.));
#3082=DIRECTION('',(1.,9.08232186375291E-17,-5.56131819963552E-33));
#3083=DIRECTION('',(-5.56131819963552E-33,1.22464679914735E-16,1.));
#3084=DIRECTION('',(-1.,-9.08232186375291E-17,5.56131819963552E-33));
#3085=DIRECTION('',(-5.56131819963552E-33,1.22464679914735E-16,1.));
#3086=DIRECTION('',(1.,9.08232186375291E-17,-5.56131819963552E-33));
#3087=DIRECTION('',(-5.56131819963552E-33,1.22464679914735E-16,1.));
#3088=DIRECTION('',(-5.56131819963552E-33,1.22464679914735E-16,1.));
#3089=DIRECTION('',(1.,9.08232186375291E-17,-5.56131819963552E-33));
#3090=DIRECTION('',(-5.56131819963552E-33,1.22464679914735E-16,1.));
#3091=DIRECTION('',(-1.,-9.08232186375291E-17,5.56131819963552E-33));
#3092=DIRECTION('',(-5.56131819963552E-33,1.22464679914735E-16,1.));
#3093=DIRECTION('',(1.,9.08232186375291E-17,-5.56131819963552E-33));
#3094=DIRECTION('',(-5.56131819963552E-33,1.22464679914735E-16,1.));
#3095=DIRECTION('',(-5.56131819963552E-33,1.22464679914735E-16,1.));
#3096=DIRECTION('',(1.,9.08232186375291E-17,-5.56131819963552E-33));
#3097=DIRECTION('',(-0.669168680476094,-0.743110541622095,9.10047946210154E-17));
#3098=DIRECTION('',(-0.743110541622095,0.669168680476094,-8.19495282634707E-17));
#3099=DIRECTION('',(0.743110541622095,-0.669168680476094,8.19495282634707E-17));
#3100=DIRECTION('',(-5.56131819963552E-33,1.22464679914735E-16,1.));
#3101=DIRECTION('',(0.743110541622095,-0.669168680476094,8.19495282634707E-17));
#3102=DIRECTION('',(0.743110541622099,-0.66916868047609,8.19495282634701E-17));
#3103=DIRECTION('',(-0.66916868047609,-0.743110541622099,9.10047946210159E-17));
#3104=DIRECTION('',(0.66916868047609,0.743110541622099,-9.10047946210159E-17));
#3105=DIRECTION('',(-5.56131819963552E-33,1.22464679914735E-16,1.));
#3106=DIRECTION('',(0.66916868047609,0.743110541622099,-9.10047946210159E-17));
#3107=DIRECTION('',(-5.56131819963552E-33,1.22464679914735E-16,1.));
#3108=DIRECTION('',(-1.,-9.08232186375291E-17,5.56131819963552E-33));
#3109=DIRECTION('',(5.56131819963552E-33,-1.22464679914735E-16,-1.));
#3110=DIRECTION('',(1.,9.08232186375291E-17,-5.56131819963552E-33));
#3111=DIRECTION('',(-5.56131819963552E-33,1.22464679914735E-16,1.));
#3112=DIRECTION('',(5.56131819963552E-33,-1.22464679914735E-16,-1.));
#3113=DIRECTION('',(1.,9.08232186375291E-17,-5.56131819963552E-33));
#3114=DIRECTION('',(-5.56131819963552E-33,1.22464679914735E-16,1.));
#3115=DIRECTION('',(-1.,-9.08232186375291E-17,5.56131819963552E-33));
#3116=DIRECTION('',(5.56131819963552E-33,-1.22464679914735E-16,-1.));
#3117=DIRECTION('',(1.,9.08232186375291E-17,-5.56131819963552E-33));
#3118=DIRECTION('',(-5.56131819963552E-33,1.22464679914735E-16,1.));
#3119=DIRECTION('',(5.56131819963552E-33,-1.22464679914735E-16,-1.));
#3120=DIRECTION('',(1.,9.08232186375291E-17,-5.56131819963552E-33));
#3121=DIRECTION('',(-5.56131819963552E-33,1.22464679914735E-16,1.));
#3122=DIRECTION('',(-1.,-9.08232186375291E-17,5.56131819963552E-33));
#3123=DIRECTION('',(5.56131819963552E-33,-1.22464679914735E-16,-1.));
#3124=DIRECTION('',(1.,9.08232186375291E-17,-5.56131819963552E-33));
#3125=DIRECTION('',(-5.56131819963552E-33,1.22464679914735E-16,1.));
#3126=DIRECTION('',(5.56131819963552E-33,-1.22464679914735E-16,-1.));
#3127=DIRECTION('',(1.,9.08232186375291E-17,-5.56131819963552E-33));
#3128=DIRECTION('',(-5.56131819963552E-33,1.22464679914735E-16,1.));
#3129=DIRECTION('',(-1.,-9.08232186375291E-17,5.56131819963552E-33));
#3130=DIRECTION('',(5.56131819963552E-33,-1.22464679914735E-16,-1.));
#3131=DIRECTION('',(1.,9.08232186375291E-17,-5.56131819963552E-33));
#3132=DIRECTION('',(-5.56131819963552E-33,1.22464679914735E-16,1.));
#3133=DIRECTION('',(5.56131819963552E-33,-1.22464679914735E-16,-1.));
#3134=DIRECTION('',(1.,9.08232186375291E-17,-5.56131819963552E-33));
#3135=DIRECTION('',(-5.56131819963552E-33,1.22464679914735E-16,1.));
#3136=DIRECTION('',(-1.,-9.08232186375291E-17,5.56131819963552E-33));
#3137=DIRECTION('',(5.56131819963552E-33,-1.22464679914735E-16,-1.));
#3138=DIRECTION('',(1.,9.08232186375291E-17,-5.56131819963552E-33));
#3139=DIRECTION('',(-5.56131819963552E-33,1.22464679914735E-16,1.));
#3140=DIRECTION('',(5.56131819963552E-33,-1.22464679914735E-16,-1.));
#3141=DIRECTION('',(1.,9.08232186375291E-17,-5.56131819963552E-33));
#3142=DIRECTION('',(-5.56131819963552E-33,1.22464679914735E-16,1.));
#3143=DIRECTION('',(-1.,-9.08232186375291E-17,5.56131819963552E-33));
#3144=DIRECTION('',(5.56131819963552E-33,-1.22464679914735E-16,-1.));
#3145=DIRECTION('',(1.,9.08232186375291E-17,-5.56131819963552E-33));
#3146=DIRECTION('',(-5.56131819963552E-33,1.22464679914735E-16,1.));
#3147=DIRECTION('',(5.56131819963552E-33,-1.22464679914735E-16,-1.));
#3148=DIRECTION('',(1.,9.08232186375291E-17,-5.56131819963552E-33));
#3149=DIRECTION('',(-5.56131819963552E-33,1.22464679914735E-16,1.));
#3150=DIRECTION('',(-1.,-9.08232186375291E-17,5.56131819963552E-33));
#3151=DIRECTION('',(5.56131819963552E-33,-1.22464679914735E-16,-1.));
#3152=DIRECTION('',(1.,9.08232186375291E-17,-5.56131819963552E-33));
#3153=DIRECTION('',(-5.56131819963552E-33,1.22464679914735E-16,1.));
#3154=DIRECTION('',(5.56131819963552E-33,-1.22464679914735E-16,-1.));
#3155=DIRECTION('',(1.,9.08232186375291E-17,-5.56131819963552E-33));
#3156=DIRECTION('',(-5.56131819963552E-33,1.22464679914735E-16,1.));
#3157=DIRECTION('',(-1.,-9.08232186375291E-17,5.56131819963552E-33));
#3158=DIRECTION('',(5.56131819963552E-33,-1.22464679914735E-16,-1.));
#3159=DIRECTION('',(1.,9.08232186375291E-17,-5.56131819963552E-33));
#3160=DIRECTION('',(-5.56131819963552E-33,1.22464679914735E-16,1.));
#3161=DIRECTION('',(5.56131819963552E-33,-1.22464679914735E-16,-1.));
#3162=DIRECTION('',(1.,9.08232186375291E-17,-5.56131819963552E-33));
#3163=DIRECTION('',(-5.56131819963552E-33,1.22464679914735E-16,1.));
#3164=DIRECTION('',(-1.,-9.08232186375291E-17,5.56131819963552E-33));
#3165=DIRECTION('',(-5.56131819963552E-33,1.22464679914735E-16,1.));
#3166=DIRECTION('',(1.,9.08232186375291E-17,-5.56131819963552E-33));
#3167=DIRECTION('',(-5.56131819963552E-33,1.22464679914735E-16,1.));
#3168=DIRECTION('',(-5.56131819963552E-33,1.22464679914735E-16,1.));
#3169=DIRECTION('',(1.,9.08232186375291E-17,-5.56131819963552E-33));
#3170=DIRECTION('',(-5.56131819963552E-33,1.22464679914735E-16,1.));
#3171=DIRECTION('',(-1.,-9.08232186375291E-17,5.56131819963552E-33));
#3172=DIRECTION('',(-5.56131819963552E-33,1.22464679914735E-16,1.));
#3173=DIRECTION('',(1.,9.08232186375291E-17,-5.56131819963552E-33));
#3174=DIRECTION('',(-5.56131819963552E-33,1.22464679914735E-16,1.));
#3175=DIRECTION('',(-5.56131819963552E-33,1.22464679914735E-16,1.));
#3176=DIRECTION('',(1.,9.08232186375291E-17,-5.56131819963552E-33));
#3177=DIRECTION('',(-5.56131819963552E-33,1.22464679914735E-16,1.));
#3178=DIRECTION('',(-1.,-9.08232186375291E-17,5.56131819963552E-33));
#3179=DIRECTION('',(-5.56131819963552E-33,1.22464679914735E-16,1.));
#3180=DIRECTION('',(1.,9.08232186375291E-17,-5.56131819963552E-33));
#3181=DIRECTION('',(-5.56131819963552E-33,1.22464679914735E-16,1.));
#3182=DIRECTION('',(-5.56131819963552E-33,1.22464679914735E-16,1.));
#3183=DIRECTION('',(1.,9.08232186375291E-17,-5.56131819963552E-33));
#3184=DIRECTION('',(-5.56131819963552E-33,1.22464679914735E-16,1.));
#3185=DIRECTION('',(-1.,-9.08232186375291E-17,5.56131819963552E-33));
#3186=DIRECTION('',(-5.56131819963552E-33,1.22464679914735E-16,1.));
#3187=DIRECTION('',(1.,9.08232186375291E-17,-5.56131819963552E-33));
#3188=DIRECTION('',(-5.56131819963552E-33,1.22464679914735E-16,1.));
#3189=DIRECTION('',(-5.56131819963552E-33,1.22464679914735E-16,1.));
#3190=DIRECTION('',(1.,9.08232186375291E-17,-5.56131819963552E-33));
#3191=DIRECTION('',(-5.56131819963552E-33,1.22464679914735E-16,1.));
#3192=DIRECTION('',(-1.,-9.08232186375291E-17,5.56131819963552E-33));
#3193=DIRECTION('',(5.56131819963552E-33,-1.22464679914735E-16,-1.));
#3194=DIRECTION('',(1.,9.08232186375291E-17,-5.56131819963552E-33));
#3195=DIRECTION('',(-5.56131819963552E-33,1.22464679914735E-16,1.));
#3196=DIRECTION('',(5.56131819963552E-33,-1.22464679914735E-16,-1.));
#3197=DIRECTION('',(1.,9.08232186375291E-17,-5.56131819963552E-33));
#3198=DIRECTION('',(-5.56131819963552E-33,1.22464679914735E-16,1.));
#3199=DIRECTION('',(-1.,-9.08232186375291E-17,5.56131819963552E-33));
#3200=DIRECTION('',(5.56131819963552E-33,-1.22464679914735E-16,-1.));
#3201=DIRECTION('',(1.,9.08232186375291E-17,-5.56131819963552E-33));
#3202=DIRECTION('',(-5.56131819963552E-33,1.22464679914735E-16,1.));
#3203=DIRECTION('',(5.56131819963552E-33,-1.22464679914735E-16,-1.));
#3204=DIRECTION('',(1.,9.08232186375291E-17,-5.56131819963552E-33));
#3205=DIRECTION('',(-5.56131819963552E-33,1.22464679914735E-16,1.));
#3206=DIRECTION('',(-1.,-9.08232186375291E-17,5.56131819963552E-33));
#3207=DIRECTION('',(5.56131819963552E-33,-1.22464679914735E-16,-1.));
#3208=DIRECTION('',(1.,9.08232186375291E-17,-5.56131819963552E-33));
#3209=DIRECTION('',(-5.56131819963552E-33,1.22464679914735E-16,1.));
#3210=DIRECTION('',(5.56131819963552E-33,-1.22464679914735E-16,-1.));
#3211=DIRECTION('',(1.,9.08232186375291E-17,-5.56131819963552E-33));
#3212=DIRECTION('',(-5.56131819963552E-33,1.22464679914735E-16,1.));
#3213=DIRECTION('',(-1.,-9.08232186375291E-17,5.56131819963552E-33));
#3214=DIRECTION('',(5.56131819963552E-33,-1.22464679914735E-16,-1.));
#3215=DIRECTION('',(1.,9.08232186375291E-17,-5.56131819963552E-33));
#3216=DIRECTION('',(-5.56131819963552E-33,1.22464679914735E-16,1.));
#3217=DIRECTION('',(5.56131819963552E-33,-1.22464679914735E-16,-1.));
#3218=DIRECTION('',(1.,9.08232186375291E-17,-5.56131819963552E-33));
#3219=DIRECTION('',(-5.56131819963552E-33,1.22464679914735E-16,1.));
#3220=DIRECTION('',(-1.,-9.08232186375291E-17,5.56131819963552E-33));
#3221=DIRECTION('',(5.56131819963552E-33,-1.22464679914735E-16,-1.));
#3222=DIRECTION('',(1.,9.08232186375291E-17,-5.56131819963552E-33));
#3223=DIRECTION('',(-5.56131819963552E-33,1.22464679914735E-16,1.));
#3224=DIRECTION('',(5.56131819963552E-33,-1.22464679914735E-16,-1.));
#3225=DIRECTION('',(1.,9.08232186375291E-17,-5.56131819963552E-33));
#3226=DIRECTION('',(-5.56131819963552E-33,1.22464679914735E-16,1.));
#3227=DIRECTION('',(-1.,-9.08232186375291E-17,5.56131819963552E-33));
#3228=DIRECTION('',(5.56131819963552E-33,-1.22464679914735E-16,-1.));
#3229=DIRECTION('',(1.,9.08232186375291E-17,-5.56131819963552E-33));
#3230=DIRECTION('',(-5.56131819963552E-33,1.22464679914735E-16,1.));
#3231=DIRECTION('',(5.56131819963552E-33,-1.22464679914735E-16,-1.));
#3232=DIRECTION('',(1.,9.08232186375291E-17,-5.56131819963552E-33));
#3233=DIRECTION('',(-5.56131819963552E-33,1.22464679914735E-16,1.));
#3234=DIRECTION('',(-1.,-9.08232186375291E-17,5.56131819963552E-33));
#3235=DIRECTION('',(5.56131819963552E-33,-1.22464679914735E-16,-1.));
#3236=DIRECTION('',(1.,9.08232186375291E-17,-5.56131819963552E-33));
#3237=DIRECTION('',(-5.56131819963552E-33,1.22464679914735E-16,1.));
#3238=DIRECTION('',(5.56131819963552E-33,-1.22464679914735E-16,-1.));
#3239=DIRECTION('',(1.,9.08232186375291E-17,-5.56131819963552E-33));
#3240=DIRECTION('',(-5.56131819963552E-33,1.22464679914735E-16,1.));
#3241=DIRECTION('',(-1.,-9.08232186375291E-17,5.56131819963552E-33));
#3242=DIRECTION('',(5.56131819963552E-33,-1.22464679914735E-16,-1.));
#3243=DIRECTION('',(1.,9.08232186375291E-17,-5.56131819963552E-33));
#3244=DIRECTION('',(-5.56131819963552E-33,1.22464679914735E-16,1.));
#3245=DIRECTION('',(5.56131819963552E-33,-1.22464679914735E-16,-1.));
#3246=DIRECTION('',(1.,9.08232186375291E-17,-5.56131819963552E-33));
#3247=DIRECTION('',(-5.56131819963552E-33,1.22464679914735E-16,1.));
#3248=DIRECTION('',(-1.,-9.08232186375291E-17,5.56131819963552E-33));
#3249=DIRECTION('',(5.56131819963552E-33,-1.22464679914735E-16,-1.));
#3250=DIRECTION('',(1.,9.08232186375291E-17,-5.56131819963552E-33));
#3251=DIRECTION('',(-5.56131819963552E-33,1.22464679914735E-16,1.));
#3252=DIRECTION('',(5.56131819963552E-33,-1.22464679914735E-16,-1.));
#3253=DIRECTION('',(1.,9.08232186375291E-17,-5.56131819963552E-33));
#3254=DIRECTION('',(-5.56131819963552E-33,1.22464679914735E-16,1.));
#3255=DIRECTION('',(-1.,-9.08232186375291E-17,5.56131819963552E-33));
#3256=DIRECTION('',(5.56131819963552E-33,-1.22464679914735E-16,-1.));
#3257=DIRECTION('',(1.,9.08232186375291E-17,-5.56131819963552E-33));
#3258=DIRECTION('',(-5.56131819963552E-33,1.22464679914735E-16,1.));
#3259=DIRECTION('',(5.56131819963552E-33,-1.22464679914735E-16,-1.));
#3260=DIRECTION('',(1.,9.08232186375291E-17,-5.56131819963552E-33));
#3261=DIRECTION('',(-5.56131819963552E-33,1.22464679914735E-16,1.));
#3262=DIRECTION('',(-1.,-9.08232186375291E-17,5.56131819963552E-33));
#3263=DIRECTION('',(5.56131819963552E-33,-1.22464679914735E-16,-1.));
#3264=DIRECTION('',(1.,9.08232186375291E-17,-5.56131819963552E-33));
#3265=DIRECTION('',(-5.56131819963552E-33,1.22464679914735E-16,1.));
#3266=DIRECTION('',(5.56131819963552E-33,-1.22464679914735E-16,-1.));
#3267=DIRECTION('',(1.,9.08232186375291E-17,-5.56131819963552E-33));
#3268=DIRECTION('',(-5.56131819963552E-33,1.22464679914735E-16,1.));
#3269=DIRECTION('',(-1.,-9.08232186375291E-17,5.56131819963552E-33));
#3270=DIRECTION('',(5.56131819963552E-33,-1.22464679914735E-16,-1.));
#3271=DIRECTION('',(1.,9.08232186375291E-17,-5.56131819963552E-33));
#3272=DIRECTION('',(-5.56131819963552E-33,1.22464679914735E-16,1.));
#3273=DIRECTION('',(5.56131819963552E-33,-1.22464679914735E-16,-1.));
#3274=DIRECTION('',(1.,9.08232186375291E-17,-5.56131819963552E-33));
#3275=DIRECTION('',(-5.56131819963552E-33,1.22464679914735E-16,1.));
#3276=DIRECTION('',(-1.,-9.08232186375291E-17,5.56131819963552E-33));
#3277=DIRECTION('',(5.56131819963552E-33,-1.22464679914735E-16,-1.));
#3278=DIRECTION('',(1.,9.08232186375291E-17,-5.56131819963552E-33));
#3279=DIRECTION('',(-5.56131819963552E-33,1.22464679914735E-16,1.));
#3280=DIRECTION('',(5.56131819963552E-33,-1.22464679914735E-16,-1.));
#3281=DIRECTION('',(1.,9.08232186375291E-17,-5.56131819963552E-33));
#3282=DIRECTION('',(-5.56131819963552E-33,1.22464679914735E-16,1.));
#3283=DIRECTION('',(-1.,-9.08232186375291E-17,5.56131819963552E-33));
#3284=DIRECTION('',(5.56131819963552E-33,-1.22464679914735E-16,-1.));
#3285=DIRECTION('',(1.,9.08232186375291E-17,-5.56131819963552E-33));
#3286=DIRECTION('',(-5.56131819963552E-33,1.22464679914735E-16,1.));
#3287=DIRECTION('',(5.56131819963552E-33,-1.22464679914735E-16,-1.));
#3288=DIRECTION('',(1.,9.08232186375291E-17,-5.56131819963552E-33));
#3289=DIRECTION('',(-5.56131819963552E-33,1.22464679914735E-16,1.));
#3290=DIRECTION('',(-1.,-9.08232186375291E-17,5.56131819963552E-33));
#3291=DIRECTION('',(5.56131819963552E-33,-1.22464679914735E-16,-1.));
#3292=DIRECTION('',(1.,9.08232186375291E-17,-5.56131819963552E-33));
#3293=DIRECTION('',(-5.56131819963552E-33,1.22464679914735E-16,1.));
#3294=DIRECTION('',(5.56131819963552E-33,-1.22464679914735E-16,-1.));
#3295=DIRECTION('',(1.,9.08232186375291E-17,-5.56131819963552E-33));
#3296=DIRECTION('',(0.919982005061493,0.391960597972597,-4.80013291699023E-17));
#3297=DIRECTION('',(0.391960597972597,-0.919982005061493,1.12665301777172E-16));
#3298=DIRECTION('',(-0.391960597972597,0.919982005061493,-1.12665301777172E-16));
#3299=DIRECTION('',(-5.56131819963552E-33,1.22464679914735E-16,1.));
#3300=DIRECTION('',(-0.391960597972597,0.919982005061493,-1.12665301777172E-16));
#3301=DIRECTION('',(0.0162878876739592,0.999867343558695,-1.22448434186112E-16));
#3302=DIRECTION('',(0.999867343558695,-0.0162878876739592,1.99469095047858E-18));
#3303=DIRECTION('',(-0.999867343558695,0.0162878876739592,-1.99469095047858E-18));
#3304=DIRECTION('',(-5.56131819963552E-33,1.22464679914735E-16,1.));
#3305=DIRECTION('',(-0.999867343558695,0.0162878876739592,-1.99469095047858E-18));
#3306=DIRECTION('',(-5.56131819963552E-33,1.22464679914735E-16,1.));
#3307=DIRECTION('',(-1.,-9.08232186375291E-17,5.56131819963552E-33));
#3308=DIRECTION('',(-5.56131819963552E-33,1.22464679914735E-16,1.));
#3309=DIRECTION('',(1.,9.08232186375291E-17,-5.56131819963552E-33));
#3310=DIRECTION('',(-5.56131819963552E-33,1.22464679914735E-16,1.));
#3311=DIRECTION('',(-5.56131819963552E-33,1.22464679914735E-16,1.));
#3312=DIRECTION('',(1.,9.08232186375291E-17,-5.56131819963552E-33));
#3313=DIRECTION('',(-5.56131819963552E-33,1.22464679914735E-16,1.));
#3314=DIRECTION('',(-1.,-9.08232186375291E-17,5.56131819963552E-33));
#3315=DIRECTION('',(-5.56131819963552E-33,1.22464679914735E-16,1.));
#3316=DIRECTION('',(1.,9.08232186375291E-17,-5.56131819963552E-33));
#3317=DIRECTION('',(-5.56131819963552E-33,1.22464679914735E-16,1.));
#3318=DIRECTION('',(-5.56131819963552E-33,1.22464679914735E-16,1.));
#3319=DIRECTION('',(1.,9.08232186375291E-17,-5.56131819963552E-33));
#3320=DIRECTION('',(-5.56131819963552E-33,1.22464679914735E-16,1.));
#3321=DIRECTION('',(-1.,-9.08232186375291E-17,5.56131819963552E-33));
#3322=DIRECTION('',(-5.56131819963552E-33,1.22464679914735E-16,1.));
#3323=DIRECTION('',(1.,9.08232186375291E-17,-5.56131819963552E-33));
#3324=DIRECTION('',(-5.56131819963552E-33,1.22464679914735E-16,1.));
#3325=DIRECTION('',(-5.56131819963552E-33,1.22464679914735E-16,1.));
#3326=DIRECTION('',(1.,9.08232186375291E-17,-5.56131819963552E-33));
#3327=DIRECTION('',(-5.56131819963552E-33,1.22464679914735E-16,1.));
#3328=DIRECTION('',(-1.,-9.08232186375291E-17,5.56131819963552E-33));
#3329=DIRECTION('',(-5.56131819963552E-33,1.22464679914735E-16,1.));
#3330=DIRECTION('',(1.,9.08232186375291E-17,-5.56131819963552E-33));
#3331=DIRECTION('',(-5.56131819963552E-33,1.22464679914735E-16,1.));
#3332=DIRECTION('',(-5.56131819963552E-33,1.22464679914735E-16,1.));
#3333=DIRECTION('',(1.,9.08232186375291E-17,-5.56131819963552E-33));
#3334=DIRECTION('',(-5.56131819963552E-33,1.22464679914735E-16,1.));
#3335=DIRECTION('',(-1.,-9.08232186375291E-17,5.56131819963552E-33));
#3336=DIRECTION('',(-5.56131819963552E-33,1.22464679914735E-16,1.));
#3337=DIRECTION('',(1.,9.08232186375291E-17,-5.56131819963552E-33));
#3338=DIRECTION('',(-5.56131819963552E-33,1.22464679914735E-16,1.));
#3339=DIRECTION('',(-5.56131819963552E-33,1.22464679914735E-16,1.));
#3340=DIRECTION('',(1.,9.08232186375291E-17,-5.56131819963552E-33));
#3341=DIRECTION('',(-5.56131819963552E-33,1.22464679914735E-16,1.));
#3342=DIRECTION('',(-1.,-9.08232186375291E-17,5.56131819963552E-33));
#3343=DIRECTION('',(-5.56131819963552E-33,1.22464679914735E-16,1.));
#3344=DIRECTION('',(1.,9.08232186375291E-17,-5.56131819963552E-33));
#3345=DIRECTION('',(-5.56131819963552E-33,1.22464679914735E-16,1.));
#3346=DIRECTION('',(-5.56131819963552E-33,1.22464679914735E-16,1.));
#3347=DIRECTION('',(1.,9.08232186375291E-17,-5.56131819963552E-33));
#3348=DIRECTION('',(-5.56131819963552E-33,1.22464679914735E-16,1.));
#3349=DIRECTION('',(-1.,-9.08232186375291E-17,5.56131819963552E-33));
#3350=DIRECTION('',(-5.56131819963552E-33,1.22464679914735E-16,1.));
#3351=DIRECTION('',(1.,9.08232186375291E-17,-5.56131819963552E-33));
#3352=DIRECTION('',(-5.56131819963552E-33,1.22464679914735E-16,1.));
#3353=DIRECTION('',(-5.56131819963552E-33,1.22464679914735E-16,1.));
#3354=DIRECTION('',(1.,9.08232186375291E-17,-5.56131819963552E-33));
#3355=DIRECTION('',(-5.56131819963552E-33,1.22464679914735E-16,1.));
#3356=DIRECTION('',(-1.,-9.08232186375291E-17,5.56131819963552E-33));
#3357=DIRECTION('',(-5.56131819963552E-33,1.22464679914735E-16,1.));
#3358=DIRECTION('',(1.,9.08232186375291E-17,-5.56131819963552E-33));
#3359=DIRECTION('',(-5.56131819963552E-33,1.22464679914735E-16,1.));
#3360=DIRECTION('',(-5.56131819963552E-33,1.22464679914735E-16,1.));
#3361=DIRECTION('',(1.,9.08232186375291E-17,-5.56131819963552E-33));
#3362=DIRECTION('',(-5.56131819963552E-33,1.22464679914735E-16,1.));
#3363=DIRECTION('',(-1.,-9.08232186375291E-17,5.56131819963552E-33));
#3364=DIRECTION('',(-5.56131819963552E-33,1.22464679914735E-16,1.));
#3365=DIRECTION('',(1.,9.08232186375291E-17,-5.56131819963552E-33));
#3366=DIRECTION('',(-5.56131819963552E-33,1.22464679914735E-16,1.));
#3367=DIRECTION('',(-5.56131819963552E-33,1.22464679914735E-16,1.));
#3368=DIRECTION('',(1.,9.08232186375291E-17,-5.56131819963552E-33));
#3369=DIRECTION('',(-5.56131819963552E-33,1.22464679914735E-16,1.));
#3370=DIRECTION('',(-1.,-9.08232186375291E-17,5.56131819963552E-33));
#3371=DIRECTION('',(-5.56131819963552E-33,1.22464679914735E-16,1.));
#3372=DIRECTION('',(1.,9.08232186375291E-17,-5.56131819963552E-33));
#3373=DIRECTION('',(-5.56131819963552E-33,1.22464679914735E-16,1.));
#3374=DIRECTION('',(-5.56131819963552E-33,1.22464679914735E-16,1.));
#3375=DIRECTION('',(1.,9.08232186375291E-17,-5.56131819963552E-33));
#3376=DIRECTION('',(-5.56131819963552E-33,1.22464679914735E-16,1.));
#3377=DIRECTION('',(-1.,-9.08232186375291E-17,5.56131819963552E-33));
#3378=DIRECTION('',(-5.56131819963552E-33,1.22464679914735E-16,1.));
#3379=DIRECTION('',(1.,9.08232186375291E-17,-5.56131819963552E-33));
#3380=DIRECTION('',(-5.56131819963552E-33,1.22464679914735E-16,1.));
#3381=DIRECTION('',(-5.56131819963552E-33,1.22464679914735E-16,1.));
#3382=DIRECTION('',(1.,9.08232186375291E-17,-5.56131819963552E-33));
#3383=DIRECTION('',(-5.56131819963552E-33,1.22464679914735E-16,1.));
#3384=DIRECTION('',(-1.,-9.08232186375291E-17,5.56131819963552E-33));
#3385=DIRECTION('',(-5.56131819963552E-33,1.22464679914735E-16,1.));
#3386=DIRECTION('',(1.,9.08232186375291E-17,-5.56131819963552E-33));
#3387=DIRECTION('',(-5.56131819963552E-33,1.22464679914735E-16,1.));
#3388=DIRECTION('',(-5.56131819963552E-33,1.22464679914735E-16,1.));
#3389=DIRECTION('',(1.,9.08232186375291E-17,-5.56131819963552E-33));
#3390=DIRECTION('',(-0.977291689488907,-0.21189845128249,2.59500760107383E-17));
#3391=DIRECTION('',(-0.21189845128249,0.977291689488907,-1.1968371393659E-16));
#3392=DIRECTION('',(0.21189845128249,-0.977291689488907,1.1968371393659E-16));
#3393=DIRECTION('',(-5.56131819963552E-33,1.22464679914735E-16,1.));
#3394=DIRECTION('',(0.21189845128249,-0.977291689488907,1.1968371393659E-16));
#3395=DIRECTION('',(-0.302495966193492,-0.953150665129425,1.16727291115592E-16));
#3396=DIRECTION('',(-0.953150665129425,0.302495966193492,-3.70450716753846E-17));
#3397=DIRECTION('',(0.953150665129425,-0.302495966193492,3.70450716753846E-17));
#3398=DIRECTION('',(-5.56131819963552E-33,1.22464679914735E-16,1.));
#3399=DIRECTION('',(0.953150665129425,-0.302495966193492,3.70450716753846E-17));
#3400=DIRECTION('',(-5.56131819963552E-33,1.22464679914735E-16,1.));
#3401=DIRECTION('',(-1.,-9.08232186375291E-17,5.56131819963552E-33));
#3402=DIRECTION('',(5.56131819963552E-33,-1.22464679914735E-16,-1.));
#3403=DIRECTION('',(1.,9.08232186375291E-17,-5.56131819963552E-33));
#3404=DIRECTION('',(-5.56131819963552E-33,1.22464679914735E-16,1.));
#3405=DIRECTION('',(5.56131819963552E-33,-1.22464679914735E-16,-1.));
#3406=DIRECTION('',(1.,9.08232186375291E-17,-5.56131819963552E-33));
#3407=DIRECTION('',(-5.56131819963552E-33,1.22464679914735E-16,1.));
#3408=DIRECTION('',(-1.,-9.08232186375291E-17,5.56131819963552E-33));
#3409=DIRECTION('',(5.56131819963552E-33,-1.22464679914735E-16,-1.));
#3410=DIRECTION('',(1.,9.08232186375291E-17,-5.56131819963552E-33));
#3411=DIRECTION('',(-5.56131819963552E-33,1.22464679914735E-16,1.));
#3412=DIRECTION('',(5.56131819963552E-33,-1.22464679914735E-16,-1.));
#3413=DIRECTION('',(1.,9.08232186375291E-17,-5.56131819963552E-33));
#3414=DIRECTION('',(-5.56131819963552E-33,1.22464679914735E-16,1.));
#3415=DIRECTION('',(-1.,-9.08232186375291E-17,5.56131819963552E-33));
#3416=DIRECTION('',(5.56131819963552E-33,-1.22464679914735E-16,-1.));
#3417=DIRECTION('',(1.,9.08232186375291E-17,-5.56131819963552E-33));
#3418=DIRECTION('',(-5.56131819963552E-33,1.22464679914735E-16,1.));
#3419=DIRECTION('',(5.56131819963552E-33,-1.22464679914735E-16,-1.));
#3420=DIRECTION('',(1.,9.08232186375291E-17,-5.56131819963552E-33));
#3421=DIRECTION('',(-5.56131819963552E-33,1.22464679914735E-16,1.));
#3422=DIRECTION('',(-1.,-9.08232186375291E-17,5.56131819963552E-33));
#3423=DIRECTION('',(5.56131819963552E-33,-1.22464679914735E-16,-1.));
#3424=DIRECTION('',(1.,9.08232186375291E-17,-5.56131819963552E-33));
#3425=DIRECTION('',(-5.56131819963552E-33,1.22464679914735E-16,1.));
#3426=DIRECTION('',(5.56131819963552E-33,-1.22464679914735E-16,-1.));
#3427=DIRECTION('',(1.,9.08232186375291E-17,-5.56131819963552E-33));
#3428=DIRECTION('',(-5.56131819963552E-33,1.22464679914735E-16,1.));
#3429=DIRECTION('',(-1.,-9.08232186375291E-17,5.56131819963552E-33));
#3430=DIRECTION('',(5.56131819963552E-33,-1.22464679914735E-16,-1.));
#3431=DIRECTION('',(1.,9.08232186375291E-17,-5.56131819963552E-33));
#3432=DIRECTION('',(-5.56131819963552E-33,1.22464679914735E-16,1.));
#3433=DIRECTION('',(5.56131819963552E-33,-1.22464679914735E-16,-1.));
#3434=DIRECTION('',(1.,9.08232186375291E-17,-5.56131819963552E-33));
#3435=DIRECTION('',(-5.56131819963552E-33,1.22464679914735E-16,1.));
#3436=DIRECTION('',(-1.,-9.08232186375291E-17,5.56131819963552E-33));
#3437=DIRECTION('',(5.56131819963552E-33,-1.22464679914735E-16,-1.));
#3438=DIRECTION('',(1.,9.08232186375291E-17,-5.56131819963552E-33));
#3439=DIRECTION('',(-5.56131819963552E-33,1.22464679914735E-16,1.));
#3440=DIRECTION('',(5.56131819963552E-33,-1.22464679914735E-16,-1.));
#3441=DIRECTION('',(1.,9.08232186375291E-17,-5.56131819963552E-33));
#3442=DIRECTION('',(-5.56131819963552E-33,1.22464679914735E-16,1.));
#3443=DIRECTION('',(-1.,-9.08232186375291E-17,5.56131819963552E-33));
#3444=DIRECTION('',(5.56131819963552E-33,-1.22464679914735E-16,-1.));
#3445=DIRECTION('',(1.,9.08232186375291E-17,-5.56131819963552E-33));
#3446=DIRECTION('',(-5.56131819963552E-33,1.22464679914735E-16,1.));
#3447=DIRECTION('',(5.56131819963552E-33,-1.22464679914735E-16,-1.));
#3448=DIRECTION('',(1.,9.08232186375291E-17,-5.56131819963552E-33));
#3449=DIRECTION('',(-5.56131819963552E-33,1.22464679914735E-16,1.));
#3450=DIRECTION('',(-1.,-9.08232186375291E-17,5.56131819963552E-33));
#3451=DIRECTION('',(5.56131819963552E-33,-1.22464679914735E-16,-1.));
#3452=DIRECTION('',(1.,9.08232186375291E-17,-5.56131819963552E-33));
#3453=DIRECTION('',(-5.56131819963552E-33,1.22464679914735E-16,1.));
#3454=DIRECTION('',(5.56131819963552E-33,-1.22464679914735E-16,-1.));
#3455=DIRECTION('',(1.,9.08232186375291E-17,-5.56131819963552E-33));
#3456=DIRECTION('',(-5.56131819963552E-33,1.22464679914735E-16,1.));
#3457=DIRECTION('',(-1.,-9.08232186375291E-17,5.56131819963552E-33));
#3458=DIRECTION('',(5.56131819963552E-33,-1.22464679914735E-16,-1.));
#3459=DIRECTION('',(1.,9.08232186375291E-17,-5.56131819963552E-33));
#3460=DIRECTION('',(-5.56131819963552E-33,1.22464679914735E-16,1.));
#3461=DIRECTION('',(5.56131819963552E-33,-1.22464679914735E-16,-1.));
#3462=DIRECTION('',(1.,9.08232186375291E-17,-5.56131819963552E-33));
#3463=DIRECTION('',(-5.56131819963552E-33,1.22464679914735E-16,1.));
#3464=DIRECTION('',(-1.,-9.08232186375291E-17,5.56131819963552E-33));
#3465=DIRECTION('',(5.56131819963552E-33,-1.22464679914735E-16,-1.));
#3466=DIRECTION('',(1.,9.08232186375291E-17,-5.56131819963552E-33));
#3467=DIRECTION('',(-5.56131819963552E-33,1.22464679914735E-16,1.));
#3468=DIRECTION('',(5.56131819963552E-33,-1.22464679914735E-16,-1.));
#3469=DIRECTION('',(1.,9.08232186375291E-17,-5.56131819963552E-33));
#3470=DIRECTION('',(-5.56131819963552E-33,1.22464679914735E-16,1.));
#3471=DIRECTION('',(-1.,-9.08232186375291E-17,5.56131819963552E-33));
#3472=DIRECTION('',(5.56131819963552E-33,-1.22464679914735E-16,-1.));
#3473=DIRECTION('',(1.,9.08232186375291E-17,-5.56131819963552E-33));
#3474=DIRECTION('',(-5.56131819963552E-33,1.22464679914735E-16,1.));
#3475=DIRECTION('',(5.56131819963552E-33,-1.22464679914735E-16,-1.));
#3476=DIRECTION('',(1.,9.08232186375291E-17,-5.56131819963552E-33));
#3477=DIRECTION('',(-5.56131819963552E-33,1.22464679914735E-16,1.));
#3478=DIRECTION('',(-1.,-9.08232186375291E-17,5.56131819963552E-33));
#3479=DIRECTION('',(5.56131819963552E-33,-1.22464679914735E-16,-1.));
#3480=DIRECTION('',(1.,9.08232186375291E-17,-5.56131819963552E-33));
#3481=DIRECTION('',(-5.56131819963552E-33,1.22464679914735E-16,1.));
#3482=DIRECTION('',(5.56131819963552E-33,-1.22464679914735E-16,-1.));
#3483=DIRECTION('',(1.,9.08232186375291E-17,-5.56131819963552E-33));
#3484=DIRECTION('',(-5.56131819963552E-33,1.22464679914735E-16,1.));
#3485=DIRECTION('',(-1.,-9.08232186375291E-17,5.56131819963552E-33));
#3486=DIRECTION('',(5.56131819963552E-33,-1.22464679914735E-16,-1.));
#3487=DIRECTION('',(1.,9.08232186375291E-17,-5.56131819963552E-33));
#3488=DIRECTION('',(-5.56131819963552E-33,1.22464679914735E-16,1.));
#3489=DIRECTION('',(5.56131819963552E-33,-1.22464679914735E-16,-1.));
#3490=DIRECTION('',(1.,9.08232186375291E-17,-5.56131819963552E-33));
#3491=DIRECTION('',(-5.56131819963552E-33,1.22464679914735E-16,1.));
#3492=DIRECTION('',(-1.,-9.08232186375291E-17,5.56131819963552E-33));
#3493=DIRECTION('',(5.56131819963552E-33,-1.22464679914735E-16,-1.));
#3494=DIRECTION('',(1.,9.08232186375291E-17,-5.56131819963552E-33));
#3495=DIRECTION('',(-5.56131819963552E-33,1.22464679914735E-16,1.));
#3496=DIRECTION('',(5.56131819963552E-33,-1.22464679914735E-16,-1.));
#3497=DIRECTION('',(1.,9.08232186375291E-17,-5.56131819963552E-33));
#3498=DIRECTION('',(-5.56131819963552E-33,1.22464679914735E-16,1.));
#3499=DIRECTION('',(-5.56131819963552E-33,1.22464679914735E-16,1.));
#3500=DIRECTION('',(-1.,-9.08232186375291E-17,5.56131819963552E-33));
#3501=DIRECTION('',(5.56131819963552E-33,-1.22464679914735E-16,-1.));
#3502=DIRECTION('',(1.,9.08232186375291E-17,-5.56131819963552E-33));
#3503=DIRECTION('',(-5.56131819963552E-33,1.22464679914735E-16,1.));
#3504=DIRECTION('',(5.56131819963552E-33,-1.22464679914735E-16,-1.));
#3505=DIRECTION('',(1.,9.08232186375291E-17,-5.56131819963552E-33));
#3506=DIRECTION('',(-5.56131819963552E-33,1.22464679914735E-16,1.));
#3507=DIRECTION('',(-1.,-9.08232186375291E-17,5.56131819963552E-33));
#3508=DIRECTION('',(5.56131819963552E-33,-1.22464679914735E-16,-1.));
#3509=DIRECTION('',(1.,9.08232186375291E-17,-5.56131819963552E-33));
#3510=DIRECTION('',(-5.56131819963552E-33,1.22464679914735E-16,1.));
#3511=DIRECTION('',(5.56131819963552E-33,-1.22464679914735E-16,-1.));
#3512=DIRECTION('',(1.,9.08232186375291E-17,-5.56131819963552E-33));
#3513=DIRECTION('',(-5.56131819963552E-33,1.22464679914735E-16,1.));
#3514=DIRECTION('',(-1.,-9.08232186375291E-17,5.56131819963552E-33));
#3515=DIRECTION('',(5.56131819963552E-33,-1.22464679914735E-16,-1.));
#3516=DIRECTION('',(1.,9.08232186375291E-17,-5.56131819963552E-33));
#3517=DIRECTION('',(-5.56131819963552E-33,1.22464679914735E-16,1.));
#3518=DIRECTION('',(5.56131819963552E-33,-1.22464679914735E-16,-1.));
#3519=DIRECTION('',(1.,9.08232186375291E-17,-5.56131819963552E-33));
#3520=DIRECTION('',(-5.56131819963552E-33,1.22464679914735E-16,1.));
#3521=DIRECTION('',(-1.,-9.08232186375291E-17,5.56131819963552E-33));
#3522=DIRECTION('',(5.56131819963552E-33,-1.22464679914735E-16,-1.));
#3523=DIRECTION('',(1.,9.08232186375291E-17,-5.56131819963552E-33));
#3524=DIRECTION('',(-5.56131819963552E-33,1.22464679914735E-16,1.));
#3525=DIRECTION('',(5.56131819963552E-33,-1.22464679914735E-16,-1.));
#3526=DIRECTION('',(1.,9.08232186375291E-17,-5.56131819963552E-33));
#3527=DIRECTION('',(-5.56131819963552E-33,1.22464679914735E-16,1.));
#3528=DIRECTION('',(-1.,-9.08232186375291E-17,5.56131819963552E-33));
#3529=DIRECTION('',(5.56131819963552E-33,-1.22464679914735E-16,-1.));
#3530=DIRECTION('',(1.,9.08232186375291E-17,-5.56131819963552E-33));
#3531=DIRECTION('',(-5.56131819963552E-33,1.22464679914735E-16,1.));
#3532=DIRECTION('',(5.56131819963552E-33,-1.22464679914735E-16,-1.));
#3533=DIRECTION('',(1.,9.08232186375291E-17,-5.56131819963552E-33));
#3534=DIRECTION('',(-5.56131819963552E-33,1.22464679914735E-16,1.));
#3535=DIRECTION('',(-1.,-9.08232186375291E-17,5.56131819963552E-33));
#3536=DIRECTION('',(5.56131819963552E-33,-1.22464679914735E-16,-1.));
#3537=DIRECTION('',(1.,9.08232186375291E-17,-5.56131819963552E-33));
#3538=DIRECTION('',(-5.56131819963552E-33,1.22464679914735E-16,1.));
#3539=DIRECTION('',(5.56131819963552E-33,-1.22464679914735E-16,-1.));
#3540=DIRECTION('',(1.,9.08232186375291E-17,-5.56131819963552E-33));
#3541=DIRECTION('',(-5.56131819963552E-33,1.22464679914735E-16,1.));
#3542=DIRECTION('',(-1.,-9.08232186375291E-17,5.56131819963552E-33));
#3543=DIRECTION('',(5.56131819963552E-33,-1.22464679914735E-16,-1.));
#3544=DIRECTION('',(1.,9.08232186375291E-17,-5.56131819963552E-33));
#3545=DIRECTION('',(-5.56131819963552E-33,1.22464679914735E-16,1.));
#3546=DIRECTION('',(5.56131819963552E-33,-1.22464679914735E-16,-1.));
#3547=DIRECTION('',(1.,9.08232186375291E-17,-5.56131819963552E-33));
#3548=DIRECTION('',(-5.56131819963552E-33,1.22464679914735E-16,1.));
#3549=DIRECTION('',(-1.,-9.08232186375291E-17,5.56131819963552E-33));
#3550=DIRECTION('',(5.56131819963552E-33,-1.22464679914735E-16,-1.));
#3551=DIRECTION('',(1.,9.08232186375291E-17,-5.56131819963552E-33));
#3552=DIRECTION('',(-5.56131819963552E-33,1.22464679914735E-16,1.));
#3553=DIRECTION('',(5.56131819963552E-33,-1.22464679914735E-16,-1.));
#3554=DIRECTION('',(1.,9.08232186375291E-17,-5.56131819963552E-33));
#3555=DIRECTION('',(-5.56131819963552E-33,1.22464679914735E-16,1.));
#3556=DIRECTION('',(-1.,-9.08232186375291E-17,5.56131819963552E-33));
#3557=DIRECTION('',(5.56131819963552E-33,-1.22464679914735E-16,-1.));
#3558=DIRECTION('',(1.,9.08232186375291E-17,-5.56131819963552E-33));
#3559=DIRECTION('',(-5.56131819963552E-33,1.22464679914735E-16,1.));
#3560=DIRECTION('',(5.56131819963552E-33,-1.22464679914735E-16,-1.));
#3561=DIRECTION('',(1.,9.08232186375291E-17,-5.56131819963552E-33));
#3562=DIRECTION('',(-5.56131819963552E-33,1.22464679914735E-16,1.));
#3563=DIRECTION('',(-1.,-9.08232186375291E-17,5.56131819963552E-33));
#3564=DIRECTION('',(5.56131819963552E-33,-1.22464679914735E-16,-1.));
#3565=DIRECTION('',(1.,9.08232186375291E-17,-5.56131819963552E-33));
#3566=DIRECTION('',(-5.56131819963552E-33,1.22464679914735E-16,1.));
#3567=DIRECTION('',(5.56131819963552E-33,-1.22464679914735E-16,-1.));
#3568=DIRECTION('',(1.,9.08232186375291E-17,-5.56131819963552E-33));
#3569=DIRECTION('',(-5.56131819963552E-33,1.22464679914735E-16,1.));
#3570=DIRECTION('',(-1.,-9.08232186375291E-17,5.56131819963552E-33));
#3571=DIRECTION('',(5.56131819963552E-33,-1.22464679914735E-16,-1.));
#3572=DIRECTION('',(1.,9.08232186375291E-17,-5.56131819963552E-33));
#3573=DIRECTION('',(-5.56131819963552E-33,1.22464679914735E-16,1.));
#3574=DIRECTION('',(5.56131819963552E-33,-1.22464679914735E-16,-1.));
#3575=DIRECTION('',(1.,9.08232186375291E-17,-5.56131819963552E-33));
#3576=DIRECTION('',(-5.56131819963552E-33,1.22464679914735E-16,1.));
#3577=DIRECTION('',(-1.,-9.08232186375291E-17,5.56131819963552E-33));
#3578=DIRECTION('',(5.56131819963552E-33,-1.22464679914735E-16,-1.));
#3579=DIRECTION('',(1.,9.08232186375291E-17,-5.56131819963552E-33));
#3580=DIRECTION('',(-5.56131819963552E-33,1.22464679914735E-16,1.));
#3581=DIRECTION('',(5.56131819963552E-33,-1.22464679914735E-16,-1.));
#3582=DIRECTION('',(1.,9.08232186375291E-17,-5.56131819963552E-33));
#3583=DIRECTION('',(-5.56131819963552E-33,1.22464679914735E-16,1.));
#3584=DIRECTION('',(-1.,-9.08232186375291E-17,5.56131819963552E-33));
#3585=DIRECTION('',(5.56131819963552E-33,-1.22464679914735E-16,-1.));
#3586=DIRECTION('',(1.,9.08232186375291E-17,-5.56131819963552E-33));
#3587=DIRECTION('',(-5.56131819963552E-33,1.22464679914735E-16,1.));
#3588=DIRECTION('',(5.56131819963552E-33,-1.22464679914735E-16,-1.));
#3589=DIRECTION('',(1.,9.08232186375291E-17,-5.56131819963552E-33));
#3590=DIRECTION('',(-5.56131819963552E-33,1.22464679914735E-16,1.));
#3591=DIRECTION('',(-1.,-9.08232186375291E-17,5.56131819963552E-33));
#3592=DIRECTION('',(5.56131819963552E-33,-1.22464679914735E-16,-1.));
#3593=DIRECTION('',(1.,9.08232186375291E-17,-5.56131819963552E-33));
#3594=DIRECTION('',(-5.56131819963552E-33,1.22464679914735E-16,1.));
#3595=DIRECTION('',(5.56131819963552E-33,-1.22464679914735E-16,-1.));
#3596=DIRECTION('',(1.,9.08232186375291E-17,-5.56131819963552E-33));
#3597=DIRECTION('',(-5.56131819963552E-33,1.22464679914735E-16,1.));
#3598=DIRECTION('',(-1.,-9.08232186375291E-17,5.56131819963552E-33));
#3599=DIRECTION('',(5.56131819963552E-33,-1.22464679914735E-16,-1.));
#3600=DIRECTION('',(1.,9.08232186375291E-17,-5.56131819963552E-33));
#3601=DIRECTION('',(5.56131819963552E-33,-1.22464679914735E-16,-1.));
#3602=DIRECTION('',(1.,9.08232186375291E-17,-5.56131819963552E-33));
#3603=DIRECTION('',(-5.56131819963552E-33,1.22464679914735E-16,1.));
#3604=DIRECTION('',(-1.,-9.08232186375291E-17,5.56131819963552E-33));
#3605=DIRECTION('',(5.56131819963552E-33,-1.22464679914735E-16,-1.));
#3606=DIRECTION('',(1.,9.08232186375291E-17,-5.56131819963552E-33));
#3607=DIRECTION('',(5.56131819963552E-33,-1.22464679914735E-16,-1.));
#3608=DIRECTION('',(1.,9.08232186375291E-17,-5.56131819963552E-33));
#3609=DIRECTION('',(5.56131819963552E-33,-1.22464679914735E-16,-1.));
#3610=DIRECTION('',(1.,9.08232186375291E-17,-5.56131819963552E-33));
#3611=DIRECTION('',(5.56131819963552E-33,-1.22464679914735E-16,-1.));
#3612=DIRECTION('',(1.,9.08232186375291E-17,-5.56131819963552E-33));
#3613=CARTESIAN_POINT('',(0.,0.,0.));
#3614=CARTESIAN_POINT('',(-0.0484683350445597,0.0141081800277701,-0.0237999946391486));
#3615=CARTESIAN_POINT('',(-0.0484683350445597,0.0141081800277701,-0.0229999946391486));
#3616=CARTESIAN_POINT('',(-0.0919313103346956,0.00773935032621155,-0.0229999946391486));
#3617=CARTESIAN_POINT('',(-0.0920183053008511,0.00836428731336826,-0.0229999946391486));
#3618=CARTESIAN_POINT('',(-0.0920183053008511,0.00836428731336826,-0.0237999946391486));
#3619=CARTESIAN_POINT('',(-0.0920183053008511,0.00836428731336826,-0.0237999946391486));
#3620=CARTESIAN_POINT('',(-0.0484683350445597,0.0141081800277701,-0.0237999946391486));
#3621=CARTESIAN_POINT('',(-0.0919313103346956,0.00773935032621155,-0.0237999946391486));
#3622=CARTESIAN_POINT('',(-0.0919313103346956,0.00773935032621155,-0.0237999946391486));
#3623=CARTESIAN_POINT('',(-0.109876558461821,0.00600892657214249,-0.0237999946391486));
#3624=CARTESIAN_POINT('',(-0.109876558461821,0.00600892657214249,-0.0229999946391486));
#3625=CARTESIAN_POINT('',(-0.0921555779055109,0.00923875293058021,-0.0229999946391486));
#3626=CARTESIAN_POINT('',(-0.0921555779055109,0.00923875293058021,-0.0237999946391486));
#3627=CARTESIAN_POINT('',(-0.0921555779055109,0.00923875293058021,-0.0237999946391486));
#3628=CARTESIAN_POINT('',(-0.109876558461821,0.00600892657214249,-0.0237999946391486));
#3629=CARTESIAN_POINT('',(-0.0949429547249027,0.00873072556191599,-0.0237999946391486));
#3630=CARTESIAN_POINT('',(-0.0949429547249027,0.00873072556191599,-0.0229999946391486));
#3631=CARTESIAN_POINT('',(-0.0923137487998386,0.00978658423816112,-0.0229999946391486));
#3632=CARTESIAN_POINT('',(-0.0923137487998386,0.00978658423816112,-0.0237999946391486));
#3633=CARTESIAN_POINT('',(-0.0923137487998386,0.00978658423816112,-0.0237999946391486));
#3634=CARTESIAN_POINT('',(-0.0949429547249027,0.00873072556191599,-0.0237999946391486));
#3635=CARTESIAN_POINT('',(-0.0935842680454651,0.00927635841064308,-0.0237999946391486));
#3636=CARTESIAN_POINT('',(-0.0935842680454651,0.00927635841064308,-0.0229999946391486));
#3637=CARTESIAN_POINT('',(-0.0925502030926324,0.010173720780062,-0.0229999946391486));
#3638=CARTESIAN_POINT('',(-0.0925502030926324,0.010173720780062,-0.0237999946391486));
#3639=CARTESIAN_POINT('',(-0.0925502030926324,0.010173720780062,-0.0237999946391486));
#3640=CARTESIAN_POINT('',(-0.0935842680454651,0.00927635841064308,-0.0237999946391486));
#3641=CARTESIAN_POINT('',(-0.0935628588639871,0.00929493731496214,-0.0237999946391486));
#3642=CARTESIAN_POINT('',(-0.0935628588639871,0.00929493731496214,-0.0229999946391486));
#3643=CARTESIAN_POINT('',(-0.0929002708686879,0.0104605741530366,-0.0229999946391486));
#3644=CARTESIAN_POINT('',(-0.0929002708686879,0.0104605741530366,-0.0237999946391486));
#3645=CARTESIAN_POINT('',(-0.0929002708686879,0.0104605741530366,-0.0237999946391486));
#3646=CARTESIAN_POINT('',(-0.0935628588639871,0.00929493731496214,-0.0237999946391486));
#3647=CARTESIAN_POINT('',(-0.0918916008992143,0.0122350446870929,-0.0237999946391486));
#3648=CARTESIAN_POINT('',(-0.0918916008992143,0.0122350446870929,-0.0229999946391486));
#3649=CARTESIAN_POINT('',(-0.0933916460366078,0.0108508390053614,-0.0229999946391486));
#3650=CARTESIAN_POINT('',(-0.0933916460366078,0.0108508390053614,-0.0237999946391486));
#3651=CARTESIAN_POINT('',(-0.0933916460366078,0.0108508390053614,-0.0237999946391486));
#3652=CARTESIAN_POINT('',(-0.0918916008992143,0.0122350446870929,-0.0237999946391486));
#3653=CARTESIAN_POINT('',(-0.0928494436818713,0.0113511703363097,-0.0237999946391486));
#3654=CARTESIAN_POINT('',(-0.0928494436818713,0.0113511703363097,-0.0229999946391486));
#3655=CARTESIAN_POINT('',(-0.0935785300691803,0.0112382638526669,-0.0229999946391486));
#3656=CARTESIAN_POINT('',(-0.0935785300691803,0.0112382638526669,-0.0237999946391486));
#3657=CARTESIAN_POINT('',(-0.0935785300691803,0.0112382638526669,-0.0237999946391486));
#3658=CARTESIAN_POINT('',(-0.0928494436818713,0.0113511703363097,-0.0237999946391486));
#3659=CARTESIAN_POINT('',(-0.092835265124505,0.0113533660309258,-0.0237999946391486));
#3660=CARTESIAN_POINT('',(-0.092835265124505,0.0113533660309258,-0.0229999946391486));
#3661=CARTESIAN_POINT('',(-0.0935181847435132,0.0116685042282249,-0.0229999946391486));
#3662=CARTESIAN_POINT('',(-0.0935181847435132,0.0116685042282249,-0.0237999946391486));
#3663=CARTESIAN_POINT('',(-0.0935181847435132,0.0116685042282249,-0.0237999946391486));
#3664=CARTESIAN_POINT('',(-0.092835265124505,0.0113533660309258,-0.0237999946391486));
#3665=CARTESIAN_POINT('',(-0.0915875025666233,0.0107775769743465,-0.0237999946391486));
#3666=CARTESIAN_POINT('',(-0.0915875025666233,0.0107775769743465,-0.0229999946391486));
#3667=CARTESIAN_POINT('',(-0.0931676018130089,0.0122004513227806,-0.0229999946391486));
#3668=CARTESIAN_POINT('',(-0.0931676018130089,0.0122004513227806,-0.0237999946391486));
#3669=CARTESIAN_POINT('',(-0.0931676018130089,0.0122004513227806,-0.0237999946391486));
#3670=CARTESIAN_POINT('',(-0.0915875025666233,0.0107775769743465,-0.0237999946391486));
#3671=CARTESIAN_POINT('',(-0.0927889421539438,0.0126209521509696,-0.0237999946391486));
#3672=CARTESIAN_POINT('',(-0.0927889421539438,0.0126209521509696,-0.0229999946391486));
#3673=CARTESIAN_POINT('',(-0.0924102824948786,0.0130414529791587,-0.0229999946391486));
#3674=CARTESIAN_POINT('',(-0.0924102824948786,0.0130414529791587,-0.0237999946391486));
#3675=CARTESIAN_POINT('',(-0.0924102824948786,0.0130414529791587,-0.0237999946391486));
#3676=CARTESIAN_POINT('',(-0.0927889421539438,0.0126209521509696,-0.0237999946391486));
#3677=CARTESIAN_POINT('',(-0.0931781937405115,0.0137329546147582,-0.0237999946391486));
#3678=CARTESIAN_POINT('',(-0.0931781937405115,0.0137329546147582,-0.0229999946391486));
#3679=CARTESIAN_POINT('',(-0.0939461049861372,0.0144244562503657,-0.0229999946391486));
#3680=CARTESIAN_POINT('',(-0.0939461049861372,0.0144244562503657,-0.0237999946391486));
#3681=CARTESIAN_POINT('',(-0.0939461049861372,0.0144244562503657,-0.0237999946391486));
#3682=CARTESIAN_POINT('',(-0.0931781937405115,0.0137329546147582,-0.0237999946391486));
#3683=CARTESIAN_POINT('',(-0.12453147087113,-0.019540534149868,-0.0237999946391486));
#3684=CARTESIAN_POINT('',(-0.12453147087113,-0.019540534149868,-0.0229999946391486));
#3685=CARTESIAN_POINT('',(-0.0948405082871544,0.0152090258479768,-0.0229999946391486));
#3686=CARTESIAN_POINT('',(-0.0948405082871544,0.0152090258479768,-0.0237999946391486));
#3687=CARTESIAN_POINT('',(-0.0948405082871544,0.0152090258479768,-0.0237999946391486));
#3688=CARTESIAN_POINT('',(-0.12453147087113,-0.019540534149868,-0.0237999946391486));
#3689=CARTESIAN_POINT('',(-0.0961680572679691,0.0136552957245959,-0.0237999946391486));
#3690=CARTESIAN_POINT('',(-0.0961680572679691,0.0136552957245959,-0.0229999946391486));
#3691=CARTESIAN_POINT('',(-0.0952959327588882,0.0155035009170528,-0.0229999946391486));
#3692=CARTESIAN_POINT('',(-0.0952959327588882,0.0155035009170528,-0.0237999946391486));
#3693=CARTESIAN_POINT('',(-0.0952959327588882,0.0155035009170528,-0.0237999946391486));
#3694=CARTESIAN_POINT('',(-0.0961680572679691,0.0136552957245959,-0.0237999946391486));
#3695=CARTESIAN_POINT('',(-0.0956733207759119,0.0147037406931722,-0.0237999946391486));
#3696=CARTESIAN_POINT('',(-0.0956733207759119,0.0147037406931722,-0.0229999946391486));
#3697=CARTESIAN_POINT('',(-0.0957538957601031,0.015584391476977,-0.0229999946391486));
#3698=CARTESIAN_POINT('',(-0.0957538957601031,0.015584391476977,-0.0237999946391486));
#3699=CARTESIAN_POINT('',(-0.0957538957601031,0.015584391476977,-0.0237999946391486));
#3700=CARTESIAN_POINT('',(-0.0956733207759119,0.0147037406931722,-0.0237999946391486));
#3701=CARTESIAN_POINT('',(-0.0955222282355994,0.0130523625962484,-0.0237999946391486));
#3702=CARTESIAN_POINT('',(-0.0955222282355994,0.0130523625962484,-0.0229999946391486));
#3703=CARTESIAN_POINT('',(-0.0962836765685216,0.0154782720197499,-0.0229999946391486));
#3704=CARTESIAN_POINT('',(-0.0962836765685216,0.0154782720197499,-0.0237999946391486));
#3705=CARTESIAN_POINT('',(-0.0962836765685216,0.0154782720197499,-0.0237999946391486));
#3706=CARTESIAN_POINT('',(-0.0955222282355994,0.0130523625962484,-0.0237999946391486));
#3707=CARTESIAN_POINT('',(-0.0969725912810936,0.0176730955172329,-0.0237999946391486));
#3708=CARTESIAN_POINT('',(-0.0969725912810936,0.0176730955172329,-0.0229999946391486));
#3709=CARTESIAN_POINT('',(-0.0970132968681959,0.0153730527520928,-0.0229999946391486));
#3710=CARTESIAN_POINT('',(-0.0970132968681959,0.0153730527520928,-0.0237999946391486));
#3711=CARTESIAN_POINT('',(-0.0970132968681959,0.0153730527520928,-0.0237999946391486));
#3712=CARTESIAN_POINT('',(-0.0969725912810936,0.0176730955172329,-0.0237999946391486));
#3713=CARTESIAN_POINT('',(-0.0969335139026737,0.0198811374081304,-0.0237999946391486));
#3714=CARTESIAN_POINT('',(-0.0969335139026737,0.0198811374081304,-0.0229999946391486));
#3715=CARTESIAN_POINT('',(-0.097907637860647,0.015478834023302,-0.0229999946391486));
#3716=CARTESIAN_POINT('',(-0.097907637860647,0.015478834023302,-0.0237999946391486));
#3717=CARTESIAN_POINT('',(-0.097907637860647,0.015478834023302,-0.0237999946391486));
#3718=CARTESIAN_POINT('',(-0.0969335139026737,0.0198811374081304,-0.0237999946391486));
#3719=CARTESIAN_POINT('',(-0.0969290823517013,0.0199011646661464,-0.0237999946391486));
#3720=CARTESIAN_POINT('',(-0.0969290823517013,0.0199011646661464,-0.0229999946391486));
#3721=CARTESIAN_POINT('',(-0.0987683316013313,0.0157621138816665,-0.0229999946391486));
#3722=CARTESIAN_POINT('',(-0.0987683316013313,0.0157621138816665,-0.0237999946391486));
#3723=CARTESIAN_POINT('',(-0.0987683316013313,0.0157621138816665,-0.0237999946391486));
#3724=CARTESIAN_POINT('',(-0.0969290823517013,0.0199011646661464,-0.0237999946391486));
#3725=CARTESIAN_POINT('',(-0.0978041021561792,0.0179320180652231,-0.0237999946391486));
#3726=CARTESIAN_POINT('',(-0.0978041021561792,0.0179320180652231,-0.0229999946391486));
#3727=CARTESIAN_POINT('',(-0.0993938595097592,0.0161682453629042,-0.0229999946391486));
#3728=CARTESIAN_POINT('',(-0.0993938595097592,0.0161682453629042,-0.0237999946391486));
#3729=CARTESIAN_POINT('',(-0.0993938595097592,0.0161682453629042,-0.0237999946391486));
#3730=CARTESIAN_POINT('',(-0.0978041021561792,0.0179320180652231,-0.0237999946391486));
#3731=CARTESIAN_POINT('',(-0.0973304453656404,0.0184575214796523,-0.0237999946391486));
#3732=CARTESIAN_POINT('',(-0.0973304453656404,0.0184575214796523,-0.0229999946391486));
#3733=CARTESIAN_POINT('',(-0.100126250202424,0.0171606258079307,-0.0229999946391486));
#3734=CARTESIAN_POINT('',(-0.100126250202424,0.0171606258079307,-0.0237999946391486));
#3735=CARTESIAN_POINT('',(-0.100126250202424,0.0171606258079307,-0.0237999946391486));
#3736=CARTESIAN_POINT('',(-0.0973304453656404,0.0184575214796523,-0.0237999946391486));
#3737=CARTESIAN_POINT('',(-0.0968278025538855,0.0186906834222923,-0.0237999946391486));
#3738=CARTESIAN_POINT('',(-0.0968278025538855,0.0186906834222923,-0.0229999946391486));
#3739=CARTESIAN_POINT('',(-0.100453371402499,0.0184148506508331,-0.0229999946391486));
#3740=CARTESIAN_POINT('',(-0.100453371402499,0.0184148506508331,-0.0237999946391486));
#3741=CARTESIAN_POINT('',(-0.100453371402499,0.0184148506508331,-0.0237999946391486));
#3742=CARTESIAN_POINT('',(-0.0968278025538855,0.0186906834222923,-0.0237999946391486));
#3743=CARTESIAN_POINT('',(-0.0969667691851374,0.0186801108604023,-0.0237999946391486));
#3744=CARTESIAN_POINT('',(-0.0969667691851374,0.0186801108604023,-0.0229999946391486));
#3745=CARTESIAN_POINT('',(-0.100317617607793,0.0196793970302657,-0.0229999946391486));
#3746=CARTESIAN_POINT('',(-0.100317617607793,0.0196793970302657,-0.0237999946391486));
#3747=CARTESIAN_POINT('',(-0.100317617607793,0.0196793970302657,-0.0237999946391486));
#3748=CARTESIAN_POINT('',(-0.0969667691851374,0.0186801108604023,-0.0237999946391486));
#3749=CARTESIAN_POINT('',(-0.0977684228479606,0.018919179095439,-0.0237999946391486));
#3750=CARTESIAN_POINT('',(-0.0977684228479606,0.018919179095439,-0.0229999946391486));
#3751=CARTESIAN_POINT('',(-0.0997451973741005,0.0206992599095574,-0.0229999946391486));
#3752=CARTESIAN_POINT('',(-0.0997451973741005,0.0206992599095574,-0.0237999946391486));
#3753=CARTESIAN_POINT('',(-0.0997451973741005,0.0206992599095574,-0.0237999946391486));
#3754=CARTESIAN_POINT('',(-0.0977684228479606,0.018919179095439,-0.0237999946391486));
#3755=CARTESIAN_POINT('',(-0.0966427435243263,0.0179055075105651,-0.0237999946391486));
#3756=CARTESIAN_POINT('',(-0.0966427435243263,0.0179055075105651,-0.0229999946391486));
#3757=CARTESIAN_POINT('',(-0.0991351421774161,0.0212548688395975,-0.0229999946391486));
#3758=CARTESIAN_POINT('',(-0.0991351421774161,0.0212548688395975,-0.0237999946391486));
#3759=CARTESIAN_POINT('',(-0.0991351421774161,0.0212548688395975,-0.0237999946391486));
#3760=CARTESIAN_POINT('',(-0.0966427435243263,0.0179055075105651,-0.0237999946391486));
#3761=CARTESIAN_POINT('',(-0.0966923577843577,0.0179721806664467,-0.0237999946391486));
#3762=CARTESIAN_POINT('',(-0.0966923577843577,0.0179721806664467,-0.0229999946391486));
#3763=CARTESIAN_POINT('',(-0.0984307124009117,0.0216764161422534,-0.0229999946391486));
#3764=CARTESIAN_POINT('',(-0.0984307124009117,0.0216764161422534,-0.0237999946391486));
#3765=CARTESIAN_POINT('',(-0.0984307124009117,0.0216764161422534,-0.0237999946391486));
#3766=CARTESIAN_POINT('',(-0.0966923577843577,0.0179721806664467,-0.0237999946391486));
#3767=CARTESIAN_POINT('',(-0.096887412279002,0.0183878195538727,-0.0237999946391486));
#3768=CARTESIAN_POINT('',(-0.096887412279002,0.0183878195538727,-0.0229999946391486));
#3769=CARTESIAN_POINT('',(-0.0977028820221718,0.0219278268823083,-0.0229999946391486));
#3770=CARTESIAN_POINT('',(-0.0977028820221718,0.0219278268823083,-0.0237999946391486));
#3771=CARTESIAN_POINT('',(-0.0977028820221718,0.0219278268823083,-0.0237999946391486));
#3772=CARTESIAN_POINT('',(-0.096887412279002,0.0183878195538727,-0.0237999946391486));
#3773=CARTESIAN_POINT('',(-0.0971878070002287,0.0196918526261883,-0.0237999946391486));
#3774=CARTESIAN_POINT('',(-0.0971878070002287,0.0196918526261883,-0.0229999946391486));
#3775=CARTESIAN_POINT('',(-0.0970351682128247,0.0219813033360399,-0.0229999946391486));
#3776=CARTESIAN_POINT('',(-0.0970351682128247,0.0219813033360399,-0.0237999946391486));
#3777=CARTESIAN_POINT('',(-0.0970351682128247,0.0219813033360399,-0.0237999946391486));
#3778=CARTESIAN_POINT('',(-0.0971878070002287,0.0196918526261883,-0.0237999946391486));
#3779=CARTESIAN_POINT('',(-0.0969336406131545,0.0235041301292,-0.0237999946391486));
#3780=CARTESIAN_POINT('',(-0.0969336406131545,0.0235041301292,-0.0229999946391486));
#3781=CARTESIAN_POINT('',(-0.0963874548987004,0.0220790019031153,-0.0229999946391486));
#3782=CARTESIAN_POINT('',(-0.0963874548987004,0.0220790019031153,-0.0237999946391486));
#3783=CARTESIAN_POINT('',(-0.0963874548987004,0.0220790019031153,-0.0237999946391486));
#3784=CARTESIAN_POINT('',(-0.0969336406131545,0.0235041301292,-0.0237999946391486));
#3785=CARTESIAN_POINT('',(-0.0999279352548427,0.0313169558735507,-0.0237999946391486));
#3786=CARTESIAN_POINT('',(-0.0999279352548427,0.0313169558735507,-0.0229999946391486));
#3787=CARTESIAN_POINT('',(-0.0954850444179482,0.0224775262695815,-0.0229999946391486));
#3788=CARTESIAN_POINT('',(-0.0954850444179482,0.0224775262695815,-0.0237999946391486));
#3789=CARTESIAN_POINT('',(-0.0954850444179482,0.0224775262695815,-0.0237999946391486));
#3790=CARTESIAN_POINT('',(-0.0999279352548427,0.0313169558735507,-0.0237999946391486));
#3791=CARTESIAN_POINT('',(-0.106401398714235,0.0441963460372658,-0.0237999946391486));
#3792=CARTESIAN_POINT('',(-0.106401398714235,0.0441963460372658,-0.0229999946391486));
#3793=CARTESIAN_POINT('',(-0.0941516767961867,0.0232006741939204,-0.0229999946391486));
#3794=CARTESIAN_POINT('',(-0.0941516767961867,0.0232006741939204,-0.0237999946391486));
#3795=CARTESIAN_POINT('',(-0.0941516767961867,0.0232006741939204,-0.0237999946391486));
#3796=CARTESIAN_POINT('',(-0.106401398714235,0.0441963460372658,-0.0237999946391486));
#3797=CARTESIAN_POINT('',(-0.187422141330309,0.183063573869176,-0.0237999946391486));
#3798=CARTESIAN_POINT('',(-0.187422141330309,0.183063573869176,-0.0229999946391486));
#3799=CARTESIAN_POINT('',(-0.091937841173065,0.0245130309170018,-0.0229999946391486));
#3800=CARTESIAN_POINT('',(-0.091937841173065,0.0245130309170018,-0.0237999946391486));
#3801=CARTESIAN_POINT('',(-0.091937841173065,0.0245130309170018,-0.0237999946391486));
#3802=CARTESIAN_POINT('',(-0.187422141330309,0.183063573869176,-0.0237999946391486));
#3803=CARTESIAN_POINT('',(-0.425626253294158,0.57859866417315,-0.0237999946391487));
#3804=CARTESIAN_POINT('',(-0.425626253294158,0.57859866417315,-0.0229999946391487));
#3805=CARTESIAN_POINT('',(-0.090305892134079,0.0254991245274615,-0.0229999946391486));
#3806=CARTESIAN_POINT('',(-0.090305892134079,0.0254991245274615,-0.0237999946391486));
#3807=CARTESIAN_POINT('',(-0.090305892134079,0.0254991245274615,-0.0237999946391486));
#3808=CARTESIAN_POINT('',(-0.425626253294158,0.57859866417315,-0.0237999946391487));
#3809=CARTESIAN_POINT('',(-0.268566374257757,0.319533731488159,-0.0237999946391487));
#3810=CARTESIAN_POINT('',(-0.268566374257757,0.319533731488159,-0.0229999946391487));
#3811=CARTESIAN_POINT('',(-0.088916621912386,0.0263458803419379,-0.0229999946391486));
#3812=CARTESIAN_POINT('',(-0.088916621912386,0.0263458803419379,-0.0237999946391486));
#3813=CARTESIAN_POINT('',(-0.088916621912386,0.0263458803419379,-0.0237999946391486));
#3814=CARTESIAN_POINT('',(-0.268566374257757,0.319533731488159,-0.0237999946391487));
#3815=CARTESIAN_POINT('',(-1.06365440075699,1.61711498010162,-0.0237999946391488));
#3816=CARTESIAN_POINT('',(-1.06365440075699,1.61711498010162,-0.0229999946391489));
#3817=CARTESIAN_POINT('',(-0.0876889075558488,0.0270988096373667,-0.0229999946391486));
#3818=CARTESIAN_POINT('',(-0.0876889075558488,0.0270988096373667,-0.0237999946391486));
#3819=CARTESIAN_POINT('',(-0.0876889075558488,0.0270988096373667,-0.0237999946391486));
#3820=CARTESIAN_POINT('',(-1.06365440075699,1.61711498010162,-0.0237999946391488));
#3821=CARTESIAN_POINT('',(-0.0879856025193546,0.0275821769213084,-0.0237999946391486));
#3822=CARTESIAN_POINT('',(-0.0879856025193546,0.0275821769213084,-0.0229999946391486));
#3823=CARTESIAN_POINT('',(-0.087564139669631,0.0272026497169426,-0.0229999946391486));
#3824=CARTESIAN_POINT('',(-0.087564139669631,0.0272026497169426,-0.0237999946391486));
#3825=CARTESIAN_POINT('',(-0.087564139669631,0.0272026497169426,-0.0237999946391486));
#3826=CARTESIAN_POINT('',(-0.0879856025193546,0.0275821769213084,-0.0237999946391486));
#3827=CARTESIAN_POINT('',(-0.0877528569431728,0.0273725895806573,-0.0237999946391486));
#3828=CARTESIAN_POINT('',(-0.0877528569431728,0.0273725895806573,-0.0229999946391486));
#3829=CARTESIAN_POINT('',(-0.0875653096830149,0.0275438198111074,-0.0229999946391486));
#3830=CARTESIAN_POINT('',(-0.0875653096830149,0.0275438198111074,-0.0237999946391486));
#3831=CARTESIAN_POINT('',(-0.0875653096830149,0.0275438198111074,-0.0237999946391486));
#3832=CARTESIAN_POINT('',(-0.0877528569431728,0.0273725895806573,-0.0237999946391486));
#3833=CARTESIAN_POINT('',(-0.103526607923517,0.0129711900979268,-0.0237999946391486));
#3834=CARTESIAN_POINT('',(-0.103526607923517,0.0129711900979268,-0.0229999946391486));
#3835=CARTESIAN_POINT('',(-0.0878895846484833,0.027891246444222,-0.0229999946391486));
#3836=CARTESIAN_POINT('',(-0.0878895846484833,0.027891246444222,-0.0237999946391486));
#3837=CARTESIAN_POINT('',(-0.0878895846484833,0.027891246444222,-0.0237999946391486));
#3838=CARTESIAN_POINT('',(-0.103526607923517,0.0129711900979268,-0.0237999946391486));
#3839=CARTESIAN_POINT('',(-0.0967502912963927,0.0194368085291812,-0.0237999946391486));
#3840=CARTESIAN_POINT('',(-0.0967502912963927,0.0194368085291812,-0.0229999946391486));
#3841=CARTESIAN_POINT('',(-0.0882992009542329,0.028300708054121,-0.0229999946391486));
#3842=CARTESIAN_POINT('',(-0.0882992009542329,0.028300708054121,-0.0237999946391486));
#3843=CARTESIAN_POINT('',(-0.0882992009542329,0.028300708054121,-0.0237999946391486));
#3844=CARTESIAN_POINT('',(-0.0967502912963927,0.0194368085291812,-0.0237999946391486));
#3845=CARTESIAN_POINT('',(-0.104818430556679,0.0109745660420035,-0.0237999946391486));
#3846=CARTESIAN_POINT('',(-0.104818430556679,0.0109745660420035,-0.0229999946391486));
#3847=CARTESIAN_POINT('',(-0.0887991397010974,0.0287639579418513,-0.0229999946391486));
#3848=CARTESIAN_POINT('',(-0.0887991397010974,0.0287639579418513,-0.0237999946391486));
#3849=CARTESIAN_POINT('',(-0.0887991397010974,0.0287639579418513,-0.0237999946391486));
#3850=CARTESIAN_POINT('',(-0.104818430556679,0.0109745660420035,-0.0237999946391486));
#3851=CARTESIAN_POINT('',(-0.0893796894621747,0.029286741156207,-0.0237999946391486));
#3852=CARTESIAN_POINT('',(-0.0893796894621747,0.029286741156207,-0.0229999946391486));
#3853=CARTESIAN_POINT('',(-0.089960239223252,0.0298095243705627,-0.0229999946391486));
#3854=CARTESIAN_POINT('',(-0.089960239223252,0.0298095243705627,-0.0237999946391486));
#3855=CARTESIAN_POINT('',(-0.089960239223252,0.0298095243705627,-0.0237999946391486));
#3856=CARTESIAN_POINT('',(-0.0893796894621747,0.029286741156207,-0.0237999946391486));
#3857=CARTESIAN_POINT('',(-0.0889146612497985,0.0309706367131314,-0.0237999946391486));
#3858=CARTESIAN_POINT('',(-0.0889146612497985,0.0309706367131314,-0.0229999946391486));
#3859=CARTESIAN_POINT('',(-0.087869083276345,0.0321317490557,-0.0229999946391486));
#3860=CARTESIAN_POINT('',(-0.087869083276345,0.0321317490557,-0.0237999946391486));
#3861=CARTESIAN_POINT('',(-0.087869083276345,0.0321317490557,-0.0237999946391486));
#3862=CARTESIAN_POINT('',(-0.0889146612497985,0.0309706367131314,-0.0237999946391486));
#3863=CARTESIAN_POINT('',(-0.0823421894307995,0.0271547987170842,-0.0237999946391486));
#3864=CARTESIAN_POINT('',(-0.0823421894307995,0.0271547987170842,-0.0229999946391486));
#3865=CARTESIAN_POINT('',(-0.0768152955852541,0.0221778483784684,-0.0229999946391486));
#3866=CARTESIAN_POINT('',(-0.0768152955852541,0.0221778483784684,-0.0237999946391486));
#3867=CARTESIAN_POINT('',(-0.0768152955852541,0.0221778483784684,-0.0237999946391486));
#3868=CARTESIAN_POINT('',(-0.0823421894307995,0.0271547987170842,-0.0237999946391486));
#3869=CARTESIAN_POINT('',(-0.0778570373556254,0.0210209961320958,-0.0237999946391486));
#3870=CARTESIAN_POINT('',(-0.0778570373556254,0.0210209961320958,-0.0229999946391486));
#3871=CARTESIAN_POINT('',(-0.0788987791259967,0.0198641438857232,-0.0229999946391486));
#3872=CARTESIAN_POINT('',(-0.0788987791259967,0.0198641438857232,-0.0237999946391486));
#3873=CARTESIAN_POINT('',(-0.0788987791259967,0.0198641438857232,-0.0237999946391486));
#3874=CARTESIAN_POINT('',(-0.0778570373556254,0.0210209961320958,-0.0237999946391486));
#3875=CARTESIAN_POINT('',(-0.0805154794601671,0.0212307157891762,-0.0237999946391486));
#3876=CARTESIAN_POINT('',(-0.0805154794601671,0.0212307157891762,-0.0229999946391486));
#3877=CARTESIAN_POINT('',(-0.0821321797943375,0.0225972876926292,-0.0229999946391486));
#3878=CARTESIAN_POINT('',(-0.0821321797943375,0.0225972876926292,-0.0237999946391486));
#3879=CARTESIAN_POINT('',(-0.0821321797943375,0.0225972876926292,-0.0237999946391486));
#3880=CARTESIAN_POINT('',(-0.0805154794601671,0.0212307157891762,-0.0237999946391486));
#3881=CARTESIAN_POINT('',(-0.0850554505689836,0.0215607986183535,-0.0237999946391486));
#3882=CARTESIAN_POINT('',(-0.0850554505689836,0.0215607986183535,-0.0229999946391486));
#3883=CARTESIAN_POINT('',(-0.0879787213436584,0.0205243095441586,-0.0229999946391486));
#3884=CARTESIAN_POINT('',(-0.0879787213436584,0.0205243095441586,-0.0237999946391486));
#3885=CARTESIAN_POINT('',(-0.0879787213436584,0.0205243095441586,-0.0237999946391486));
#3886=CARTESIAN_POINT('',(-0.0850554505689836,0.0215607986183535,-0.0237999946391486));
#3887=CARTESIAN_POINT('',(0.0283559973060472,-0.307581303477361,-0.0237999946391486));
#3888=CARTESIAN_POINT('',(0.0283559973060472,-0.307581303477361,-0.0229999946391486));
#3889=CARTESIAN_POINT('',(-0.0925852128022101,0.0188544233619117,-0.0229999946391486));
#3890=CARTESIAN_POINT('',(-0.0925852128022101,0.0188544233619117,-0.0237999946391486));
#3891=CARTESIAN_POINT('',(-0.0925852128022101,0.0188544233619117,-0.0237999946391486));
#3892=CARTESIAN_POINT('',(0.0283559973060472,-0.307581303477361,-0.0237999946391486));
#3893=CARTESIAN_POINT('',(-0.0914080983757852,0.0156772416302334,-0.0237999946391486));
#3894=CARTESIAN_POINT('',(-0.0914080983757852,0.0156772416302334,-0.0229999946391486));
#3895=CARTESIAN_POINT('',(-0.0937249980628281,0.0181494992966569,-0.0229999946391486));
#3896=CARTESIAN_POINT('',(-0.0937249980628281,0.0181494992966569,-0.0237999946391486));
#3897=CARTESIAN_POINT('',(-0.0937249980628281,0.0181494992966569,-0.0237999946391486));
#3898=CARTESIAN_POINT('',(-0.0914080983757852,0.0156772416302334,-0.0237999946391486));
#3899=CARTESIAN_POINT('',(-0.0932144157586596,0.017604680277137,-0.0237999946391486));
#3900=CARTESIAN_POINT('',(-0.0932144157586596,0.017604680277137,-0.0229999946391486));
#3901=CARTESIAN_POINT('',(-0.0938130761264766,0.0171584428769051,-0.0229999946391486));
#3902=CARTESIAN_POINT('',(-0.0938130761264766,0.0171584428769051,-0.0237999946391486));
#3903=CARTESIAN_POINT('',(-0.0938130761264766,0.0171584428769051,-0.0237999946391486));
#3904=CARTESIAN_POINT('',(-0.0932144157586596,0.017604680277137,-0.0237999946391486));
#3905=CARTESIAN_POINT('',(-0.0867498682820972,0.0224233103630666,-0.0237999946391486));
#3906=CARTESIAN_POINT('',(-0.0867498682820972,0.0224233103630666,-0.0229999946391486));
#3907=CARTESIAN_POINT('',(-0.0926449266529044,0.0158768593012692,-0.0229999946391486));
#3908=CARTESIAN_POINT('',(-0.0926449266529044,0.0158768593012692,-0.0237999946391486));
#3909=CARTESIAN_POINT('',(-0.0926449266529044,0.0158768593012692,-0.0237999946391486));
#3910=CARTESIAN_POINT('',(-0.0867498682820972,0.0224233103630666,-0.0237999946391486));
#3911=CARTESIAN_POINT('',(-0.0918751638369543,0.0151836903324849,-0.0237999946391486));
#3912=CARTESIAN_POINT('',(-0.0918751638369543,0.0151836903324849,-0.0229999946391486));
#3913=CARTESIAN_POINT('',(-0.0911054010210041,0.0144905213637006,-0.0229999946391486));
#3914=CARTESIAN_POINT('',(-0.0911054010210041,0.0144905213637006,-0.0237999946391486));
#3915=CARTESIAN_POINT('',(-0.0911054010210041,0.0144905213637006,-0.0237999946391486));
#3916=CARTESIAN_POINT('',(-0.0918751638369543,0.0151836903324849,-0.0237999946391486));
#3917=CARTESIAN_POINT('',(-0.0907222876894567,0.0149159679866751,-0.0237999946391486));
#3918=CARTESIAN_POINT('',(-0.0907222876894567,0.0149159679866751,-0.0229999946391486));
#3919=CARTESIAN_POINT('',(-0.0903391743579099,0.0153414146096501,-0.0229999946391486));
#3920=CARTESIAN_POINT('',(-0.0903391743579099,0.0153414146096501,-0.0237999946391486));
#3921=CARTESIAN_POINT('',(-0.0903391743579099,0.0153414146096501,-0.0237999946391486));
#3922=CARTESIAN_POINT('',(-0.0907222876894567,0.0149159679866751,-0.0237999946391486));
#3923=CARTESIAN_POINT('',(-0.0866076168751442,0.0119811589585694,-0.0237999946391486));
#3924=CARTESIAN_POINT('',(-0.0866076168751442,0.0119811589585694,-0.0229999946391486));
#3925=CARTESIAN_POINT('',(-0.0899926259576737,0.0156902764815118,-0.0229999946391486));
#3926=CARTESIAN_POINT('',(-0.0899926259576737,0.0156902764815118,-0.0237999946391486));
#3927=CARTESIAN_POINT('',(-0.0899926259576737,0.0156902764815118,-0.0237999946391486));
#3928=CARTESIAN_POINT('',(-0.0866076168751442,0.0119811589585694,-0.0237999946391486));
#3929=CARTESIAN_POINT('',(-0.0895263268886096,0.0151793301278008,-0.0237999946391486));
#3930=CARTESIAN_POINT('',(-0.0895263268886096,0.0151793301278008,-0.0229999946391486));
#3931=CARTESIAN_POINT('',(-0.0897813748025774,0.0158223321182814,-0.0229999946391486));
#3932=CARTESIAN_POINT('',(-0.0897813748025774,0.0158223321182814,-0.0237999946391486));
#3933=CARTESIAN_POINT('',(-0.0897813748025774,0.0158223321182814,-0.0237999946391486));
#3934=CARTESIAN_POINT('',(-0.0895263268886096,0.0151793301278008,-0.0237999946391486));
#3935=CARTESIAN_POINT('',(-0.0896315627136796,0.0154446404529753,-0.0237999946391486));
#3936=CARTESIAN_POINT('',(-0.0896315627136796,0.0154446404529753,-0.0229999946391486));
#3937=CARTESIAN_POINT('',(-0.0895960693929561,0.0158494056691249,-0.0229999946391486));
#3938=CARTESIAN_POINT('',(-0.0895960693929561,0.0158494056691249,-0.0237999946391486));
#3939=CARTESIAN_POINT('',(-0.0895960693929561,0.0158494056691249,-0.0237999946391486));
#3940=CARTESIAN_POINT('',(-0.0896315627136796,0.0154446404529753,-0.0237999946391486));
#3941=CARTESIAN_POINT('',(-0.0897247390127313,0.014382059548824,-0.0237999946391486));
#3942=CARTESIAN_POINT('',(-0.0897247390127313,0.014382059548824,-0.0229999946391486));
#3943=CARTESIAN_POINT('',(-0.0892816274149112,0.0157868060098205,-0.0229999946391486));
#3944=CARTESIAN_POINT('',(-0.0892816274149112,0.0157868060098205,-0.0237999946391486));
#3945=CARTESIAN_POINT('',(-0.0892816274149112,0.0157868060098205,-0.0237999946391486));
#3946=CARTESIAN_POINT('',(-0.0897247390127313,0.014382059548824,-0.0237999946391486));
#3947=CARTESIAN_POINT('',(-0.0899530899375017,0.0136581445012051,-0.0237999946391486));
#3948=CARTESIAN_POINT('',(-0.0899530899375017,0.0136581445012051,-0.0229999946391486));
#3949=CARTESIAN_POINT('',(-0.0890008939335313,0.0156769026609477,-0.0229999946391486));
#3950=CARTESIAN_POINT('',(-0.0890008939335313,0.0156769026609477,-0.0237999946391486));
#3951=CARTESIAN_POINT('',(-0.0890008939335313,0.0156769026609477,-0.0237999946391486));
#3952=CARTESIAN_POINT('',(-0.0899530899375017,0.0136581445012051,-0.0237999946391486));
#3953=CARTESIAN_POINT('',(-0.0893157873846044,0.0150092946042527,-0.0237999946391486));
#3954=CARTESIAN_POINT('',(-0.0893157873846044,0.0150092946042527,-0.0229999946391486));
#3955=CARTESIAN_POINT('',(-0.0888312899901647,0.0155661794017415,-0.0229999946391486));
#3956=CARTESIAN_POINT('',(-0.0888312899901647,0.0155661794017415,-0.0237999946391486));
#3957=CARTESIAN_POINT('',(-0.0888312899901647,0.0155661794017415,-0.0237999946391486));
#3958=CARTESIAN_POINT('',(-0.0893157873846044,0.0150092946042527,-0.0237999946391486));
#3959=CARTESIAN_POINT('',(-0.089173848737339,0.0151724399085317,-0.0237999946391486));
#3960=CARTESIAN_POINT('',(-0.089173848737339,0.0151724399085317,-0.0229999946391486));
#3961=CARTESIAN_POINT('',(-0.0887243770605901,0.0154376803571423,-0.0229999946391486));
#3962=CARTESIAN_POINT('',(-0.0887243770605901,0.0154376803571423,-0.0237999946391486));
#3963=CARTESIAN_POINT('',(-0.0887243770605901,0.0154376803571423,-0.0237999946391486));
#3964=CARTESIAN_POINT('',(-0.089173848737339,0.0151724399085317,-0.0237999946391486));
#3965=CARTESIAN_POINT('',(-0.0894056884044568,0.0150356276008978,-0.0237999946391486));
#3966=CARTESIAN_POINT('',(-0.0894056884044568,0.0150356276008978,-0.0229999946391486));
#3967=CARTESIAN_POINT('',(-0.0886452841432756,0.0152538406290642,-0.0229999946391486));
#3968=CARTESIAN_POINT('',(-0.0886452841432756,0.0152538406290642,-0.0237999946391486));
#3969=CARTESIAN_POINT('',(-0.0886452841432756,0.0152538406290642,-0.0237999946391486));
#3970=CARTESIAN_POINT('',(-0.0894056884044568,0.0150356276008978,-0.0237999946391486));
#3971=CARTESIAN_POINT('',(-0.0879869393993472,0.0154427656620813,-0.0237999946391486));
#3972=CARTESIAN_POINT('',(-0.0879869393993472,0.0154427656620813,-0.0229999946391486));
#3973=CARTESIAN_POINT('',(-0.088423376653821,0.0149149086806311,-0.0229999946391486));
#3974=CARTESIAN_POINT('',(-0.088423376653821,0.0149149086806311,-0.0237999946391486));
#3975=CARTESIAN_POINT('',(-0.088423376653821,0.0149149086806311,-0.0237999946391486));
#3976=CARTESIAN_POINT('',(-0.0879869393993472,0.0154427656620813,-0.0237999946391486));
#3977=CARTESIAN_POINT('',(-0.0878086707213046,0.0156583759595846,-0.0237999946391486));
#3978=CARTESIAN_POINT('',(-0.0878086707213046,0.0156583759595846,-0.0229999946391486));
#3979=CARTESIAN_POINT('',(-0.0880602903682269,0.0147270894668088,-0.0229999946391486));
#3980=CARTESIAN_POINT('',(-0.0880602903682269,0.0147270894668088,-0.0237999946391486));
#3981=CARTESIAN_POINT('',(-0.0880602903682269,0.0147270894668088,-0.0237999946391486));
#3982=CARTESIAN_POINT('',(-0.0878086707213046,0.0156583759595846,-0.0237999946391486));
#3983=CARTESIAN_POINT('',(-0.0873359519135206,0.0174079875100152,-0.0237999946391486));
#3984=CARTESIAN_POINT('',(-0.0873359519135206,0.0174079875100152,-0.0229999946391486));
#3985=CARTESIAN_POINT('',(-0.0875116580854928,0.0146365243844869,-0.0229999946391486));
#3986=CARTESIAN_POINT('',(-0.0875116580854928,0.0146365243844869,-0.0237999946391486));
#3987=CARTESIAN_POINT('',(-0.0875116580854928,0.0146365243844869,-0.0237999946391486));
#3988=CARTESIAN_POINT('',(-0.0873359519135206,0.0174079875100152,-0.0237999946391486));
#3989=CARTESIAN_POINT('',(-0.0858479794557105,0.040878197761217,-0.0237999946391486));
#3990=CARTESIAN_POINT('',(-0.0858479794557105,0.040878197761217,-0.0229999946391486));
#3991=CARTESIAN_POINT('',(-0.0865489778801712,0.0145931858836657,-0.0229999946391486));
#3992=CARTESIAN_POINT('',(-0.0865489778801712,0.0145931858836657,-0.0237999946391486));
#3993=CARTESIAN_POINT('',(-0.0865489778801712,0.0145931858836657,-0.0237999946391486));
#3994=CARTESIAN_POINT('',(-0.0858479794557105,0.040878197761217,-0.0237999946391486));
#3995=CARTESIAN_POINT('',(-0.0873395848203262,-0.0150518348286632,-0.0237999946391486));
#3996=CARTESIAN_POINT('',(-0.0873395848203262,-0.0150518348286632,-0.0229999946391486));
#3997=CARTESIAN_POINT('',(-0.0858653825481974,0.0145670618427067,-0.0229999946391486));
#3998=CARTESIAN_POINT('',(-0.0858653825481974,0.0145670618427067,-0.0237999946391486));
#3999=CARTESIAN_POINT('',(-0.0858653825481974,0.0145670618427067,-0.0237999946391486));
#4000=CARTESIAN_POINT('',(-0.0873395848203262,-0.0150518348286632,-0.0237999946391486));
#4001=CARTESIAN_POINT('',(-0.0867075355379902,-0.0023530330843827,-0.0237999946391486));
#4002=CARTESIAN_POINT('',(-0.0867075355379902,-0.0023530330843827,-0.0229999946391486));
#4003=CARTESIAN_POINT('',(-0.0852747017509833,0.014527305221999,-0.0229999946391486));
#4004=CARTESIAN_POINT('',(-0.0852747017509833,0.014527305221999,-0.0237999946391486));
#4005=CARTESIAN_POINT('',(-0.0852747017509833,0.014527305221999,-0.0237999946391486));
#4006=CARTESIAN_POINT('',(-0.0867075355379902,-0.0023530330843827,-0.0237999946391486));
#4007=CARTESIAN_POINT('',(-0.0877825184250999,-0.0150174991044711,-0.0237999946391486));
#4008=CARTESIAN_POINT('',(-0.0877825184250999,-0.0150174991044711,-0.0229999946391486));
#4009=CARTESIAN_POINT('',(-0.0847921635061399,0.014482371820993,-0.0229999946391486));
#4010=CARTESIAN_POINT('',(-0.0847921635061399,0.014482371820993,-0.0237999946391486));
#4011=CARTESIAN_POINT('',(-0.0847921635061399,0.014482371820993,-0.0237999946391486));
#4012=CARTESIAN_POINT('',(-0.0877825184250999,-0.0150174991044711,-0.0237999946391486));
#4013=CARTESIAN_POINT('',(-0.0848862117767908,0.0144106517291654,-0.0237999946391486));
#4014=CARTESIAN_POINT('',(-0.0848862117767908,0.0144106517291654,-0.0229999946391486));
#4015=CARTESIAN_POINT('',(-0.0847772653277814,0.0144566899744882,-0.0229999946391486));
#4016=CARTESIAN_POINT('',(-0.0847772653277814,0.0144566899744882,-0.0237999946391486));
#4017=CARTESIAN_POINT('',(-0.0847772653277814,0.0144566899744882,-0.0237999946391486));
#4018=CARTESIAN_POINT('',(-0.0848862117767908,0.0144106517291654,-0.0237999946391486));
#4019=CARTESIAN_POINT('',(-0.312859723415243,-0.0819256726879473,-0.0237999946391486));
#4020=CARTESIAN_POINT('',(-0.312859723415243,-0.0819256726879473,-0.0229999946391486));
#4021=CARTESIAN_POINT('',(-0.0844390672017462,0.0136524175557069,-0.0229999946391486));
#4022=CARTESIAN_POINT('',(-0.0844390672017462,0.0136524175557069,-0.0237999946391486));
#4023=CARTESIAN_POINT('',(-0.0844390672017462,0.0136524175557069,-0.0237999946391486));
#4024=CARTESIAN_POINT('',(-0.312859723415243,-0.0819256726879473,-0.0237999946391486));
#4025=CARTESIAN_POINT('',(-0.163544990099379,-0.0194478859056874,-0.0237999946391486));
#4026=CARTESIAN_POINT('',(-0.163544990099379,-0.0194478859056874,-0.0229999946391486));
#4027=CARTESIAN_POINT('',(-0.0840568534650252,0.0127237360787684,-0.0229999946391486));
#4028=CARTESIAN_POINT('',(-0.0840568534650252,0.0127237360787684,-0.0237999946391486));
#4029=CARTESIAN_POINT('',(-0.0840568534650252,0.0127237360787684,-0.0237999946391486));
#4030=CARTESIAN_POINT('',(-0.163544990099379,-0.0194478859056874,-0.0237999946391486));
#4031=CARTESIAN_POINT('',(-0.227251046100069,-0.0452319492710464,-0.0237999946391486));
#4032=CARTESIAN_POINT('',(-0.227251046100069,-0.0452319492710464,-0.0229999946391486));
#4033=CARTESIAN_POINT('',(-0.0836236458703911,0.0116416665102071,-0.0229999946391486));
#4034=CARTESIAN_POINT('',(-0.0836236458703911,0.0116416665102071,-0.0237999946391486));
#4035=CARTESIAN_POINT('',(-0.0836236458703911,0.0116416665102071,-0.0237999946391486));
#4036=CARTESIAN_POINT('',(-0.227251046100069,-0.0452319492710464,-0.0237999946391486));
#4037=CARTESIAN_POINT('',(-0.166614448387956,-0.0212210533344336,-0.0237999946391486));
#4038=CARTESIAN_POINT('',(-0.166614448387956,-0.0212210533344336,-0.0229999946391486));
#4039=CARTESIAN_POINT('',(-0.083006533991434,0.0100383181941278,-0.0229999946391486));
#4040=CARTESIAN_POINT('',(-0.083006533991434,0.0100383181941278,-0.0237999946391486));
#4041=CARTESIAN_POINT('',(-0.083006533991434,0.0100383181941278,-0.0237999946391486));
#4042=CARTESIAN_POINT('',(-0.166614448387956,-0.0212210533344336,-0.0237999946391486));
#4043=CARTESIAN_POINT('',(-0.0883544585302943,0.00803883332150986,-0.0237999946391486));
#4044=CARTESIAN_POINT('',(-0.0883544585302943,0.00803883332150986,-0.0229999946391486));
#4045=CARTESIAN_POINT('',(-0.0827799334891471,0.00927289458206417,-0.0229999946391486));
#4046=CARTESIAN_POINT('',(-0.0827799334891471,0.00927289458206417,-0.0237999946391486));
#4047=CARTESIAN_POINT('',(-0.0827799334891471,0.00927289458206417,-0.0237999946391486));
#4048=CARTESIAN_POINT('',(-0.0883544585302943,0.00803883332150986,-0.0237999946391486));
#4049=CARTESIAN_POINT('',(-0.0840221695165333,0.00899789440778098,-0.0237999946391486));
#4050=CARTESIAN_POINT('',(-0.0840221695165333,0.00899789440778098,-0.0229999946391486));
#4051=CARTESIAN_POINT('',(-0.0827582072301724,0.00885237883387313,-0.0229999946391486));
#4052=CARTESIAN_POINT('',(-0.0827582072301724,0.00885237883387313,-0.0237999946391486));
#4053=CARTESIAN_POINT('',(-0.0827582072301724,0.00885237883387313,-0.0237999946391486));
#4054=CARTESIAN_POINT('',(-0.0840221695165333,0.00899789440778098,-0.0237999946391486));
#4055=CARTESIAN_POINT('',(-0.0831967074559966,0.00890286183697218,-0.0237999946391486));
#4056=CARTESIAN_POINT('',(-0.0831967074559966,0.00890286183697218,-0.0229999946391486));
#4057=CARTESIAN_POINT('',(-0.082868694725733,0.00860749997342461,-0.0229999946391486));
#4058=CARTESIAN_POINT('',(-0.082868694725733,0.00860749997342461,-0.0237999946391486));
#4059=CARTESIAN_POINT('',(-0.082868694725733,0.00860749997342461,-0.0237999946391486));
#4060=CARTESIAN_POINT('',(-0.0831967074559966,0.00890286183697218,-0.0237999946391486));
#4061=CARTESIAN_POINT('',(-0.0831833421332928,0.00889082691803003,-0.0237999946391486));
#4062=CARTESIAN_POINT('',(-0.0831833421332928,0.00889082691803003,-0.0229999946391486));
#4063=CARTESIAN_POINT('',(-0.083192326206782,0.00846751091898587,-0.0229999946391486));
#4064=CARTESIAN_POINT('',(-0.083192326206782,0.00846751091898587,-0.0237999946391486));
#4065=CARTESIAN_POINT('',(-0.083192326206782,0.00846751091898587,-0.0237999946391486));
#4066=CARTESIAN_POINT('',(-0.0831833421332928,0.00889082691803003,-0.0237999946391486));
#4067=CARTESIAN_POINT('',(-0.0831816194957487,0.00897199500218228,-0.0237999946391486));
#4068=CARTESIAN_POINT('',(-0.0831816194957487,0.00897199500218228,-0.0229999946391486));
#4069=CARTESIAN_POINT('',(-0.083545450996947,0.00862235881613279,-0.0229999946391486));
#4070=CARTESIAN_POINT('',(-0.083545450996947,0.00862235881613279,-0.0237999946391486));
#4071=CARTESIAN_POINT('',(-0.083545450996947,0.00862235881613279,-0.0237999946391486));
#4072=CARTESIAN_POINT('',(-0.0831816194957487,0.00897199500218228,-0.0237999946391486));
#4073=CARTESIAN_POINT('',(-0.0813461566823721,0.0107358450690151,-0.0237999946391486));
#4074=CARTESIAN_POINT('',(-0.0813461566823721,0.0107358450690151,-0.0229999946391486));
#4075=CARTESIAN_POINT('',(-0.0840702598567624,0.00936362733173367,-0.0229999946391486));
#4076=CARTESIAN_POINT('',(-0.0840702598567624,0.00936362733173367,-0.0237999946391486));
#4077=CARTESIAN_POINT('',(-0.0840702598567624,0.00936362733173367,-0.0237999946391486));
#4078=CARTESIAN_POINT('',(-0.0813461566823721,0.0107358450690151,-0.0237999946391486));
#4079=CARTESIAN_POINT('',(-0.0606523703090625,0.0211599659246154,-0.0237999946391486));
#4080=CARTESIAN_POINT('',(-0.0606523703090625,0.0211599659246154,-0.0229999946391486));
#4081=CARTESIAN_POINT('',(-0.0847753994011875,0.010882289996348,-0.0229999946391486));
#4082=CARTESIAN_POINT('',(-0.0847753994011875,0.010882289996348,-0.0237999946391486));
#4083=CARTESIAN_POINT('',(-0.0847753994011875,0.010882289996348,-0.0237999946391486));
#4084=CARTESIAN_POINT('',(-0.0606523703090625,0.0211599659246154,-0.0237999946391486));
#4085=CARTESIAN_POINT('',(-0.0852560211882643,0.0120103712311411,-0.0237999946391486));
#4086=CARTESIAN_POINT('',(-0.0852560211882643,0.0120103712311411,-0.0229999946391486));
#4087=CARTESIAN_POINT('',(-0.0857366429753411,0.0131384524659341,-0.0229999946391486));
#4088=CARTESIAN_POINT('',(-0.0857366429753411,0.0131384524659341,-0.0237999946391486));
#4089=CARTESIAN_POINT('',(-0.0857366429753411,0.0131384524659341,-0.0237999946391486));
#4090=CARTESIAN_POINT('',(-0.0852560211882643,0.0120103712311411,-0.0237999946391486));
#4091=CARTESIAN_POINT('',(-0.0866836299351891,0.0131538789295846,-0.0237999946391486));
#4092=CARTESIAN_POINT('',(-0.0866836299351891,0.0131538789295846,-0.0229999946391486));
#4093=CARTESIAN_POINT('',(-0.087630616895037,0.0131693053932399,-0.0229999946391486));
#4094=CARTESIAN_POINT('',(-0.087630616895037,0.0131693053932399,-0.0237999946391486));
#4095=CARTESIAN_POINT('',(-0.087630616895037,0.0131693053932399,-0.0237999946391486));
#4096=CARTESIAN_POINT('',(-0.0866836299351891,0.0131538789295846,-0.0237999946391486));
#4097=CARTESIAN_POINT('',(-0.0879411230055377,-0.00589178626454198,-0.0237999946391486));
#4098=CARTESIAN_POINT('',(-0.0879411230055377,-0.00589178626454198,-0.0229999946391486));
#4099=CARTESIAN_POINT('',(-0.0886080613036777,0.0131601643583612,-0.0229999946391486));
#4100=CARTESIAN_POINT('',(-0.0886080613036777,0.0131601643583612,-0.0237999946391486));
#4101=CARTESIAN_POINT('',(-0.0886080613036777,0.0131601643583612,-0.0237999946391486));
#4102=CARTESIAN_POINT('',(-0.0879411230055377,-0.00589178626454198,-0.0237999946391486));
#4103=CARTESIAN_POINT('',(-0.0884972806201687,0.00999557159457678,-0.0237999946391486));
#4104=CARTESIAN_POINT('',(-0.0884972806201687,0.00999557159457678,-0.0229999946391486));
#4105=CARTESIAN_POINT('',(-0.0892382224928541,0.0130741954530136,-0.0229999946391486));
#4106=CARTESIAN_POINT('',(-0.0892382224928541,0.0130741954530136,-0.0237999946391486));
#4107=CARTESIAN_POINT('',(-0.0892382224928541,0.0130741954530136,-0.0237999946391486));
#4108=CARTESIAN_POINT('',(-0.0884972806201687,0.00999557159457678,-0.0237999946391486));
#4109=CARTESIAN_POINT('',(-0.0888186730825802,0.0113309617772314,-0.0237999946391486));
#4110=CARTESIAN_POINT('',(-0.0888186730825802,0.0113309617772314,-0.0229999946391486));
#4111=CARTESIAN_POINT('',(-0.0897308110582879,0.012874622902386,-0.0229999946391486));
#4112=CARTESIAN_POINT('',(-0.0897308110582879,0.012874622902386,-0.0237999946391486));
#4113=CARTESIAN_POINT('',(-0.0897308110582879,0.012874622902386,-0.0237999946391486));
#4114=CARTESIAN_POINT('',(-0.0888186730825802,0.0113309617772314,-0.0237999946391486));
#4115=CARTESIAN_POINT('',(-0.0884164860477686,0.0106503185990998,-0.0237999946391486));
#4116=CARTESIAN_POINT('',(-0.0884164860477686,0.0106503185990998,-0.0229999946391486));
#4117=CARTESIAN_POINT('',(-0.0901844849463388,0.0125342399779129,-0.0229999946391486));
#4118=CARTESIAN_POINT('',(-0.0901844849463388,0.0125342399779129,-0.0237999946391486));
#4119=CARTESIAN_POINT('',(-0.0901844849463388,0.0125342399779129,-0.0237999946391486));
#4120=CARTESIAN_POINT('',(-0.0884164860477686,0.0106503185990998,-0.0237999946391486));
#4121=CARTESIAN_POINT('',(-0.0878467135759984,0.0100431878245868,-0.0237999946391486));
#4122=CARTESIAN_POINT('',(-0.0878467135759984,0.0100431878245868,-0.0229999946391486));
#4123=CARTESIAN_POINT('',(-0.09054066379452,0.0121439372219939,-0.0229999946391486));
#4124=CARTESIAN_POINT('',(-0.09054066379452,0.0121439372219939,-0.0237999946391486));
#4125=CARTESIAN_POINT('',(-0.09054066379452,0.0121439372219939,-0.0237999946391486));
#4126=CARTESIAN_POINT('',(-0.0878467135759984,0.0100431878245868,-0.0237999946391486));
#4127=CARTESIAN_POINT('',(-0.08943362104468,0.011280662402125,-0.0237999946391486));
#4128=CARTESIAN_POINT('',(-0.08943362104468,0.011280662402125,-0.0229999946391486));
#4129=CARTESIAN_POINT('',(-0.0907571497841951,0.0117486995163259,-0.0229999946391486));
#4130=CARTESIAN_POINT('',(-0.0907571497841951,0.0117486995163259,-0.0237999946391486));
#4131=CARTESIAN_POINT('',(-0.0907571497841951,0.0117486995163259,-0.0237999946391486));
#4132=CARTESIAN_POINT('',(-0.08943362104468,0.011280662402125,-0.0237999946391486));
#4133=CARTESIAN_POINT('',(-0.0891442068096029,0.0111783173609105,-0.0237999946391486));
#4134=CARTESIAN_POINT('',(-0.0891442068096029,0.0111783173609105,-0.0229999946391486));
#4135=CARTESIAN_POINT('',(-0.0908518592856089,0.011282451234806,-0.0229999946391486));
#4136=CARTESIAN_POINT('',(-0.0908518592856089,0.011282451234806,-0.0237999946391486));
#4137=CARTESIAN_POINT('',(-0.0908518592856089,0.011282451234806,-0.0237999946391486));
#4138=CARTESIAN_POINT('',(-0.0891442068096029,0.0111783173609105,-0.0237999946391486));
#4139=CARTESIAN_POINT('',(-0.0840322421690715,0.010866586087295,-0.0237999946391486));
#4140=CARTESIAN_POINT('',(-0.0840322421690715,0.010866586087295,-0.0229999946391486));
#4141=CARTESIAN_POINT('',(-0.0908610032404006,0.0106471694340114,-0.0229999946391486));
#4142=CARTESIAN_POINT('',(-0.0908610032404006,0.0106471694340114,-0.0237999946391486));
#4143=CARTESIAN_POINT('',(-0.0908610032404006,0.0106471694340114,-0.0237999946391486));
#4144=CARTESIAN_POINT('',(-0.0840322421690715,0.010866586087295,-0.0237999946391486));
#4145=CARTESIAN_POINT('',(-0.0794427877613654,0.011014051010435,-0.0237999946391486));
#4146=CARTESIAN_POINT('',(-0.0794427877613654,0.011014051010435,-0.0229999946391486));
#4147=CARTESIAN_POINT('',(-0.0908341500639005,0.0101496947708253,-0.0229999946391486));
#4148=CARTESIAN_POINT('',(-0.0908341500639005,0.0101496947708253,-0.0237999946391486));
#4149=CARTESIAN_POINT('',(-0.0908341500639005,0.0101496947708253,-0.0237999946391486));
#4150=CARTESIAN_POINT('',(-0.0794427877613654,0.011014051010435,-0.0237999946391486));
#4151=CARTESIAN_POINT('',(-0.0739445730444948,0.0114312457296461,-0.0237999946391486));
#4152=CARTESIAN_POINT('',(-0.0739445730444948,0.0114312457296461,-0.0229999946391486));
#4153=CARTESIAN_POINT('',(-0.0907838935126071,0.00960437109600578,-0.0229999946391486));
#4154=CARTESIAN_POINT('',(-0.0907838935126071,0.00960437109600578,-0.0237999946391486));
#4155=CARTESIAN_POINT('',(-0.0907838935126071,0.00960437109600578,-0.0237999946391486));
#4156=CARTESIAN_POINT('',(-0.0739445730444948,0.0114312457296461,-0.0237999946391486));
#4157=CARTESIAN_POINT('',(-0.0750407777908787,0.0113123199898444,-0.0237999946391486));
#4158=CARTESIAN_POINT('',(-0.0750407777908787,0.0113123199898444,-0.0229999946391486));
#4159=CARTESIAN_POINT('',(-0.0907196400216288,0.00909059516420514,-0.0229999946391486));
#4160=CARTESIAN_POINT('',(-0.0907196400216288,0.00909059516420514,-0.0237999946391486));
#4161=CARTESIAN_POINT('',(-0.0907196400216288,0.00909059516420514,-0.0237999946391486));
#4162=CARTESIAN_POINT('',(-0.0750407777908787,0.0113123199898444,-0.0237999946391486));
#4163=CARTESIAN_POINT('',(-0.0852226641057402,0.00986952718609055,-0.0237999946391486));
#4164=CARTESIAN_POINT('',(-0.0852226641057402,0.00986952718609055,-0.0229999946391486));
#4165=CARTESIAN_POINT('',(-0.0906484797769881,0.00869309035556389,-0.0229999946391486));
#4166=CARTESIAN_POINT('',(-0.0906484797769881,0.00869309035556389,-0.0237999946391486));
#4167=CARTESIAN_POINT('',(-0.0906484797769881,0.00869309035556389,-0.0237999946391486));
#4168=CARTESIAN_POINT('',(-0.0852226641057402,0.00986952718609055,-0.0237999946391486));
#4169=CARTESIAN_POINT('',(-0.0905502413547967,0.00824000731972739,-0.0237999946391486));
#4170=CARTESIAN_POINT('',(-0.0905502413547967,0.00824000731972739,-0.0229999946391486));
#4171=CARTESIAN_POINT('',(-0.0904520029326054,0.00778692428389088,-0.0229999946391486));
#4172=CARTESIAN_POINT('',(-0.0904520029326054,0.00778692428389088,-0.0237999946391486));
#4173=CARTESIAN_POINT('',(-0.0904520029326054,0.00778692428389088,-0.0237999946391486));
#4174=CARTESIAN_POINT('',(-0.0905502413547967,0.00824000731972739,-0.0237999946391486));
#4175=CARTESIAN_POINT('',(-0.0892456271488483,0.00740406371247169,-0.0237999946391486));
#4176=CARTESIAN_POINT('',(-0.0892456271488483,0.00740406371247169,-0.0229999946391486));
#4177=CARTESIAN_POINT('',(-0.0880392513650892,0.0070212031410586,-0.0229999946391486));
#4178=CARTESIAN_POINT('',(-0.0880392513650892,0.0070212031410586,-0.0237999946391486));
#4179=CARTESIAN_POINT('',(-0.0880392513650892,0.0070212031410586,-0.0237999946391486));
#4180=CARTESIAN_POINT('',(-0.0892456271488483,0.00740406371247169,-0.0237999946391486));
#4181=CARTESIAN_POINT('',(-0.0947396833032677,-0.014091545035041,-0.0237999946391486));
#4182=CARTESIAN_POINT('',(-0.0947396833032677,-0.014091545035041,-0.0229999946391486));
#4183=CARTESIAN_POINT('',(-0.0871389323148601,0.00671404335168389,-0.0229999946391486));
#4184=CARTESIAN_POINT('',(-0.0871389323148601,0.00671404335168389,-0.0237999946391486));
#4185=CARTESIAN_POINT('',(-0.0871389323148601,0.00671404335168389,-0.0237999946391486));
#4186=CARTESIAN_POINT('',(-0.0947396833032677,-0.014091545035041,-0.0237999946391486));
#4187=CARTESIAN_POINT('',(-0.091620604244912,-0.00555366829986379,-0.0237999946391486));
#4188=CARTESIAN_POINT('',(-0.091620604244912,-0.00555366829986379,-0.0229999946391486));
#4189=CARTESIAN_POINT('',(-0.0863692064897634,0.00640479958148895,-0.0229999946391486));
#4190=CARTESIAN_POINT('',(-0.0863692064897634,0.00640479958148895,-0.0237999946391486));
#4191=CARTESIAN_POINT('',(-0.0863692064897634,0.00640479958148895,-0.0237999946391486));
#4192=CARTESIAN_POINT('',(-0.091620604244912,-0.00555366829986379,-0.0237999946391486));
#4193=CARTESIAN_POINT('',(-0.0917268549016371,-0.00579562199011147,-0.0237999946391486));
#4194=CARTESIAN_POINT('',(-0.0917268549016371,-0.00579562199011147,-0.0229999946391486));
#4195=CARTESIAN_POINT('',(-0.0857614471344615,0.00611943542482996,-0.0229999946391486));
#4196=CARTESIAN_POINT('',(-0.0857614471344615,0.00611943542482996,-0.0237999946391486));
#4197=CARTESIAN_POINT('',(-0.0857614471344615,0.00611943542482996,-0.0237999946391486));
#4198=CARTESIAN_POINT('',(-0.0917268549016371,-0.00579562199011147,-0.0237999946391486));
#4199=CARTESIAN_POINT('',(-0.0858531671340233,0.00593623771169287,-0.0237999946391486));
#4200=CARTESIAN_POINT('',(-0.0858531671340233,0.00593623771169287,-0.0229999946391486));
#4201=CARTESIAN_POINT('',(-0.0856706272267724,0.00602925998149386,-0.0229999946391486));
#4202=CARTESIAN_POINT('',(-0.0856706272267724,0.00602925998149386,-0.0237999946391486));
#4203=CARTESIAN_POINT('',(-0.0856706272267724,0.00602925998149386,-0.0237999946391486));
#4204=CARTESIAN_POINT('',(-0.0858531671340233,0.00593623771169287,-0.0237999946391486));
#4205=CARTESIAN_POINT('',(-0.08635225816202,0.00568190110683353,-0.0237999946391486));
#4206=CARTESIAN_POINT('',(-0.08635225816202,0.00568190110683353,-0.0229999946391486));
#4207=CARTESIAN_POINT('',(-0.0855875715947745,0.0057049959886573,-0.0229999946391486));
#4208=CARTESIAN_POINT('',(-0.0855875715947745,0.0057049959886573,-0.0237999946391486));
#4209=CARTESIAN_POINT('',(-0.0855875715947745,0.0057049959886573,-0.0237999946391486));
#4210=CARTESIAN_POINT('',(-0.08635225816202,0.00568190110683353,-0.0237999946391486));
#4211=CARTESIAN_POINT('',(-0.0860361180497279,0.00569144909531131,-0.0237999946391486));
#4212=CARTESIAN_POINT('',(-0.0860361180497279,0.00569144909531131,-0.0229999946391486));
#4213=CARTESIAN_POINT('',(-0.0856567788158204,0.0054517009228751,-0.0229999946391486));
#4214=CARTESIAN_POINT('',(-0.0856567788158204,0.0054517009228751,-0.0237999946391486));
#4215=CARTESIAN_POINT('',(-0.0856567788158204,0.0054517009228751,-0.0237999946391486));
#4216=CARTESIAN_POINT('',(-0.0860361180497279,0.00569144909531131,-0.0237999946391486));
#4217=CARTESIAN_POINT('',(-0.0860575945432379,0.00570502256625541,-0.0237999946391486));
#4218=CARTESIAN_POINT('',(-0.0860575945432379,0.00570502256625541,-0.0229999946391486));
#4219=CARTESIAN_POINT('',(-0.0858611780897084,0.00527346065976641,-0.0229999946391486));
#4220=CARTESIAN_POINT('',(-0.0858611780897084,0.00527346065976641,-0.0237999946391486));
#4221=CARTESIAN_POINT('',(-0.0858611780897084,0.00527346065976641,-0.0237999946391486));
#4222=CARTESIAN_POINT('',(-0.0860575945432379,0.00570502256625541,-0.0237999946391486));
#4223=CARTESIAN_POINT('',(-0.0862157673192254,0.00605255630659747,-0.0237999946391486));
#4224=CARTESIAN_POINT('',(-0.0862157673192254,0.00605255630659747,-0.0229999946391486));
#4225=CARTESIAN_POINT('',(-0.0862049927512032,0.00519663139325258,-0.0229999946391486));
#4226=CARTESIAN_POINT('',(-0.0862049927512032,0.00519663139325258,-0.0237999946391486));
#4227=CARTESIAN_POINT('',(-0.0862049927512032,0.00519663139325258,-0.0237999946391486));
#4228=CARTESIAN_POINT('',(-0.0862157673192254,0.00605255630659747,-0.0237999946391486));
#4229=CARTESIAN_POINT('',(-0.0862306005520946,0.00723089900506771,-0.0237999946391486));
#4230=CARTESIAN_POINT('',(-0.0862306005520946,0.00723089900506771,-0.0229999946391486));
#4231=CARTESIAN_POINT('',(-0.0867742186524863,0.00527044501762717,-0.0229999946391486));
#4232=CARTESIAN_POINT('',(-0.0867742186524863,0.00527044501762717,-0.0237999946391486));
#4233=CARTESIAN_POINT('',(-0.0867742186524863,0.00527044501762717,-0.0237999946391486));
#4234=CARTESIAN_POINT('',(-0.0862306005520946,0.00723089900506771,-0.0237999946391486));
#4235=CARTESIAN_POINT('',(-0.0229309969695509,0.235508728895932,-0.0237999946391487));
#4236=CARTESIAN_POINT('',(-0.0229309969695509,0.235508728895932,-0.0229999946391487));
#4237=CARTESIAN_POINT('',(-0.0891060804549211,0.00592980424545024,-0.0229999946391486));
#4238=CARTESIAN_POINT('',(-0.0891060804549211,0.00592980424545024,-0.0237999946391486));
#4239=CARTESIAN_POINT('',(-0.0891060804549211,0.00592980424545024,-0.0237999946391486));
#4240=CARTESIAN_POINT('',(-0.0229309969695509,0.235508728895932,-0.0237999946391487));
#4241=CARTESIAN_POINT('',(0.00893228609025526,0.346050912984316,-0.0237999946391487));
#4242=CARTESIAN_POINT('',(0.00893228609025526,0.346050912984316,-0.0229999946391487));
#4243=CARTESIAN_POINT('',(-0.0914947931578187,0.00662744343881948,-0.0229999946391486));
#4244=CARTESIAN_POINT('',(-0.0914947931578187,0.00662744343881948,-0.0237999946391486));
#4245=CARTESIAN_POINT('',(-0.0914947931578187,0.00662744343881948,-0.0237999946391486));
#4246=CARTESIAN_POINT('',(0.00893228609025526,0.346050912984316,-0.0237999946391487));
#4247=CARTESIAN_POINT('',(-0.0912729107606324,0.00737736162471035,-0.0237999946391486));
#4248=CARTESIAN_POINT('',(-0.0912729107606324,0.00737736162471035,-0.0229999946391486));
#4249=CARTESIAN_POINT('',(-0.0917725806405984,0.00677574788254203,-0.0229999946391486));
#4250=CARTESIAN_POINT('',(-0.0917725806405984,0.00677574788254203,-0.0237999946391486));
#4251=CARTESIAN_POINT('',(-0.0917725806405984,0.00677574788254203,-0.0237999946391486));
#4252=CARTESIAN_POINT('',(-0.0912729107606324,0.00737736162471035,-0.0237999946391486));
#4253=CARTESIAN_POINT('',(-0.0314082465969849,0.0174475965931665,-0.0237999946391486));
#4254=CARTESIAN_POINT('',(-0.0314082465969849,0.0174475965931665,-0.0229999946391486));
#4255=CARTESIAN_POINT('',(-0.0918467963339742,0.00720440933913275,-0.0229999946391486));
#4256=CARTESIAN_POINT('',(-0.0918467963339742,0.00720440933913275,-0.0237999946391486));
#4257=CARTESIAN_POINT('',(-0.0918467963339742,0.00720440933913275,-0.0237999946391486));
#4258=CARTESIAN_POINT('',(-0.0314082465969849,0.0174475965931665,-0.0237999946391486));
#4259=CARTESIAN_POINT('',(-0.0970809858513551,0.0185581188354658,-0.0237999946391486));
#4260=CARTESIAN_POINT('',(-0.0970809858513551,0.0185581188354658,-0.0229999946391486));
#4261=CARTESIAN_POINT('',(-0.0982917127578534,0.0193003549818423,-0.0229999946391486));
#4262=CARTESIAN_POINT('',(-0.0977113180202574,0.0198306971222328,-0.0229999946391486));
#4263=CARTESIAN_POINT('',(-0.0982917127578534,0.0193003549818423,-0.0237999946391486));
#4264=CARTESIAN_POINT('',(-0.0982917127578534,0.0193003549818423,-0.0237999946391486));
#4265=CARTESIAN_POINT('',(-0.0970809858513551,0.0185581188354658,-0.0237999946391486));
#4266=CARTESIAN_POINT('',(-0.0977113180202574,0.0198306971222328,-0.0237999946391486));
#4267=CARTESIAN_POINT('',(-0.0977113180202574,0.0198306971222328,-0.0237999946391486));
#4268=CARTESIAN_POINT('',(-0.0971752459350289,0.0186159049810347,-0.0237999946391486));
#4269=CARTESIAN_POINT('',(-0.0971752459350289,0.0186159049810347,-0.0229999946391486));
#4270=CARTESIAN_POINT('',(-0.0984830240632905,0.0185474481529308,-0.0229999946391486));
#4271=CARTESIAN_POINT('',(-0.0984830240632905,0.0185474481529308,-0.0237999946391486));
#4272=CARTESIAN_POINT('',(-0.0984830240632905,0.0185474481529308,-0.0237999946391486));
#4273=CARTESIAN_POINT('',(-0.0971752459350289,0.0186159049810347,-0.0237999946391486));
#4274=CARTESIAN_POINT('',(-0.0970461498849417,0.0186226626304546,-0.0237999946391486));
#4275=CARTESIAN_POINT('',(-0.0970461498849417,0.0186226626304546,-0.0229999946391486));
#4276=CARTESIAN_POINT('',(-0.0984469695410555,0.018294076396625,-0.0229999946391486));
#4277=CARTESIAN_POINT('',(-0.0984469695410555,0.018294076396625,-0.0237999946391486));
#4278=CARTESIAN_POINT('',(-0.0984469695410555,0.018294076396625,-0.0237999946391486));
#4279=CARTESIAN_POINT('',(-0.0970461498849417,0.0186226626304546,-0.0237999946391486));
#4280=CARTESIAN_POINT('',(-0.0966979454174394,0.018704339949929,-0.0237999946391486));
#4281=CARTESIAN_POINT('',(-0.0966979454174394,0.018704339949929,-0.0229999946391486));
#4282=CARTESIAN_POINT('',(-0.0983678532067852,0.018041912940188,-0.0229999946391486));
#4283=CARTESIAN_POINT('',(-0.0983678532067852,0.018041912940188,-0.0237999946391486));
#4284=CARTESIAN_POINT('',(-0.0983678532067852,0.018041912940188,-0.0237999946391486));
#4285=CARTESIAN_POINT('',(-0.0966979454174394,0.018704339949929,-0.0237999946391486));
#4286=CARTESIAN_POINT('',(-0.0968481255143866,0.0186447657906979,-0.0237999946391486));
#4287=CARTESIAN_POINT('',(-0.0968481255143866,0.0186447657906979,-0.0229999946391486));
#4288=CARTESIAN_POINT('',(-0.0982582301971647,0.0178173550087883,-0.0229999946391486));
#4289=CARTESIAN_POINT('',(-0.0982582301971647,0.0178173550087883,-0.0237999946391486));
#4290=CARTESIAN_POINT('',(-0.0982582301971647,0.0178173550087883,-0.0237999946391486));
#4291=CARTESIAN_POINT('',(-0.0968481255143866,0.0186447657906979,-0.0237999946391486));
#4292=CARTESIAN_POINT('',(-0.0975988809698237,0.0182042430649792,-0.0237999946391486));
#4293=CARTESIAN_POINT('',(-0.0975988809698237,0.0182042430649792,-0.0229999946391486));
#4294=CARTESIAN_POINT('',(-0.0981104455218308,0.017636153740357,-0.0229999946391486));
#4295=CARTESIAN_POINT('',(-0.0981104455218308,0.017636153740357,-0.0237999946391486));
#4296=CARTESIAN_POINT('',(-0.0981104455218308,0.017636153740357,-0.0237999946391486));
#4297=CARTESIAN_POINT('',(-0.0975988809698237,0.0182042430649792,-0.0237999946391486));
#4298=CARTESIAN_POINT('',(-0.0974395963007379,0.0183811277215267,-0.0237999946391486));
#4299=CARTESIAN_POINT('',(-0.0974395963007379,0.0183811277215267,-0.0229999946391486));
#4300=CARTESIAN_POINT('',(-0.097670452454713,0.0174055610419848,-0.0229999946391486));
#4301=CARTESIAN_POINT('',(-0.097670452454713,0.0174055610419848,-0.0237999946391486));
#4302=CARTESIAN_POINT('',(-0.097670452454713,0.0174055610419848,-0.0237999946391486));
#4303=CARTESIAN_POINT('',(-0.0974395963007379,0.0183811277215267,-0.0237999946391486));
#4304=CARTESIAN_POINT('',(-0.0971346745925204,0.0196696853505255,-0.0237999946391486));
#4305=CARTESIAN_POINT('',(-0.0971346745925204,0.0196696853505255,-0.0229999946391486));
#4306=CARTESIAN_POINT('',(-0.0971124315482804,0.0173431381128531,-0.0229999946391486));
#4307=CARTESIAN_POINT('',(-0.0971124315482804,0.0173431381128531,-0.0237999946391486));
#4308=CARTESIAN_POINT('',(-0.0971124315482804,0.0173431381128531,-0.0237999946391486));
#4309=CARTESIAN_POINT('',(-0.0971346745925204,0.0196696853505255,-0.0237999946391486));
#4310=CARTESIAN_POINT('',(-0.0971341073888785,0.0196103577669419,-0.0237999946391486));
#4311=CARTESIAN_POINT('',(-0.0971341073888785,0.0196103577669419,-0.0229999946391486));
#4312=CARTESIAN_POINT('',(-0.0965648839608336,0.0174156506131274,-0.0229999946391486));
#4313=CARTESIAN_POINT('',(-0.0965648839608336,0.0174156506131274,-0.0237999946391486));
#4314=CARTESIAN_POINT('',(-0.0965648839608336,0.0174156506131274,-0.0237999946391486));
#4315=CARTESIAN_POINT('',(-0.0971341073888785,0.0196103577669419,-0.0237999946391486));
#4316=CARTESIAN_POINT('',(-0.0967760820844538,0.0182299495508459,-0.0237999946391486));
#4317=CARTESIAN_POINT('',(-0.0967760820844538,0.0182299495508459,-0.0229999946391486));
#4318=CARTESIAN_POINT('',(-0.0961509429069049,0.0176670211219283,-0.0229999946391486));
#4319=CARTESIAN_POINT('',(-0.0961509429069049,0.0176670211219283,-0.0237999946391486));
#4320=CARTESIAN_POINT('',(-0.0961509429069049,0.0176670211219283,-0.0237999946391486));
#4321=CARTESIAN_POINT('',(-0.0967760820844538,0.0182299495508459,-0.0237999946391486));
#4322=CARTESIAN_POINT('',(-0.0968818317460589,0.0183251755309217,-0.0237999946391486));
#4323=CARTESIAN_POINT('',(-0.0968818317460589,0.0183251755309217,-0.0229999946391486));
#4324=CARTESIAN_POINT('',(-0.0959209446704891,0.0181152666238341,-0.0229999946391486));
#4325=CARTESIAN_POINT('',(-0.0959209446704891,0.0181152666238341,-0.0237999946391486));
#4326=CARTESIAN_POINT('',(-0.0959209446704891,0.0181152666238341,-0.0237999946391486));
#4327=CARTESIAN_POINT('',(-0.0968818317460589,0.0183251755309217,-0.0237999946391486));
#4328=CARTESIAN_POINT('',(-0.0980576156448626,0.018582029348029,-0.0237999946391486));
#4329=CARTESIAN_POINT('',(-0.0980576156448626,0.018582029348029,-0.0229999946391486));
#4330=CARTESIAN_POINT('',(-0.0958726368107398,0.0186774116727031,-0.0229999946391486));
#4331=CARTESIAN_POINT('',(-0.0958726368107398,0.0186774116727031,-0.0237999946391486));
#4332=CARTESIAN_POINT('',(-0.0958726368107398,0.0186774116727031,-0.0237999946391486));
#4333=CARTESIAN_POINT('',(-0.0980576156448626,0.018582029348029,-0.0237999946391486));
#4334=CARTESIAN_POINT('',(-0.0980438522642757,0.0185826301699751,-0.0237999946391486));
#4335=CARTESIAN_POINT('',(-0.0980438522642757,0.0185826301699751,-0.0229999946391486));
#4336=CARTESIAN_POINT('',(-0.0959694442219852,0.0192306975687674,-0.0229999946391486));
#4337=CARTESIAN_POINT('',(-0.0959694442219852,0.0192306975687674,-0.0237999946391486));
#4338=CARTESIAN_POINT('',(-0.0959694442219852,0.0192306975687674,-0.0237999946391486));
#4339=CARTESIAN_POINT('',(-0.0980438522642757,0.0185826301699751,-0.0237999946391486));
#4340=CARTESIAN_POINT('',(-0.0968741221279745,0.0189480664540942,-0.0237999946391486));
#4341=CARTESIAN_POINT('',(-0.0968741221279745,0.0189480664540942,-0.0229999946391486));
#4342=CARTESIAN_POINT('',(-0.0962398814070572,0.0196523825539364,-0.0229999946391486));
#4343=CARTESIAN_POINT('',(-0.0962398814070572,0.0196523825539364,-0.0237999946391486));
#4344=CARTESIAN_POINT('',(-0.0962398814070572,0.0196523825539364,-0.0237999946391486));
#4345=CARTESIAN_POINT('',(-0.0968741221279745,0.0189480664540942,-0.0237999946391486));
#4346=CARTESIAN_POINT('',(-0.0970787842720254,0.0187207917958622,-0.0237999946391486));
#4347=CARTESIAN_POINT('',(-0.0970787842720254,0.0187207917958622,-0.0229999946391486));
#4348=CARTESIAN_POINT('',(-0.0969421555490314,0.0199669667231595,-0.0229999946391486));
#4349=CARTESIAN_POINT('',(-0.0969421555490314,0.0199669667231595,-0.0237999946391486));
#4350=CARTESIAN_POINT('',(-0.0969421555490314,0.0199669667231595,-0.0237999946391486));
#4351=CARTESIAN_POINT('',(-0.0970787842720254,0.0187207917958622,-0.0237999946391486));
#4352=CARTESIAN_POINT('',(-0.097093786151236,0.018583961374521,-0.0237999946391486));
#4353=CARTESIAN_POINT('',(-0.097093786151236,0.018583961374521,-0.0229999946391486));
#4354=CARTESIAN_POINT('',(-0.097093786151236,0.018583961374521,-0.0237999946391486));
#4355=CARTESIAN_POINT('',(-0.0679944857799054,0.0112469233390538,-0.0237999946391486));
#4356=CARTESIAN_POINT('',(-0.0679944857799054,0.0112469233390538,-0.0229999946391486));
#4357=CARTESIAN_POINT('',(-0.0679944857799054,0.0112469233390538,-0.0237999946391486));
#4358=CARTESIAN_POINT('',(-0.0697228288706337,0.00606633418553786,-0.0237999946391486));
#4359=CARTESIAN_POINT('',(-0.0697228288706337,0.00606633418553786,-0.0229999946391486));
#4360=MECHANICAL_DESIGN_GEOMETRIC_PRESENTATION_REPRESENTATION('',(#2409),
#4361);
#4361=(
GEOMETRIC_REPRESENTATION_CONTEXT(3)
GLOBAL_UNCERTAINTY_ASSIGNED_CONTEXT((#4362))
GLOBAL_UNIT_ASSIGNED_CONTEXT((#4365,#4364,#4363))
REPRESENTATION_CONTEXT('ForgeLogo','TOP_LEVEL_ASSEMBLY_PART')
);
#4362=UNCERTAINTY_MEASURE_WITH_UNIT(LENGTH_MEASURE(1.E-8),#4365,
'DISTANCE_ACCURACY_VALUE','Maximum Tolerance applied to model');
#4363=(
NAMED_UNIT(*)
SI_UNIT($,.STERADIAN.)
SOLID_ANGLE_UNIT()
);
#4364=(
NAMED_UNIT(*)
PLANE_ANGLE_UNIT()
SI_UNIT($,.RADIAN.)
);
#4365=(
LENGTH_UNIT()
NAMED_UNIT(*)
SI_UNIT($,.METRE.)
);
#4366=PRODUCT_DEFINITION_SHAPE('','',#4367);
#4367=PRODUCT_DEFINITION('','',#4369,#4368);
#4368=PRODUCT_DEFINITION_CONTEXT('',#4375,'design');
#4369=PRODUCT_DEFINITION_FORMATION_WITH_SPECIFIED_SOURCE('','',#4371,
 .NOT_KNOWN.);
#4370=PRODUCT_RELATED_PRODUCT_CATEGORY('','',(#4371));
#4371=PRODUCT('ForgeLogo','ForgeLogo','ForgeLogo',(#4373));
#4372=PRODUCT_CATEGORY('','');
#4373=PRODUCT_CONTEXT('',#4375,'mechanical');
#4374=APPLICATION_PROTOCOL_DEFINITION('international standard',
'ap242_managed_model_based_3d_engineering',2020,#4375);
#4375=APPLICATION_CONTEXT('managed model based 3d engineering');
ENDSEC;
END-ISO-10303-21;
