ISO-10303-21;
HEADER;
/* Generated by software containing ST-Developer
 * from STEP Tools, Inc. (www.steptools.com) 
 */
/* OPTION: using custom renumber hook */

FILE_DESCRIPTION(
/* description */ ('STEP AP242 Edition 2',
'CAx-IF Rec.Pracs.---Representation and Presentation of Product Manufa
cturing Information (PMI)---4.0---2014-10-13',
'CAx-IF Rec.Pracs.---3D Tessellated Geometry---0.4---2014-09-14','2;1',
'CAx-IF Rec.Pracs.---User Defined Attributes---1.5---2016-08-15'),
/* implementation_level */ '2;1');

FILE_NAME(
/* name */ 'CompleteShell - ForgeE2',
/* time_stamp */ '2026-09-23T14:41:01Z',
/* author */ (''),
/* organization */ (''),
/* preprocessor_version */ 'ST-DEVELOPER v20',
/* originating_system */ 'ONSHAPE BY PTC INC, 1.221',
/* authorisation */ '  ');

FILE_SCHEMA (('AP242_MANAGED_MODEL_BASED_3D_ENGINEERING_MIM_LF { 1 0 10303 442 3 1 4 }'));
ENDSEC;

DATA;
#10=SHAPE_REPRESENTATION_RELATIONSHIP('','',#1648,#11);
#11=ADVANCED_BREP_SHAPE_REPRESENTATION('',(#1646),#3018);
#12=CIRCLE('',#1652,0.0316708144326894);
#13=CIRCLE('',#1653,0.0316708144326894);
#14=CIRCLE('',#1655,0.122864682665933);
#15=CIRCLE('',#1656,0.122864682665933);
#16=CIRCLE('',#1658,0.161890239749396);
#17=CIRCLE('',#1659,0.161890239749396);
#18=CIRCLE('',#1661,0.147610832495764);
#19=CIRCLE('',#1662,0.147610832495764);
#20=CIRCLE('',#1664,0.0405279979264627);
#21=CIRCLE('',#1665,0.0405279979264627);
#22=CIRCLE('',#1667,0.0144673840652236);
#23=CIRCLE('',#1668,0.0144673840652236);
#24=CIRCLE('',#1670,0.00139696847185756);
#25=CIRCLE('',#1671,0.00139696847185756);
#26=CIRCLE('',#1673,0.000609244937695595);
#27=CIRCLE('',#1674,0.000609244937695595);
#28=CIRCLE('',#1676,0.00106975906655217);
#29=CIRCLE('',#1677,0.00106975906655217);
#30=CIRCLE('',#1679,0.00185420960468615);
#31=CIRCLE('',#1680,0.00185420960468615);
#32=CIRCLE('',#1682,0.00145454462214928);
#33=CIRCLE('',#1683,0.00145454462214928);
#34=CIRCLE('',#1685,0.00110383630527481);
#35=CIRCLE('',#1686,0.00110383630527481);
#36=CIRCLE('',#1688,0.000452709583721692);
#37=CIRCLE('',#1689,0.000452709583721692);
#38=CIRCLE('',#1691,0.000226387832559766);
#39=CIRCLE('',#1692,0.000226387832559766);
#40=CIRCLE('',#1694,0.00038302206604492);
#41=CIRCLE('',#1695,0.00038302206604492);
#42=CIRCLE('',#1697,0.000578313766806189);
#43=CIRCLE('',#1698,0.000578313766806189);
#44=CIRCLE('',#1700,0.000720206864929918);
#45=CIRCLE('',#1701,0.000720206864929918);
#46=CIRCLE('',#1703,0.0120267043285038);
#47=CIRCLE('',#1704,0.0120267043285038);
#48=CIRCLE('',#1706,1.11550979838213);
#49=CIRCLE('',#1707,1.11550979838213);
#50=CIRCLE('',#1709,0.75010520738822);
#51=CIRCLE('',#1710,0.75010520738822);
#52=CIRCLE('',#1712,1.18869878864981);
#53=CIRCLE('',#1713,1.18869878864981);
#54=CIRCLE('',#1715,0.16552442696509);
#55=CIRCLE('',#1716,0.16552442696509);
#56=CIRCLE('',#1718,0.0307559623372032);
#57=CIRCLE('',#1719,0.0307559623372032);
#58=CIRCLE('',#1721,0.0275330191377663);
#59=CIRCLE('',#1722,0.0275330191377663);
#60=CIRCLE('',#1724,7.88149851240556E-5);
#61=CIRCLE('',#1725,7.88149851240556E-5);
#62=CIRCLE('',#1727,0.000711313365209568);
#63=CIRCLE('',#1728,0.000711313365209568);
#64=CIRCLE('',#1730,0.01363876746914);
#65=CIRCLE('',#1731,0.01363876746914);
#66=CIRCLE('',#1733,0.0184893389494196);
#67=CIRCLE('',#1734,0.0184893389494196);
#68=CIRCLE('',#1736,0.000121036188615401);
#69=CIRCLE('',#1737,0.000121036188615401);
#70=CIRCLE('',#1739,0.000315339959427195);
#71=CIRCLE('',#1740,0.000315339959427195);
#72=CIRCLE('',#1742,5.31865960565199E-5);
#73=CIRCLE('',#1743,5.31865960565199E-5);
#74=CIRCLE('',#1745,0.000178565449732312);
#75=CIRCLE('',#1746,0.000178565449732312);
#76=CIRCLE('',#1748,0.00106624071792389);
#77=CIRCLE('',#1749,0.00106624071792389);
#78=CIRCLE('',#1751,0.00166535809573394);
#79=CIRCLE('',#1752,0.00166535809573394);
#80=CIRCLE('',#1754,0.00528826978320529);
#81=CIRCLE('',#1755,0.00528826978320529);
#82=CIRCLE('',#1757,0.00581594932252326);
#83=CIRCLE('',#1758,0.00581594932252326);
#84=CIRCLE('',#1760,0.00451584302876953);
#85=CIRCLE('',#1761,0.00451584302876953);
#86=CIRCLE('',#1763,0.00362815686492748);
#87=CIRCLE('',#1764,0.00362815686492748);
#88=CIRCLE('',#1766,0.00145784676922151);
#89=CIRCLE('',#1767,0.00145784676922151);
#90=CIRCLE('',#1769,0.0015851159710439);
#91=CIRCLE('',#1770,0.0015851159710439);
#92=CIRCLE('',#1772,0.00492540519886253);
#93=CIRCLE('',#1773,0.00492540519886253);
#94=CIRCLE('',#1775,0.00506858489798277);
#95=CIRCLE('',#1776,0.00506858489798277);
#96=CIRCLE('',#1778,0.00529319835130174);
#97=CIRCLE('',#1779,0.00529319835130174);
#98=CIRCLE('',#1781,0.00456615348497938);
#99=CIRCLE('',#1782,0.00456615348497938);
#100=CIRCLE('',#1784,0.000743919845591683);
#101=CIRCLE('',#1785,0.000743919845591683);
#102=CIRCLE('',#1787,0.000925452660792978);
#103=CIRCLE('',#1788,0.000925452660792978);
#104=CIRCLE('',#1790,0.0257923573802711);
#105=CIRCLE('',#1791,0.0257923573802711);
#106=CIRCLE('',#1793,0.0232908591189283);
#107=CIRCLE('',#1794,0.0232908591189283);
#108=CIRCLE('',#1796,0.00118798062070692);
#109=CIRCLE('',#1797,0.00118798062070692);
#110=CIRCLE('',#1799,0.000508317752433351);
#111=CIRCLE('',#1800,0.000508317752433351);
#112=CIRCLE('',#1802,0.00045158557254517);
#113=CIRCLE('',#1803,0.00045158557254517);
#114=CIRCLE('',#1805,0.00102658523548792);
#115=CIRCLE('',#1806,0.00102658523548792);
#116=CIRCLE('',#1808,0.0106377086606228);
#117=CIRCLE('',#1809,0.0106377086606228);
#118=CIRCLE('',#1811,0.0106113705684905);
#119=CIRCLE('',#1812,0.0106113705684905);
#120=CIRCLE('',#1814,0.00150262901994806);
#121=CIRCLE('',#1815,0.00150262901994806);
#122=CIRCLE('',#1817,0.000946351341166773);
#123=CIRCLE('',#1818,0.000946351341166773);
#124=CIRCLE('',#1820,0.00216177243006689);
#125=CIRCLE('',#1821,0.00216177243006689);
#126=CIRCLE('',#1823,0.00205501559608691);
#127=CIRCLE('',#1824,0.00205501559608691);
#128=CIRCLE('',#1826,0.001738519538684);
#129=CIRCLE('',#1827,0.001738519538684);
#130=CIRCLE('',#1829,0.0013719158162846);
#131=CIRCLE('',#1830,0.0013719158162846);
#132=CIRCLE('',#1832,5.66931161858221E-5);
#133=CIRCLE('',#1833,5.66931161858221E-5);
#134=CIRCLE('',#1835,6.00540222906262E-5);
#135=CIRCLE('',#1836,6.00540222906262E-5);
#136=CIRCLE('',#1838,0.000287810929735654);
#137=CIRCLE('',#1839,0.000287810929735654);
#138=CIRCLE('',#1841,0.00260457076083953);
#139=CIRCLE('',#1842,0.00260457076083953);
#140=CIRCLE('',#1844,0.0312694589702808);
#141=CIRCLE('',#1845,0.0312694589702808);
#142=CIRCLE('',#1847,0.0961526761697559);
#143=CIRCLE('',#1848,0.0961526761697559);
#144=CIRCLE('',#1850,0.00252692658177317);
#145=CIRCLE('',#1851,0.00252692658177317);
#146=CIRCLE('',#1853,0.000206842643525832);
#147=CIRCLE('',#1854,0.000206842643525832);
#148=CIRCLE('',#1856,4.73868229890328E-5);
#149=CIRCLE('',#1857,4.73868229890328E-5);
#150=CIRCLE('',#1859,0.000122530892937109);
#151=CIRCLE('',#1860,0.000122530892937109);
#152=CIRCLE('',#1862,0.000108113042693452);
#153=CIRCLE('',#1863,0.000108113042693452);
#154=CIRCLE('',#1865,0.000597352463243407);
#155=CIRCLE('',#1866,0.000597352463243407);
#156=CIRCLE('',#1868,0.00564070824048585);
#157=CIRCLE('',#1869,0.00564070824048585);
#158=CIRCLE('',#1871,0.00595735500113499);
#159=CIRCLE('',#1872,0.00595735500113499);
#160=CIRCLE('',#1874,0.00086927780345708);
#161=CIRCLE('',#1875,0.00086927780345708);
#162=CIRCLE('',#1877,0.000675916353657039);
#163=CIRCLE('',#1878,0.000675916353657039);
#164=CIRCLE('',#1880,0.00228947006205437);
#165=CIRCLE('',#1881,0.00228947006205437);
#166=CIRCLE('',#1883,0.00889607625786333);
#167=CIRCLE('',#1884,0.00889607625786333);
#168=CIRCLE('',#1886,0.00276934441601638);
#169=CIRCLE('',#1887,0.00276934441601638);
#170=CIRCLE('',#1889,0.00142391911104421);
#171=CIRCLE('',#1890,0.00142391911104421);
#172=CIRCLE('',#1892,0.000559390342959864);
#173=CIRCLE('',#1893,0.000559390342959864);
#174=CIRCLE('',#1895,0.00101836137020072);
#175=CIRCLE('',#1896,0.00101836137020072);
#176=CIRCLE('',#1898,0.0320358663566677);
#177=CIRCLE('',#1899,0.0320358663566677);
#178=CIRCLE('',#1901,0.0346201840702828);
#179=CIRCLE('',#1902,0.0346201840702828);
#180=CYLINDRICAL_SURFACE('',#1651,0.0316708144326894);
#181=CYLINDRICAL_SURFACE('',#1654,0.122864682665933);
#182=CYLINDRICAL_SURFACE('',#1657,0.161890239749396);
#183=CYLINDRICAL_SURFACE('',#1660,0.147610832495764);
#184=CYLINDRICAL_SURFACE('',#1663,0.0405279979264627);
#185=CYLINDRICAL_SURFACE('',#1666,0.0144673840652236);
#186=CYLINDRICAL_SURFACE('',#1669,0.00139696847185756);
#187=CYLINDRICAL_SURFACE('',#1672,0.000609244937695595);
#188=CYLINDRICAL_SURFACE('',#1675,0.00106975906655217);
#189=CYLINDRICAL_SURFACE('',#1678,0.00185420960468615);
#190=CYLINDRICAL_SURFACE('',#1681,0.00145454462214928);
#191=CYLINDRICAL_SURFACE('',#1684,0.00110383630527481);
#192=CYLINDRICAL_SURFACE('',#1687,0.000452709583721692);
#193=CYLINDRICAL_SURFACE('',#1690,0.000226387832559766);
#194=CYLINDRICAL_SURFACE('',#1693,0.00038302206604492);
#195=CYLINDRICAL_SURFACE('',#1696,0.000578313766806189);
#196=CYLINDRICAL_SURFACE('',#1699,0.000720206864929918);
#197=CYLINDRICAL_SURFACE('',#1702,0.0120267043285038);
#198=CYLINDRICAL_SURFACE('',#1705,1.11550979838213);
#199=CYLINDRICAL_SURFACE('',#1708,0.75010520738822);
#200=CYLINDRICAL_SURFACE('',#1711,1.18869878864981);
#201=CYLINDRICAL_SURFACE('',#1714,0.16552442696509);
#202=CYLINDRICAL_SURFACE('',#1717,0.0307559623372032);
#203=CYLINDRICAL_SURFACE('',#1720,0.0275330191377663);
#204=CYLINDRICAL_SURFACE('',#1723,7.88149851240556E-5);
#205=CYLINDRICAL_SURFACE('',#1726,0.000711313365209568);
#206=CYLINDRICAL_SURFACE('',#1729,0.01363876746914);
#207=CYLINDRICAL_SURFACE('',#1732,0.0184893389494196);
#208=CYLINDRICAL_SURFACE('',#1735,0.000121036188615401);
#209=CYLINDRICAL_SURFACE('',#1738,0.000315339959427195);
#210=CYLINDRICAL_SURFACE('',#1741,5.31865960565199E-5);
#211=CYLINDRICAL_SURFACE('',#1744,0.000178565449732312);
#212=CYLINDRICAL_SURFACE('',#1747,0.00106624071792389);
#213=CYLINDRICAL_SURFACE('',#1750,0.00166535809573394);
#214=CYLINDRICAL_SURFACE('',#1753,0.00528826978320529);
#215=CYLINDRICAL_SURFACE('',#1756,0.00581594932252326);
#216=CYLINDRICAL_SURFACE('',#1759,0.00451584302876953);
#217=CYLINDRICAL_SURFACE('',#1762,0.00362815686492748);
#218=CYLINDRICAL_SURFACE('',#1765,0.00145784676922151);
#219=CYLINDRICAL_SURFACE('',#1768,0.0015851159710439);
#220=CYLINDRICAL_SURFACE('',#1771,0.00492540519886253);
#221=CYLINDRICAL_SURFACE('',#1774,0.00506858489798277);
#222=CYLINDRICAL_SURFACE('',#1777,0.00529319835130174);
#223=CYLINDRICAL_SURFACE('',#1780,0.00456615348497938);
#224=CYLINDRICAL_SURFACE('',#1783,0.000743919845591683);
#225=CYLINDRICAL_SURFACE('',#1786,0.000925452660792978);
#226=CYLINDRICAL_SURFACE('',#1789,0.0257923573802711);
#227=CYLINDRICAL_SURFACE('',#1792,0.0232908591189283);
#228=CYLINDRICAL_SURFACE('',#1795,0.00118798062070692);
#229=CYLINDRICAL_SURFACE('',#1798,0.000508317752433351);
#230=CYLINDRICAL_SURFACE('',#1801,0.00045158557254517);
#231=CYLINDRICAL_SURFACE('',#1804,0.00102658523548792);
#232=CYLINDRICAL_SURFACE('',#1807,0.0106377086606228);
#233=CYLINDRICAL_SURFACE('',#1810,0.0106113705684905);
#234=CYLINDRICAL_SURFACE('',#1813,0.00150262901994806);
#235=CYLINDRICAL_SURFACE('',#1816,0.000946351341166773);
#236=CYLINDRICAL_SURFACE('',#1819,0.00216177243006689);
#237=CYLINDRICAL_SURFACE('',#1822,0.00205501559608691);
#238=CYLINDRICAL_SURFACE('',#1825,0.001738519538684);
#239=CYLINDRICAL_SURFACE('',#1828,0.0013719158162846);
#240=CYLINDRICAL_SURFACE('',#1831,5.66931161858221E-5);
#241=CYLINDRICAL_SURFACE('',#1834,6.00540222906262E-5);
#242=CYLINDRICAL_SURFACE('',#1837,0.000287810929735654);
#243=CYLINDRICAL_SURFACE('',#1840,0.00260457076083953);
#244=CYLINDRICAL_SURFACE('',#1843,0.0312694589702808);
#245=CYLINDRICAL_SURFACE('',#1846,0.0961526761697559);
#246=CYLINDRICAL_SURFACE('',#1849,0.00252692658177317);
#247=CYLINDRICAL_SURFACE('',#1852,0.000206842643525832);
#248=CYLINDRICAL_SURFACE('',#1855,4.73868229890328E-5);
#249=CYLINDRICAL_SURFACE('',#1858,0.000122530892937109);
#250=CYLINDRICAL_SURFACE('',#1861,0.000108113042693452);
#251=CYLINDRICAL_SURFACE('',#1864,0.000597352463243407);
#252=CYLINDRICAL_SURFACE('',#1867,0.00564070824048585);
#253=CYLINDRICAL_SURFACE('',#1870,0.00595735500113499);
#254=CYLINDRICAL_SURFACE('',#1873,0.00086927780345708);
#255=CYLINDRICAL_SURFACE('',#1876,0.000675916353657039);
#256=CYLINDRICAL_SURFACE('',#1879,0.00228947006205437);
#257=CYLINDRICAL_SURFACE('',#1882,0.00889607625786333);
#258=CYLINDRICAL_SURFACE('',#1885,0.00276934441601638);
#259=CYLINDRICAL_SURFACE('',#1888,0.00142391911104421);
#260=CYLINDRICAL_SURFACE('',#1891,0.000559390342959864);
#261=CYLINDRICAL_SURFACE('',#1894,0.00101836137020072);
#262=CYLINDRICAL_SURFACE('',#1897,0.0320358663566677);
#263=CYLINDRICAL_SURFACE('',#1900,0.0346201840702828);
#264=ORIENTED_EDGE('',*,*,#774,.T.);
#265=ORIENTED_EDGE('',*,*,#775,.F.);
#266=ORIENTED_EDGE('',*,*,#776,.F.);
#267=ORIENTED_EDGE('',*,*,#777,.T.);
#268=ORIENTED_EDGE('',*,*,#778,.T.);
#269=ORIENTED_EDGE('',*,*,#779,.F.);
#270=ORIENTED_EDGE('',*,*,#780,.F.);
#271=ORIENTED_EDGE('',*,*,#775,.T.);
#272=ORIENTED_EDGE('',*,*,#781,.T.);
#273=ORIENTED_EDGE('',*,*,#782,.F.);
#274=ORIENTED_EDGE('',*,*,#783,.F.);
#275=ORIENTED_EDGE('',*,*,#779,.T.);
#276=ORIENTED_EDGE('',*,*,#784,.T.);
#277=ORIENTED_EDGE('',*,*,#785,.F.);
#278=ORIENTED_EDGE('',*,*,#786,.F.);
#279=ORIENTED_EDGE('',*,*,#782,.T.);
#280=ORIENTED_EDGE('',*,*,#787,.T.);
#281=ORIENTED_EDGE('',*,*,#788,.F.);
#282=ORIENTED_EDGE('',*,*,#789,.F.);
#283=ORIENTED_EDGE('',*,*,#785,.T.);
#284=ORIENTED_EDGE('',*,*,#790,.T.);
#285=ORIENTED_EDGE('',*,*,#791,.F.);
#286=ORIENTED_EDGE('',*,*,#792,.F.);
#287=ORIENTED_EDGE('',*,*,#788,.T.);
#288=ORIENTED_EDGE('',*,*,#793,.T.);
#289=ORIENTED_EDGE('',*,*,#794,.F.);
#290=ORIENTED_EDGE('',*,*,#795,.F.);
#291=ORIENTED_EDGE('',*,*,#791,.T.);
#292=ORIENTED_EDGE('',*,*,#796,.T.);
#293=ORIENTED_EDGE('',*,*,#797,.F.);
#294=ORIENTED_EDGE('',*,*,#798,.F.);
#295=ORIENTED_EDGE('',*,*,#794,.T.);
#296=ORIENTED_EDGE('',*,*,#799,.T.);
#297=ORIENTED_EDGE('',*,*,#800,.F.);
#298=ORIENTED_EDGE('',*,*,#801,.F.);
#299=ORIENTED_EDGE('',*,*,#797,.T.);
#300=ORIENTED_EDGE('',*,*,#802,.T.);
#301=ORIENTED_EDGE('',*,*,#803,.F.);
#302=ORIENTED_EDGE('',*,*,#804,.F.);
#303=ORIENTED_EDGE('',*,*,#800,.T.);
#304=ORIENTED_EDGE('',*,*,#805,.T.);
#305=ORIENTED_EDGE('',*,*,#806,.F.);
#306=ORIENTED_EDGE('',*,*,#807,.F.);
#307=ORIENTED_EDGE('',*,*,#803,.T.);
#308=ORIENTED_EDGE('',*,*,#808,.T.);
#309=ORIENTED_EDGE('',*,*,#809,.F.);
#310=ORIENTED_EDGE('',*,*,#810,.F.);
#311=ORIENTED_EDGE('',*,*,#806,.T.);
#312=ORIENTED_EDGE('',*,*,#811,.T.);
#313=ORIENTED_EDGE('',*,*,#812,.F.);
#314=ORIENTED_EDGE('',*,*,#813,.F.);
#315=ORIENTED_EDGE('',*,*,#809,.T.);
#316=ORIENTED_EDGE('',*,*,#814,.T.);
#317=ORIENTED_EDGE('',*,*,#815,.F.);
#318=ORIENTED_EDGE('',*,*,#816,.F.);
#319=ORIENTED_EDGE('',*,*,#812,.T.);
#320=ORIENTED_EDGE('',*,*,#817,.T.);
#321=ORIENTED_EDGE('',*,*,#818,.F.);
#322=ORIENTED_EDGE('',*,*,#819,.F.);
#323=ORIENTED_EDGE('',*,*,#815,.T.);
#324=ORIENTED_EDGE('',*,*,#820,.T.);
#325=ORIENTED_EDGE('',*,*,#821,.F.);
#326=ORIENTED_EDGE('',*,*,#822,.F.);
#327=ORIENTED_EDGE('',*,*,#818,.T.);
#328=ORIENTED_EDGE('',*,*,#823,.T.);
#329=ORIENTED_EDGE('',*,*,#824,.F.);
#330=ORIENTED_EDGE('',*,*,#825,.F.);
#331=ORIENTED_EDGE('',*,*,#821,.T.);
#332=ORIENTED_EDGE('',*,*,#826,.T.);
#333=ORIENTED_EDGE('',*,*,#827,.F.);
#334=ORIENTED_EDGE('',*,*,#828,.F.);
#335=ORIENTED_EDGE('',*,*,#824,.T.);
#336=ORIENTED_EDGE('',*,*,#829,.T.);
#337=ORIENTED_EDGE('',*,*,#830,.F.);
#338=ORIENTED_EDGE('',*,*,#831,.F.);
#339=ORIENTED_EDGE('',*,*,#827,.T.);
#340=ORIENTED_EDGE('',*,*,#832,.T.);
#341=ORIENTED_EDGE('',*,*,#833,.F.);
#342=ORIENTED_EDGE('',*,*,#834,.F.);
#343=ORIENTED_EDGE('',*,*,#830,.T.);
#344=ORIENTED_EDGE('',*,*,#835,.T.);
#345=ORIENTED_EDGE('',*,*,#836,.F.);
#346=ORIENTED_EDGE('',*,*,#837,.F.);
#347=ORIENTED_EDGE('',*,*,#833,.T.);
#348=ORIENTED_EDGE('',*,*,#838,.T.);
#349=ORIENTED_EDGE('',*,*,#839,.F.);
#350=ORIENTED_EDGE('',*,*,#840,.F.);
#351=ORIENTED_EDGE('',*,*,#836,.T.);
#352=ORIENTED_EDGE('',*,*,#841,.T.);
#353=ORIENTED_EDGE('',*,*,#842,.F.);
#354=ORIENTED_EDGE('',*,*,#843,.F.);
#355=ORIENTED_EDGE('',*,*,#839,.T.);
#356=ORIENTED_EDGE('',*,*,#844,.T.);
#357=ORIENTED_EDGE('',*,*,#845,.F.);
#358=ORIENTED_EDGE('',*,*,#846,.F.);
#359=ORIENTED_EDGE('',*,*,#842,.T.);
#360=ORIENTED_EDGE('',*,*,#847,.T.);
#361=ORIENTED_EDGE('',*,*,#848,.F.);
#362=ORIENTED_EDGE('',*,*,#849,.F.);
#363=ORIENTED_EDGE('',*,*,#845,.T.);
#364=ORIENTED_EDGE('',*,*,#850,.T.);
#365=ORIENTED_EDGE('',*,*,#851,.F.);
#366=ORIENTED_EDGE('',*,*,#852,.F.);
#367=ORIENTED_EDGE('',*,*,#848,.T.);
#368=ORIENTED_EDGE('',*,*,#853,.T.);
#369=ORIENTED_EDGE('',*,*,#854,.F.);
#370=ORIENTED_EDGE('',*,*,#855,.F.);
#371=ORIENTED_EDGE('',*,*,#851,.T.);
#372=ORIENTED_EDGE('',*,*,#856,.T.);
#373=ORIENTED_EDGE('',*,*,#857,.F.);
#374=ORIENTED_EDGE('',*,*,#858,.F.);
#375=ORIENTED_EDGE('',*,*,#854,.T.);
#376=ORIENTED_EDGE('',*,*,#859,.T.);
#377=ORIENTED_EDGE('',*,*,#860,.F.);
#378=ORIENTED_EDGE('',*,*,#861,.F.);
#379=ORIENTED_EDGE('',*,*,#857,.T.);
#380=ORIENTED_EDGE('',*,*,#862,.T.);
#381=ORIENTED_EDGE('',*,*,#863,.F.);
#382=ORIENTED_EDGE('',*,*,#864,.F.);
#383=ORIENTED_EDGE('',*,*,#860,.T.);
#384=ORIENTED_EDGE('',*,*,#865,.T.);
#385=ORIENTED_EDGE('',*,*,#866,.F.);
#386=ORIENTED_EDGE('',*,*,#867,.F.);
#387=ORIENTED_EDGE('',*,*,#863,.T.);
#388=ORIENTED_EDGE('',*,*,#868,.T.);
#389=ORIENTED_EDGE('',*,*,#869,.F.);
#390=ORIENTED_EDGE('',*,*,#870,.F.);
#391=ORIENTED_EDGE('',*,*,#866,.T.);
#392=ORIENTED_EDGE('',*,*,#871,.T.);
#393=ORIENTED_EDGE('',*,*,#872,.F.);
#394=ORIENTED_EDGE('',*,*,#873,.F.);
#395=ORIENTED_EDGE('',*,*,#869,.T.);
#396=ORIENTED_EDGE('',*,*,#874,.T.);
#397=ORIENTED_EDGE('',*,*,#875,.F.);
#398=ORIENTED_EDGE('',*,*,#876,.F.);
#399=ORIENTED_EDGE('',*,*,#872,.T.);
#400=ORIENTED_EDGE('',*,*,#877,.T.);
#401=ORIENTED_EDGE('',*,*,#878,.F.);
#402=ORIENTED_EDGE('',*,*,#879,.F.);
#403=ORIENTED_EDGE('',*,*,#875,.T.);
#404=ORIENTED_EDGE('',*,*,#880,.T.);
#405=ORIENTED_EDGE('',*,*,#881,.F.);
#406=ORIENTED_EDGE('',*,*,#882,.F.);
#407=ORIENTED_EDGE('',*,*,#878,.T.);
#408=ORIENTED_EDGE('',*,*,#883,.T.);
#409=ORIENTED_EDGE('',*,*,#884,.F.);
#410=ORIENTED_EDGE('',*,*,#885,.F.);
#411=ORIENTED_EDGE('',*,*,#881,.T.);
#412=ORIENTED_EDGE('',*,*,#886,.T.);
#413=ORIENTED_EDGE('',*,*,#887,.F.);
#414=ORIENTED_EDGE('',*,*,#888,.F.);
#415=ORIENTED_EDGE('',*,*,#884,.T.);
#416=ORIENTED_EDGE('',*,*,#889,.T.);
#417=ORIENTED_EDGE('',*,*,#890,.F.);
#418=ORIENTED_EDGE('',*,*,#891,.F.);
#419=ORIENTED_EDGE('',*,*,#887,.T.);
#420=ORIENTED_EDGE('',*,*,#892,.T.);
#421=ORIENTED_EDGE('',*,*,#893,.F.);
#422=ORIENTED_EDGE('',*,*,#894,.F.);
#423=ORIENTED_EDGE('',*,*,#890,.T.);
#424=ORIENTED_EDGE('',*,*,#895,.T.);
#425=ORIENTED_EDGE('',*,*,#896,.F.);
#426=ORIENTED_EDGE('',*,*,#897,.F.);
#427=ORIENTED_EDGE('',*,*,#893,.T.);
#428=ORIENTED_EDGE('',*,*,#898,.T.);
#429=ORIENTED_EDGE('',*,*,#899,.F.);
#430=ORIENTED_EDGE('',*,*,#900,.F.);
#431=ORIENTED_EDGE('',*,*,#896,.T.);
#432=ORIENTED_EDGE('',*,*,#901,.T.);
#433=ORIENTED_EDGE('',*,*,#902,.F.);
#434=ORIENTED_EDGE('',*,*,#903,.F.);
#435=ORIENTED_EDGE('',*,*,#899,.T.);
#436=ORIENTED_EDGE('',*,*,#904,.T.);
#437=ORIENTED_EDGE('',*,*,#905,.F.);
#438=ORIENTED_EDGE('',*,*,#906,.F.);
#439=ORIENTED_EDGE('',*,*,#902,.T.);
#440=ORIENTED_EDGE('',*,*,#907,.T.);
#441=ORIENTED_EDGE('',*,*,#908,.F.);
#442=ORIENTED_EDGE('',*,*,#909,.F.);
#443=ORIENTED_EDGE('',*,*,#905,.T.);
#444=ORIENTED_EDGE('',*,*,#910,.T.);
#445=ORIENTED_EDGE('',*,*,#911,.F.);
#446=ORIENTED_EDGE('',*,*,#912,.F.);
#447=ORIENTED_EDGE('',*,*,#908,.T.);
#448=ORIENTED_EDGE('',*,*,#913,.T.);
#449=ORIENTED_EDGE('',*,*,#914,.F.);
#450=ORIENTED_EDGE('',*,*,#915,.F.);
#451=ORIENTED_EDGE('',*,*,#911,.T.);
#452=ORIENTED_EDGE('',*,*,#916,.T.);
#453=ORIENTED_EDGE('',*,*,#917,.F.);
#454=ORIENTED_EDGE('',*,*,#918,.F.);
#455=ORIENTED_EDGE('',*,*,#914,.T.);
#456=ORIENTED_EDGE('',*,*,#919,.T.);
#457=ORIENTED_EDGE('',*,*,#920,.F.);
#458=ORIENTED_EDGE('',*,*,#921,.F.);
#459=ORIENTED_EDGE('',*,*,#917,.T.);
#460=ORIENTED_EDGE('',*,*,#922,.T.);
#461=ORIENTED_EDGE('',*,*,#923,.F.);
#462=ORIENTED_EDGE('',*,*,#924,.F.);
#463=ORIENTED_EDGE('',*,*,#920,.T.);
#464=ORIENTED_EDGE('',*,*,#925,.T.);
#465=ORIENTED_EDGE('',*,*,#926,.F.);
#466=ORIENTED_EDGE('',*,*,#927,.F.);
#467=ORIENTED_EDGE('',*,*,#923,.T.);
#468=ORIENTED_EDGE('',*,*,#928,.T.);
#469=ORIENTED_EDGE('',*,*,#929,.F.);
#470=ORIENTED_EDGE('',*,*,#930,.F.);
#471=ORIENTED_EDGE('',*,*,#926,.T.);
#472=ORIENTED_EDGE('',*,*,#931,.T.);
#473=ORIENTED_EDGE('',*,*,#932,.F.);
#474=ORIENTED_EDGE('',*,*,#933,.F.);
#475=ORIENTED_EDGE('',*,*,#929,.T.);
#476=ORIENTED_EDGE('',*,*,#934,.T.);
#477=ORIENTED_EDGE('',*,*,#935,.F.);
#478=ORIENTED_EDGE('',*,*,#936,.F.);
#479=ORIENTED_EDGE('',*,*,#932,.T.);
#480=ORIENTED_EDGE('',*,*,#937,.T.);
#481=ORIENTED_EDGE('',*,*,#938,.F.);
#482=ORIENTED_EDGE('',*,*,#939,.F.);
#483=ORIENTED_EDGE('',*,*,#935,.T.);
#484=ORIENTED_EDGE('',*,*,#940,.T.);
#485=ORIENTED_EDGE('',*,*,#941,.F.);
#486=ORIENTED_EDGE('',*,*,#942,.F.);
#487=ORIENTED_EDGE('',*,*,#938,.T.);
#488=ORIENTED_EDGE('',*,*,#943,.T.);
#489=ORIENTED_EDGE('',*,*,#944,.F.);
#490=ORIENTED_EDGE('',*,*,#945,.F.);
#491=ORIENTED_EDGE('',*,*,#941,.T.);
#492=ORIENTED_EDGE('',*,*,#946,.T.);
#493=ORIENTED_EDGE('',*,*,#947,.F.);
#494=ORIENTED_EDGE('',*,*,#948,.F.);
#495=ORIENTED_EDGE('',*,*,#944,.T.);
#496=ORIENTED_EDGE('',*,*,#949,.T.);
#497=ORIENTED_EDGE('',*,*,#950,.F.);
#498=ORIENTED_EDGE('',*,*,#951,.F.);
#499=ORIENTED_EDGE('',*,*,#947,.T.);
#500=ORIENTED_EDGE('',*,*,#952,.T.);
#501=ORIENTED_EDGE('',*,*,#953,.F.);
#502=ORIENTED_EDGE('',*,*,#954,.F.);
#503=ORIENTED_EDGE('',*,*,#950,.T.);
#504=ORIENTED_EDGE('',*,*,#955,.T.);
#505=ORIENTED_EDGE('',*,*,#956,.F.);
#506=ORIENTED_EDGE('',*,*,#957,.F.);
#507=ORIENTED_EDGE('',*,*,#953,.T.);
#508=ORIENTED_EDGE('',*,*,#958,.T.);
#509=ORIENTED_EDGE('',*,*,#959,.F.);
#510=ORIENTED_EDGE('',*,*,#960,.F.);
#511=ORIENTED_EDGE('',*,*,#956,.T.);
#512=ORIENTED_EDGE('',*,*,#961,.T.);
#513=ORIENTED_EDGE('',*,*,#962,.F.);
#514=ORIENTED_EDGE('',*,*,#963,.F.);
#515=ORIENTED_EDGE('',*,*,#959,.T.);
#516=ORIENTED_EDGE('',*,*,#964,.T.);
#517=ORIENTED_EDGE('',*,*,#965,.F.);
#518=ORIENTED_EDGE('',*,*,#966,.F.);
#519=ORIENTED_EDGE('',*,*,#962,.T.);
#520=ORIENTED_EDGE('',*,*,#967,.T.);
#521=ORIENTED_EDGE('',*,*,#968,.F.);
#522=ORIENTED_EDGE('',*,*,#969,.F.);
#523=ORIENTED_EDGE('',*,*,#965,.T.);
#524=ORIENTED_EDGE('',*,*,#970,.T.);
#525=ORIENTED_EDGE('',*,*,#971,.F.);
#526=ORIENTED_EDGE('',*,*,#972,.F.);
#527=ORIENTED_EDGE('',*,*,#968,.T.);
#528=ORIENTED_EDGE('',*,*,#973,.T.);
#529=ORIENTED_EDGE('',*,*,#974,.F.);
#530=ORIENTED_EDGE('',*,*,#975,.F.);
#531=ORIENTED_EDGE('',*,*,#971,.T.);
#532=ORIENTED_EDGE('',*,*,#976,.T.);
#533=ORIENTED_EDGE('',*,*,#977,.F.);
#534=ORIENTED_EDGE('',*,*,#978,.F.);
#535=ORIENTED_EDGE('',*,*,#974,.T.);
#536=ORIENTED_EDGE('',*,*,#979,.T.);
#537=ORIENTED_EDGE('',*,*,#980,.F.);
#538=ORIENTED_EDGE('',*,*,#981,.F.);
#539=ORIENTED_EDGE('',*,*,#977,.T.);
#540=ORIENTED_EDGE('',*,*,#982,.T.);
#541=ORIENTED_EDGE('',*,*,#983,.F.);
#542=ORIENTED_EDGE('',*,*,#984,.F.);
#543=ORIENTED_EDGE('',*,*,#980,.T.);
#544=ORIENTED_EDGE('',*,*,#985,.T.);
#545=ORIENTED_EDGE('',*,*,#986,.F.);
#546=ORIENTED_EDGE('',*,*,#987,.F.);
#547=ORIENTED_EDGE('',*,*,#983,.T.);
#548=ORIENTED_EDGE('',*,*,#988,.T.);
#549=ORIENTED_EDGE('',*,*,#989,.F.);
#550=ORIENTED_EDGE('',*,*,#990,.F.);
#551=ORIENTED_EDGE('',*,*,#986,.T.);
#552=ORIENTED_EDGE('',*,*,#991,.T.);
#553=ORIENTED_EDGE('',*,*,#992,.F.);
#554=ORIENTED_EDGE('',*,*,#993,.F.);
#555=ORIENTED_EDGE('',*,*,#989,.T.);
#556=ORIENTED_EDGE('',*,*,#994,.T.);
#557=ORIENTED_EDGE('',*,*,#995,.F.);
#558=ORIENTED_EDGE('',*,*,#996,.F.);
#559=ORIENTED_EDGE('',*,*,#992,.T.);
#560=ORIENTED_EDGE('',*,*,#997,.T.);
#561=ORIENTED_EDGE('',*,*,#998,.F.);
#562=ORIENTED_EDGE('',*,*,#999,.F.);
#563=ORIENTED_EDGE('',*,*,#995,.T.);
#564=ORIENTED_EDGE('',*,*,#1000,.T.);
#565=ORIENTED_EDGE('',*,*,#1001,.F.);
#566=ORIENTED_EDGE('',*,*,#1002,.F.);
#567=ORIENTED_EDGE('',*,*,#998,.T.);
#568=ORIENTED_EDGE('',*,*,#1003,.T.);
#569=ORIENTED_EDGE('',*,*,#1004,.F.);
#570=ORIENTED_EDGE('',*,*,#1005,.F.);
#571=ORIENTED_EDGE('',*,*,#1001,.T.);
#572=ORIENTED_EDGE('',*,*,#1006,.T.);
#573=ORIENTED_EDGE('',*,*,#1007,.F.);
#574=ORIENTED_EDGE('',*,*,#1008,.F.);
#575=ORIENTED_EDGE('',*,*,#1004,.T.);
#576=ORIENTED_EDGE('',*,*,#1009,.T.);
#577=ORIENTED_EDGE('',*,*,#1010,.F.);
#578=ORIENTED_EDGE('',*,*,#1011,.F.);
#579=ORIENTED_EDGE('',*,*,#1007,.T.);
#580=ORIENTED_EDGE('',*,*,#1012,.T.);
#581=ORIENTED_EDGE('',*,*,#1013,.F.);
#582=ORIENTED_EDGE('',*,*,#1014,.F.);
#583=ORIENTED_EDGE('',*,*,#1010,.T.);
#584=ORIENTED_EDGE('',*,*,#1015,.T.);
#585=ORIENTED_EDGE('',*,*,#1016,.F.);
#586=ORIENTED_EDGE('',*,*,#1017,.F.);
#587=ORIENTED_EDGE('',*,*,#1013,.T.);
#588=ORIENTED_EDGE('',*,*,#1018,.T.);
#589=ORIENTED_EDGE('',*,*,#1019,.F.);
#590=ORIENTED_EDGE('',*,*,#1020,.F.);
#591=ORIENTED_EDGE('',*,*,#1016,.T.);
#592=ORIENTED_EDGE('',*,*,#1021,.T.);
#593=ORIENTED_EDGE('',*,*,#1022,.F.);
#594=ORIENTED_EDGE('',*,*,#1023,.F.);
#595=ORIENTED_EDGE('',*,*,#1019,.T.);
#596=ORIENTED_EDGE('',*,*,#1024,.T.);
#597=ORIENTED_EDGE('',*,*,#1025,.F.);
#598=ORIENTED_EDGE('',*,*,#1026,.F.);
#599=ORIENTED_EDGE('',*,*,#1022,.T.);
#600=ORIENTED_EDGE('',*,*,#1027,.T.);
#601=ORIENTED_EDGE('',*,*,#777,.F.);
#602=ORIENTED_EDGE('',*,*,#1028,.F.);
#603=ORIENTED_EDGE('',*,*,#1025,.T.);
#604=ORIENTED_EDGE('',*,*,#776,.T.);
#605=ORIENTED_EDGE('',*,*,#780,.T.);
#606=ORIENTED_EDGE('',*,*,#783,.T.);
#607=ORIENTED_EDGE('',*,*,#786,.T.);
#608=ORIENTED_EDGE('',*,*,#789,.T.);
#609=ORIENTED_EDGE('',*,*,#792,.T.);
#610=ORIENTED_EDGE('',*,*,#795,.T.);
#611=ORIENTED_EDGE('',*,*,#798,.T.);
#612=ORIENTED_EDGE('',*,*,#801,.T.);
#613=ORIENTED_EDGE('',*,*,#804,.T.);
#614=ORIENTED_EDGE('',*,*,#807,.T.);
#615=ORIENTED_EDGE('',*,*,#810,.T.);
#616=ORIENTED_EDGE('',*,*,#813,.T.);
#617=ORIENTED_EDGE('',*,*,#816,.T.);
#618=ORIENTED_EDGE('',*,*,#819,.T.);
#619=ORIENTED_EDGE('',*,*,#822,.T.);
#620=ORIENTED_EDGE('',*,*,#825,.T.);
#621=ORIENTED_EDGE('',*,*,#828,.T.);
#622=ORIENTED_EDGE('',*,*,#831,.T.);
#623=ORIENTED_EDGE('',*,*,#834,.T.);
#624=ORIENTED_EDGE('',*,*,#837,.T.);
#625=ORIENTED_EDGE('',*,*,#840,.T.);
#626=ORIENTED_EDGE('',*,*,#843,.T.);
#627=ORIENTED_EDGE('',*,*,#846,.T.);
#628=ORIENTED_EDGE('',*,*,#849,.T.);
#629=ORIENTED_EDGE('',*,*,#852,.T.);
#630=ORIENTED_EDGE('',*,*,#855,.T.);
#631=ORIENTED_EDGE('',*,*,#858,.T.);
#632=ORIENTED_EDGE('',*,*,#861,.T.);
#633=ORIENTED_EDGE('',*,*,#864,.T.);
#634=ORIENTED_EDGE('',*,*,#867,.T.);
#635=ORIENTED_EDGE('',*,*,#870,.T.);
#636=ORIENTED_EDGE('',*,*,#873,.T.);
#637=ORIENTED_EDGE('',*,*,#876,.T.);
#638=ORIENTED_EDGE('',*,*,#879,.T.);
#639=ORIENTED_EDGE('',*,*,#882,.T.);
#640=ORIENTED_EDGE('',*,*,#885,.T.);
#641=ORIENTED_EDGE('',*,*,#888,.T.);
#642=ORIENTED_EDGE('',*,*,#891,.T.);
#643=ORIENTED_EDGE('',*,*,#894,.T.);
#644=ORIENTED_EDGE('',*,*,#897,.T.);
#645=ORIENTED_EDGE('',*,*,#900,.T.);
#646=ORIENTED_EDGE('',*,*,#903,.T.);
#647=ORIENTED_EDGE('',*,*,#906,.T.);
#648=ORIENTED_EDGE('',*,*,#909,.T.);
#649=ORIENTED_EDGE('',*,*,#912,.T.);
#650=ORIENTED_EDGE('',*,*,#915,.T.);
#651=ORIENTED_EDGE('',*,*,#918,.T.);
#652=ORIENTED_EDGE('',*,*,#921,.T.);
#653=ORIENTED_EDGE('',*,*,#924,.T.);
#654=ORIENTED_EDGE('',*,*,#927,.T.);
#655=ORIENTED_EDGE('',*,*,#930,.T.);
#656=ORIENTED_EDGE('',*,*,#933,.T.);
#657=ORIENTED_EDGE('',*,*,#936,.T.);
#658=ORIENTED_EDGE('',*,*,#939,.T.);
#659=ORIENTED_EDGE('',*,*,#942,.T.);
#660=ORIENTED_EDGE('',*,*,#945,.T.);
#661=ORIENTED_EDGE('',*,*,#948,.T.);
#662=ORIENTED_EDGE('',*,*,#951,.T.);
#663=ORIENTED_EDGE('',*,*,#954,.T.);
#664=ORIENTED_EDGE('',*,*,#957,.T.);
#665=ORIENTED_EDGE('',*,*,#960,.T.);
#666=ORIENTED_EDGE('',*,*,#963,.T.);
#667=ORIENTED_EDGE('',*,*,#966,.T.);
#668=ORIENTED_EDGE('',*,*,#969,.T.);
#669=ORIENTED_EDGE('',*,*,#972,.T.);
#670=ORIENTED_EDGE('',*,*,#975,.T.);
#671=ORIENTED_EDGE('',*,*,#978,.T.);
#672=ORIENTED_EDGE('',*,*,#981,.T.);
#673=ORIENTED_EDGE('',*,*,#984,.T.);
#674=ORIENTED_EDGE('',*,*,#987,.T.);
#675=ORIENTED_EDGE('',*,*,#990,.T.);
#676=ORIENTED_EDGE('',*,*,#993,.T.);
#677=ORIENTED_EDGE('',*,*,#996,.T.);
#678=ORIENTED_EDGE('',*,*,#999,.T.);
#679=ORIENTED_EDGE('',*,*,#1002,.T.);
#680=ORIENTED_EDGE('',*,*,#1005,.T.);
#681=ORIENTED_EDGE('',*,*,#1008,.T.);
#682=ORIENTED_EDGE('',*,*,#1011,.T.);
#683=ORIENTED_EDGE('',*,*,#1014,.T.);
#684=ORIENTED_EDGE('',*,*,#1017,.T.);
#685=ORIENTED_EDGE('',*,*,#1020,.T.);
#686=ORIENTED_EDGE('',*,*,#1023,.T.);
#687=ORIENTED_EDGE('',*,*,#1026,.T.);
#688=ORIENTED_EDGE('',*,*,#1028,.T.);
#689=ORIENTED_EDGE('',*,*,#774,.F.);
#690=ORIENTED_EDGE('',*,*,#1027,.F.);
#691=ORIENTED_EDGE('',*,*,#1024,.F.);
#692=ORIENTED_EDGE('',*,*,#1021,.F.);
#693=ORIENTED_EDGE('',*,*,#1018,.F.);
#694=ORIENTED_EDGE('',*,*,#1015,.F.);
#695=ORIENTED_EDGE('',*,*,#1012,.F.);
#696=ORIENTED_EDGE('',*,*,#1009,.F.);
#697=ORIENTED_EDGE('',*,*,#1006,.F.);
#698=ORIENTED_EDGE('',*,*,#1003,.F.);
#699=ORIENTED_EDGE('',*,*,#1000,.F.);
#700=ORIENTED_EDGE('',*,*,#997,.F.);
#701=ORIENTED_EDGE('',*,*,#994,.F.);
#702=ORIENTED_EDGE('',*,*,#991,.F.);
#703=ORIENTED_EDGE('',*,*,#988,.F.);
#704=ORIENTED_EDGE('',*,*,#985,.F.);
#705=ORIENTED_EDGE('',*,*,#982,.F.);
#706=ORIENTED_EDGE('',*,*,#979,.F.);
#707=ORIENTED_EDGE('',*,*,#976,.F.);
#708=ORIENTED_EDGE('',*,*,#973,.F.);
#709=ORIENTED_EDGE('',*,*,#970,.F.);
#710=ORIENTED_EDGE('',*,*,#967,.F.);
#711=ORIENTED_EDGE('',*,*,#964,.F.);
#712=ORIENTED_EDGE('',*,*,#961,.F.);
#713=ORIENTED_EDGE('',*,*,#958,.F.);
#714=ORIENTED_EDGE('',*,*,#955,.F.);
#715=ORIENTED_EDGE('',*,*,#952,.F.);
#716=ORIENTED_EDGE('',*,*,#949,.F.);
#717=ORIENTED_EDGE('',*,*,#946,.F.);
#718=ORIENTED_EDGE('',*,*,#943,.F.);
#719=ORIENTED_EDGE('',*,*,#940,.F.);
#720=ORIENTED_EDGE('',*,*,#937,.F.);
#721=ORIENTED_EDGE('',*,*,#934,.F.);
#722=ORIENTED_EDGE('',*,*,#931,.F.);
#723=ORIENTED_EDGE('',*,*,#928,.F.);
#724=ORIENTED_EDGE('',*,*,#925,.F.);
#725=ORIENTED_EDGE('',*,*,#922,.F.);
#726=ORIENTED_EDGE('',*,*,#919,.F.);
#727=ORIENTED_EDGE('',*,*,#916,.F.);
#728=ORIENTED_EDGE('',*,*,#913,.F.);
#729=ORIENTED_EDGE('',*,*,#910,.F.);
#730=ORIENTED_EDGE('',*,*,#907,.F.);
#731=ORIENTED_EDGE('',*,*,#904,.F.);
#732=ORIENTED_EDGE('',*,*,#901,.F.);
#733=ORIENTED_EDGE('',*,*,#898,.F.);
#734=ORIENTED_EDGE('',*,*,#895,.F.);
#735=ORIENTED_EDGE('',*,*,#892,.F.);
#736=ORIENTED_EDGE('',*,*,#889,.F.);
#737=ORIENTED_EDGE('',*,*,#886,.F.);
#738=ORIENTED_EDGE('',*,*,#883,.F.);
#739=ORIENTED_EDGE('',*,*,#880,.F.);
#740=ORIENTED_EDGE('',*,*,#877,.F.);
#741=ORIENTED_EDGE('',*,*,#874,.F.);
#742=ORIENTED_EDGE('',*,*,#871,.F.);
#743=ORIENTED_EDGE('',*,*,#868,.F.);
#744=ORIENTED_EDGE('',*,*,#865,.F.);
#745=ORIENTED_EDGE('',*,*,#862,.F.);
#746=ORIENTED_EDGE('',*,*,#859,.F.);
#747=ORIENTED_EDGE('',*,*,#856,.F.);
#748=ORIENTED_EDGE('',*,*,#853,.F.);
#749=ORIENTED_EDGE('',*,*,#850,.F.);
#750=ORIENTED_EDGE('',*,*,#847,.F.);
#751=ORIENTED_EDGE('',*,*,#844,.F.);
#752=ORIENTED_EDGE('',*,*,#841,.F.);
#753=ORIENTED_EDGE('',*,*,#838,.F.);
#754=ORIENTED_EDGE('',*,*,#835,.F.);
#755=ORIENTED_EDGE('',*,*,#832,.F.);
#756=ORIENTED_EDGE('',*,*,#829,.F.);
#757=ORIENTED_EDGE('',*,*,#826,.F.);
#758=ORIENTED_EDGE('',*,*,#823,.F.);
#759=ORIENTED_EDGE('',*,*,#820,.F.);
#760=ORIENTED_EDGE('',*,*,#817,.F.);
#761=ORIENTED_EDGE('',*,*,#814,.F.);
#762=ORIENTED_EDGE('',*,*,#811,.F.);
#763=ORIENTED_EDGE('',*,*,#808,.F.);
#764=ORIENTED_EDGE('',*,*,#805,.F.);
#765=ORIENTED_EDGE('',*,*,#802,.F.);
#766=ORIENTED_EDGE('',*,*,#799,.F.);
#767=ORIENTED_EDGE('',*,*,#796,.F.);
#768=ORIENTED_EDGE('',*,*,#793,.F.);
#769=ORIENTED_EDGE('',*,*,#790,.F.);
#770=ORIENTED_EDGE('',*,*,#787,.F.);
#771=ORIENTED_EDGE('',*,*,#784,.F.);
#772=ORIENTED_EDGE('',*,*,#781,.F.);
#773=ORIENTED_EDGE('',*,*,#778,.F.);
#774=EDGE_CURVE('',#1029,#1030,#1199,.T.);
#775=EDGE_CURVE('',#1031,#1030,#1200,.T.);
#776=EDGE_CURVE('',#1032,#1031,#1201,.T.);
#777=EDGE_CURVE('',#1032,#1029,#1202,.T.);
#778=EDGE_CURVE('',#1030,#1033,#12,.T.);
#779=EDGE_CURVE('',#1034,#1033,#1203,.T.);
#780=EDGE_CURVE('',#1031,#1034,#13,.T.);
#781=EDGE_CURVE('',#1033,#1035,#14,.T.);
#782=EDGE_CURVE('',#1036,#1035,#1204,.T.);
#783=EDGE_CURVE('',#1034,#1036,#15,.T.);
#784=EDGE_CURVE('',#1035,#1037,#16,.T.);
#785=EDGE_CURVE('',#1038,#1037,#1205,.T.);
#786=EDGE_CURVE('',#1036,#1038,#17,.T.);
#787=EDGE_CURVE('',#1037,#1039,#18,.T.);
#788=EDGE_CURVE('',#1040,#1039,#1206,.T.);
#789=EDGE_CURVE('',#1038,#1040,#19,.T.);
#790=EDGE_CURVE('',#1039,#1041,#20,.T.);
#791=EDGE_CURVE('',#1042,#1041,#1207,.T.);
#792=EDGE_CURVE('',#1040,#1042,#21,.T.);
#793=EDGE_CURVE('',#1041,#1043,#22,.T.);
#794=EDGE_CURVE('',#1044,#1043,#1208,.T.);
#795=EDGE_CURVE('',#1042,#1044,#23,.T.);
#796=EDGE_CURVE('',#1043,#1045,#24,.T.);
#797=EDGE_CURVE('',#1046,#1045,#1209,.T.);
#798=EDGE_CURVE('',#1044,#1046,#25,.T.);
#799=EDGE_CURVE('',#1045,#1047,#26,.T.);
#800=EDGE_CURVE('',#1048,#1047,#1210,.T.);
#801=EDGE_CURVE('',#1046,#1048,#27,.T.);
#802=EDGE_CURVE('',#1047,#1049,#28,.T.);
#803=EDGE_CURVE('',#1050,#1049,#1211,.T.);
#804=EDGE_CURVE('',#1048,#1050,#29,.T.);
#805=EDGE_CURVE('',#1049,#1051,#30,.T.);
#806=EDGE_CURVE('',#1052,#1051,#1212,.T.);
#807=EDGE_CURVE('',#1050,#1052,#31,.T.);
#808=EDGE_CURVE('',#1051,#1053,#32,.T.);
#809=EDGE_CURVE('',#1054,#1053,#1213,.T.);
#810=EDGE_CURVE('',#1052,#1054,#33,.T.);
#811=EDGE_CURVE('',#1053,#1055,#34,.T.);
#812=EDGE_CURVE('',#1056,#1055,#1214,.T.);
#813=EDGE_CURVE('',#1054,#1056,#35,.T.);
#814=EDGE_CURVE('',#1055,#1057,#36,.T.);
#815=EDGE_CURVE('',#1058,#1057,#1215,.T.);
#816=EDGE_CURVE('',#1056,#1058,#37,.T.);
#817=EDGE_CURVE('',#1057,#1059,#38,.T.);
#818=EDGE_CURVE('',#1060,#1059,#1216,.T.);
#819=EDGE_CURVE('',#1058,#1060,#39,.T.);
#820=EDGE_CURVE('',#1059,#1061,#40,.T.);
#821=EDGE_CURVE('',#1062,#1061,#1217,.T.);
#822=EDGE_CURVE('',#1060,#1062,#41,.T.);
#823=EDGE_CURVE('',#1061,#1063,#42,.T.);
#824=EDGE_CURVE('',#1064,#1063,#1218,.T.);
#825=EDGE_CURVE('',#1062,#1064,#43,.T.);
#826=EDGE_CURVE('',#1063,#1065,#44,.T.);
#827=EDGE_CURVE('',#1066,#1065,#1219,.T.);
#828=EDGE_CURVE('',#1064,#1066,#45,.T.);
#829=EDGE_CURVE('',#1065,#1067,#46,.T.);
#830=EDGE_CURVE('',#1068,#1067,#1220,.T.);
#831=EDGE_CURVE('',#1066,#1068,#47,.T.);
#832=EDGE_CURVE('',#1067,#1069,#48,.T.);
#833=EDGE_CURVE('',#1070,#1069,#1221,.T.);
#834=EDGE_CURVE('',#1068,#1070,#49,.T.);
#835=EDGE_CURVE('',#1069,#1071,#50,.T.);
#836=EDGE_CURVE('',#1072,#1071,#1222,.T.);
#837=EDGE_CURVE('',#1070,#1072,#51,.T.);
#838=EDGE_CURVE('',#1071,#1073,#52,.T.);
#839=EDGE_CURVE('',#1074,#1073,#1223,.T.);
#840=EDGE_CURVE('',#1072,#1074,#53,.T.);
#841=EDGE_CURVE('',#1073,#1075,#54,.T.);
#842=EDGE_CURVE('',#1076,#1075,#1224,.T.);
#843=EDGE_CURVE('',#1074,#1076,#55,.T.);
#844=EDGE_CURVE('',#1075,#1077,#56,.T.);
#845=EDGE_CURVE('',#1078,#1077,#1225,.T.);
#846=EDGE_CURVE('',#1076,#1078,#57,.T.);
#847=EDGE_CURVE('',#1077,#1079,#58,.T.);
#848=EDGE_CURVE('',#1080,#1079,#1226,.T.);
#849=EDGE_CURVE('',#1078,#1080,#59,.T.);
#850=EDGE_CURVE('',#1079,#1081,#60,.T.);
#851=EDGE_CURVE('',#1082,#1081,#1227,.T.);
#852=EDGE_CURVE('',#1080,#1082,#61,.T.);
#853=EDGE_CURVE('',#1081,#1083,#62,.T.);
#854=EDGE_CURVE('',#1084,#1083,#1228,.T.);
#855=EDGE_CURVE('',#1082,#1084,#63,.T.);
#856=EDGE_CURVE('',#1083,#1085,#64,.T.);
#857=EDGE_CURVE('',#1086,#1085,#1229,.T.);
#858=EDGE_CURVE('',#1084,#1086,#65,.T.);
#859=EDGE_CURVE('',#1085,#1087,#66,.T.);
#860=EDGE_CURVE('',#1088,#1087,#1230,.T.);
#861=EDGE_CURVE('',#1086,#1088,#67,.T.);
#862=EDGE_CURVE('',#1087,#1089,#68,.T.);
#863=EDGE_CURVE('',#1090,#1089,#1231,.T.);
#864=EDGE_CURVE('',#1088,#1090,#69,.T.);
#865=EDGE_CURVE('',#1089,#1091,#70,.T.);
#866=EDGE_CURVE('',#1092,#1091,#1232,.T.);
#867=EDGE_CURVE('',#1090,#1092,#71,.T.);
#868=EDGE_CURVE('',#1091,#1093,#72,.T.);
#869=EDGE_CURVE('',#1094,#1093,#1233,.T.);
#870=EDGE_CURVE('',#1092,#1094,#73,.T.);
#871=EDGE_CURVE('',#1093,#1095,#74,.T.);
#872=EDGE_CURVE('',#1096,#1095,#1234,.T.);
#873=EDGE_CURVE('',#1094,#1096,#75,.T.);
#874=EDGE_CURVE('',#1095,#1097,#76,.T.);
#875=EDGE_CURVE('',#1098,#1097,#1235,.T.);
#876=EDGE_CURVE('',#1096,#1098,#77,.T.);
#877=EDGE_CURVE('',#1097,#1099,#78,.T.);
#878=EDGE_CURVE('',#1100,#1099,#1236,.T.);
#879=EDGE_CURVE('',#1098,#1100,#79,.T.);
#880=EDGE_CURVE('',#1099,#1101,#80,.T.);
#881=EDGE_CURVE('',#1102,#1101,#1237,.T.);
#882=EDGE_CURVE('',#1100,#1102,#81,.T.);
#883=EDGE_CURVE('',#1101,#1103,#82,.T.);
#884=EDGE_CURVE('',#1104,#1103,#1238,.T.);
#885=EDGE_CURVE('',#1102,#1104,#83,.T.);
#886=EDGE_CURVE('',#1103,#1105,#84,.T.);
#887=EDGE_CURVE('',#1106,#1105,#1239,.T.);
#888=EDGE_CURVE('',#1104,#1106,#85,.T.);
#889=EDGE_CURVE('',#1105,#1107,#86,.T.);
#890=EDGE_CURVE('',#1108,#1107,#1240,.T.);
#891=EDGE_CURVE('',#1106,#1108,#87,.T.);
#892=EDGE_CURVE('',#1107,#1109,#88,.T.);
#893=EDGE_CURVE('',#1110,#1109,#1241,.T.);
#894=EDGE_CURVE('',#1108,#1110,#89,.T.);
#895=EDGE_CURVE('',#1109,#1111,#90,.T.);
#896=EDGE_CURVE('',#1112,#1111,#1242,.T.);
#897=EDGE_CURVE('',#1110,#1112,#91,.T.);
#898=EDGE_CURVE('',#1111,#1113,#92,.T.);
#899=EDGE_CURVE('',#1114,#1113,#1243,.T.);
#900=EDGE_CURVE('',#1112,#1114,#93,.T.);
#901=EDGE_CURVE('',#1113,#1115,#94,.T.);
#902=EDGE_CURVE('',#1116,#1115,#1244,.T.);
#903=EDGE_CURVE('',#1114,#1116,#95,.T.);
#904=EDGE_CURVE('',#1115,#1117,#96,.T.);
#905=EDGE_CURVE('',#1118,#1117,#1245,.T.);
#906=EDGE_CURVE('',#1116,#1118,#97,.T.);
#907=EDGE_CURVE('',#1117,#1119,#98,.T.);
#908=EDGE_CURVE('',#1120,#1119,#1246,.T.);
#909=EDGE_CURVE('',#1118,#1120,#99,.T.);
#910=EDGE_CURVE('',#1119,#1121,#100,.T.);
#911=EDGE_CURVE('',#1122,#1121,#1247,.T.);
#912=EDGE_CURVE('',#1120,#1122,#101,.T.);
#913=EDGE_CURVE('',#1121,#1123,#102,.T.);
#914=EDGE_CURVE('',#1124,#1123,#1248,.T.);
#915=EDGE_CURVE('',#1122,#1124,#103,.T.);
#916=EDGE_CURVE('',#1123,#1125,#104,.T.);
#917=EDGE_CURVE('',#1126,#1125,#1249,.T.);
#918=EDGE_CURVE('',#1124,#1126,#105,.T.);
#919=EDGE_CURVE('',#1125,#1127,#106,.T.);
#920=EDGE_CURVE('',#1128,#1127,#1250,.T.);
#921=EDGE_CURVE('',#1126,#1128,#107,.T.);
#922=EDGE_CURVE('',#1127,#1129,#108,.T.);
#923=EDGE_CURVE('',#1130,#1129,#1251,.T.);
#924=EDGE_CURVE('',#1128,#1130,#109,.T.);
#925=EDGE_CURVE('',#1129,#1131,#110,.T.);
#926=EDGE_CURVE('',#1132,#1131,#1252,.T.);
#927=EDGE_CURVE('',#1130,#1132,#111,.T.);
#928=EDGE_CURVE('',#1131,#1133,#112,.T.);
#929=EDGE_CURVE('',#1134,#1133,#1253,.T.);
#930=EDGE_CURVE('',#1132,#1134,#113,.T.);
#931=EDGE_CURVE('',#1133,#1135,#114,.T.);
#932=EDGE_CURVE('',#1136,#1135,#1254,.T.);
#933=EDGE_CURVE('',#1134,#1136,#115,.T.);
#934=EDGE_CURVE('',#1135,#1137,#116,.T.);
#935=EDGE_CURVE('',#1138,#1137,#1255,.T.);
#936=EDGE_CURVE('',#1136,#1138,#117,.T.);
#937=EDGE_CURVE('',#1137,#1139,#118,.T.);
#938=EDGE_CURVE('',#1140,#1139,#1256,.T.);
#939=EDGE_CURVE('',#1138,#1140,#119,.T.);
#940=EDGE_CURVE('',#1139,#1141,#120,.T.);
#941=EDGE_CURVE('',#1142,#1141,#1257,.T.);
#942=EDGE_CURVE('',#1140,#1142,#121,.T.);
#943=EDGE_CURVE('',#1141,#1143,#122,.T.);
#944=EDGE_CURVE('',#1144,#1143,#1258,.T.);
#945=EDGE_CURVE('',#1142,#1144,#123,.T.);
#946=EDGE_CURVE('',#1143,#1145,#124,.T.);
#947=EDGE_CURVE('',#1146,#1145,#1259,.T.);
#948=EDGE_CURVE('',#1144,#1146,#125,.T.);
#949=EDGE_CURVE('',#1145,#1147,#126,.T.);
#950=EDGE_CURVE('',#1148,#1147,#1260,.T.);
#951=EDGE_CURVE('',#1146,#1148,#127,.T.);
#952=EDGE_CURVE('',#1147,#1149,#128,.T.);
#953=EDGE_CURVE('',#1150,#1149,#1261,.T.);
#954=EDGE_CURVE('',#1148,#1150,#129,.T.);
#955=EDGE_CURVE('',#1149,#1151,#130,.T.);
#956=EDGE_CURVE('',#1152,#1151,#1262,.T.);
#957=EDGE_CURVE('',#1150,#1152,#131,.T.);
#958=EDGE_CURVE('',#1151,#1153,#132,.T.);
#959=EDGE_CURVE('',#1154,#1153,#1263,.T.);
#960=EDGE_CURVE('',#1152,#1154,#133,.T.);
#961=EDGE_CURVE('',#1153,#1155,#134,.T.);
#962=EDGE_CURVE('',#1156,#1155,#1264,.T.);
#963=EDGE_CURVE('',#1154,#1156,#135,.T.);
#964=EDGE_CURVE('',#1155,#1157,#136,.T.);
#965=EDGE_CURVE('',#1158,#1157,#1265,.T.);
#966=EDGE_CURVE('',#1156,#1158,#137,.T.);
#967=EDGE_CURVE('',#1157,#1159,#138,.T.);
#968=EDGE_CURVE('',#1160,#1159,#1266,.T.);
#969=EDGE_CURVE('',#1158,#1160,#139,.T.);
#970=EDGE_CURVE('',#1159,#1161,#140,.T.);
#971=EDGE_CURVE('',#1162,#1161,#1267,.T.);
#972=EDGE_CURVE('',#1160,#1162,#141,.T.);
#973=EDGE_CURVE('',#1161,#1163,#142,.T.);
#974=EDGE_CURVE('',#1164,#1163,#1268,.T.);
#975=EDGE_CURVE('',#1162,#1164,#143,.T.);
#976=EDGE_CURVE('',#1163,#1165,#144,.T.);
#977=EDGE_CURVE('',#1166,#1165,#1269,.T.);
#978=EDGE_CURVE('',#1164,#1166,#145,.T.);
#979=EDGE_CURVE('',#1165,#1167,#146,.T.);
#980=EDGE_CURVE('',#1168,#1167,#1270,.T.);
#981=EDGE_CURVE('',#1166,#1168,#147,.T.);
#982=EDGE_CURVE('',#1167,#1169,#148,.T.);
#983=EDGE_CURVE('',#1170,#1169,#1271,.T.);
#984=EDGE_CURVE('',#1168,#1170,#149,.T.);
#985=EDGE_CURVE('',#1169,#1171,#150,.T.);
#986=EDGE_CURVE('',#1172,#1171,#1272,.T.);
#987=EDGE_CURVE('',#1170,#1172,#151,.T.);
#988=EDGE_CURVE('',#1171,#1173,#152,.T.);
#989=EDGE_CURVE('',#1174,#1173,#1273,.T.);
#990=EDGE_CURVE('',#1172,#1174,#153,.T.);
#991=EDGE_CURVE('',#1173,#1175,#154,.T.);
#992=EDGE_CURVE('',#1176,#1175,#1274,.T.);
#993=EDGE_CURVE('',#1174,#1176,#155,.T.);
#994=EDGE_CURVE('',#1175,#1177,#156,.T.);
#995=EDGE_CURVE('',#1178,#1177,#1275,.T.);
#996=EDGE_CURVE('',#1176,#1178,#157,.T.);
#997=EDGE_CURVE('',#1177,#1179,#158,.T.);
#998=EDGE_CURVE('',#1180,#1179,#1276,.T.);
#999=EDGE_CURVE('',#1178,#1180,#159,.T.);
#1000=EDGE_CURVE('',#1179,#1181,#160,.T.);
#1001=EDGE_CURVE('',#1182,#1181,#1277,.T.);
#1002=EDGE_CURVE('',#1180,#1182,#161,.T.);
#1003=EDGE_CURVE('',#1181,#1183,#162,.T.);
#1004=EDGE_CURVE('',#1184,#1183,#1278,.T.);
#1005=EDGE_CURVE('',#1182,#1184,#163,.T.);
#1006=EDGE_CURVE('',#1183,#1185,#164,.T.);
#1007=EDGE_CURVE('',#1186,#1185,#1279,.T.);
#1008=EDGE_CURVE('',#1184,#1186,#165,.T.);
#1009=EDGE_CURVE('',#1185,#1187,#166,.T.);
#1010=EDGE_CURVE('',#1188,#1187,#1280,.T.);
#1011=EDGE_CURVE('',#1186,#1188,#167,.T.);
#1012=EDGE_CURVE('',#1187,#1189,#168,.T.);
#1013=EDGE_CURVE('',#1190,#1189,#1281,.T.);
#1014=EDGE_CURVE('',#1188,#1190,#169,.T.);
#1015=EDGE_CURVE('',#1189,#1191,#170,.T.);
#1016=EDGE_CURVE('',#1192,#1191,#1282,.T.);
#1017=EDGE_CURVE('',#1190,#1192,#171,.T.);
#1018=EDGE_CURVE('',#1191,#1193,#172,.T.);
#1019=EDGE_CURVE('',#1194,#1193,#1283,.T.);
#1020=EDGE_CURVE('',#1192,#1194,#173,.T.);
#1021=EDGE_CURVE('',#1193,#1195,#174,.T.);
#1022=EDGE_CURVE('',#1196,#1195,#1284,.T.);
#1023=EDGE_CURVE('',#1194,#1196,#175,.T.);
#1024=EDGE_CURVE('',#1195,#1197,#176,.T.);
#1025=EDGE_CURVE('',#1198,#1197,#1285,.T.);
#1026=EDGE_CURVE('',#1196,#1198,#177,.T.);
#1027=EDGE_CURVE('',#1197,#1029,#178,.T.);
#1028=EDGE_CURVE('',#1198,#1032,#179,.T.);
#1029=VERTEX_POINT('',#2507);
#1030=VERTEX_POINT('',#2508);
#1031=VERTEX_POINT('',#2510);
#1032=VERTEX_POINT('',#2512);
#1033=VERTEX_POINT('',#2516);
#1034=VERTEX_POINT('',#2518);
#1035=VERTEX_POINT('',#2522);
#1036=VERTEX_POINT('',#2524);
#1037=VERTEX_POINT('',#2528);
#1038=VERTEX_POINT('',#2530);
#1039=VERTEX_POINT('',#2534);
#1040=VERTEX_POINT('',#2536);
#1041=VERTEX_POINT('',#2540);
#1042=VERTEX_POINT('',#2542);
#1043=VERTEX_POINT('',#2546);
#1044=VERTEX_POINT('',#2548);
#1045=VERTEX_POINT('',#2552);
#1046=VERTEX_POINT('',#2554);
#1047=VERTEX_POINT('',#2558);
#1048=VERTEX_POINT('',#2560);
#1049=VERTEX_POINT('',#2564);
#1050=VERTEX_POINT('',#2566);
#1051=VERTEX_POINT('',#2570);
#1052=VERTEX_POINT('',#2572);
#1053=VERTEX_POINT('',#2576);
#1054=VERTEX_POINT('',#2578);
#1055=VERTEX_POINT('',#2582);
#1056=VERTEX_POINT('',#2584);
#1057=VERTEX_POINT('',#2588);
#1058=VERTEX_POINT('',#2590);
#1059=VERTEX_POINT('',#2594);
#1060=VERTEX_POINT('',#2596);
#1061=VERTEX_POINT('',#2600);
#1062=VERTEX_POINT('',#2602);
#1063=VERTEX_POINT('',#2606);
#1064=VERTEX_POINT('',#2608);
#1065=VERTEX_POINT('',#2612);
#1066=VERTEX_POINT('',#2614);
#1067=VERTEX_POINT('',#2618);
#1068=VERTEX_POINT('',#2620);
#1069=VERTEX_POINT('',#2624);
#1070=VERTEX_POINT('',#2626);
#1071=VERTEX_POINT('',#2630);
#1072=VERTEX_POINT('',#2632);
#1073=VERTEX_POINT('',#2636);
#1074=VERTEX_POINT('',#2638);
#1075=VERTEX_POINT('',#2642);
#1076=VERTEX_POINT('',#2644);
#1077=VERTEX_POINT('',#2648);
#1078=VERTEX_POINT('',#2650);
#1079=VERTEX_POINT('',#2654);
#1080=VERTEX_POINT('',#2656);
#1081=VERTEX_POINT('',#2660);
#1082=VERTEX_POINT('',#2662);
#1083=VERTEX_POINT('',#2666);
#1084=VERTEX_POINT('',#2668);
#1085=VERTEX_POINT('',#2672);
#1086=VERTEX_POINT('',#2674);
#1087=VERTEX_POINT('',#2678);
#1088=VERTEX_POINT('',#2680);
#1089=VERTEX_POINT('',#2684);
#1090=VERTEX_POINT('',#2686);
#1091=VERTEX_POINT('',#2690);
#1092=VERTEX_POINT('',#2692);
#1093=VERTEX_POINT('',#2696);
#1094=VERTEX_POINT('',#2698);
#1095=VERTEX_POINT('',#2702);
#1096=VERTEX_POINT('',#2704);
#1097=VERTEX_POINT('',#2708);
#1098=VERTEX_POINT('',#2710);
#1099=VERTEX_POINT('',#2714);
#1100=VERTEX_POINT('',#2716);
#1101=VERTEX_POINT('',#2720);
#1102=VERTEX_POINT('',#2722);
#1103=VERTEX_POINT('',#2726);
#1104=VERTEX_POINT('',#2728);
#1105=VERTEX_POINT('',#2732);
#1106=VERTEX_POINT('',#2734);
#1107=VERTEX_POINT('',#2738);
#1108=VERTEX_POINT('',#2740);
#1109=VERTEX_POINT('',#2744);
#1110=VERTEX_POINT('',#2746);
#1111=VERTEX_POINT('',#2750);
#1112=VERTEX_POINT('',#2752);
#1113=VERTEX_POINT('',#2756);
#1114=VERTEX_POINT('',#2758);
#1115=VERTEX_POINT('',#2762);
#1116=VERTEX_POINT('',#2764);
#1117=VERTEX_POINT('',#2768);
#1118=VERTEX_POINT('',#2770);
#1119=VERTEX_POINT('',#2774);
#1120=VERTEX_POINT('',#2776);
#1121=VERTEX_POINT('',#2780);
#1122=VERTEX_POINT('',#2782);
#1123=VERTEX_POINT('',#2786);
#1124=VERTEX_POINT('',#2788);
#1125=VERTEX_POINT('',#2792);
#1126=VERTEX_POINT('',#2794);
#1127=VERTEX_POINT('',#2798);
#1128=VERTEX_POINT('',#2800);
#1129=VERTEX_POINT('',#2804);
#1130=VERTEX_POINT('',#2806);
#1131=VERTEX_POINT('',#2810);
#1132=VERTEX_POINT('',#2812);
#1133=VERTEX_POINT('',#2816);
#1134=VERTEX_POINT('',#2818);
#1135=VERTEX_POINT('',#2822);
#1136=VERTEX_POINT('',#2824);
#1137=VERTEX_POINT('',#2828);
#1138=VERTEX_POINT('',#2830);
#1139=VERTEX_POINT('',#2834);
#1140=VERTEX_POINT('',#2836);
#1141=VERTEX_POINT('',#2840);
#1142=VERTEX_POINT('',#2842);
#1143=VERTEX_POINT('',#2846);
#1144=VERTEX_POINT('',#2848);
#1145=VERTEX_POINT('',#2852);
#1146=VERTEX_POINT('',#2854);
#1147=VERTEX_POINT('',#2858);
#1148=VERTEX_POINT('',#2860);
#1149=VERTEX_POINT('',#2864);
#1150=VERTEX_POINT('',#2866);
#1151=VERTEX_POINT('',#2870);
#1152=VERTEX_POINT('',#2872);
#1153=VERTEX_POINT('',#2876);
#1154=VERTEX_POINT('',#2878);
#1155=VERTEX_POINT('',#2882);
#1156=VERTEX_POINT('',#2884);
#1157=VERTEX_POINT('',#2888);
#1158=VERTEX_POINT('',#2890);
#1159=VERTEX_POINT('',#2894);
#1160=VERTEX_POINT('',#2896);
#1161=VERTEX_POINT('',#2900);
#1162=VERTEX_POINT('',#2902);
#1163=VERTEX_POINT('',#2906);
#1164=VERTEX_POINT('',#2908);
#1165=VERTEX_POINT('',#2912);
#1166=VERTEX_POINT('',#2914);
#1167=VERTEX_POINT('',#2918);
#1168=VERTEX_POINT('',#2920);
#1169=VERTEX_POINT('',#2924);
#1170=VERTEX_POINT('',#2926);
#1171=VERTEX_POINT('',#2930);
#1172=VERTEX_POINT('',#2932);
#1173=VERTEX_POINT('',#2936);
#1174=VERTEX_POINT('',#2938);
#1175=VERTEX_POINT('',#2942);
#1176=VERTEX_POINT('',#2944);
#1177=VERTEX_POINT('',#2948);
#1178=VERTEX_POINT('',#2950);
#1179=VERTEX_POINT('',#2954);
#1180=VERTEX_POINT('',#2956);
#1181=VERTEX_POINT('',#2960);
#1182=VERTEX_POINT('',#2962);
#1183=VERTEX_POINT('',#2966);
#1184=VERTEX_POINT('',#2968);
#1185=VERTEX_POINT('',#2972);
#1186=VERTEX_POINT('',#2974);
#1187=VERTEX_POINT('',#2978);
#1188=VERTEX_POINT('',#2980);
#1189=VERTEX_POINT('',#2984);
#1190=VERTEX_POINT('',#2986);
#1191=VERTEX_POINT('',#2990);
#1192=VERTEX_POINT('',#2992);
#1193=VERTEX_POINT('',#2996);
#1194=VERTEX_POINT('',#2998);
#1195=VERTEX_POINT('',#3002);
#1196=VERTEX_POINT('',#3004);
#1197=VERTEX_POINT('',#3008);
#1198=VERTEX_POINT('',#3010);
#1199=LINE('',#2506,#1286);
#1200=LINE('',#2509,#1287);
#1201=LINE('',#2511,#1288);
#1202=LINE('',#2513,#1289);
#1203=LINE('',#2517,#1290);
#1204=LINE('',#2523,#1291);
#1205=LINE('',#2529,#1292);
#1206=LINE('',#2535,#1293);
#1207=LINE('',#2541,#1294);
#1208=LINE('',#2547,#1295);
#1209=LINE('',#2553,#1296);
#1210=LINE('',#2559,#1297);
#1211=LINE('',#2565,#1298);
#1212=LINE('',#2571,#1299);
#1213=LINE('',#2577,#1300);
#1214=LINE('',#2583,#1301);
#1215=LINE('',#2589,#1302);
#1216=LINE('',#2595,#1303);
#1217=LINE('',#2601,#1304);
#1218=LINE('',#2607,#1305);
#1219=LINE('',#2613,#1306);
#1220=LINE('',#2619,#1307);
#1221=LINE('',#2625,#1308);
#1222=LINE('',#2631,#1309);
#1223=LINE('',#2637,#1310);
#1224=LINE('',#2643,#1311);
#1225=LINE('',#2649,#1312);
#1226=LINE('',#2655,#1313);
#1227=LINE('',#2661,#1314);
#1228=LINE('',#2667,#1315);
#1229=LINE('',#2673,#1316);
#1230=LINE('',#2679,#1317);
#1231=LINE('',#2685,#1318);
#1232=LINE('',#2691,#1319);
#1233=LINE('',#2697,#1320);
#1234=LINE('',#2703,#1321);
#1235=LINE('',#2709,#1322);
#1236=LINE('',#2715,#1323);
#1237=LINE('',#2721,#1324);
#1238=LINE('',#2727,#1325);
#1239=LINE('',#2733,#1326);
#1240=LINE('',#2739,#1327);
#1241=LINE('',#2745,#1328);
#1242=LINE('',#2751,#1329);
#1243=LINE('',#2757,#1330);
#1244=LINE('',#2763,#1331);
#1245=LINE('',#2769,#1332);
#1246=LINE('',#2775,#1333);
#1247=LINE('',#2781,#1334);
#1248=LINE('',#2787,#1335);
#1249=LINE('',#2793,#1336);
#1250=LINE('',#2799,#1337);
#1251=LINE('',#2805,#1338);
#1252=LINE('',#2811,#1339);
#1253=LINE('',#2817,#1340);
#1254=LINE('',#2823,#1341);
#1255=LINE('',#2829,#1342);
#1256=LINE('',#2835,#1343);
#1257=LINE('',#2841,#1344);
#1258=LINE('',#2847,#1345);
#1259=LINE('',#2853,#1346);
#1260=LINE('',#2859,#1347);
#1261=LINE('',#2865,#1348);
#1262=LINE('',#2871,#1349);
#1263=LINE('',#2877,#1350);
#1264=LINE('',#2883,#1351);
#1265=LINE('',#2889,#1352);
#1266=LINE('',#2895,#1353);
#1267=LINE('',#2901,#1354);
#1268=LINE('',#2907,#1355);
#1269=LINE('',#2913,#1356);
#1270=LINE('',#2919,#1357);
#1271=LINE('',#2925,#1358);
#1272=LINE('',#2931,#1359);
#1273=LINE('',#2937,#1360);
#1274=LINE('',#2943,#1361);
#1275=LINE('',#2949,#1362);
#1276=LINE('',#2955,#1363);
#1277=LINE('',#2961,#1364);
#1278=LINE('',#2967,#1365);
#1279=LINE('',#2973,#1366);
#1280=LINE('',#2979,#1367);
#1281=LINE('',#2985,#1368);
#1282=LINE('',#2991,#1369);
#1283=LINE('',#2997,#1370);
#1284=LINE('',#3003,#1371);
#1285=LINE('',#3009,#1372);
#1286=VECTOR('',#1909,1.);
#1287=VECTOR('',#1910,1.);
#1288=VECTOR('',#1911,1.);
#1289=VECTOR('',#1912,1.);
#1290=VECTOR('',#1917,1.);
#1291=VECTOR('',#1924,1.);
#1292=VECTOR('',#1931,1.);
#1293=VECTOR('',#1938,1.);
#1294=VECTOR('',#1945,1.);
#1295=VECTOR('',#1952,1.);
#1296=VECTOR('',#1959,1.);
#1297=VECTOR('',#1966,1.);
#1298=VECTOR('',#1973,1.);
#1299=VECTOR('',#1980,1.);
#1300=VECTOR('',#1987,1.);
#1301=VECTOR('',#1994,1.);
#1302=VECTOR('',#2001,1.);
#1303=VECTOR('',#2008,1.);
#1304=VECTOR('',#2015,1.);
#1305=VECTOR('',#2022,1.);
#1306=VECTOR('',#2029,1.);
#1307=VECTOR('',#2036,1.);
#1308=VECTOR('',#2043,1.);
#1309=VECTOR('',#2050,1.);
#1310=VECTOR('',#2057,1.);
#1311=VECTOR('',#2064,1.);
#1312=VECTOR('',#2071,1.);
#1313=VECTOR('',#2078,1.);
#1314=VECTOR('',#2085,1.);
#1315=VECTOR('',#2092,1.);
#1316=VECTOR('',#2099,1.);
#1317=VECTOR('',#2106,1.);
#1318=VECTOR('',#2113,1.);
#1319=VECTOR('',#2120,1.);
#1320=VECTOR('',#2127,1.);
#1321=VECTOR('',#2134,1.);
#1322=VECTOR('',#2141,1.);
#1323=VECTOR('',#2148,1.);
#1324=VECTOR('',#2155,1.);
#1325=VECTOR('',#2162,1.);
#1326=VECTOR('',#2169,1.);
#1327=VECTOR('',#2176,1.);
#1328=VECTOR('',#2183,1.);
#1329=VECTOR('',#2190,1.);
#1330=VECTOR('',#2197,1.);
#1331=VECTOR('',#2204,1.);
#1332=VECTOR('',#2211,1.);
#1333=VECTOR('',#2218,1.);
#1334=VECTOR('',#2225,1.);
#1335=VECTOR('',#2232,1.);
#1336=VECTOR('',#2239,1.);
#1337=VECTOR('',#2246,1.);
#1338=VECTOR('',#2253,1.);
#1339=VECTOR('',#2260,1.);
#1340=VECTOR('',#2267,1.);
#1341=VECTOR('',#2274,1.);
#1342=VECTOR('',#2281,1.);
#1343=VECTOR('',#2288,1.);
#1344=VECTOR('',#2295,1.);
#1345=VECTOR('',#2302,1.);
#1346=VECTOR('',#2309,1.);
#1347=VECTOR('',#2316,1.);
#1348=VECTOR('',#2323,1.);
#1349=VECTOR('',#2330,1.);
#1350=VECTOR('',#2337,1.);
#1351=VECTOR('',#2344,1.);
#1352=VECTOR('',#2351,1.);
#1353=VECTOR('',#2358,1.);
#1354=VECTOR('',#2365,1.);
#1355=VECTOR('',#2372,1.);
#1356=VECTOR('',#2379,1.);
#1357=VECTOR('',#2386,1.);
#1358=VECTOR('',#2393,1.);
#1359=VECTOR('',#2400,1.);
#1360=VECTOR('',#2407,1.);
#1361=VECTOR('',#2414,1.);
#1362=VECTOR('',#2421,1.);
#1363=VECTOR('',#2428,1.);
#1364=VECTOR('',#2435,1.);
#1365=VECTOR('',#2442,1.);
#1366=VECTOR('',#2449,1.);
#1367=VECTOR('',#2456,1.);
#1368=VECTOR('',#2463,1.);
#1369=VECTOR('',#2470,1.);
#1370=VECTOR('',#2477,1.);
#1371=VECTOR('',#2484,1.);
#1372=VECTOR('',#2491,1.);
#1373=EDGE_LOOP('',(#264,#265,#266,#267));
#1374=EDGE_LOOP('',(#268,#269,#270,#271));
#1375=EDGE_LOOP('',(#272,#273,#274,#275));
#1376=EDGE_LOOP('',(#276,#277,#278,#279));
#1377=EDGE_LOOP('',(#280,#281,#282,#283));
#1378=EDGE_LOOP('',(#284,#285,#286,#287));
#1379=EDGE_LOOP('',(#288,#289,#290,#291));
#1380=EDGE_LOOP('',(#292,#293,#294,#295));
#1381=EDGE_LOOP('',(#296,#297,#298,#299));
#1382=EDGE_LOOP('',(#300,#301,#302,#303));
#1383=EDGE_LOOP('',(#304,#305,#306,#307));
#1384=EDGE_LOOP('',(#308,#309,#310,#311));
#1385=EDGE_LOOP('',(#312,#313,#314,#315));
#1386=EDGE_LOOP('',(#316,#317,#318,#319));
#1387=EDGE_LOOP('',(#320,#321,#322,#323));
#1388=EDGE_LOOP('',(#324,#325,#326,#327));
#1389=EDGE_LOOP('',(#328,#329,#330,#331));
#1390=EDGE_LOOP('',(#332,#333,#334,#335));
#1391=EDGE_LOOP('',(#336,#337,#338,#339));
#1392=EDGE_LOOP('',(#340,#341,#342,#343));
#1393=EDGE_LOOP('',(#344,#345,#346,#347));
#1394=EDGE_LOOP('',(#348,#349,#350,#351));
#1395=EDGE_LOOP('',(#352,#353,#354,#355));
#1396=EDGE_LOOP('',(#356,#357,#358,#359));
#1397=EDGE_LOOP('',(#360,#361,#362,#363));
#1398=EDGE_LOOP('',(#364,#365,#366,#367));
#1399=EDGE_LOOP('',(#368,#369,#370,#371));
#1400=EDGE_LOOP('',(#372,#373,#374,#375));
#1401=EDGE_LOOP('',(#376,#377,#378,#379));
#1402=EDGE_LOOP('',(#380,#381,#382,#383));
#1403=EDGE_LOOP('',(#384,#385,#386,#387));
#1404=EDGE_LOOP('',(#388,#389,#390,#391));
#1405=EDGE_LOOP('',(#392,#393,#394,#395));
#1406=EDGE_LOOP('',(#396,#397,#398,#399));
#1407=EDGE_LOOP('',(#400,#401,#402,#403));
#1408=EDGE_LOOP('',(#404,#405,#406,#407));
#1409=EDGE_LOOP('',(#408,#409,#410,#411));
#1410=EDGE_LOOP('',(#412,#413,#414,#415));
#1411=EDGE_LOOP('',(#416,#417,#418,#419));
#1412=EDGE_LOOP('',(#420,#421,#422,#423));
#1413=EDGE_LOOP('',(#424,#425,#426,#427));
#1414=EDGE_LOOP('',(#428,#429,#430,#431));
#1415=EDGE_LOOP('',(#432,#433,#434,#435));
#1416=EDGE_LOOP('',(#436,#437,#438,#439));
#1417=EDGE_LOOP('',(#440,#441,#442,#443));
#1418=EDGE_LOOP('',(#444,#445,#446,#447));
#1419=EDGE_LOOP('',(#448,#449,#450,#451));
#1420=EDGE_LOOP('',(#452,#453,#454,#455));
#1421=EDGE_LOOP('',(#456,#457,#458,#459));
#1422=EDGE_LOOP('',(#460,#461,#462,#463));
#1423=EDGE_LOOP('',(#464,#465,#466,#467));
#1424=EDGE_LOOP('',(#468,#469,#470,#471));
#1425=EDGE_LOOP('',(#472,#473,#474,#475));
#1426=EDGE_LOOP('',(#476,#477,#478,#479));
#1427=EDGE_LOOP('',(#480,#481,#482,#483));
#1428=EDGE_LOOP('',(#484,#485,#486,#487));
#1429=EDGE_LOOP('',(#488,#489,#490,#491));
#1430=EDGE_LOOP('',(#492,#493,#494,#495));
#1431=EDGE_LOOP('',(#496,#497,#498,#499));
#1432=EDGE_LOOP('',(#500,#501,#502,#503));
#1433=EDGE_LOOP('',(#504,#505,#506,#507));
#1434=EDGE_LOOP('',(#508,#509,#510,#511));
#1435=EDGE_LOOP('',(#512,#513,#514,#515));
#1436=EDGE_LOOP('',(#516,#517,#518,#519));
#1437=EDGE_LOOP('',(#520,#521,#522,#523));
#1438=EDGE_LOOP('',(#524,#525,#526,#527));
#1439=EDGE_LOOP('',(#528,#529,#530,#531));
#1440=EDGE_LOOP('',(#532,#533,#534,#535));
#1441=EDGE_LOOP('',(#536,#537,#538,#539));
#1442=EDGE_LOOP('',(#540,#541,#542,#543));
#1443=EDGE_LOOP('',(#544,#545,#546,#547));
#1444=EDGE_LOOP('',(#548,#549,#550,#551));
#1445=EDGE_LOOP('',(#552,#553,#554,#555));
#1446=EDGE_LOOP('',(#556,#557,#558,#559));
#1447=EDGE_LOOP('',(#560,#561,#562,#563));
#1448=EDGE_LOOP('',(#564,#565,#566,#567));
#1449=EDGE_LOOP('',(#568,#569,#570,#571));
#1450=EDGE_LOOP('',(#572,#573,#574,#575));
#1451=EDGE_LOOP('',(#576,#577,#578,#579));
#1452=EDGE_LOOP('',(#580,#581,#582,#583));
#1453=EDGE_LOOP('',(#584,#585,#586,#587));
#1454=EDGE_LOOP('',(#588,#589,#590,#591));
#1455=EDGE_LOOP('',(#592,#593,#594,#595));
#1456=EDGE_LOOP('',(#596,#597,#598,#599));
#1457=EDGE_LOOP('',(#600,#601,#602,#603));
#1458=EDGE_LOOP('',(#604,#605,#606,#607,#608,#609,#610,#611,#612,#613,#614,
#615,#616,#617,#618,#619,#620,#621,#622,#623,#624,#625,#626,#627,#628,#629,
#630,#631,#632,#633,#634,#635,#636,#637,#638,#639,#640,#641,#642,#643,#644,
#645,#646,#647,#648,#649,#650,#651,#652,#653,#654,#655,#656,#657,#658,#659,
#660,#661,#662,#663,#664,#665,#666,#667,#668,#669,#670,#671,#672,#673,#674,
#675,#676,#677,#678,#679,#680,#681,#682,#683,#684,#685,#686,#687,#688));
#1459=EDGE_LOOP('',(#689,#690,#691,#692,#693,#694,#695,#696,#697,#698,#699,
#700,#701,#702,#703,#704,#705,#706,#707,#708,#709,#710,#711,#712,#713,#714,
#715,#716,#717,#718,#719,#720,#721,#722,#723,#724,#725,#726,#727,#728,#729,
#730,#731,#732,#733,#734,#735,#736,#737,#738,#739,#740,#741,#742,#743,#744,
#745,#746,#747,#748,#749,#750,#751,#752,#753,#754,#755,#756,#757,#758,#759,
#760,#761,#762,#763,#764,#765,#766,#767,#768,#769,#770,#771,#772,#773));
#1460=FACE_BOUND('',#1373,.T.);
#1461=FACE_BOUND('',#1374,.T.);
#1462=FACE_BOUND('',#1375,.T.);
#1463=FACE_BOUND('',#1376,.T.);
#1464=FACE_BOUND('',#1377,.T.);
#1465=FACE_BOUND('',#1378,.T.);
#1466=FACE_BOUND('',#1379,.T.);
#1467=FACE_BOUND('',#1380,.T.);
#1468=FACE_BOUND('',#1381,.T.);
#1469=FACE_BOUND('',#1382,.T.);
#1470=FACE_BOUND('',#1383,.T.);
#1471=FACE_BOUND('',#1384,.T.);
#1472=FACE_BOUND('',#1385,.T.);
#1473=FACE_BOUND('',#1386,.T.);
#1474=FACE_BOUND('',#1387,.T.);
#1475=FACE_BOUND('',#1388,.T.);
#1476=FACE_BOUND('',#1389,.T.);
#1477=FACE_BOUND('',#1390,.T.);
#1478=FACE_BOUND('',#1391,.T.);
#1479=FACE_BOUND('',#1392,.T.);
#1480=FACE_BOUND('',#1393,.T.);
#1481=FACE_BOUND('',#1394,.T.);
#1482=FACE_BOUND('',#1395,.T.);
#1483=FACE_BOUND('',#1396,.T.);
#1484=FACE_BOUND('',#1397,.T.);
#1485=FACE_BOUND('',#1398,.T.);
#1486=FACE_BOUND('',#1399,.T.);
#1487=FACE_BOUND('',#1400,.T.);
#1488=FACE_BOUND('',#1401,.T.);
#1489=FACE_BOUND('',#1402,.T.);
#1490=FACE_BOUND('',#1403,.T.);
#1491=FACE_BOUND('',#1404,.T.);
#1492=FACE_BOUND('',#1405,.T.);
#1493=FACE_BOUND('',#1406,.T.);
#1494=FACE_BOUND('',#1407,.T.);
#1495=FACE_BOUND('',#1408,.T.);
#1496=FACE_BOUND('',#1409,.T.);
#1497=FACE_BOUND('',#1410,.T.);
#1498=FACE_BOUND('',#1411,.T.);
#1499=FACE_BOUND('',#1412,.T.);
#1500=FACE_BOUND('',#1413,.T.);
#1501=FACE_BOUND('',#1414,.T.);
#1502=FACE_BOUND('',#1415,.T.);
#1503=FACE_BOUND('',#1416,.T.);
#1504=FACE_BOUND('',#1417,.T.);
#1505=FACE_BOUND('',#1418,.T.);
#1506=FACE_BOUND('',#1419,.T.);
#1507=FACE_BOUND('',#1420,.T.);
#1508=FACE_BOUND('',#1421,.T.);
#1509=FACE_BOUND('',#1422,.T.);
#1510=FACE_BOUND('',#1423,.T.);
#1511=FACE_BOUND('',#1424,.T.);
#1512=FACE_BOUND('',#1425,.T.);
#1513=FACE_BOUND('',#1426,.T.);
#1514=FACE_BOUND('',#1427,.T.);
#1515=FACE_BOUND('',#1428,.T.);
#1516=FACE_BOUND('',#1429,.T.);
#1517=FACE_BOUND('',#1430,.T.);
#1518=FACE_BOUND('',#1431,.T.);
#1519=FACE_BOUND('',#1432,.T.);
#1520=FACE_BOUND('',#1433,.T.);
#1521=FACE_BOUND('',#1434,.T.);
#1522=FACE_BOUND('',#1435,.T.);
#1523=FACE_BOUND('',#1436,.T.);
#1524=FACE_BOUND('',#1437,.T.);
#1525=FACE_BOUND('',#1438,.T.);
#1526=FACE_BOUND('',#1439,.T.);
#1527=FACE_BOUND('',#1440,.T.);
#1528=FACE_BOUND('',#1441,.T.);
#1529=FACE_BOUND('',#1442,.T.);
#1530=FACE_BOUND('',#1443,.T.);
#1531=FACE_BOUND('',#1444,.T.);
#1532=FACE_BOUND('',#1445,.T.);
#1533=FACE_BOUND('',#1446,.T.);
#1534=FACE_BOUND('',#1447,.T.);
#1535=FACE_BOUND('',#1448,.T.);
#1536=FACE_BOUND('',#1449,.T.);
#1537=FACE_BOUND('',#1450,.T.);
#1538=FACE_BOUND('',#1451,.T.);
#1539=FACE_BOUND('',#1452,.T.);
#1540=FACE_BOUND('',#1453,.T.);
#1541=FACE_BOUND('',#1454,.T.);
#1542=FACE_BOUND('',#1455,.T.);
#1543=FACE_BOUND('',#1456,.T.);
#1544=FACE_BOUND('',#1457,.T.);
#1545=FACE_BOUND('',#1458,.T.);
#1546=FACE_BOUND('',#1459,.T.);
#1547=PLANE('',#1650);
#1548=PLANE('',#1903);
#1549=PLANE('',#1904);
#1550=ADVANCED_FACE('',(#1460),#1547,.F.);
#1551=ADVANCED_FACE('',(#1461),#180,.F.);
#1552=ADVANCED_FACE('',(#1462),#181,.T.);
#1553=ADVANCED_FACE('',(#1463),#182,.T.);
#1554=ADVANCED_FACE('',(#1464),#183,.T.);
#1555=ADVANCED_FACE('',(#1465),#184,.T.);
#1556=ADVANCED_FACE('',(#1466),#185,.F.);
#1557=ADVANCED_FACE('',(#1467),#186,.F.);
#1558=ADVANCED_FACE('',(#1468),#187,.F.);
#1559=ADVANCED_FACE('',(#1469),#188,.F.);
#1560=ADVANCED_FACE('',(#1470),#189,.T.);
#1561=ADVANCED_FACE('',(#1471),#190,.T.);
#1562=ADVANCED_FACE('',(#1472),#191,.T.);
#1563=ADVANCED_FACE('',(#1473),#192,.T.);
#1564=ADVANCED_FACE('',(#1474),#193,.T.);
#1565=ADVANCED_FACE('',(#1475),#194,.T.);
#1566=ADVANCED_FACE('',(#1476),#195,.T.);
#1567=ADVANCED_FACE('',(#1477),#196,.T.);
#1568=ADVANCED_FACE('',(#1478),#197,.T.);
#1569=ADVANCED_FACE('',(#1479),#198,.T.);
#1570=ADVANCED_FACE('',(#1480),#199,.T.);
#1571=ADVANCED_FACE('',(#1481),#200,.T.);
#1572=ADVANCED_FACE('',(#1482),#201,.T.);
#1573=ADVANCED_FACE('',(#1483),#202,.T.);
#1574=ADVANCED_FACE('',(#1484),#203,.T.);
#1575=ADVANCED_FACE('',(#1485),#204,.T.);
#1576=ADVANCED_FACE('',(#1486),#205,.T.);
#1577=ADVANCED_FACE('',(#1487),#206,.T.);
#1578=ADVANCED_FACE('',(#1488),#207,.T.);
#1579=ADVANCED_FACE('',(#1489),#208,.T.);
#1580=ADVANCED_FACE('',(#1490),#209,.T.);
#1581=ADVANCED_FACE('',(#1491),#210,.T.);
#1582=ADVANCED_FACE('',(#1492),#211,.T.);
#1583=ADVANCED_FACE('',(#1493),#212,.T.);
#1584=ADVANCED_FACE('',(#1494),#213,.F.);
#1585=ADVANCED_FACE('',(#1495),#214,.F.);
#1586=ADVANCED_FACE('',(#1496),#215,.F.);
#1587=ADVANCED_FACE('',(#1497),#216,.F.);
#1588=ADVANCED_FACE('',(#1498),#217,.F.);
#1589=ADVANCED_FACE('',(#1499),#218,.F.);
#1590=ADVANCED_FACE('',(#1500),#219,.F.);
#1591=ADVANCED_FACE('',(#1501),#220,.F.);
#1592=ADVANCED_FACE('',(#1502),#221,.F.);
#1593=ADVANCED_FACE('',(#1503),#222,.F.);
#1594=ADVANCED_FACE('',(#1504),#223,.F.);
#1595=ADVANCED_FACE('',(#1505),#224,.F.);
#1596=ADVANCED_FACE('',(#1506),#225,.F.);
#1597=ADVANCED_FACE('',(#1507),#226,.F.);
#1598=ADVANCED_FACE('',(#1508),#227,.F.);
#1599=ADVANCED_FACE('',(#1509),#228,.F.);
#1600=ADVANCED_FACE('',(#1510),#229,.F.);
#1601=ADVANCED_FACE('',(#1511),#230,.F.);
#1602=ADVANCED_FACE('',(#1512),#231,.F.);
#1603=ADVANCED_FACE('',(#1513),#232,.F.);
#1604=ADVANCED_FACE('',(#1514),#233,.F.);
#1605=ADVANCED_FACE('',(#1515),#234,.F.);
#1606=ADVANCED_FACE('',(#1516),#235,.F.);
#1607=ADVANCED_FACE('',(#1517),#236,.F.);
#1608=ADVANCED_FACE('',(#1518),#237,.T.);
#1609=ADVANCED_FACE('',(#1519),#238,.T.);
#1610=ADVANCED_FACE('',(#1520),#239,.T.);
#1611=ADVANCED_FACE('',(#1521),#240,.T.);
#1612=ADVANCED_FACE('',(#1522),#241,.T.);
#1613=ADVANCED_FACE('',(#1523),#242,.T.);
#1614=ADVANCED_FACE('',(#1524),#243,.T.);
#1615=ADVANCED_FACE('',(#1525),#244,.T.);
#1616=ADVANCED_FACE('',(#1526),#245,.T.);
#1617=ADVANCED_FACE('',(#1527),#246,.T.);
#1618=ADVANCED_FACE('',(#1528),#247,.T.);
#1619=ADVANCED_FACE('',(#1529),#248,.T.);
#1620=ADVANCED_FACE('',(#1530),#249,.T.);
#1621=ADVANCED_FACE('',(#1531),#250,.T.);
#1622=ADVANCED_FACE('',(#1532),#251,.T.);
#1623=ADVANCED_FACE('',(#1533),#252,.T.);
#1624=ADVANCED_FACE('',(#1534),#253,.F.);
#1625=ADVANCED_FACE('',(#1535),#254,.F.);
#1626=ADVANCED_FACE('',(#1536),#255,.F.);
#1627=ADVANCED_FACE('',(#1537),#256,.F.);
#1628=ADVANCED_FACE('',(#1538),#257,.F.);
#1629=ADVANCED_FACE('',(#1539),#258,.F.);
#1630=ADVANCED_FACE('',(#1540),#259,.F.);
#1631=ADVANCED_FACE('',(#1541),#260,.F.);
#1632=ADVANCED_FACE('',(#1542),#261,.F.);
#1633=ADVANCED_FACE('',(#1543),#262,.F.);
#1634=ADVANCED_FACE('',(#1544),#263,.F.);
#1635=ADVANCED_FACE('',(#1545),#1548,.T.);
#1636=ADVANCED_FACE('',(#1546),#1549,.F.);
#1637=CLOSED_SHELL('',(#1550,#1551,#1552,#1553,#1554,#1555,#1556,#1557,
#1558,#1559,#1560,#1561,#1562,#1563,#1564,#1565,#1566,#1567,#1568,#1569,
#1570,#1571,#1572,#1573,#1574,#1575,#1576,#1577,#1578,#1579,#1580,#1581,
#1582,#1583,#1584,#1585,#1586,#1587,#1588,#1589,#1590,#1591,#1592,#1593,
#1594,#1595,#1596,#1597,#1598,#1599,#1600,#1601,#1602,#1603,#1604,#1605,
#1606,#1607,#1608,#1609,#1610,#1611,#1612,#1613,#1614,#1615,#1616,#1617,
#1618,#1619,#1620,#1621,#1622,#1623,#1624,#1625,#1626,#1627,#1628,#1629,
#1630,#1631,#1632,#1633,#1634,#1635,#1636));
#1638=STYLED_ITEM('',(#1639),#1646);
#1639=PRESENTATION_STYLE_ASSIGNMENT((#1640));
#1640=SURFACE_STYLE_USAGE(.BOTH.,#1641);
#1641=SURFACE_SIDE_STYLE('',(#1642));
#1642=SURFACE_STYLE_FILL_AREA(#1643);
#1643=FILL_AREA_STYLE('',(#1644));
#1644=FILL_AREA_STYLE_COLOUR('',#1645);
#1645=COLOUR_RGB('',0.682352941176471,0.333333333333334,0.737254901960784);
#1646=MANIFOLD_SOLID_BREP('ForgeE2',#1637);
#1647=SHAPE_DEFINITION_REPRESENTATION(#3023,#1648);
#1648=SHAPE_REPRESENTATION('ForgeE2',(#1649),#3018);
#1649=AXIS2_PLACEMENT_3D('',#2504,#1905,#1906);
#1650=AXIS2_PLACEMENT_3D('',#2505,#1907,#1908);
#1651=AXIS2_PLACEMENT_3D('',#2514,#1913,#1914);
#1652=AXIS2_PLACEMENT_3D('',#2515,#1915,#1916);
#1653=AXIS2_PLACEMENT_3D('',#2519,#1918,#1919);
#1654=AXIS2_PLACEMENT_3D('',#2520,#1920,#1921);
#1655=AXIS2_PLACEMENT_3D('',#2521,#1922,#1923);
#1656=AXIS2_PLACEMENT_3D('',#2525,#1925,#1926);
#1657=AXIS2_PLACEMENT_3D('',#2526,#1927,#1928);
#1658=AXIS2_PLACEMENT_3D('',#2527,#1929,#1930);
#1659=AXIS2_PLACEMENT_3D('',#2531,#1932,#1933);
#1660=AXIS2_PLACEMENT_3D('',#2532,#1934,#1935);
#1661=AXIS2_PLACEMENT_3D('',#2533,#1936,#1937);
#1662=AXIS2_PLACEMENT_3D('',#2537,#1939,#1940);
#1663=AXIS2_PLACEMENT_3D('',#2538,#1941,#1942);
#1664=AXIS2_PLACEMENT_3D('',#2539,#1943,#1944);
#1665=AXIS2_PLACEMENT_3D('',#2543,#1946,#1947);
#1666=AXIS2_PLACEMENT_3D('',#2544,#1948,#1949);
#1667=AXIS2_PLACEMENT_3D('',#2545,#1950,#1951);
#1668=AXIS2_PLACEMENT_3D('',#2549,#1953,#1954);
#1669=AXIS2_PLACEMENT_3D('',#2550,#1955,#1956);
#1670=AXIS2_PLACEMENT_3D('',#2551,#1957,#1958);
#1671=AXIS2_PLACEMENT_3D('',#2555,#1960,#1961);
#1672=AXIS2_PLACEMENT_3D('',#2556,#1962,#1963);
#1673=AXIS2_PLACEMENT_3D('',#2557,#1964,#1965);
#1674=AXIS2_PLACEMENT_3D('',#2561,#1967,#1968);
#1675=AXIS2_PLACEMENT_3D('',#2562,#1969,#1970);
#1676=AXIS2_PLACEMENT_3D('',#2563,#1971,#1972);
#1677=AXIS2_PLACEMENT_3D('',#2567,#1974,#1975);
#1678=AXIS2_PLACEMENT_3D('',#2568,#1976,#1977);
#1679=AXIS2_PLACEMENT_3D('',#2569,#1978,#1979);
#1680=AXIS2_PLACEMENT_3D('',#2573,#1981,#1982);
#1681=AXIS2_PLACEMENT_3D('',#2574,#1983,#1984);
#1682=AXIS2_PLACEMENT_3D('',#2575,#1985,#1986);
#1683=AXIS2_PLACEMENT_3D('',#2579,#1988,#1989);
#1684=AXIS2_PLACEMENT_3D('',#2580,#1990,#1991);
#1685=AXIS2_PLACEMENT_3D('',#2581,#1992,#1993);
#1686=AXIS2_PLACEMENT_3D('',#2585,#1995,#1996);
#1687=AXIS2_PLACEMENT_3D('',#2586,#1997,#1998);
#1688=AXIS2_PLACEMENT_3D('',#2587,#1999,#2000);
#1689=AXIS2_PLACEMENT_3D('',#2591,#2002,#2003);
#1690=AXIS2_PLACEMENT_3D('',#2592,#2004,#2005);
#1691=AXIS2_PLACEMENT_3D('',#2593,#2006,#2007);
#1692=AXIS2_PLACEMENT_3D('',#2597,#2009,#2010);
#1693=AXIS2_PLACEMENT_3D('',#2598,#2011,#2012);
#1694=AXIS2_PLACEMENT_3D('',#2599,#2013,#2014);
#1695=AXIS2_PLACEMENT_3D('',#2603,#2016,#2017);
#1696=AXIS2_PLACEMENT_3D('',#2604,#2018,#2019);
#1697=AXIS2_PLACEMENT_3D('',#2605,#2020,#2021);
#1698=AXIS2_PLACEMENT_3D('',#2609,#2023,#2024);
#1699=AXIS2_PLACEMENT_3D('',#2610,#2025,#2026);
#1700=AXIS2_PLACEMENT_3D('',#2611,#2027,#2028);
#1701=AXIS2_PLACEMENT_3D('',#2615,#2030,#2031);
#1702=AXIS2_PLACEMENT_3D('',#2616,#2032,#2033);
#1703=AXIS2_PLACEMENT_3D('',#2617,#2034,#2035);
#1704=AXIS2_PLACEMENT_3D('',#2621,#2037,#2038);
#1705=AXIS2_PLACEMENT_3D('',#2622,#2039,#2040);
#1706=AXIS2_PLACEMENT_3D('',#2623,#2041,#2042);
#1707=AXIS2_PLACEMENT_3D('',#2627,#2044,#2045);
#1708=AXIS2_PLACEMENT_3D('',#2628,#2046,#2047);
#1709=AXIS2_PLACEMENT_3D('',#2629,#2048,#2049);
#1710=AXIS2_PLACEMENT_3D('',#2633,#2051,#2052);
#1711=AXIS2_PLACEMENT_3D('',#2634,#2053,#2054);
#1712=AXIS2_PLACEMENT_3D('',#2635,#2055,#2056);
#1713=AXIS2_PLACEMENT_3D('',#2639,#2058,#2059);
#1714=AXIS2_PLACEMENT_3D('',#2640,#2060,#2061);
#1715=AXIS2_PLACEMENT_3D('',#2641,#2062,#2063);
#1716=AXIS2_PLACEMENT_3D('',#2645,#2065,#2066);
#1717=AXIS2_PLACEMENT_3D('',#2646,#2067,#2068);
#1718=AXIS2_PLACEMENT_3D('',#2647,#2069,#2070);
#1719=AXIS2_PLACEMENT_3D('',#2651,#2072,#2073);
#1720=AXIS2_PLACEMENT_3D('',#2652,#2074,#2075);
#1721=AXIS2_PLACEMENT_3D('',#2653,#2076,#2077);
#1722=AXIS2_PLACEMENT_3D('',#2657,#2079,#2080);
#1723=AXIS2_PLACEMENT_3D('',#2658,#2081,#2082);
#1724=AXIS2_PLACEMENT_3D('',#2659,#2083,#2084);
#1725=AXIS2_PLACEMENT_3D('',#2663,#2086,#2087);
#1726=AXIS2_PLACEMENT_3D('',#2664,#2088,#2089);
#1727=AXIS2_PLACEMENT_3D('',#2665,#2090,#2091);
#1728=AXIS2_PLACEMENT_3D('',#2669,#2093,#2094);
#1729=AXIS2_PLACEMENT_3D('',#2670,#2095,#2096);
#1730=AXIS2_PLACEMENT_3D('',#2671,#2097,#2098);
#1731=AXIS2_PLACEMENT_3D('',#2675,#2100,#2101);
#1732=AXIS2_PLACEMENT_3D('',#2676,#2102,#2103);
#1733=AXIS2_PLACEMENT_3D('',#2677,#2104,#2105);
#1734=AXIS2_PLACEMENT_3D('',#2681,#2107,#2108);
#1735=AXIS2_PLACEMENT_3D('',#2682,#2109,#2110);
#1736=AXIS2_PLACEMENT_3D('',#2683,#2111,#2112);
#1737=AXIS2_PLACEMENT_3D('',#2687,#2114,#2115);
#1738=AXIS2_PLACEMENT_3D('',#2688,#2116,#2117);
#1739=AXIS2_PLACEMENT_3D('',#2689,#2118,#2119);
#1740=AXIS2_PLACEMENT_3D('',#2693,#2121,#2122);
#1741=AXIS2_PLACEMENT_3D('',#2694,#2123,#2124);
#1742=AXIS2_PLACEMENT_3D('',#2695,#2125,#2126);
#1743=AXIS2_PLACEMENT_3D('',#2699,#2128,#2129);
#1744=AXIS2_PLACEMENT_3D('',#2700,#2130,#2131);
#1745=AXIS2_PLACEMENT_3D('',#2701,#2132,#2133);
#1746=AXIS2_PLACEMENT_3D('',#2705,#2135,#2136);
#1747=AXIS2_PLACEMENT_3D('',#2706,#2137,#2138);
#1748=AXIS2_PLACEMENT_3D('',#2707,#2139,#2140);
#1749=AXIS2_PLACEMENT_3D('',#2711,#2142,#2143);
#1750=AXIS2_PLACEMENT_3D('',#2712,#2144,#2145);
#1751=AXIS2_PLACEMENT_3D('',#2713,#2146,#2147);
#1752=AXIS2_PLACEMENT_3D('',#2717,#2149,#2150);
#1753=AXIS2_PLACEMENT_3D('',#2718,#2151,#2152);
#1754=AXIS2_PLACEMENT_3D('',#2719,#2153,#2154);
#1755=AXIS2_PLACEMENT_3D('',#2723,#2156,#2157);
#1756=AXIS2_PLACEMENT_3D('',#2724,#2158,#2159);
#1757=AXIS2_PLACEMENT_3D('',#2725,#2160,#2161);
#1758=AXIS2_PLACEMENT_3D('',#2729,#2163,#2164);
#1759=AXIS2_PLACEMENT_3D('',#2730,#2165,#2166);
#1760=AXIS2_PLACEMENT_3D('',#2731,#2167,#2168);
#1761=AXIS2_PLACEMENT_3D('',#2735,#2170,#2171);
#1762=AXIS2_PLACEMENT_3D('',#2736,#2172,#2173);
#1763=AXIS2_PLACEMENT_3D('',#2737,#2174,#2175);
#1764=AXIS2_PLACEMENT_3D('',#2741,#2177,#2178);
#1765=AXIS2_PLACEMENT_3D('',#2742,#2179,#2180);
#1766=AXIS2_PLACEMENT_3D('',#2743,#2181,#2182);
#1767=AXIS2_PLACEMENT_3D('',#2747,#2184,#2185);
#1768=AXIS2_PLACEMENT_3D('',#2748,#2186,#2187);
#1769=AXIS2_PLACEMENT_3D('',#2749,#2188,#2189);
#1770=AXIS2_PLACEMENT_3D('',#2753,#2191,#2192);
#1771=AXIS2_PLACEMENT_3D('',#2754,#2193,#2194);
#1772=AXIS2_PLACEMENT_3D('',#2755,#2195,#2196);
#1773=AXIS2_PLACEMENT_3D('',#2759,#2198,#2199);
#1774=AXIS2_PLACEMENT_3D('',#2760,#2200,#2201);
#1775=AXIS2_PLACEMENT_3D('',#2761,#2202,#2203);
#1776=AXIS2_PLACEMENT_3D('',#2765,#2205,#2206);
#1777=AXIS2_PLACEMENT_3D('',#2766,#2207,#2208);
#1778=AXIS2_PLACEMENT_3D('',#2767,#2209,#2210);
#1779=AXIS2_PLACEMENT_3D('',#2771,#2212,#2213);
#1780=AXIS2_PLACEMENT_3D('',#2772,#2214,#2215);
#1781=AXIS2_PLACEMENT_3D('',#2773,#2216,#2217);
#1782=AXIS2_PLACEMENT_3D('',#2777,#2219,#2220);
#1783=AXIS2_PLACEMENT_3D('',#2778,#2221,#2222);
#1784=AXIS2_PLACEMENT_3D('',#2779,#2223,#2224);
#1785=AXIS2_PLACEMENT_3D('',#2783,#2226,#2227);
#1786=AXIS2_PLACEMENT_3D('',#2784,#2228,#2229);
#1787=AXIS2_PLACEMENT_3D('',#2785,#2230,#2231);
#1788=AXIS2_PLACEMENT_3D('',#2789,#2233,#2234);
#1789=AXIS2_PLACEMENT_3D('',#2790,#2235,#2236);
#1790=AXIS2_PLACEMENT_3D('',#2791,#2237,#2238);
#1791=AXIS2_PLACEMENT_3D('',#2795,#2240,#2241);
#1792=AXIS2_PLACEMENT_3D('',#2796,#2242,#2243);
#1793=AXIS2_PLACEMENT_3D('',#2797,#2244,#2245);
#1794=AXIS2_PLACEMENT_3D('',#2801,#2247,#2248);
#1795=AXIS2_PLACEMENT_3D('',#2802,#2249,#2250);
#1796=AXIS2_PLACEMENT_3D('',#2803,#2251,#2252);
#1797=AXIS2_PLACEMENT_3D('',#2807,#2254,#2255);
#1798=AXIS2_PLACEMENT_3D('',#2808,#2256,#2257);
#1799=AXIS2_PLACEMENT_3D('',#2809,#2258,#2259);
#1800=AXIS2_PLACEMENT_3D('',#2813,#2261,#2262);
#1801=AXIS2_PLACEMENT_3D('',#2814,#2263,#2264);
#1802=AXIS2_PLACEMENT_3D('',#2815,#2265,#2266);
#1803=AXIS2_PLACEMENT_3D('',#2819,#2268,#2269);
#1804=AXIS2_PLACEMENT_3D('',#2820,#2270,#2271);
#1805=AXIS2_PLACEMENT_3D('',#2821,#2272,#2273);
#1806=AXIS2_PLACEMENT_3D('',#2825,#2275,#2276);
#1807=AXIS2_PLACEMENT_3D('',#2826,#2277,#2278);
#1808=AXIS2_PLACEMENT_3D('',#2827,#2279,#2280);
#1809=AXIS2_PLACEMENT_3D('',#2831,#2282,#2283);
#1810=AXIS2_PLACEMENT_3D('',#2832,#2284,#2285);
#1811=AXIS2_PLACEMENT_3D('',#2833,#2286,#2287);
#1812=AXIS2_PLACEMENT_3D('',#2837,#2289,#2290);
#1813=AXIS2_PLACEMENT_3D('',#2838,#2291,#2292);
#1814=AXIS2_PLACEMENT_3D('',#2839,#2293,#2294);
#1815=AXIS2_PLACEMENT_3D('',#2843,#2296,#2297);
#1816=AXIS2_PLACEMENT_3D('',#2844,#2298,#2299);
#1817=AXIS2_PLACEMENT_3D('',#2845,#2300,#2301);
#1818=AXIS2_PLACEMENT_3D('',#2849,#2303,#2304);
#1819=AXIS2_PLACEMENT_3D('',#2850,#2305,#2306);
#1820=AXIS2_PLACEMENT_3D('',#2851,#2307,#2308);
#1821=AXIS2_PLACEMENT_3D('',#2855,#2310,#2311);
#1822=AXIS2_PLACEMENT_3D('',#2856,#2312,#2313);
#1823=AXIS2_PLACEMENT_3D('',#2857,#2314,#2315);
#1824=AXIS2_PLACEMENT_3D('',#2861,#2317,#2318);
#1825=AXIS2_PLACEMENT_3D('',#2862,#2319,#2320);
#1826=AXIS2_PLACEMENT_3D('',#2863,#2321,#2322);
#1827=AXIS2_PLACEMENT_3D('',#2867,#2324,#2325);
#1828=AXIS2_PLACEMENT_3D('',#2868,#2326,#2327);
#1829=AXIS2_PLACEMENT_3D('',#2869,#2328,#2329);
#1830=AXIS2_PLACEMENT_3D('',#2873,#2331,#2332);
#1831=AXIS2_PLACEMENT_3D('',#2874,#2333,#2334);
#1832=AXIS2_PLACEMENT_3D('',#2875,#2335,#2336);
#1833=AXIS2_PLACEMENT_3D('',#2879,#2338,#2339);
#1834=AXIS2_PLACEMENT_3D('',#2880,#2340,#2341);
#1835=AXIS2_PLACEMENT_3D('',#2881,#2342,#2343);
#1836=AXIS2_PLACEMENT_3D('',#2885,#2345,#2346);
#1837=AXIS2_PLACEMENT_3D('',#2886,#2347,#2348);
#1838=AXIS2_PLACEMENT_3D('',#2887,#2349,#2350);
#1839=AXIS2_PLACEMENT_3D('',#2891,#2352,#2353);
#1840=AXIS2_PLACEMENT_3D('',#2892,#2354,#2355);
#1841=AXIS2_PLACEMENT_3D('',#2893,#2356,#2357);
#1842=AXIS2_PLACEMENT_3D('',#2897,#2359,#2360);
#1843=AXIS2_PLACEMENT_3D('',#2898,#2361,#2362);
#1844=AXIS2_PLACEMENT_3D('',#2899,#2363,#2364);
#1845=AXIS2_PLACEMENT_3D('',#2903,#2366,#2367);
#1846=AXIS2_PLACEMENT_3D('',#2904,#2368,#2369);
#1847=AXIS2_PLACEMENT_3D('',#2905,#2370,#2371);
#1848=AXIS2_PLACEMENT_3D('',#2909,#2373,#2374);
#1849=AXIS2_PLACEMENT_3D('',#2910,#2375,#2376);
#1850=AXIS2_PLACEMENT_3D('',#2911,#2377,#2378);
#1851=AXIS2_PLACEMENT_3D('',#2915,#2380,#2381);
#1852=AXIS2_PLACEMENT_3D('',#2916,#2382,#2383);
#1853=AXIS2_PLACEMENT_3D('',#2917,#2384,#2385);
#1854=AXIS2_PLACEMENT_3D('',#2921,#2387,#2388);
#1855=AXIS2_PLACEMENT_3D('',#2922,#2389,#2390);
#1856=AXIS2_PLACEMENT_3D('',#2923,#2391,#2392);
#1857=AXIS2_PLACEMENT_3D('',#2927,#2394,#2395);
#1858=AXIS2_PLACEMENT_3D('',#2928,#2396,#2397);
#1859=AXIS2_PLACEMENT_3D('',#2929,#2398,#2399);
#1860=AXIS2_PLACEMENT_3D('',#2933,#2401,#2402);
#1861=AXIS2_PLACEMENT_3D('',#2934,#2403,#2404);
#1862=AXIS2_PLACEMENT_3D('',#2935,#2405,#2406);
#1863=AXIS2_PLACEMENT_3D('',#2939,#2408,#2409);
#1864=AXIS2_PLACEMENT_3D('',#2940,#2410,#2411);
#1865=AXIS2_PLACEMENT_3D('',#2941,#2412,#2413);
#1866=AXIS2_PLACEMENT_3D('',#2945,#2415,#2416);
#1867=AXIS2_PLACEMENT_3D('',#2946,#2417,#2418);
#1868=AXIS2_PLACEMENT_3D('',#2947,#2419,#2420);
#1869=AXIS2_PLACEMENT_3D('',#2951,#2422,#2423);
#1870=AXIS2_PLACEMENT_3D('',#2952,#2424,#2425);
#1871=AXIS2_PLACEMENT_3D('',#2953,#2426,#2427);
#1872=AXIS2_PLACEMENT_3D('',#2957,#2429,#2430);
#1873=AXIS2_PLACEMENT_3D('',#2958,#2431,#2432);
#1874=AXIS2_PLACEMENT_3D('',#2959,#2433,#2434);
#1875=AXIS2_PLACEMENT_3D('',#2963,#2436,#2437);
#1876=AXIS2_PLACEMENT_3D('',#2964,#2438,#2439);
#1877=AXIS2_PLACEMENT_3D('',#2965,#2440,#2441);
#1878=AXIS2_PLACEMENT_3D('',#2969,#2443,#2444);
#1879=AXIS2_PLACEMENT_3D('',#2970,#2445,#2446);
#1880=AXIS2_PLACEMENT_3D('',#2971,#2447,#2448);
#1881=AXIS2_PLACEMENT_3D('',#2975,#2450,#2451);
#1882=AXIS2_PLACEMENT_3D('',#2976,#2452,#2453);
#1883=AXIS2_PLACEMENT_3D('',#2977,#2454,#2455);
#1884=AXIS2_PLACEMENT_3D('',#2981,#2457,#2458);
#1885=AXIS2_PLACEMENT_3D('',#2982,#2459,#2460);
#1886=AXIS2_PLACEMENT_3D('',#2983,#2461,#2462);
#1887=AXIS2_PLACEMENT_3D('',#2987,#2464,#2465);
#1888=AXIS2_PLACEMENT_3D('',#2988,#2466,#2467);
#1889=AXIS2_PLACEMENT_3D('',#2989,#2468,#2469);
#1890=AXIS2_PLACEMENT_3D('',#2993,#2471,#2472);
#1891=AXIS2_PLACEMENT_3D('',#2994,#2473,#2474);
#1892=AXIS2_PLACEMENT_3D('',#2995,#2475,#2476);
#1893=AXIS2_PLACEMENT_3D('',#2999,#2478,#2479);
#1894=AXIS2_PLACEMENT_3D('',#3000,#2480,#2481);
#1895=AXIS2_PLACEMENT_3D('',#3001,#2482,#2483);
#1896=AXIS2_PLACEMENT_3D('',#3005,#2485,#2486);
#1897=AXIS2_PLACEMENT_3D('',#3006,#2487,#2488);
#1898=AXIS2_PLACEMENT_3D('',#3007,#2489,#2490);
#1899=AXIS2_PLACEMENT_3D('',#3011,#2492,#2493);
#1900=AXIS2_PLACEMENT_3D('',#3012,#2494,#2495);
#1901=AXIS2_PLACEMENT_3D('',#3013,#2496,#2497);
#1902=AXIS2_PLACEMENT_3D('',#3014,#2498,#2499);
#1903=AXIS2_PLACEMENT_3D('',#3015,#2500,#2501);
#1904=AXIS2_PLACEMENT_3D('',#3016,#2502,#2503);
#1905=DIRECTION('',(0.,0.,1.));
#1906=DIRECTION('',(1.,0.,0.));
#1907=DIRECTION('',(1.,9.08232186375291E-17,-5.56131819963552E-33));
#1908=DIRECTION('',(-5.56131819963552E-33,1.22464679914735E-16,1.));
#1909=DIRECTION('',(-9.08232186375291E-17,1.,-1.22464679914735E-16));
#1910=DIRECTION('',(-5.56131819963552E-33,1.22464679914735E-16,1.));
#1911=DIRECTION('',(-9.08232186375291E-17,1.,-1.22464679914735E-16));
#1912=DIRECTION('',(-5.56131819963552E-33,1.22464679914735E-16,1.));
#1913=DIRECTION('',(-5.56131819963552E-33,1.22464679914735E-16,1.));
#1914=DIRECTION('',(-1.,-9.08232186375291E-17,5.56131819963552E-33));
#1915=DIRECTION('',(-5.56131819963552E-33,1.22464679914735E-16,1.));
#1916=DIRECTION('',(1.,9.08232186375291E-17,-5.56131819963552E-33));
#1917=DIRECTION('',(-5.56131819963552E-33,1.22464679914735E-16,1.));
#1918=DIRECTION('',(-5.56131819963552E-33,1.22464679914735E-16,1.));
#1919=DIRECTION('',(1.,9.08232186375291E-17,-5.56131819963552E-33));
#1920=DIRECTION('',(-5.56131819963552E-33,1.22464679914735E-16,1.));
#1921=DIRECTION('',(-1.,-9.08232186375291E-17,5.56131819963552E-33));
#1922=DIRECTION('',(5.56131819963552E-33,-1.22464679914735E-16,-1.));
#1923=DIRECTION('',(1.,9.08232186375291E-17,-5.56131819963552E-33));
#1924=DIRECTION('',(-5.56131819963552E-33,1.22464679914735E-16,1.));
#1925=DIRECTION('',(5.56131819963552E-33,-1.22464679914735E-16,-1.));
#1926=DIRECTION('',(1.,9.08232186375291E-17,-5.56131819963552E-33));
#1927=DIRECTION('',(-5.56131819963552E-33,1.22464679914735E-16,1.));
#1928=DIRECTION('',(-1.,-9.08232186375291E-17,5.56131819963552E-33));
#1929=DIRECTION('',(5.56131819963552E-33,-1.22464679914735E-16,-1.));
#1930=DIRECTION('',(1.,9.08232186375291E-17,-5.56131819963552E-33));
#1931=DIRECTION('',(-5.56131819963552E-33,1.22464679914735E-16,1.));
#1932=DIRECTION('',(5.56131819963552E-33,-1.22464679914735E-16,-1.));
#1933=DIRECTION('',(1.,9.08232186375291E-17,-5.56131819963552E-33));
#1934=DIRECTION('',(-5.56131819963552E-33,1.22464679914735E-16,1.));
#1935=DIRECTION('',(-1.,-9.08232186375291E-17,5.56131819963552E-33));
#1936=DIRECTION('',(5.56131819963552E-33,-1.22464679914735E-16,-1.));
#1937=DIRECTION('',(1.,9.08232186375291E-17,-5.56131819963552E-33));
#1938=DIRECTION('',(-5.56131819963552E-33,1.22464679914735E-16,1.));
#1939=DIRECTION('',(5.56131819963552E-33,-1.22464679914735E-16,-1.));
#1940=DIRECTION('',(1.,9.08232186375291E-17,-5.56131819963552E-33));
#1941=DIRECTION('',(-5.56131819963552E-33,1.22464679914735E-16,1.));
#1942=DIRECTION('',(-1.,-9.08232186375291E-17,5.56131819963552E-33));
#1943=DIRECTION('',(5.56131819963552E-33,-1.22464679914735E-16,-1.));
#1944=DIRECTION('',(1.,9.08232186375291E-17,-5.56131819963552E-33));
#1945=DIRECTION('',(-5.56131819963552E-33,1.22464679914735E-16,1.));
#1946=DIRECTION('',(5.56131819963552E-33,-1.22464679914735E-16,-1.));
#1947=DIRECTION('',(1.,9.08232186375291E-17,-5.56131819963552E-33));
#1948=DIRECTION('',(-5.56131819963552E-33,1.22464679914735E-16,1.));
#1949=DIRECTION('',(-1.,-9.08232186375291E-17,5.56131819963552E-33));
#1950=DIRECTION('',(-5.56131819963552E-33,1.22464679914735E-16,1.));
#1951=DIRECTION('',(1.,9.08232186375291E-17,-5.56131819963552E-33));
#1952=DIRECTION('',(-5.56131819963552E-33,1.22464679914735E-16,1.));
#1953=DIRECTION('',(-5.56131819963552E-33,1.22464679914735E-16,1.));
#1954=DIRECTION('',(1.,9.08232186375291E-17,-5.56131819963552E-33));
#1955=DIRECTION('',(-5.56131819963552E-33,1.22464679914735E-16,1.));
#1956=DIRECTION('',(-1.,-9.08232186375291E-17,5.56131819963552E-33));
#1957=DIRECTION('',(-5.56131819963552E-33,1.22464679914735E-16,1.));
#1958=DIRECTION('',(1.,9.08232186375291E-17,-5.56131819963552E-33));
#1959=DIRECTION('',(-5.56131819963552E-33,1.22464679914735E-16,1.));
#1960=DIRECTION('',(-5.56131819963552E-33,1.22464679914735E-16,1.));
#1961=DIRECTION('',(1.,9.08232186375291E-17,-5.56131819963552E-33));
#1962=DIRECTION('',(-5.56131819963552E-33,1.22464679914735E-16,1.));
#1963=DIRECTION('',(-1.,-9.08232186375291E-17,5.56131819963552E-33));
#1964=DIRECTION('',(-5.56131819963552E-33,1.22464679914735E-16,1.));
#1965=DIRECTION('',(1.,9.08232186375291E-17,-5.56131819963552E-33));
#1966=DIRECTION('',(-5.56131819963552E-33,1.22464679914735E-16,1.));
#1967=DIRECTION('',(-5.56131819963552E-33,1.22464679914735E-16,1.));
#1968=DIRECTION('',(1.,9.08232186375291E-17,-5.56131819963552E-33));
#1969=DIRECTION('',(-5.56131819963552E-33,1.22464679914735E-16,1.));
#1970=DIRECTION('',(-1.,-9.08232186375291E-17,5.56131819963552E-33));
#1971=DIRECTION('',(-5.56131819963552E-33,1.22464679914735E-16,1.));
#1972=DIRECTION('',(1.,9.08232186375291E-17,-5.56131819963552E-33));
#1973=DIRECTION('',(-5.56131819963552E-33,1.22464679914735E-16,1.));
#1974=DIRECTION('',(-5.56131819963552E-33,1.22464679914735E-16,1.));
#1975=DIRECTION('',(1.,9.08232186375291E-17,-5.56131819963552E-33));
#1976=DIRECTION('',(-5.56131819963552E-33,1.22464679914735E-16,1.));
#1977=DIRECTION('',(-1.,-9.08232186375291E-17,5.56131819963552E-33));
#1978=DIRECTION('',(5.56131819963552E-33,-1.22464679914735E-16,-1.));
#1979=DIRECTION('',(1.,9.08232186375291E-17,-5.56131819963552E-33));
#1980=DIRECTION('',(-5.56131819963552E-33,1.22464679914735E-16,1.));
#1981=DIRECTION('',(5.56131819963552E-33,-1.22464679914735E-16,-1.));
#1982=DIRECTION('',(1.,9.08232186375291E-17,-5.56131819963552E-33));
#1983=DIRECTION('',(-5.56131819963552E-33,1.22464679914735E-16,1.));
#1984=DIRECTION('',(-1.,-9.08232186375291E-17,5.56131819963552E-33));
#1985=DIRECTION('',(5.56131819963552E-33,-1.22464679914735E-16,-1.));
#1986=DIRECTION('',(1.,9.08232186375291E-17,-5.56131819963552E-33));
#1987=DIRECTION('',(-5.56131819963552E-33,1.22464679914735E-16,1.));
#1988=DIRECTION('',(5.56131819963552E-33,-1.22464679914735E-16,-1.));
#1989=DIRECTION('',(1.,9.08232186375291E-17,-5.56131819963552E-33));
#1990=DIRECTION('',(-5.56131819963552E-33,1.22464679914735E-16,1.));
#1991=DIRECTION('',(-1.,-9.08232186375291E-17,5.56131819963552E-33));
#1992=DIRECTION('',(5.56131819963552E-33,-1.22464679914735E-16,-1.));
#1993=DIRECTION('',(1.,9.08232186375291E-17,-5.56131819963552E-33));
#1994=DIRECTION('',(-5.56131819963552E-33,1.22464679914735E-16,1.));
#1995=DIRECTION('',(5.56131819963552E-33,-1.22464679914735E-16,-1.));
#1996=DIRECTION('',(1.,9.08232186375291E-17,-5.56131819963552E-33));
#1997=DIRECTION('',(-5.56131819963552E-33,1.22464679914735E-16,1.));
#1998=DIRECTION('',(-1.,-9.08232186375291E-17,5.56131819963552E-33));
#1999=DIRECTION('',(5.56131819963552E-33,-1.22464679914735E-16,-1.));
#2000=DIRECTION('',(1.,9.08232186375291E-17,-5.56131819963552E-33));
#2001=DIRECTION('',(-5.56131819963552E-33,1.22464679914735E-16,1.));
#2002=DIRECTION('',(5.56131819963552E-33,-1.22464679914735E-16,-1.));
#2003=DIRECTION('',(1.,9.08232186375291E-17,-5.56131819963552E-33));
#2004=DIRECTION('',(-5.56131819963552E-33,1.22464679914735E-16,1.));
#2005=DIRECTION('',(-1.,-9.08232186375291E-17,5.56131819963552E-33));
#2006=DIRECTION('',(5.56131819963552E-33,-1.22464679914735E-16,-1.));
#2007=DIRECTION('',(1.,9.08232186375291E-17,-5.56131819963552E-33));
#2008=DIRECTION('',(-5.56131819963552E-33,1.22464679914735E-16,1.));
#2009=DIRECTION('',(5.56131819963552E-33,-1.22464679914735E-16,-1.));
#2010=DIRECTION('',(1.,9.08232186375291E-17,-5.56131819963552E-33));
#2011=DIRECTION('',(-5.56131819963552E-33,1.22464679914735E-16,1.));
#2012=DIRECTION('',(-1.,-9.08232186375291E-17,5.56131819963552E-33));
#2013=DIRECTION('',(5.56131819963552E-33,-1.22464679914735E-16,-1.));
#2014=DIRECTION('',(1.,9.08232186375291E-17,-5.56131819963552E-33));
#2015=DIRECTION('',(-5.56131819963552E-33,1.22464679914735E-16,1.));
#2016=DIRECTION('',(5.56131819963552E-33,-1.22464679914735E-16,-1.));
#2017=DIRECTION('',(1.,9.08232186375291E-17,-5.56131819963552E-33));
#2018=DIRECTION('',(-5.56131819963552E-33,1.22464679914735E-16,1.));
#2019=DIRECTION('',(-1.,-9.08232186375291E-17,5.56131819963552E-33));
#2020=DIRECTION('',(5.56131819963552E-33,-1.22464679914735E-16,-1.));
#2021=DIRECTION('',(1.,9.08232186375291E-17,-5.56131819963552E-33));
#2022=DIRECTION('',(-5.56131819963552E-33,1.22464679914735E-16,1.));
#2023=DIRECTION('',(5.56131819963552E-33,-1.22464679914735E-16,-1.));
#2024=DIRECTION('',(1.,9.08232186375291E-17,-5.56131819963552E-33));
#2025=DIRECTION('',(-5.56131819963552E-33,1.22464679914735E-16,1.));
#2026=DIRECTION('',(-1.,-9.08232186375291E-17,5.56131819963552E-33));
#2027=DIRECTION('',(5.56131819963552E-33,-1.22464679914735E-16,-1.));
#2028=DIRECTION('',(1.,9.08232186375291E-17,-5.56131819963552E-33));
#2029=DIRECTION('',(-5.56131819963552E-33,1.22464679914735E-16,1.));
#2030=DIRECTION('',(5.56131819963552E-33,-1.22464679914735E-16,-1.));
#2031=DIRECTION('',(1.,9.08232186375291E-17,-5.56131819963552E-33));
#2032=DIRECTION('',(-5.56131819963552E-33,1.22464679914735E-16,1.));
#2033=DIRECTION('',(-1.,-9.08232186375291E-17,5.56131819963552E-33));
#2034=DIRECTION('',(5.56131819963552E-33,-1.22464679914735E-16,-1.));
#2035=DIRECTION('',(1.,9.08232186375291E-17,-5.56131819963552E-33));
#2036=DIRECTION('',(-5.56131819963552E-33,1.22464679914735E-16,1.));
#2037=DIRECTION('',(5.56131819963552E-33,-1.22464679914735E-16,-1.));
#2038=DIRECTION('',(1.,9.08232186375291E-17,-5.56131819963552E-33));
#2039=DIRECTION('',(-5.56131819963552E-33,1.22464679914735E-16,1.));
#2040=DIRECTION('',(-1.,-9.08232186375291E-17,5.56131819963552E-33));
#2041=DIRECTION('',(5.56131819963552E-33,-1.22464679914735E-16,-1.));
#2042=DIRECTION('',(1.,9.08232186375291E-17,-5.56131819963552E-33));
#2043=DIRECTION('',(-5.56131819963552E-33,1.22464679914735E-16,1.));
#2044=DIRECTION('',(5.56131819963552E-33,-1.22464679914735E-16,-1.));
#2045=DIRECTION('',(1.,9.08232186375291E-17,-5.56131819963552E-33));
#2046=DIRECTION('',(-5.56131819963552E-33,1.22464679914735E-16,1.));
#2047=DIRECTION('',(-1.,-9.08232186375291E-17,5.56131819963552E-33));
#2048=DIRECTION('',(5.56131819963552E-33,-1.22464679914735E-16,-1.));
#2049=DIRECTION('',(1.,9.08232186375291E-17,-5.56131819963552E-33));
#2050=DIRECTION('',(-5.56131819963552E-33,1.22464679914735E-16,1.));
#2051=DIRECTION('',(5.56131819963552E-33,-1.22464679914735E-16,-1.));
#2052=DIRECTION('',(1.,9.08232186375291E-17,-5.56131819963552E-33));
#2053=DIRECTION('',(-5.56131819963552E-33,1.22464679914735E-16,1.));
#2054=DIRECTION('',(-1.,-9.08232186375291E-17,5.56131819963552E-33));
#2055=DIRECTION('',(5.56131819963552E-33,-1.22464679914735E-16,-1.));
#2056=DIRECTION('',(1.,9.08232186375291E-17,-5.56131819963552E-33));
#2057=DIRECTION('',(-5.56131819963552E-33,1.22464679914735E-16,1.));
#2058=DIRECTION('',(5.56131819963552E-33,-1.22464679914735E-16,-1.));
#2059=DIRECTION('',(1.,9.08232186375291E-17,-5.56131819963552E-33));
#2060=DIRECTION('',(-5.56131819963552E-33,1.22464679914735E-16,1.));
#2061=DIRECTION('',(-1.,-9.08232186375291E-17,5.56131819963552E-33));
#2062=DIRECTION('',(5.56131819963552E-33,-1.22464679914735E-16,-1.));
#2063=DIRECTION('',(1.,9.08232186375291E-17,-5.56131819963552E-33));
#2064=DIRECTION('',(-5.56131819963552E-33,1.22464679914735E-16,1.));
#2065=DIRECTION('',(5.56131819963552E-33,-1.22464679914735E-16,-1.));
#2066=DIRECTION('',(1.,9.08232186375291E-17,-5.56131819963552E-33));
#2067=DIRECTION('',(-5.56131819963552E-33,1.22464679914735E-16,1.));
#2068=DIRECTION('',(-1.,-9.08232186375291E-17,5.56131819963552E-33));
#2069=DIRECTION('',(5.56131819963552E-33,-1.22464679914735E-16,-1.));
#2070=DIRECTION('',(1.,9.08232186375291E-17,-5.56131819963552E-33));
#2071=DIRECTION('',(-5.56131819963552E-33,1.22464679914735E-16,1.));
#2072=DIRECTION('',(5.56131819963552E-33,-1.22464679914735E-16,-1.));
#2073=DIRECTION('',(1.,9.08232186375291E-17,-5.56131819963552E-33));
#2074=DIRECTION('',(-5.56131819963552E-33,1.22464679914735E-16,1.));
#2075=DIRECTION('',(-1.,-9.08232186375291E-17,5.56131819963552E-33));
#2076=DIRECTION('',(5.56131819963552E-33,-1.22464679914735E-16,-1.));
#2077=DIRECTION('',(1.,9.08232186375291E-17,-5.56131819963552E-33));
#2078=DIRECTION('',(-5.56131819963552E-33,1.22464679914735E-16,1.));
#2079=DIRECTION('',(5.56131819963552E-33,-1.22464679914735E-16,-1.));
#2080=DIRECTION('',(1.,9.08232186375291E-17,-5.56131819963552E-33));
#2081=DIRECTION('',(-5.56131819963552E-33,1.22464679914735E-16,1.));
#2082=DIRECTION('',(-1.,-9.08232186375291E-17,5.56131819963552E-33));
#2083=DIRECTION('',(5.56131819963552E-33,-1.22464679914735E-16,-1.));
#2084=DIRECTION('',(1.,9.08232186375291E-17,-5.56131819963552E-33));
#2085=DIRECTION('',(-5.56131819963552E-33,1.22464679914735E-16,1.));
#2086=DIRECTION('',(5.56131819963552E-33,-1.22464679914735E-16,-1.));
#2087=DIRECTION('',(1.,9.08232186375291E-17,-5.56131819963552E-33));
#2088=DIRECTION('',(-5.56131819963552E-33,1.22464679914735E-16,1.));
#2089=DIRECTION('',(-1.,-9.08232186375291E-17,5.56131819963552E-33));
#2090=DIRECTION('',(5.56131819963552E-33,-1.22464679914735E-16,-1.));
#2091=DIRECTION('',(1.,9.08232186375291E-17,-5.56131819963552E-33));
#2092=DIRECTION('',(-5.56131819963552E-33,1.22464679914735E-16,1.));
#2093=DIRECTION('',(5.56131819963552E-33,-1.22464679914735E-16,-1.));
#2094=DIRECTION('',(1.,9.08232186375291E-17,-5.56131819963552E-33));
#2095=DIRECTION('',(-5.56131819963552E-33,1.22464679914735E-16,1.));
#2096=DIRECTION('',(-1.,-9.08232186375291E-17,5.56131819963552E-33));
#2097=DIRECTION('',(5.56131819963552E-33,-1.22464679914735E-16,-1.));
#2098=DIRECTION('',(1.,9.08232186375291E-17,-5.56131819963552E-33));
#2099=DIRECTION('',(-5.56131819963552E-33,1.22464679914735E-16,1.));
#2100=DIRECTION('',(5.56131819963552E-33,-1.22464679914735E-16,-1.));
#2101=DIRECTION('',(1.,9.08232186375291E-17,-5.56131819963552E-33));
#2102=DIRECTION('',(-5.56131819963552E-33,1.22464679914735E-16,1.));
#2103=DIRECTION('',(-1.,-9.08232186375291E-17,5.56131819963552E-33));
#2104=DIRECTION('',(5.56131819963552E-33,-1.22464679914735E-16,-1.));
#2105=DIRECTION('',(1.,9.08232186375291E-17,-5.56131819963552E-33));
#2106=DIRECTION('',(-5.56131819963552E-33,1.22464679914735E-16,1.));
#2107=DIRECTION('',(5.56131819963552E-33,-1.22464679914735E-16,-1.));
#2108=DIRECTION('',(1.,9.08232186375291E-17,-5.56131819963552E-33));
#2109=DIRECTION('',(-5.56131819963552E-33,1.22464679914735E-16,1.));
#2110=DIRECTION('',(-1.,-9.08232186375291E-17,5.56131819963552E-33));
#2111=DIRECTION('',(5.56131819963552E-33,-1.22464679914735E-16,-1.));
#2112=DIRECTION('',(1.,9.08232186375291E-17,-5.56131819963552E-33));
#2113=DIRECTION('',(-5.56131819963552E-33,1.22464679914735E-16,1.));
#2114=DIRECTION('',(5.56131819963552E-33,-1.22464679914735E-16,-1.));
#2115=DIRECTION('',(1.,9.08232186375291E-17,-5.56131819963552E-33));
#2116=DIRECTION('',(-5.56131819963552E-33,1.22464679914735E-16,1.));
#2117=DIRECTION('',(-1.,-9.08232186375291E-17,5.56131819963552E-33));
#2118=DIRECTION('',(5.56131819963552E-33,-1.22464679914735E-16,-1.));
#2119=DIRECTION('',(1.,9.08232186375291E-17,-5.56131819963552E-33));
#2120=DIRECTION('',(-5.56131819963552E-33,1.22464679914735E-16,1.));
#2121=DIRECTION('',(5.56131819963552E-33,-1.22464679914735E-16,-1.));
#2122=DIRECTION('',(1.,9.08232186375291E-17,-5.56131819963552E-33));
#2123=DIRECTION('',(-5.56131819963552E-33,1.22464679914735E-16,1.));
#2124=DIRECTION('',(-1.,-9.08232186375291E-17,5.56131819963552E-33));
#2125=DIRECTION('',(5.56131819963552E-33,-1.22464679914735E-16,-1.));
#2126=DIRECTION('',(1.,9.08232186375291E-17,-5.56131819963552E-33));
#2127=DIRECTION('',(-5.56131819963552E-33,1.22464679914735E-16,1.));
#2128=DIRECTION('',(5.56131819963552E-33,-1.22464679914735E-16,-1.));
#2129=DIRECTION('',(1.,9.08232186375291E-17,-5.56131819963552E-33));
#2130=DIRECTION('',(-5.56131819963552E-33,1.22464679914735E-16,1.));
#2131=DIRECTION('',(-1.,-9.08232186375291E-17,5.56131819963552E-33));
#2132=DIRECTION('',(5.56131819963552E-33,-1.22464679914735E-16,-1.));
#2133=DIRECTION('',(1.,9.08232186375291E-17,-5.56131819963552E-33));
#2134=DIRECTION('',(-5.56131819963552E-33,1.22464679914735E-16,1.));
#2135=DIRECTION('',(5.56131819963552E-33,-1.22464679914735E-16,-1.));
#2136=DIRECTION('',(1.,9.08232186375291E-17,-5.56131819963552E-33));
#2137=DIRECTION('',(-5.56131819963552E-33,1.22464679914735E-16,1.));
#2138=DIRECTION('',(-1.,-9.08232186375291E-17,5.56131819963552E-33));
#2139=DIRECTION('',(5.56131819963552E-33,-1.22464679914735E-16,-1.));
#2140=DIRECTION('',(1.,9.08232186375291E-17,-5.56131819963552E-33));
#2141=DIRECTION('',(-5.56131819963552E-33,1.22464679914735E-16,1.));
#2142=DIRECTION('',(5.56131819963552E-33,-1.22464679914735E-16,-1.));
#2143=DIRECTION('',(1.,9.08232186375291E-17,-5.56131819963552E-33));
#2144=DIRECTION('',(-5.56131819963552E-33,1.22464679914735E-16,1.));
#2145=DIRECTION('',(-1.,-9.08232186375291E-17,5.56131819963552E-33));
#2146=DIRECTION('',(-5.56131819963552E-33,1.22464679914735E-16,1.));
#2147=DIRECTION('',(1.,9.08232186375291E-17,-5.56131819963552E-33));
#2148=DIRECTION('',(-5.56131819963552E-33,1.22464679914735E-16,1.));
#2149=DIRECTION('',(-5.56131819963552E-33,1.22464679914735E-16,1.));
#2150=DIRECTION('',(1.,9.08232186375291E-17,-5.56131819963552E-33));
#2151=DIRECTION('',(-5.56131819963552E-33,1.22464679914735E-16,1.));
#2152=DIRECTION('',(-1.,-9.08232186375291E-17,5.56131819963552E-33));
#2153=DIRECTION('',(-5.56131819963552E-33,1.22464679914735E-16,1.));
#2154=DIRECTION('',(1.,9.08232186375291E-17,-5.56131819963552E-33));
#2155=DIRECTION('',(-5.56131819963552E-33,1.22464679914735E-16,1.));
#2156=DIRECTION('',(-5.56131819963552E-33,1.22464679914735E-16,1.));
#2157=DIRECTION('',(1.,9.08232186375291E-17,-5.56131819963552E-33));
#2158=DIRECTION('',(-5.56131819963552E-33,1.22464679914735E-16,1.));
#2159=DIRECTION('',(-1.,-9.08232186375291E-17,5.56131819963552E-33));
#2160=DIRECTION('',(-5.56131819963552E-33,1.22464679914735E-16,1.));
#2161=DIRECTION('',(1.,9.08232186375291E-17,-5.56131819963552E-33));
#2162=DIRECTION('',(-5.56131819963552E-33,1.22464679914735E-16,1.));
#2163=DIRECTION('',(-5.56131819963552E-33,1.22464679914735E-16,1.));
#2164=DIRECTION('',(1.,9.08232186375291E-17,-5.56131819963552E-33));
#2165=DIRECTION('',(-5.56131819963552E-33,1.22464679914735E-16,1.));
#2166=DIRECTION('',(-1.,-9.08232186375291E-17,5.56131819963552E-33));
#2167=DIRECTION('',(-5.56131819963552E-33,1.22464679914735E-16,1.));
#2168=DIRECTION('',(1.,9.08232186375291E-17,-5.56131819963552E-33));
#2169=DIRECTION('',(-5.56131819963552E-33,1.22464679914735E-16,1.));
#2170=DIRECTION('',(-5.56131819963552E-33,1.22464679914735E-16,1.));
#2171=DIRECTION('',(1.,9.08232186375291E-17,-5.56131819963552E-33));
#2172=DIRECTION('',(-5.56131819963552E-33,1.22464679914735E-16,1.));
#2173=DIRECTION('',(-1.,-9.08232186375291E-17,5.56131819963552E-33));
#2174=DIRECTION('',(-5.56131819963552E-33,1.22464679914735E-16,1.));
#2175=DIRECTION('',(1.,9.08232186375291E-17,-5.56131819963552E-33));
#2176=DIRECTION('',(-5.56131819963552E-33,1.22464679914735E-16,1.));
#2177=DIRECTION('',(-5.56131819963552E-33,1.22464679914735E-16,1.));
#2178=DIRECTION('',(1.,9.08232186375291E-17,-5.56131819963552E-33));
#2179=DIRECTION('',(-5.56131819963552E-33,1.22464679914735E-16,1.));
#2180=DIRECTION('',(-1.,-9.08232186375291E-17,5.56131819963552E-33));
#2181=DIRECTION('',(-5.56131819963552E-33,1.22464679914735E-16,1.));
#2182=DIRECTION('',(1.,9.08232186375291E-17,-5.56131819963552E-33));
#2183=DIRECTION('',(-5.56131819963552E-33,1.22464679914735E-16,1.));
#2184=DIRECTION('',(-5.56131819963552E-33,1.22464679914735E-16,1.));
#2185=DIRECTION('',(1.,9.08232186375291E-17,-5.56131819963552E-33));
#2186=DIRECTION('',(-5.56131819963552E-33,1.22464679914735E-16,1.));
#2187=DIRECTION('',(-1.,-9.08232186375291E-17,5.56131819963552E-33));
#2188=DIRECTION('',(-5.56131819963552E-33,1.22464679914735E-16,1.));
#2189=DIRECTION('',(1.,9.08232186375291E-17,-5.56131819963552E-33));
#2190=DIRECTION('',(-5.56131819963552E-33,1.22464679914735E-16,1.));
#2191=DIRECTION('',(-5.56131819963552E-33,1.22464679914735E-16,1.));
#2192=DIRECTION('',(1.,9.08232186375291E-17,-5.56131819963552E-33));
#2193=DIRECTION('',(-5.56131819963552E-33,1.22464679914735E-16,1.));
#2194=DIRECTION('',(-1.,-9.08232186375291E-17,5.56131819963552E-33));
#2195=DIRECTION('',(-5.56131819963552E-33,1.22464679914735E-16,1.));
#2196=DIRECTION('',(1.,9.08232186375291E-17,-5.56131819963552E-33));
#2197=DIRECTION('',(-5.56131819963552E-33,1.22464679914735E-16,1.));
#2198=DIRECTION('',(-5.56131819963552E-33,1.22464679914735E-16,1.));
#2199=DIRECTION('',(1.,9.08232186375291E-17,-5.56131819963552E-33));
#2200=DIRECTION('',(-5.56131819963552E-33,1.22464679914735E-16,1.));
#2201=DIRECTION('',(-1.,-9.08232186375291E-17,5.56131819963552E-33));
#2202=DIRECTION('',(-5.56131819963552E-33,1.22464679914735E-16,1.));
#2203=DIRECTION('',(1.,9.08232186375291E-17,-5.56131819963552E-33));
#2204=DIRECTION('',(-5.56131819963552E-33,1.22464679914735E-16,1.));
#2205=DIRECTION('',(-5.56131819963552E-33,1.22464679914735E-16,1.));
#2206=DIRECTION('',(1.,9.08232186375291E-17,-5.56131819963552E-33));
#2207=DIRECTION('',(-5.56131819963552E-33,1.22464679914735E-16,1.));
#2208=DIRECTION('',(-1.,-9.08232186375291E-17,5.56131819963552E-33));
#2209=DIRECTION('',(-5.56131819963552E-33,1.22464679914735E-16,1.));
#2210=DIRECTION('',(1.,9.08232186375291E-17,-5.56131819963552E-33));
#2211=DIRECTION('',(-5.56131819963552E-33,1.22464679914735E-16,1.));
#2212=DIRECTION('',(-5.56131819963552E-33,1.22464679914735E-16,1.));
#2213=DIRECTION('',(1.,9.08232186375291E-17,-5.56131819963552E-33));
#2214=DIRECTION('',(-5.56131819963552E-33,1.22464679914735E-16,1.));
#2215=DIRECTION('',(-1.,-9.08232186375291E-17,5.56131819963552E-33));
#2216=DIRECTION('',(-5.56131819963552E-33,1.22464679914735E-16,1.));
#2217=DIRECTION('',(1.,9.08232186375291E-17,-5.56131819963552E-33));
#2218=DIRECTION('',(-5.56131819963552E-33,1.22464679914735E-16,1.));
#2219=DIRECTION('',(-5.56131819963552E-33,1.22464679914735E-16,1.));
#2220=DIRECTION('',(1.,9.08232186375291E-17,-5.56131819963552E-33));
#2221=DIRECTION('',(-5.56131819963552E-33,1.22464679914735E-16,1.));
#2222=DIRECTION('',(-1.,-9.08232186375291E-17,5.56131819963552E-33));
#2223=DIRECTION('',(-5.56131819963552E-33,1.22464679914735E-16,1.));
#2224=DIRECTION('',(1.,9.08232186375291E-17,-5.56131819963552E-33));
#2225=DIRECTION('',(-5.56131819963552E-33,1.22464679914735E-16,1.));
#2226=DIRECTION('',(-5.56131819963552E-33,1.22464679914735E-16,1.));
#2227=DIRECTION('',(1.,9.08232186375291E-17,-5.56131819963552E-33));
#2228=DIRECTION('',(-5.56131819963552E-33,1.22464679914735E-16,1.));
#2229=DIRECTION('',(-1.,-9.08232186375291E-17,5.56131819963552E-33));
#2230=DIRECTION('',(-5.56131819963552E-33,1.22464679914735E-16,1.));
#2231=DIRECTION('',(1.,9.08232186375291E-17,-5.56131819963552E-33));
#2232=DIRECTION('',(-5.56131819963552E-33,1.22464679914735E-16,1.));
#2233=DIRECTION('',(-5.56131819963552E-33,1.22464679914735E-16,1.));
#2234=DIRECTION('',(1.,9.08232186375291E-17,-5.56131819963552E-33));
#2235=DIRECTION('',(-5.56131819963552E-33,1.22464679914735E-16,1.));
#2236=DIRECTION('',(-1.,-9.08232186375291E-17,5.56131819963552E-33));
#2237=DIRECTION('',(-5.56131819963552E-33,1.22464679914735E-16,1.));
#2238=DIRECTION('',(1.,9.08232186375291E-17,-5.56131819963552E-33));
#2239=DIRECTION('',(-5.56131819963552E-33,1.22464679914735E-16,1.));
#2240=DIRECTION('',(-5.56131819963552E-33,1.22464679914735E-16,1.));
#2241=DIRECTION('',(1.,9.08232186375291E-17,-5.56131819963552E-33));
#2242=DIRECTION('',(-5.56131819963552E-33,1.22464679914735E-16,1.));
#2243=DIRECTION('',(-1.,-9.08232186375291E-17,5.56131819963552E-33));
#2244=DIRECTION('',(-5.56131819963552E-33,1.22464679914735E-16,1.));
#2245=DIRECTION('',(1.,9.08232186375291E-17,-5.56131819963552E-33));
#2246=DIRECTION('',(-5.56131819963552E-33,1.22464679914735E-16,1.));
#2247=DIRECTION('',(-5.56131819963552E-33,1.22464679914735E-16,1.));
#2248=DIRECTION('',(1.,9.08232186375291E-17,-5.56131819963552E-33));
#2249=DIRECTION('',(-5.56131819963552E-33,1.22464679914735E-16,1.));
#2250=DIRECTION('',(-1.,-9.08232186375291E-17,5.56131819963552E-33));
#2251=DIRECTION('',(-5.56131819963552E-33,1.22464679914735E-16,1.));
#2252=DIRECTION('',(1.,9.08232186375291E-17,-5.56131819963552E-33));
#2253=DIRECTION('',(-5.56131819963552E-33,1.22464679914735E-16,1.));
#2254=DIRECTION('',(-5.56131819963552E-33,1.22464679914735E-16,1.));
#2255=DIRECTION('',(1.,9.08232186375291E-17,-5.56131819963552E-33));
#2256=DIRECTION('',(-5.56131819963552E-33,1.22464679914735E-16,1.));
#2257=DIRECTION('',(-1.,-9.08232186375291E-17,5.56131819963552E-33));
#2258=DIRECTION('',(-5.56131819963552E-33,1.22464679914735E-16,1.));
#2259=DIRECTION('',(1.,9.08232186375291E-17,-5.56131819963552E-33));
#2260=DIRECTION('',(-5.56131819963552E-33,1.22464679914735E-16,1.));
#2261=DIRECTION('',(-5.56131819963552E-33,1.22464679914735E-16,1.));
#2262=DIRECTION('',(1.,9.08232186375291E-17,-5.56131819963552E-33));
#2263=DIRECTION('',(-5.56131819963552E-33,1.22464679914735E-16,1.));
#2264=DIRECTION('',(-1.,-9.08232186375291E-17,5.56131819963552E-33));
#2265=DIRECTION('',(-5.56131819963552E-33,1.22464679914735E-16,1.));
#2266=DIRECTION('',(1.,9.08232186375291E-17,-5.56131819963552E-33));
#2267=DIRECTION('',(-5.56131819963552E-33,1.22464679914735E-16,1.));
#2268=DIRECTION('',(-5.56131819963552E-33,1.22464679914735E-16,1.));
#2269=DIRECTION('',(1.,9.08232186375291E-17,-5.56131819963552E-33));
#2270=DIRECTION('',(-5.56131819963552E-33,1.22464679914735E-16,1.));
#2271=DIRECTION('',(-1.,-9.08232186375291E-17,5.56131819963552E-33));
#2272=DIRECTION('',(-5.56131819963552E-33,1.22464679914735E-16,1.));
#2273=DIRECTION('',(1.,9.08232186375291E-17,-5.56131819963552E-33));
#2274=DIRECTION('',(-5.56131819963552E-33,1.22464679914735E-16,1.));
#2275=DIRECTION('',(-5.56131819963552E-33,1.22464679914735E-16,1.));
#2276=DIRECTION('',(1.,9.08232186375291E-17,-5.56131819963552E-33));
#2277=DIRECTION('',(-5.56131819963552E-33,1.22464679914735E-16,1.));
#2278=DIRECTION('',(-1.,-9.08232186375291E-17,5.56131819963552E-33));
#2279=DIRECTION('',(-5.56131819963552E-33,1.22464679914735E-16,1.));
#2280=DIRECTION('',(1.,9.08232186375291E-17,-5.56131819963552E-33));
#2281=DIRECTION('',(-5.56131819963552E-33,1.22464679914735E-16,1.));
#2282=DIRECTION('',(-5.56131819963552E-33,1.22464679914735E-16,1.));
#2283=DIRECTION('',(1.,9.08232186375291E-17,-5.56131819963552E-33));
#2284=DIRECTION('',(-5.56131819963552E-33,1.22464679914735E-16,1.));
#2285=DIRECTION('',(-1.,-9.08232186375291E-17,5.56131819963552E-33));
#2286=DIRECTION('',(-5.56131819963552E-33,1.22464679914735E-16,1.));
#2287=DIRECTION('',(1.,9.08232186375291E-17,-5.56131819963552E-33));
#2288=DIRECTION('',(-5.56131819963552E-33,1.22464679914735E-16,1.));
#2289=DIRECTION('',(-5.56131819963552E-33,1.22464679914735E-16,1.));
#2290=DIRECTION('',(1.,9.08232186375291E-17,-5.56131819963552E-33));
#2291=DIRECTION('',(-5.56131819963552E-33,1.22464679914735E-16,1.));
#2292=DIRECTION('',(-1.,-9.08232186375291E-17,5.56131819963552E-33));
#2293=DIRECTION('',(-5.56131819963552E-33,1.22464679914735E-16,1.));
#2294=DIRECTION('',(1.,9.08232186375291E-17,-5.56131819963552E-33));
#2295=DIRECTION('',(-5.56131819963552E-33,1.22464679914735E-16,1.));
#2296=DIRECTION('',(-5.56131819963552E-33,1.22464679914735E-16,1.));
#2297=DIRECTION('',(1.,9.08232186375291E-17,-5.56131819963552E-33));
#2298=DIRECTION('',(-5.56131819963552E-33,1.22464679914735E-16,1.));
#2299=DIRECTION('',(-1.,-9.08232186375291E-17,5.56131819963552E-33));
#2300=DIRECTION('',(-5.56131819963552E-33,1.22464679914735E-16,1.));
#2301=DIRECTION('',(1.,9.08232186375291E-17,-5.56131819963552E-33));
#2302=DIRECTION('',(-5.56131819963552E-33,1.22464679914735E-16,1.));
#2303=DIRECTION('',(-5.56131819963552E-33,1.22464679914735E-16,1.));
#2304=DIRECTION('',(1.,9.08232186375291E-17,-5.56131819963552E-33));
#2305=DIRECTION('',(-5.56131819963552E-33,1.22464679914735E-16,1.));
#2306=DIRECTION('',(-1.,-9.08232186375291E-17,5.56131819963552E-33));
#2307=DIRECTION('',(-5.56131819963552E-33,1.22464679914735E-16,1.));
#2308=DIRECTION('',(1.,9.08232186375291E-17,-5.56131819963552E-33));
#2309=DIRECTION('',(-5.56131819963552E-33,1.22464679914735E-16,1.));
#2310=DIRECTION('',(-5.56131819963552E-33,1.22464679914735E-16,1.));
#2311=DIRECTION('',(1.,9.08232186375291E-17,-5.56131819963552E-33));
#2312=DIRECTION('',(-5.56131819963552E-33,1.22464679914735E-16,1.));
#2313=DIRECTION('',(-1.,-9.08232186375291E-17,5.56131819963552E-33));
#2314=DIRECTION('',(5.56131819963552E-33,-1.22464679914735E-16,-1.));
#2315=DIRECTION('',(1.,9.08232186375291E-17,-5.56131819963552E-33));
#2316=DIRECTION('',(-5.56131819963552E-33,1.22464679914735E-16,1.));
#2317=DIRECTION('',(5.56131819963552E-33,-1.22464679914735E-16,-1.));
#2318=DIRECTION('',(1.,9.08232186375291E-17,-5.56131819963552E-33));
#2319=DIRECTION('',(-5.56131819963552E-33,1.22464679914735E-16,1.));
#2320=DIRECTION('',(-1.,-9.08232186375291E-17,5.56131819963552E-33));
#2321=DIRECTION('',(5.56131819963552E-33,-1.22464679914735E-16,-1.));
#2322=DIRECTION('',(1.,9.08232186375291E-17,-5.56131819963552E-33));
#2323=DIRECTION('',(-5.56131819963552E-33,1.22464679914735E-16,1.));
#2324=DIRECTION('',(5.56131819963552E-33,-1.22464679914735E-16,-1.));
#2325=DIRECTION('',(1.,9.08232186375291E-17,-5.56131819963552E-33));
#2326=DIRECTION('',(-5.56131819963552E-33,1.22464679914735E-16,1.));
#2327=DIRECTION('',(-1.,-9.08232186375291E-17,5.56131819963552E-33));
#2328=DIRECTION('',(5.56131819963552E-33,-1.22464679914735E-16,-1.));
#2329=DIRECTION('',(1.,9.08232186375291E-17,-5.56131819963552E-33));
#2330=DIRECTION('',(-5.56131819963552E-33,1.22464679914735E-16,1.));
#2331=DIRECTION('',(5.56131819963552E-33,-1.22464679914735E-16,-1.));
#2332=DIRECTION('',(1.,9.08232186375291E-17,-5.56131819963552E-33));
#2333=DIRECTION('',(-5.56131819963552E-33,1.22464679914735E-16,1.));
#2334=DIRECTION('',(-1.,-9.08232186375291E-17,5.56131819963552E-33));
#2335=DIRECTION('',(5.56131819963552E-33,-1.22464679914735E-16,-1.));
#2336=DIRECTION('',(1.,9.08232186375291E-17,-5.56131819963552E-33));
#2337=DIRECTION('',(-5.56131819963552E-33,1.22464679914735E-16,1.));
#2338=DIRECTION('',(5.56131819963552E-33,-1.22464679914735E-16,-1.));
#2339=DIRECTION('',(1.,9.08232186375291E-17,-5.56131819963552E-33));
#2340=DIRECTION('',(-5.56131819963552E-33,1.22464679914735E-16,1.));
#2341=DIRECTION('',(-1.,-9.08232186375291E-17,5.56131819963552E-33));
#2342=DIRECTION('',(5.56131819963552E-33,-1.22464679914735E-16,-1.));
#2343=DIRECTION('',(1.,9.08232186375291E-17,-5.56131819963552E-33));
#2344=DIRECTION('',(-5.56131819963552E-33,1.22464679914735E-16,1.));
#2345=DIRECTION('',(5.56131819963552E-33,-1.22464679914735E-16,-1.));
#2346=DIRECTION('',(1.,9.08232186375291E-17,-5.56131819963552E-33));
#2347=DIRECTION('',(-5.56131819963552E-33,1.22464679914735E-16,1.));
#2348=DIRECTION('',(-1.,-9.08232186375291E-17,5.56131819963552E-33));
#2349=DIRECTION('',(5.56131819963552E-33,-1.22464679914735E-16,-1.));
#2350=DIRECTION('',(1.,9.08232186375291E-17,-5.56131819963552E-33));
#2351=DIRECTION('',(-5.56131819963552E-33,1.22464679914735E-16,1.));
#2352=DIRECTION('',(5.56131819963552E-33,-1.22464679914735E-16,-1.));
#2353=DIRECTION('',(1.,9.08232186375291E-17,-5.56131819963552E-33));
#2354=DIRECTION('',(-5.56131819963552E-33,1.22464679914735E-16,1.));
#2355=DIRECTION('',(-1.,-9.08232186375291E-17,5.56131819963552E-33));
#2356=DIRECTION('',(5.56131819963552E-33,-1.22464679914735E-16,-1.));
#2357=DIRECTION('',(1.,9.08232186375291E-17,-5.56131819963552E-33));
#2358=DIRECTION('',(-5.56131819963552E-33,1.22464679914735E-16,1.));
#2359=DIRECTION('',(5.56131819963552E-33,-1.22464679914735E-16,-1.));
#2360=DIRECTION('',(1.,9.08232186375291E-17,-5.56131819963552E-33));
#2361=DIRECTION('',(-5.56131819963552E-33,1.22464679914735E-16,1.));
#2362=DIRECTION('',(-1.,-9.08232186375291E-17,5.56131819963552E-33));
#2363=DIRECTION('',(5.56131819963552E-33,-1.22464679914735E-16,-1.));
#2364=DIRECTION('',(1.,9.08232186375291E-17,-5.56131819963552E-33));
#2365=DIRECTION('',(-5.56131819963552E-33,1.22464679914735E-16,1.));
#2366=DIRECTION('',(5.56131819963552E-33,-1.22464679914735E-16,-1.));
#2367=DIRECTION('',(1.,9.08232186375291E-17,-5.56131819963552E-33));
#2368=DIRECTION('',(-5.56131819963552E-33,1.22464679914735E-16,1.));
#2369=DIRECTION('',(-1.,-9.08232186375291E-17,5.56131819963552E-33));
#2370=DIRECTION('',(5.56131819963552E-33,-1.22464679914735E-16,-1.));
#2371=DIRECTION('',(1.,9.08232186375291E-17,-5.56131819963552E-33));
#2372=DIRECTION('',(-5.56131819963552E-33,1.22464679914735E-16,1.));
#2373=DIRECTION('',(5.56131819963552E-33,-1.22464679914735E-16,-1.));
#2374=DIRECTION('',(1.,9.08232186375291E-17,-5.56131819963552E-33));
#2375=DIRECTION('',(-5.56131819963552E-33,1.22464679914735E-16,1.));
#2376=DIRECTION('',(-1.,-9.08232186375291E-17,5.56131819963552E-33));
#2377=DIRECTION('',(5.56131819963552E-33,-1.22464679914735E-16,-1.));
#2378=DIRECTION('',(1.,9.08232186375291E-17,-5.56131819963552E-33));
#2379=DIRECTION('',(-5.56131819963552E-33,1.22464679914735E-16,1.));
#2380=DIRECTION('',(5.56131819963552E-33,-1.22464679914735E-16,-1.));
#2381=DIRECTION('',(1.,9.08232186375291E-17,-5.56131819963552E-33));
#2382=DIRECTION('',(-5.56131819963552E-33,1.22464679914735E-16,1.));
#2383=DIRECTION('',(-1.,-9.08232186375291E-17,5.56131819963552E-33));
#2384=DIRECTION('',(5.56131819963552E-33,-1.22464679914735E-16,-1.));
#2385=DIRECTION('',(1.,9.08232186375291E-17,-5.56131819963552E-33));
#2386=DIRECTION('',(-5.56131819963552E-33,1.22464679914735E-16,1.));
#2387=DIRECTION('',(5.56131819963552E-33,-1.22464679914735E-16,-1.));
#2388=DIRECTION('',(1.,9.08232186375291E-17,-5.56131819963552E-33));
#2389=DIRECTION('',(-5.56131819963552E-33,1.22464679914735E-16,1.));
#2390=DIRECTION('',(-1.,-9.08232186375291E-17,5.56131819963552E-33));
#2391=DIRECTION('',(5.56131819963552E-33,-1.22464679914735E-16,-1.));
#2392=DIRECTION('',(1.,9.08232186375291E-17,-5.56131819963552E-33));
#2393=DIRECTION('',(-5.56131819963552E-33,1.22464679914735E-16,1.));
#2394=DIRECTION('',(5.56131819963552E-33,-1.22464679914735E-16,-1.));
#2395=DIRECTION('',(1.,9.08232186375291E-17,-5.56131819963552E-33));
#2396=DIRECTION('',(-5.56131819963552E-33,1.22464679914735E-16,1.));
#2397=DIRECTION('',(-1.,-9.08232186375291E-17,5.56131819963552E-33));
#2398=DIRECTION('',(5.56131819963552E-33,-1.22464679914735E-16,-1.));
#2399=DIRECTION('',(1.,9.08232186375291E-17,-5.56131819963552E-33));
#2400=DIRECTION('',(-5.56131819963552E-33,1.22464679914735E-16,1.));
#2401=DIRECTION('',(5.56131819963552E-33,-1.22464679914735E-16,-1.));
#2402=DIRECTION('',(1.,9.08232186375291E-17,-5.56131819963552E-33));
#2403=DIRECTION('',(-5.56131819963552E-33,1.22464679914735E-16,1.));
#2404=DIRECTION('',(-1.,-9.08232186375291E-17,5.56131819963552E-33));
#2405=DIRECTION('',(5.56131819963552E-33,-1.22464679914735E-16,-1.));
#2406=DIRECTION('',(1.,9.08232186375291E-17,-5.56131819963552E-33));
#2407=DIRECTION('',(-5.56131819963552E-33,1.22464679914735E-16,1.));
#2408=DIRECTION('',(5.56131819963552E-33,-1.22464679914735E-16,-1.));
#2409=DIRECTION('',(1.,9.08232186375291E-17,-5.56131819963552E-33));
#2410=DIRECTION('',(-5.56131819963552E-33,1.22464679914735E-16,1.));
#2411=DIRECTION('',(-1.,-9.08232186375291E-17,5.56131819963552E-33));
#2412=DIRECTION('',(5.56131819963552E-33,-1.22464679914735E-16,-1.));
#2413=DIRECTION('',(1.,9.08232186375291E-17,-5.56131819963552E-33));
#2414=DIRECTION('',(-5.56131819963552E-33,1.22464679914735E-16,1.));
#2415=DIRECTION('',(5.56131819963552E-33,-1.22464679914735E-16,-1.));
#2416=DIRECTION('',(1.,9.08232186375291E-17,-5.56131819963552E-33));
#2417=DIRECTION('',(-5.56131819963552E-33,1.22464679914735E-16,1.));
#2418=DIRECTION('',(-1.,-9.08232186375291E-17,5.56131819963552E-33));
#2419=DIRECTION('',(5.56131819963552E-33,-1.22464679914735E-16,-1.));
#2420=DIRECTION('',(1.,9.08232186375291E-17,-5.56131819963552E-33));
#2421=DIRECTION('',(-5.56131819963552E-33,1.22464679914735E-16,1.));
#2422=DIRECTION('',(5.56131819963552E-33,-1.22464679914735E-16,-1.));
#2423=DIRECTION('',(1.,9.08232186375291E-17,-5.56131819963552E-33));
#2424=DIRECTION('',(-5.56131819963552E-33,1.22464679914735E-16,1.));
#2425=DIRECTION('',(-1.,-9.08232186375291E-17,5.56131819963552E-33));
#2426=DIRECTION('',(-5.56131819963552E-33,1.22464679914735E-16,1.));
#2427=DIRECTION('',(1.,9.08232186375291E-17,-5.56131819963552E-33));
#2428=DIRECTION('',(-5.56131819963552E-33,1.22464679914735E-16,1.));
#2429=DIRECTION('',(-5.56131819963552E-33,1.22464679914735E-16,1.));
#2430=DIRECTION('',(1.,9.08232186375291E-17,-5.56131819963552E-33));
#2431=DIRECTION('',(-5.56131819963552E-33,1.22464679914735E-16,1.));
#2432=DIRECTION('',(-1.,-9.08232186375291E-17,5.56131819963552E-33));
#2433=DIRECTION('',(-5.56131819963552E-33,1.22464679914735E-16,1.));
#2434=DIRECTION('',(1.,9.08232186375291E-17,-5.56131819963552E-33));
#2435=DIRECTION('',(-5.56131819963552E-33,1.22464679914735E-16,1.));
#2436=DIRECTION('',(-5.56131819963552E-33,1.22464679914735E-16,1.));
#2437=DIRECTION('',(1.,9.08232186375291E-17,-5.56131819963552E-33));
#2438=DIRECTION('',(-5.56131819963552E-33,1.22464679914735E-16,1.));
#2439=DIRECTION('',(-1.,-9.08232186375291E-17,5.56131819963552E-33));
#2440=DIRECTION('',(-5.56131819963552E-33,1.22464679914735E-16,1.));
#2441=DIRECTION('',(1.,9.08232186375291E-17,-5.56131819963552E-33));
#2442=DIRECTION('',(-5.56131819963552E-33,1.22464679914735E-16,1.));
#2443=DIRECTION('',(-5.56131819963552E-33,1.22464679914735E-16,1.));
#2444=DIRECTION('',(1.,9.08232186375291E-17,-5.56131819963552E-33));
#2445=DIRECTION('',(-5.56131819963552E-33,1.22464679914735E-16,1.));
#2446=DIRECTION('',(-1.,-9.08232186375291E-17,5.56131819963552E-33));
#2447=DIRECTION('',(-5.56131819963552E-33,1.22464679914735E-16,1.));
#2448=DIRECTION('',(1.,9.08232186375291E-17,-5.56131819963552E-33));
#2449=DIRECTION('',(-5.56131819963552E-33,1.22464679914735E-16,1.));
#2450=DIRECTION('',(-5.56131819963552E-33,1.22464679914735E-16,1.));
#2451=DIRECTION('',(1.,9.08232186375291E-17,-5.56131819963552E-33));
#2452=DIRECTION('',(-5.56131819963552E-33,1.22464679914735E-16,1.));
#2453=DIRECTION('',(-1.,-9.08232186375291E-17,5.56131819963552E-33));
#2454=DIRECTION('',(-5.56131819963552E-33,1.22464679914735E-16,1.));
#2455=DIRECTION('',(1.,9.08232186375291E-17,-5.56131819963552E-33));
#2456=DIRECTION('',(-5.56131819963552E-33,1.22464679914735E-16,1.));
#2457=DIRECTION('',(-5.56131819963552E-33,1.22464679914735E-16,1.));
#2458=DIRECTION('',(1.,9.08232186375291E-17,-5.56131819963552E-33));
#2459=DIRECTION('',(-5.56131819963552E-33,1.22464679914735E-16,1.));
#2460=DIRECTION('',(-1.,-9.08232186375291E-17,5.56131819963552E-33));
#2461=DIRECTION('',(-5.56131819963552E-33,1.22464679914735E-16,1.));
#2462=DIRECTION('',(1.,9.08232186375291E-17,-5.56131819963552E-33));
#2463=DIRECTION('',(-5.56131819963552E-33,1.22464679914735E-16,1.));
#2464=DIRECTION('',(-5.56131819963552E-33,1.22464679914735E-16,1.));
#2465=DIRECTION('',(1.,9.08232186375291E-17,-5.56131819963552E-33));
#2466=DIRECTION('',(-5.56131819963552E-33,1.22464679914735E-16,1.));
#2467=DIRECTION('',(-1.,-9.08232186375291E-17,5.56131819963552E-33));
#2468=DIRECTION('',(-5.56131819963552E-33,1.22464679914735E-16,1.));
#2469=DIRECTION('',(1.,9.08232186375291E-17,-5.56131819963552E-33));
#2470=DIRECTION('',(-5.56131819963552E-33,1.22464679914735E-16,1.));
#2471=DIRECTION('',(-5.56131819963552E-33,1.22464679914735E-16,1.));
#2472=DIRECTION('',(1.,9.08232186375291E-17,-5.56131819963552E-33));
#2473=DIRECTION('',(-5.56131819963552E-33,1.22464679914735E-16,1.));
#2474=DIRECTION('',(-1.,-9.08232186375291E-17,5.56131819963552E-33));
#2475=DIRECTION('',(-5.56131819963552E-33,1.22464679914735E-16,1.));
#2476=DIRECTION('',(1.,9.08232186375291E-17,-5.56131819963552E-33));
#2477=DIRECTION('',(-5.56131819963552E-33,1.22464679914735E-16,1.));
#2478=DIRECTION('',(-5.56131819963552E-33,1.22464679914735E-16,1.));
#2479=DIRECTION('',(1.,9.08232186375291E-17,-5.56131819963552E-33));
#2480=DIRECTION('',(-5.56131819963552E-33,1.22464679914735E-16,1.));
#2481=DIRECTION('',(-1.,-9.08232186375291E-17,5.56131819963552E-33));
#2482=DIRECTION('',(-5.56131819963552E-33,1.22464679914735E-16,1.));
#2483=DIRECTION('',(1.,9.08232186375291E-17,-5.56131819963552E-33));
#2484=DIRECTION('',(-5.56131819963552E-33,1.22464679914735E-16,1.));
#2485=DIRECTION('',(-5.56131819963552E-33,1.22464679914735E-16,1.));
#2486=DIRECTION('',(1.,9.08232186375291E-17,-5.56131819963552E-33));
#2487=DIRECTION('',(-5.56131819963552E-33,1.22464679914735E-16,1.));
#2488=DIRECTION('',(-1.,-9.08232186375291E-17,5.56131819963552E-33));
#2489=DIRECTION('',(-5.56131819963552E-33,1.22464679914735E-16,1.));
#2490=DIRECTION('',(1.,9.08232186375291E-17,-5.56131819963552E-33));
#2491=DIRECTION('',(-5.56131819963552E-33,1.22464679914735E-16,1.));
#2492=DIRECTION('',(-5.56131819963552E-33,1.22464679914735E-16,1.));
#2493=DIRECTION('',(1.,9.08232186375291E-17,-5.56131819963552E-33));
#2494=DIRECTION('',(-5.56131819963552E-33,1.22464679914735E-16,1.));
#2495=DIRECTION('',(-1.,-9.08232186375291E-17,5.56131819963552E-33));
#2496=DIRECTION('',(-5.56131819963552E-33,1.22464679914735E-16,1.));
#2497=DIRECTION('',(1.,9.08232186375291E-17,-5.56131819963552E-33));
#2498=DIRECTION('',(-5.56131819963552E-33,1.22464679914735E-16,1.));
#2499=DIRECTION('',(1.,9.08232186375291E-17,-5.56131819963552E-33));
#2500=DIRECTION('',(5.56131819963552E-33,-1.22464679914735E-16,-1.));
#2501=DIRECTION('',(1.,9.08232186375291E-17,-5.56131819963552E-33));
#2502=DIRECTION('',(5.56131819963552E-33,-1.22464679914735E-16,-1.));
#2503=DIRECTION('',(1.,9.08232186375291E-17,-5.56131819963552E-33));
#2504=CARTESIAN_POINT('',(0.,0.,0.));
#2505=CARTESIAN_POINT('',(-0.0470999999999982,-0.0156329960343315,-0.0237999946391486));
#2506=CARTESIAN_POINT('',(-0.0470999999999982,-0.0156329960343315,-0.0229999946391486));
#2507=CARTESIAN_POINT('',(-0.0470999999999982,-0.0167496734407484,-0.0229999946391486));
#2508=CARTESIAN_POINT('',(-0.0470999999999982,-0.0145163186279146,-0.0229999946391486));
#2509=CARTESIAN_POINT('',(-0.0470999999999982,-0.0145163186279146,-0.0237999946391486));
#2510=CARTESIAN_POINT('',(-0.0470999999999982,-0.0145163186279146,-0.0237999946391486));
#2511=CARTESIAN_POINT('',(-0.0470999999999982,-0.0156329960343315,-0.0237999946391486));
#2512=CARTESIAN_POINT('',(-0.0470999999999982,-0.0167496734407484,-0.0237999946391486));
#2513=CARTESIAN_POINT('',(-0.0470999999999982,-0.0167496734407484,-0.0237999946391486));
#2514=CARTESIAN_POINT('',(-0.0704797475495727,0.00684785445105134,-0.0237999946391486));
#2515=CARTESIAN_POINT('',(-0.0704797475495727,0.00684785445105134,-0.0229999946391486));
#2516=CARTESIAN_POINT('',(-0.0470322240758064,-0.0144419113949373,-0.0229999946391486));
#2517=CARTESIAN_POINT('',(-0.0470322240758064,-0.0144419113949373,-0.0237999946391486));
#2518=CARTESIAN_POINT('',(-0.0470322240758064,-0.0144419113949373,-0.0237999946391486));
#2519=CARTESIAN_POINT('',(-0.0704797475495727,0.00684785445105134,-0.0237999946391486));
#2520=CARTESIAN_POINT('',(0.0439307834284342,-0.0970340509263954,-0.0237999946391486));
#2521=CARTESIAN_POINT('',(0.0439307834284342,-0.0970340509263954,-0.0229999946391486));
#2522=CARTESIAN_POINT('',(-0.0464739647620781,-0.0138312159314791,-0.0229999946391486));
#2523=CARTESIAN_POINT('',(-0.0464739647620781,-0.0138312159314791,-0.0237999946391486));
#2524=CARTESIAN_POINT('',(-0.0464739647620781,-0.0138312159314791,-0.0237999946391486));
#2525=CARTESIAN_POINT('',(0.0439307834284342,-0.0970340509263954,-0.0237999946391486));
#2526=CARTESIAN_POINT('',(0.0726460788622493,-0.123461799862495,-0.0237999946391486));
#2527=CARTESIAN_POINT('',(0.0726460788622493,-0.123461799862495,-0.0229999946391486));
#2528=CARTESIAN_POINT('',(-0.0458717388485278,-0.0131804478068969,-0.0229999946391486));
#2529=CARTESIAN_POINT('',(-0.0458717388485278,-0.0131804478068969,-0.0237999946391486));
#2530=CARTESIAN_POINT('',(-0.0458717388485278,-0.0131804478068969,-0.0237999946391486));
#2531=CARTESIAN_POINT('',(0.0726460788622493,-0.123461799862495,-0.0237999946391486));
#2532=CARTESIAN_POINT('',(0.0621923035850642,-0.11373451586485,-0.0237999946391486));
#2533=CARTESIAN_POINT('',(0.0621923035850642,-0.11373451586485,-0.0229999946391486));
#2534=CARTESIAN_POINT('',(-0.0453140747378773,-0.0125844467101993,-0.0229999946391486));
#2535=CARTESIAN_POINT('',(-0.0453140747378773,-0.0125844467101993,-0.0237999946391486));
#2536=CARTESIAN_POINT('',(-0.0453140747378773,-0.0125844467101993,-0.0237999946391486));
#2537=CARTESIAN_POINT('',(0.0621923035850642,-0.11373451586485,-0.0237999946391486));
#2538=CARTESIAN_POINT('',(-0.0157971469888421,-0.0403561876024374,-0.0237999946391486));
#2539=CARTESIAN_POINT('',(-0.0157971469888421,-0.0403561876024374,-0.0229999946391486));
#2540=CARTESIAN_POINT('',(-0.0449101562608958,-0.0121613067363565,-0.0229999946391486));
#2541=CARTESIAN_POINT('',(-0.0449101562608958,-0.0121613067363565,-0.0237999946391486));
#2542=CARTESIAN_POINT('',(-0.0449101562608958,-0.0121613067363565,-0.0237999946391486));
#2543=CARTESIAN_POINT('',(-0.0157971469888421,-0.0403561876024374,-0.0237999946391486));
#2544=CARTESIAN_POINT('',(-0.0553027023520569,-0.00209650731293143,-0.0237999946391486));
#2545=CARTESIAN_POINT('',(-0.0553027023520569,-0.00209650731293143,-0.0229999946391486));
#2546=CARTESIAN_POINT('',(-0.0443288368586437,-0.0115240986184115,-0.0229999946391486));
#2547=CARTESIAN_POINT('',(-0.0443288368586437,-0.0115240986184115,-0.0237999946391486));
#2548=CARTESIAN_POINT('',(-0.0443288368586437,-0.0115240986184115,-0.0237999946391486));
#2549=CARTESIAN_POINT('',(-0.0553027023520569,-0.00209650731293143,-0.0237999946391486));
#2550=CARTESIAN_POINT('',(-0.0453884716923905,-0.0106137717922251,-0.0237999946391486));
#2551=CARTESIAN_POINT('',(-0.0453884716923905,-0.0106137717922251,-0.0229999946391486));
#2552=CARTESIAN_POINT('',(-0.0440730992419658,-0.0110842143796138,-0.0229999946391486));
#2553=CARTESIAN_POINT('',(-0.0440730992419658,-0.0110842143796138,-0.0237999946391486));
#2554=CARTESIAN_POINT('',(-0.0440730992419658,-0.0110842143796138,-0.0237999946391486));
#2555=CARTESIAN_POINT('',(-0.0453884716923905,-0.0106137717922251,-0.0237999946391486));
#2556=CARTESIAN_POINT('',(-0.0446467585784142,-0.0108790452790816,-0.0237999946391486));
#2557=CARTESIAN_POINT('',(-0.0446467585784142,-0.0108790452790816,-0.0229999946391486));
#2558=CARTESIAN_POINT('',(-0.0440858951638517,-0.0106411133049544,-0.0229999946391486));
#2559=CARTESIAN_POINT('',(-0.0440858951638517,-0.0106411133049544,-0.0237999946391486));
#2560=CARTESIAN_POINT('',(-0.0440858951638517,-0.0106411133049544,-0.0237999946391486));
#2561=CARTESIAN_POINT('',(-0.0446467585784142,-0.0108790452790816,-0.0237999946391486));
#2562=CARTESIAN_POINT('',(-0.045070702235201,-0.0110588925441357,-0.0237999946391486));
#2563=CARTESIAN_POINT('',(-0.045070702235201,-0.0110588925441357,-0.0229999946391486));
#2564=CARTESIAN_POINT('',(-0.0443450756426936,-0.0102728578701444,-0.0229999946391486));
#2565=CARTESIAN_POINT('',(-0.0443450756426936,-0.0102728578701444,-0.0237999946391486));
#2566=CARTESIAN_POINT('',(-0.0443450756426936,-0.0102728578701444,-0.0237999946391486));
#2567=CARTESIAN_POINT('',(-0.045070702235201,-0.0110588925441357,-0.0237999946391486));
#2568=CARTESIAN_POINT('',(-0.043087349637548,-0.00891042675111822,-0.0237999946391486));
#2569=CARTESIAN_POINT('',(-0.043087349637548,-0.00891042675111822,-0.0229999946391486));
#2570=CARTESIAN_POINT('',(-0.0445782418491709,-0.0100128484814244,-0.0229999946391486));
#2571=CARTESIAN_POINT('',(-0.0445782418491709,-0.0100128484814244,-0.0237999946391486));
#2572=CARTESIAN_POINT('',(-0.0445782418491709,-0.0100128484814244,-0.0237999946391486));
#2573=CARTESIAN_POINT('',(-0.043087349637548,-0.00891042675111822,-0.0237999946391486));
#2574=CARTESIAN_POINT('',(-0.0434087034953981,-0.00914804787037131,-0.0237999946391486));
#2575=CARTESIAN_POINT('',(-0.0434087034953981,-0.00914804787037131,-0.0229999946391486));
#2576=CARTESIAN_POINT('',(-0.0447398715534399,-0.00973430008493949,-0.0229999946391486));
#2577=CARTESIAN_POINT('',(-0.0447398715534399,-0.00973430008493949,-0.0237999946391486));
#2578=CARTESIAN_POINT('',(-0.0447398715534399,-0.00973430008493949,-0.0237999946391486));
#2579=CARTESIAN_POINT('',(-0.0434087034953981,-0.00914804787037131,-0.0237999946391486));
#2580=CARTESIAN_POINT('',(-0.0437296642290934,-0.00928940037637647,-0.0237999946391486));
#2581=CARTESIAN_POINT('',(-0.0437296642290934,-0.00928940037637647,-0.0229999946391486));
#2582=CARTESIAN_POINT('',(-0.0448184969230239,-0.00947077830632134,-0.0229999946391486));
#2583=CARTESIAN_POINT('',(-0.0448184969230239,-0.00947077830632134,-0.0237999946391486));
#2584=CARTESIAN_POINT('',(-0.0448184969230239,-0.00947077830632134,-0.0237999946391486));
#2585=CARTESIAN_POINT('',(-0.0437296642290934,-0.00928940037637647,-0.0237999946391486));
#2586=CARTESIAN_POINT('',(-0.0443719406779935,-0.00939639089328804,-0.0237999946391486));
#2587=CARTESIAN_POINT('',(-0.0443719406779935,-0.00939639089328804,-0.0229999946391486));
#2588=CARTESIAN_POINT('',(-0.0448101179210052,-0.00928260745468509,-0.0229999946391486));
#2589=CARTESIAN_POINT('',(-0.0448101179210052,-0.00928260745468509,-0.0237999946391486));
#2590=CARTESIAN_POINT('',(-0.0448101179210052,-0.00928260745468509,-0.0237999946391486));
#2591=CARTESIAN_POINT('',(-0.0443719406779935,-0.00939639089328804,-0.0237999946391486));
#2592=CARTESIAN_POINT('',(-0.0445909973194334,-0.00933950747839289,-0.0237999946391486));
#2593=CARTESIAN_POINT('',(-0.0445909973194334,-0.00933950747839289,-0.0229999946391486));
#2594=CARTESIAN_POINT('',(-0.0447265188470082,-0.00915816425052139,-0.0229999946391486));
#2595=CARTESIAN_POINT('',(-0.0447265188470082,-0.00915816425052139,-0.0237999946391486));
#2596=CARTESIAN_POINT('',(-0.0447265188470082,-0.00915816425052139,-0.0237999946391486));
#2597=CARTESIAN_POINT('',(-0.0445909973194334,-0.00933950747839289,-0.0237999946391486));
#2598=CARTESIAN_POINT('',(-0.0444972320744005,-0.00946497604785726,-0.0237999946391486));
#2599=CARTESIAN_POINT('',(-0.0444972320744005,-0.00946497604785726,-0.0229999946391486));
#2600=CARTESIAN_POINT('',(-0.0445384085302489,-0.00908417373357718,-0.0229999946391486));
#2601=CARTESIAN_POINT('',(-0.0445384085302489,-0.00908417373357718,-0.0237999946391486));
#2602=CARTESIAN_POINT('',(-0.0445384085302489,-0.00908417373357718,-0.0237999946391486));
#2603=CARTESIAN_POINT('',(-0.0444972320744005,-0.00946497604785726,-0.0237999946391486));
#2604=CARTESIAN_POINT('',(-0.0444762374090619,-0.00965913596239567,-0.0237999946391486));
#2605=CARTESIAN_POINT('',(-0.0444762374090619,-0.00965913596239567,-0.0229999946391486));
#2606=CARTESIAN_POINT('',(-0.0442818419071083,-0.00911447349655407,-0.0229999946391486));
#2607=CARTESIAN_POINT('',(-0.0442818419071083,-0.00911447349655407,-0.0237999946391486));
#2608=CARTESIAN_POINT('',(-0.0442818419071083,-0.00911447349655407,-0.0237999946391486));
#2609=CARTESIAN_POINT('',(-0.0444762374090619,-0.00965913596239567,-0.0237999946391486));
#2610=CARTESIAN_POINT('',(-0.0445239336279953,-0.00979277249181365,-0.0237999946391486));
#2611=CARTESIAN_POINT('',(-0.0445239336279953,-0.00979277249181365,-0.0229999946391486));
#2612=CARTESIAN_POINT('',(-0.0440381981561886,-0.0092610216293593,-0.0229999946391486));
#2613=CARTESIAN_POINT('',(-0.0440381981561886,-0.0092610216293593,-0.0237999946391486));
#2614=CARTESIAN_POINT('',(-0.0440381981561886,-0.0092610216293593,-0.0237999946391486));
#2615=CARTESIAN_POINT('',(-0.0445239336279953,-0.00979277249181365,-0.0237999946391486));
#2616=CARTESIAN_POINT('',(-0.052149474493236,-0.0181407070511131,-0.0237999946391486));
#2617=CARTESIAN_POINT('',(-0.052149474493236,-0.0181407070511131,-0.0229999946391486));
#2618=CARTESIAN_POINT('',(-0.0438356755348748,-0.00945034665092366,-0.0229999946391486));
#2619=CARTESIAN_POINT('',(-0.0438356755348748,-0.00945034665092366,-0.0237999946391486));
#2620=CARTESIAN_POINT('',(-0.0438356755348748,-0.00945034665092366,-0.0237999946391486));
#2621=CARTESIAN_POINT('',(-0.052149474493236,-0.0181407070511131,-0.0237999946391486));
#2622=CARTESIAN_POINT('',(-0.814963321689107,-0.815505098899904,-0.0237999946391485));
#2623=CARTESIAN_POINT('',(-0.814963321689107,-0.815505098899904,-0.0229999946391485));
#2624=CARTESIAN_POINT('',(-0.0430953146646196,-0.0101592787584565,-0.0229999946391486));
#2625=CARTESIAN_POINT('',(-0.0430953146646196,-0.0101592787584565,-0.0237999946391486));
#2626=CARTESIAN_POINT('',(-0.0430953146646196,-0.0101592787584565,-0.0237999946391486));
#2627=CARTESIAN_POINT('',(-0.814963321689107,-0.815505098899904,-0.0237999946391485));
#2628=CARTESIAN_POINT('',(-0.562124562390632,-0.551700101001706,-0.0237999946391486));
#2629=CARTESIAN_POINT('',(-0.562124562390632,-0.551700101001706,-0.0229999946391486));
#2630=CARTESIAN_POINT('',(-0.0422181840827289,-0.0110013124460159,-0.0229999946391486));
#2631=CARTESIAN_POINT('',(-0.0422181840827289,-0.0110013124460159,-0.0237999946391486));
#2632=CARTESIAN_POINT('',(-0.0422181840827289,-0.0110013124460159,-0.0237999946391486));
#2633=CARTESIAN_POINT('',(-0.562124562390632,-0.551700101001706,-0.0237999946391486));
#2634=CARTESIAN_POINT('',(-0.866118719659327,-0.867851776420983,-0.0237999946391485));
#2635=CARTESIAN_POINT('',(-0.866118719659327,-0.867851776420983,-0.0229999946391485));
#2636=CARTESIAN_POINT('',(-0.0412345078517788,-0.0119482495859732,-0.0229999946391486));
#2637=CARTESIAN_POINT('',(-0.0412345078517788,-0.0119482495859732,-0.0237999946391486));
#2638=CARTESIAN_POINT('',(-0.0412345078517788,-0.0119482495859732,-0.0237999946391486));
#2639=CARTESIAN_POINT('',(-0.866118719659327,-0.867851776420983,-0.0237999946391485));
#2640=CARTESIAN_POINT('',(-0.156098330189027,-0.131131462498693,-0.0237999946391486));
#2641=CARTESIAN_POINT('',(-0.156098330189027,-0.131131462498693,-0.0229999946391486));
#2642=CARTESIAN_POINT('',(-0.0400519325396263,-0.0130993926417303,-0.0229999946391486));
#2643=CARTESIAN_POINT('',(-0.0400519325396263,-0.0130993926417303,-0.0237999946391486));
#2644=CARTESIAN_POINT('',(-0.0400519325396263,-0.0130993926417303,-0.0237999946391486));
#2645=CARTESIAN_POINT('',(-0.156098330189027,-0.131131462498693,-0.0237999946391486));
#2646=CARTESIAN_POINT('',(-0.0616144215384604,-0.0350308378166982,-0.0237999946391486));
#2647=CARTESIAN_POINT('',(-0.0616144215384604,-0.0350308378166982,-0.0229999946391486));
#2648=CARTESIAN_POINT('',(-0.0393072374289432,-0.0138572987551212,-0.0229999946391486));
#2649=CARTESIAN_POINT('',(-0.0393072374289432,-0.0138572987551212,-0.0237999946391486));
#2650=CARTESIAN_POINT('',(-0.0393072374289432,-0.0138572987551212,-0.0237999946391486));
#2651=CARTESIAN_POINT('',(-0.0616144215384604,-0.0350308378166982,-0.0237999946391486));
#2652=CARTESIAN_POINT('',(-0.0592768329260057,-0.0328120448237001,-0.0237999946391486));
#2653=CARTESIAN_POINT('',(-0.0592768329260057,-0.0328120448237001,-0.0229999946391486));
#2654=CARTESIAN_POINT('',(-0.0388024858666862,-0.0144036702258398,-0.0229999946391486));
#2655=CARTESIAN_POINT('',(-0.0388024858666862,-0.0144036702258398,-0.0237999946391486));
#2656=CARTESIAN_POINT('',(-0.0388024858666862,-0.0144036702258398,-0.0237999946391486));
#2657=CARTESIAN_POINT('',(-0.0592768329260057,-0.0328120448237001,-0.0237999946391486));
#2658=CARTESIAN_POINT('',(-0.0388610949625805,-0.0144563653466629,-0.0237999946391486));
#2659=CARTESIAN_POINT('',(-0.0388610949625805,-0.0144563653466629,-0.0229999946391486));
#2660=CARTESIAN_POINT('',(-0.0387822886451769,-0.0144551964936844,-0.0229999946391486));
#2661=CARTESIAN_POINT('',(-0.0387822886451769,-0.0144551964936844,-0.0237999946391486));
#2662=CARTESIAN_POINT('',(-0.0387822886451769,-0.0144551964936844,-0.0237999946391486));
#2663=CARTESIAN_POINT('',(-0.0388610949625805,-0.0144563653466629,-0.0237999946391486));
#2664=CARTESIAN_POINT('',(-0.0394935237833218,-0.0144657455123036,-0.0237999946391486));
#2665=CARTESIAN_POINT('',(-0.0394935237833218,-0.0144657455123036,-0.0229999946391486));
#2666=CARTESIAN_POINT('',(-0.0388523088187238,-0.0147736579555425,-0.0229999946391486));
#2667=CARTESIAN_POINT('',(-0.0388523088187238,-0.0147736579555425,-0.0237999946391486));
#2668=CARTESIAN_POINT('',(-0.0388523088187238,-0.0147736579555425,-0.0237999946391486));
#2669=CARTESIAN_POINT('',(-0.0394935237833218,-0.0144657455123036,-0.0237999946391486));
#2670=CARTESIAN_POINT('',(-0.0511470051194302,-0.00886972528733993,-0.0237999946391486));
#2671=CARTESIAN_POINT('',(-0.0511470051194302,-0.00886972528733993,-0.0229999946391486));
#2672=CARTESIAN_POINT('',(-0.039251649863785,-0.0155417940383824,-0.0229999946391486));
#2673=CARTESIAN_POINT('',(-0.039251649863785,-0.0155417940383824,-0.0237999946391486));
#2674=CARTESIAN_POINT('',(-0.039251649863785,-0.0155417940383824,-0.0237999946391486));
#2675=CARTESIAN_POINT('',(-0.0511470051194302,-0.00886972528733993,-0.0237999946391486));
#2676=CARTESIAN_POINT('',(-0.0553775392261043,-0.00649683151437149,-0.0237999946391486));
#2677=CARTESIAN_POINT('',(-0.0553775392261043,-0.00649683151437149,-0.0229999946391486));
#2678=CARTESIAN_POINT('',(-0.0397013555378201,-0.0163005512042498,-0.0229999946391486));
#2679=CARTESIAN_POINT('',(-0.0397013555378201,-0.0163005512042498,-0.0237999946391486));
#2680=CARTESIAN_POINT('',(-0.0397013555378201,-0.0163005512042498,-0.0237999946391486));
#2681=CARTESIAN_POINT('',(-0.0553775392261043,-0.00649683151437149,-0.0237999946391486));
#2682=CARTESIAN_POINT('',(-0.0398039760550195,-0.016236373416782,-0.0237999946391486));
#2683=CARTESIAN_POINT('',(-0.0398039760550195,-0.016236373416782,-0.0229999946391486));
#2684=CARTESIAN_POINT('',(-0.0397879719366843,-0.0163563468603053,-0.0229999946391486));
#2685=CARTESIAN_POINT('',(-0.0397879719366843,-0.0163563468603053,-0.0237999946391486));
#2686=CARTESIAN_POINT('',(-0.0397879719366843,-0.0163563468603053,-0.0237999946391486));
#2687=CARTESIAN_POINT('',(-0.0398039760550195,-0.016236373416782,-0.0237999946391486));
#2688=CARTESIAN_POINT('',(-0.0398296680449659,-0.0160437757091001,-0.0237999946391486));
#2689=CARTESIAN_POINT('',(-0.0398296680449659,-0.0160437757091001,-0.0229999946391486));
#2690=CARTESIAN_POINT('',(-0.0399229373935074,-0.0163450067145335,-0.0229999946391486));
#2691=CARTESIAN_POINT('',(-0.0399229373935074,-0.0163450067145335,-0.0237999946391486));
#2692=CARTESIAN_POINT('',(-0.0399229373935074,-0.0163450067145335,-0.0237999946391486));
#2693=CARTESIAN_POINT('',(-0.0398296680449659,-0.0160437757091001,-0.0237999946391486));
#2694=CARTESIAN_POINT('',(-0.0399072061833736,-0.0162941997954397,-0.0237999946391486));
#2695=CARTESIAN_POINT('',(-0.0399072061833736,-0.0162941997954397,-0.0229999946391486));
#2696=CARTESIAN_POINT('',(-0.0399529749756897,-0.0163212928139121,-0.0229999946391486));
#2697=CARTESIAN_POINT('',(-0.0399529749756897,-0.0163212928139121,-0.0237999946391486));
#2698=CARTESIAN_POINT('',(-0.0399529749756897,-0.0163212928139121,-0.0237999946391486));
#2699=CARTESIAN_POINT('',(-0.0399072061833736,-0.0162941997954397,-0.0237999946391486));
#2700=CARTESIAN_POINT('',(-0.0397993136100511,-0.0162303323579537,-0.0237999946391486));
#2701=CARTESIAN_POINT('',(-0.0397993136100511,-0.0162303323579537,-0.0229999946391486));
#2702=CARTESIAN_POINT('',(-0.0399777632185934,-0.0162239014133032,-0.0229999946391486));
#2703=CARTESIAN_POINT('',(-0.0399777632185934,-0.0162239014133032,-0.0237999946391486));
#2704=CARTESIAN_POINT('',(-0.0399777632185934,-0.0162239014133032,-0.0237999946391486));
#2705=CARTESIAN_POINT('',(-0.0397993136100511,-0.0162303323579537,-0.0237999946391486));
#2706=CARTESIAN_POINT('',(-0.0389122142055513,-0.0162623015352267,-0.0237999946391486));
#2707=CARTESIAN_POINT('',(-0.0389122142055513,-0.0162623015352267,-0.0229999946391486));
#2708=CARTESIAN_POINT('',(-0.0399403337864728,-0.0159797428760386,-0.0229999946391486));
#2709=CARTESIAN_POINT('',(-0.0399403337864728,-0.0159797428760386,-0.0237999946391486));
#2710=CARTESIAN_POINT('',(-0.0399403337864728,-0.0159797428760386,-0.0237999946391486));
#2711=CARTESIAN_POINT('',(-0.0389122142055513,-0.0162623015352267,-0.0237999946391486));
#2712=CARTESIAN_POINT('',(-0.0415461505956507,-0.0155384153758891,-0.0237999946391486));
#2713=CARTESIAN_POINT('',(-0.0415461505956507,-0.0155384153758891,-0.0229999946391486));
#2714=CARTESIAN_POINT('',(-0.0398938677914157,-0.0157466919272706,-0.0229999946391486));
#2715=CARTESIAN_POINT('',(-0.0398938677914157,-0.0157466919272706,-0.0237999946391486));
#2716=CARTESIAN_POINT('',(-0.0398938677914157,-0.0157466919272706,-0.0237999946391486));
#2717=CARTESIAN_POINT('',(-0.0415461505956507,-0.0155384153758891,-0.0237999946391486));
#2718=CARTESIAN_POINT('',(-0.0451406175741377,-0.0150853190993828,-0.0237999946391486));
#2719=CARTESIAN_POINT('',(-0.0451406175741377,-0.0150853190993828,-0.0229999946391486));
#2720=CARTESIAN_POINT('',(-0.0398648891853611,-0.0154493071025081,-0.0229999946391486));
#2721=CARTESIAN_POINT('',(-0.0398648891853611,-0.0154493071025081,-0.0237999946391486));
#2722=CARTESIAN_POINT('',(-0.0398648891853611,-0.0154493071025081,-0.0237999946391486));
#2723=CARTESIAN_POINT('',(-0.0451406175741377,-0.0150853190993828,-0.0237999946391486));
#2724=CARTESIAN_POINT('',(-0.0456670456953666,-0.0150489992765046,-0.0237999946391486));
#2725=CARTESIAN_POINT('',(-0.0456670456953666,-0.0150489992765046,-0.0229999946391486));
#2726=CARTESIAN_POINT('',(-0.0398516068274424,-0.0151260531252372,-0.0229999946391486));
#2727=CARTESIAN_POINT('',(-0.0398516068274424,-0.0151260531252372,-0.0237999946391486));
#2728=CARTESIAN_POINT('',(-0.0398516068274424,-0.0151260531252372,-0.0237999946391486));
#2729=CARTESIAN_POINT('',(-0.0456670456953666,-0.0150489992765046,-0.0237999946391486));
#2730=CARTESIAN_POINT('',(-0.0443670535094217,-0.015066224012853,-0.0237999946391486));
#2731=CARTESIAN_POINT('',(-0.0443670535094217,-0.015066224012853,-0.0229999946391486));
#2732=CARTESIAN_POINT('',(-0.0398579148108377,-0.014820243409081,-0.0229999946391486));
#2733=CARTESIAN_POINT('',(-0.0398579148108377,-0.014820243409081,-0.0237999946391486));
#2734=CARTESIAN_POINT('',(-0.0398579148108377,-0.014820243409081,-0.0237999946391486));
#2735=CARTESIAN_POINT('',(-0.0443670535094217,-0.015066224012853,-0.0237999946391486));
#2736=CARTESIAN_POINT('',(-0.0434806852260064,-0.0150178712297401,-0.0237999946391486));
#2737=CARTESIAN_POINT('',(-0.0434806852260064,-0.0150178712297401,-0.0229999946391486));
#2738=CARTESIAN_POINT('',(-0.0399024736379419,-0.0144179345101095,-0.0229999946391486));
#2739=CARTESIAN_POINT('',(-0.0399024736379419,-0.0144179345101095,-0.0237999946391486));
#2740=CARTESIAN_POINT('',(-0.0399024736379419,-0.0144179345101095,-0.0237999946391486));
#2741=CARTESIAN_POINT('',(-0.0434806852260064,-0.0150178712297401,-0.0237999946391486));
#2742=CARTESIAN_POINT('',(-0.0413402516606281,-0.0146589979042823,-0.0237999946391486));
#2743=CARTESIAN_POINT('',(-0.0413402516606281,-0.0146589979042823,-0.0229999946391486));
#2744=CARTESIAN_POINT('',(-0.0399986266901797,-0.0140885948527486,-0.0229999946391486));
#2745=CARTESIAN_POINT('',(-0.0399986266901797,-0.0140885948527486,-0.0237999946391486));
#2746=CARTESIAN_POINT('',(-0.0399986266901797,-0.0140885948527486,-0.0237999946391486));
#2747=CARTESIAN_POINT('',(-0.0413402516606281,-0.0146589979042823,-0.0237999946391486));
#2748=CARTESIAN_POINT('',(-0.0414573747648794,-0.0147087937694022,-0.0237999946391486));
#2749=CARTESIAN_POINT('',(-0.0414573747648794,-0.0147087937694022,-0.0229999946391486));
#2750=CARTESIAN_POINT('',(-0.0401710291985965,-0.0137825606854742,-0.0229999946391486));
#2751=CARTESIAN_POINT('',(-0.0401710291985965,-0.0137825606854742,-0.0237999946391486));
#2752=CARTESIAN_POINT('',(-0.0401710291985965,-0.0137825606854742,-0.0237999946391486));
#2753=CARTESIAN_POINT('',(-0.0414573747648794,-0.0147087937694022,-0.0237999946391486));
#2754=CARTESIAN_POINT('',(-0.0441680699548835,-0.0166606297544097,-0.0237999946391486));
#2755=CARTESIAN_POINT('',(-0.0441680699548835,-0.0166606297544097,-0.0229999946391486));
#2756=CARTESIAN_POINT('',(-0.0404427373997088,-0.0134385941050053,-0.0229999946391486));
#2757=CARTESIAN_POINT('',(-0.0404427373997088,-0.0134385941050053,-0.0237999946391486));
#2758=CARTESIAN_POINT('',(-0.0404427373997088,-0.0134385941050053,-0.0237999946391486));
#2759=CARTESIAN_POINT('',(-0.0441680699548835,-0.0166606297544097,-0.0237999946391486));
#2760=CARTESIAN_POINT('',(-0.0442763639881571,-0.0167542931336268,-0.0237999946391486));
#2761=CARTESIAN_POINT('',(-0.0442763639881571,-0.0167542931336268,-0.0229999946391486));
#2762=CARTESIAN_POINT('',(-0.0409500921138923,-0.0129298365334897,-0.0229999946391486));
#2763=CARTESIAN_POINT('',(-0.0409500921138923,-0.0129298365334897,-0.0237999946391486));
#2764=CARTESIAN_POINT('',(-0.0409500921138923,-0.0129298365334897,-0.0237999946391486));
#2765=CARTESIAN_POINT('',(-0.0442763639881571,-0.0167542931336268,-0.0237999946391486));
#2766=CARTESIAN_POINT('',(-0.0444237671445533,-0.0169237732590257,-0.0237999946391486));
#2767=CARTESIAN_POINT('',(-0.0444237671445533,-0.0169237732590257,-0.0229999946391486));
#2768=CARTESIAN_POINT('',(-0.0415285363998416,-0.0124925671340977,-0.0229999946391486));
#2769=CARTESIAN_POINT('',(-0.0415285363998416,-0.0124925671340977,-0.0237999946391486));
#2770=CARTESIAN_POINT('',(-0.0415285363998416,-0.0124925671340977,-0.0237999946391486));
#2771=CARTESIAN_POINT('',(-0.0444237671445533,-0.0169237732590257,-0.0237999946391486));
#2772=CARTESIAN_POINT('',(-0.0440260940346155,-0.0163151269451892,-0.0237999946391486));
#2773=CARTESIAN_POINT('',(-0.0440260940346155,-0.0163151269451892,-0.0229999946391486));
#2774=CARTESIAN_POINT('',(-0.0420744479333134,-0.0121870723012114,-0.0229999946391486));
#2775=CARTESIAN_POINT('',(-0.0420744479333134,-0.0121870723012114,-0.0237999946391486));
#2776=CARTESIAN_POINT('',(-0.0420744479333134,-0.0121870723012114,-0.0237999946391486));
#2777=CARTESIAN_POINT('',(-0.0440260940346155,-0.0163151269451892,-0.0237999946391486));
#2778=CARTESIAN_POINT('',(-0.0423924110221816,-0.0128596168802413,-0.0237999946391486));
#2779=CARTESIAN_POINT('',(-0.0423924110221816,-0.0128596168802413,-0.0229999946391486));
#2780=CARTESIAN_POINT('',(-0.0425358042502278,-0.0121296476214262,-0.0229999946391486));
#2781=CARTESIAN_POINT('',(-0.0425358042502278,-0.0121296476214262,-0.0237999946391486));
#2782=CARTESIAN_POINT('',(-0.0425358042502278,-0.0121296476214262,-0.0237999946391486));
#2783=CARTESIAN_POINT('',(-0.0423924110221816,-0.0128596168802413,-0.0237999946391486));
#2784=CARTESIAN_POINT('',(-0.0423574199186072,-0.0130377454452322,-0.0237999946391486));
#2785=CARTESIAN_POINT('',(-0.0423574199186072,-0.0130377454452322,-0.0229999946391486));
#2786=CARTESIAN_POINT('',(-0.0429504603800138,-0.012327276840365,-0.0229999946391486));
#2787=CARTESIAN_POINT('',(-0.0429504603800138,-0.012327276840365,-0.0237999946391486));
#2788=CARTESIAN_POINT('',(-0.0429504603800138,-0.012327276840365,-0.0237999946391486));
#2789=CARTESIAN_POINT('',(-0.0423574199186072,-0.0130377454452322,-0.0237999946391486));
#2790=CARTESIAN_POINT('',(-0.0264224280239705,-0.0321280305045368,-0.0237999946391486));
#2791=CARTESIAN_POINT('',(-0.0264224280239705,-0.0321280305045368,-0.0229999946391486));
#2792=CARTESIAN_POINT('',(-0.0436973474326541,-0.012975410353087,-0.0229999946391486));
#2793=CARTESIAN_POINT('',(-0.0436973474326541,-0.012975410353087,-0.0237999946391486));
#2794=CARTESIAN_POINT('',(-0.0436973474326541,-0.012975410353087,-0.0237999946391486));
#2795=CARTESIAN_POINT('',(-0.0264224280239705,-0.0321280305045368,-0.0237999946391486));
#2796=CARTESIAN_POINT('',(-0.0280978538189746,-0.0302704939751613,-0.0237999946391486));
#2797=CARTESIAN_POINT('',(-0.0280978538189746,-0.0302704939751613,-0.0229999946391486));
#2798=CARTESIAN_POINT('',(-0.0444132449658435,-0.0136490581099149,-0.0229999946391486));
#2799=CARTESIAN_POINT('',(-0.0444132449658435,-0.0136490581099149,-0.0237999946391486));
#2800=CARTESIAN_POINT('',(-0.0444132449658435,-0.0136490581099149,-0.0237999946391486));
#2801=CARTESIAN_POINT('',(-0.0280978538189746,-0.0302704939751613,-0.0237999946391486));
#2802=CARTESIAN_POINT('',(-0.0435810571790916,-0.014496856106348,-0.0237999946391486));
#2803=CARTESIAN_POINT('',(-0.0435810571790916,-0.014496856106348,-0.0229999946391486));
#2804=CARTESIAN_POINT('',(-0.044684711207722,-0.0140572588585593,-0.0229999946391486));
#2805=CARTESIAN_POINT('',(-0.044684711207722,-0.0140572588585593,-0.0237999946391486));
#2806=CARTESIAN_POINT('',(-0.044684711207722,-0.0140572588585593,-0.0237999946391486));
#2807=CARTESIAN_POINT('',(-0.0435810571790916,-0.014496856106348,-0.0237999946391486));
#2808=CARTESIAN_POINT('',(-0.0442124754443445,-0.01424535543276,-0.0237999946391486));
#2809=CARTESIAN_POINT('',(-0.0442124754443445,-0.01424535543276,-0.0229999946391486));
#2810=CARTESIAN_POINT('',(-0.0447183720067249,-0.0142949095003208,-0.0229999946391486));
#2811=CARTESIAN_POINT('',(-0.0447183720067249,-0.0142949095003208,-0.0237999946391486));
#2812=CARTESIAN_POINT('',(-0.0447183720067249,-0.0142949095003208,-0.0237999946391486));
#2813=CARTESIAN_POINT('',(-0.0442124754443445,-0.01424535543276,-0.0237999946391486));
#2814=CARTESIAN_POINT('',(-0.0442689374007584,-0.0142508860487215,-0.0237999946391486));
#2815=CARTESIAN_POINT('',(-0.0442689374007584,-0.0142508860487215,-0.0229999946391486));
#2816=CARTESIAN_POINT('',(-0.0446276815370812,-0.014525170889689,-0.0229999946391486));
#2817=CARTESIAN_POINT('',(-0.0446276815370812,-0.014525170889689,-0.0237999946391486));
#2818=CARTESIAN_POINT('',(-0.0446276815370812,-0.014525170889689,-0.0237999946391486));
#2819=CARTESIAN_POINT('',(-0.0442689374007584,-0.0142508860487215,-0.0237999946391486));
#2820=CARTESIAN_POINT('',(-0.0438121518655031,-0.0139016417400116,-0.0237999946391486));
#2821=CARTESIAN_POINT('',(-0.0438121518655031,-0.0139016417400116,-0.0229999946391486));
#2822=CARTESIAN_POINT('',(-0.0444426123582251,-0.0147118249370947,-0.0229999946391486));
#2823=CARTESIAN_POINT('',(-0.0444426123582251,-0.0147118249370947,-0.0237999946391486));
#2824=CARTESIAN_POINT('',(-0.0444426123582251,-0.0147118249370947,-0.0237999946391486));
#2825=CARTESIAN_POINT('',(-0.0438121518655031,-0.0139016417400116,-0.0237999946391486));
#2826=CARTESIAN_POINT('',(-0.0379096379769693,-0.00631652319849454,-0.0237999946391486));
#2827=CARTESIAN_POINT('',(-0.0379096379769693,-0.00631652319849454,-0.0229999946391486));
#2828=CARTESIAN_POINT('',(-0.0441045629897546,-0.0149642830063364,-0.0229999946391486));
#2829=CARTESIAN_POINT('',(-0.0441045629897546,-0.0149642830063364,-0.0237999946391486));
#2830=CARTESIAN_POINT('',(-0.0441045629897546,-0.0149642830063364,-0.0237999946391486));
#2831=CARTESIAN_POINT('',(-0.0379096379769693,-0.00631652319849454,-0.0237999946391486));
#2832=CARTESIAN_POINT('',(-0.0379249761036596,-0.00633793434314011,-0.0237999946391486));
#2833=CARTESIAN_POINT('',(-0.0379249761036596,-0.00633793434314011,-0.0229999946391486));
#2834=CARTESIAN_POINT('',(-0.0434941360893096,-0.0153704114339531,-0.0229999946391486));
#2835=CARTESIAN_POINT('',(-0.0434941360893096,-0.0153704114339531,-0.0237999946391486));
#2836=CARTESIAN_POINT('',(-0.0434941360893096,-0.0153704114339531,-0.0237999946391486));
#2837=CARTESIAN_POINT('',(-0.0379249761036596,-0.00633793434314011,-0.0237999946391486));
#2838=CARTESIAN_POINT('',(-0.0427055120979828,-0.0140913625013888,-0.0237999946391486));
#2839=CARTESIAN_POINT('',(-0.0427055120979828,-0.0140913625013888,-0.0229999946391486));
#2840=CARTESIAN_POINT('',(-0.0430556026068758,-0.0155526395480754,-0.0229999946391486));
#2841=CARTESIAN_POINT('',(-0.0430556026068758,-0.0155526395480754,-0.0237999946391486));
#2842=CARTESIAN_POINT('',(-0.0430556026068758,-0.0155526395480754,-0.0237999946391486));
#2843=CARTESIAN_POINT('',(-0.0427055120979828,-0.0140913625013888,-0.0237999946391486));
#2844=CARTESIAN_POINT('',(-0.0428351166331441,-0.0146323315581526,-0.0237999946391486));
#2845=CARTESIAN_POINT('',(-0.0428351166331441,-0.0146323315581526,-0.0229999946391486));
#2846=CARTESIAN_POINT('',(-0.0426264298606804,-0.0155553866442265,-0.0229999946391486));
#2847=CARTESIAN_POINT('',(-0.0426264298606804,-0.0155553866442265,-0.0237999946391486));
#2848=CARTESIAN_POINT('',(-0.0426264298606804,-0.0155553866442265,-0.0237999946391486));
#2849=CARTESIAN_POINT('',(-0.0428351166331441,-0.0146323315581526,-0.0237999946391486));
#2850=CARTESIAN_POINT('',(-0.0431031379199467,-0.013446830392753,-0.0237999946391486));
#2851=CARTESIAN_POINT('',(-0.0431031379199467,-0.013446830392753,-0.0229999946391486));
#2852=CARTESIAN_POINT('',(-0.0421731185377154,-0.0153983231516612,-0.0229999946391486));
#2853=CARTESIAN_POINT('',(-0.0421731185377154,-0.0153983231516612,-0.0237999946391486));
#2854=CARTESIAN_POINT('',(-0.0421731185377154,-0.0153983231516612,-0.0237999946391486));
#2855=CARTESIAN_POINT('',(-0.0431031379199467,-0.013446830392753,-0.0237999946391486));
#2856=CARTESIAN_POINT('',(-0.0412890271742736,-0.0172534435146695,-0.0237999946391486));
#2857=CARTESIAN_POINT('',(-0.0412890271742736,-0.0172534435146695,-0.0229999946391486));
#2858=CARTESIAN_POINT('',(-0.0419713854828173,-0.0153150224461151,-0.0229999946391486));
#2859=CARTESIAN_POINT('',(-0.0419713854828173,-0.0153150224461151,-0.0237999946391486));
#2860=CARTESIAN_POINT('',(-0.0419713854828173,-0.0153150224461151,-0.0237999946391486));
#2861=CARTESIAN_POINT('',(-0.0412890271742736,-0.0172534435146695,-0.0237999946391486));
#2862=CARTESIAN_POINT('',(-0.0413941182085289,-0.0169549043566263,-0.0237999946391486));
#2863=CARTESIAN_POINT('',(-0.0413941182085289,-0.0169549043566263,-0.0229999946391486));
#2864=CARTESIAN_POINT('',(-0.0417725544663317,-0.0152580731377998,-0.0229999946391486));
#2865=CARTESIAN_POINT('',(-0.0417725544663317,-0.0152580731377998,-0.0237999946391486));
#2866=CARTESIAN_POINT('',(-0.0417725544663317,-0.0152580731377998,-0.0237999946391486));
#2867=CARTESIAN_POINT('',(-0.0413941182085289,-0.0169549043566263,-0.0237999946391486));
#2868=CARTESIAN_POINT('',(-0.041473919520919,-0.0165970915007621,-0.0237999946391486));
#2869=CARTESIAN_POINT('',(-0.041473919520919,-0.0165970915007621,-0.0229999946391486));
#2870=CARTESIAN_POINT('',(-0.0416043338681445,-0.0152313883467015,-0.0229999946391486));
#2871=CARTESIAN_POINT('',(-0.0416043338681445,-0.0152313883467015,-0.0237999946391486));
#2872=CARTESIAN_POINT('',(-0.0416043338681445,-0.0152313883467015,-0.0237999946391486));
#2873=CARTESIAN_POINT('',(-0.041473919520919,-0.0165970915007621,-0.0237999946391486));
#2874=CARTESIAN_POINT('',(-0.0415989446192914,-0.0152878247305302,-0.0237999946391486));
#2875=CARTESIAN_POINT('',(-0.0415989446192914,-0.0152878247305302,-0.0229999946391486));
#2876=CARTESIAN_POINT('',(-0.0415779649708422,-0.0152351562981086,-0.0229999946391486));
#2877=CARTESIAN_POINT('',(-0.0415779649708422,-0.0152351562981086,-0.0237999946391486));
#2878=CARTESIAN_POINT('',(-0.0415779649708422,-0.0152351562981086,-0.0237999946391486));
#2879=CARTESIAN_POINT('',(-0.0415989446192914,-0.0152878247305302,-0.0237999946391486));
#2880=CARTESIAN_POINT('',(-0.0416001883439851,-0.0152909470435727,-0.0237999946391486));
#2881=CARTESIAN_POINT('',(-0.0416001883439851,-0.0152909470435727,-0.0229999946391486));
#2882=CARTESIAN_POINT('',(-0.0415408450459468,-0.0152817351723635,-0.0229999946391486));
#2883=CARTESIAN_POINT('',(-0.0415408450459468,-0.0152817351723635,-0.0237999946391486));
#2884=CARTESIAN_POINT('',(-0.0415408450459468,-0.0152817351723635,-0.0237999946391486));
#2885=CARTESIAN_POINT('',(-0.0416001883439851,-0.0152909470435727,-0.0237999946391486));
#2886=CARTESIAN_POINT('',(-0.0418252498057052,-0.0153258833762007,-0.0237999946391486));
#2887=CARTESIAN_POINT('',(-0.0418252498057052,-0.0153258833762007,-0.0229999946391486));
#2888=CARTESIAN_POINT('',(-0.0415721658475257,-0.0154629368015038,-0.0229999946391486));
#2889=CARTESIAN_POINT('',(-0.0415721658475257,-0.0154629368015038,-0.0237999946391486));
#2890=CARTESIAN_POINT('',(-0.0415721658475257,-0.0154629368015038,-0.0237999946391486));
#2891=CARTESIAN_POINT('',(-0.0418252498057052,-0.0153258833762007,-0.0237999946391486));
#2892=CARTESIAN_POINT('',(-0.0438624717720366,-0.0142226595662172,-0.0237999946391486));
#2893=CARTESIAN_POINT('',(-0.0438624717720366,-0.0142226595662172,-0.0229999946391486));
#2894=CARTESIAN_POINT('',(-0.0418932316463122,-0.0159273243941051,-0.0229999946391486));
#2895=CARTESIAN_POINT('',(-0.0418932316463122,-0.0159273243941051,-0.0237999946391486));
#2896=CARTESIAN_POINT('',(-0.0418932316463122,-0.0159273243941051,-0.0237999946391486));
#2897=CARTESIAN_POINT('',(-0.0438624717720366,-0.0142226595662172,-0.0237999946391486));
#2898=CARTESIAN_POINT('',(-0.0655351592298844,0.00453821553102772,-0.0237999946391486));
#2899=CARTESIAN_POINT('',(-0.0655351592298844,0.00453821553102772,-0.0229999946391486));
#2900=CARTESIAN_POINT('',(-0.042664314965989,-0.0167855633777543,-0.0229999946391486));
#2901=CARTESIAN_POINT('',(-0.042664314965989,-0.0167855633777543,-0.0237999946391486));
#2902=CARTESIAN_POINT('',(-0.042664314965989,-0.0167855633777543,-0.0237999946391486));
#2903=CARTESIAN_POINT('',(-0.0655351592298844,0.00453821553102772,-0.0237999946391486));
#2904=CARTESIAN_POINT('',(-0.112991495373089,0.0487844360929883,-0.0237999946391486));
#2905=CARTESIAN_POINT('',(-0.112991495373089,0.0487844360929883,-0.0229999946391486));
#2906=CARTESIAN_POINT('',(-0.0434046773721364,-0.0175707588438688,-0.0229999946391486));
#2907=CARTESIAN_POINT('',(-0.0434046773721364,-0.0175707588438688,-0.0237999946391486));
#2908=CARTESIAN_POINT('',(-0.0434046773721364,-0.0175707588438688,-0.0237999946391486));
#2909=CARTESIAN_POINT('',(-0.112991495373089,0.0487844360929883,-0.0237999946391486));
#2910=CARTESIAN_POINT('',(-0.0452334437377981,-0.0158269206835179,-0.0237999946391486));
#2911=CARTESIAN_POINT('',(-0.0452334437377981,-0.0158269206835179,-0.0229999946391486));
#2912=CARTESIAN_POINT('',(-0.0436799128706515,-0.017819883250777,-0.0229999946391486));
#2913=CARTESIAN_POINT('',(-0.0436799128706515,-0.017819883250777,-0.0237999946391486));
#2914=CARTESIAN_POINT('',(-0.0436799128706515,-0.017819883250777,-0.0237999946391486));
#2915=CARTESIAN_POINT('',(-0.0452334437377981,-0.0158269206835179,-0.0237999946391486));
#2916=CARTESIAN_POINT('',(-0.0438070777964857,-0.0176567484573749,-0.0237999946391486));
#2917=CARTESIAN_POINT('',(-0.0438070777964857,-0.0176567484573749,-0.0229999946391486));
#2918=CARTESIAN_POINT('',(-0.0437770717184706,-0.0178614030797585,-0.0229999946391486));
#2919=CARTESIAN_POINT('',(-0.0437770717184706,-0.0178614030797585,-0.0237999946391486));
#2920=CARTESIAN_POINT('',(-0.0437770717184706,-0.0178614030797585,-0.0237999946391486));
#2921=CARTESIAN_POINT('',(-0.0438070777964857,-0.0176567484573749,-0.0237999946391486));
#2922=CARTESIAN_POINT('',(-0.0437839459910252,-0.0178145175236687,-0.0237999946391486));
#2923=CARTESIAN_POINT('',(-0.0437839459910252,-0.0178145175236687,-0.0229999946391486));
#2924=CARTESIAN_POINT('',(-0.043810842887552,-0.0178535312129356,-0.0229999946391486));
#2925=CARTESIAN_POINT('',(-0.043810842887552,-0.0178535312129356,-0.0237999946391486));
#2926=CARTESIAN_POINT('',(-0.043810842887552,-0.0178535312129356,-0.0237999946391486));
#2927=CARTESIAN_POINT('',(-0.0437839459910252,-0.0178145175236687,-0.0237999946391486));
#2928=CARTESIAN_POINT('',(-0.0437412940015792,-0.0177526512239193,-0.0237999946391486));
#2929=CARTESIAN_POINT('',(-0.0437412940015792,-0.0177526512239193,-0.0229999946391486));
#2930=CARTESIAN_POINT('',(-0.0438496805932197,-0.0178098016086696,-0.0229999946391486));
#2931=CARTESIAN_POINT('',(-0.0438496805932197,-0.0178098016086696,-0.0237999946391486));
#2932=CARTESIAN_POINT('',(-0.0438496805932197,-0.0178098016086696,-0.0237999946391486));
#2933=CARTESIAN_POINT('',(-0.0437412940015792,-0.0177526512239193,-0.0237999946391486));
#2934=CARTESIAN_POINT('',(-0.0437540475334393,-0.0177593759418175,-0.0237999946391486));
#2935=CARTESIAN_POINT('',(-0.0437540475334393,-0.0177593759418175,-0.0229999946391486));
#2936=CARTESIAN_POINT('',(-0.0438621506103869,-0.01775790803348,-0.0229999946391486));
#2937=CARTESIAN_POINT('',(-0.0438621506103869,-0.01775790803348,-0.0237999946391486));
#2938=CARTESIAN_POINT('',(-0.0438621506103869,-0.01775790803348,-0.0237999946391486));
#2939=CARTESIAN_POINT('',(-0.0437540475334393,-0.0177593759418175,-0.0237999946391486));
#2940=CARTESIAN_POINT('',(-0.0432648532104611,-0.01776601860589,-0.0237999946391486));
#2941=CARTESIAN_POINT('',(-0.0432648532104611,-0.01776601860589,-0.0229999946391486));
#2942=CARTESIAN_POINT('',(-0.0438375464336245,-0.0175961585532418,-0.0229999946391486));
#2943=CARTESIAN_POINT('',(-0.0438375464336245,-0.0175961585532418,-0.0237999946391486));
#2944=CARTESIAN_POINT('',(-0.0438375464336245,-0.0175961585532418,-0.0237999946391486));
#2945=CARTESIAN_POINT('',(-0.0432648532104611,-0.01776601860589,-0.0237999946391486));
#2946=CARTESIAN_POINT('',(-0.0384296916377667,-0.0192001211342275,-0.0237999946391486));
#2947=CARTESIAN_POINT('',(-0.0384296916377667,-0.0192001211342275,-0.0229999946391486));
#2948=CARTESIAN_POINT('',(-0.0437253321184645,-0.0172574988463218,-0.0229999946391486));
#2949=CARTESIAN_POINT('',(-0.0437253321184645,-0.0172574988463218,-0.0237999946391486));
#2950=CARTESIAN_POINT('',(-0.0437253321184645,-0.0172574988463218,-0.0237999946391486));
#2951=CARTESIAN_POINT('',(-0.0384296916377667,-0.0192001211342275,-0.0237999946391486));
#2952=CARTESIAN_POINT('',(-0.0493182486383209,-0.0152058255264522,-0.0237999946391486));
#2953=CARTESIAN_POINT('',(-0.0493182486383209,-0.0152058255264522,-0.0229999946391486));
#2954=CARTESIAN_POINT('',(-0.0435920525849086,-0.0168492236423802,-0.0229999946391486));
#2955=CARTESIAN_POINT('',(-0.0435920525849086,-0.0168492236423802,-0.0237999946391486));
#2956=CARTESIAN_POINT('',(-0.0435920525849086,-0.0168492236423802,-0.0237999946391486));
#2957=CARTESIAN_POINT('',(-0.0493182486383209,-0.0152058255264522,-0.0237999946391486));
#2958=CARTESIAN_POINT('',(-0.0444276004289647,-0.0166094243515627,-0.0237999946391486));
#2959=CARTESIAN_POINT('',(-0.0444276004289647,-0.0166094243515627,-0.0229999946391486));
#2960=CARTESIAN_POINT('',(-0.0435605663872816,-0.0165470074456113,-0.0229999946391486));
#2961=CARTESIAN_POINT('',(-0.0435605663872816,-0.0165470074456113,-0.0237999946391486));
#2962=CARTESIAN_POINT('',(-0.0435605663872816,-0.0165470074456113,-0.0237999946391486));
#2963=CARTESIAN_POINT('',(-0.0444276004289647,-0.0166094243515627,-0.0237999946391486));
#2964=CARTESIAN_POINT('',(-0.0442347380797133,-0.0165955403856098,-0.0237999946391486));
#2965=CARTESIAN_POINT('',(-0.0442347380797133,-0.0165955403856098,-0.0229999946391486));
#2966=CARTESIAN_POINT('',(-0.0436462103823472,-0.016263127890998,-0.0229999946391486));
#2967=CARTESIAN_POINT('',(-0.0436462103823472,-0.016263127890998,-0.0237999946391486));
#2968=CARTESIAN_POINT('',(-0.0436462103823472,-0.016263127890998,-0.0237999946391486));
#2969=CARTESIAN_POINT('',(-0.0442347380797133,-0.0165955403856098,-0.0237999946391486));
#2970=CARTESIAN_POINT('',(-0.045639676787649,-0.0173890785364423,-0.0237999946391486));
#2971=CARTESIAN_POINT('',(-0.045639676787649,-0.0173890785364423,-0.0229999946391486));
#2972=CARTESIAN_POINT('',(-0.0438332877549571,-0.0159824400513971,-0.0229999946391486));
#2973=CARTESIAN_POINT('',(-0.0438332877549571,-0.0159824400513971,-0.0237999946391486));
#2974=CARTESIAN_POINT('',(-0.0438332877549571,-0.0159824400513971,-0.0237999946391486));
#2975=CARTESIAN_POINT('',(-0.045639676787649,-0.0173890785364423,-0.0237999946391486));
#2976=CARTESIAN_POINT('',(-0.0508522808628121,-0.0214481429830978,-0.0237999946391486));
#2977=CARTESIAN_POINT('',(-0.0508522808628121,-0.0214481429830978,-0.0229999946391486));
#2978=CARTESIAN_POINT('',(-0.0442674102308599,-0.0154665335386251,-0.0229999946391486));
#2979=CARTESIAN_POINT('',(-0.0442674102308599,-0.0154665335386251,-0.0237999946391486));
#2980=CARTESIAN_POINT('',(-0.0442674102308599,-0.0154665335386251,-0.0237999946391486));
#2981=CARTESIAN_POINT('',(-0.0508522808628121,-0.0214481429830978,-0.0237999946391486));
#2982=CARTESIAN_POINT('',(-0.0463172774067022,-0.017328605786398,-0.0237999946391486));
#2983=CARTESIAN_POINT('',(-0.0463172774067022,-0.017328605786398,-0.0229999946391486));
#2984=CARTESIAN_POINT('',(-0.0446514299900438,-0.0151163171797878,-0.0229999946391486));
#2985=CARTESIAN_POINT('',(-0.0446514299900438,-0.0151163171797878,-0.0237999946391486));
#2986=CARTESIAN_POINT('',(-0.0446514299900438,-0.0151163171797878,-0.0237999946391486));
#2987=CARTESIAN_POINT('',(-0.0463172774067022,-0.017328605786398,-0.0237999946391486));
#2988=CARTESIAN_POINT('',(-0.0455079619399683,-0.0162538138406863,-0.0237999946391486));
#2989=CARTESIAN_POINT('',(-0.0455079619399683,-0.0162538138406863,-0.0229999946391486));
#2990=CARTESIAN_POINT('',(-0.0450000812479617,-0.0149235496423084,-0.0229999946391486));
#2991=CARTESIAN_POINT('',(-0.0450000812479617,-0.0149235496423084,-0.0237999946391486));
#2992=CARTESIAN_POINT('',(-0.0450000812479617,-0.0149235496423084,-0.0237999946391486));
#2993=CARTESIAN_POINT('',(-0.0455079619399683,-0.0162538138406863,-0.0237999946391486));
#2994=CARTESIAN_POINT('',(-0.0451996035047251,-0.0154461474081406,-0.0237999946391486));
#2995=CARTESIAN_POINT('',(-0.0451996035047251,-0.0154461474081406,-0.0229999946391486));
#2996=CARTESIAN_POINT('',(-0.0453829546076188,-0.0149176590649728,-0.0229999946391486));
#2997=CARTESIAN_POINT('',(-0.0453829546076188,-0.0149176590649728,-0.0237999946391486));
#2998=CARTESIAN_POINT('',(-0.0453829546076188,-0.0149176590649728,-0.0237999946391486));
#2999=CARTESIAN_POINT('',(-0.0451996035047251,-0.0154461474081406,-0.0237999946391486));
#3000=CARTESIAN_POINT('',(-0.0450491667925079,-0.0158797638278757,-0.0237999946391486));
#3001=CARTESIAN_POINT('',(-0.0450491667925079,-0.0158797638278757,-0.0229999946391486));
#3002=CARTESIAN_POINT('',(-0.0458106570814285,-0.0152036037727142,-0.0229999946391486));
#3003=CARTESIAN_POINT('',(-0.0458106570814285,-0.0152036037727142,-0.0237999946391486));
#3004=CARTESIAN_POINT('',(-0.0458106570814285,-0.0152036037727142,-0.0237999946391486));
#3005=CARTESIAN_POINT('',(-0.0450491667925079,-0.0158797638278757,-0.0237999946391486));
#3006=CARTESIAN_POINT('',(-0.0218555053625842,-0.0364744156836268,-0.0237999946391486));
#3007=CARTESIAN_POINT('',(-0.0218555053625842,-0.0364744156836268,-0.0229999946391486));
#3008=CARTESIAN_POINT('',(-0.0465706971384297,-0.0160916771849548,-0.0229999946391486));
#3009=CARTESIAN_POINT('',(-0.0465706971384297,-0.0160916771849548,-0.0237999946391486));
#3010=CARTESIAN_POINT('',(-0.0465706971384297,-0.0160916771849548,-0.0237999946391486));
#3011=CARTESIAN_POINT('',(-0.0218555053625842,-0.0364744156836268,-0.0237999946391486));
#3012=CARTESIAN_POINT('',(-0.0198617428967689,-0.0381186812567103,-0.0237999946391486));
#3013=CARTESIAN_POINT('',(-0.0198617428967689,-0.0381186812567103,-0.0229999946391486));
#3014=CARTESIAN_POINT('',(-0.0198617428967689,-0.0381186812567103,-0.0237999946391486));
#3015=CARTESIAN_POINT('',(-0.0697228288706337,0.00606633418553786,-0.0237999946391486));
#3016=CARTESIAN_POINT('',(-0.0697228288706337,0.00606633418553786,-0.0229999946391486));
#3017=MECHANICAL_DESIGN_GEOMETRIC_PRESENTATION_REPRESENTATION('',(#1638),
#3018);
#3018=(
GEOMETRIC_REPRESENTATION_CONTEXT(3)
GLOBAL_UNCERTAINTY_ASSIGNED_CONTEXT((#3019))
GLOBAL_UNIT_ASSIGNED_CONTEXT((#3022,#3021,#3020))
REPRESENTATION_CONTEXT('ForgeE2','TOP_LEVEL_ASSEMBLY_PART')
);
#3019=UNCERTAINTY_MEASURE_WITH_UNIT(LENGTH_MEASURE(1.E-8),#3022,
'DISTANCE_ACCURACY_VALUE','Maximum Tolerance applied to model');
#3020=(
NAMED_UNIT(*)
SI_UNIT($,.STERADIAN.)
SOLID_ANGLE_UNIT()
);
#3021=(
NAMED_UNIT(*)
PLANE_ANGLE_UNIT()
SI_UNIT($,.RADIAN.)
);
#3022=(
LENGTH_UNIT()
NAMED_UNIT(*)
SI_UNIT($,.METRE.)
);
#3023=PRODUCT_DEFINITION_SHAPE('','',#3024);
#3024=PRODUCT_DEFINITION('','',#3026,#3025);
#3025=PRODUCT_DEFINITION_CONTEXT('',#3032,'design');
#3026=PRODUCT_DEFINITION_FORMATION_WITH_SPECIFIED_SOURCE('','',#3028,
 .NOT_KNOWN.);
#3027=PRODUCT_RELATED_PRODUCT_CATEGORY('','',(#3028));
#3028=PRODUCT('ForgeE2','ForgeE2','ForgeE2',(#3030));
#3029=PRODUCT_CATEGORY('','');
#3030=PRODUCT_CONTEXT('',#3032,'mechanical');
#3031=APPLICATION_PROTOCOL_DEFINITION('international standard',
'ap242_managed_model_based_3d_engineering',2020,#3032);
#3032=APPLICATION_CONTEXT('managed model based 3d engineering');
ENDSEC;
END-ISO-10303-21;
