ISO-10303-21;
HEADER;
/* Generated by software containing ST-Developer
 * from STEP Tools, Inc. (www.steptools.com) 
 */
/* OPTION: using custom renumber hook */

FILE_DESCRIPTION(
/* description */ ('STEP AP242 Edition 2',
'CAx-IF Rec.Pracs.---Representation and Presentation of Product Manufa
cturing Information (PMI)---4.0---2014-10-13',
'CAx-IF Rec.Pracs.---3D Tessellated Geometry---0.4---2014-09-14','2;1',
'CAx-IF Rec.Pracs.---User Defined Attributes---1.5---2016-08-15'),
/* implementation_level */ '2;1');

FILE_NAME(
/* name */ 'CompleteShell - HackclubFlag',
/* time_stamp */ '2026-09-23T14:41:02Z',
/* author */ (''),
/* organization */ (''),
/* preprocessor_version */ 'ST-DEVELOPER v20',
/* originating_system */ 'ONSHAPE BY PTC INC, 1.221',
/* authorisation */ '  ');

FILE_SCHEMA (('AP242_MANAGED_MODEL_BASED_3D_ENGINEERING_MIM_LF { 1 0 10303 442 3 1 4 }'));
ENDSEC;

DATA;
#10=SHAPE_REPRESENTATION_RELATIONSHIP('','',#6622,#11);
#11=ADVANCED_BREP_SHAPE_REPRESENTATION('',(#6620),#12532);
#12=PLANE('',#7554);
#13=PLANE('',#7555);
#14=PLANE('',#7637);
#15=PLANE('',#7638);
#16=CIRCLE('',#6625,0.00258467413543806);
#17=CIRCLE('',#6626,0.00258467413543806);
#18=CIRCLE('',#6628,0.000778713657117525);
#19=CIRCLE('',#6629,0.000778713657117525);
#20=CIRCLE('',#6631,0.00093279247035542);
#21=CIRCLE('',#6632,0.00093279247035542);
#22=CIRCLE('',#6634,0.000694068188720397);
#23=CIRCLE('',#6635,0.000694068188720397);
#24=CIRCLE('',#6637,0.000886127064038672);
#25=CIRCLE('',#6638,0.000886127064038672);
#26=CIRCLE('',#6640,0.0017805227864122);
#27=CIRCLE('',#6641,0.0017805227864122);
#28=CIRCLE('',#6643,0.00376492609688534);
#29=CIRCLE('',#6644,0.00376492609688534);
#30=CIRCLE('',#6646,0.00302839160491799);
#31=CIRCLE('',#6647,0.00302839160491799);
#32=CIRCLE('',#6649,0.0026960238536466);
#33=CIRCLE('',#6650,0.0026960238536466);
#34=CIRCLE('',#6652,0.0021810291440112);
#35=CIRCLE('',#6653,0.0021810291440112);
#36=CIRCLE('',#6655,0.00258834667996208);
#37=CIRCLE('',#6656,0.00258834667996208);
#38=CIRCLE('',#6658,0.000549898540183183);
#39=CIRCLE('',#6659,0.000549898540183183);
#40=CIRCLE('',#6661,0.000158030759937847);
#41=CIRCLE('',#6662,0.000158030759937847);
#42=CIRCLE('',#6664,0.0268213561637127);
#43=CIRCLE('',#6665,0.0268213561637127);
#44=CIRCLE('',#6667,0.0783686682175214);
#45=CIRCLE('',#6668,0.0783686682175214);
#46=CIRCLE('',#6670,0.50975902022117);
#47=CIRCLE('',#6671,0.50975902022117);
#48=CIRCLE('',#6673,0.104245858076509);
#49=CIRCLE('',#6674,0.104245858076509);
#50=CIRCLE('',#6676,0.194925853439343);
#51=CIRCLE('',#6677,0.194925853439343);
#52=CIRCLE('',#6679,0.023568093424421);
#53=CIRCLE('',#6680,0.023568093424421);
#54=CIRCLE('',#6682,0.00309799811871807);
#55=CIRCLE('',#6683,0.00309799811871807);
#56=CIRCLE('',#6685,0.00135714573253439);
#57=CIRCLE('',#6686,0.00135714573253439);
#58=CIRCLE('',#6688,0.00101941875422636);
#59=CIRCLE('',#6689,0.00101941875422636);
#60=CIRCLE('',#6691,0.00327689834547364);
#61=CIRCLE('',#6692,0.00327689834547364);
#62=CIRCLE('',#6694,0.000474023398268662);
#63=CIRCLE('',#6695,0.000474023398268662);
#64=CIRCLE('',#6697,0.000442132404810309);
#65=CIRCLE('',#6698,0.000442132404810309);
#66=CIRCLE('',#6700,0.00234837533906599);
#67=CIRCLE('',#6701,0.00234837533906599);
#68=CIRCLE('',#6703,0.000907995970076039);
#69=CIRCLE('',#6704,0.000907995970076039);
#70=CIRCLE('',#6706,0.000982985150909699);
#71=CIRCLE('',#6707,0.000982985150909699);
#72=CIRCLE('',#6709,0.00214170051762453);
#73=CIRCLE('',#6710,0.00214170051762453);
#74=CIRCLE('',#6712,0.0134457789949629);
#75=CIRCLE('',#6713,0.0134457789949629);
#76=CIRCLE('',#6715,0.04126792182127);
#77=CIRCLE('',#6716,0.04126792182127);
#78=CIRCLE('',#6718,0.0529845674759006);
#79=CIRCLE('',#6719,0.0529845674759006);
#80=CIRCLE('',#6721,0.0846318325769909);
#81=CIRCLE('',#6722,0.0846318325769909);
#82=CIRCLE('',#6724,0.00150686675271378);
#83=CIRCLE('',#6725,0.00150686675271378);
#84=CIRCLE('',#6727,0.00156433828074528);
#85=CIRCLE('',#6728,0.00156433828074528);
#86=CIRCLE('',#6730,0.00183040829367501);
#87=CIRCLE('',#6731,0.00183040829367501);
#88=CIRCLE('',#6733,0.00154925074438624);
#89=CIRCLE('',#6734,0.00154925074438624);
#90=CIRCLE('',#6736,0.000578932716105275);
#91=CIRCLE('',#6737,0.000578932716105275);
#92=CIRCLE('',#6739,0.000625610297036399);
#93=CIRCLE('',#6740,0.000625610297036399);
#94=CIRCLE('',#6742,0.000754181115518212);
#95=CIRCLE('',#6743,0.000754181115518212);
#96=CIRCLE('',#6745,0.00181595870560195);
#97=CIRCLE('',#6746,0.00181595870560195);
#98=CIRCLE('',#6748,0.011259686090089);
#99=CIRCLE('',#6749,0.011259686090089);
#100=CIRCLE('',#6751,0.0245529822902412);
#101=CIRCLE('',#6752,0.0245529822902412);
#102=CIRCLE('',#6754,0.0130022153710787);
#103=CIRCLE('',#6755,0.0130022153710787);
#104=CIRCLE('',#6757,0.0391463888980957);
#105=CIRCLE('',#6758,0.0391463888980957);
#106=CIRCLE('',#6760,0.087988138582667);
#107=CIRCLE('',#6761,0.087988138582667);
#108=CIRCLE('',#6763,0.0552045028378694);
#109=CIRCLE('',#6764,0.0552045028378694);
#110=CIRCLE('',#6766,0.0341692642003691);
#111=CIRCLE('',#6767,0.0341692642003691);
#112=CIRCLE('',#6769,0.0554975301479251);
#113=CIRCLE('',#6770,0.0554975301479251);
#114=CIRCLE('',#6772,0.00552963939682414);
#115=CIRCLE('',#6773,0.00552963939682414);
#116=CIRCLE('',#6775,0.00246709364926662);
#117=CIRCLE('',#6776,0.00246709364926662);
#118=CIRCLE('',#6778,0.00162358273266023);
#119=CIRCLE('',#6779,0.00162358273266023);
#120=CIRCLE('',#6781,0.0010216173518855);
#121=CIRCLE('',#6782,0.0010216173518855);
#122=CIRCLE('',#6784,0.000648533506900288);
#123=CIRCLE('',#6785,0.000648533506900288);
#124=CIRCLE('',#6787,0.000714932175392082);
#125=CIRCLE('',#6788,0.000714932175392082);
#126=CIRCLE('',#6790,0.00195645448633713);
#127=CIRCLE('',#6791,0.00195645448633713);
#128=CIRCLE('',#6793,0.0108118195870348);
#129=CIRCLE('',#6794,0.0108118195870348);
#130=CIRCLE('',#6796,0.0284560652654329);
#131=CIRCLE('',#6797,0.0284560652654329);
#132=CIRCLE('',#6799,0.0266618978346514);
#133=CIRCLE('',#6800,0.0266618978346514);
#134=CIRCLE('',#6802,0.0274371508375146);
#135=CIRCLE('',#6803,0.0274371508375146);
#136=CIRCLE('',#6805,0.0325419704688525);
#137=CIRCLE('',#6806,0.0325419704688525);
#138=CIRCLE('',#6808,0.00627507310477342);
#139=CIRCLE('',#6809,0.00627507310477342);
#140=CIRCLE('',#6811,0.00234253236647578);
#141=CIRCLE('',#6812,0.00234253236647578);
#142=CIRCLE('',#6814,0.00115588744532903);
#143=CIRCLE('',#6815,0.00115588744532903);
#144=CIRCLE('',#6817,0.00111635587131838);
#145=CIRCLE('',#6818,0.00111635587131838);
#146=CIRCLE('',#6820,0.000783962461009883);
#147=CIRCLE('',#6821,0.000783962461009883);
#148=CIRCLE('',#6823,0.00188110384403722);
#149=CIRCLE('',#6824,0.00188110384403722);
#150=CIRCLE('',#6826,0.00882964788248209);
#151=CIRCLE('',#6827,0.00882964788248209);
#152=CIRCLE('',#6829,0.0119206231007195);
#153=CIRCLE('',#6830,0.0119206231007195);
#154=CIRCLE('',#6832,0.0127210707912838);
#155=CIRCLE('',#6833,0.0127210707912838);
#156=CIRCLE('',#6835,0.0149459745159626);
#157=CIRCLE('',#6836,0.0149459745159626);
#158=CIRCLE('',#6838,0.0244446669935485);
#159=CIRCLE('',#6839,0.0244446669935485);
#160=CIRCLE('',#6841,0.022294184878266);
#161=CIRCLE('',#6842,0.022294184878266);
#162=CIRCLE('',#6844,0.00247189579503819);
#163=CIRCLE('',#6845,0.00247189579503819);
#164=CIRCLE('',#6847,0.00122045914480495);
#165=CIRCLE('',#6848,0.00122045914480495);
#166=CIRCLE('',#6850,0.00170847369921459);
#167=CIRCLE('',#6851,0.00170847369921459);
#168=CIRCLE('',#6853,0.00187988241351157);
#169=CIRCLE('',#6854,0.00187988241351157);
#170=CIRCLE('',#6856,0.00100923356194663);
#171=CIRCLE('',#6857,0.00100923356194663);
#172=CIRCLE('',#6859,0.000712638461651839);
#173=CIRCLE('',#6860,0.000712638461651839);
#174=CIRCLE('',#6862,0.000569483054459336);
#175=CIRCLE('',#6863,0.000569483054459336);
#176=CIRCLE('',#6865,0.000538231978984019);
#177=CIRCLE('',#6866,0.000538231978984019);
#178=CIRCLE('',#6868,0.000833469158706135);
#179=CIRCLE('',#6869,0.000833469158706135);
#180=CIRCLE('',#6871,0.00197453946592891);
#181=CIRCLE('',#6872,0.00197453946592891);
#182=CIRCLE('',#6874,0.0136414888756819);
#183=CIRCLE('',#6875,0.0136414888756819);
#184=CIRCLE('',#6877,0.0105120823557832);
#185=CIRCLE('',#6878,0.0105120823557832);
#186=CIRCLE('',#6880,0.00565044357009196);
#187=CIRCLE('',#6881,0.00565044357009196);
#188=CIRCLE('',#6883,0.0107370548818409);
#189=CIRCLE('',#6884,0.0107370548818409);
#190=CIRCLE('',#6886,0.00602093826638492);
#191=CIRCLE('',#6887,0.00602093826638492);
#192=CIRCLE('',#6889,0.0104608182454053);
#193=CIRCLE('',#6890,0.0104608182454053);
#194=CIRCLE('',#6892,0.0103465543112956);
#195=CIRCLE('',#6893,0.0103465543112956);
#196=CIRCLE('',#6895,0.00113973748503878);
#197=CIRCLE('',#6896,0.00113973748503878);
#198=CIRCLE('',#6898,0.0044430758251616);
#199=CIRCLE('',#6899,0.0044430758251616);
#200=CIRCLE('',#6901,0.00497695422588968);
#201=CIRCLE('',#6902,0.00497695422588968);
#202=CIRCLE('',#6904,0.00437468228982775);
#203=CIRCLE('',#6905,0.00437468228982775);
#204=CIRCLE('',#6907,0.00209515664037713);
#205=CIRCLE('',#6908,0.00209515664037713);
#206=CIRCLE('',#6910,0.000715597059130809);
#207=CIRCLE('',#6911,0.000715597059130809);
#208=CIRCLE('',#6913,0.00048753981022918);
#209=CIRCLE('',#6914,0.00048753981022918);
#210=CIRCLE('',#6916,0.000898430852091426);
#211=CIRCLE('',#6917,0.000898430852091426);
#212=CIRCLE('',#6919,0.000581456367310127);
#213=CIRCLE('',#6920,0.000581456367310127);
#214=CIRCLE('',#6922,0.703619860311037);
#215=CIRCLE('',#6923,0.703619860311037);
#216=CIRCLE('',#6925,0.154007535426288);
#217=CIRCLE('',#6926,0.154007535426288);
#218=CIRCLE('',#6928,0.155355126442387);
#219=CIRCLE('',#6929,0.155355126442387);
#220=CIRCLE('',#6931,0.00154712056279696);
#221=CIRCLE('',#6932,0.00154712056279696);
#222=CIRCLE('',#6934,0.00695327917679692);
#223=CIRCLE('',#6935,0.00695327917679692);
#224=CIRCLE('',#6937,0.00259635347692181);
#225=CIRCLE('',#6938,0.00259635347692181);
#226=CIRCLE('',#6940,0.0016375543984259);
#227=CIRCLE('',#6941,0.0016375543984259);
#228=CIRCLE('',#6943,0.00267313489296521);
#229=CIRCLE('',#6944,0.00267313489296521);
#230=CIRCLE('',#6946,0.0025897435482016);
#231=CIRCLE('',#6947,0.0025897435482016);
#232=CIRCLE('',#6949,0.00132161998742656);
#233=CIRCLE('',#6950,0.00132161998742656);
#234=CIRCLE('',#6952,0.00114597362300524);
#235=CIRCLE('',#6953,0.00114597362300524);
#236=CIRCLE('',#6955,0.00158475718740613);
#237=CIRCLE('',#6956,0.00158475718740613);
#238=CIRCLE('',#6958,0.00138493591537039);
#239=CIRCLE('',#6959,0.00138493591537039);
#240=CIRCLE('',#6961,0.000719705184513065);
#241=CIRCLE('',#6962,0.000719705184513065);
#242=CIRCLE('',#6964,0.000829017060442873);
#243=CIRCLE('',#6965,0.000829017060442873);
#244=CIRCLE('',#6967,0.000458564161126788);
#245=CIRCLE('',#6968,0.000458564161126788);
#246=CIRCLE('',#6970,0.000629909430688098);
#247=CIRCLE('',#6971,0.000629909430688098);
#248=CIRCLE('',#6973,0.00266238335157138);
#249=CIRCLE('',#6974,0.00266238335157138);
#250=CIRCLE('',#6976,0.000523943604203165);
#251=CIRCLE('',#6977,0.000523943604203165);
#252=CIRCLE('',#6979,0.000340349424537607);
#253=CIRCLE('',#6980,0.000340349424537607);
#254=CIRCLE('',#6982,0.00129272514494595);
#255=CIRCLE('',#6983,0.00129272514494595);
#256=CIRCLE('',#6985,0.00797867349641226);
#257=CIRCLE('',#6986,0.00797867349641226);
#258=CIRCLE('',#6988,0.00629112822968712);
#259=CIRCLE('',#6989,0.00629112822968712);
#260=CIRCLE('',#6991,0.00368730876590341);
#261=CIRCLE('',#6992,0.00368730876590341);
#262=CIRCLE('',#6994,0.00273754979177078);
#263=CIRCLE('',#6995,0.00273754979177078);
#264=CIRCLE('',#6997,0.0015561723135676);
#265=CIRCLE('',#6998,0.0015561723135676);
#266=CIRCLE('',#7000,0.00134283630572289);
#267=CIRCLE('',#7001,0.00134283630572289);
#268=CIRCLE('',#7003,0.000331287233138732);
#269=CIRCLE('',#7004,0.000331287233138732);
#270=CIRCLE('',#7006,0.000726172728026487);
#271=CIRCLE('',#7007,0.000726172728026487);
#272=CIRCLE('',#7009,0.00796419588705499);
#273=CIRCLE('',#7010,0.00796419588705499);
#274=CIRCLE('',#7012,0.000479828929436897);
#275=CIRCLE('',#7013,0.000479828929436897);
#276=CIRCLE('',#7015,0.000656670188695102);
#277=CIRCLE('',#7016,0.000656670188695102);
#278=CIRCLE('',#7018,0.000974993010296046);
#279=CIRCLE('',#7019,0.000974993010296046);
#280=CIRCLE('',#7021,0.00106042479267199);
#281=CIRCLE('',#7022,0.00106042479267199);
#282=CIRCLE('',#7024,0.00124140941469376);
#283=CIRCLE('',#7025,0.00124140941469376);
#284=CIRCLE('',#7027,0.00172132502734155);
#285=CIRCLE('',#7028,0.00172132502734155);
#286=CIRCLE('',#7030,0.00201007141291021);
#287=CIRCLE('',#7031,0.00201007141291021);
#288=CIRCLE('',#7033,0.00211711356059042);
#289=CIRCLE('',#7034,0.00211711356059042);
#290=CIRCLE('',#7036,0.00324898554558843);
#291=CIRCLE('',#7037,0.00324898554558843);
#292=CIRCLE('',#7039,0.00243295900070087);
#293=CIRCLE('',#7040,0.00243295900070087);
#294=CIRCLE('',#7042,0.00209289498536595);
#295=CIRCLE('',#7043,0.00209289498536595);
#296=CIRCLE('',#7045,0.00177964224513397);
#297=CIRCLE('',#7046,0.00177964224513397);
#298=CIRCLE('',#7048,0.000999742526023227);
#299=CIRCLE('',#7049,0.000999742526023227);
#300=CIRCLE('',#7051,0.00103397508210951);
#301=CIRCLE('',#7052,0.00103397508210951);
#302=CIRCLE('',#7054,0.00198961102922745);
#303=CIRCLE('',#7055,0.00198961102922745);
#304=CIRCLE('',#7057,0.00227971588546216);
#305=CIRCLE('',#7058,0.00227971588546216);
#306=CIRCLE('',#7060,0.000653096690252157);
#307=CIRCLE('',#7061,0.000653096690252157);
#308=CIRCLE('',#7063,0.000427064050648305);
#309=CIRCLE('',#7064,0.000427064050648305);
#310=CIRCLE('',#7066,0.00123338170452799);
#311=CIRCLE('',#7067,0.00123338170452799);
#312=CIRCLE('',#7069,0.00284429944841862);
#313=CIRCLE('',#7070,0.00284429944841862);
#314=CIRCLE('',#7072,0.00015975185134846);
#315=CIRCLE('',#7073,0.00015975185134846);
#316=CIRCLE('',#7075,7.0329492001341E-5);
#317=CIRCLE('',#7076,7.0329492001341E-5);
#318=CIRCLE('',#7078,0.00110196754011459);
#319=CIRCLE('',#7079,0.00110196754011459);
#320=CIRCLE('',#7081,0.000699288988251288);
#321=CIRCLE('',#7082,0.000699288988251288);
#322=CIRCLE('',#7084,0.000818992321146007);
#323=CIRCLE('',#7085,0.000818992321146007);
#324=CIRCLE('',#7087,0.00142359111006302);
#325=CIRCLE('',#7088,0.00142359111006302);
#326=CIRCLE('',#7090,0.00451012374288737);
#327=CIRCLE('',#7091,0.00451012374288737);
#328=CIRCLE('',#7093,0.00551313508782387);
#329=CIRCLE('',#7094,0.00551313508782387);
#330=CIRCLE('',#7096,0.00187304999881745);
#331=CIRCLE('',#7097,0.00187304999881745);
#332=CIRCLE('',#7099,0.00166952679960527);
#333=CIRCLE('',#7100,0.00166952679960527);
#334=CIRCLE('',#7102,0.00375891067213171);
#335=CIRCLE('',#7103,0.00375891067213171);
#336=CIRCLE('',#7105,0.0031508775635925);
#337=CIRCLE('',#7106,0.0031508775635925);
#338=CIRCLE('',#7108,0.000496186382855336);
#339=CIRCLE('',#7109,0.000496186382855336);
#340=CIRCLE('',#7111,0.00043094313189771);
#341=CIRCLE('',#7112,0.00043094313189771);
#342=CIRCLE('',#7114,0.00235058781929157);
#343=CIRCLE('',#7115,0.00235058781929157);
#344=CIRCLE('',#7117,0.00353399179492548);
#345=CIRCLE('',#7118,0.00353399179492548);
#346=CIRCLE('',#7120,0.000615136690954321);
#347=CIRCLE('',#7121,0.000615136690954321);
#348=CIRCLE('',#7123,0.000427443598141407);
#349=CIRCLE('',#7124,0.000427443598141407);
#350=CIRCLE('',#7126,0.00101586726876664);
#351=CIRCLE('',#7127,0.00101586726876664);
#352=CIRCLE('',#7129,0.000823875638864845);
#353=CIRCLE('',#7130,0.000823875638864845);
#354=CIRCLE('',#7132,0.00184390414447914);
#355=CIRCLE('',#7133,0.00184390414447914);
#356=CIRCLE('',#7135,0.00229121773427648);
#357=CIRCLE('',#7136,0.00229121773427648);
#358=CIRCLE('',#7138,0.00153001959795356);
#359=CIRCLE('',#7139,0.00153001959795356);
#360=CIRCLE('',#7141,0.00217552809898685);
#361=CIRCLE('',#7142,0.00217552809898685);
#362=CIRCLE('',#7144,0.0023084275892587);
#363=CIRCLE('',#7145,0.0023084275892587);
#364=CIRCLE('',#7147,0.00337269288523438);
#365=CIRCLE('',#7148,0.00337269288523438);
#366=CIRCLE('',#7150,0.00915154799917375);
#367=CIRCLE('',#7151,0.00915154799917375);
#368=CIRCLE('',#7153,0.00798925536881988);
#369=CIRCLE('',#7154,0.00798925536881988);
#370=CIRCLE('',#7156,0.00217142159884737);
#371=CIRCLE('',#7157,0.00217142159884737);
#372=CIRCLE('',#7159,0.000876574165069087);
#373=CIRCLE('',#7160,0.000876574165069087);
#374=CIRCLE('',#7162,0.000493029496627171);
#375=CIRCLE('',#7163,0.000493029496627171);
#376=CIRCLE('',#7165,0.000802842016765416);
#377=CIRCLE('',#7166,0.000802842016765416);
#378=CIRCLE('',#7168,0.00449856212662572);
#379=CIRCLE('',#7169,0.00449856212662572);
#380=CIRCLE('',#7171,0.0220792146951613);
#381=CIRCLE('',#7172,0.0220792146951613);
#382=CIRCLE('',#7174,0.346623114274753);
#383=CIRCLE('',#7175,0.346623114274753);
#384=CIRCLE('',#7177,0.201401802444674);
#385=CIRCLE('',#7178,0.201401802444674);
#386=CIRCLE('',#7180,0.44465183305099);
#387=CIRCLE('',#7181,0.44465183305099);
#388=CIRCLE('',#7183,0.00990427853915408);
#389=CIRCLE('',#7184,0.00990427853915408);
#390=CIRCLE('',#7186,0.0101229652044218);
#391=CIRCLE('',#7187,0.0101229652044218);
#392=CIRCLE('',#7189,0.0441841952657124);
#393=CIRCLE('',#7190,0.0441841952657124);
#394=CIRCLE('',#7192,0.00376740009618199);
#395=CIRCLE('',#7193,0.00376740009618199);
#396=CIRCLE('',#7195,0.000642851592141563);
#397=CIRCLE('',#7196,0.000642851592141563);
#398=CIRCLE('',#7198,0.000362257387727096);
#399=CIRCLE('',#7199,0.000362257387727096);
#400=CIRCLE('',#7201,0.000676145543639765);
#401=CIRCLE('',#7202,0.000676145543639765);
#402=CIRCLE('',#7204,0.000652027226732725);
#403=CIRCLE('',#7205,0.000652027226732725);
#404=CIRCLE('',#7207,0.00223549728267809);
#405=CIRCLE('',#7208,0.00223549728267809);
#406=CIRCLE('',#7210,0.00478575970516606);
#407=CIRCLE('',#7211,0.00478575970516606);
#408=CIRCLE('',#7213,0.0218699872477905);
#409=CIRCLE('',#7214,0.0218699872477905);
#410=CIRCLE('',#7216,0.01097031863772);
#411=CIRCLE('',#7217,0.01097031863772);
#412=CIRCLE('',#7219,0.000784654666536096);
#413=CIRCLE('',#7220,0.000784654666536096);
#414=CIRCLE('',#7222,0.000559207142210568);
#415=CIRCLE('',#7223,0.000559207142210568);
#416=CIRCLE('',#7225,0.00348924877369103);
#417=CIRCLE('',#7226,0.00348924877369103);
#418=CIRCLE('',#7228,0.0173959249773943);
#419=CIRCLE('',#7229,0.0173959249773943);
#420=CIRCLE('',#7231,0.0863940168446174);
#421=CIRCLE('',#7232,0.0863940168446174);
#422=CIRCLE('',#7234,0.0966628884118972);
#423=CIRCLE('',#7235,0.0966628884118972);
#424=CIRCLE('',#7237,0.085567835099419);
#425=CIRCLE('',#7238,0.085567835099419);
#426=CIRCLE('',#7240,0.054679131611717);
#427=CIRCLE('',#7241,0.054679131611717);
#428=CIRCLE('',#7243,0.00178810794768587);
#429=CIRCLE('',#7244,0.00178810794768587);
#430=CIRCLE('',#7246,0.000690767227582097);
#431=CIRCLE('',#7247,0.000690767227582097);
#432=CIRCLE('',#7249,0.000620095515107882);
#433=CIRCLE('',#7250,0.000620095515107882);
#434=CIRCLE('',#7252,0.00047635815882941);
#435=CIRCLE('',#7253,0.00047635815882941);
#436=CIRCLE('',#7255,0.000886595535143253);
#437=CIRCLE('',#7256,0.000886595535143253);
#438=CIRCLE('',#7258,0.00253372266078365);
#439=CIRCLE('',#7259,0.00253372266078365);
#440=CIRCLE('',#7261,0.00337568385357446);
#441=CIRCLE('',#7262,0.00337568385357446);
#442=CIRCLE('',#7264,0.0156846988425569);
#443=CIRCLE('',#7265,0.0156846988425569);
#444=CIRCLE('',#7267,0.0158739683839063);
#445=CIRCLE('',#7268,0.0158739683839063);
#446=CIRCLE('',#7270,0.0029262953056582);
#447=CIRCLE('',#7271,0.0029262953056582);
#448=CIRCLE('',#7273,0.00299751090165048);
#449=CIRCLE('',#7274,0.00299751090165048);
#450=CIRCLE('',#7276,0.00139699887291474);
#451=CIRCLE('',#7277,0.00139699887291474);
#452=CIRCLE('',#7279,0.00127099815829903);
#453=CIRCLE('',#7280,0.00127099815829903);
#454=CIRCLE('',#7282,0.00235654174664762);
#455=CIRCLE('',#7283,0.00235654174664762);
#456=CIRCLE('',#7285,0.0016315721087246);
#457=CIRCLE('',#7286,0.0016315721087246);
#458=CIRCLE('',#7288,0.00190770340629739);
#459=CIRCLE('',#7289,0.00190770340629739);
#460=CIRCLE('',#7291,0.0035406010369905);
#461=CIRCLE('',#7292,0.0035406010369905);
#462=CIRCLE('',#7294,0.0161805059473159);
#463=CIRCLE('',#7295,0.0161805059473159);
#464=CIRCLE('',#7297,0.0260339660936867);
#465=CIRCLE('',#7298,0.0260339660936867);
#466=CIRCLE('',#7300,0.00300034484261197);
#467=CIRCLE('',#7301,0.00300034484261197);
#468=CIRCLE('',#7303,0.000792013785444779);
#469=CIRCLE('',#7304,0.000792013785444779);
#470=CIRCLE('',#7306,0.000518481258076256);
#471=CIRCLE('',#7307,0.000518481258076256);
#472=CIRCLE('',#7309,0.000517322918691963);
#473=CIRCLE('',#7310,0.000517322918691963);
#474=CIRCLE('',#7312,0.00102970840583939);
#475=CIRCLE('',#7313,0.00102970840583939);
#476=CIRCLE('',#7315,0.00289323367766987);
#477=CIRCLE('',#7316,0.00289323367766987);
#478=CIRCLE('',#7318,0.0216556157918291);
#479=CIRCLE('',#7319,0.0216556157918291);
#480=CIRCLE('',#7321,0.0237629872989712);
#481=CIRCLE('',#7322,0.0237629872989712);
#482=CIRCLE('',#7324,0.0221643765428312);
#483=CIRCLE('',#7325,0.0221643765428312);
#484=CIRCLE('',#7327,0.0198868549603509);
#485=CIRCLE('',#7328,0.0198868549603509);
#486=CIRCLE('',#7330,0.00229392747997902);
#487=CIRCLE('',#7331,0.00229392747997902);
#488=CIRCLE('',#7333,0.00295643485858884);
#489=CIRCLE('',#7334,0.00295643485858884);
#490=CIRCLE('',#7336,0.000214708995621485);
#491=CIRCLE('',#7337,0.000214708995621485);
#492=CIRCLE('',#7339,5.49161713375108E-5);
#493=CIRCLE('',#7340,5.49161713375108E-5);
#494=CIRCLE('',#7342,0.000563890652602235);
#495=CIRCLE('',#7343,0.000563890652602235);
#496=CIRCLE('',#7345,0.000545799355036554);
#497=CIRCLE('',#7346,0.000545799355036554);
#498=CIRCLE('',#7348,0.000252563389711464);
#499=CIRCLE('',#7349,0.000252563389711464);
#500=CIRCLE('',#7351,0.000160462135919562);
#501=CIRCLE('',#7352,0.000160462135919562);
#502=CIRCLE('',#7354,0.000109511517500893);
#503=CIRCLE('',#7355,0.000109511517500893);
#504=CIRCLE('',#7357,0.000570972369483305);
#505=CIRCLE('',#7358,0.000570972369483305);
#506=CIRCLE('',#7360,0.00598058830706293);
#507=CIRCLE('',#7361,0.00598058830706293);
#508=CIRCLE('',#7363,0.00781649145512059);
#509=CIRCLE('',#7364,0.00781649145512059);
#510=CIRCLE('',#7366,0.0124653105794261);
#511=CIRCLE('',#7367,0.0124653105794261);
#512=CIRCLE('',#7369,0.0209811459213739);
#513=CIRCLE('',#7370,0.0209811459213739);
#514=CIRCLE('',#7372,0.000866475540337882);
#515=CIRCLE('',#7373,0.000866475540337882);
#516=CIRCLE('',#7375,0.011684032937784);
#517=CIRCLE('',#7376,0.011684032937784);
#518=CIRCLE('',#7378,0.00554880050533832);
#519=CIRCLE('',#7379,0.00554880050533832);
#520=CIRCLE('',#7381,0.00190980908497062);
#521=CIRCLE('',#7382,0.00190980908497062);
#522=CIRCLE('',#7384,0.00111299450453792);
#523=CIRCLE('',#7385,0.00111299450453792);
#524=CIRCLE('',#7387,0.000844844973479111);
#525=CIRCLE('',#7388,0.000844844973479111);
#526=CIRCLE('',#7390,0.000972109409390598);
#527=CIRCLE('',#7391,0.000972109409390598);
#528=CIRCLE('',#7393,0.00211291617420118);
#529=CIRCLE('',#7394,0.00211291617420118);
#530=CIRCLE('',#7396,0.00214682713218471);
#531=CIRCLE('',#7397,0.00214682713218471);
#532=CIRCLE('',#7399,0.00109329125412792);
#533=CIRCLE('',#7400,0.00109329125412792);
#534=CIRCLE('',#7402,0.000805649335036843);
#535=CIRCLE('',#7403,0.000805649335036843);
#536=CIRCLE('',#7405,0.00233264138885481);
#537=CIRCLE('',#7406,0.00233264138885481);
#538=CIRCLE('',#7408,0.00251965495523417);
#539=CIRCLE('',#7409,0.00251965495523417);
#540=CIRCLE('',#7411,0.00162288499008435);
#541=CIRCLE('',#7412,0.00162288499008435);
#542=CIRCLE('',#7414,0.00192057515605159);
#543=CIRCLE('',#7415,0.00192057515605159);
#544=CIRCLE('',#7417,0.00110024105980805);
#545=CIRCLE('',#7418,0.00110024105980805);
#546=CIRCLE('',#7420,0.00120031577519382);
#547=CIRCLE('',#7421,0.00120031577519382);
#548=CIRCLE('',#7423,0.00261555888049671);
#549=CIRCLE('',#7424,0.00261555888049671);
#550=CIRCLE('',#7426,0.00253852511474713);
#551=CIRCLE('',#7427,0.00253852511474713);
#552=CIRCLE('',#7429,0.00445343578086956);
#553=CIRCLE('',#7430,0.00445343578086956);
#554=CIRCLE('',#7432,0.00377501037558254);
#555=CIRCLE('',#7433,0.00377501037558254);
#556=CIRCLE('',#7435,0.000418587471366494);
#557=CIRCLE('',#7436,0.000418587471366494);
#558=CIRCLE('',#7438,0.022387783297173);
#559=CIRCLE('',#7439,0.022387783297173);
#560=CIRCLE('',#7441,1.239424104616);
#561=CIRCLE('',#7442,1.239424104616);
#562=CIRCLE('',#7444,0.877525147676741);
#563=CIRCLE('',#7445,0.877525147676741);
#564=CIRCLE('',#7447,0.057055479611508);
#565=CIRCLE('',#7448,0.057055479611508);
#566=CIRCLE('',#7450,0.00298445700457997);
#567=CIRCLE('',#7451,0.00298445700457997);
#568=CIRCLE('',#7453,0.00307713350465465);
#569=CIRCLE('',#7454,0.00307713350465465);
#570=CIRCLE('',#7456,0.00202706444883577);
#571=CIRCLE('',#7457,0.00202706444883577);
#572=CIRCLE('',#7459,0.000657080193877);
#573=CIRCLE('',#7460,0.000657080193877);
#574=CIRCLE('',#7462,0.000528003597145027);
#575=CIRCLE('',#7463,0.000528003597145027);
#576=CIRCLE('',#7465,0.000584662990723727);
#577=CIRCLE('',#7466,0.000584662990723727);
#578=CIRCLE('',#7468,0.00166487517748944);
#579=CIRCLE('',#7469,0.00166487517748944);
#580=CIRCLE('',#7471,0.0162430630467295);
#581=CIRCLE('',#7472,0.0162430630467295);
#582=CIRCLE('',#7474,0.0122663267530025);
#583=CIRCLE('',#7475,0.0122663267530025);
#584=CIRCLE('',#7477,0.00667738370539068);
#585=CIRCLE('',#7478,0.00667738370539068);
#586=CIRCLE('',#7480,0.00678564482564455);
#587=CIRCLE('',#7481,0.00678564482564455);
#588=CIRCLE('',#7483,0.0130269956187022);
#589=CIRCLE('',#7484,0.0130269956187022);
#590=CIRCLE('',#7486,0.0171344901636165);
#591=CIRCLE('',#7487,0.0171344901636165);
#592=CIRCLE('',#7489,0.00699976438844563);
#593=CIRCLE('',#7490,0.00699976438844563);
#594=CIRCLE('',#7492,0.00475353607166465);
#595=CIRCLE('',#7493,0.00475353607166465);
#596=CIRCLE('',#7495,0.000746363826806898);
#597=CIRCLE('',#7496,0.000746363826806898);
#598=CIRCLE('',#7498,0.000778206039527056);
#599=CIRCLE('',#7499,0.000778206039527056);
#600=CIRCLE('',#7501,0.000565215898590676);
#601=CIRCLE('',#7502,0.000565215898590676);
#602=CIRCLE('',#7504,0.000703932084988015);
#603=CIRCLE('',#7505,0.000703932084988015);
#604=CIRCLE('',#7507,0.00147396491562628);
#605=CIRCLE('',#7508,0.00147396491562628);
#606=CIRCLE('',#7510,0.00188300259645043);
#607=CIRCLE('',#7511,0.00188300259645043);
#608=CIRCLE('',#7513,0.000736680176235615);
#609=CIRCLE('',#7514,0.000736680176235615);
#610=CIRCLE('',#7516,0.00155855021964261);
#611=CIRCLE('',#7517,0.00155855021964261);
#612=CIRCLE('',#7519,0.0316540459181157);
#613=CIRCLE('',#7520,0.0316540459181157);
#614=CIRCLE('',#7522,0.0160508363396103);
#615=CIRCLE('',#7523,0.0160508363396103);
#616=CIRCLE('',#7525,0.0118703135145414);
#617=CIRCLE('',#7526,0.0118703135145414);
#618=CIRCLE('',#7528,0.00947020039679313);
#619=CIRCLE('',#7529,0.00947020039679313);
#620=CIRCLE('',#7531,0.0127722780439003);
#621=CIRCLE('',#7532,0.0127722780439003);
#622=CIRCLE('',#7534,0.00203654729042352);
#623=CIRCLE('',#7535,0.00203654729042352);
#624=CIRCLE('',#7537,0.000515912922566621);
#625=CIRCLE('',#7538,0.000515912922566621);
#626=CIRCLE('',#7540,0.000546260098173302);
#627=CIRCLE('',#7541,0.000546260098173302);
#628=CIRCLE('',#7543,0.000857478075410389);
#629=CIRCLE('',#7544,0.000857478075410389);
#630=CIRCLE('',#7546,0.00345830118784572);
#631=CIRCLE('',#7547,0.00345830118784572);
#632=CIRCLE('',#7549,0.00500734700599843);
#633=CIRCLE('',#7550,0.00500734700599843);
#634=CIRCLE('',#7552,0.00940642690649796);
#635=CIRCLE('',#7553,0.00940642690649796);
#636=CIRCLE('',#7557,0.00298851794541339);
#637=CIRCLE('',#7558,0.00298851794541339);
#638=CIRCLE('',#7560,0.0122097159319361);
#639=CIRCLE('',#7561,0.0122097159319361);
#640=CIRCLE('',#7563,0.0136865828688697);
#641=CIRCLE('',#7564,0.0136865828688697);
#642=CIRCLE('',#7566,0.00132704739990817);
#643=CIRCLE('',#7567,0.00132704739990817);
#644=CIRCLE('',#7569,0.00136853882841635);
#645=CIRCLE('',#7570,0.00136853882841635);
#646=CIRCLE('',#7572,0.000795692075143579);
#647=CIRCLE('',#7573,0.000795692075143579);
#648=CIRCLE('',#7575,0.000681845087856322);
#649=CIRCLE('',#7576,0.000681845087856322);
#650=CIRCLE('',#7578,0.000957107562337669);
#651=CIRCLE('',#7579,0.000957107562337669);
#652=CIRCLE('',#7581,0.000801941745258442);
#653=CIRCLE('',#7582,0.000801941745258442);
#654=CIRCLE('',#7584,0.00241578946108999);
#655=CIRCLE('',#7585,0.00241578946108999);
#656=CIRCLE('',#7587,0.00505212748800502);
#657=CIRCLE('',#7588,0.00505212748800502);
#658=CIRCLE('',#7590,0.0250480690364001);
#659=CIRCLE('',#7591,0.0250480690364001);
#660=CIRCLE('',#7593,0.0572387150171743);
#661=CIRCLE('',#7594,0.0572387150171743);
#662=CIRCLE('',#7596,0.00186959166891326);
#663=CIRCLE('',#7597,0.00186959166891326);
#664=CIRCLE('',#7599,0.000149820174445455);
#665=CIRCLE('',#7600,0.000149820174445455);
#666=CIRCLE('',#7602,9.12732254170576E-5);
#667=CIRCLE('',#7603,9.12732254170576E-5);
#668=CIRCLE('',#7605,5.79825964727075E-5);
#669=CIRCLE('',#7606,5.79825964727075E-5);
#670=CIRCLE('',#7608,0.000391209839817744);
#671=CIRCLE('',#7609,0.000391209839817744);
#672=CIRCLE('',#7611,0.00363255175704911);
#673=CIRCLE('',#7612,0.00363255175704911);
#674=CIRCLE('',#7614,0.00358400585692399);
#675=CIRCLE('',#7615,0.00358400585692399);
#676=CIRCLE('',#7617,0.00242754107749071);
#677=CIRCLE('',#7618,0.00242754107749071);
#678=CIRCLE('',#7620,0.00719891188962485);
#679=CIRCLE('',#7621,0.00719891188962485);
#680=CIRCLE('',#7623,0.00347349297458371);
#681=CIRCLE('',#7624,0.00347349297458371);
#682=CIRCLE('',#7626,0.00600510959028537);
#683=CIRCLE('',#7627,0.00600510959028537);
#684=CIRCLE('',#7629,0.00385907265577544);
#685=CIRCLE('',#7630,0.00385907265577544);
#686=CIRCLE('',#7632,0.000592592041211528);
#687=CIRCLE('',#7633,0.000592592041211528);
#688=CIRCLE('',#7635,0.00378674232505708);
#689=CIRCLE('',#7636,0.00378674232505708);
#690=CYLINDRICAL_SURFACE('',#6624,0.00258467413543806);
#691=CYLINDRICAL_SURFACE('',#6627,0.000778713657117525);
#692=CYLINDRICAL_SURFACE('',#6630,0.00093279247035542);
#693=CYLINDRICAL_SURFACE('',#6633,0.000694068188720397);
#694=CYLINDRICAL_SURFACE('',#6636,0.000886127064038672);
#695=CYLINDRICAL_SURFACE('',#6639,0.0017805227864122);
#696=CYLINDRICAL_SURFACE('',#6642,0.00376492609688534);
#697=CYLINDRICAL_SURFACE('',#6645,0.00302839160491799);
#698=CYLINDRICAL_SURFACE('',#6648,0.0026960238536466);
#699=CYLINDRICAL_SURFACE('',#6651,0.0021810291440112);
#700=CYLINDRICAL_SURFACE('',#6654,0.00258834667996208);
#701=CYLINDRICAL_SURFACE('',#6657,0.000549898540183183);
#702=CYLINDRICAL_SURFACE('',#6660,0.000158030759937847);
#703=CYLINDRICAL_SURFACE('',#6663,0.0268213561637127);
#704=CYLINDRICAL_SURFACE('',#6666,0.0783686682175214);
#705=CYLINDRICAL_SURFACE('',#6669,0.50975902022117);
#706=CYLINDRICAL_SURFACE('',#6672,0.104245858076509);
#707=CYLINDRICAL_SURFACE('',#6675,0.194925853439343);
#708=CYLINDRICAL_SURFACE('',#6678,0.023568093424421);
#709=CYLINDRICAL_SURFACE('',#6681,0.00309799811871807);
#710=CYLINDRICAL_SURFACE('',#6684,0.00135714573253439);
#711=CYLINDRICAL_SURFACE('',#6687,0.00101941875422636);
#712=CYLINDRICAL_SURFACE('',#6690,0.00327689834547364);
#713=CYLINDRICAL_SURFACE('',#6693,0.000474023398268662);
#714=CYLINDRICAL_SURFACE('',#6696,0.000442132404810309);
#715=CYLINDRICAL_SURFACE('',#6699,0.00234837533906599);
#716=CYLINDRICAL_SURFACE('',#6702,0.000907995970076039);
#717=CYLINDRICAL_SURFACE('',#6705,0.000982985150909699);
#718=CYLINDRICAL_SURFACE('',#6708,0.00214170051762453);
#719=CYLINDRICAL_SURFACE('',#6711,0.0134457789949629);
#720=CYLINDRICAL_SURFACE('',#6714,0.04126792182127);
#721=CYLINDRICAL_SURFACE('',#6717,0.0529845674759006);
#722=CYLINDRICAL_SURFACE('',#6720,0.0846318325769909);
#723=CYLINDRICAL_SURFACE('',#6723,0.00150686675271378);
#724=CYLINDRICAL_SURFACE('',#6726,0.00156433828074528);
#725=CYLINDRICAL_SURFACE('',#6729,0.00183040829367501);
#726=CYLINDRICAL_SURFACE('',#6732,0.00154925074438624);
#727=CYLINDRICAL_SURFACE('',#6735,0.000578932716105275);
#728=CYLINDRICAL_SURFACE('',#6738,0.000625610297036399);
#729=CYLINDRICAL_SURFACE('',#6741,0.000754181115518212);
#730=CYLINDRICAL_SURFACE('',#6744,0.00181595870560195);
#731=CYLINDRICAL_SURFACE('',#6747,0.011259686090089);
#732=CYLINDRICAL_SURFACE('',#6750,0.0245529822902412);
#733=CYLINDRICAL_SURFACE('',#6753,0.0130022153710787);
#734=CYLINDRICAL_SURFACE('',#6756,0.0391463888980957);
#735=CYLINDRICAL_SURFACE('',#6759,0.087988138582667);
#736=CYLINDRICAL_SURFACE('',#6762,0.0552045028378694);
#737=CYLINDRICAL_SURFACE('',#6765,0.0341692642003691);
#738=CYLINDRICAL_SURFACE('',#6768,0.0554975301479251);
#739=CYLINDRICAL_SURFACE('',#6771,0.00552963939682414);
#740=CYLINDRICAL_SURFACE('',#6774,0.00246709364926662);
#741=CYLINDRICAL_SURFACE('',#6777,0.00162358273266023);
#742=CYLINDRICAL_SURFACE('',#6780,0.0010216173518855);
#743=CYLINDRICAL_SURFACE('',#6783,0.000648533506900288);
#744=CYLINDRICAL_SURFACE('',#6786,0.000714932175392082);
#745=CYLINDRICAL_SURFACE('',#6789,0.00195645448633713);
#746=CYLINDRICAL_SURFACE('',#6792,0.0108118195870348);
#747=CYLINDRICAL_SURFACE('',#6795,0.0284560652654329);
#748=CYLINDRICAL_SURFACE('',#6798,0.0266618978346514);
#749=CYLINDRICAL_SURFACE('',#6801,0.0274371508375146);
#750=CYLINDRICAL_SURFACE('',#6804,0.0325419704688525);
#751=CYLINDRICAL_SURFACE('',#6807,0.00627507310477342);
#752=CYLINDRICAL_SURFACE('',#6810,0.00234253236647578);
#753=CYLINDRICAL_SURFACE('',#6813,0.00115588744532903);
#754=CYLINDRICAL_SURFACE('',#6816,0.00111635587131838);
#755=CYLINDRICAL_SURFACE('',#6819,0.000783962461009883);
#756=CYLINDRICAL_SURFACE('',#6822,0.00188110384403722);
#757=CYLINDRICAL_SURFACE('',#6825,0.00882964788248209);
#758=CYLINDRICAL_SURFACE('',#6828,0.0119206231007195);
#759=CYLINDRICAL_SURFACE('',#6831,0.0127210707912838);
#760=CYLINDRICAL_SURFACE('',#6834,0.0149459745159626);
#761=CYLINDRICAL_SURFACE('',#6837,0.0244446669935485);
#762=CYLINDRICAL_SURFACE('',#6840,0.022294184878266);
#763=CYLINDRICAL_SURFACE('',#6843,0.00247189579503819);
#764=CYLINDRICAL_SURFACE('',#6846,0.00122045914480495);
#765=CYLINDRICAL_SURFACE('',#6849,0.00170847369921459);
#766=CYLINDRICAL_SURFACE('',#6852,0.00187988241351157);
#767=CYLINDRICAL_SURFACE('',#6855,0.00100923356194663);
#768=CYLINDRICAL_SURFACE('',#6858,0.000712638461651839);
#769=CYLINDRICAL_SURFACE('',#6861,0.000569483054459336);
#770=CYLINDRICAL_SURFACE('',#6864,0.000538231978984019);
#771=CYLINDRICAL_SURFACE('',#6867,0.000833469158706135);
#772=CYLINDRICAL_SURFACE('',#6870,0.00197453946592891);
#773=CYLINDRICAL_SURFACE('',#6873,0.0136414888756819);
#774=CYLINDRICAL_SURFACE('',#6876,0.0105120823557832);
#775=CYLINDRICAL_SURFACE('',#6879,0.00565044357009196);
#776=CYLINDRICAL_SURFACE('',#6882,0.0107370548818409);
#777=CYLINDRICAL_SURFACE('',#6885,0.00602093826638492);
#778=CYLINDRICAL_SURFACE('',#6888,0.0104608182454053);
#779=CYLINDRICAL_SURFACE('',#6891,0.0103465543112956);
#780=CYLINDRICAL_SURFACE('',#6894,0.00113973748503878);
#781=CYLINDRICAL_SURFACE('',#6897,0.0044430758251616);
#782=CYLINDRICAL_SURFACE('',#6900,0.00497695422588968);
#783=CYLINDRICAL_SURFACE('',#6903,0.00437468228982775);
#784=CYLINDRICAL_SURFACE('',#6906,0.00209515664037713);
#785=CYLINDRICAL_SURFACE('',#6909,0.000715597059130809);
#786=CYLINDRICAL_SURFACE('',#6912,0.00048753981022918);
#787=CYLINDRICAL_SURFACE('',#6915,0.000898430852091426);
#788=CYLINDRICAL_SURFACE('',#6918,0.000581456367310127);
#789=CYLINDRICAL_SURFACE('',#6921,0.703619860311037);
#790=CYLINDRICAL_SURFACE('',#6924,0.154007535426288);
#791=CYLINDRICAL_SURFACE('',#6927,0.155355126442387);
#792=CYLINDRICAL_SURFACE('',#6930,0.00154712056279696);
#793=CYLINDRICAL_SURFACE('',#6933,0.00695327917679692);
#794=CYLINDRICAL_SURFACE('',#6936,0.00259635347692181);
#795=CYLINDRICAL_SURFACE('',#6939,0.0016375543984259);
#796=CYLINDRICAL_SURFACE('',#6942,0.00267313489296521);
#797=CYLINDRICAL_SURFACE('',#6945,0.0025897435482016);
#798=CYLINDRICAL_SURFACE('',#6948,0.00132161998742656);
#799=CYLINDRICAL_SURFACE('',#6951,0.00114597362300524);
#800=CYLINDRICAL_SURFACE('',#6954,0.00158475718740613);
#801=CYLINDRICAL_SURFACE('',#6957,0.00138493591537039);
#802=CYLINDRICAL_SURFACE('',#6960,0.000719705184513065);
#803=CYLINDRICAL_SURFACE('',#6963,0.000829017060442873);
#804=CYLINDRICAL_SURFACE('',#6966,0.000458564161126788);
#805=CYLINDRICAL_SURFACE('',#6969,0.000629909430688098);
#806=CYLINDRICAL_SURFACE('',#6972,0.00266238335157138);
#807=CYLINDRICAL_SURFACE('',#6975,0.000523943604203165);
#808=CYLINDRICAL_SURFACE('',#6978,0.000340349424537607);
#809=CYLINDRICAL_SURFACE('',#6981,0.00129272514494595);
#810=CYLINDRICAL_SURFACE('',#6984,0.00797867349641226);
#811=CYLINDRICAL_SURFACE('',#6987,0.00629112822968712);
#812=CYLINDRICAL_SURFACE('',#6990,0.00368730876590341);
#813=CYLINDRICAL_SURFACE('',#6993,0.00273754979177078);
#814=CYLINDRICAL_SURFACE('',#6996,0.0015561723135676);
#815=CYLINDRICAL_SURFACE('',#6999,0.00134283630572289);
#816=CYLINDRICAL_SURFACE('',#7002,0.000331287233138732);
#817=CYLINDRICAL_SURFACE('',#7005,0.000726172728026487);
#818=CYLINDRICAL_SURFACE('',#7008,0.00796419588705499);
#819=CYLINDRICAL_SURFACE('',#7011,0.000479828929436897);
#820=CYLINDRICAL_SURFACE('',#7014,0.000656670188695102);
#821=CYLINDRICAL_SURFACE('',#7017,0.000974993010296046);
#822=CYLINDRICAL_SURFACE('',#7020,0.00106042479267199);
#823=CYLINDRICAL_SURFACE('',#7023,0.00124140941469376);
#824=CYLINDRICAL_SURFACE('',#7026,0.00172132502734155);
#825=CYLINDRICAL_SURFACE('',#7029,0.00201007141291021);
#826=CYLINDRICAL_SURFACE('',#7032,0.00211711356059042);
#827=CYLINDRICAL_SURFACE('',#7035,0.00324898554558843);
#828=CYLINDRICAL_SURFACE('',#7038,0.00243295900070087);
#829=CYLINDRICAL_SURFACE('',#7041,0.00209289498536595);
#830=CYLINDRICAL_SURFACE('',#7044,0.00177964224513397);
#831=CYLINDRICAL_SURFACE('',#7047,0.000999742526023227);
#832=CYLINDRICAL_SURFACE('',#7050,0.00103397508210951);
#833=CYLINDRICAL_SURFACE('',#7053,0.00198961102922745);
#834=CYLINDRICAL_SURFACE('',#7056,0.00227971588546216);
#835=CYLINDRICAL_SURFACE('',#7059,0.000653096690252157);
#836=CYLINDRICAL_SURFACE('',#7062,0.000427064050648305);
#837=CYLINDRICAL_SURFACE('',#7065,0.00123338170452799);
#838=CYLINDRICAL_SURFACE('',#7068,0.00284429944841862);
#839=CYLINDRICAL_SURFACE('',#7071,0.00015975185134846);
#840=CYLINDRICAL_SURFACE('',#7074,7.0329492001341E-5);
#841=CYLINDRICAL_SURFACE('',#7077,0.00110196754011459);
#842=CYLINDRICAL_SURFACE('',#7080,0.000699288988251288);
#843=CYLINDRICAL_SURFACE('',#7083,0.000818992321146007);
#844=CYLINDRICAL_SURFACE('',#7086,0.00142359111006302);
#845=CYLINDRICAL_SURFACE('',#7089,0.00451012374288737);
#846=CYLINDRICAL_SURFACE('',#7092,0.00551313508782387);
#847=CYLINDRICAL_SURFACE('',#7095,0.00187304999881745);
#848=CYLINDRICAL_SURFACE('',#7098,0.00166952679960527);
#849=CYLINDRICAL_SURFACE('',#7101,0.00375891067213171);
#850=CYLINDRICAL_SURFACE('',#7104,0.0031508775635925);
#851=CYLINDRICAL_SURFACE('',#7107,0.000496186382855336);
#852=CYLINDRICAL_SURFACE('',#7110,0.00043094313189771);
#853=CYLINDRICAL_SURFACE('',#7113,0.00235058781929157);
#854=CYLINDRICAL_SURFACE('',#7116,0.00353399179492548);
#855=CYLINDRICAL_SURFACE('',#7119,0.000615136690954321);
#856=CYLINDRICAL_SURFACE('',#7122,0.000427443598141407);
#857=CYLINDRICAL_SURFACE('',#7125,0.00101586726876664);
#858=CYLINDRICAL_SURFACE('',#7128,0.000823875638864845);
#859=CYLINDRICAL_SURFACE('',#7131,0.00184390414447914);
#860=CYLINDRICAL_SURFACE('',#7134,0.00229121773427648);
#861=CYLINDRICAL_SURFACE('',#7137,0.00153001959795356);
#862=CYLINDRICAL_SURFACE('',#7140,0.00217552809898685);
#863=CYLINDRICAL_SURFACE('',#7143,0.0023084275892587);
#864=CYLINDRICAL_SURFACE('',#7146,0.00337269288523438);
#865=CYLINDRICAL_SURFACE('',#7149,0.00915154799917375);
#866=CYLINDRICAL_SURFACE('',#7152,0.00798925536881988);
#867=CYLINDRICAL_SURFACE('',#7155,0.00217142159884737);
#868=CYLINDRICAL_SURFACE('',#7158,0.000876574165069087);
#869=CYLINDRICAL_SURFACE('',#7161,0.000493029496627171);
#870=CYLINDRICAL_SURFACE('',#7164,0.000802842016765416);
#871=CYLINDRICAL_SURFACE('',#7167,0.00449856212662572);
#872=CYLINDRICAL_SURFACE('',#7170,0.0220792146951613);
#873=CYLINDRICAL_SURFACE('',#7173,0.346623114274753);
#874=CYLINDRICAL_SURFACE('',#7176,0.201401802444674);
#875=CYLINDRICAL_SURFACE('',#7179,0.44465183305099);
#876=CYLINDRICAL_SURFACE('',#7182,0.00990427853915408);
#877=CYLINDRICAL_SURFACE('',#7185,0.0101229652044218);
#878=CYLINDRICAL_SURFACE('',#7188,0.0441841952657124);
#879=CYLINDRICAL_SURFACE('',#7191,0.00376740009618199);
#880=CYLINDRICAL_SURFACE('',#7194,0.000642851592141563);
#881=CYLINDRICAL_SURFACE('',#7197,0.000362257387727096);
#882=CYLINDRICAL_SURFACE('',#7200,0.000676145543639765);
#883=CYLINDRICAL_SURFACE('',#7203,0.000652027226732725);
#884=CYLINDRICAL_SURFACE('',#7206,0.00223549728267809);
#885=CYLINDRICAL_SURFACE('',#7209,0.00478575970516606);
#886=CYLINDRICAL_SURFACE('',#7212,0.0218699872477905);
#887=CYLINDRICAL_SURFACE('',#7215,0.01097031863772);
#888=CYLINDRICAL_SURFACE('',#7218,0.000784654666536096);
#889=CYLINDRICAL_SURFACE('',#7221,0.000559207142210568);
#890=CYLINDRICAL_SURFACE('',#7224,0.00348924877369103);
#891=CYLINDRICAL_SURFACE('',#7227,0.0173959249773943);
#892=CYLINDRICAL_SURFACE('',#7230,0.0863940168446174);
#893=CYLINDRICAL_SURFACE('',#7233,0.0966628884118972);
#894=CYLINDRICAL_SURFACE('',#7236,0.085567835099419);
#895=CYLINDRICAL_SURFACE('',#7239,0.054679131611717);
#896=CYLINDRICAL_SURFACE('',#7242,0.00178810794768587);
#897=CYLINDRICAL_SURFACE('',#7245,0.000690767227582097);
#898=CYLINDRICAL_SURFACE('',#7248,0.000620095515107882);
#899=CYLINDRICAL_SURFACE('',#7251,0.00047635815882941);
#900=CYLINDRICAL_SURFACE('',#7254,0.000886595535143253);
#901=CYLINDRICAL_SURFACE('',#7257,0.00253372266078365);
#902=CYLINDRICAL_SURFACE('',#7260,0.00337568385357446);
#903=CYLINDRICAL_SURFACE('',#7263,0.0156846988425569);
#904=CYLINDRICAL_SURFACE('',#7266,0.0158739683839063);
#905=CYLINDRICAL_SURFACE('',#7269,0.0029262953056582);
#906=CYLINDRICAL_SURFACE('',#7272,0.00299751090165048);
#907=CYLINDRICAL_SURFACE('',#7275,0.00139699887291474);
#908=CYLINDRICAL_SURFACE('',#7278,0.00127099815829903);
#909=CYLINDRICAL_SURFACE('',#7281,0.00235654174664762);
#910=CYLINDRICAL_SURFACE('',#7284,0.0016315721087246);
#911=CYLINDRICAL_SURFACE('',#7287,0.00190770340629739);
#912=CYLINDRICAL_SURFACE('',#7290,0.0035406010369905);
#913=CYLINDRICAL_SURFACE('',#7293,0.0161805059473159);
#914=CYLINDRICAL_SURFACE('',#7296,0.0260339660936867);
#915=CYLINDRICAL_SURFACE('',#7299,0.00300034484261197);
#916=CYLINDRICAL_SURFACE('',#7302,0.000792013785444779);
#917=CYLINDRICAL_SURFACE('',#7305,0.000518481258076256);
#918=CYLINDRICAL_SURFACE('',#7308,0.000517322918691963);
#919=CYLINDRICAL_SURFACE('',#7311,0.00102970840583939);
#920=CYLINDRICAL_SURFACE('',#7314,0.00289323367766987);
#921=CYLINDRICAL_SURFACE('',#7317,0.0216556157918291);
#922=CYLINDRICAL_SURFACE('',#7320,0.0237629872989712);
#923=CYLINDRICAL_SURFACE('',#7323,0.0221643765428312);
#924=CYLINDRICAL_SURFACE('',#7326,0.0198868549603509);
#925=CYLINDRICAL_SURFACE('',#7329,0.00229392747997902);
#926=CYLINDRICAL_SURFACE('',#7332,0.00295643485858884);
#927=CYLINDRICAL_SURFACE('',#7335,0.000214708995621485);
#928=CYLINDRICAL_SURFACE('',#7338,5.49161713375108E-5);
#929=CYLINDRICAL_SURFACE('',#7341,0.000563890652602235);
#930=CYLINDRICAL_SURFACE('',#7344,0.000545799355036554);
#931=CYLINDRICAL_SURFACE('',#7347,0.000252563389711464);
#932=CYLINDRICAL_SURFACE('',#7350,0.000160462135919562);
#933=CYLINDRICAL_SURFACE('',#7353,0.000109511517500893);
#934=CYLINDRICAL_SURFACE('',#7356,0.000570972369483305);
#935=CYLINDRICAL_SURFACE('',#7359,0.00598058830706293);
#936=CYLINDRICAL_SURFACE('',#7362,0.00781649145512059);
#937=CYLINDRICAL_SURFACE('',#7365,0.0124653105794261);
#938=CYLINDRICAL_SURFACE('',#7368,0.0209811459213739);
#939=CYLINDRICAL_SURFACE('',#7371,0.000866475540337882);
#940=CYLINDRICAL_SURFACE('',#7374,0.011684032937784);
#941=CYLINDRICAL_SURFACE('',#7377,0.00554880050533832);
#942=CYLINDRICAL_SURFACE('',#7380,0.00190980908497062);
#943=CYLINDRICAL_SURFACE('',#7383,0.00111299450453792);
#944=CYLINDRICAL_SURFACE('',#7386,0.000844844973479111);
#945=CYLINDRICAL_SURFACE('',#7389,0.000972109409390598);
#946=CYLINDRICAL_SURFACE('',#7392,0.00211291617420118);
#947=CYLINDRICAL_SURFACE('',#7395,0.00214682713218471);
#948=CYLINDRICAL_SURFACE('',#7398,0.00109329125412792);
#949=CYLINDRICAL_SURFACE('',#7401,0.000805649335036843);
#950=CYLINDRICAL_SURFACE('',#7404,0.00233264138885481);
#951=CYLINDRICAL_SURFACE('',#7407,0.00251965495523417);
#952=CYLINDRICAL_SURFACE('',#7410,0.00162288499008435);
#953=CYLINDRICAL_SURFACE('',#7413,0.00192057515605159);
#954=CYLINDRICAL_SURFACE('',#7416,0.00110024105980805);
#955=CYLINDRICAL_SURFACE('',#7419,0.00120031577519382);
#956=CYLINDRICAL_SURFACE('',#7422,0.00261555888049671);
#957=CYLINDRICAL_SURFACE('',#7425,0.00253852511474713);
#958=CYLINDRICAL_SURFACE('',#7428,0.00445343578086956);
#959=CYLINDRICAL_SURFACE('',#7431,0.00377501037558254);
#960=CYLINDRICAL_SURFACE('',#7434,0.000418587471366494);
#961=CYLINDRICAL_SURFACE('',#7437,0.022387783297173);
#962=CYLINDRICAL_SURFACE('',#7440,1.239424104616);
#963=CYLINDRICAL_SURFACE('',#7443,0.877525147676741);
#964=CYLINDRICAL_SURFACE('',#7446,0.057055479611508);
#965=CYLINDRICAL_SURFACE('',#7449,0.00298445700457997);
#966=CYLINDRICAL_SURFACE('',#7452,0.00307713350465465);
#967=CYLINDRICAL_SURFACE('',#7455,0.00202706444883577);
#968=CYLINDRICAL_SURFACE('',#7458,0.000657080193877);
#969=CYLINDRICAL_SURFACE('',#7461,0.000528003597145027);
#970=CYLINDRICAL_SURFACE('',#7464,0.000584662990723727);
#971=CYLINDRICAL_SURFACE('',#7467,0.00166487517748944);
#972=CYLINDRICAL_SURFACE('',#7470,0.0162430630467295);
#973=CYLINDRICAL_SURFACE('',#7473,0.0122663267530025);
#974=CYLINDRICAL_SURFACE('',#7476,0.00667738370539068);
#975=CYLINDRICAL_SURFACE('',#7479,0.00678564482564455);
#976=CYLINDRICAL_SURFACE('',#7482,0.0130269956187022);
#977=CYLINDRICAL_SURFACE('',#7485,0.0171344901636165);
#978=CYLINDRICAL_SURFACE('',#7488,0.00699976438844563);
#979=CYLINDRICAL_SURFACE('',#7491,0.00475353607166465);
#980=CYLINDRICAL_SURFACE('',#7494,0.000746363826806898);
#981=CYLINDRICAL_SURFACE('',#7497,0.000778206039527056);
#982=CYLINDRICAL_SURFACE('',#7500,0.000565215898590676);
#983=CYLINDRICAL_SURFACE('',#7503,0.000703932084988015);
#984=CYLINDRICAL_SURFACE('',#7506,0.00147396491562628);
#985=CYLINDRICAL_SURFACE('',#7509,0.00188300259645043);
#986=CYLINDRICAL_SURFACE('',#7512,0.000736680176235615);
#987=CYLINDRICAL_SURFACE('',#7515,0.00155855021964261);
#988=CYLINDRICAL_SURFACE('',#7518,0.0316540459181157);
#989=CYLINDRICAL_SURFACE('',#7521,0.0160508363396103);
#990=CYLINDRICAL_SURFACE('',#7524,0.0118703135145414);
#991=CYLINDRICAL_SURFACE('',#7527,0.00947020039679313);
#992=CYLINDRICAL_SURFACE('',#7530,0.0127722780439003);
#993=CYLINDRICAL_SURFACE('',#7533,0.00203654729042352);
#994=CYLINDRICAL_SURFACE('',#7536,0.000515912922566621);
#995=CYLINDRICAL_SURFACE('',#7539,0.000546260098173302);
#996=CYLINDRICAL_SURFACE('',#7542,0.000857478075410389);
#997=CYLINDRICAL_SURFACE('',#7545,0.00345830118784572);
#998=CYLINDRICAL_SURFACE('',#7548,0.00500734700599843);
#999=CYLINDRICAL_SURFACE('',#7551,0.00940642690649796);
#1000=CYLINDRICAL_SURFACE('',#7556,0.00298851794541339);
#1001=CYLINDRICAL_SURFACE('',#7559,0.0122097159319361);
#1002=CYLINDRICAL_SURFACE('',#7562,0.0136865828688697);
#1003=CYLINDRICAL_SURFACE('',#7565,0.00132704739990817);
#1004=CYLINDRICAL_SURFACE('',#7568,0.00136853882841635);
#1005=CYLINDRICAL_SURFACE('',#7571,0.000795692075143579);
#1006=CYLINDRICAL_SURFACE('',#7574,0.000681845087856322);
#1007=CYLINDRICAL_SURFACE('',#7577,0.000957107562337669);
#1008=CYLINDRICAL_SURFACE('',#7580,0.000801941745258442);
#1009=CYLINDRICAL_SURFACE('',#7583,0.00241578946108999);
#1010=CYLINDRICAL_SURFACE('',#7586,0.00505212748800502);
#1011=CYLINDRICAL_SURFACE('',#7589,0.0250480690364001);
#1012=CYLINDRICAL_SURFACE('',#7592,0.0572387150171743);
#1013=CYLINDRICAL_SURFACE('',#7595,0.00186959166891326);
#1014=CYLINDRICAL_SURFACE('',#7598,0.000149820174445455);
#1015=CYLINDRICAL_SURFACE('',#7601,9.12732254170576E-5);
#1016=CYLINDRICAL_SURFACE('',#7604,5.79825964727075E-5);
#1017=CYLINDRICAL_SURFACE('',#7607,0.000391209839817744);
#1018=CYLINDRICAL_SURFACE('',#7610,0.00363255175704911);
#1019=CYLINDRICAL_SURFACE('',#7613,0.00358400585692399);
#1020=CYLINDRICAL_SURFACE('',#7616,0.00242754107749071);
#1021=CYLINDRICAL_SURFACE('',#7619,0.00719891188962485);
#1022=CYLINDRICAL_SURFACE('',#7622,0.00347349297458371);
#1023=CYLINDRICAL_SURFACE('',#7625,0.00600510959028537);
#1024=CYLINDRICAL_SURFACE('',#7628,0.00385907265577544);
#1025=CYLINDRICAL_SURFACE('',#7631,0.000592592041211528);
#1026=CYLINDRICAL_SURFACE('',#7634,0.00378674232505708);
#1027=LINE('',#10089,#1376);
#1028=LINE('',#10126,#1377);
#1029=LINE('',#10186,#1378);
#1030=LINE('',#10279,#1379);
#1031=LINE('',#10354,#1380);
#1032=LINE('',#10394,#1381);
#1033=LINE('',#10407,#1382);
#1034=LINE('',#10411,#1383);
#1035=LINE('',#10415,#1384);
#1036=LINE('',#10421,#1385);
#1037=LINE('',#10427,#1386);
#1038=LINE('',#10433,#1387);
#1039=LINE('',#10439,#1388);
#1040=LINE('',#10445,#1389);
#1041=LINE('',#10451,#1390);
#1042=LINE('',#10457,#1391);
#1043=LINE('',#10463,#1392);
#1044=LINE('',#10469,#1393);
#1045=LINE('',#10475,#1394);
#1046=LINE('',#10481,#1395);
#1047=LINE('',#10487,#1396);
#1048=LINE('',#10493,#1397);
#1049=LINE('',#10499,#1398);
#1050=LINE('',#10505,#1399);
#1051=LINE('',#10511,#1400);
#1052=LINE('',#10517,#1401);
#1053=LINE('',#10523,#1402);
#1054=LINE('',#10529,#1403);
#1055=LINE('',#10535,#1404);
#1056=LINE('',#10541,#1405);
#1057=LINE('',#10547,#1406);
#1058=LINE('',#10553,#1407);
#1059=LINE('',#10559,#1408);
#1060=LINE('',#10565,#1409);
#1061=LINE('',#10571,#1410);
#1062=LINE('',#10577,#1411);
#1063=LINE('',#10583,#1412);
#1064=LINE('',#10589,#1413);
#1065=LINE('',#10595,#1414);
#1066=LINE('',#10601,#1415);
#1067=LINE('',#10607,#1416);
#1068=LINE('',#10613,#1417);
#1069=LINE('',#10619,#1418);
#1070=LINE('',#10625,#1419);
#1071=LINE('',#10631,#1420);
#1072=LINE('',#10637,#1421);
#1073=LINE('',#10643,#1422);
#1074=LINE('',#10649,#1423);
#1075=LINE('',#10655,#1424);
#1076=LINE('',#10661,#1425);
#1077=LINE('',#10667,#1426);
#1078=LINE('',#10673,#1427);
#1079=LINE('',#10679,#1428);
#1080=LINE('',#10685,#1429);
#1081=LINE('',#10691,#1430);
#1082=LINE('',#10697,#1431);
#1083=LINE('',#10703,#1432);
#1084=LINE('',#10709,#1433);
#1085=LINE('',#10715,#1434);
#1086=LINE('',#10721,#1435);
#1087=LINE('',#10727,#1436);
#1088=LINE('',#10733,#1437);
#1089=LINE('',#10739,#1438);
#1090=LINE('',#10745,#1439);
#1091=LINE('',#10751,#1440);
#1092=LINE('',#10757,#1441);
#1093=LINE('',#10763,#1442);
#1094=LINE('',#10769,#1443);
#1095=LINE('',#10775,#1444);
#1096=LINE('',#10782,#1445);
#1097=LINE('',#10786,#1446);
#1098=LINE('',#10790,#1447);
#1099=LINE('',#10796,#1448);
#1100=LINE('',#10802,#1449);
#1101=LINE('',#10808,#1450);
#1102=LINE('',#10814,#1451);
#1103=LINE('',#10820,#1452);
#1104=LINE('',#10826,#1453);
#1105=LINE('',#10832,#1454);
#1106=LINE('',#10838,#1455);
#1107=LINE('',#10844,#1456);
#1108=LINE('',#10850,#1457);
#1109=LINE('',#10856,#1458);
#1110=LINE('',#10862,#1459);
#1111=LINE('',#10868,#1460);
#1112=LINE('',#10874,#1461);
#1113=LINE('',#10880,#1462);
#1114=LINE('',#10886,#1463);
#1115=LINE('',#10892,#1464);
#1116=LINE('',#10898,#1465);
#1117=LINE('',#10904,#1466);
#1118=LINE('',#10910,#1467);
#1119=LINE('',#10916,#1468);
#1120=LINE('',#10922,#1469);
#1121=LINE('',#10928,#1470);
#1122=LINE('',#10934,#1471);
#1123=LINE('',#10940,#1472);
#1124=LINE('',#10946,#1473);
#1125=LINE('',#10952,#1474);
#1126=LINE('',#10958,#1475);
#1127=LINE('',#10964,#1476);
#1128=LINE('',#10970,#1477);
#1129=LINE('',#10976,#1478);
#1130=LINE('',#10982,#1479);
#1131=LINE('',#10988,#1480);
#1132=LINE('',#10994,#1481);
#1133=LINE('',#11000,#1482);
#1134=LINE('',#11006,#1483);
#1135=LINE('',#11012,#1484);
#1136=LINE('',#11018,#1485);
#1137=LINE('',#11024,#1486);
#1138=LINE('',#11031,#1487);
#1139=LINE('',#11035,#1488);
#1140=LINE('',#11039,#1489);
#1141=LINE('',#11045,#1490);
#1142=LINE('',#11051,#1491);
#1143=LINE('',#11057,#1492);
#1144=LINE('',#11063,#1493);
#1145=LINE('',#11069,#1494);
#1146=LINE('',#11075,#1495);
#1147=LINE('',#11081,#1496);
#1148=LINE('',#11087,#1497);
#1149=LINE('',#11093,#1498);
#1150=LINE('',#11099,#1499);
#1151=LINE('',#11105,#1500);
#1152=LINE('',#11111,#1501);
#1153=LINE('',#11117,#1502);
#1154=LINE('',#11123,#1503);
#1155=LINE('',#11129,#1504);
#1156=LINE('',#11135,#1505);
#1157=LINE('',#11141,#1506);
#1158=LINE('',#11147,#1507);
#1159=LINE('',#11153,#1508);
#1160=LINE('',#11159,#1509);
#1161=LINE('',#11165,#1510);
#1162=LINE('',#11171,#1511);
#1163=LINE('',#11177,#1512);
#1164=LINE('',#11183,#1513);
#1165=LINE('',#11189,#1514);
#1166=LINE('',#11195,#1515);
#1167=LINE('',#11201,#1516);
#1168=LINE('',#11207,#1517);
#1169=LINE('',#11213,#1518);
#1170=LINE('',#11219,#1519);
#1171=LINE('',#11225,#1520);
#1172=LINE('',#11231,#1521);
#1173=LINE('',#11237,#1522);
#1174=LINE('',#11244,#1523);
#1175=LINE('',#11248,#1524);
#1176=LINE('',#11252,#1525);
#1177=LINE('',#11258,#1526);
#1178=LINE('',#11264,#1527);
#1179=LINE('',#11270,#1528);
#1180=LINE('',#11276,#1529);
#1181=LINE('',#11282,#1530);
#1182=LINE('',#11288,#1531);
#1183=LINE('',#11294,#1532);
#1184=LINE('',#11300,#1533);
#1185=LINE('',#11306,#1534);
#1186=LINE('',#11312,#1535);
#1187=LINE('',#11318,#1536);
#1188=LINE('',#11324,#1537);
#1189=LINE('',#11330,#1538);
#1190=LINE('',#11336,#1539);
#1191=LINE('',#11342,#1540);
#1192=LINE('',#11348,#1541);
#1193=LINE('',#11354,#1542);
#1194=LINE('',#11360,#1543);
#1195=LINE('',#11366,#1544);
#1196=LINE('',#11372,#1545);
#1197=LINE('',#11378,#1546);
#1198=LINE('',#11384,#1547);
#1199=LINE('',#11390,#1548);
#1200=LINE('',#11396,#1549);
#1201=LINE('',#11402,#1550);
#1202=LINE('',#11408,#1551);
#1203=LINE('',#11414,#1552);
#1204=LINE('',#11420,#1553);
#1205=LINE('',#11426,#1554);
#1206=LINE('',#11432,#1555);
#1207=LINE('',#11438,#1556);
#1208=LINE('',#11444,#1557);
#1209=LINE('',#11450,#1558);
#1210=LINE('',#11456,#1559);
#1211=LINE('',#11462,#1560);
#1212=LINE('',#11468,#1561);
#1213=LINE('',#11474,#1562);
#1214=LINE('',#11481,#1563);
#1215=LINE('',#11485,#1564);
#1216=LINE('',#11489,#1565);
#1217=LINE('',#11495,#1566);
#1218=LINE('',#11501,#1567);
#1219=LINE('',#11507,#1568);
#1220=LINE('',#11513,#1569);
#1221=LINE('',#11519,#1570);
#1222=LINE('',#11525,#1571);
#1223=LINE('',#11531,#1572);
#1224=LINE('',#11537,#1573);
#1225=LINE('',#11543,#1574);
#1226=LINE('',#11549,#1575);
#1227=LINE('',#11555,#1576);
#1228=LINE('',#11561,#1577);
#1229=LINE('',#11567,#1578);
#1230=LINE('',#11573,#1579);
#1231=LINE('',#11579,#1580);
#1232=LINE('',#11585,#1581);
#1233=LINE('',#11591,#1582);
#1234=LINE('',#11597,#1583);
#1235=LINE('',#11603,#1584);
#1236=LINE('',#11609,#1585);
#1237=LINE('',#11615,#1586);
#1238=LINE('',#11621,#1587);
#1239=LINE('',#11627,#1588);
#1240=LINE('',#11633,#1589);
#1241=LINE('',#11639,#1590);
#1242=LINE('',#11645,#1591);
#1243=LINE('',#11651,#1592);
#1244=LINE('',#11658,#1593);
#1245=LINE('',#11662,#1594);
#1246=LINE('',#11666,#1595);
#1247=LINE('',#11672,#1596);
#1248=LINE('',#11678,#1597);
#1249=LINE('',#11684,#1598);
#1250=LINE('',#11690,#1599);
#1251=LINE('',#11696,#1600);
#1252=LINE('',#11702,#1601);
#1253=LINE('',#11708,#1602);
#1254=LINE('',#11714,#1603);
#1255=LINE('',#11720,#1604);
#1256=LINE('',#11726,#1605);
#1257=LINE('',#11732,#1606);
#1258=LINE('',#11738,#1607);
#1259=LINE('',#11744,#1608);
#1260=LINE('',#11750,#1609);
#1261=LINE('',#11756,#1610);
#1262=LINE('',#11762,#1611);
#1263=LINE('',#11768,#1612);
#1264=LINE('',#11774,#1613);
#1265=LINE('',#11780,#1614);
#1266=LINE('',#11786,#1615);
#1267=LINE('',#11792,#1616);
#1268=LINE('',#11798,#1617);
#1269=LINE('',#11804,#1618);
#1270=LINE('',#11810,#1619);
#1271=LINE('',#11816,#1620);
#1272=LINE('',#11822,#1621);
#1273=LINE('',#11828,#1622);
#1274=LINE('',#11834,#1623);
#1275=LINE('',#11840,#1624);
#1276=LINE('',#11846,#1625);
#1277=LINE('',#11852,#1626);
#1278=LINE('',#11858,#1627);
#1279=LINE('',#11864,#1628);
#1280=LINE('',#11870,#1629);
#1281=LINE('',#11876,#1630);
#1282=LINE('',#11882,#1631);
#1283=LINE('',#11888,#1632);
#1284=LINE('',#11894,#1633);
#1285=LINE('',#11900,#1634);
#1286=LINE('',#11906,#1635);
#1287=LINE('',#11912,#1636);
#1288=LINE('',#11919,#1637);
#1289=LINE('',#11923,#1638);
#1290=LINE('',#11927,#1639);
#1291=LINE('',#11933,#1640);
#1292=LINE('',#11939,#1641);
#1293=LINE('',#11945,#1642);
#1294=LINE('',#11951,#1643);
#1295=LINE('',#11957,#1644);
#1296=LINE('',#11963,#1645);
#1297=LINE('',#11969,#1646);
#1298=LINE('',#11975,#1647);
#1299=LINE('',#11981,#1648);
#1300=LINE('',#11987,#1649);
#1301=LINE('',#11993,#1650);
#1302=LINE('',#11999,#1651);
#1303=LINE('',#12005,#1652);
#1304=LINE('',#12011,#1653);
#1305=LINE('',#12017,#1654);
#1306=LINE('',#12023,#1655);
#1307=LINE('',#12029,#1656);
#1308=LINE('',#12035,#1657);
#1309=LINE('',#12041,#1658);
#1310=LINE('',#12047,#1659);
#1311=LINE('',#12053,#1660);
#1312=LINE('',#12059,#1661);
#1313=LINE('',#12065,#1662);
#1314=LINE('',#12071,#1663);
#1315=LINE('',#12077,#1664);
#1316=LINE('',#12084,#1665);
#1317=LINE('',#12088,#1666);
#1318=LINE('',#12092,#1667);
#1319=LINE('',#12098,#1668);
#1320=LINE('',#12104,#1669);
#1321=LINE('',#12110,#1670);
#1322=LINE('',#12116,#1671);
#1323=LINE('',#12122,#1672);
#1324=LINE('',#12128,#1673);
#1325=LINE('',#12134,#1674);
#1326=LINE('',#12140,#1675);
#1327=LINE('',#12146,#1676);
#1328=LINE('',#12152,#1677);
#1329=LINE('',#12158,#1678);
#1330=LINE('',#12164,#1679);
#1331=LINE('',#12170,#1680);
#1332=LINE('',#12176,#1681);
#1333=LINE('',#12182,#1682);
#1334=LINE('',#12188,#1683);
#1335=LINE('',#12194,#1684);
#1336=LINE('',#12200,#1685);
#1337=LINE('',#12206,#1686);
#1338=LINE('',#12212,#1687);
#1339=LINE('',#12218,#1688);
#1340=LINE('',#12224,#1689);
#1341=LINE('',#12230,#1690);
#1342=LINE('',#12236,#1691);
#1343=LINE('',#12242,#1692);
#1344=LINE('',#12248,#1693);
#1345=LINE('',#12254,#1694);
#1346=LINE('',#12260,#1695);
#1347=LINE('',#12266,#1696);
#1348=LINE('',#12272,#1697);
#1349=LINE('',#12278,#1698);
#1350=LINE('',#12284,#1699);
#1351=LINE('',#12288,#1700);
#1352=LINE('',#12290,#1701);
#1353=LINE('',#12292,#1702);
#1354=LINE('',#12294,#1703);
#1355=LINE('',#12296,#1704);
#1356=LINE('',#12298,#1705);
#1357=LINE('',#12302,#1706);
#1358=LINE('',#12308,#1707);
#1359=LINE('',#12314,#1708);
#1360=LINE('',#12320,#1709);
#1361=LINE('',#12326,#1710);
#1362=LINE('',#12332,#1711);
#1363=LINE('',#12338,#1712);
#1364=LINE('',#12344,#1713);
#1365=LINE('',#12350,#1714);
#1366=LINE('',#12356,#1715);
#1367=LINE('',#12362,#1716);
#1368=LINE('',#12368,#1717);
#1369=LINE('',#12374,#1718);
#1370=LINE('',#12380,#1719);
#1371=LINE('',#12386,#1720);
#1372=LINE('',#12392,#1721);
#1373=LINE('',#12398,#1722);
#1374=LINE('',#12404,#1723);
#1375=LINE('',#12410,#1724);
#1376=VECTOR('',#7641,1.);
#1377=VECTOR('',#7642,1.);
#1378=VECTOR('',#7643,1.);
#1379=VECTOR('',#7644,1.);
#1380=VECTOR('',#7645,1.);
#1381=VECTOR('',#7646,1.);
#1382=VECTOR('',#7651,1.);
#1383=VECTOR('',#7654,1.);
#1384=VECTOR('',#7659,1.);
#1385=VECTOR('',#7666,1.);
#1386=VECTOR('',#7673,1.);
#1387=VECTOR('',#7680,1.);
#1388=VECTOR('',#7687,1.);
#1389=VECTOR('',#7694,1.);
#1390=VECTOR('',#7701,1.);
#1391=VECTOR('',#7708,1.);
#1392=VECTOR('',#7715,1.);
#1393=VECTOR('',#7722,1.);
#1394=VECTOR('',#7729,1.);
#1395=VECTOR('',#7736,1.);
#1396=VECTOR('',#7743,1.);
#1397=VECTOR('',#7750,1.);
#1398=VECTOR('',#7757,1.);
#1399=VECTOR('',#7764,1.);
#1400=VECTOR('',#7771,1.);
#1401=VECTOR('',#7778,1.);
#1402=VECTOR('',#7785,1.);
#1403=VECTOR('',#7792,1.);
#1404=VECTOR('',#7799,1.);
#1405=VECTOR('',#7806,1.);
#1406=VECTOR('',#7813,1.);
#1407=VECTOR('',#7820,1.);
#1408=VECTOR('',#7827,1.);
#1409=VECTOR('',#7834,1.);
#1410=VECTOR('',#7841,1.);
#1411=VECTOR('',#7848,1.);
#1412=VECTOR('',#7855,1.);
#1413=VECTOR('',#7862,1.);
#1414=VECTOR('',#7869,1.);
#1415=VECTOR('',#7876,1.);
#1416=VECTOR('',#7883,1.);
#1417=VECTOR('',#7890,1.);
#1418=VECTOR('',#7897,1.);
#1419=VECTOR('',#7904,1.);
#1420=VECTOR('',#7911,1.);
#1421=VECTOR('',#7918,1.);
#1422=VECTOR('',#7925,1.);
#1423=VECTOR('',#7932,1.);
#1424=VECTOR('',#7939,1.);
#1425=VECTOR('',#7946,1.);
#1426=VECTOR('',#7953,1.);
#1427=VECTOR('',#7960,1.);
#1428=VECTOR('',#7967,1.);
#1429=VECTOR('',#7974,1.);
#1430=VECTOR('',#7981,1.);
#1431=VECTOR('',#7988,1.);
#1432=VECTOR('',#7995,1.);
#1433=VECTOR('',#8002,1.);
#1434=VECTOR('',#8009,1.);
#1435=VECTOR('',#8016,1.);
#1436=VECTOR('',#8023,1.);
#1437=VECTOR('',#8030,1.);
#1438=VECTOR('',#8037,1.);
#1439=VECTOR('',#8044,1.);
#1440=VECTOR('',#8051,1.);
#1441=VECTOR('',#8058,1.);
#1442=VECTOR('',#8065,1.);
#1443=VECTOR('',#8072,1.);
#1444=VECTOR('',#8079,1.);
#1445=VECTOR('',#8086,1.);
#1446=VECTOR('',#8089,1.);
#1447=VECTOR('',#8094,1.);
#1448=VECTOR('',#8101,1.);
#1449=VECTOR('',#8108,1.);
#1450=VECTOR('',#8115,1.);
#1451=VECTOR('',#8122,1.);
#1452=VECTOR('',#8129,1.);
#1453=VECTOR('',#8136,1.);
#1454=VECTOR('',#8143,1.);
#1455=VECTOR('',#8150,1.);
#1456=VECTOR('',#8157,1.);
#1457=VECTOR('',#8164,1.);
#1458=VECTOR('',#8171,1.);
#1459=VECTOR('',#8178,1.);
#1460=VECTOR('',#8185,1.);
#1461=VECTOR('',#8192,1.);
#1462=VECTOR('',#8199,1.);
#1463=VECTOR('',#8206,1.);
#1464=VECTOR('',#8213,1.);
#1465=VECTOR('',#8220,1.);
#1466=VECTOR('',#8227,1.);
#1467=VECTOR('',#8234,1.);
#1468=VECTOR('',#8241,1.);
#1469=VECTOR('',#8248,1.);
#1470=VECTOR('',#8255,1.);
#1471=VECTOR('',#8262,1.);
#1472=VECTOR('',#8269,1.);
#1473=VECTOR('',#8276,1.);
#1474=VECTOR('',#8283,1.);
#1475=VECTOR('',#8290,1.);
#1476=VECTOR('',#8297,1.);
#1477=VECTOR('',#8304,1.);
#1478=VECTOR('',#8311,1.);
#1479=VECTOR('',#8318,1.);
#1480=VECTOR('',#8325,1.);
#1481=VECTOR('',#8332,1.);
#1482=VECTOR('',#8339,1.);
#1483=VECTOR('',#8346,1.);
#1484=VECTOR('',#8353,1.);
#1485=VECTOR('',#8360,1.);
#1486=VECTOR('',#8367,1.);
#1487=VECTOR('',#8374,1.);
#1488=VECTOR('',#8377,1.);
#1489=VECTOR('',#8382,1.);
#1490=VECTOR('',#8389,1.);
#1491=VECTOR('',#8396,1.);
#1492=VECTOR('',#8403,1.);
#1493=VECTOR('',#8410,1.);
#1494=VECTOR('',#8417,1.);
#1495=VECTOR('',#8424,1.);
#1496=VECTOR('',#8431,1.);
#1497=VECTOR('',#8438,1.);
#1498=VECTOR('',#8445,1.);
#1499=VECTOR('',#8452,1.);
#1500=VECTOR('',#8459,1.);
#1501=VECTOR('',#8466,1.);
#1502=VECTOR('',#8473,1.);
#1503=VECTOR('',#8480,1.);
#1504=VECTOR('',#8487,1.);
#1505=VECTOR('',#8494,1.);
#1506=VECTOR('',#8501,1.);
#1507=VECTOR('',#8508,1.);
#1508=VECTOR('',#8515,1.);
#1509=VECTOR('',#8522,1.);
#1510=VECTOR('',#8529,1.);
#1511=VECTOR('',#8536,1.);
#1512=VECTOR('',#8543,1.);
#1513=VECTOR('',#8550,1.);
#1514=VECTOR('',#8557,1.);
#1515=VECTOR('',#8564,1.);
#1516=VECTOR('',#8571,1.);
#1517=VECTOR('',#8578,1.);
#1518=VECTOR('',#8585,1.);
#1519=VECTOR('',#8592,1.);
#1520=VECTOR('',#8599,1.);
#1521=VECTOR('',#8606,1.);
#1522=VECTOR('',#8613,1.);
#1523=VECTOR('',#8620,1.);
#1524=VECTOR('',#8623,1.);
#1525=VECTOR('',#8628,1.);
#1526=VECTOR('',#8635,1.);
#1527=VECTOR('',#8642,1.);
#1528=VECTOR('',#8649,1.);
#1529=VECTOR('',#8656,1.);
#1530=VECTOR('',#8663,1.);
#1531=VECTOR('',#8670,1.);
#1532=VECTOR('',#8677,1.);
#1533=VECTOR('',#8684,1.);
#1534=VECTOR('',#8691,1.);
#1535=VECTOR('',#8698,1.);
#1536=VECTOR('',#8705,1.);
#1537=VECTOR('',#8712,1.);
#1538=VECTOR('',#8719,1.);
#1539=VECTOR('',#8726,1.);
#1540=VECTOR('',#8733,1.);
#1541=VECTOR('',#8740,1.);
#1542=VECTOR('',#8747,1.);
#1543=VECTOR('',#8754,1.);
#1544=VECTOR('',#8761,1.);
#1545=VECTOR('',#8768,1.);
#1546=VECTOR('',#8775,1.);
#1547=VECTOR('',#8782,1.);
#1548=VECTOR('',#8789,1.);
#1549=VECTOR('',#8796,1.);
#1550=VECTOR('',#8803,1.);
#1551=VECTOR('',#8810,1.);
#1552=VECTOR('',#8817,1.);
#1553=VECTOR('',#8824,1.);
#1554=VECTOR('',#8831,1.);
#1555=VECTOR('',#8838,1.);
#1556=VECTOR('',#8845,1.);
#1557=VECTOR('',#8852,1.);
#1558=VECTOR('',#8859,1.);
#1559=VECTOR('',#8866,1.);
#1560=VECTOR('',#8873,1.);
#1561=VECTOR('',#8880,1.);
#1562=VECTOR('',#8887,1.);
#1563=VECTOR('',#8894,1.);
#1564=VECTOR('',#8897,1.);
#1565=VECTOR('',#8902,1.);
#1566=VECTOR('',#8909,1.);
#1567=VECTOR('',#8916,1.);
#1568=VECTOR('',#8923,1.);
#1569=VECTOR('',#8930,1.);
#1570=VECTOR('',#8937,1.);
#1571=VECTOR('',#8944,1.);
#1572=VECTOR('',#8951,1.);
#1573=VECTOR('',#8958,1.);
#1574=VECTOR('',#8965,1.);
#1575=VECTOR('',#8972,1.);
#1576=VECTOR('',#8979,1.);
#1577=VECTOR('',#8986,1.);
#1578=VECTOR('',#8993,1.);
#1579=VECTOR('',#9000,1.);
#1580=VECTOR('',#9007,1.);
#1581=VECTOR('',#9014,1.);
#1582=VECTOR('',#9021,1.);
#1583=VECTOR('',#9028,1.);
#1584=VECTOR('',#9035,1.);
#1585=VECTOR('',#9042,1.);
#1586=VECTOR('',#9049,1.);
#1587=VECTOR('',#9056,1.);
#1588=VECTOR('',#9063,1.);
#1589=VECTOR('',#9070,1.);
#1590=VECTOR('',#9077,1.);
#1591=VECTOR('',#9084,1.);
#1592=VECTOR('',#9091,1.);
#1593=VECTOR('',#9098,1.);
#1594=VECTOR('',#9101,1.);
#1595=VECTOR('',#9106,1.);
#1596=VECTOR('',#9113,1.);
#1597=VECTOR('',#9120,1.);
#1598=VECTOR('',#9127,1.);
#1599=VECTOR('',#9134,1.);
#1600=VECTOR('',#9141,1.);
#1601=VECTOR('',#9148,1.);
#1602=VECTOR('',#9155,1.);
#1603=VECTOR('',#9162,1.);
#1604=VECTOR('',#9169,1.);
#1605=VECTOR('',#9176,1.);
#1606=VECTOR('',#9183,1.);
#1607=VECTOR('',#9190,1.);
#1608=VECTOR('',#9197,1.);
#1609=VECTOR('',#9204,1.);
#1610=VECTOR('',#9211,1.);
#1611=VECTOR('',#9218,1.);
#1612=VECTOR('',#9225,1.);
#1613=VECTOR('',#9232,1.);
#1614=VECTOR('',#9239,1.);
#1615=VECTOR('',#9246,1.);
#1616=VECTOR('',#9253,1.);
#1617=VECTOR('',#9260,1.);
#1618=VECTOR('',#9267,1.);
#1619=VECTOR('',#9274,1.);
#1620=VECTOR('',#9281,1.);
#1621=VECTOR('',#9288,1.);
#1622=VECTOR('',#9295,1.);
#1623=VECTOR('',#9302,1.);
#1624=VECTOR('',#9309,1.);
#1625=VECTOR('',#9316,1.);
#1626=VECTOR('',#9323,1.);
#1627=VECTOR('',#9330,1.);
#1628=VECTOR('',#9337,1.);
#1629=VECTOR('',#9344,1.);
#1630=VECTOR('',#9351,1.);
#1631=VECTOR('',#9358,1.);
#1632=VECTOR('',#9365,1.);
#1633=VECTOR('',#9372,1.);
#1634=VECTOR('',#9379,1.);
#1635=VECTOR('',#9386,1.);
#1636=VECTOR('',#9393,1.);
#1637=VECTOR('',#9400,1.);
#1638=VECTOR('',#9403,1.);
#1639=VECTOR('',#9408,1.);
#1640=VECTOR('',#9415,1.);
#1641=VECTOR('',#9422,1.);
#1642=VECTOR('',#9429,1.);
#1643=VECTOR('',#9436,1.);
#1644=VECTOR('',#9443,1.);
#1645=VECTOR('',#9450,1.);
#1646=VECTOR('',#9457,1.);
#1647=VECTOR('',#9464,1.);
#1648=VECTOR('',#9471,1.);
#1649=VECTOR('',#9478,1.);
#1650=VECTOR('',#9485,1.);
#1651=VECTOR('',#9492,1.);
#1652=VECTOR('',#9499,1.);
#1653=VECTOR('',#9506,1.);
#1654=VECTOR('',#9513,1.);
#1655=VECTOR('',#9520,1.);
#1656=VECTOR('',#9527,1.);
#1657=VECTOR('',#9534,1.);
#1658=VECTOR('',#9541,1.);
#1659=VECTOR('',#9548,1.);
#1660=VECTOR('',#9555,1.);
#1661=VECTOR('',#9562,1.);
#1662=VECTOR('',#9569,1.);
#1663=VECTOR('',#9576,1.);
#1664=VECTOR('',#9583,1.);
#1665=VECTOR('',#9590,1.);
#1666=VECTOR('',#9593,1.);
#1667=VECTOR('',#9598,1.);
#1668=VECTOR('',#9605,1.);
#1669=VECTOR('',#9612,1.);
#1670=VECTOR('',#9619,1.);
#1671=VECTOR('',#9626,1.);
#1672=VECTOR('',#9633,1.);
#1673=VECTOR('',#9640,1.);
#1674=VECTOR('',#9647,1.);
#1675=VECTOR('',#9654,1.);
#1676=VECTOR('',#9661,1.);
#1677=VECTOR('',#9668,1.);
#1678=VECTOR('',#9675,1.);
#1679=VECTOR('',#9682,1.);
#1680=VECTOR('',#9689,1.);
#1681=VECTOR('',#9696,1.);
#1682=VECTOR('',#9703,1.);
#1683=VECTOR('',#9710,1.);
#1684=VECTOR('',#9717,1.);
#1685=VECTOR('',#9724,1.);
#1686=VECTOR('',#9731,1.);
#1687=VECTOR('',#9738,1.);
#1688=VECTOR('',#9745,1.);
#1689=VECTOR('',#9752,1.);
#1690=VECTOR('',#9759,1.);
#1691=VECTOR('',#9766,1.);
#1692=VECTOR('',#9773,1.);
#1693=VECTOR('',#9780,1.);
#1694=VECTOR('',#9787,1.);
#1695=VECTOR('',#9794,1.);
#1696=VECTOR('',#9801,1.);
#1697=VECTOR('',#9808,1.);
#1698=VECTOR('',#9815,1.);
#1699=VECTOR('',#9822,1.);
#1700=VECTOR('',#9827,1.);
#1701=VECTOR('',#9828,1.);
#1702=VECTOR('',#9829,1.);
#1703=VECTOR('',#9832,1.);
#1704=VECTOR('',#9833,1.);
#1705=VECTOR('',#9834,1.);
#1706=VECTOR('',#9839,1.);
#1707=VECTOR('',#9846,1.);
#1708=VECTOR('',#9853,1.);
#1709=VECTOR('',#9860,1.);
#1710=VECTOR('',#9867,1.);
#1711=VECTOR('',#9874,1.);
#1712=VECTOR('',#9881,1.);
#1713=VECTOR('',#9888,1.);
#1714=VECTOR('',#9895,1.);
#1715=VECTOR('',#9902,1.);
#1716=VECTOR('',#9909,1.);
#1717=VECTOR('',#9916,1.);
#1718=VECTOR('',#9923,1.);
#1719=VECTOR('',#9930,1.);
#1720=VECTOR('',#9937,1.);
#1721=VECTOR('',#9944,1.);
#1722=VECTOR('',#9951,1.);
#1723=VECTOR('',#9958,1.);
#1724=VECTOR('',#9965,1.);
#1725=ORIENTED_EDGE('',*,*,#3795,.T.);
#1726=ORIENTED_EDGE('',*,*,#3796,.F.);
#1727=ORIENTED_EDGE('',*,*,#3797,.F.);
#1728=ORIENTED_EDGE('',*,*,#3798,.T.);
#1729=ORIENTED_EDGE('',*,*,#3799,.T.);
#1730=ORIENTED_EDGE('',*,*,#3800,.F.);
#1731=ORIENTED_EDGE('',*,*,#3801,.F.);
#1732=ORIENTED_EDGE('',*,*,#3796,.T.);
#1733=ORIENTED_EDGE('',*,*,#3802,.T.);
#1734=ORIENTED_EDGE('',*,*,#3803,.F.);
#1735=ORIENTED_EDGE('',*,*,#3804,.F.);
#1736=ORIENTED_EDGE('',*,*,#3800,.T.);
#1737=ORIENTED_EDGE('',*,*,#3805,.T.);
#1738=ORIENTED_EDGE('',*,*,#3806,.F.);
#1739=ORIENTED_EDGE('',*,*,#3807,.F.);
#1740=ORIENTED_EDGE('',*,*,#3803,.T.);
#1741=ORIENTED_EDGE('',*,*,#3808,.T.);
#1742=ORIENTED_EDGE('',*,*,#3809,.F.);
#1743=ORIENTED_EDGE('',*,*,#3810,.F.);
#1744=ORIENTED_EDGE('',*,*,#3806,.T.);
#1745=ORIENTED_EDGE('',*,*,#3811,.F.);
#1746=ORIENTED_EDGE('',*,*,#3812,.F.);
#1747=ORIENTED_EDGE('',*,*,#3813,.T.);
#1748=ORIENTED_EDGE('',*,*,#3814,.T.);
#1749=ORIENTED_EDGE('',*,*,#3815,.F.);
#1750=ORIENTED_EDGE('',*,*,#3816,.F.);
#1751=ORIENTED_EDGE('',*,*,#3817,.T.);
#1752=ORIENTED_EDGE('',*,*,#3812,.T.);
#1753=ORIENTED_EDGE('',*,*,#3818,.F.);
#1754=ORIENTED_EDGE('',*,*,#3819,.F.);
#1755=ORIENTED_EDGE('',*,*,#3820,.T.);
#1756=ORIENTED_EDGE('',*,*,#3816,.T.);
#1757=ORIENTED_EDGE('',*,*,#3821,.F.);
#1758=ORIENTED_EDGE('',*,*,#3822,.F.);
#1759=ORIENTED_EDGE('',*,*,#3823,.T.);
#1760=ORIENTED_EDGE('',*,*,#3819,.T.);
#1761=ORIENTED_EDGE('',*,*,#3824,.F.);
#1762=ORIENTED_EDGE('',*,*,#3825,.F.);
#1763=ORIENTED_EDGE('',*,*,#3826,.T.);
#1764=ORIENTED_EDGE('',*,*,#3822,.T.);
#1765=ORIENTED_EDGE('',*,*,#3827,.F.);
#1766=ORIENTED_EDGE('',*,*,#3828,.F.);
#1767=ORIENTED_EDGE('',*,*,#3829,.T.);
#1768=ORIENTED_EDGE('',*,*,#3825,.T.);
#1769=ORIENTED_EDGE('',*,*,#3830,.F.);
#1770=ORIENTED_EDGE('',*,*,#3831,.F.);
#1771=ORIENTED_EDGE('',*,*,#3832,.T.);
#1772=ORIENTED_EDGE('',*,*,#3828,.T.);
#1773=ORIENTED_EDGE('',*,*,#3833,.F.);
#1774=ORIENTED_EDGE('',*,*,#3834,.F.);
#1775=ORIENTED_EDGE('',*,*,#3835,.T.);
#1776=ORIENTED_EDGE('',*,*,#3831,.T.);
#1777=ORIENTED_EDGE('',*,*,#3836,.F.);
#1778=ORIENTED_EDGE('',*,*,#3837,.F.);
#1779=ORIENTED_EDGE('',*,*,#3838,.T.);
#1780=ORIENTED_EDGE('',*,*,#3834,.T.);
#1781=ORIENTED_EDGE('',*,*,#3839,.F.);
#1782=ORIENTED_EDGE('',*,*,#3840,.F.);
#1783=ORIENTED_EDGE('',*,*,#3841,.T.);
#1784=ORIENTED_EDGE('',*,*,#3837,.T.);
#1785=ORIENTED_EDGE('',*,*,#3842,.F.);
#1786=ORIENTED_EDGE('',*,*,#3843,.F.);
#1787=ORIENTED_EDGE('',*,*,#3844,.T.);
#1788=ORIENTED_EDGE('',*,*,#3840,.T.);
#1789=ORIENTED_EDGE('',*,*,#3845,.F.);
#1790=ORIENTED_EDGE('',*,*,#3846,.F.);
#1791=ORIENTED_EDGE('',*,*,#3847,.T.);
#1792=ORIENTED_EDGE('',*,*,#3843,.T.);
#1793=ORIENTED_EDGE('',*,*,#3848,.F.);
#1794=ORIENTED_EDGE('',*,*,#3849,.F.);
#1795=ORIENTED_EDGE('',*,*,#3850,.T.);
#1796=ORIENTED_EDGE('',*,*,#3846,.T.);
#1797=ORIENTED_EDGE('',*,*,#3851,.F.);
#1798=ORIENTED_EDGE('',*,*,#3852,.F.);
#1799=ORIENTED_EDGE('',*,*,#3853,.T.);
#1800=ORIENTED_EDGE('',*,*,#3849,.T.);
#1801=ORIENTED_EDGE('',*,*,#3854,.F.);
#1802=ORIENTED_EDGE('',*,*,#3855,.F.);
#1803=ORIENTED_EDGE('',*,*,#3856,.T.);
#1804=ORIENTED_EDGE('',*,*,#3852,.T.);
#1805=ORIENTED_EDGE('',*,*,#3857,.F.);
#1806=ORIENTED_EDGE('',*,*,#3858,.F.);
#1807=ORIENTED_EDGE('',*,*,#3859,.T.);
#1808=ORIENTED_EDGE('',*,*,#3855,.T.);
#1809=ORIENTED_EDGE('',*,*,#3860,.F.);
#1810=ORIENTED_EDGE('',*,*,#3861,.F.);
#1811=ORIENTED_EDGE('',*,*,#3862,.T.);
#1812=ORIENTED_EDGE('',*,*,#3858,.T.);
#1813=ORIENTED_EDGE('',*,*,#3863,.F.);
#1814=ORIENTED_EDGE('',*,*,#3864,.F.);
#1815=ORIENTED_EDGE('',*,*,#3865,.T.);
#1816=ORIENTED_EDGE('',*,*,#3861,.T.);
#1817=ORIENTED_EDGE('',*,*,#3866,.F.);
#1818=ORIENTED_EDGE('',*,*,#3867,.F.);
#1819=ORIENTED_EDGE('',*,*,#3868,.T.);
#1820=ORIENTED_EDGE('',*,*,#3864,.T.);
#1821=ORIENTED_EDGE('',*,*,#3869,.F.);
#1822=ORIENTED_EDGE('',*,*,#3870,.F.);
#1823=ORIENTED_EDGE('',*,*,#3871,.T.);
#1824=ORIENTED_EDGE('',*,*,#3867,.T.);
#1825=ORIENTED_EDGE('',*,*,#3872,.F.);
#1826=ORIENTED_EDGE('',*,*,#3873,.F.);
#1827=ORIENTED_EDGE('',*,*,#3874,.T.);
#1828=ORIENTED_EDGE('',*,*,#3870,.T.);
#1829=ORIENTED_EDGE('',*,*,#3875,.F.);
#1830=ORIENTED_EDGE('',*,*,#3876,.F.);
#1831=ORIENTED_EDGE('',*,*,#3877,.T.);
#1832=ORIENTED_EDGE('',*,*,#3873,.T.);
#1833=ORIENTED_EDGE('',*,*,#3878,.F.);
#1834=ORIENTED_EDGE('',*,*,#3879,.F.);
#1835=ORIENTED_EDGE('',*,*,#3880,.T.);
#1836=ORIENTED_EDGE('',*,*,#3876,.T.);
#1837=ORIENTED_EDGE('',*,*,#3881,.F.);
#1838=ORIENTED_EDGE('',*,*,#3882,.F.);
#1839=ORIENTED_EDGE('',*,*,#3883,.T.);
#1840=ORIENTED_EDGE('',*,*,#3879,.T.);
#1841=ORIENTED_EDGE('',*,*,#3884,.F.);
#1842=ORIENTED_EDGE('',*,*,#3885,.F.);
#1843=ORIENTED_EDGE('',*,*,#3886,.T.);
#1844=ORIENTED_EDGE('',*,*,#3882,.T.);
#1845=ORIENTED_EDGE('',*,*,#3887,.F.);
#1846=ORIENTED_EDGE('',*,*,#3888,.F.);
#1847=ORIENTED_EDGE('',*,*,#3889,.T.);
#1848=ORIENTED_EDGE('',*,*,#3885,.T.);
#1849=ORIENTED_EDGE('',*,*,#3890,.F.);
#1850=ORIENTED_EDGE('',*,*,#3891,.F.);
#1851=ORIENTED_EDGE('',*,*,#3892,.T.);
#1852=ORIENTED_EDGE('',*,*,#3888,.T.);
#1853=ORIENTED_EDGE('',*,*,#3893,.F.);
#1854=ORIENTED_EDGE('',*,*,#3894,.F.);
#1855=ORIENTED_EDGE('',*,*,#3895,.T.);
#1856=ORIENTED_EDGE('',*,*,#3891,.T.);
#1857=ORIENTED_EDGE('',*,*,#3896,.F.);
#1858=ORIENTED_EDGE('',*,*,#3897,.F.);
#1859=ORIENTED_EDGE('',*,*,#3898,.T.);
#1860=ORIENTED_EDGE('',*,*,#3894,.T.);
#1861=ORIENTED_EDGE('',*,*,#3899,.F.);
#1862=ORIENTED_EDGE('',*,*,#3900,.F.);
#1863=ORIENTED_EDGE('',*,*,#3901,.T.);
#1864=ORIENTED_EDGE('',*,*,#3897,.T.);
#1865=ORIENTED_EDGE('',*,*,#3902,.F.);
#1866=ORIENTED_EDGE('',*,*,#3903,.F.);
#1867=ORIENTED_EDGE('',*,*,#3904,.T.);
#1868=ORIENTED_EDGE('',*,*,#3900,.T.);
#1869=ORIENTED_EDGE('',*,*,#3905,.F.);
#1870=ORIENTED_EDGE('',*,*,#3906,.F.);
#1871=ORIENTED_EDGE('',*,*,#3907,.T.);
#1872=ORIENTED_EDGE('',*,*,#3903,.T.);
#1873=ORIENTED_EDGE('',*,*,#3908,.F.);
#1874=ORIENTED_EDGE('',*,*,#3909,.F.);
#1875=ORIENTED_EDGE('',*,*,#3910,.T.);
#1876=ORIENTED_EDGE('',*,*,#3906,.T.);
#1877=ORIENTED_EDGE('',*,*,#3911,.F.);
#1878=ORIENTED_EDGE('',*,*,#3912,.F.);
#1879=ORIENTED_EDGE('',*,*,#3913,.T.);
#1880=ORIENTED_EDGE('',*,*,#3909,.T.);
#1881=ORIENTED_EDGE('',*,*,#3914,.F.);
#1882=ORIENTED_EDGE('',*,*,#3915,.F.);
#1883=ORIENTED_EDGE('',*,*,#3916,.T.);
#1884=ORIENTED_EDGE('',*,*,#3912,.T.);
#1885=ORIENTED_EDGE('',*,*,#3917,.F.);
#1886=ORIENTED_EDGE('',*,*,#3918,.F.);
#1887=ORIENTED_EDGE('',*,*,#3919,.T.);
#1888=ORIENTED_EDGE('',*,*,#3915,.T.);
#1889=ORIENTED_EDGE('',*,*,#3920,.F.);
#1890=ORIENTED_EDGE('',*,*,#3921,.F.);
#1891=ORIENTED_EDGE('',*,*,#3922,.T.);
#1892=ORIENTED_EDGE('',*,*,#3918,.T.);
#1893=ORIENTED_EDGE('',*,*,#3923,.F.);
#1894=ORIENTED_EDGE('',*,*,#3924,.F.);
#1895=ORIENTED_EDGE('',*,*,#3925,.T.);
#1896=ORIENTED_EDGE('',*,*,#3921,.T.);
#1897=ORIENTED_EDGE('',*,*,#3926,.F.);
#1898=ORIENTED_EDGE('',*,*,#3927,.F.);
#1899=ORIENTED_EDGE('',*,*,#3928,.T.);
#1900=ORIENTED_EDGE('',*,*,#3924,.T.);
#1901=ORIENTED_EDGE('',*,*,#3929,.F.);
#1902=ORIENTED_EDGE('',*,*,#3930,.F.);
#1903=ORIENTED_EDGE('',*,*,#3931,.T.);
#1904=ORIENTED_EDGE('',*,*,#3927,.T.);
#1905=ORIENTED_EDGE('',*,*,#3932,.F.);
#1906=ORIENTED_EDGE('',*,*,#3933,.F.);
#1907=ORIENTED_EDGE('',*,*,#3934,.T.);
#1908=ORIENTED_EDGE('',*,*,#3930,.T.);
#1909=ORIENTED_EDGE('',*,*,#3935,.F.);
#1910=ORIENTED_EDGE('',*,*,#3936,.F.);
#1911=ORIENTED_EDGE('',*,*,#3937,.T.);
#1912=ORIENTED_EDGE('',*,*,#3933,.T.);
#1913=ORIENTED_EDGE('',*,*,#3938,.F.);
#1914=ORIENTED_EDGE('',*,*,#3939,.F.);
#1915=ORIENTED_EDGE('',*,*,#3940,.T.);
#1916=ORIENTED_EDGE('',*,*,#3936,.T.);
#1917=ORIENTED_EDGE('',*,*,#3941,.F.);
#1918=ORIENTED_EDGE('',*,*,#3942,.F.);
#1919=ORIENTED_EDGE('',*,*,#3943,.T.);
#1920=ORIENTED_EDGE('',*,*,#3939,.T.);
#1921=ORIENTED_EDGE('',*,*,#3944,.F.);
#1922=ORIENTED_EDGE('',*,*,#3945,.F.);
#1923=ORIENTED_EDGE('',*,*,#3946,.T.);
#1924=ORIENTED_EDGE('',*,*,#3942,.T.);
#1925=ORIENTED_EDGE('',*,*,#3947,.F.);
#1926=ORIENTED_EDGE('',*,*,#3948,.F.);
#1927=ORIENTED_EDGE('',*,*,#3949,.T.);
#1928=ORIENTED_EDGE('',*,*,#3945,.T.);
#1929=ORIENTED_EDGE('',*,*,#3950,.F.);
#1930=ORIENTED_EDGE('',*,*,#3951,.F.);
#1931=ORIENTED_EDGE('',*,*,#3952,.T.);
#1932=ORIENTED_EDGE('',*,*,#3948,.T.);
#1933=ORIENTED_EDGE('',*,*,#3953,.F.);
#1934=ORIENTED_EDGE('',*,*,#3954,.F.);
#1935=ORIENTED_EDGE('',*,*,#3955,.T.);
#1936=ORIENTED_EDGE('',*,*,#3951,.T.);
#1937=ORIENTED_EDGE('',*,*,#3956,.F.);
#1938=ORIENTED_EDGE('',*,*,#3957,.F.);
#1939=ORIENTED_EDGE('',*,*,#3958,.T.);
#1940=ORIENTED_EDGE('',*,*,#3954,.T.);
#1941=ORIENTED_EDGE('',*,*,#3959,.F.);
#1942=ORIENTED_EDGE('',*,*,#3960,.F.);
#1943=ORIENTED_EDGE('',*,*,#3961,.T.);
#1944=ORIENTED_EDGE('',*,*,#3957,.T.);
#1945=ORIENTED_EDGE('',*,*,#3962,.F.);
#1946=ORIENTED_EDGE('',*,*,#3963,.F.);
#1947=ORIENTED_EDGE('',*,*,#3964,.T.);
#1948=ORIENTED_EDGE('',*,*,#3960,.T.);
#1949=ORIENTED_EDGE('',*,*,#3965,.F.);
#1950=ORIENTED_EDGE('',*,*,#3966,.F.);
#1951=ORIENTED_EDGE('',*,*,#3967,.T.);
#1952=ORIENTED_EDGE('',*,*,#3963,.T.);
#1953=ORIENTED_EDGE('',*,*,#3968,.F.);
#1954=ORIENTED_EDGE('',*,*,#3969,.F.);
#1955=ORIENTED_EDGE('',*,*,#3970,.T.);
#1956=ORIENTED_EDGE('',*,*,#3966,.T.);
#1957=ORIENTED_EDGE('',*,*,#3971,.F.);
#1958=ORIENTED_EDGE('',*,*,#3972,.F.);
#1959=ORIENTED_EDGE('',*,*,#3973,.T.);
#1960=ORIENTED_EDGE('',*,*,#3969,.T.);
#1961=ORIENTED_EDGE('',*,*,#3974,.F.);
#1962=ORIENTED_EDGE('',*,*,#3975,.F.);
#1963=ORIENTED_EDGE('',*,*,#3976,.T.);
#1964=ORIENTED_EDGE('',*,*,#3972,.T.);
#1965=ORIENTED_EDGE('',*,*,#3977,.F.);
#1966=ORIENTED_EDGE('',*,*,#3978,.F.);
#1967=ORIENTED_EDGE('',*,*,#3979,.T.);
#1968=ORIENTED_EDGE('',*,*,#3975,.T.);
#1969=ORIENTED_EDGE('',*,*,#3980,.F.);
#1970=ORIENTED_EDGE('',*,*,#3981,.F.);
#1971=ORIENTED_EDGE('',*,*,#3982,.T.);
#1972=ORIENTED_EDGE('',*,*,#3978,.T.);
#1973=ORIENTED_EDGE('',*,*,#3983,.F.);
#1974=ORIENTED_EDGE('',*,*,#3984,.F.);
#1975=ORIENTED_EDGE('',*,*,#3985,.T.);
#1976=ORIENTED_EDGE('',*,*,#3981,.T.);
#1977=ORIENTED_EDGE('',*,*,#3986,.F.);
#1978=ORIENTED_EDGE('',*,*,#3987,.F.);
#1979=ORIENTED_EDGE('',*,*,#3988,.T.);
#1980=ORIENTED_EDGE('',*,*,#3984,.T.);
#1981=ORIENTED_EDGE('',*,*,#3989,.F.);
#1982=ORIENTED_EDGE('',*,*,#3990,.F.);
#1983=ORIENTED_EDGE('',*,*,#3991,.T.);
#1984=ORIENTED_EDGE('',*,*,#3987,.T.);
#1985=ORIENTED_EDGE('',*,*,#3992,.F.);
#1986=ORIENTED_EDGE('',*,*,#3993,.F.);
#1987=ORIENTED_EDGE('',*,*,#3994,.T.);
#1988=ORIENTED_EDGE('',*,*,#3990,.T.);
#1989=ORIENTED_EDGE('',*,*,#3995,.F.);
#1990=ORIENTED_EDGE('',*,*,#3996,.F.);
#1991=ORIENTED_EDGE('',*,*,#3997,.T.);
#1992=ORIENTED_EDGE('',*,*,#3993,.T.);
#1993=ORIENTED_EDGE('',*,*,#3998,.F.);
#1994=ORIENTED_EDGE('',*,*,#3999,.F.);
#1995=ORIENTED_EDGE('',*,*,#4000,.T.);
#1996=ORIENTED_EDGE('',*,*,#4001,.T.);
#1997=ORIENTED_EDGE('',*,*,#4002,.F.);
#1998=ORIENTED_EDGE('',*,*,#4003,.F.);
#1999=ORIENTED_EDGE('',*,*,#4004,.T.);
#2000=ORIENTED_EDGE('',*,*,#3999,.T.);
#2001=ORIENTED_EDGE('',*,*,#4005,.F.);
#2002=ORIENTED_EDGE('',*,*,#4006,.F.);
#2003=ORIENTED_EDGE('',*,*,#4007,.T.);
#2004=ORIENTED_EDGE('',*,*,#4003,.T.);
#2005=ORIENTED_EDGE('',*,*,#4008,.F.);
#2006=ORIENTED_EDGE('',*,*,#4009,.F.);
#2007=ORIENTED_EDGE('',*,*,#4010,.T.);
#2008=ORIENTED_EDGE('',*,*,#4006,.T.);
#2009=ORIENTED_EDGE('',*,*,#4011,.F.);
#2010=ORIENTED_EDGE('',*,*,#4012,.F.);
#2011=ORIENTED_EDGE('',*,*,#4013,.T.);
#2012=ORIENTED_EDGE('',*,*,#4009,.T.);
#2013=ORIENTED_EDGE('',*,*,#4014,.F.);
#2014=ORIENTED_EDGE('',*,*,#4015,.F.);
#2015=ORIENTED_EDGE('',*,*,#4016,.T.);
#2016=ORIENTED_EDGE('',*,*,#4012,.T.);
#2017=ORIENTED_EDGE('',*,*,#4017,.F.);
#2018=ORIENTED_EDGE('',*,*,#4018,.F.);
#2019=ORIENTED_EDGE('',*,*,#4019,.T.);
#2020=ORIENTED_EDGE('',*,*,#4015,.T.);
#2021=ORIENTED_EDGE('',*,*,#4020,.F.);
#2022=ORIENTED_EDGE('',*,*,#4021,.F.);
#2023=ORIENTED_EDGE('',*,*,#4022,.T.);
#2024=ORIENTED_EDGE('',*,*,#4018,.T.);
#2025=ORIENTED_EDGE('',*,*,#4023,.F.);
#2026=ORIENTED_EDGE('',*,*,#4024,.F.);
#2027=ORIENTED_EDGE('',*,*,#4025,.T.);
#2028=ORIENTED_EDGE('',*,*,#4021,.T.);
#2029=ORIENTED_EDGE('',*,*,#4026,.F.);
#2030=ORIENTED_EDGE('',*,*,#4027,.F.);
#2031=ORIENTED_EDGE('',*,*,#4028,.T.);
#2032=ORIENTED_EDGE('',*,*,#4024,.T.);
#2033=ORIENTED_EDGE('',*,*,#4029,.F.);
#2034=ORIENTED_EDGE('',*,*,#4030,.F.);
#2035=ORIENTED_EDGE('',*,*,#4031,.T.);
#2036=ORIENTED_EDGE('',*,*,#4027,.T.);
#2037=ORIENTED_EDGE('',*,*,#4032,.F.);
#2038=ORIENTED_EDGE('',*,*,#4033,.F.);
#2039=ORIENTED_EDGE('',*,*,#4034,.T.);
#2040=ORIENTED_EDGE('',*,*,#4030,.T.);
#2041=ORIENTED_EDGE('',*,*,#4035,.F.);
#2042=ORIENTED_EDGE('',*,*,#4036,.F.);
#2043=ORIENTED_EDGE('',*,*,#4037,.T.);
#2044=ORIENTED_EDGE('',*,*,#4033,.T.);
#2045=ORIENTED_EDGE('',*,*,#4038,.F.);
#2046=ORIENTED_EDGE('',*,*,#4039,.F.);
#2047=ORIENTED_EDGE('',*,*,#4040,.T.);
#2048=ORIENTED_EDGE('',*,*,#4036,.T.);
#2049=ORIENTED_EDGE('',*,*,#4041,.F.);
#2050=ORIENTED_EDGE('',*,*,#4042,.F.);
#2051=ORIENTED_EDGE('',*,*,#4043,.T.);
#2052=ORIENTED_EDGE('',*,*,#4039,.T.);
#2053=ORIENTED_EDGE('',*,*,#4044,.F.);
#2054=ORIENTED_EDGE('',*,*,#4045,.F.);
#2055=ORIENTED_EDGE('',*,*,#4046,.T.);
#2056=ORIENTED_EDGE('',*,*,#4042,.T.);
#2057=ORIENTED_EDGE('',*,*,#4047,.F.);
#2058=ORIENTED_EDGE('',*,*,#4048,.F.);
#2059=ORIENTED_EDGE('',*,*,#4049,.T.);
#2060=ORIENTED_EDGE('',*,*,#4045,.T.);
#2061=ORIENTED_EDGE('',*,*,#4050,.F.);
#2062=ORIENTED_EDGE('',*,*,#4051,.F.);
#2063=ORIENTED_EDGE('',*,*,#4052,.T.);
#2064=ORIENTED_EDGE('',*,*,#4048,.T.);
#2065=ORIENTED_EDGE('',*,*,#4053,.F.);
#2066=ORIENTED_EDGE('',*,*,#4054,.F.);
#2067=ORIENTED_EDGE('',*,*,#4055,.T.);
#2068=ORIENTED_EDGE('',*,*,#4051,.T.);
#2069=ORIENTED_EDGE('',*,*,#4056,.F.);
#2070=ORIENTED_EDGE('',*,*,#4057,.F.);
#2071=ORIENTED_EDGE('',*,*,#4058,.T.);
#2072=ORIENTED_EDGE('',*,*,#4054,.T.);
#2073=ORIENTED_EDGE('',*,*,#4059,.F.);
#2074=ORIENTED_EDGE('',*,*,#4060,.F.);
#2075=ORIENTED_EDGE('',*,*,#4061,.T.);
#2076=ORIENTED_EDGE('',*,*,#4057,.T.);
#2077=ORIENTED_EDGE('',*,*,#4062,.F.);
#2078=ORIENTED_EDGE('',*,*,#4063,.F.);
#2079=ORIENTED_EDGE('',*,*,#4064,.T.);
#2080=ORIENTED_EDGE('',*,*,#4060,.T.);
#2081=ORIENTED_EDGE('',*,*,#4065,.F.);
#2082=ORIENTED_EDGE('',*,*,#4066,.F.);
#2083=ORIENTED_EDGE('',*,*,#4067,.T.);
#2084=ORIENTED_EDGE('',*,*,#4063,.T.);
#2085=ORIENTED_EDGE('',*,*,#4068,.F.);
#2086=ORIENTED_EDGE('',*,*,#4069,.F.);
#2087=ORIENTED_EDGE('',*,*,#4070,.T.);
#2088=ORIENTED_EDGE('',*,*,#4066,.T.);
#2089=ORIENTED_EDGE('',*,*,#4071,.F.);
#2090=ORIENTED_EDGE('',*,*,#4072,.F.);
#2091=ORIENTED_EDGE('',*,*,#4073,.T.);
#2092=ORIENTED_EDGE('',*,*,#4069,.T.);
#2093=ORIENTED_EDGE('',*,*,#4074,.F.);
#2094=ORIENTED_EDGE('',*,*,#4075,.F.);
#2095=ORIENTED_EDGE('',*,*,#4076,.T.);
#2096=ORIENTED_EDGE('',*,*,#4072,.T.);
#2097=ORIENTED_EDGE('',*,*,#4077,.F.);
#2098=ORIENTED_EDGE('',*,*,#4078,.F.);
#2099=ORIENTED_EDGE('',*,*,#4079,.T.);
#2100=ORIENTED_EDGE('',*,*,#4075,.T.);
#2101=ORIENTED_EDGE('',*,*,#4080,.F.);
#2102=ORIENTED_EDGE('',*,*,#4081,.F.);
#2103=ORIENTED_EDGE('',*,*,#4082,.T.);
#2104=ORIENTED_EDGE('',*,*,#4078,.T.);
#2105=ORIENTED_EDGE('',*,*,#4083,.F.);
#2106=ORIENTED_EDGE('',*,*,#4084,.F.);
#2107=ORIENTED_EDGE('',*,*,#4085,.T.);
#2108=ORIENTED_EDGE('',*,*,#4081,.T.);
#2109=ORIENTED_EDGE('',*,*,#4086,.F.);
#2110=ORIENTED_EDGE('',*,*,#4087,.F.);
#2111=ORIENTED_EDGE('',*,*,#4088,.T.);
#2112=ORIENTED_EDGE('',*,*,#4084,.T.);
#2113=ORIENTED_EDGE('',*,*,#4089,.F.);
#2114=ORIENTED_EDGE('',*,*,#4090,.F.);
#2115=ORIENTED_EDGE('',*,*,#4091,.T.);
#2116=ORIENTED_EDGE('',*,*,#4087,.T.);
#2117=ORIENTED_EDGE('',*,*,#4092,.F.);
#2118=ORIENTED_EDGE('',*,*,#4093,.F.);
#2119=ORIENTED_EDGE('',*,*,#4094,.T.);
#2120=ORIENTED_EDGE('',*,*,#4090,.T.);
#2121=ORIENTED_EDGE('',*,*,#4095,.F.);
#2122=ORIENTED_EDGE('',*,*,#4096,.F.);
#2123=ORIENTED_EDGE('',*,*,#4097,.T.);
#2124=ORIENTED_EDGE('',*,*,#4093,.T.);
#2125=ORIENTED_EDGE('',*,*,#4098,.F.);
#2126=ORIENTED_EDGE('',*,*,#4099,.F.);
#2127=ORIENTED_EDGE('',*,*,#4100,.T.);
#2128=ORIENTED_EDGE('',*,*,#4096,.T.);
#2129=ORIENTED_EDGE('',*,*,#4101,.F.);
#2130=ORIENTED_EDGE('',*,*,#4102,.F.);
#2131=ORIENTED_EDGE('',*,*,#4103,.T.);
#2132=ORIENTED_EDGE('',*,*,#4099,.T.);
#2133=ORIENTED_EDGE('',*,*,#4104,.F.);
#2134=ORIENTED_EDGE('',*,*,#4105,.F.);
#2135=ORIENTED_EDGE('',*,*,#4106,.T.);
#2136=ORIENTED_EDGE('',*,*,#4102,.T.);
#2137=ORIENTED_EDGE('',*,*,#4107,.F.);
#2138=ORIENTED_EDGE('',*,*,#4108,.F.);
#2139=ORIENTED_EDGE('',*,*,#4109,.T.);
#2140=ORIENTED_EDGE('',*,*,#4105,.T.);
#2141=ORIENTED_EDGE('',*,*,#4110,.F.);
#2142=ORIENTED_EDGE('',*,*,#4111,.F.);
#2143=ORIENTED_EDGE('',*,*,#4112,.T.);
#2144=ORIENTED_EDGE('',*,*,#4108,.T.);
#2145=ORIENTED_EDGE('',*,*,#4113,.F.);
#2146=ORIENTED_EDGE('',*,*,#4114,.F.);
#2147=ORIENTED_EDGE('',*,*,#4115,.T.);
#2148=ORIENTED_EDGE('',*,*,#4111,.T.);
#2149=ORIENTED_EDGE('',*,*,#4116,.F.);
#2150=ORIENTED_EDGE('',*,*,#4117,.F.);
#2151=ORIENTED_EDGE('',*,*,#4118,.T.);
#2152=ORIENTED_EDGE('',*,*,#4114,.T.);
#2153=ORIENTED_EDGE('',*,*,#4119,.F.);
#2154=ORIENTED_EDGE('',*,*,#4120,.F.);
#2155=ORIENTED_EDGE('',*,*,#4121,.T.);
#2156=ORIENTED_EDGE('',*,*,#4117,.T.);
#2157=ORIENTED_EDGE('',*,*,#4122,.F.);
#2158=ORIENTED_EDGE('',*,*,#4123,.F.);
#2159=ORIENTED_EDGE('',*,*,#4124,.T.);
#2160=ORIENTED_EDGE('',*,*,#4125,.T.);
#2161=ORIENTED_EDGE('',*,*,#4126,.F.);
#2162=ORIENTED_EDGE('',*,*,#4127,.F.);
#2163=ORIENTED_EDGE('',*,*,#4128,.T.);
#2164=ORIENTED_EDGE('',*,*,#4123,.T.);
#2165=ORIENTED_EDGE('',*,*,#4129,.F.);
#2166=ORIENTED_EDGE('',*,*,#4130,.F.);
#2167=ORIENTED_EDGE('',*,*,#4131,.T.);
#2168=ORIENTED_EDGE('',*,*,#4127,.T.);
#2169=ORIENTED_EDGE('',*,*,#4132,.F.);
#2170=ORIENTED_EDGE('',*,*,#4133,.F.);
#2171=ORIENTED_EDGE('',*,*,#4134,.T.);
#2172=ORIENTED_EDGE('',*,*,#4130,.T.);
#2173=ORIENTED_EDGE('',*,*,#4135,.F.);
#2174=ORIENTED_EDGE('',*,*,#4136,.F.);
#2175=ORIENTED_EDGE('',*,*,#4137,.T.);
#2176=ORIENTED_EDGE('',*,*,#4133,.T.);
#2177=ORIENTED_EDGE('',*,*,#4138,.F.);
#2178=ORIENTED_EDGE('',*,*,#4139,.F.);
#2179=ORIENTED_EDGE('',*,*,#4140,.T.);
#2180=ORIENTED_EDGE('',*,*,#4136,.T.);
#2181=ORIENTED_EDGE('',*,*,#4141,.F.);
#2182=ORIENTED_EDGE('',*,*,#4142,.F.);
#2183=ORIENTED_EDGE('',*,*,#4143,.T.);
#2184=ORIENTED_EDGE('',*,*,#4139,.T.);
#2185=ORIENTED_EDGE('',*,*,#4144,.F.);
#2186=ORIENTED_EDGE('',*,*,#4145,.F.);
#2187=ORIENTED_EDGE('',*,*,#4146,.T.);
#2188=ORIENTED_EDGE('',*,*,#4142,.T.);
#2189=ORIENTED_EDGE('',*,*,#4147,.F.);
#2190=ORIENTED_EDGE('',*,*,#4148,.F.);
#2191=ORIENTED_EDGE('',*,*,#4149,.T.);
#2192=ORIENTED_EDGE('',*,*,#4145,.T.);
#2193=ORIENTED_EDGE('',*,*,#4150,.F.);
#2194=ORIENTED_EDGE('',*,*,#4151,.F.);
#2195=ORIENTED_EDGE('',*,*,#4152,.T.);
#2196=ORIENTED_EDGE('',*,*,#4148,.T.);
#2197=ORIENTED_EDGE('',*,*,#4153,.F.);
#2198=ORIENTED_EDGE('',*,*,#4154,.F.);
#2199=ORIENTED_EDGE('',*,*,#4155,.T.);
#2200=ORIENTED_EDGE('',*,*,#4151,.T.);
#2201=ORIENTED_EDGE('',*,*,#4156,.F.);
#2202=ORIENTED_EDGE('',*,*,#4157,.F.);
#2203=ORIENTED_EDGE('',*,*,#4158,.T.);
#2204=ORIENTED_EDGE('',*,*,#4154,.T.);
#2205=ORIENTED_EDGE('',*,*,#4159,.F.);
#2206=ORIENTED_EDGE('',*,*,#4160,.F.);
#2207=ORIENTED_EDGE('',*,*,#4161,.T.);
#2208=ORIENTED_EDGE('',*,*,#4157,.T.);
#2209=ORIENTED_EDGE('',*,*,#4162,.F.);
#2210=ORIENTED_EDGE('',*,*,#4163,.F.);
#2211=ORIENTED_EDGE('',*,*,#4164,.T.);
#2212=ORIENTED_EDGE('',*,*,#4160,.T.);
#2213=ORIENTED_EDGE('',*,*,#4165,.F.);
#2214=ORIENTED_EDGE('',*,*,#4166,.F.);
#2215=ORIENTED_EDGE('',*,*,#4167,.T.);
#2216=ORIENTED_EDGE('',*,*,#4163,.T.);
#2217=ORIENTED_EDGE('',*,*,#4168,.F.);
#2218=ORIENTED_EDGE('',*,*,#4169,.F.);
#2219=ORIENTED_EDGE('',*,*,#4170,.T.);
#2220=ORIENTED_EDGE('',*,*,#4166,.T.);
#2221=ORIENTED_EDGE('',*,*,#4171,.F.);
#2222=ORIENTED_EDGE('',*,*,#4172,.F.);
#2223=ORIENTED_EDGE('',*,*,#4173,.T.);
#2224=ORIENTED_EDGE('',*,*,#4169,.T.);
#2225=ORIENTED_EDGE('',*,*,#4174,.F.);
#2226=ORIENTED_EDGE('',*,*,#4175,.F.);
#2227=ORIENTED_EDGE('',*,*,#4176,.T.);
#2228=ORIENTED_EDGE('',*,*,#4172,.T.);
#2229=ORIENTED_EDGE('',*,*,#4177,.F.);
#2230=ORIENTED_EDGE('',*,*,#4178,.F.);
#2231=ORIENTED_EDGE('',*,*,#4179,.T.);
#2232=ORIENTED_EDGE('',*,*,#4175,.T.);
#2233=ORIENTED_EDGE('',*,*,#4180,.F.);
#2234=ORIENTED_EDGE('',*,*,#4181,.F.);
#2235=ORIENTED_EDGE('',*,*,#4182,.T.);
#2236=ORIENTED_EDGE('',*,*,#4178,.T.);
#2237=ORIENTED_EDGE('',*,*,#4183,.F.);
#2238=ORIENTED_EDGE('',*,*,#4184,.F.);
#2239=ORIENTED_EDGE('',*,*,#4185,.T.);
#2240=ORIENTED_EDGE('',*,*,#4181,.T.);
#2241=ORIENTED_EDGE('',*,*,#4186,.F.);
#2242=ORIENTED_EDGE('',*,*,#4187,.F.);
#2243=ORIENTED_EDGE('',*,*,#4188,.T.);
#2244=ORIENTED_EDGE('',*,*,#4184,.T.);
#2245=ORIENTED_EDGE('',*,*,#4189,.F.);
#2246=ORIENTED_EDGE('',*,*,#4190,.F.);
#2247=ORIENTED_EDGE('',*,*,#4191,.T.);
#2248=ORIENTED_EDGE('',*,*,#4187,.T.);
#2249=ORIENTED_EDGE('',*,*,#4192,.F.);
#2250=ORIENTED_EDGE('',*,*,#4193,.F.);
#2251=ORIENTED_EDGE('',*,*,#4194,.T.);
#2252=ORIENTED_EDGE('',*,*,#4190,.T.);
#2253=ORIENTED_EDGE('',*,*,#4195,.F.);
#2254=ORIENTED_EDGE('',*,*,#4196,.F.);
#2255=ORIENTED_EDGE('',*,*,#4197,.T.);
#2256=ORIENTED_EDGE('',*,*,#4193,.T.);
#2257=ORIENTED_EDGE('',*,*,#4198,.F.);
#2258=ORIENTED_EDGE('',*,*,#4199,.F.);
#2259=ORIENTED_EDGE('',*,*,#4200,.T.);
#2260=ORIENTED_EDGE('',*,*,#4196,.T.);
#2261=ORIENTED_EDGE('',*,*,#4201,.F.);
#2262=ORIENTED_EDGE('',*,*,#4202,.F.);
#2263=ORIENTED_EDGE('',*,*,#4203,.T.);
#2264=ORIENTED_EDGE('',*,*,#4199,.T.);
#2265=ORIENTED_EDGE('',*,*,#4204,.F.);
#2266=ORIENTED_EDGE('',*,*,#4205,.F.);
#2267=ORIENTED_EDGE('',*,*,#4206,.T.);
#2268=ORIENTED_EDGE('',*,*,#4202,.T.);
#2269=ORIENTED_EDGE('',*,*,#4207,.F.);
#2270=ORIENTED_EDGE('',*,*,#4208,.F.);
#2271=ORIENTED_EDGE('',*,*,#4209,.T.);
#2272=ORIENTED_EDGE('',*,*,#4205,.T.);
#2273=ORIENTED_EDGE('',*,*,#4210,.F.);
#2274=ORIENTED_EDGE('',*,*,#4211,.F.);
#2275=ORIENTED_EDGE('',*,*,#4212,.T.);
#2276=ORIENTED_EDGE('',*,*,#4208,.T.);
#2277=ORIENTED_EDGE('',*,*,#4213,.F.);
#2278=ORIENTED_EDGE('',*,*,#4214,.F.);
#2279=ORIENTED_EDGE('',*,*,#4215,.T.);
#2280=ORIENTED_EDGE('',*,*,#4211,.T.);
#2281=ORIENTED_EDGE('',*,*,#4216,.F.);
#2282=ORIENTED_EDGE('',*,*,#4217,.F.);
#2283=ORIENTED_EDGE('',*,*,#4218,.T.);
#2284=ORIENTED_EDGE('',*,*,#4214,.T.);
#2285=ORIENTED_EDGE('',*,*,#4219,.F.);
#2286=ORIENTED_EDGE('',*,*,#4220,.F.);
#2287=ORIENTED_EDGE('',*,*,#4221,.T.);
#2288=ORIENTED_EDGE('',*,*,#4217,.T.);
#2289=ORIENTED_EDGE('',*,*,#4222,.F.);
#2290=ORIENTED_EDGE('',*,*,#4223,.F.);
#2291=ORIENTED_EDGE('',*,*,#4224,.T.);
#2292=ORIENTED_EDGE('',*,*,#4220,.T.);
#2293=ORIENTED_EDGE('',*,*,#4225,.F.);
#2294=ORIENTED_EDGE('',*,*,#4226,.F.);
#2295=ORIENTED_EDGE('',*,*,#4227,.T.);
#2296=ORIENTED_EDGE('',*,*,#4223,.T.);
#2297=ORIENTED_EDGE('',*,*,#4228,.F.);
#2298=ORIENTED_EDGE('',*,*,#4229,.F.);
#2299=ORIENTED_EDGE('',*,*,#4230,.T.);
#2300=ORIENTED_EDGE('',*,*,#4231,.T.);
#2301=ORIENTED_EDGE('',*,*,#4232,.F.);
#2302=ORIENTED_EDGE('',*,*,#4233,.F.);
#2303=ORIENTED_EDGE('',*,*,#4234,.T.);
#2304=ORIENTED_EDGE('',*,*,#4229,.T.);
#2305=ORIENTED_EDGE('',*,*,#4235,.F.);
#2306=ORIENTED_EDGE('',*,*,#4236,.F.);
#2307=ORIENTED_EDGE('',*,*,#4237,.T.);
#2308=ORIENTED_EDGE('',*,*,#4233,.T.);
#2309=ORIENTED_EDGE('',*,*,#4238,.F.);
#2310=ORIENTED_EDGE('',*,*,#4239,.F.);
#2311=ORIENTED_EDGE('',*,*,#4240,.T.);
#2312=ORIENTED_EDGE('',*,*,#4236,.T.);
#2313=ORIENTED_EDGE('',*,*,#4241,.F.);
#2314=ORIENTED_EDGE('',*,*,#4242,.F.);
#2315=ORIENTED_EDGE('',*,*,#4243,.T.);
#2316=ORIENTED_EDGE('',*,*,#4239,.T.);
#2317=ORIENTED_EDGE('',*,*,#4244,.F.);
#2318=ORIENTED_EDGE('',*,*,#4245,.F.);
#2319=ORIENTED_EDGE('',*,*,#4246,.T.);
#2320=ORIENTED_EDGE('',*,*,#4242,.T.);
#2321=ORIENTED_EDGE('',*,*,#4247,.F.);
#2322=ORIENTED_EDGE('',*,*,#4248,.F.);
#2323=ORIENTED_EDGE('',*,*,#4249,.T.);
#2324=ORIENTED_EDGE('',*,*,#4245,.T.);
#2325=ORIENTED_EDGE('',*,*,#4250,.F.);
#2326=ORIENTED_EDGE('',*,*,#4251,.F.);
#2327=ORIENTED_EDGE('',*,*,#4252,.T.);
#2328=ORIENTED_EDGE('',*,*,#4248,.T.);
#2329=ORIENTED_EDGE('',*,*,#4253,.F.);
#2330=ORIENTED_EDGE('',*,*,#4254,.F.);
#2331=ORIENTED_EDGE('',*,*,#4255,.T.);
#2332=ORIENTED_EDGE('',*,*,#4251,.T.);
#2333=ORIENTED_EDGE('',*,*,#4256,.F.);
#2334=ORIENTED_EDGE('',*,*,#4257,.F.);
#2335=ORIENTED_EDGE('',*,*,#4258,.T.);
#2336=ORIENTED_EDGE('',*,*,#4254,.T.);
#2337=ORIENTED_EDGE('',*,*,#4259,.F.);
#2338=ORIENTED_EDGE('',*,*,#4260,.F.);
#2339=ORIENTED_EDGE('',*,*,#4261,.T.);
#2340=ORIENTED_EDGE('',*,*,#4257,.T.);
#2341=ORIENTED_EDGE('',*,*,#4262,.F.);
#2342=ORIENTED_EDGE('',*,*,#4263,.F.);
#2343=ORIENTED_EDGE('',*,*,#4264,.T.);
#2344=ORIENTED_EDGE('',*,*,#4260,.T.);
#2345=ORIENTED_EDGE('',*,*,#4265,.F.);
#2346=ORIENTED_EDGE('',*,*,#4266,.F.);
#2347=ORIENTED_EDGE('',*,*,#4267,.T.);
#2348=ORIENTED_EDGE('',*,*,#4263,.T.);
#2349=ORIENTED_EDGE('',*,*,#4268,.F.);
#2350=ORIENTED_EDGE('',*,*,#4269,.F.);
#2351=ORIENTED_EDGE('',*,*,#4270,.T.);
#2352=ORIENTED_EDGE('',*,*,#4266,.T.);
#2353=ORIENTED_EDGE('',*,*,#4271,.F.);
#2354=ORIENTED_EDGE('',*,*,#4272,.F.);
#2355=ORIENTED_EDGE('',*,*,#4273,.T.);
#2356=ORIENTED_EDGE('',*,*,#4269,.T.);
#2357=ORIENTED_EDGE('',*,*,#4274,.F.);
#2358=ORIENTED_EDGE('',*,*,#4275,.F.);
#2359=ORIENTED_EDGE('',*,*,#4276,.T.);
#2360=ORIENTED_EDGE('',*,*,#4272,.T.);
#2361=ORIENTED_EDGE('',*,*,#4277,.F.);
#2362=ORIENTED_EDGE('',*,*,#4278,.F.);
#2363=ORIENTED_EDGE('',*,*,#4279,.T.);
#2364=ORIENTED_EDGE('',*,*,#4275,.T.);
#2365=ORIENTED_EDGE('',*,*,#4280,.F.);
#2366=ORIENTED_EDGE('',*,*,#4281,.F.);
#2367=ORIENTED_EDGE('',*,*,#4282,.T.);
#2368=ORIENTED_EDGE('',*,*,#4278,.T.);
#2369=ORIENTED_EDGE('',*,*,#4283,.F.);
#2370=ORIENTED_EDGE('',*,*,#4284,.F.);
#2371=ORIENTED_EDGE('',*,*,#4285,.T.);
#2372=ORIENTED_EDGE('',*,*,#4281,.T.);
#2373=ORIENTED_EDGE('',*,*,#4286,.F.);
#2374=ORIENTED_EDGE('',*,*,#4287,.F.);
#2375=ORIENTED_EDGE('',*,*,#4288,.T.);
#2376=ORIENTED_EDGE('',*,*,#4284,.T.);
#2377=ORIENTED_EDGE('',*,*,#4289,.F.);
#2378=ORIENTED_EDGE('',*,*,#4290,.F.);
#2379=ORIENTED_EDGE('',*,*,#4291,.T.);
#2380=ORIENTED_EDGE('',*,*,#4287,.T.);
#2381=ORIENTED_EDGE('',*,*,#4292,.F.);
#2382=ORIENTED_EDGE('',*,*,#4293,.F.);
#2383=ORIENTED_EDGE('',*,*,#4294,.T.);
#2384=ORIENTED_EDGE('',*,*,#4290,.T.);
#2385=ORIENTED_EDGE('',*,*,#4295,.F.);
#2386=ORIENTED_EDGE('',*,*,#4296,.F.);
#2387=ORIENTED_EDGE('',*,*,#4297,.T.);
#2388=ORIENTED_EDGE('',*,*,#4293,.T.);
#2389=ORIENTED_EDGE('',*,*,#4298,.F.);
#2390=ORIENTED_EDGE('',*,*,#4299,.F.);
#2391=ORIENTED_EDGE('',*,*,#4300,.T.);
#2392=ORIENTED_EDGE('',*,*,#4296,.T.);
#2393=ORIENTED_EDGE('',*,*,#4301,.F.);
#2394=ORIENTED_EDGE('',*,*,#4302,.F.);
#2395=ORIENTED_EDGE('',*,*,#4303,.T.);
#2396=ORIENTED_EDGE('',*,*,#4299,.T.);
#2397=ORIENTED_EDGE('',*,*,#4304,.F.);
#2398=ORIENTED_EDGE('',*,*,#4305,.F.);
#2399=ORIENTED_EDGE('',*,*,#4306,.T.);
#2400=ORIENTED_EDGE('',*,*,#4302,.T.);
#2401=ORIENTED_EDGE('',*,*,#4307,.F.);
#2402=ORIENTED_EDGE('',*,*,#4308,.F.);
#2403=ORIENTED_EDGE('',*,*,#4309,.T.);
#2404=ORIENTED_EDGE('',*,*,#4305,.T.);
#2405=ORIENTED_EDGE('',*,*,#4310,.F.);
#2406=ORIENTED_EDGE('',*,*,#4311,.F.);
#2407=ORIENTED_EDGE('',*,*,#4312,.T.);
#2408=ORIENTED_EDGE('',*,*,#4308,.T.);
#2409=ORIENTED_EDGE('',*,*,#4313,.F.);
#2410=ORIENTED_EDGE('',*,*,#4314,.F.);
#2411=ORIENTED_EDGE('',*,*,#4315,.T.);
#2412=ORIENTED_EDGE('',*,*,#4311,.T.);
#2413=ORIENTED_EDGE('',*,*,#4316,.F.);
#2414=ORIENTED_EDGE('',*,*,#4317,.F.);
#2415=ORIENTED_EDGE('',*,*,#4318,.T.);
#2416=ORIENTED_EDGE('',*,*,#4314,.T.);
#2417=ORIENTED_EDGE('',*,*,#4319,.F.);
#2418=ORIENTED_EDGE('',*,*,#4320,.F.);
#2419=ORIENTED_EDGE('',*,*,#4321,.T.);
#2420=ORIENTED_EDGE('',*,*,#4317,.T.);
#2421=ORIENTED_EDGE('',*,*,#4322,.F.);
#2422=ORIENTED_EDGE('',*,*,#4323,.F.);
#2423=ORIENTED_EDGE('',*,*,#4324,.T.);
#2424=ORIENTED_EDGE('',*,*,#4320,.T.);
#2425=ORIENTED_EDGE('',*,*,#4325,.F.);
#2426=ORIENTED_EDGE('',*,*,#4326,.F.);
#2427=ORIENTED_EDGE('',*,*,#4327,.T.);
#2428=ORIENTED_EDGE('',*,*,#4323,.T.);
#2429=ORIENTED_EDGE('',*,*,#4328,.F.);
#2430=ORIENTED_EDGE('',*,*,#4329,.F.);
#2431=ORIENTED_EDGE('',*,*,#4330,.T.);
#2432=ORIENTED_EDGE('',*,*,#4326,.T.);
#2433=ORIENTED_EDGE('',*,*,#4331,.F.);
#2434=ORIENTED_EDGE('',*,*,#4332,.F.);
#2435=ORIENTED_EDGE('',*,*,#4333,.T.);
#2436=ORIENTED_EDGE('',*,*,#4329,.T.);
#2437=ORIENTED_EDGE('',*,*,#4334,.F.);
#2438=ORIENTED_EDGE('',*,*,#4335,.F.);
#2439=ORIENTED_EDGE('',*,*,#4336,.T.);
#2440=ORIENTED_EDGE('',*,*,#4332,.T.);
#2441=ORIENTED_EDGE('',*,*,#4337,.F.);
#2442=ORIENTED_EDGE('',*,*,#4338,.F.);
#2443=ORIENTED_EDGE('',*,*,#4339,.T.);
#2444=ORIENTED_EDGE('',*,*,#4335,.T.);
#2445=ORIENTED_EDGE('',*,*,#4340,.F.);
#2446=ORIENTED_EDGE('',*,*,#4341,.F.);
#2447=ORIENTED_EDGE('',*,*,#4342,.T.);
#2448=ORIENTED_EDGE('',*,*,#4338,.T.);
#2449=ORIENTED_EDGE('',*,*,#4343,.F.);
#2450=ORIENTED_EDGE('',*,*,#4344,.F.);
#2451=ORIENTED_EDGE('',*,*,#4345,.T.);
#2452=ORIENTED_EDGE('',*,*,#4341,.T.);
#2453=ORIENTED_EDGE('',*,*,#4346,.F.);
#2454=ORIENTED_EDGE('',*,*,#4347,.F.);
#2455=ORIENTED_EDGE('',*,*,#4348,.T.);
#2456=ORIENTED_EDGE('',*,*,#4349,.T.);
#2457=ORIENTED_EDGE('',*,*,#4350,.F.);
#2458=ORIENTED_EDGE('',*,*,#4351,.F.);
#2459=ORIENTED_EDGE('',*,*,#4352,.T.);
#2460=ORIENTED_EDGE('',*,*,#4347,.T.);
#2461=ORIENTED_EDGE('',*,*,#4353,.F.);
#2462=ORIENTED_EDGE('',*,*,#4354,.F.);
#2463=ORIENTED_EDGE('',*,*,#4355,.T.);
#2464=ORIENTED_EDGE('',*,*,#4351,.T.);
#2465=ORIENTED_EDGE('',*,*,#4356,.F.);
#2466=ORIENTED_EDGE('',*,*,#4357,.F.);
#2467=ORIENTED_EDGE('',*,*,#4358,.T.);
#2468=ORIENTED_EDGE('',*,*,#4354,.T.);
#2469=ORIENTED_EDGE('',*,*,#4359,.F.);
#2470=ORIENTED_EDGE('',*,*,#4360,.F.);
#2471=ORIENTED_EDGE('',*,*,#4361,.T.);
#2472=ORIENTED_EDGE('',*,*,#4357,.T.);
#2473=ORIENTED_EDGE('',*,*,#4362,.F.);
#2474=ORIENTED_EDGE('',*,*,#4363,.F.);
#2475=ORIENTED_EDGE('',*,*,#4364,.T.);
#2476=ORIENTED_EDGE('',*,*,#4360,.T.);
#2477=ORIENTED_EDGE('',*,*,#4365,.F.);
#2478=ORIENTED_EDGE('',*,*,#4366,.F.);
#2479=ORIENTED_EDGE('',*,*,#4367,.T.);
#2480=ORIENTED_EDGE('',*,*,#4363,.T.);
#2481=ORIENTED_EDGE('',*,*,#4368,.F.);
#2482=ORIENTED_EDGE('',*,*,#4369,.F.);
#2483=ORIENTED_EDGE('',*,*,#4370,.T.);
#2484=ORIENTED_EDGE('',*,*,#4366,.T.);
#2485=ORIENTED_EDGE('',*,*,#4371,.F.);
#2486=ORIENTED_EDGE('',*,*,#4372,.F.);
#2487=ORIENTED_EDGE('',*,*,#4373,.T.);
#2488=ORIENTED_EDGE('',*,*,#4369,.T.);
#2489=ORIENTED_EDGE('',*,*,#4374,.F.);
#2490=ORIENTED_EDGE('',*,*,#4375,.F.);
#2491=ORIENTED_EDGE('',*,*,#4376,.T.);
#2492=ORIENTED_EDGE('',*,*,#4372,.T.);
#2493=ORIENTED_EDGE('',*,*,#4377,.F.);
#2494=ORIENTED_EDGE('',*,*,#4378,.F.);
#2495=ORIENTED_EDGE('',*,*,#4379,.T.);
#2496=ORIENTED_EDGE('',*,*,#4375,.T.);
#2497=ORIENTED_EDGE('',*,*,#4380,.F.);
#2498=ORIENTED_EDGE('',*,*,#4381,.F.);
#2499=ORIENTED_EDGE('',*,*,#4382,.T.);
#2500=ORIENTED_EDGE('',*,*,#4378,.T.);
#2501=ORIENTED_EDGE('',*,*,#4383,.F.);
#2502=ORIENTED_EDGE('',*,*,#4384,.F.);
#2503=ORIENTED_EDGE('',*,*,#4385,.T.);
#2504=ORIENTED_EDGE('',*,*,#4381,.T.);
#2505=ORIENTED_EDGE('',*,*,#4386,.F.);
#2506=ORIENTED_EDGE('',*,*,#4387,.F.);
#2507=ORIENTED_EDGE('',*,*,#4388,.T.);
#2508=ORIENTED_EDGE('',*,*,#4384,.T.);
#2509=ORIENTED_EDGE('',*,*,#4389,.F.);
#2510=ORIENTED_EDGE('',*,*,#4390,.F.);
#2511=ORIENTED_EDGE('',*,*,#4391,.T.);
#2512=ORIENTED_EDGE('',*,*,#4387,.T.);
#2513=ORIENTED_EDGE('',*,*,#4392,.F.);
#2514=ORIENTED_EDGE('',*,*,#4393,.F.);
#2515=ORIENTED_EDGE('',*,*,#4394,.T.);
#2516=ORIENTED_EDGE('',*,*,#4390,.T.);
#2517=ORIENTED_EDGE('',*,*,#4395,.F.);
#2518=ORIENTED_EDGE('',*,*,#4396,.F.);
#2519=ORIENTED_EDGE('',*,*,#4397,.T.);
#2520=ORIENTED_EDGE('',*,*,#4393,.T.);
#2521=ORIENTED_EDGE('',*,*,#4398,.F.);
#2522=ORIENTED_EDGE('',*,*,#4399,.F.);
#2523=ORIENTED_EDGE('',*,*,#4400,.T.);
#2524=ORIENTED_EDGE('',*,*,#4396,.T.);
#2525=ORIENTED_EDGE('',*,*,#4401,.F.);
#2526=ORIENTED_EDGE('',*,*,#4402,.F.);
#2527=ORIENTED_EDGE('',*,*,#4403,.T.);
#2528=ORIENTED_EDGE('',*,*,#4399,.T.);
#2529=ORIENTED_EDGE('',*,*,#4404,.F.);
#2530=ORIENTED_EDGE('',*,*,#4405,.F.);
#2531=ORIENTED_EDGE('',*,*,#4406,.T.);
#2532=ORIENTED_EDGE('',*,*,#4402,.T.);
#2533=ORIENTED_EDGE('',*,*,#4407,.F.);
#2534=ORIENTED_EDGE('',*,*,#4408,.F.);
#2535=ORIENTED_EDGE('',*,*,#4409,.T.);
#2536=ORIENTED_EDGE('',*,*,#4405,.T.);
#2537=ORIENTED_EDGE('',*,*,#4410,.F.);
#2538=ORIENTED_EDGE('',*,*,#4411,.F.);
#2539=ORIENTED_EDGE('',*,*,#4412,.T.);
#2540=ORIENTED_EDGE('',*,*,#4408,.T.);
#2541=ORIENTED_EDGE('',*,*,#4413,.F.);
#2542=ORIENTED_EDGE('',*,*,#4414,.F.);
#2543=ORIENTED_EDGE('',*,*,#4415,.T.);
#2544=ORIENTED_EDGE('',*,*,#4411,.T.);
#2545=ORIENTED_EDGE('',*,*,#4416,.F.);
#2546=ORIENTED_EDGE('',*,*,#4417,.F.);
#2547=ORIENTED_EDGE('',*,*,#4418,.T.);
#2548=ORIENTED_EDGE('',*,*,#4414,.T.);
#2549=ORIENTED_EDGE('',*,*,#4419,.F.);
#2550=ORIENTED_EDGE('',*,*,#4420,.F.);
#2551=ORIENTED_EDGE('',*,*,#4421,.T.);
#2552=ORIENTED_EDGE('',*,*,#4417,.T.);
#2553=ORIENTED_EDGE('',*,*,#4422,.F.);
#2554=ORIENTED_EDGE('',*,*,#4423,.F.);
#2555=ORIENTED_EDGE('',*,*,#4424,.T.);
#2556=ORIENTED_EDGE('',*,*,#4420,.T.);
#2557=ORIENTED_EDGE('',*,*,#4425,.F.);
#2558=ORIENTED_EDGE('',*,*,#4426,.F.);
#2559=ORIENTED_EDGE('',*,*,#4427,.T.);
#2560=ORIENTED_EDGE('',*,*,#4423,.T.);
#2561=ORIENTED_EDGE('',*,*,#4428,.F.);
#2562=ORIENTED_EDGE('',*,*,#4429,.F.);
#2563=ORIENTED_EDGE('',*,*,#4430,.T.);
#2564=ORIENTED_EDGE('',*,*,#4426,.T.);
#2565=ORIENTED_EDGE('',*,*,#4431,.F.);
#2566=ORIENTED_EDGE('',*,*,#4432,.F.);
#2567=ORIENTED_EDGE('',*,*,#4433,.T.);
#2568=ORIENTED_EDGE('',*,*,#4429,.T.);
#2569=ORIENTED_EDGE('',*,*,#4434,.F.);
#2570=ORIENTED_EDGE('',*,*,#4435,.F.);
#2571=ORIENTED_EDGE('',*,*,#4436,.T.);
#2572=ORIENTED_EDGE('',*,*,#4437,.T.);
#2573=ORIENTED_EDGE('',*,*,#4438,.F.);
#2574=ORIENTED_EDGE('',*,*,#4439,.F.);
#2575=ORIENTED_EDGE('',*,*,#4440,.T.);
#2576=ORIENTED_EDGE('',*,*,#4435,.T.);
#2577=ORIENTED_EDGE('',*,*,#4441,.F.);
#2578=ORIENTED_EDGE('',*,*,#4442,.F.);
#2579=ORIENTED_EDGE('',*,*,#4443,.T.);
#2580=ORIENTED_EDGE('',*,*,#4439,.T.);
#2581=ORIENTED_EDGE('',*,*,#4444,.F.);
#2582=ORIENTED_EDGE('',*,*,#4445,.F.);
#2583=ORIENTED_EDGE('',*,*,#4446,.T.);
#2584=ORIENTED_EDGE('',*,*,#4442,.T.);
#2585=ORIENTED_EDGE('',*,*,#4447,.F.);
#2586=ORIENTED_EDGE('',*,*,#4448,.F.);
#2587=ORIENTED_EDGE('',*,*,#4449,.T.);
#2588=ORIENTED_EDGE('',*,*,#4445,.T.);
#2589=ORIENTED_EDGE('',*,*,#4450,.F.);
#2590=ORIENTED_EDGE('',*,*,#4451,.F.);
#2591=ORIENTED_EDGE('',*,*,#4452,.T.);
#2592=ORIENTED_EDGE('',*,*,#4448,.T.);
#2593=ORIENTED_EDGE('',*,*,#4453,.F.);
#2594=ORIENTED_EDGE('',*,*,#4454,.F.);
#2595=ORIENTED_EDGE('',*,*,#4455,.T.);
#2596=ORIENTED_EDGE('',*,*,#4451,.T.);
#2597=ORIENTED_EDGE('',*,*,#4456,.F.);
#2598=ORIENTED_EDGE('',*,*,#4457,.F.);
#2599=ORIENTED_EDGE('',*,*,#4458,.T.);
#2600=ORIENTED_EDGE('',*,*,#4454,.T.);
#2601=ORIENTED_EDGE('',*,*,#4459,.F.);
#2602=ORIENTED_EDGE('',*,*,#4460,.F.);
#2603=ORIENTED_EDGE('',*,*,#4461,.T.);
#2604=ORIENTED_EDGE('',*,*,#4457,.T.);
#2605=ORIENTED_EDGE('',*,*,#4462,.F.);
#2606=ORIENTED_EDGE('',*,*,#4463,.F.);
#2607=ORIENTED_EDGE('',*,*,#4464,.T.);
#2608=ORIENTED_EDGE('',*,*,#4460,.T.);
#2609=ORIENTED_EDGE('',*,*,#4465,.F.);
#2610=ORIENTED_EDGE('',*,*,#4466,.F.);
#2611=ORIENTED_EDGE('',*,*,#4467,.T.);
#2612=ORIENTED_EDGE('',*,*,#4463,.T.);
#2613=ORIENTED_EDGE('',*,*,#4468,.F.);
#2614=ORIENTED_EDGE('',*,*,#4469,.F.);
#2615=ORIENTED_EDGE('',*,*,#4470,.T.);
#2616=ORIENTED_EDGE('',*,*,#4466,.T.);
#2617=ORIENTED_EDGE('',*,*,#4471,.F.);
#2618=ORIENTED_EDGE('',*,*,#4472,.F.);
#2619=ORIENTED_EDGE('',*,*,#4473,.T.);
#2620=ORIENTED_EDGE('',*,*,#4469,.T.);
#2621=ORIENTED_EDGE('',*,*,#4474,.F.);
#2622=ORIENTED_EDGE('',*,*,#4475,.F.);
#2623=ORIENTED_EDGE('',*,*,#4476,.T.);
#2624=ORIENTED_EDGE('',*,*,#4472,.T.);
#2625=ORIENTED_EDGE('',*,*,#4477,.F.);
#2626=ORIENTED_EDGE('',*,*,#4478,.F.);
#2627=ORIENTED_EDGE('',*,*,#4479,.T.);
#2628=ORIENTED_EDGE('',*,*,#4475,.T.);
#2629=ORIENTED_EDGE('',*,*,#4480,.F.);
#2630=ORIENTED_EDGE('',*,*,#4481,.F.);
#2631=ORIENTED_EDGE('',*,*,#4482,.T.);
#2632=ORIENTED_EDGE('',*,*,#4478,.T.);
#2633=ORIENTED_EDGE('',*,*,#4483,.F.);
#2634=ORIENTED_EDGE('',*,*,#4484,.F.);
#2635=ORIENTED_EDGE('',*,*,#4485,.T.);
#2636=ORIENTED_EDGE('',*,*,#4481,.T.);
#2637=ORIENTED_EDGE('',*,*,#4486,.F.);
#2638=ORIENTED_EDGE('',*,*,#4487,.F.);
#2639=ORIENTED_EDGE('',*,*,#4488,.T.);
#2640=ORIENTED_EDGE('',*,*,#4484,.T.);
#2641=ORIENTED_EDGE('',*,*,#4489,.F.);
#2642=ORIENTED_EDGE('',*,*,#4490,.F.);
#2643=ORIENTED_EDGE('',*,*,#4491,.T.);
#2644=ORIENTED_EDGE('',*,*,#4487,.T.);
#2645=ORIENTED_EDGE('',*,*,#4492,.F.);
#2646=ORIENTED_EDGE('',*,*,#4493,.F.);
#2647=ORIENTED_EDGE('',*,*,#4494,.T.);
#2648=ORIENTED_EDGE('',*,*,#4490,.T.);
#2649=ORIENTED_EDGE('',*,*,#4495,.F.);
#2650=ORIENTED_EDGE('',*,*,#4496,.F.);
#2651=ORIENTED_EDGE('',*,*,#4497,.T.);
#2652=ORIENTED_EDGE('',*,*,#4493,.T.);
#2653=ORIENTED_EDGE('',*,*,#4498,.F.);
#2654=ORIENTED_EDGE('',*,*,#4499,.F.);
#2655=ORIENTED_EDGE('',*,*,#4500,.T.);
#2656=ORIENTED_EDGE('',*,*,#4496,.T.);
#2657=ORIENTED_EDGE('',*,*,#4501,.F.);
#2658=ORIENTED_EDGE('',*,*,#4502,.F.);
#2659=ORIENTED_EDGE('',*,*,#4503,.T.);
#2660=ORIENTED_EDGE('',*,*,#4499,.T.);
#2661=ORIENTED_EDGE('',*,*,#4504,.F.);
#2662=ORIENTED_EDGE('',*,*,#4505,.F.);
#2663=ORIENTED_EDGE('',*,*,#4506,.T.);
#2664=ORIENTED_EDGE('',*,*,#4502,.T.);
#2665=ORIENTED_EDGE('',*,*,#4507,.F.);
#2666=ORIENTED_EDGE('',*,*,#4508,.F.);
#2667=ORIENTED_EDGE('',*,*,#4509,.T.);
#2668=ORIENTED_EDGE('',*,*,#4505,.T.);
#2669=ORIENTED_EDGE('',*,*,#4510,.F.);
#2670=ORIENTED_EDGE('',*,*,#4511,.F.);
#2671=ORIENTED_EDGE('',*,*,#4512,.T.);
#2672=ORIENTED_EDGE('',*,*,#4508,.T.);
#2673=ORIENTED_EDGE('',*,*,#4513,.F.);
#2674=ORIENTED_EDGE('',*,*,#4514,.F.);
#2675=ORIENTED_EDGE('',*,*,#4515,.T.);
#2676=ORIENTED_EDGE('',*,*,#4511,.T.);
#2677=ORIENTED_EDGE('',*,*,#4516,.F.);
#2678=ORIENTED_EDGE('',*,*,#4517,.F.);
#2679=ORIENTED_EDGE('',*,*,#4518,.T.);
#2680=ORIENTED_EDGE('',*,*,#4514,.T.);
#2681=ORIENTED_EDGE('',*,*,#4519,.F.);
#2682=ORIENTED_EDGE('',*,*,#4520,.F.);
#2683=ORIENTED_EDGE('',*,*,#4521,.T.);
#2684=ORIENTED_EDGE('',*,*,#4517,.T.);
#2685=ORIENTED_EDGE('',*,*,#4522,.F.);
#2686=ORIENTED_EDGE('',*,*,#4523,.F.);
#2687=ORIENTED_EDGE('',*,*,#4524,.T.);
#2688=ORIENTED_EDGE('',*,*,#4520,.T.);
#2689=ORIENTED_EDGE('',*,*,#4525,.F.);
#2690=ORIENTED_EDGE('',*,*,#4526,.F.);
#2691=ORIENTED_EDGE('',*,*,#4527,.T.);
#2692=ORIENTED_EDGE('',*,*,#4523,.T.);
#2693=ORIENTED_EDGE('',*,*,#4528,.F.);
#2694=ORIENTED_EDGE('',*,*,#4529,.F.);
#2695=ORIENTED_EDGE('',*,*,#4530,.T.);
#2696=ORIENTED_EDGE('',*,*,#4526,.T.);
#2697=ORIENTED_EDGE('',*,*,#4531,.F.);
#2698=ORIENTED_EDGE('',*,*,#4532,.F.);
#2699=ORIENTED_EDGE('',*,*,#4533,.T.);
#2700=ORIENTED_EDGE('',*,*,#4529,.T.);
#2701=ORIENTED_EDGE('',*,*,#4534,.F.);
#2702=ORIENTED_EDGE('',*,*,#4535,.F.);
#2703=ORIENTED_EDGE('',*,*,#4536,.T.);
#2704=ORIENTED_EDGE('',*,*,#4532,.T.);
#2705=ORIENTED_EDGE('',*,*,#4537,.F.);
#2706=ORIENTED_EDGE('',*,*,#4538,.F.);
#2707=ORIENTED_EDGE('',*,*,#4539,.T.);
#2708=ORIENTED_EDGE('',*,*,#4535,.T.);
#2709=ORIENTED_EDGE('',*,*,#4540,.F.);
#2710=ORIENTED_EDGE('',*,*,#4541,.F.);
#2711=ORIENTED_EDGE('',*,*,#4542,.T.);
#2712=ORIENTED_EDGE('',*,*,#4538,.T.);
#2713=ORIENTED_EDGE('',*,*,#4543,.F.);
#2714=ORIENTED_EDGE('',*,*,#4544,.F.);
#2715=ORIENTED_EDGE('',*,*,#4545,.T.);
#2716=ORIENTED_EDGE('',*,*,#4541,.T.);
#2717=ORIENTED_EDGE('',*,*,#4546,.F.);
#2718=ORIENTED_EDGE('',*,*,#4547,.F.);
#2719=ORIENTED_EDGE('',*,*,#4548,.T.);
#2720=ORIENTED_EDGE('',*,*,#4544,.T.);
#2721=ORIENTED_EDGE('',*,*,#4549,.F.);
#2722=ORIENTED_EDGE('',*,*,#4550,.F.);
#2723=ORIENTED_EDGE('',*,*,#4551,.T.);
#2724=ORIENTED_EDGE('',*,*,#4547,.T.);
#2725=ORIENTED_EDGE('',*,*,#4552,.F.);
#2726=ORIENTED_EDGE('',*,*,#4553,.F.);
#2727=ORIENTED_EDGE('',*,*,#4554,.T.);
#2728=ORIENTED_EDGE('',*,*,#4550,.T.);
#2729=ORIENTED_EDGE('',*,*,#4555,.F.);
#2730=ORIENTED_EDGE('',*,*,#4556,.F.);
#2731=ORIENTED_EDGE('',*,*,#4557,.T.);
#2732=ORIENTED_EDGE('',*,*,#4553,.T.);
#2733=ORIENTED_EDGE('',*,*,#4558,.F.);
#2734=ORIENTED_EDGE('',*,*,#4559,.F.);
#2735=ORIENTED_EDGE('',*,*,#4560,.T.);
#2736=ORIENTED_EDGE('',*,*,#4556,.T.);
#2737=ORIENTED_EDGE('',*,*,#4561,.F.);
#2738=ORIENTED_EDGE('',*,*,#4562,.F.);
#2739=ORIENTED_EDGE('',*,*,#4563,.T.);
#2740=ORIENTED_EDGE('',*,*,#4559,.T.);
#2741=ORIENTED_EDGE('',*,*,#4564,.F.);
#2742=ORIENTED_EDGE('',*,*,#4565,.F.);
#2743=ORIENTED_EDGE('',*,*,#4566,.T.);
#2744=ORIENTED_EDGE('',*,*,#4567,.T.);
#2745=ORIENTED_EDGE('',*,*,#4568,.F.);
#2746=ORIENTED_EDGE('',*,*,#4569,.F.);
#2747=ORIENTED_EDGE('',*,*,#4570,.T.);
#2748=ORIENTED_EDGE('',*,*,#4565,.T.);
#2749=ORIENTED_EDGE('',*,*,#4571,.F.);
#2750=ORIENTED_EDGE('',*,*,#4572,.F.);
#2751=ORIENTED_EDGE('',*,*,#4573,.T.);
#2752=ORIENTED_EDGE('',*,*,#4569,.T.);
#2753=ORIENTED_EDGE('',*,*,#4574,.F.);
#2754=ORIENTED_EDGE('',*,*,#4575,.F.);
#2755=ORIENTED_EDGE('',*,*,#4576,.T.);
#2756=ORIENTED_EDGE('',*,*,#4572,.T.);
#2757=ORIENTED_EDGE('',*,*,#4577,.F.);
#2758=ORIENTED_EDGE('',*,*,#4578,.F.);
#2759=ORIENTED_EDGE('',*,*,#4579,.T.);
#2760=ORIENTED_EDGE('',*,*,#4575,.T.);
#2761=ORIENTED_EDGE('',*,*,#4580,.F.);
#2762=ORIENTED_EDGE('',*,*,#4581,.F.);
#2763=ORIENTED_EDGE('',*,*,#4582,.T.);
#2764=ORIENTED_EDGE('',*,*,#4578,.T.);
#2765=ORIENTED_EDGE('',*,*,#4583,.F.);
#2766=ORIENTED_EDGE('',*,*,#4584,.F.);
#2767=ORIENTED_EDGE('',*,*,#4585,.T.);
#2768=ORIENTED_EDGE('',*,*,#4581,.T.);
#2769=ORIENTED_EDGE('',*,*,#4586,.F.);
#2770=ORIENTED_EDGE('',*,*,#4587,.F.);
#2771=ORIENTED_EDGE('',*,*,#4588,.T.);
#2772=ORIENTED_EDGE('',*,*,#4584,.T.);
#2773=ORIENTED_EDGE('',*,*,#4589,.F.);
#2774=ORIENTED_EDGE('',*,*,#4590,.F.);
#2775=ORIENTED_EDGE('',*,*,#4591,.T.);
#2776=ORIENTED_EDGE('',*,*,#4587,.T.);
#2777=ORIENTED_EDGE('',*,*,#4592,.F.);
#2778=ORIENTED_EDGE('',*,*,#4593,.F.);
#2779=ORIENTED_EDGE('',*,*,#4594,.T.);
#2780=ORIENTED_EDGE('',*,*,#4590,.T.);
#2781=ORIENTED_EDGE('',*,*,#4595,.F.);
#2782=ORIENTED_EDGE('',*,*,#4596,.F.);
#2783=ORIENTED_EDGE('',*,*,#4597,.T.);
#2784=ORIENTED_EDGE('',*,*,#4593,.T.);
#2785=ORIENTED_EDGE('',*,*,#4598,.F.);
#2786=ORIENTED_EDGE('',*,*,#4599,.F.);
#2787=ORIENTED_EDGE('',*,*,#4600,.T.);
#2788=ORIENTED_EDGE('',*,*,#4596,.T.);
#2789=ORIENTED_EDGE('',*,*,#4601,.F.);
#2790=ORIENTED_EDGE('',*,*,#4602,.F.);
#2791=ORIENTED_EDGE('',*,*,#4603,.T.);
#2792=ORIENTED_EDGE('',*,*,#4599,.T.);
#2793=ORIENTED_EDGE('',*,*,#4604,.F.);
#2794=ORIENTED_EDGE('',*,*,#4605,.F.);
#2795=ORIENTED_EDGE('',*,*,#4606,.T.);
#2796=ORIENTED_EDGE('',*,*,#4602,.T.);
#2797=ORIENTED_EDGE('',*,*,#4607,.F.);
#2798=ORIENTED_EDGE('',*,*,#4608,.F.);
#2799=ORIENTED_EDGE('',*,*,#4609,.T.);
#2800=ORIENTED_EDGE('',*,*,#4605,.T.);
#2801=ORIENTED_EDGE('',*,*,#4610,.F.);
#2802=ORIENTED_EDGE('',*,*,#4611,.F.);
#2803=ORIENTED_EDGE('',*,*,#4612,.T.);
#2804=ORIENTED_EDGE('',*,*,#4608,.T.);
#2805=ORIENTED_EDGE('',*,*,#4613,.F.);
#2806=ORIENTED_EDGE('',*,*,#4614,.F.);
#2807=ORIENTED_EDGE('',*,*,#4615,.T.);
#2808=ORIENTED_EDGE('',*,*,#4611,.T.);
#2809=ORIENTED_EDGE('',*,*,#4616,.F.);
#2810=ORIENTED_EDGE('',*,*,#4617,.F.);
#2811=ORIENTED_EDGE('',*,*,#4618,.T.);
#2812=ORIENTED_EDGE('',*,*,#4614,.T.);
#2813=ORIENTED_EDGE('',*,*,#4619,.F.);
#2814=ORIENTED_EDGE('',*,*,#4620,.F.);
#2815=ORIENTED_EDGE('',*,*,#4621,.T.);
#2816=ORIENTED_EDGE('',*,*,#4617,.T.);
#2817=ORIENTED_EDGE('',*,*,#4622,.F.);
#2818=ORIENTED_EDGE('',*,*,#4623,.F.);
#2819=ORIENTED_EDGE('',*,*,#4624,.T.);
#2820=ORIENTED_EDGE('',*,*,#4620,.T.);
#2821=ORIENTED_EDGE('',*,*,#4625,.F.);
#2822=ORIENTED_EDGE('',*,*,#4626,.F.);
#2823=ORIENTED_EDGE('',*,*,#4627,.T.);
#2824=ORIENTED_EDGE('',*,*,#4623,.T.);
#2825=ORIENTED_EDGE('',*,*,#4628,.F.);
#2826=ORIENTED_EDGE('',*,*,#4629,.F.);
#2827=ORIENTED_EDGE('',*,*,#4630,.T.);
#2828=ORIENTED_EDGE('',*,*,#4626,.T.);
#2829=ORIENTED_EDGE('',*,*,#4631,.F.);
#2830=ORIENTED_EDGE('',*,*,#4632,.F.);
#2831=ORIENTED_EDGE('',*,*,#4633,.T.);
#2832=ORIENTED_EDGE('',*,*,#4629,.T.);
#2833=ORIENTED_EDGE('',*,*,#4634,.F.);
#2834=ORIENTED_EDGE('',*,*,#4635,.F.);
#2835=ORIENTED_EDGE('',*,*,#4636,.T.);
#2836=ORIENTED_EDGE('',*,*,#4632,.T.);
#2837=ORIENTED_EDGE('',*,*,#4637,.F.);
#2838=ORIENTED_EDGE('',*,*,#4638,.F.);
#2839=ORIENTED_EDGE('',*,*,#4639,.T.);
#2840=ORIENTED_EDGE('',*,*,#4635,.T.);
#2841=ORIENTED_EDGE('',*,*,#4640,.F.);
#2842=ORIENTED_EDGE('',*,*,#4641,.F.);
#2843=ORIENTED_EDGE('',*,*,#4642,.T.);
#2844=ORIENTED_EDGE('',*,*,#4638,.T.);
#2845=ORIENTED_EDGE('',*,*,#4643,.F.);
#2846=ORIENTED_EDGE('',*,*,#4644,.F.);
#2847=ORIENTED_EDGE('',*,*,#4645,.T.);
#2848=ORIENTED_EDGE('',*,*,#4641,.T.);
#2849=ORIENTED_EDGE('',*,*,#4646,.F.);
#2850=ORIENTED_EDGE('',*,*,#4647,.F.);
#2851=ORIENTED_EDGE('',*,*,#4648,.T.);
#2852=ORIENTED_EDGE('',*,*,#4649,.T.);
#2853=ORIENTED_EDGE('',*,*,#4650,.F.);
#2854=ORIENTED_EDGE('',*,*,#4651,.F.);
#2855=ORIENTED_EDGE('',*,*,#4652,.T.);
#2856=ORIENTED_EDGE('',*,*,#4647,.T.);
#2857=ORIENTED_EDGE('',*,*,#4653,.F.);
#2858=ORIENTED_EDGE('',*,*,#4654,.F.);
#2859=ORIENTED_EDGE('',*,*,#4655,.T.);
#2860=ORIENTED_EDGE('',*,*,#4651,.T.);
#2861=ORIENTED_EDGE('',*,*,#4656,.F.);
#2862=ORIENTED_EDGE('',*,*,#4657,.F.);
#2863=ORIENTED_EDGE('',*,*,#4658,.T.);
#2864=ORIENTED_EDGE('',*,*,#4654,.T.);
#2865=ORIENTED_EDGE('',*,*,#4659,.F.);
#2866=ORIENTED_EDGE('',*,*,#4660,.F.);
#2867=ORIENTED_EDGE('',*,*,#4661,.T.);
#2868=ORIENTED_EDGE('',*,*,#4657,.T.);
#2869=ORIENTED_EDGE('',*,*,#4662,.F.);
#2870=ORIENTED_EDGE('',*,*,#4663,.F.);
#2871=ORIENTED_EDGE('',*,*,#4664,.T.);
#2872=ORIENTED_EDGE('',*,*,#4660,.T.);
#2873=ORIENTED_EDGE('',*,*,#4665,.F.);
#2874=ORIENTED_EDGE('',*,*,#4666,.F.);
#2875=ORIENTED_EDGE('',*,*,#4667,.T.);
#2876=ORIENTED_EDGE('',*,*,#4663,.T.);
#2877=ORIENTED_EDGE('',*,*,#4668,.F.);
#2878=ORIENTED_EDGE('',*,*,#4669,.F.);
#2879=ORIENTED_EDGE('',*,*,#4670,.T.);
#2880=ORIENTED_EDGE('',*,*,#4666,.T.);
#2881=ORIENTED_EDGE('',*,*,#4671,.F.);
#2882=ORIENTED_EDGE('',*,*,#4672,.F.);
#2883=ORIENTED_EDGE('',*,*,#4673,.T.);
#2884=ORIENTED_EDGE('',*,*,#4669,.T.);
#2885=ORIENTED_EDGE('',*,*,#4674,.F.);
#2886=ORIENTED_EDGE('',*,*,#4675,.F.);
#2887=ORIENTED_EDGE('',*,*,#4676,.T.);
#2888=ORIENTED_EDGE('',*,*,#4672,.T.);
#2889=ORIENTED_EDGE('',*,*,#4677,.F.);
#2890=ORIENTED_EDGE('',*,*,#4678,.F.);
#2891=ORIENTED_EDGE('',*,*,#4679,.T.);
#2892=ORIENTED_EDGE('',*,*,#4675,.T.);
#2893=ORIENTED_EDGE('',*,*,#4680,.F.);
#2894=ORIENTED_EDGE('',*,*,#4681,.F.);
#2895=ORIENTED_EDGE('',*,*,#4682,.T.);
#2896=ORIENTED_EDGE('',*,*,#4678,.T.);
#2897=ORIENTED_EDGE('',*,*,#4683,.F.);
#2898=ORIENTED_EDGE('',*,*,#4684,.F.);
#2899=ORIENTED_EDGE('',*,*,#4685,.T.);
#2900=ORIENTED_EDGE('',*,*,#4681,.T.);
#2901=ORIENTED_EDGE('',*,*,#4686,.F.);
#2902=ORIENTED_EDGE('',*,*,#4687,.F.);
#2903=ORIENTED_EDGE('',*,*,#4688,.T.);
#2904=ORIENTED_EDGE('',*,*,#4684,.T.);
#2905=ORIENTED_EDGE('',*,*,#4689,.F.);
#2906=ORIENTED_EDGE('',*,*,#4690,.F.);
#2907=ORIENTED_EDGE('',*,*,#4691,.T.);
#2908=ORIENTED_EDGE('',*,*,#4687,.T.);
#2909=ORIENTED_EDGE('',*,*,#4692,.F.);
#2910=ORIENTED_EDGE('',*,*,#4693,.F.);
#2911=ORIENTED_EDGE('',*,*,#4694,.T.);
#2912=ORIENTED_EDGE('',*,*,#4690,.T.);
#2913=ORIENTED_EDGE('',*,*,#4695,.F.);
#2914=ORIENTED_EDGE('',*,*,#4696,.F.);
#2915=ORIENTED_EDGE('',*,*,#4697,.T.);
#2916=ORIENTED_EDGE('',*,*,#4693,.T.);
#2917=ORIENTED_EDGE('',*,*,#4698,.F.);
#2918=ORIENTED_EDGE('',*,*,#4699,.F.);
#2919=ORIENTED_EDGE('',*,*,#4700,.T.);
#2920=ORIENTED_EDGE('',*,*,#4696,.T.);
#2921=ORIENTED_EDGE('',*,*,#4701,.F.);
#2922=ORIENTED_EDGE('',*,*,#4702,.F.);
#2923=ORIENTED_EDGE('',*,*,#4703,.T.);
#2924=ORIENTED_EDGE('',*,*,#4699,.T.);
#2925=ORIENTED_EDGE('',*,*,#4704,.F.);
#2926=ORIENTED_EDGE('',*,*,#4705,.F.);
#2927=ORIENTED_EDGE('',*,*,#4706,.T.);
#2928=ORIENTED_EDGE('',*,*,#4702,.T.);
#2929=ORIENTED_EDGE('',*,*,#4707,.F.);
#2930=ORIENTED_EDGE('',*,*,#4708,.F.);
#2931=ORIENTED_EDGE('',*,*,#4709,.T.);
#2932=ORIENTED_EDGE('',*,*,#4705,.T.);
#2933=ORIENTED_EDGE('',*,*,#4710,.F.);
#2934=ORIENTED_EDGE('',*,*,#4711,.F.);
#2935=ORIENTED_EDGE('',*,*,#4712,.T.);
#2936=ORIENTED_EDGE('',*,*,#4708,.T.);
#2937=ORIENTED_EDGE('',*,*,#4713,.F.);
#2938=ORIENTED_EDGE('',*,*,#4714,.F.);
#2939=ORIENTED_EDGE('',*,*,#4715,.T.);
#2940=ORIENTED_EDGE('',*,*,#4711,.T.);
#2941=ORIENTED_EDGE('',*,*,#4716,.F.);
#2942=ORIENTED_EDGE('',*,*,#4717,.F.);
#2943=ORIENTED_EDGE('',*,*,#4718,.T.);
#2944=ORIENTED_EDGE('',*,*,#4714,.T.);
#2945=ORIENTED_EDGE('',*,*,#4719,.F.);
#2946=ORIENTED_EDGE('',*,*,#4720,.F.);
#2947=ORIENTED_EDGE('',*,*,#4721,.T.);
#2948=ORIENTED_EDGE('',*,*,#4717,.T.);
#2949=ORIENTED_EDGE('',*,*,#4722,.F.);
#2950=ORIENTED_EDGE('',*,*,#4723,.F.);
#2951=ORIENTED_EDGE('',*,*,#4724,.T.);
#2952=ORIENTED_EDGE('',*,*,#4720,.T.);
#2953=ORIENTED_EDGE('',*,*,#4725,.F.);
#2954=ORIENTED_EDGE('',*,*,#4726,.F.);
#2955=ORIENTED_EDGE('',*,*,#4727,.T.);
#2956=ORIENTED_EDGE('',*,*,#4723,.T.);
#2957=ORIENTED_EDGE('',*,*,#4728,.F.);
#2958=ORIENTED_EDGE('',*,*,#4729,.F.);
#2959=ORIENTED_EDGE('',*,*,#4730,.T.);
#2960=ORIENTED_EDGE('',*,*,#4726,.T.);
#2961=ORIENTED_EDGE('',*,*,#4731,.F.);
#2962=ORIENTED_EDGE('',*,*,#4732,.F.);
#2963=ORIENTED_EDGE('',*,*,#4733,.T.);
#2964=ORIENTED_EDGE('',*,*,#4729,.T.);
#2965=ORIENTED_EDGE('',*,*,#4734,.F.);
#2966=ORIENTED_EDGE('',*,*,#4735,.F.);
#2967=ORIENTED_EDGE('',*,*,#4736,.T.);
#2968=ORIENTED_EDGE('',*,*,#4732,.T.);
#2969=ORIENTED_EDGE('',*,*,#4737,.F.);
#2970=ORIENTED_EDGE('',*,*,#4738,.F.);
#2971=ORIENTED_EDGE('',*,*,#4739,.T.);
#2972=ORIENTED_EDGE('',*,*,#4735,.T.);
#2973=ORIENTED_EDGE('',*,*,#4740,.F.);
#2974=ORIENTED_EDGE('',*,*,#4741,.F.);
#2975=ORIENTED_EDGE('',*,*,#4742,.T.);
#2976=ORIENTED_EDGE('',*,*,#4738,.T.);
#2977=ORIENTED_EDGE('',*,*,#4743,.F.);
#2978=ORIENTED_EDGE('',*,*,#4744,.F.);
#2979=ORIENTED_EDGE('',*,*,#4745,.T.);
#2980=ORIENTED_EDGE('',*,*,#4741,.T.);
#2981=ORIENTED_EDGE('',*,*,#4746,.F.);
#2982=ORIENTED_EDGE('',*,*,#4747,.F.);
#2983=ORIENTED_EDGE('',*,*,#4748,.T.);
#2984=ORIENTED_EDGE('',*,*,#4744,.T.);
#2985=ORIENTED_EDGE('',*,*,#4749,.F.);
#2986=ORIENTED_EDGE('',*,*,#4750,.F.);
#2987=ORIENTED_EDGE('',*,*,#4751,.T.);
#2988=ORIENTED_EDGE('',*,*,#4747,.T.);
#2989=ORIENTED_EDGE('',*,*,#4752,.F.);
#2990=ORIENTED_EDGE('',*,*,#4753,.F.);
#2991=ORIENTED_EDGE('',*,*,#4754,.T.);
#2992=ORIENTED_EDGE('',*,*,#4750,.T.);
#2993=ORIENTED_EDGE('',*,*,#4755,.F.);
#2994=ORIENTED_EDGE('',*,*,#4756,.F.);
#2995=ORIENTED_EDGE('',*,*,#4757,.T.);
#2996=ORIENTED_EDGE('',*,*,#4753,.T.);
#2997=ORIENTED_EDGE('',*,*,#4758,.F.);
#2998=ORIENTED_EDGE('',*,*,#4759,.F.);
#2999=ORIENTED_EDGE('',*,*,#4760,.T.);
#3000=ORIENTED_EDGE('',*,*,#4756,.T.);
#3001=ORIENTED_EDGE('',*,*,#4761,.F.);
#3002=ORIENTED_EDGE('',*,*,#4762,.F.);
#3003=ORIENTED_EDGE('',*,*,#4763,.T.);
#3004=ORIENTED_EDGE('',*,*,#4759,.T.);
#3005=ORIENTED_EDGE('',*,*,#4764,.F.);
#3006=ORIENTED_EDGE('',*,*,#4765,.F.);
#3007=ORIENTED_EDGE('',*,*,#4766,.T.);
#3008=ORIENTED_EDGE('',*,*,#4762,.T.);
#3009=ORIENTED_EDGE('',*,*,#4767,.F.);
#3010=ORIENTED_EDGE('',*,*,#4768,.F.);
#3011=ORIENTED_EDGE('',*,*,#4769,.T.);
#3012=ORIENTED_EDGE('',*,*,#4765,.T.);
#3013=ORIENTED_EDGE('',*,*,#4770,.F.);
#3014=ORIENTED_EDGE('',*,*,#4771,.F.);
#3015=ORIENTED_EDGE('',*,*,#4772,.T.);
#3016=ORIENTED_EDGE('',*,*,#4768,.T.);
#3017=ORIENTED_EDGE('',*,*,#4773,.F.);
#3018=ORIENTED_EDGE('',*,*,#4774,.F.);
#3019=ORIENTED_EDGE('',*,*,#4775,.T.);
#3020=ORIENTED_EDGE('',*,*,#4771,.T.);
#3021=ORIENTED_EDGE('',*,*,#4776,.F.);
#3022=ORIENTED_EDGE('',*,*,#4777,.F.);
#3023=ORIENTED_EDGE('',*,*,#4778,.T.);
#3024=ORIENTED_EDGE('',*,*,#4774,.T.);
#3025=ORIENTED_EDGE('',*,*,#4779,.F.);
#3026=ORIENTED_EDGE('',*,*,#4780,.F.);
#3027=ORIENTED_EDGE('',*,*,#4781,.T.);
#3028=ORIENTED_EDGE('',*,*,#4777,.T.);
#3029=ORIENTED_EDGE('',*,*,#4782,.F.);
#3030=ORIENTED_EDGE('',*,*,#4783,.F.);
#3031=ORIENTED_EDGE('',*,*,#4784,.T.);
#3032=ORIENTED_EDGE('',*,*,#4780,.T.);
#3033=ORIENTED_EDGE('',*,*,#4785,.F.);
#3034=ORIENTED_EDGE('',*,*,#4786,.F.);
#3035=ORIENTED_EDGE('',*,*,#4787,.T.);
#3036=ORIENTED_EDGE('',*,*,#4783,.T.);
#3037=ORIENTED_EDGE('',*,*,#4788,.F.);
#3038=ORIENTED_EDGE('',*,*,#4789,.F.);
#3039=ORIENTED_EDGE('',*,*,#4790,.T.);
#3040=ORIENTED_EDGE('',*,*,#4786,.T.);
#3041=ORIENTED_EDGE('',*,*,#4791,.F.);
#3042=ORIENTED_EDGE('',*,*,#4792,.F.);
#3043=ORIENTED_EDGE('',*,*,#4793,.T.);
#3044=ORIENTED_EDGE('',*,*,#4789,.T.);
#3045=ORIENTED_EDGE('',*,*,#4794,.F.);
#3046=ORIENTED_EDGE('',*,*,#4795,.F.);
#3047=ORIENTED_EDGE('',*,*,#4796,.T.);
#3048=ORIENTED_EDGE('',*,*,#4792,.T.);
#3049=ORIENTED_EDGE('',*,*,#4797,.F.);
#3050=ORIENTED_EDGE('',*,*,#4798,.F.);
#3051=ORIENTED_EDGE('',*,*,#4799,.T.);
#3052=ORIENTED_EDGE('',*,*,#4795,.T.);
#3053=ORIENTED_EDGE('',*,*,#4800,.F.);
#3054=ORIENTED_EDGE('',*,*,#4801,.F.);
#3055=ORIENTED_EDGE('',*,*,#4802,.T.);
#3056=ORIENTED_EDGE('',*,*,#4798,.T.);
#3057=ORIENTED_EDGE('',*,*,#4803,.F.);
#3058=ORIENTED_EDGE('',*,*,#4804,.F.);
#3059=ORIENTED_EDGE('',*,*,#4805,.T.);
#3060=ORIENTED_EDGE('',*,*,#4801,.T.);
#3061=ORIENTED_EDGE('',*,*,#4806,.F.);
#3062=ORIENTED_EDGE('',*,*,#4807,.F.);
#3063=ORIENTED_EDGE('',*,*,#4808,.T.);
#3064=ORIENTED_EDGE('',*,*,#4804,.T.);
#3065=ORIENTED_EDGE('',*,*,#4809,.F.);
#3066=ORIENTED_EDGE('',*,*,#4810,.F.);
#3067=ORIENTED_EDGE('',*,*,#4811,.T.);
#3068=ORIENTED_EDGE('',*,*,#4807,.T.);
#3069=ORIENTED_EDGE('',*,*,#4812,.F.);
#3070=ORIENTED_EDGE('',*,*,#3814,.F.);
#3071=ORIENTED_EDGE('',*,*,#4813,.T.);
#3072=ORIENTED_EDGE('',*,*,#3996,.T.);
#3073=ORIENTED_EDGE('',*,*,#4814,.F.);
#3074=ORIENTED_EDGE('',*,*,#4001,.F.);
#3075=ORIENTED_EDGE('',*,*,#4815,.T.);
#3076=ORIENTED_EDGE('',*,*,#4120,.T.);
#3077=ORIENTED_EDGE('',*,*,#4816,.F.);
#3078=ORIENTED_EDGE('',*,*,#4125,.F.);
#3079=ORIENTED_EDGE('',*,*,#4817,.T.);
#3080=ORIENTED_EDGE('',*,*,#4226,.T.);
#3081=ORIENTED_EDGE('',*,*,#4818,.F.);
#3082=ORIENTED_EDGE('',*,*,#4231,.F.);
#3083=ORIENTED_EDGE('',*,*,#4819,.T.);
#3084=ORIENTED_EDGE('',*,*,#4344,.T.);
#3085=ORIENTED_EDGE('',*,*,#4820,.F.);
#3086=ORIENTED_EDGE('',*,*,#4349,.F.);
#3087=ORIENTED_EDGE('',*,*,#4821,.T.);
#3088=ORIENTED_EDGE('',*,*,#4432,.T.);
#3089=ORIENTED_EDGE('',*,*,#4822,.F.);
#3090=ORIENTED_EDGE('',*,*,#4437,.F.);
#3091=ORIENTED_EDGE('',*,*,#4823,.T.);
#3092=ORIENTED_EDGE('',*,*,#4562,.T.);
#3093=ORIENTED_EDGE('',*,*,#4824,.F.);
#3094=ORIENTED_EDGE('',*,*,#4567,.F.);
#3095=ORIENTED_EDGE('',*,*,#4825,.T.);
#3096=ORIENTED_EDGE('',*,*,#4644,.T.);
#3097=ORIENTED_EDGE('',*,*,#4826,.F.);
#3098=ORIENTED_EDGE('',*,*,#4649,.F.);
#3099=ORIENTED_EDGE('',*,*,#4827,.T.);
#3100=ORIENTED_EDGE('',*,*,#4810,.T.);
#3101=ORIENTED_EDGE('',*,*,#4828,.T.);
#3102=ORIENTED_EDGE('',*,*,#3798,.F.);
#3103=ORIENTED_EDGE('',*,*,#4829,.F.);
#3104=ORIENTED_EDGE('',*,*,#3809,.T.);
#3105=ORIENTED_EDGE('',*,*,#4648,.F.);
#3106=ORIENTED_EDGE('',*,*,#4652,.F.);
#3107=ORIENTED_EDGE('',*,*,#4655,.F.);
#3108=ORIENTED_EDGE('',*,*,#4658,.F.);
#3109=ORIENTED_EDGE('',*,*,#4661,.F.);
#3110=ORIENTED_EDGE('',*,*,#4664,.F.);
#3111=ORIENTED_EDGE('',*,*,#4667,.F.);
#3112=ORIENTED_EDGE('',*,*,#4670,.F.);
#3113=ORIENTED_EDGE('',*,*,#4673,.F.);
#3114=ORIENTED_EDGE('',*,*,#4676,.F.);
#3115=ORIENTED_EDGE('',*,*,#4679,.F.);
#3116=ORIENTED_EDGE('',*,*,#4682,.F.);
#3117=ORIENTED_EDGE('',*,*,#4685,.F.);
#3118=ORIENTED_EDGE('',*,*,#4688,.F.);
#3119=ORIENTED_EDGE('',*,*,#4691,.F.);
#3120=ORIENTED_EDGE('',*,*,#4694,.F.);
#3121=ORIENTED_EDGE('',*,*,#4697,.F.);
#3122=ORIENTED_EDGE('',*,*,#4700,.F.);
#3123=ORIENTED_EDGE('',*,*,#4703,.F.);
#3124=ORIENTED_EDGE('',*,*,#4706,.F.);
#3125=ORIENTED_EDGE('',*,*,#4709,.F.);
#3126=ORIENTED_EDGE('',*,*,#4712,.F.);
#3127=ORIENTED_EDGE('',*,*,#4715,.F.);
#3128=ORIENTED_EDGE('',*,*,#4718,.F.);
#3129=ORIENTED_EDGE('',*,*,#4721,.F.);
#3130=ORIENTED_EDGE('',*,*,#4724,.F.);
#3131=ORIENTED_EDGE('',*,*,#4727,.F.);
#3132=ORIENTED_EDGE('',*,*,#4730,.F.);
#3133=ORIENTED_EDGE('',*,*,#4733,.F.);
#3134=ORIENTED_EDGE('',*,*,#4736,.F.);
#3135=ORIENTED_EDGE('',*,*,#4739,.F.);
#3136=ORIENTED_EDGE('',*,*,#4742,.F.);
#3137=ORIENTED_EDGE('',*,*,#4745,.F.);
#3138=ORIENTED_EDGE('',*,*,#4748,.F.);
#3139=ORIENTED_EDGE('',*,*,#4751,.F.);
#3140=ORIENTED_EDGE('',*,*,#4754,.F.);
#3141=ORIENTED_EDGE('',*,*,#4757,.F.);
#3142=ORIENTED_EDGE('',*,*,#4760,.F.);
#3143=ORIENTED_EDGE('',*,*,#4763,.F.);
#3144=ORIENTED_EDGE('',*,*,#4766,.F.);
#3145=ORIENTED_EDGE('',*,*,#4769,.F.);
#3146=ORIENTED_EDGE('',*,*,#4772,.F.);
#3147=ORIENTED_EDGE('',*,*,#4775,.F.);
#3148=ORIENTED_EDGE('',*,*,#4778,.F.);
#3149=ORIENTED_EDGE('',*,*,#4781,.F.);
#3150=ORIENTED_EDGE('',*,*,#4784,.F.);
#3151=ORIENTED_EDGE('',*,*,#4787,.F.);
#3152=ORIENTED_EDGE('',*,*,#4790,.F.);
#3153=ORIENTED_EDGE('',*,*,#4793,.F.);
#3154=ORIENTED_EDGE('',*,*,#4796,.F.);
#3155=ORIENTED_EDGE('',*,*,#4799,.F.);
#3156=ORIENTED_EDGE('',*,*,#4802,.F.);
#3157=ORIENTED_EDGE('',*,*,#4805,.F.);
#3158=ORIENTED_EDGE('',*,*,#4808,.F.);
#3159=ORIENTED_EDGE('',*,*,#4811,.F.);
#3160=ORIENTED_EDGE('',*,*,#4827,.F.);
#3161=ORIENTED_EDGE('',*,*,#4566,.F.);
#3162=ORIENTED_EDGE('',*,*,#4570,.F.);
#3163=ORIENTED_EDGE('',*,*,#4573,.F.);
#3164=ORIENTED_EDGE('',*,*,#4576,.F.);
#3165=ORIENTED_EDGE('',*,*,#4579,.F.);
#3166=ORIENTED_EDGE('',*,*,#4582,.F.);
#3167=ORIENTED_EDGE('',*,*,#4585,.F.);
#3168=ORIENTED_EDGE('',*,*,#4588,.F.);
#3169=ORIENTED_EDGE('',*,*,#4591,.F.);
#3170=ORIENTED_EDGE('',*,*,#4594,.F.);
#3171=ORIENTED_EDGE('',*,*,#4597,.F.);
#3172=ORIENTED_EDGE('',*,*,#4600,.F.);
#3173=ORIENTED_EDGE('',*,*,#4603,.F.);
#3174=ORIENTED_EDGE('',*,*,#4606,.F.);
#3175=ORIENTED_EDGE('',*,*,#4609,.F.);
#3176=ORIENTED_EDGE('',*,*,#4612,.F.);
#3177=ORIENTED_EDGE('',*,*,#4615,.F.);
#3178=ORIENTED_EDGE('',*,*,#4618,.F.);
#3179=ORIENTED_EDGE('',*,*,#4621,.F.);
#3180=ORIENTED_EDGE('',*,*,#4624,.F.);
#3181=ORIENTED_EDGE('',*,*,#4627,.F.);
#3182=ORIENTED_EDGE('',*,*,#4630,.F.);
#3183=ORIENTED_EDGE('',*,*,#4633,.F.);
#3184=ORIENTED_EDGE('',*,*,#4636,.F.);
#3185=ORIENTED_EDGE('',*,*,#4639,.F.);
#3186=ORIENTED_EDGE('',*,*,#4642,.F.);
#3187=ORIENTED_EDGE('',*,*,#4645,.F.);
#3188=ORIENTED_EDGE('',*,*,#4825,.F.);
#3189=ORIENTED_EDGE('',*,*,#4436,.F.);
#3190=ORIENTED_EDGE('',*,*,#4440,.F.);
#3191=ORIENTED_EDGE('',*,*,#4443,.F.);
#3192=ORIENTED_EDGE('',*,*,#4446,.F.);
#3193=ORIENTED_EDGE('',*,*,#4449,.F.);
#3194=ORIENTED_EDGE('',*,*,#4452,.F.);
#3195=ORIENTED_EDGE('',*,*,#4455,.F.);
#3196=ORIENTED_EDGE('',*,*,#4458,.F.);
#3197=ORIENTED_EDGE('',*,*,#4461,.F.);
#3198=ORIENTED_EDGE('',*,*,#4464,.F.);
#3199=ORIENTED_EDGE('',*,*,#4467,.F.);
#3200=ORIENTED_EDGE('',*,*,#4470,.F.);
#3201=ORIENTED_EDGE('',*,*,#4473,.F.);
#3202=ORIENTED_EDGE('',*,*,#4476,.F.);
#3203=ORIENTED_EDGE('',*,*,#4479,.F.);
#3204=ORIENTED_EDGE('',*,*,#4482,.F.);
#3205=ORIENTED_EDGE('',*,*,#4485,.F.);
#3206=ORIENTED_EDGE('',*,*,#4488,.F.);
#3207=ORIENTED_EDGE('',*,*,#4491,.F.);
#3208=ORIENTED_EDGE('',*,*,#4494,.F.);
#3209=ORIENTED_EDGE('',*,*,#4497,.F.);
#3210=ORIENTED_EDGE('',*,*,#4500,.F.);
#3211=ORIENTED_EDGE('',*,*,#4503,.F.);
#3212=ORIENTED_EDGE('',*,*,#4506,.F.);
#3213=ORIENTED_EDGE('',*,*,#4509,.F.);
#3214=ORIENTED_EDGE('',*,*,#4512,.F.);
#3215=ORIENTED_EDGE('',*,*,#4515,.F.);
#3216=ORIENTED_EDGE('',*,*,#4518,.F.);
#3217=ORIENTED_EDGE('',*,*,#4521,.F.);
#3218=ORIENTED_EDGE('',*,*,#4524,.F.);
#3219=ORIENTED_EDGE('',*,*,#4527,.F.);
#3220=ORIENTED_EDGE('',*,*,#4530,.F.);
#3221=ORIENTED_EDGE('',*,*,#4533,.F.);
#3222=ORIENTED_EDGE('',*,*,#4536,.F.);
#3223=ORIENTED_EDGE('',*,*,#4539,.F.);
#3224=ORIENTED_EDGE('',*,*,#4542,.F.);
#3225=ORIENTED_EDGE('',*,*,#4545,.F.);
#3226=ORIENTED_EDGE('',*,*,#4548,.F.);
#3227=ORIENTED_EDGE('',*,*,#4551,.F.);
#3228=ORIENTED_EDGE('',*,*,#4554,.F.);
#3229=ORIENTED_EDGE('',*,*,#4557,.F.);
#3230=ORIENTED_EDGE('',*,*,#4560,.F.);
#3231=ORIENTED_EDGE('',*,*,#4563,.F.);
#3232=ORIENTED_EDGE('',*,*,#4823,.F.);
#3233=ORIENTED_EDGE('',*,*,#4348,.F.);
#3234=ORIENTED_EDGE('',*,*,#4352,.F.);
#3235=ORIENTED_EDGE('',*,*,#4355,.F.);
#3236=ORIENTED_EDGE('',*,*,#4358,.F.);
#3237=ORIENTED_EDGE('',*,*,#4361,.F.);
#3238=ORIENTED_EDGE('',*,*,#4364,.F.);
#3239=ORIENTED_EDGE('',*,*,#4367,.F.);
#3240=ORIENTED_EDGE('',*,*,#4370,.F.);
#3241=ORIENTED_EDGE('',*,*,#4373,.F.);
#3242=ORIENTED_EDGE('',*,*,#4376,.F.);
#3243=ORIENTED_EDGE('',*,*,#4379,.F.);
#3244=ORIENTED_EDGE('',*,*,#4382,.F.);
#3245=ORIENTED_EDGE('',*,*,#4385,.F.);
#3246=ORIENTED_EDGE('',*,*,#4388,.F.);
#3247=ORIENTED_EDGE('',*,*,#4391,.F.);
#3248=ORIENTED_EDGE('',*,*,#4394,.F.);
#3249=ORIENTED_EDGE('',*,*,#4397,.F.);
#3250=ORIENTED_EDGE('',*,*,#4400,.F.);
#3251=ORIENTED_EDGE('',*,*,#4403,.F.);
#3252=ORIENTED_EDGE('',*,*,#4406,.F.);
#3253=ORIENTED_EDGE('',*,*,#4409,.F.);
#3254=ORIENTED_EDGE('',*,*,#4412,.F.);
#3255=ORIENTED_EDGE('',*,*,#4415,.F.);
#3256=ORIENTED_EDGE('',*,*,#4418,.F.);
#3257=ORIENTED_EDGE('',*,*,#4421,.F.);
#3258=ORIENTED_EDGE('',*,*,#4424,.F.);
#3259=ORIENTED_EDGE('',*,*,#4427,.F.);
#3260=ORIENTED_EDGE('',*,*,#4430,.F.);
#3261=ORIENTED_EDGE('',*,*,#4433,.F.);
#3262=ORIENTED_EDGE('',*,*,#4821,.F.);
#3263=ORIENTED_EDGE('',*,*,#4230,.F.);
#3264=ORIENTED_EDGE('',*,*,#4234,.F.);
#3265=ORIENTED_EDGE('',*,*,#4237,.F.);
#3266=ORIENTED_EDGE('',*,*,#4240,.F.);
#3267=ORIENTED_EDGE('',*,*,#4243,.F.);
#3268=ORIENTED_EDGE('',*,*,#4246,.F.);
#3269=ORIENTED_EDGE('',*,*,#4249,.F.);
#3270=ORIENTED_EDGE('',*,*,#4252,.F.);
#3271=ORIENTED_EDGE('',*,*,#4255,.F.);
#3272=ORIENTED_EDGE('',*,*,#4258,.F.);
#3273=ORIENTED_EDGE('',*,*,#4261,.F.);
#3274=ORIENTED_EDGE('',*,*,#4264,.F.);
#3275=ORIENTED_EDGE('',*,*,#4267,.F.);
#3276=ORIENTED_EDGE('',*,*,#4270,.F.);
#3277=ORIENTED_EDGE('',*,*,#4273,.F.);
#3278=ORIENTED_EDGE('',*,*,#4276,.F.);
#3279=ORIENTED_EDGE('',*,*,#4279,.F.);
#3280=ORIENTED_EDGE('',*,*,#4282,.F.);
#3281=ORIENTED_EDGE('',*,*,#4285,.F.);
#3282=ORIENTED_EDGE('',*,*,#4288,.F.);
#3283=ORIENTED_EDGE('',*,*,#4291,.F.);
#3284=ORIENTED_EDGE('',*,*,#4294,.F.);
#3285=ORIENTED_EDGE('',*,*,#4297,.F.);
#3286=ORIENTED_EDGE('',*,*,#4300,.F.);
#3287=ORIENTED_EDGE('',*,*,#4303,.F.);
#3288=ORIENTED_EDGE('',*,*,#4306,.F.);
#3289=ORIENTED_EDGE('',*,*,#4309,.F.);
#3290=ORIENTED_EDGE('',*,*,#4312,.F.);
#3291=ORIENTED_EDGE('',*,*,#4315,.F.);
#3292=ORIENTED_EDGE('',*,*,#4318,.F.);
#3293=ORIENTED_EDGE('',*,*,#4321,.F.);
#3294=ORIENTED_EDGE('',*,*,#4324,.F.);
#3295=ORIENTED_EDGE('',*,*,#4327,.F.);
#3296=ORIENTED_EDGE('',*,*,#4330,.F.);
#3297=ORIENTED_EDGE('',*,*,#4333,.F.);
#3298=ORIENTED_EDGE('',*,*,#4336,.F.);
#3299=ORIENTED_EDGE('',*,*,#4339,.F.);
#3300=ORIENTED_EDGE('',*,*,#4342,.F.);
#3301=ORIENTED_EDGE('',*,*,#4345,.F.);
#3302=ORIENTED_EDGE('',*,*,#4819,.F.);
#3303=ORIENTED_EDGE('',*,*,#4124,.F.);
#3304=ORIENTED_EDGE('',*,*,#4128,.F.);
#3305=ORIENTED_EDGE('',*,*,#4131,.F.);
#3306=ORIENTED_EDGE('',*,*,#4134,.F.);
#3307=ORIENTED_EDGE('',*,*,#4137,.F.);
#3308=ORIENTED_EDGE('',*,*,#4140,.F.);
#3309=ORIENTED_EDGE('',*,*,#4143,.F.);
#3310=ORIENTED_EDGE('',*,*,#4146,.F.);
#3311=ORIENTED_EDGE('',*,*,#4149,.F.);
#3312=ORIENTED_EDGE('',*,*,#4152,.F.);
#3313=ORIENTED_EDGE('',*,*,#4155,.F.);
#3314=ORIENTED_EDGE('',*,*,#4158,.F.);
#3315=ORIENTED_EDGE('',*,*,#4161,.F.);
#3316=ORIENTED_EDGE('',*,*,#4164,.F.);
#3317=ORIENTED_EDGE('',*,*,#4167,.F.);
#3318=ORIENTED_EDGE('',*,*,#4170,.F.);
#3319=ORIENTED_EDGE('',*,*,#4173,.F.);
#3320=ORIENTED_EDGE('',*,*,#4176,.F.);
#3321=ORIENTED_EDGE('',*,*,#4179,.F.);
#3322=ORIENTED_EDGE('',*,*,#4182,.F.);
#3323=ORIENTED_EDGE('',*,*,#4185,.F.);
#3324=ORIENTED_EDGE('',*,*,#4188,.F.);
#3325=ORIENTED_EDGE('',*,*,#4191,.F.);
#3326=ORIENTED_EDGE('',*,*,#4194,.F.);
#3327=ORIENTED_EDGE('',*,*,#4197,.F.);
#3328=ORIENTED_EDGE('',*,*,#4200,.F.);
#3329=ORIENTED_EDGE('',*,*,#4203,.F.);
#3330=ORIENTED_EDGE('',*,*,#4206,.F.);
#3331=ORIENTED_EDGE('',*,*,#4209,.F.);
#3332=ORIENTED_EDGE('',*,*,#4212,.F.);
#3333=ORIENTED_EDGE('',*,*,#4215,.F.);
#3334=ORIENTED_EDGE('',*,*,#4218,.F.);
#3335=ORIENTED_EDGE('',*,*,#4221,.F.);
#3336=ORIENTED_EDGE('',*,*,#4224,.F.);
#3337=ORIENTED_EDGE('',*,*,#4227,.F.);
#3338=ORIENTED_EDGE('',*,*,#4817,.F.);
#3339=ORIENTED_EDGE('',*,*,#4000,.F.);
#3340=ORIENTED_EDGE('',*,*,#4004,.F.);
#3341=ORIENTED_EDGE('',*,*,#4007,.F.);
#3342=ORIENTED_EDGE('',*,*,#4010,.F.);
#3343=ORIENTED_EDGE('',*,*,#4013,.F.);
#3344=ORIENTED_EDGE('',*,*,#4016,.F.);
#3345=ORIENTED_EDGE('',*,*,#4019,.F.);
#3346=ORIENTED_EDGE('',*,*,#4022,.F.);
#3347=ORIENTED_EDGE('',*,*,#4025,.F.);
#3348=ORIENTED_EDGE('',*,*,#4028,.F.);
#3349=ORIENTED_EDGE('',*,*,#4031,.F.);
#3350=ORIENTED_EDGE('',*,*,#4034,.F.);
#3351=ORIENTED_EDGE('',*,*,#4037,.F.);
#3352=ORIENTED_EDGE('',*,*,#4040,.F.);
#3353=ORIENTED_EDGE('',*,*,#4043,.F.);
#3354=ORIENTED_EDGE('',*,*,#4046,.F.);
#3355=ORIENTED_EDGE('',*,*,#4049,.F.);
#3356=ORIENTED_EDGE('',*,*,#4052,.F.);
#3357=ORIENTED_EDGE('',*,*,#4055,.F.);
#3358=ORIENTED_EDGE('',*,*,#4058,.F.);
#3359=ORIENTED_EDGE('',*,*,#4061,.F.);
#3360=ORIENTED_EDGE('',*,*,#4064,.F.);
#3361=ORIENTED_EDGE('',*,*,#4067,.F.);
#3362=ORIENTED_EDGE('',*,*,#4070,.F.);
#3363=ORIENTED_EDGE('',*,*,#4073,.F.);
#3364=ORIENTED_EDGE('',*,*,#4076,.F.);
#3365=ORIENTED_EDGE('',*,*,#4079,.F.);
#3366=ORIENTED_EDGE('',*,*,#4082,.F.);
#3367=ORIENTED_EDGE('',*,*,#4085,.F.);
#3368=ORIENTED_EDGE('',*,*,#4088,.F.);
#3369=ORIENTED_EDGE('',*,*,#4091,.F.);
#3370=ORIENTED_EDGE('',*,*,#4094,.F.);
#3371=ORIENTED_EDGE('',*,*,#4097,.F.);
#3372=ORIENTED_EDGE('',*,*,#4100,.F.);
#3373=ORIENTED_EDGE('',*,*,#4103,.F.);
#3374=ORIENTED_EDGE('',*,*,#4106,.F.);
#3375=ORIENTED_EDGE('',*,*,#4109,.F.);
#3376=ORIENTED_EDGE('',*,*,#4112,.F.);
#3377=ORIENTED_EDGE('',*,*,#4115,.F.);
#3378=ORIENTED_EDGE('',*,*,#4118,.F.);
#3379=ORIENTED_EDGE('',*,*,#4121,.F.);
#3380=ORIENTED_EDGE('',*,*,#4815,.F.);
#3381=ORIENTED_EDGE('',*,*,#3813,.F.);
#3382=ORIENTED_EDGE('',*,*,#3817,.F.);
#3383=ORIENTED_EDGE('',*,*,#3820,.F.);
#3384=ORIENTED_EDGE('',*,*,#3823,.F.);
#3385=ORIENTED_EDGE('',*,*,#3826,.F.);
#3386=ORIENTED_EDGE('',*,*,#3829,.F.);
#3387=ORIENTED_EDGE('',*,*,#3832,.F.);
#3388=ORIENTED_EDGE('',*,*,#3835,.F.);
#3389=ORIENTED_EDGE('',*,*,#3838,.F.);
#3390=ORIENTED_EDGE('',*,*,#3841,.F.);
#3391=ORIENTED_EDGE('',*,*,#3844,.F.);
#3392=ORIENTED_EDGE('',*,*,#3847,.F.);
#3393=ORIENTED_EDGE('',*,*,#3850,.F.);
#3394=ORIENTED_EDGE('',*,*,#3853,.F.);
#3395=ORIENTED_EDGE('',*,*,#3856,.F.);
#3396=ORIENTED_EDGE('',*,*,#3859,.F.);
#3397=ORIENTED_EDGE('',*,*,#3862,.F.);
#3398=ORIENTED_EDGE('',*,*,#3865,.F.);
#3399=ORIENTED_EDGE('',*,*,#3868,.F.);
#3400=ORIENTED_EDGE('',*,*,#3871,.F.);
#3401=ORIENTED_EDGE('',*,*,#3874,.F.);
#3402=ORIENTED_EDGE('',*,*,#3877,.F.);
#3403=ORIENTED_EDGE('',*,*,#3880,.F.);
#3404=ORIENTED_EDGE('',*,*,#3883,.F.);
#3405=ORIENTED_EDGE('',*,*,#3886,.F.);
#3406=ORIENTED_EDGE('',*,*,#3889,.F.);
#3407=ORIENTED_EDGE('',*,*,#3892,.F.);
#3408=ORIENTED_EDGE('',*,*,#3895,.F.);
#3409=ORIENTED_EDGE('',*,*,#3898,.F.);
#3410=ORIENTED_EDGE('',*,*,#3901,.F.);
#3411=ORIENTED_EDGE('',*,*,#3904,.F.);
#3412=ORIENTED_EDGE('',*,*,#3907,.F.);
#3413=ORIENTED_EDGE('',*,*,#3910,.F.);
#3414=ORIENTED_EDGE('',*,*,#3913,.F.);
#3415=ORIENTED_EDGE('',*,*,#3916,.F.);
#3416=ORIENTED_EDGE('',*,*,#3919,.F.);
#3417=ORIENTED_EDGE('',*,*,#3922,.F.);
#3418=ORIENTED_EDGE('',*,*,#3925,.F.);
#3419=ORIENTED_EDGE('',*,*,#3928,.F.);
#3420=ORIENTED_EDGE('',*,*,#3931,.F.);
#3421=ORIENTED_EDGE('',*,*,#3934,.F.);
#3422=ORIENTED_EDGE('',*,*,#3937,.F.);
#3423=ORIENTED_EDGE('',*,*,#3940,.F.);
#3424=ORIENTED_EDGE('',*,*,#3943,.F.);
#3425=ORIENTED_EDGE('',*,*,#3946,.F.);
#3426=ORIENTED_EDGE('',*,*,#3949,.F.);
#3427=ORIENTED_EDGE('',*,*,#3952,.F.);
#3428=ORIENTED_EDGE('',*,*,#3955,.F.);
#3429=ORIENTED_EDGE('',*,*,#3958,.F.);
#3430=ORIENTED_EDGE('',*,*,#3961,.F.);
#3431=ORIENTED_EDGE('',*,*,#3964,.F.);
#3432=ORIENTED_EDGE('',*,*,#3967,.F.);
#3433=ORIENTED_EDGE('',*,*,#3970,.F.);
#3434=ORIENTED_EDGE('',*,*,#3973,.F.);
#3435=ORIENTED_EDGE('',*,*,#3976,.F.);
#3436=ORIENTED_EDGE('',*,*,#3979,.F.);
#3437=ORIENTED_EDGE('',*,*,#3982,.F.);
#3438=ORIENTED_EDGE('',*,*,#3985,.F.);
#3439=ORIENTED_EDGE('',*,*,#3988,.F.);
#3440=ORIENTED_EDGE('',*,*,#3991,.F.);
#3441=ORIENTED_EDGE('',*,*,#3994,.F.);
#3442=ORIENTED_EDGE('',*,*,#3997,.F.);
#3443=ORIENTED_EDGE('',*,*,#4813,.F.);
#3444=ORIENTED_EDGE('',*,*,#3797,.T.);
#3445=ORIENTED_EDGE('',*,*,#3801,.T.);
#3446=ORIENTED_EDGE('',*,*,#3804,.T.);
#3447=ORIENTED_EDGE('',*,*,#3807,.T.);
#3448=ORIENTED_EDGE('',*,*,#3810,.T.);
#3449=ORIENTED_EDGE('',*,*,#4829,.T.);
#3450=ORIENTED_EDGE('',*,*,#4646,.T.);
#3451=ORIENTED_EDGE('',*,*,#4826,.T.);
#3452=ORIENTED_EDGE('',*,*,#4809,.T.);
#3453=ORIENTED_EDGE('',*,*,#4806,.T.);
#3454=ORIENTED_EDGE('',*,*,#4803,.T.);
#3455=ORIENTED_EDGE('',*,*,#4800,.T.);
#3456=ORIENTED_EDGE('',*,*,#4797,.T.);
#3457=ORIENTED_EDGE('',*,*,#4794,.T.);
#3458=ORIENTED_EDGE('',*,*,#4791,.T.);
#3459=ORIENTED_EDGE('',*,*,#4788,.T.);
#3460=ORIENTED_EDGE('',*,*,#4785,.T.);
#3461=ORIENTED_EDGE('',*,*,#4782,.T.);
#3462=ORIENTED_EDGE('',*,*,#4779,.T.);
#3463=ORIENTED_EDGE('',*,*,#4776,.T.);
#3464=ORIENTED_EDGE('',*,*,#4773,.T.);
#3465=ORIENTED_EDGE('',*,*,#4770,.T.);
#3466=ORIENTED_EDGE('',*,*,#4767,.T.);
#3467=ORIENTED_EDGE('',*,*,#4764,.T.);
#3468=ORIENTED_EDGE('',*,*,#4761,.T.);
#3469=ORIENTED_EDGE('',*,*,#4758,.T.);
#3470=ORIENTED_EDGE('',*,*,#4755,.T.);
#3471=ORIENTED_EDGE('',*,*,#4752,.T.);
#3472=ORIENTED_EDGE('',*,*,#4749,.T.);
#3473=ORIENTED_EDGE('',*,*,#4746,.T.);
#3474=ORIENTED_EDGE('',*,*,#4743,.T.);
#3475=ORIENTED_EDGE('',*,*,#4740,.T.);
#3476=ORIENTED_EDGE('',*,*,#4737,.T.);
#3477=ORIENTED_EDGE('',*,*,#4734,.T.);
#3478=ORIENTED_EDGE('',*,*,#4731,.T.);
#3479=ORIENTED_EDGE('',*,*,#4728,.T.);
#3480=ORIENTED_EDGE('',*,*,#4725,.T.);
#3481=ORIENTED_EDGE('',*,*,#4722,.T.);
#3482=ORIENTED_EDGE('',*,*,#4719,.T.);
#3483=ORIENTED_EDGE('',*,*,#4716,.T.);
#3484=ORIENTED_EDGE('',*,*,#4713,.T.);
#3485=ORIENTED_EDGE('',*,*,#4710,.T.);
#3486=ORIENTED_EDGE('',*,*,#4707,.T.);
#3487=ORIENTED_EDGE('',*,*,#4704,.T.);
#3488=ORIENTED_EDGE('',*,*,#4701,.T.);
#3489=ORIENTED_EDGE('',*,*,#4698,.T.);
#3490=ORIENTED_EDGE('',*,*,#4695,.T.);
#3491=ORIENTED_EDGE('',*,*,#4692,.T.);
#3492=ORIENTED_EDGE('',*,*,#4689,.T.);
#3493=ORIENTED_EDGE('',*,*,#4686,.T.);
#3494=ORIENTED_EDGE('',*,*,#4683,.T.);
#3495=ORIENTED_EDGE('',*,*,#4680,.T.);
#3496=ORIENTED_EDGE('',*,*,#4677,.T.);
#3497=ORIENTED_EDGE('',*,*,#4674,.T.);
#3498=ORIENTED_EDGE('',*,*,#4671,.T.);
#3499=ORIENTED_EDGE('',*,*,#4668,.T.);
#3500=ORIENTED_EDGE('',*,*,#4665,.T.);
#3501=ORIENTED_EDGE('',*,*,#4662,.T.);
#3502=ORIENTED_EDGE('',*,*,#4659,.T.);
#3503=ORIENTED_EDGE('',*,*,#4656,.T.);
#3504=ORIENTED_EDGE('',*,*,#4653,.T.);
#3505=ORIENTED_EDGE('',*,*,#4650,.T.);
#3506=ORIENTED_EDGE('',*,*,#4564,.T.);
#3507=ORIENTED_EDGE('',*,*,#4824,.T.);
#3508=ORIENTED_EDGE('',*,*,#4643,.T.);
#3509=ORIENTED_EDGE('',*,*,#4640,.T.);
#3510=ORIENTED_EDGE('',*,*,#4637,.T.);
#3511=ORIENTED_EDGE('',*,*,#4634,.T.);
#3512=ORIENTED_EDGE('',*,*,#4631,.T.);
#3513=ORIENTED_EDGE('',*,*,#4628,.T.);
#3514=ORIENTED_EDGE('',*,*,#4625,.T.);
#3515=ORIENTED_EDGE('',*,*,#4622,.T.);
#3516=ORIENTED_EDGE('',*,*,#4619,.T.);
#3517=ORIENTED_EDGE('',*,*,#4616,.T.);
#3518=ORIENTED_EDGE('',*,*,#4613,.T.);
#3519=ORIENTED_EDGE('',*,*,#4610,.T.);
#3520=ORIENTED_EDGE('',*,*,#4607,.T.);
#3521=ORIENTED_EDGE('',*,*,#4604,.T.);
#3522=ORIENTED_EDGE('',*,*,#4601,.T.);
#3523=ORIENTED_EDGE('',*,*,#4598,.T.);
#3524=ORIENTED_EDGE('',*,*,#4595,.T.);
#3525=ORIENTED_EDGE('',*,*,#4592,.T.);
#3526=ORIENTED_EDGE('',*,*,#4589,.T.);
#3527=ORIENTED_EDGE('',*,*,#4586,.T.);
#3528=ORIENTED_EDGE('',*,*,#4583,.T.);
#3529=ORIENTED_EDGE('',*,*,#4580,.T.);
#3530=ORIENTED_EDGE('',*,*,#4577,.T.);
#3531=ORIENTED_EDGE('',*,*,#4574,.T.);
#3532=ORIENTED_EDGE('',*,*,#4571,.T.);
#3533=ORIENTED_EDGE('',*,*,#4568,.T.);
#3534=ORIENTED_EDGE('',*,*,#4434,.T.);
#3535=ORIENTED_EDGE('',*,*,#4822,.T.);
#3536=ORIENTED_EDGE('',*,*,#4561,.T.);
#3537=ORIENTED_EDGE('',*,*,#4558,.T.);
#3538=ORIENTED_EDGE('',*,*,#4555,.T.);
#3539=ORIENTED_EDGE('',*,*,#4552,.T.);
#3540=ORIENTED_EDGE('',*,*,#4549,.T.);
#3541=ORIENTED_EDGE('',*,*,#4546,.T.);
#3542=ORIENTED_EDGE('',*,*,#4543,.T.);
#3543=ORIENTED_EDGE('',*,*,#4540,.T.);
#3544=ORIENTED_EDGE('',*,*,#4537,.T.);
#3545=ORIENTED_EDGE('',*,*,#4534,.T.);
#3546=ORIENTED_EDGE('',*,*,#4531,.T.);
#3547=ORIENTED_EDGE('',*,*,#4528,.T.);
#3548=ORIENTED_EDGE('',*,*,#4525,.T.);
#3549=ORIENTED_EDGE('',*,*,#4522,.T.);
#3550=ORIENTED_EDGE('',*,*,#4519,.T.);
#3551=ORIENTED_EDGE('',*,*,#4516,.T.);
#3552=ORIENTED_EDGE('',*,*,#4513,.T.);
#3553=ORIENTED_EDGE('',*,*,#4510,.T.);
#3554=ORIENTED_EDGE('',*,*,#4507,.T.);
#3555=ORIENTED_EDGE('',*,*,#4504,.T.);
#3556=ORIENTED_EDGE('',*,*,#4501,.T.);
#3557=ORIENTED_EDGE('',*,*,#4498,.T.);
#3558=ORIENTED_EDGE('',*,*,#4495,.T.);
#3559=ORIENTED_EDGE('',*,*,#4492,.T.);
#3560=ORIENTED_EDGE('',*,*,#4489,.T.);
#3561=ORIENTED_EDGE('',*,*,#4486,.T.);
#3562=ORIENTED_EDGE('',*,*,#4483,.T.);
#3563=ORIENTED_EDGE('',*,*,#4480,.T.);
#3564=ORIENTED_EDGE('',*,*,#4477,.T.);
#3565=ORIENTED_EDGE('',*,*,#4474,.T.);
#3566=ORIENTED_EDGE('',*,*,#4471,.T.);
#3567=ORIENTED_EDGE('',*,*,#4468,.T.);
#3568=ORIENTED_EDGE('',*,*,#4465,.T.);
#3569=ORIENTED_EDGE('',*,*,#4462,.T.);
#3570=ORIENTED_EDGE('',*,*,#4459,.T.);
#3571=ORIENTED_EDGE('',*,*,#4456,.T.);
#3572=ORIENTED_EDGE('',*,*,#4453,.T.);
#3573=ORIENTED_EDGE('',*,*,#4450,.T.);
#3574=ORIENTED_EDGE('',*,*,#4447,.T.);
#3575=ORIENTED_EDGE('',*,*,#4444,.T.);
#3576=ORIENTED_EDGE('',*,*,#4441,.T.);
#3577=ORIENTED_EDGE('',*,*,#4438,.T.);
#3578=ORIENTED_EDGE('',*,*,#4346,.T.);
#3579=ORIENTED_EDGE('',*,*,#4820,.T.);
#3580=ORIENTED_EDGE('',*,*,#4431,.T.);
#3581=ORIENTED_EDGE('',*,*,#4428,.T.);
#3582=ORIENTED_EDGE('',*,*,#4425,.T.);
#3583=ORIENTED_EDGE('',*,*,#4422,.T.);
#3584=ORIENTED_EDGE('',*,*,#4419,.T.);
#3585=ORIENTED_EDGE('',*,*,#4416,.T.);
#3586=ORIENTED_EDGE('',*,*,#4413,.T.);
#3587=ORIENTED_EDGE('',*,*,#4410,.T.);
#3588=ORIENTED_EDGE('',*,*,#4407,.T.);
#3589=ORIENTED_EDGE('',*,*,#4404,.T.);
#3590=ORIENTED_EDGE('',*,*,#4401,.T.);
#3591=ORIENTED_EDGE('',*,*,#4398,.T.);
#3592=ORIENTED_EDGE('',*,*,#4395,.T.);
#3593=ORIENTED_EDGE('',*,*,#4392,.T.);
#3594=ORIENTED_EDGE('',*,*,#4389,.T.);
#3595=ORIENTED_EDGE('',*,*,#4386,.T.);
#3596=ORIENTED_EDGE('',*,*,#4383,.T.);
#3597=ORIENTED_EDGE('',*,*,#4380,.T.);
#3598=ORIENTED_EDGE('',*,*,#4377,.T.);
#3599=ORIENTED_EDGE('',*,*,#4374,.T.);
#3600=ORIENTED_EDGE('',*,*,#4371,.T.);
#3601=ORIENTED_EDGE('',*,*,#4368,.T.);
#3602=ORIENTED_EDGE('',*,*,#4365,.T.);
#3603=ORIENTED_EDGE('',*,*,#4362,.T.);
#3604=ORIENTED_EDGE('',*,*,#4359,.T.);
#3605=ORIENTED_EDGE('',*,*,#4356,.T.);
#3606=ORIENTED_EDGE('',*,*,#4353,.T.);
#3607=ORIENTED_EDGE('',*,*,#4350,.T.);
#3608=ORIENTED_EDGE('',*,*,#4228,.T.);
#3609=ORIENTED_EDGE('',*,*,#4818,.T.);
#3610=ORIENTED_EDGE('',*,*,#4343,.T.);
#3611=ORIENTED_EDGE('',*,*,#4340,.T.);
#3612=ORIENTED_EDGE('',*,*,#4337,.T.);
#3613=ORIENTED_EDGE('',*,*,#4334,.T.);
#3614=ORIENTED_EDGE('',*,*,#4331,.T.);
#3615=ORIENTED_EDGE('',*,*,#4328,.T.);
#3616=ORIENTED_EDGE('',*,*,#4325,.T.);
#3617=ORIENTED_EDGE('',*,*,#4322,.T.);
#3618=ORIENTED_EDGE('',*,*,#4319,.T.);
#3619=ORIENTED_EDGE('',*,*,#4316,.T.);
#3620=ORIENTED_EDGE('',*,*,#4313,.T.);
#3621=ORIENTED_EDGE('',*,*,#4310,.T.);
#3622=ORIENTED_EDGE('',*,*,#4307,.T.);
#3623=ORIENTED_EDGE('',*,*,#4304,.T.);
#3624=ORIENTED_EDGE('',*,*,#4301,.T.);
#3625=ORIENTED_EDGE('',*,*,#4298,.T.);
#3626=ORIENTED_EDGE('',*,*,#4295,.T.);
#3627=ORIENTED_EDGE('',*,*,#4292,.T.);
#3628=ORIENTED_EDGE('',*,*,#4289,.T.);
#3629=ORIENTED_EDGE('',*,*,#4286,.T.);
#3630=ORIENTED_EDGE('',*,*,#4283,.T.);
#3631=ORIENTED_EDGE('',*,*,#4280,.T.);
#3632=ORIENTED_EDGE('',*,*,#4277,.T.);
#3633=ORIENTED_EDGE('',*,*,#4274,.T.);
#3634=ORIENTED_EDGE('',*,*,#4271,.T.);
#3635=ORIENTED_EDGE('',*,*,#4268,.T.);
#3636=ORIENTED_EDGE('',*,*,#4265,.T.);
#3637=ORIENTED_EDGE('',*,*,#4262,.T.);
#3638=ORIENTED_EDGE('',*,*,#4259,.T.);
#3639=ORIENTED_EDGE('',*,*,#4256,.T.);
#3640=ORIENTED_EDGE('',*,*,#4253,.T.);
#3641=ORIENTED_EDGE('',*,*,#4250,.T.);
#3642=ORIENTED_EDGE('',*,*,#4247,.T.);
#3643=ORIENTED_EDGE('',*,*,#4244,.T.);
#3644=ORIENTED_EDGE('',*,*,#4241,.T.);
#3645=ORIENTED_EDGE('',*,*,#4238,.T.);
#3646=ORIENTED_EDGE('',*,*,#4235,.T.);
#3647=ORIENTED_EDGE('',*,*,#4232,.T.);
#3648=ORIENTED_EDGE('',*,*,#4122,.T.);
#3649=ORIENTED_EDGE('',*,*,#4816,.T.);
#3650=ORIENTED_EDGE('',*,*,#4225,.T.);
#3651=ORIENTED_EDGE('',*,*,#4222,.T.);
#3652=ORIENTED_EDGE('',*,*,#4219,.T.);
#3653=ORIENTED_EDGE('',*,*,#4216,.T.);
#3654=ORIENTED_EDGE('',*,*,#4213,.T.);
#3655=ORIENTED_EDGE('',*,*,#4210,.T.);
#3656=ORIENTED_EDGE('',*,*,#4207,.T.);
#3657=ORIENTED_EDGE('',*,*,#4204,.T.);
#3658=ORIENTED_EDGE('',*,*,#4201,.T.);
#3659=ORIENTED_EDGE('',*,*,#4198,.T.);
#3660=ORIENTED_EDGE('',*,*,#4195,.T.);
#3661=ORIENTED_EDGE('',*,*,#4192,.T.);
#3662=ORIENTED_EDGE('',*,*,#4189,.T.);
#3663=ORIENTED_EDGE('',*,*,#4186,.T.);
#3664=ORIENTED_EDGE('',*,*,#4183,.T.);
#3665=ORIENTED_EDGE('',*,*,#4180,.T.);
#3666=ORIENTED_EDGE('',*,*,#4177,.T.);
#3667=ORIENTED_EDGE('',*,*,#4174,.T.);
#3668=ORIENTED_EDGE('',*,*,#4171,.T.);
#3669=ORIENTED_EDGE('',*,*,#4168,.T.);
#3670=ORIENTED_EDGE('',*,*,#4165,.T.);
#3671=ORIENTED_EDGE('',*,*,#4162,.T.);
#3672=ORIENTED_EDGE('',*,*,#4159,.T.);
#3673=ORIENTED_EDGE('',*,*,#4156,.T.);
#3674=ORIENTED_EDGE('',*,*,#4153,.T.);
#3675=ORIENTED_EDGE('',*,*,#4150,.T.);
#3676=ORIENTED_EDGE('',*,*,#4147,.T.);
#3677=ORIENTED_EDGE('',*,*,#4144,.T.);
#3678=ORIENTED_EDGE('',*,*,#4141,.T.);
#3679=ORIENTED_EDGE('',*,*,#4138,.T.);
#3680=ORIENTED_EDGE('',*,*,#4135,.T.);
#3681=ORIENTED_EDGE('',*,*,#4132,.T.);
#3682=ORIENTED_EDGE('',*,*,#4129,.T.);
#3683=ORIENTED_EDGE('',*,*,#4126,.T.);
#3684=ORIENTED_EDGE('',*,*,#3998,.T.);
#3685=ORIENTED_EDGE('',*,*,#4814,.T.);
#3686=ORIENTED_EDGE('',*,*,#4119,.T.);
#3687=ORIENTED_EDGE('',*,*,#4116,.T.);
#3688=ORIENTED_EDGE('',*,*,#4113,.T.);
#3689=ORIENTED_EDGE('',*,*,#4110,.T.);
#3690=ORIENTED_EDGE('',*,*,#4107,.T.);
#3691=ORIENTED_EDGE('',*,*,#4104,.T.);
#3692=ORIENTED_EDGE('',*,*,#4101,.T.);
#3693=ORIENTED_EDGE('',*,*,#4098,.T.);
#3694=ORIENTED_EDGE('',*,*,#4095,.T.);
#3695=ORIENTED_EDGE('',*,*,#4092,.T.);
#3696=ORIENTED_EDGE('',*,*,#4089,.T.);
#3697=ORIENTED_EDGE('',*,*,#4086,.T.);
#3698=ORIENTED_EDGE('',*,*,#4083,.T.);
#3699=ORIENTED_EDGE('',*,*,#4080,.T.);
#3700=ORIENTED_EDGE('',*,*,#4077,.T.);
#3701=ORIENTED_EDGE('',*,*,#4074,.T.);
#3702=ORIENTED_EDGE('',*,*,#4071,.T.);
#3703=ORIENTED_EDGE('',*,*,#4068,.T.);
#3704=ORIENTED_EDGE('',*,*,#4065,.T.);
#3705=ORIENTED_EDGE('',*,*,#4062,.T.);
#3706=ORIENTED_EDGE('',*,*,#4059,.T.);
#3707=ORIENTED_EDGE('',*,*,#4056,.T.);
#3708=ORIENTED_EDGE('',*,*,#4053,.T.);
#3709=ORIENTED_EDGE('',*,*,#4050,.T.);
#3710=ORIENTED_EDGE('',*,*,#4047,.T.);
#3711=ORIENTED_EDGE('',*,*,#4044,.T.);
#3712=ORIENTED_EDGE('',*,*,#4041,.T.);
#3713=ORIENTED_EDGE('',*,*,#4038,.T.);
#3714=ORIENTED_EDGE('',*,*,#4035,.T.);
#3715=ORIENTED_EDGE('',*,*,#4032,.T.);
#3716=ORIENTED_EDGE('',*,*,#4029,.T.);
#3717=ORIENTED_EDGE('',*,*,#4026,.T.);
#3718=ORIENTED_EDGE('',*,*,#4023,.T.);
#3719=ORIENTED_EDGE('',*,*,#4020,.T.);
#3720=ORIENTED_EDGE('',*,*,#4017,.T.);
#3721=ORIENTED_EDGE('',*,*,#4014,.T.);
#3722=ORIENTED_EDGE('',*,*,#4011,.T.);
#3723=ORIENTED_EDGE('',*,*,#4008,.T.);
#3724=ORIENTED_EDGE('',*,*,#4005,.T.);
#3725=ORIENTED_EDGE('',*,*,#4002,.T.);
#3726=ORIENTED_EDGE('',*,*,#3811,.T.);
#3727=ORIENTED_EDGE('',*,*,#4812,.T.);
#3728=ORIENTED_EDGE('',*,*,#3995,.T.);
#3729=ORIENTED_EDGE('',*,*,#3992,.T.);
#3730=ORIENTED_EDGE('',*,*,#3989,.T.);
#3731=ORIENTED_EDGE('',*,*,#3986,.T.);
#3732=ORIENTED_EDGE('',*,*,#3983,.T.);
#3733=ORIENTED_EDGE('',*,*,#3980,.T.);
#3734=ORIENTED_EDGE('',*,*,#3977,.T.);
#3735=ORIENTED_EDGE('',*,*,#3974,.T.);
#3736=ORIENTED_EDGE('',*,*,#3971,.T.);
#3737=ORIENTED_EDGE('',*,*,#3968,.T.);
#3738=ORIENTED_EDGE('',*,*,#3965,.T.);
#3739=ORIENTED_EDGE('',*,*,#3962,.T.);
#3740=ORIENTED_EDGE('',*,*,#3959,.T.);
#3741=ORIENTED_EDGE('',*,*,#3956,.T.);
#3742=ORIENTED_EDGE('',*,*,#3953,.T.);
#3743=ORIENTED_EDGE('',*,*,#3950,.T.);
#3744=ORIENTED_EDGE('',*,*,#3947,.T.);
#3745=ORIENTED_EDGE('',*,*,#3944,.T.);
#3746=ORIENTED_EDGE('',*,*,#3941,.T.);
#3747=ORIENTED_EDGE('',*,*,#3938,.T.);
#3748=ORIENTED_EDGE('',*,*,#3935,.T.);
#3749=ORIENTED_EDGE('',*,*,#3932,.T.);
#3750=ORIENTED_EDGE('',*,*,#3929,.T.);
#3751=ORIENTED_EDGE('',*,*,#3926,.T.);
#3752=ORIENTED_EDGE('',*,*,#3923,.T.);
#3753=ORIENTED_EDGE('',*,*,#3920,.T.);
#3754=ORIENTED_EDGE('',*,*,#3917,.T.);
#3755=ORIENTED_EDGE('',*,*,#3914,.T.);
#3756=ORIENTED_EDGE('',*,*,#3911,.T.);
#3757=ORIENTED_EDGE('',*,*,#3908,.T.);
#3758=ORIENTED_EDGE('',*,*,#3905,.T.);
#3759=ORIENTED_EDGE('',*,*,#3902,.T.);
#3760=ORIENTED_EDGE('',*,*,#3899,.T.);
#3761=ORIENTED_EDGE('',*,*,#3896,.T.);
#3762=ORIENTED_EDGE('',*,*,#3893,.T.);
#3763=ORIENTED_EDGE('',*,*,#3890,.T.);
#3764=ORIENTED_EDGE('',*,*,#3887,.T.);
#3765=ORIENTED_EDGE('',*,*,#3884,.T.);
#3766=ORIENTED_EDGE('',*,*,#3881,.T.);
#3767=ORIENTED_EDGE('',*,*,#3878,.T.);
#3768=ORIENTED_EDGE('',*,*,#3875,.T.);
#3769=ORIENTED_EDGE('',*,*,#3872,.T.);
#3770=ORIENTED_EDGE('',*,*,#3869,.T.);
#3771=ORIENTED_EDGE('',*,*,#3866,.T.);
#3772=ORIENTED_EDGE('',*,*,#3863,.T.);
#3773=ORIENTED_EDGE('',*,*,#3860,.T.);
#3774=ORIENTED_EDGE('',*,*,#3857,.T.);
#3775=ORIENTED_EDGE('',*,*,#3854,.T.);
#3776=ORIENTED_EDGE('',*,*,#3851,.T.);
#3777=ORIENTED_EDGE('',*,*,#3848,.T.);
#3778=ORIENTED_EDGE('',*,*,#3845,.T.);
#3779=ORIENTED_EDGE('',*,*,#3842,.T.);
#3780=ORIENTED_EDGE('',*,*,#3839,.T.);
#3781=ORIENTED_EDGE('',*,*,#3836,.T.);
#3782=ORIENTED_EDGE('',*,*,#3833,.T.);
#3783=ORIENTED_EDGE('',*,*,#3830,.T.);
#3784=ORIENTED_EDGE('',*,*,#3827,.T.);
#3785=ORIENTED_EDGE('',*,*,#3824,.T.);
#3786=ORIENTED_EDGE('',*,*,#3821,.T.);
#3787=ORIENTED_EDGE('',*,*,#3818,.T.);
#3788=ORIENTED_EDGE('',*,*,#3815,.T.);
#3789=ORIENTED_EDGE('',*,*,#3795,.F.);
#3790=ORIENTED_EDGE('',*,*,#4828,.F.);
#3791=ORIENTED_EDGE('',*,*,#3808,.F.);
#3792=ORIENTED_EDGE('',*,*,#3805,.F.);
#3793=ORIENTED_EDGE('',*,*,#3802,.F.);
#3794=ORIENTED_EDGE('',*,*,#3799,.F.);
#3795=EDGE_CURVE('',#4830,#4831,#5520,.T.);
#3796=EDGE_CURVE('',#4832,#4831,#1027,.T.);
#3797=EDGE_CURVE('',#4833,#4832,#5521,.T.);
#3798=EDGE_CURVE('',#4833,#4830,#1028,.T.);
#3799=EDGE_CURVE('',#4831,#4834,#5522,.T.);
#3800=EDGE_CURVE('',#4835,#4834,#1029,.T.);
#3801=EDGE_CURVE('',#4832,#4835,#5523,.T.);
#3802=EDGE_CURVE('',#4834,#4836,#5524,.T.);
#3803=EDGE_CURVE('',#4837,#4836,#1030,.T.);
#3804=EDGE_CURVE('',#4835,#4837,#5525,.T.);
#3805=EDGE_CURVE('',#4836,#4838,#5526,.T.);
#3806=EDGE_CURVE('',#4839,#4838,#1031,.T.);
#3807=EDGE_CURVE('',#4837,#4839,#5527,.T.);
#3808=EDGE_CURVE('',#4838,#4840,#5528,.T.);
#3809=EDGE_CURVE('',#4841,#4840,#1032,.T.);
#3810=EDGE_CURVE('',#4839,#4841,#5529,.T.);
#3811=EDGE_CURVE('',#4842,#4843,#16,.T.);
#3812=EDGE_CURVE('',#4844,#4842,#1033,.T.);
#3813=EDGE_CURVE('',#4844,#4845,#17,.T.);
#3814=EDGE_CURVE('',#4845,#4843,#1034,.T.);
#3815=EDGE_CURVE('',#4846,#4842,#18,.T.);
#3816=EDGE_CURVE('',#4847,#4846,#1035,.T.);
#3817=EDGE_CURVE('',#4847,#4844,#19,.T.);
#3818=EDGE_CURVE('',#4848,#4846,#20,.T.);
#3819=EDGE_CURVE('',#4849,#4848,#1036,.T.);
#3820=EDGE_CURVE('',#4849,#4847,#21,.T.);
#3821=EDGE_CURVE('',#4850,#4848,#22,.T.);
#3822=EDGE_CURVE('',#4851,#4850,#1037,.T.);
#3823=EDGE_CURVE('',#4851,#4849,#23,.T.);
#3824=EDGE_CURVE('',#4852,#4850,#24,.T.);
#3825=EDGE_CURVE('',#4853,#4852,#1038,.T.);
#3826=EDGE_CURVE('',#4853,#4851,#25,.T.);
#3827=EDGE_CURVE('',#4854,#4852,#26,.T.);
#3828=EDGE_CURVE('',#4855,#4854,#1039,.T.);
#3829=EDGE_CURVE('',#4855,#4853,#27,.T.);
#3830=EDGE_CURVE('',#4856,#4854,#28,.T.);
#3831=EDGE_CURVE('',#4857,#4856,#1040,.T.);
#3832=EDGE_CURVE('',#4857,#4855,#29,.T.);
#3833=EDGE_CURVE('',#4858,#4856,#30,.T.);
#3834=EDGE_CURVE('',#4859,#4858,#1041,.T.);
#3835=EDGE_CURVE('',#4859,#4857,#31,.T.);
#3836=EDGE_CURVE('',#4860,#4858,#32,.T.);
#3837=EDGE_CURVE('',#4861,#4860,#1042,.T.);
#3838=EDGE_CURVE('',#4861,#4859,#33,.T.);
#3839=EDGE_CURVE('',#4862,#4860,#34,.T.);
#3840=EDGE_CURVE('',#4863,#4862,#1043,.T.);
#3841=EDGE_CURVE('',#4863,#4861,#35,.T.);
#3842=EDGE_CURVE('',#4864,#4862,#36,.T.);
#3843=EDGE_CURVE('',#4865,#4864,#1044,.T.);
#3844=EDGE_CURVE('',#4865,#4863,#37,.T.);
#3845=EDGE_CURVE('',#4866,#4864,#38,.T.);
#3846=EDGE_CURVE('',#4867,#4866,#1045,.T.);
#3847=EDGE_CURVE('',#4867,#4865,#39,.T.);
#3848=EDGE_CURVE('',#4868,#4866,#40,.T.);
#3849=EDGE_CURVE('',#4869,#4868,#1046,.T.);
#3850=EDGE_CURVE('',#4869,#4867,#41,.T.);
#3851=EDGE_CURVE('',#4870,#4868,#42,.T.);
#3852=EDGE_CURVE('',#4871,#4870,#1047,.T.);
#3853=EDGE_CURVE('',#4871,#4869,#43,.T.);
#3854=EDGE_CURVE('',#4872,#4870,#44,.T.);
#3855=EDGE_CURVE('',#4873,#4872,#1048,.T.);
#3856=EDGE_CURVE('',#4873,#4871,#45,.T.);
#3857=EDGE_CURVE('',#4874,#4872,#46,.T.);
#3858=EDGE_CURVE('',#4875,#4874,#1049,.T.);
#3859=EDGE_CURVE('',#4875,#4873,#47,.T.);
#3860=EDGE_CURVE('',#4876,#4874,#48,.T.);
#3861=EDGE_CURVE('',#4877,#4876,#1050,.T.);
#3862=EDGE_CURVE('',#4877,#4875,#49,.T.);
#3863=EDGE_CURVE('',#4878,#4876,#50,.T.);
#3864=EDGE_CURVE('',#4879,#4878,#1051,.T.);
#3865=EDGE_CURVE('',#4879,#4877,#51,.T.);
#3866=EDGE_CURVE('',#4880,#4878,#52,.T.);
#3867=EDGE_CURVE('',#4881,#4880,#1052,.T.);
#3868=EDGE_CURVE('',#4881,#4879,#53,.T.);
#3869=EDGE_CURVE('',#4882,#4880,#54,.T.);
#3870=EDGE_CURVE('',#4883,#4882,#1053,.T.);
#3871=EDGE_CURVE('',#4883,#4881,#55,.T.);
#3872=EDGE_CURVE('',#4884,#4882,#56,.T.);
#3873=EDGE_CURVE('',#4885,#4884,#1054,.T.);
#3874=EDGE_CURVE('',#4885,#4883,#57,.T.);
#3875=EDGE_CURVE('',#4886,#4884,#58,.T.);
#3876=EDGE_CURVE('',#4887,#4886,#1055,.T.);
#3877=EDGE_CURVE('',#4887,#4885,#59,.T.);
#3878=EDGE_CURVE('',#4888,#4886,#60,.T.);
#3879=EDGE_CURVE('',#4889,#4888,#1056,.T.);
#3880=EDGE_CURVE('',#4889,#4887,#61,.T.);
#3881=EDGE_CURVE('',#4890,#4888,#62,.T.);
#3882=EDGE_CURVE('',#4891,#4890,#1057,.T.);
#3883=EDGE_CURVE('',#4891,#4889,#63,.T.);
#3884=EDGE_CURVE('',#4892,#4890,#64,.T.);
#3885=EDGE_CURVE('',#4893,#4892,#1058,.T.);
#3886=EDGE_CURVE('',#4893,#4891,#65,.T.);
#3887=EDGE_CURVE('',#4894,#4892,#66,.T.);
#3888=EDGE_CURVE('',#4895,#4894,#1059,.T.);
#3889=EDGE_CURVE('',#4895,#4893,#67,.T.);
#3890=EDGE_CURVE('',#4896,#4894,#68,.T.);
#3891=EDGE_CURVE('',#4897,#4896,#1060,.T.);
#3892=EDGE_CURVE('',#4897,#4895,#69,.T.);
#3893=EDGE_CURVE('',#4898,#4896,#70,.T.);
#3894=EDGE_CURVE('',#4899,#4898,#1061,.T.);
#3895=EDGE_CURVE('',#4899,#4897,#71,.T.);
#3896=EDGE_CURVE('',#4900,#4898,#72,.T.);
#3897=EDGE_CURVE('',#4901,#4900,#1062,.T.);
#3898=EDGE_CURVE('',#4901,#4899,#73,.T.);
#3899=EDGE_CURVE('',#4902,#4900,#74,.T.);
#3900=EDGE_CURVE('',#4903,#4902,#1063,.T.);
#3901=EDGE_CURVE('',#4903,#4901,#75,.T.);
#3902=EDGE_CURVE('',#4904,#4902,#76,.T.);
#3903=EDGE_CURVE('',#4905,#4904,#1064,.T.);
#3904=EDGE_CURVE('',#4905,#4903,#77,.T.);
#3905=EDGE_CURVE('',#4906,#4904,#78,.T.);
#3906=EDGE_CURVE('',#4907,#4906,#1065,.T.);
#3907=EDGE_CURVE('',#4907,#4905,#79,.T.);
#3908=EDGE_CURVE('',#4908,#4906,#80,.T.);
#3909=EDGE_CURVE('',#4909,#4908,#1066,.T.);
#3910=EDGE_CURVE('',#4909,#4907,#81,.T.);
#3911=EDGE_CURVE('',#4910,#4908,#82,.T.);
#3912=EDGE_CURVE('',#4911,#4910,#1067,.T.);
#3913=EDGE_CURVE('',#4911,#4909,#83,.T.);
#3914=EDGE_CURVE('',#4912,#4910,#84,.T.);
#3915=EDGE_CURVE('',#4913,#4912,#1068,.T.);
#3916=EDGE_CURVE('',#4913,#4911,#85,.T.);
#3917=EDGE_CURVE('',#4914,#4912,#86,.T.);
#3918=EDGE_CURVE('',#4915,#4914,#1069,.T.);
#3919=EDGE_CURVE('',#4915,#4913,#87,.T.);
#3920=EDGE_CURVE('',#4916,#4914,#88,.T.);
#3921=EDGE_CURVE('',#4917,#4916,#1070,.T.);
#3922=EDGE_CURVE('',#4917,#4915,#89,.T.);
#3923=EDGE_CURVE('',#4918,#4916,#90,.T.);
#3924=EDGE_CURVE('',#4919,#4918,#1071,.T.);
#3925=EDGE_CURVE('',#4919,#4917,#91,.T.);
#3926=EDGE_CURVE('',#4920,#4918,#92,.T.);
#3927=EDGE_CURVE('',#4921,#4920,#1072,.T.);
#3928=EDGE_CURVE('',#4921,#4919,#93,.T.);
#3929=EDGE_CURVE('',#4922,#4920,#94,.T.);
#3930=EDGE_CURVE('',#4923,#4922,#1073,.T.);
#3931=EDGE_CURVE('',#4923,#4921,#95,.T.);
#3932=EDGE_CURVE('',#4924,#4922,#96,.T.);
#3933=EDGE_CURVE('',#4925,#4924,#1074,.T.);
#3934=EDGE_CURVE('',#4925,#4923,#97,.T.);
#3935=EDGE_CURVE('',#4926,#4924,#98,.T.);
#3936=EDGE_CURVE('',#4927,#4926,#1075,.T.);
#3937=EDGE_CURVE('',#4927,#4925,#99,.T.);
#3938=EDGE_CURVE('',#4928,#4926,#100,.T.);
#3939=EDGE_CURVE('',#4929,#4928,#1076,.T.);
#3940=EDGE_CURVE('',#4929,#4927,#101,.T.);
#3941=EDGE_CURVE('',#4930,#4928,#102,.T.);
#3942=EDGE_CURVE('',#4931,#4930,#1077,.T.);
#3943=EDGE_CURVE('',#4931,#4929,#103,.T.);
#3944=EDGE_CURVE('',#4932,#4930,#104,.T.);
#3945=EDGE_CURVE('',#4933,#4932,#1078,.T.);
#3946=EDGE_CURVE('',#4933,#4931,#105,.T.);
#3947=EDGE_CURVE('',#4934,#4932,#106,.T.);
#3948=EDGE_CURVE('',#4935,#4934,#1079,.T.);
#3949=EDGE_CURVE('',#4935,#4933,#107,.T.);
#3950=EDGE_CURVE('',#4936,#4934,#108,.T.);
#3951=EDGE_CURVE('',#4937,#4936,#1080,.T.);
#3952=EDGE_CURVE('',#4937,#4935,#109,.T.);
#3953=EDGE_CURVE('',#4938,#4936,#110,.T.);
#3954=EDGE_CURVE('',#4939,#4938,#1081,.T.);
#3955=EDGE_CURVE('',#4939,#4937,#111,.T.);
#3956=EDGE_CURVE('',#4940,#4938,#112,.T.);
#3957=EDGE_CURVE('',#4941,#4940,#1082,.T.);
#3958=EDGE_CURVE('',#4941,#4939,#113,.T.);
#3959=EDGE_CURVE('',#4942,#4940,#114,.T.);
#3960=EDGE_CURVE('',#4943,#4942,#1083,.T.);
#3961=EDGE_CURVE('',#4943,#4941,#115,.T.);
#3962=EDGE_CURVE('',#4944,#4942,#116,.T.);
#3963=EDGE_CURVE('',#4945,#4944,#1084,.T.);
#3964=EDGE_CURVE('',#4945,#4943,#117,.T.);
#3965=EDGE_CURVE('',#4946,#4944,#118,.T.);
#3966=EDGE_CURVE('',#4947,#4946,#1085,.T.);
#3967=EDGE_CURVE('',#4947,#4945,#119,.T.);
#3968=EDGE_CURVE('',#4948,#4946,#120,.T.);
#3969=EDGE_CURVE('',#4949,#4948,#1086,.T.);
#3970=EDGE_CURVE('',#4949,#4947,#121,.T.);
#3971=EDGE_CURVE('',#4950,#4948,#122,.T.);
#3972=EDGE_CURVE('',#4951,#4950,#1087,.T.);
#3973=EDGE_CURVE('',#4951,#4949,#123,.T.);
#3974=EDGE_CURVE('',#4952,#4950,#124,.T.);
#3975=EDGE_CURVE('',#4953,#4952,#1088,.T.);
#3976=EDGE_CURVE('',#4953,#4951,#125,.T.);
#3977=EDGE_CURVE('',#4954,#4952,#126,.T.);
#3978=EDGE_CURVE('',#4955,#4954,#1089,.T.);
#3979=EDGE_CURVE('',#4955,#4953,#127,.T.);
#3980=EDGE_CURVE('',#4956,#4954,#128,.T.);
#3981=EDGE_CURVE('',#4957,#4956,#1090,.T.);
#3982=EDGE_CURVE('',#4957,#4955,#129,.T.);
#3983=EDGE_CURVE('',#4958,#4956,#130,.T.);
#3984=EDGE_CURVE('',#4959,#4958,#1091,.T.);
#3985=EDGE_CURVE('',#4959,#4957,#131,.T.);
#3986=EDGE_CURVE('',#4960,#4958,#132,.T.);
#3987=EDGE_CURVE('',#4961,#4960,#1092,.T.);
#3988=EDGE_CURVE('',#4961,#4959,#133,.T.);
#3989=EDGE_CURVE('',#4962,#4960,#134,.T.);
#3990=EDGE_CURVE('',#4963,#4962,#1093,.T.);
#3991=EDGE_CURVE('',#4963,#4961,#135,.T.);
#3992=EDGE_CURVE('',#4964,#4962,#136,.T.);
#3993=EDGE_CURVE('',#4965,#4964,#1094,.T.);
#3994=EDGE_CURVE('',#4965,#4963,#137,.T.);
#3995=EDGE_CURVE('',#4966,#4964,#138,.T.);
#3996=EDGE_CURVE('',#4967,#4966,#1095,.T.);
#3997=EDGE_CURVE('',#4967,#4965,#139,.T.);
#3998=EDGE_CURVE('',#4968,#4969,#140,.T.);
#3999=EDGE_CURVE('',#4970,#4968,#1096,.T.);
#4000=EDGE_CURVE('',#4970,#4971,#141,.T.);
#4001=EDGE_CURVE('',#4971,#4969,#1097,.T.);
#4002=EDGE_CURVE('',#4972,#4968,#142,.T.);
#4003=EDGE_CURVE('',#4973,#4972,#1098,.T.);
#4004=EDGE_CURVE('',#4973,#4970,#143,.T.);
#4005=EDGE_CURVE('',#4974,#4972,#144,.T.);
#4006=EDGE_CURVE('',#4975,#4974,#1099,.T.);
#4007=EDGE_CURVE('',#4975,#4973,#145,.T.);
#4008=EDGE_CURVE('',#4976,#4974,#146,.T.);
#4009=EDGE_CURVE('',#4977,#4976,#1100,.T.);
#4010=EDGE_CURVE('',#4977,#4975,#147,.T.);
#4011=EDGE_CURVE('',#4978,#4976,#148,.T.);
#4012=EDGE_CURVE('',#4979,#4978,#1101,.T.);
#4013=EDGE_CURVE('',#4979,#4977,#149,.T.);
#4014=EDGE_CURVE('',#4980,#4978,#150,.T.);
#4015=EDGE_CURVE('',#4981,#4980,#1102,.T.);
#4016=EDGE_CURVE('',#4981,#4979,#151,.T.);
#4017=EDGE_CURVE('',#4982,#4980,#152,.T.);
#4018=EDGE_CURVE('',#4983,#4982,#1103,.T.);
#4019=EDGE_CURVE('',#4983,#4981,#153,.T.);
#4020=EDGE_CURVE('',#4984,#4982,#154,.T.);
#4021=EDGE_CURVE('',#4985,#4984,#1104,.T.);
#4022=EDGE_CURVE('',#4985,#4983,#155,.T.);
#4023=EDGE_CURVE('',#4986,#4984,#156,.T.);
#4024=EDGE_CURVE('',#4987,#4986,#1105,.T.);
#4025=EDGE_CURVE('',#4987,#4985,#157,.T.);
#4026=EDGE_CURVE('',#4988,#4986,#158,.T.);
#4027=EDGE_CURVE('',#4989,#4988,#1106,.T.);
#4028=EDGE_CURVE('',#4989,#4987,#159,.T.);
#4029=EDGE_CURVE('',#4990,#4988,#160,.T.);
#4030=EDGE_CURVE('',#4991,#4990,#1107,.T.);
#4031=EDGE_CURVE('',#4991,#4989,#161,.T.);
#4032=EDGE_CURVE('',#4992,#4990,#162,.T.);
#4033=EDGE_CURVE('',#4993,#4992,#1108,.T.);
#4034=EDGE_CURVE('',#4993,#4991,#163,.T.);
#4035=EDGE_CURVE('',#4994,#4992,#164,.T.);
#4036=EDGE_CURVE('',#4995,#4994,#1109,.T.);
#4037=EDGE_CURVE('',#4995,#4993,#165,.T.);
#4038=EDGE_CURVE('',#4996,#4994,#166,.T.);
#4039=EDGE_CURVE('',#4997,#4996,#1110,.T.);
#4040=EDGE_CURVE('',#4997,#4995,#167,.T.);
#4041=EDGE_CURVE('',#4998,#4996,#168,.T.);
#4042=EDGE_CURVE('',#4999,#4998,#1111,.T.);
#4043=EDGE_CURVE('',#4999,#4997,#169,.T.);
#4044=EDGE_CURVE('',#5000,#4998,#170,.T.);
#4045=EDGE_CURVE('',#5001,#5000,#1112,.T.);
#4046=EDGE_CURVE('',#5001,#4999,#171,.T.);
#4047=EDGE_CURVE('',#5002,#5000,#172,.T.);
#4048=EDGE_CURVE('',#5003,#5002,#1113,.T.);
#4049=EDGE_CURVE('',#5003,#5001,#173,.T.);
#4050=EDGE_CURVE('',#5004,#5002,#174,.T.);
#4051=EDGE_CURVE('',#5005,#5004,#1114,.T.);
#4052=EDGE_CURVE('',#5005,#5003,#175,.T.);
#4053=EDGE_CURVE('',#5006,#5004,#176,.T.);
#4054=EDGE_CURVE('',#5007,#5006,#1115,.T.);
#4055=EDGE_CURVE('',#5007,#5005,#177,.T.);
#4056=EDGE_CURVE('',#5008,#5006,#178,.T.);
#4057=EDGE_CURVE('',#5009,#5008,#1116,.T.);
#4058=EDGE_CURVE('',#5009,#5007,#179,.T.);
#4059=EDGE_CURVE('',#5010,#5008,#180,.T.);
#4060=EDGE_CURVE('',#5011,#5010,#1117,.T.);
#4061=EDGE_CURVE('',#5011,#5009,#181,.T.);
#4062=EDGE_CURVE('',#5012,#5010,#182,.T.);
#4063=EDGE_CURVE('',#5013,#5012,#1118,.T.);
#4064=EDGE_CURVE('',#5013,#5011,#183,.T.);
#4065=EDGE_CURVE('',#5014,#5012,#184,.T.);
#4066=EDGE_CURVE('',#5015,#5014,#1119,.T.);
#4067=EDGE_CURVE('',#5015,#5013,#185,.T.);
#4068=EDGE_CURVE('',#5016,#5014,#186,.T.);
#4069=EDGE_CURVE('',#5017,#5016,#1120,.T.);
#4070=EDGE_CURVE('',#5017,#5015,#187,.T.);
#4071=EDGE_CURVE('',#5018,#5016,#188,.T.);
#4072=EDGE_CURVE('',#5019,#5018,#1121,.T.);
#4073=EDGE_CURVE('',#5019,#5017,#189,.T.);
#4074=EDGE_CURVE('',#5020,#5018,#190,.T.);
#4075=EDGE_CURVE('',#5021,#5020,#1122,.T.);
#4076=EDGE_CURVE('',#5021,#5019,#191,.T.);
#4077=EDGE_CURVE('',#5022,#5020,#192,.T.);
#4078=EDGE_CURVE('',#5023,#5022,#1123,.T.);
#4079=EDGE_CURVE('',#5023,#5021,#193,.T.);
#4080=EDGE_CURVE('',#5024,#5022,#194,.T.);
#4081=EDGE_CURVE('',#5025,#5024,#1124,.T.);
#4082=EDGE_CURVE('',#5025,#5023,#195,.T.);
#4083=EDGE_CURVE('',#5026,#5024,#196,.T.);
#4084=EDGE_CURVE('',#5027,#5026,#1125,.T.);
#4085=EDGE_CURVE('',#5027,#5025,#197,.T.);
#4086=EDGE_CURVE('',#5028,#5026,#198,.T.);
#4087=EDGE_CURVE('',#5029,#5028,#1126,.T.);
#4088=EDGE_CURVE('',#5029,#5027,#199,.T.);
#4089=EDGE_CURVE('',#5030,#5028,#200,.T.);
#4090=EDGE_CURVE('',#5031,#5030,#1127,.T.);
#4091=EDGE_CURVE('',#5031,#5029,#201,.T.);
#4092=EDGE_CURVE('',#5032,#5030,#202,.T.);
#4093=EDGE_CURVE('',#5033,#5032,#1128,.T.);
#4094=EDGE_CURVE('',#5033,#5031,#203,.T.);
#4095=EDGE_CURVE('',#5034,#5032,#204,.T.);
#4096=EDGE_CURVE('',#5035,#5034,#1129,.T.);
#4097=EDGE_CURVE('',#5035,#5033,#205,.T.);
#4098=EDGE_CURVE('',#5036,#5034,#206,.T.);
#4099=EDGE_CURVE('',#5037,#5036,#1130,.T.);
#4100=EDGE_CURVE('',#5037,#5035,#207,.T.);
#4101=EDGE_CURVE('',#5038,#5036,#208,.T.);
#4102=EDGE_CURVE('',#5039,#5038,#1131,.T.);
#4103=EDGE_CURVE('',#5039,#5037,#209,.T.);
#4104=EDGE_CURVE('',#5040,#5038,#210,.T.);
#4105=EDGE_CURVE('',#5041,#5040,#1132,.T.);
#4106=EDGE_CURVE('',#5041,#5039,#211,.T.);
#4107=EDGE_CURVE('',#5042,#5040,#212,.T.);
#4108=EDGE_CURVE('',#5043,#5042,#1133,.T.);
#4109=EDGE_CURVE('',#5043,#5041,#213,.T.);
#4110=EDGE_CURVE('',#5044,#5042,#214,.T.);
#4111=EDGE_CURVE('',#5045,#5044,#1134,.T.);
#4112=EDGE_CURVE('',#5045,#5043,#215,.T.);
#4113=EDGE_CURVE('',#5046,#5044,#216,.T.);
#4114=EDGE_CURVE('',#5047,#5046,#1135,.T.);
#4115=EDGE_CURVE('',#5047,#5045,#217,.T.);
#4116=EDGE_CURVE('',#5048,#5046,#218,.T.);
#4117=EDGE_CURVE('',#5049,#5048,#1136,.T.);
#4118=EDGE_CURVE('',#5049,#5047,#219,.T.);
#4119=EDGE_CURVE('',#5050,#5048,#220,.T.);
#4120=EDGE_CURVE('',#5051,#5050,#1137,.T.);
#4121=EDGE_CURVE('',#5051,#5049,#221,.T.);
#4122=EDGE_CURVE('',#5052,#5053,#222,.T.);
#4123=EDGE_CURVE('',#5054,#5052,#1138,.T.);
#4124=EDGE_CURVE('',#5054,#5055,#223,.T.);
#4125=EDGE_CURVE('',#5055,#5053,#1139,.T.);
#4126=EDGE_CURVE('',#5056,#5052,#224,.T.);
#4127=EDGE_CURVE('',#5057,#5056,#1140,.T.);
#4128=EDGE_CURVE('',#5057,#5054,#225,.T.);
#4129=EDGE_CURVE('',#5058,#5056,#226,.T.);
#4130=EDGE_CURVE('',#5059,#5058,#1141,.T.);
#4131=EDGE_CURVE('',#5059,#5057,#227,.T.);
#4132=EDGE_CURVE('',#5060,#5058,#228,.T.);
#4133=EDGE_CURVE('',#5061,#5060,#1142,.T.);
#4134=EDGE_CURVE('',#5061,#5059,#229,.T.);
#4135=EDGE_CURVE('',#5062,#5060,#230,.T.);
#4136=EDGE_CURVE('',#5063,#5062,#1143,.T.);
#4137=EDGE_CURVE('',#5063,#5061,#231,.T.);
#4138=EDGE_CURVE('',#5064,#5062,#232,.T.);
#4139=EDGE_CURVE('',#5065,#5064,#1144,.T.);
#4140=EDGE_CURVE('',#5065,#5063,#233,.T.);
#4141=EDGE_CURVE('',#5066,#5064,#234,.T.);
#4142=EDGE_CURVE('',#5067,#5066,#1145,.T.);
#4143=EDGE_CURVE('',#5067,#5065,#235,.T.);
#4144=EDGE_CURVE('',#5068,#5066,#236,.T.);
#4145=EDGE_CURVE('',#5069,#5068,#1146,.T.);
#4146=EDGE_CURVE('',#5069,#5067,#237,.T.);
#4147=EDGE_CURVE('',#5070,#5068,#238,.T.);
#4148=EDGE_CURVE('',#5071,#5070,#1147,.T.);
#4149=EDGE_CURVE('',#5071,#5069,#239,.T.);
#4150=EDGE_CURVE('',#5072,#5070,#240,.T.);
#4151=EDGE_CURVE('',#5073,#5072,#1148,.T.);
#4152=EDGE_CURVE('',#5073,#5071,#241,.T.);
#4153=EDGE_CURVE('',#5074,#5072,#242,.T.);
#4154=EDGE_CURVE('',#5075,#5074,#1149,.T.);
#4155=EDGE_CURVE('',#5075,#5073,#243,.T.);
#4156=EDGE_CURVE('',#5076,#5074,#244,.T.);
#4157=EDGE_CURVE('',#5077,#5076,#1150,.T.);
#4158=EDGE_CURVE('',#5077,#5075,#245,.T.);
#4159=EDGE_CURVE('',#5078,#5076,#246,.T.);
#4160=EDGE_CURVE('',#5079,#5078,#1151,.T.);
#4161=EDGE_CURVE('',#5079,#5077,#247,.T.);
#4162=EDGE_CURVE('',#5080,#5078,#248,.T.);
#4163=EDGE_CURVE('',#5081,#5080,#1152,.T.);
#4164=EDGE_CURVE('',#5081,#5079,#249,.T.);
#4165=EDGE_CURVE('',#5082,#5080,#250,.T.);
#4166=EDGE_CURVE('',#5083,#5082,#1153,.T.);
#4167=EDGE_CURVE('',#5083,#5081,#251,.T.);
#4168=EDGE_CURVE('',#5084,#5082,#252,.T.);
#4169=EDGE_CURVE('',#5085,#5084,#1154,.T.);
#4170=EDGE_CURVE('',#5085,#5083,#253,.T.);
#4171=EDGE_CURVE('',#5086,#5084,#254,.T.);
#4172=EDGE_CURVE('',#5087,#5086,#1155,.T.);
#4173=EDGE_CURVE('',#5087,#5085,#255,.T.);
#4174=EDGE_CURVE('',#5088,#5086,#256,.T.);
#4175=EDGE_CURVE('',#5089,#5088,#1156,.T.);
#4176=EDGE_CURVE('',#5089,#5087,#257,.T.);
#4177=EDGE_CURVE('',#5090,#5088,#258,.T.);
#4178=EDGE_CURVE('',#5091,#5090,#1157,.T.);
#4179=EDGE_CURVE('',#5091,#5089,#259,.T.);
#4180=EDGE_CURVE('',#5092,#5090,#260,.T.);
#4181=EDGE_CURVE('',#5093,#5092,#1158,.T.);
#4182=EDGE_CURVE('',#5093,#5091,#261,.T.);
#4183=EDGE_CURVE('',#5094,#5092,#262,.T.);
#4184=EDGE_CURVE('',#5095,#5094,#1159,.T.);
#4185=EDGE_CURVE('',#5095,#5093,#263,.T.);
#4186=EDGE_CURVE('',#5096,#5094,#264,.T.);
#4187=EDGE_CURVE('',#5097,#5096,#1160,.T.);
#4188=EDGE_CURVE('',#5097,#5095,#265,.T.);
#4189=EDGE_CURVE('',#5098,#5096,#266,.T.);
#4190=EDGE_CURVE('',#5099,#5098,#1161,.T.);
#4191=EDGE_CURVE('',#5099,#5097,#267,.T.);
#4192=EDGE_CURVE('',#5100,#5098,#268,.T.);
#4193=EDGE_CURVE('',#5101,#5100,#1162,.T.);
#4194=EDGE_CURVE('',#5101,#5099,#269,.T.);
#4195=EDGE_CURVE('',#5102,#5100,#270,.T.);
#4196=EDGE_CURVE('',#5103,#5102,#1163,.T.);
#4197=EDGE_CURVE('',#5103,#5101,#271,.T.);
#4198=EDGE_CURVE('',#5104,#5102,#272,.T.);
#4199=EDGE_CURVE('',#5105,#5104,#1164,.T.);
#4200=EDGE_CURVE('',#5105,#5103,#273,.T.);
#4201=EDGE_CURVE('',#5106,#5104,#274,.T.);
#4202=EDGE_CURVE('',#5107,#5106,#1165,.T.);
#4203=EDGE_CURVE('',#5107,#5105,#275,.T.);
#4204=EDGE_CURVE('',#5108,#5106,#276,.T.);
#4205=EDGE_CURVE('',#5109,#5108,#1166,.T.);
#4206=EDGE_CURVE('',#5109,#5107,#277,.T.);
#4207=EDGE_CURVE('',#5110,#5108,#278,.T.);
#4208=EDGE_CURVE('',#5111,#5110,#1167,.T.);
#4209=EDGE_CURVE('',#5111,#5109,#279,.T.);
#4210=EDGE_CURVE('',#5112,#5110,#280,.T.);
#4211=EDGE_CURVE('',#5113,#5112,#1168,.T.);
#4212=EDGE_CURVE('',#5113,#5111,#281,.T.);
#4213=EDGE_CURVE('',#5114,#5112,#282,.T.);
#4214=EDGE_CURVE('',#5115,#5114,#1169,.T.);
#4215=EDGE_CURVE('',#5115,#5113,#283,.T.);
#4216=EDGE_CURVE('',#5116,#5114,#284,.T.);
#4217=EDGE_CURVE('',#5117,#5116,#1170,.T.);
#4218=EDGE_CURVE('',#5117,#5115,#285,.T.);
#4219=EDGE_CURVE('',#5118,#5116,#286,.T.);
#4220=EDGE_CURVE('',#5119,#5118,#1171,.T.);
#4221=EDGE_CURVE('',#5119,#5117,#287,.T.);
#4222=EDGE_CURVE('',#5120,#5118,#288,.T.);
#4223=EDGE_CURVE('',#5121,#5120,#1172,.T.);
#4224=EDGE_CURVE('',#5121,#5119,#289,.T.);
#4225=EDGE_CURVE('',#5122,#5120,#290,.T.);
#4226=EDGE_CURVE('',#5123,#5122,#1173,.T.);
#4227=EDGE_CURVE('',#5123,#5121,#291,.T.);
#4228=EDGE_CURVE('',#5124,#5125,#292,.T.);
#4229=EDGE_CURVE('',#5126,#5124,#1174,.T.);
#4230=EDGE_CURVE('',#5126,#5127,#293,.T.);
#4231=EDGE_CURVE('',#5127,#5125,#1175,.T.);
#4232=EDGE_CURVE('',#5128,#5124,#294,.T.);
#4233=EDGE_CURVE('',#5129,#5128,#1176,.T.);
#4234=EDGE_CURVE('',#5129,#5126,#295,.T.);
#4235=EDGE_CURVE('',#5130,#5128,#296,.T.);
#4236=EDGE_CURVE('',#5131,#5130,#1177,.T.);
#4237=EDGE_CURVE('',#5131,#5129,#297,.T.);
#4238=EDGE_CURVE('',#5132,#5130,#298,.T.);
#4239=EDGE_CURVE('',#5133,#5132,#1178,.T.);
#4240=EDGE_CURVE('',#5133,#5131,#299,.T.);
#4241=EDGE_CURVE('',#5134,#5132,#300,.T.);
#4242=EDGE_CURVE('',#5135,#5134,#1179,.T.);
#4243=EDGE_CURVE('',#5135,#5133,#301,.T.);
#4244=EDGE_CURVE('',#5136,#5134,#302,.T.);
#4245=EDGE_CURVE('',#5137,#5136,#1180,.T.);
#4246=EDGE_CURVE('',#5137,#5135,#303,.T.);
#4247=EDGE_CURVE('',#5138,#5136,#304,.T.);
#4248=EDGE_CURVE('',#5139,#5138,#1181,.T.);
#4249=EDGE_CURVE('',#5139,#5137,#305,.T.);
#4250=EDGE_CURVE('',#5140,#5138,#306,.T.);
#4251=EDGE_CURVE('',#5141,#5140,#1182,.T.);
#4252=EDGE_CURVE('',#5141,#5139,#307,.T.);
#4253=EDGE_CURVE('',#5142,#5140,#308,.T.);
#4254=EDGE_CURVE('',#5143,#5142,#1183,.T.);
#4255=EDGE_CURVE('',#5143,#5141,#309,.T.);
#4256=EDGE_CURVE('',#5144,#5142,#310,.T.);
#4257=EDGE_CURVE('',#5145,#5144,#1184,.T.);
#4258=EDGE_CURVE('',#5145,#5143,#311,.T.);
#4259=EDGE_CURVE('',#5146,#5144,#312,.T.);
#4260=EDGE_CURVE('',#5147,#5146,#1185,.T.);
#4261=EDGE_CURVE('',#5147,#5145,#313,.T.);
#4262=EDGE_CURVE('',#5148,#5146,#314,.T.);
#4263=EDGE_CURVE('',#5149,#5148,#1186,.T.);
#4264=EDGE_CURVE('',#5149,#5147,#315,.T.);
#4265=EDGE_CURVE('',#5150,#5148,#316,.T.);
#4266=EDGE_CURVE('',#5151,#5150,#1187,.T.);
#4267=EDGE_CURVE('',#5151,#5149,#317,.T.);
#4268=EDGE_CURVE('',#5152,#5150,#318,.T.);
#4269=EDGE_CURVE('',#5153,#5152,#1188,.T.);
#4270=EDGE_CURVE('',#5153,#5151,#319,.T.);
#4271=EDGE_CURVE('',#5154,#5152,#320,.T.);
#4272=EDGE_CURVE('',#5155,#5154,#1189,.T.);
#4273=EDGE_CURVE('',#5155,#5153,#321,.T.);
#4274=EDGE_CURVE('',#5156,#5154,#322,.T.);
#4275=EDGE_CURVE('',#5157,#5156,#1190,.T.);
#4276=EDGE_CURVE('',#5157,#5155,#323,.T.);
#4277=EDGE_CURVE('',#5158,#5156,#324,.T.);
#4278=EDGE_CURVE('',#5159,#5158,#1191,.T.);
#4279=EDGE_CURVE('',#5159,#5157,#325,.T.);
#4280=EDGE_CURVE('',#5160,#5158,#326,.T.);
#4281=EDGE_CURVE('',#5161,#5160,#1192,.T.);
#4282=EDGE_CURVE('',#5161,#5159,#327,.T.);
#4283=EDGE_CURVE('',#5162,#5160,#328,.T.);
#4284=EDGE_CURVE('',#5163,#5162,#1193,.T.);
#4285=EDGE_CURVE('',#5163,#5161,#329,.T.);
#4286=EDGE_CURVE('',#5164,#5162,#330,.T.);
#4287=EDGE_CURVE('',#5165,#5164,#1194,.T.);
#4288=EDGE_CURVE('',#5165,#5163,#331,.T.);
#4289=EDGE_CURVE('',#5166,#5164,#332,.T.);
#4290=EDGE_CURVE('',#5167,#5166,#1195,.T.);
#4291=EDGE_CURVE('',#5167,#5165,#333,.T.);
#4292=EDGE_CURVE('',#5168,#5166,#334,.T.);
#4293=EDGE_CURVE('',#5169,#5168,#1196,.T.);
#4294=EDGE_CURVE('',#5169,#5167,#335,.T.);
#4295=EDGE_CURVE('',#5170,#5168,#336,.T.);
#4296=EDGE_CURVE('',#5171,#5170,#1197,.T.);
#4297=EDGE_CURVE('',#5171,#5169,#337,.T.);
#4298=EDGE_CURVE('',#5172,#5170,#338,.T.);
#4299=EDGE_CURVE('',#5173,#5172,#1198,.T.);
#4300=EDGE_CURVE('',#5173,#5171,#339,.T.);
#4301=EDGE_CURVE('',#5174,#5172,#340,.T.);
#4302=EDGE_CURVE('',#5175,#5174,#1199,.T.);
#4303=EDGE_CURVE('',#5175,#5173,#341,.T.);
#4304=EDGE_CURVE('',#5176,#5174,#342,.T.);
#4305=EDGE_CURVE('',#5177,#5176,#1200,.T.);
#4306=EDGE_CURVE('',#5177,#5175,#343,.T.);
#4307=EDGE_CURVE('',#5178,#5176,#344,.T.);
#4308=EDGE_CURVE('',#5179,#5178,#1201,.T.);
#4309=EDGE_CURVE('',#5179,#5177,#345,.T.);
#4310=EDGE_CURVE('',#5180,#5178,#346,.T.);
#4311=EDGE_CURVE('',#5181,#5180,#1202,.T.);
#4312=EDGE_CURVE('',#5181,#5179,#347,.T.);
#4313=EDGE_CURVE('',#5182,#5180,#348,.T.);
#4314=EDGE_CURVE('',#5183,#5182,#1203,.T.);
#4315=EDGE_CURVE('',#5183,#5181,#349,.T.);
#4316=EDGE_CURVE('',#5184,#5182,#350,.T.);
#4317=EDGE_CURVE('',#5185,#5184,#1204,.T.);
#4318=EDGE_CURVE('',#5185,#5183,#351,.T.);
#4319=EDGE_CURVE('',#5186,#5184,#352,.T.);
#4320=EDGE_CURVE('',#5187,#5186,#1205,.T.);
#4321=EDGE_CURVE('',#5187,#5185,#353,.T.);
#4322=EDGE_CURVE('',#5188,#5186,#354,.T.);
#4323=EDGE_CURVE('',#5189,#5188,#1206,.T.);
#4324=EDGE_CURVE('',#5189,#5187,#355,.T.);
#4325=EDGE_CURVE('',#5190,#5188,#356,.T.);
#4326=EDGE_CURVE('',#5191,#5190,#1207,.T.);
#4327=EDGE_CURVE('',#5191,#5189,#357,.T.);
#4328=EDGE_CURVE('',#5192,#5190,#358,.T.);
#4329=EDGE_CURVE('',#5193,#5192,#1208,.T.);
#4330=EDGE_CURVE('',#5193,#5191,#359,.T.);
#4331=EDGE_CURVE('',#5194,#5192,#360,.T.);
#4332=EDGE_CURVE('',#5195,#5194,#1209,.T.);
#4333=EDGE_CURVE('',#5195,#5193,#361,.T.);
#4334=EDGE_CURVE('',#5196,#5194,#362,.T.);
#4335=EDGE_CURVE('',#5197,#5196,#1210,.T.);
#4336=EDGE_CURVE('',#5197,#5195,#363,.T.);
#4337=EDGE_CURVE('',#5198,#5196,#364,.T.);
#4338=EDGE_CURVE('',#5199,#5198,#1211,.T.);
#4339=EDGE_CURVE('',#5199,#5197,#365,.T.);
#4340=EDGE_CURVE('',#5200,#5198,#366,.T.);
#4341=EDGE_CURVE('',#5201,#5200,#1212,.T.);
#4342=EDGE_CURVE('',#5201,#5199,#367,.T.);
#4343=EDGE_CURVE('',#5202,#5200,#368,.T.);
#4344=EDGE_CURVE('',#5203,#5202,#1213,.T.);
#4345=EDGE_CURVE('',#5203,#5201,#369,.T.);
#4346=EDGE_CURVE('',#5204,#5205,#370,.T.);
#4347=EDGE_CURVE('',#5206,#5204,#1214,.T.);
#4348=EDGE_CURVE('',#5206,#5207,#371,.T.);
#4349=EDGE_CURVE('',#5207,#5205,#1215,.T.);
#4350=EDGE_CURVE('',#5208,#5204,#372,.T.);
#4351=EDGE_CURVE('',#5209,#5208,#1216,.T.);
#4352=EDGE_CURVE('',#5209,#5206,#373,.T.);
#4353=EDGE_CURVE('',#5210,#5208,#374,.T.);
#4354=EDGE_CURVE('',#5211,#5210,#1217,.T.);
#4355=EDGE_CURVE('',#5211,#5209,#375,.T.);
#4356=EDGE_CURVE('',#5212,#5210,#376,.T.);
#4357=EDGE_CURVE('',#5213,#5212,#1218,.T.);
#4358=EDGE_CURVE('',#5213,#5211,#377,.T.);
#4359=EDGE_CURVE('',#5214,#5212,#378,.T.);
#4360=EDGE_CURVE('',#5215,#5214,#1219,.T.);
#4361=EDGE_CURVE('',#5215,#5213,#379,.T.);
#4362=EDGE_CURVE('',#5216,#5214,#380,.T.);
#4363=EDGE_CURVE('',#5217,#5216,#1220,.T.);
#4364=EDGE_CURVE('',#5217,#5215,#381,.T.);
#4365=EDGE_CURVE('',#5218,#5216,#382,.T.);
#4366=EDGE_CURVE('',#5219,#5218,#1221,.T.);
#4367=EDGE_CURVE('',#5219,#5217,#383,.T.);
#4368=EDGE_CURVE('',#5220,#5218,#384,.T.);
#4369=EDGE_CURVE('',#5221,#5220,#1222,.T.);
#4370=EDGE_CURVE('',#5221,#5219,#385,.T.);
#4371=EDGE_CURVE('',#5222,#5220,#386,.T.);
#4372=EDGE_CURVE('',#5223,#5222,#1223,.T.);
#4373=EDGE_CURVE('',#5223,#5221,#387,.T.);
#4374=EDGE_CURVE('',#5224,#5222,#388,.T.);
#4375=EDGE_CURVE('',#5225,#5224,#1224,.T.);
#4376=EDGE_CURVE('',#5225,#5223,#389,.T.);
#4377=EDGE_CURVE('',#5226,#5224,#390,.T.);
#4378=EDGE_CURVE('',#5227,#5226,#1225,.T.);
#4379=EDGE_CURVE('',#5227,#5225,#391,.T.);
#4380=EDGE_CURVE('',#5228,#5226,#392,.T.);
#4381=EDGE_CURVE('',#5229,#5228,#1226,.T.);
#4382=EDGE_CURVE('',#5229,#5227,#393,.T.);
#4383=EDGE_CURVE('',#5230,#5228,#394,.T.);
#4384=EDGE_CURVE('',#5231,#5230,#1227,.T.);
#4385=EDGE_CURVE('',#5231,#5229,#395,.T.);
#4386=EDGE_CURVE('',#5232,#5230,#396,.T.);
#4387=EDGE_CURVE('',#5233,#5232,#1228,.T.);
#4388=EDGE_CURVE('',#5233,#5231,#397,.T.);
#4389=EDGE_CURVE('',#5234,#5232,#398,.T.);
#4390=EDGE_CURVE('',#5235,#5234,#1229,.T.);
#4391=EDGE_CURVE('',#5235,#5233,#399,.T.);
#4392=EDGE_CURVE('',#5236,#5234,#400,.T.);
#4393=EDGE_CURVE('',#5237,#5236,#1230,.T.);
#4394=EDGE_CURVE('',#5237,#5235,#401,.T.);
#4395=EDGE_CURVE('',#5238,#5236,#402,.T.);
#4396=EDGE_CURVE('',#5239,#5238,#1231,.T.);
#4397=EDGE_CURVE('',#5239,#5237,#403,.T.);
#4398=EDGE_CURVE('',#5240,#5238,#404,.T.);
#4399=EDGE_CURVE('',#5241,#5240,#1232,.T.);
#4400=EDGE_CURVE('',#5241,#5239,#405,.T.);
#4401=EDGE_CURVE('',#5242,#5240,#406,.T.);
#4402=EDGE_CURVE('',#5243,#5242,#1233,.T.);
#4403=EDGE_CURVE('',#5243,#5241,#407,.T.);
#4404=EDGE_CURVE('',#5244,#5242,#408,.T.);
#4405=EDGE_CURVE('',#5245,#5244,#1234,.T.);
#4406=EDGE_CURVE('',#5245,#5243,#409,.T.);
#4407=EDGE_CURVE('',#5246,#5244,#410,.T.);
#4408=EDGE_CURVE('',#5247,#5246,#1235,.T.);
#4409=EDGE_CURVE('',#5247,#5245,#411,.T.);
#4410=EDGE_CURVE('',#5248,#5246,#412,.T.);
#4411=EDGE_CURVE('',#5249,#5248,#1236,.T.);
#4412=EDGE_CURVE('',#5249,#5247,#413,.T.);
#4413=EDGE_CURVE('',#5250,#5248,#414,.T.);
#4414=EDGE_CURVE('',#5251,#5250,#1237,.T.);
#4415=EDGE_CURVE('',#5251,#5249,#415,.T.);
#4416=EDGE_CURVE('',#5252,#5250,#416,.T.);
#4417=EDGE_CURVE('',#5253,#5252,#1238,.T.);
#4418=EDGE_CURVE('',#5253,#5251,#417,.T.);
#4419=EDGE_CURVE('',#5254,#5252,#418,.T.);
#4420=EDGE_CURVE('',#5255,#5254,#1239,.T.);
#4421=EDGE_CURVE('',#5255,#5253,#419,.T.);
#4422=EDGE_CURVE('',#5256,#5254,#420,.T.);
#4423=EDGE_CURVE('',#5257,#5256,#1240,.T.);
#4424=EDGE_CURVE('',#5257,#5255,#421,.T.);
#4425=EDGE_CURVE('',#5258,#5256,#422,.T.);
#4426=EDGE_CURVE('',#5259,#5258,#1241,.T.);
#4427=EDGE_CURVE('',#5259,#5257,#423,.T.);
#4428=EDGE_CURVE('',#5260,#5258,#424,.T.);
#4429=EDGE_CURVE('',#5261,#5260,#1242,.T.);
#4430=EDGE_CURVE('',#5261,#5259,#425,.T.);
#4431=EDGE_CURVE('',#5262,#5260,#426,.T.);
#4432=EDGE_CURVE('',#5263,#5262,#1243,.T.);
#4433=EDGE_CURVE('',#5263,#5261,#427,.T.);
#4434=EDGE_CURVE('',#5264,#5265,#428,.T.);
#4435=EDGE_CURVE('',#5266,#5264,#1244,.T.);
#4436=EDGE_CURVE('',#5266,#5267,#429,.T.);
#4437=EDGE_CURVE('',#5267,#5265,#1245,.T.);
#4438=EDGE_CURVE('',#5268,#5264,#430,.T.);
#4439=EDGE_CURVE('',#5269,#5268,#1246,.T.);
#4440=EDGE_CURVE('',#5269,#5266,#431,.T.);
#4441=EDGE_CURVE('',#5270,#5268,#432,.T.);
#4442=EDGE_CURVE('',#5271,#5270,#1247,.T.);
#4443=EDGE_CURVE('',#5271,#5269,#433,.T.);
#4444=EDGE_CURVE('',#5272,#5270,#434,.T.);
#4445=EDGE_CURVE('',#5273,#5272,#1248,.T.);
#4446=EDGE_CURVE('',#5273,#5271,#435,.T.);
#4447=EDGE_CURVE('',#5274,#5272,#436,.T.);
#4448=EDGE_CURVE('',#5275,#5274,#1249,.T.);
#4449=EDGE_CURVE('',#5275,#5273,#437,.T.);
#4450=EDGE_CURVE('',#5276,#5274,#438,.T.);
#4451=EDGE_CURVE('',#5277,#5276,#1250,.T.);
#4452=EDGE_CURVE('',#5277,#5275,#439,.T.);
#4453=EDGE_CURVE('',#5278,#5276,#440,.T.);
#4454=EDGE_CURVE('',#5279,#5278,#1251,.T.);
#4455=EDGE_CURVE('',#5279,#5277,#441,.T.);
#4456=EDGE_CURVE('',#5280,#5278,#442,.T.);
#4457=EDGE_CURVE('',#5281,#5280,#1252,.T.);
#4458=EDGE_CURVE('',#5281,#5279,#443,.T.);
#4459=EDGE_CURVE('',#5282,#5280,#444,.T.);
#4460=EDGE_CURVE('',#5283,#5282,#1253,.T.);
#4461=EDGE_CURVE('',#5283,#5281,#445,.T.);
#4462=EDGE_CURVE('',#5284,#5282,#446,.T.);
#4463=EDGE_CURVE('',#5285,#5284,#1254,.T.);
#4464=EDGE_CURVE('',#5285,#5283,#447,.T.);
#4465=EDGE_CURVE('',#5286,#5284,#448,.T.);
#4466=EDGE_CURVE('',#5287,#5286,#1255,.T.);
#4467=EDGE_CURVE('',#5287,#5285,#449,.T.);
#4468=EDGE_CURVE('',#5288,#5286,#450,.T.);
#4469=EDGE_CURVE('',#5289,#5288,#1256,.T.);
#4470=EDGE_CURVE('',#5289,#5287,#451,.T.);
#4471=EDGE_CURVE('',#5290,#5288,#452,.T.);
#4472=EDGE_CURVE('',#5291,#5290,#1257,.T.);
#4473=EDGE_CURVE('',#5291,#5289,#453,.T.);
#4474=EDGE_CURVE('',#5292,#5290,#454,.T.);
#4475=EDGE_CURVE('',#5293,#5292,#1258,.T.);
#4476=EDGE_CURVE('',#5293,#5291,#455,.T.);
#4477=EDGE_CURVE('',#5294,#5292,#456,.T.);
#4478=EDGE_CURVE('',#5295,#5294,#1259,.T.);
#4479=EDGE_CURVE('',#5295,#5293,#457,.T.);
#4480=EDGE_CURVE('',#5296,#5294,#458,.T.);
#4481=EDGE_CURVE('',#5297,#5296,#1260,.T.);
#4482=EDGE_CURVE('',#5297,#5295,#459,.T.);
#4483=EDGE_CURVE('',#5298,#5296,#460,.T.);
#4484=EDGE_CURVE('',#5299,#5298,#1261,.T.);
#4485=EDGE_CURVE('',#5299,#5297,#461,.T.);
#4486=EDGE_CURVE('',#5300,#5298,#462,.T.);
#4487=EDGE_CURVE('',#5301,#5300,#1262,.T.);
#4488=EDGE_CURVE('',#5301,#5299,#463,.T.);
#4489=EDGE_CURVE('',#5302,#5300,#464,.T.);
#4490=EDGE_CURVE('',#5303,#5302,#1263,.T.);
#4491=EDGE_CURVE('',#5303,#5301,#465,.T.);
#4492=EDGE_CURVE('',#5304,#5302,#466,.T.);
#4493=EDGE_CURVE('',#5305,#5304,#1264,.T.);
#4494=EDGE_CURVE('',#5305,#5303,#467,.T.);
#4495=EDGE_CURVE('',#5306,#5304,#468,.T.);
#4496=EDGE_CURVE('',#5307,#5306,#1265,.T.);
#4497=EDGE_CURVE('',#5307,#5305,#469,.T.);
#4498=EDGE_CURVE('',#5308,#5306,#470,.T.);
#4499=EDGE_CURVE('',#5309,#5308,#1266,.T.);
#4500=EDGE_CURVE('',#5309,#5307,#471,.T.);
#4501=EDGE_CURVE('',#5310,#5308,#472,.T.);
#4502=EDGE_CURVE('',#5311,#5310,#1267,.T.);
#4503=EDGE_CURVE('',#5311,#5309,#473,.T.);
#4504=EDGE_CURVE('',#5312,#5310,#474,.T.);
#4505=EDGE_CURVE('',#5313,#5312,#1268,.T.);
#4506=EDGE_CURVE('',#5313,#5311,#475,.T.);
#4507=EDGE_CURVE('',#5314,#5312,#476,.T.);
#4508=EDGE_CURVE('',#5315,#5314,#1269,.T.);
#4509=EDGE_CURVE('',#5315,#5313,#477,.T.);
#4510=EDGE_CURVE('',#5316,#5314,#478,.T.);
#4511=EDGE_CURVE('',#5317,#5316,#1270,.T.);
#4512=EDGE_CURVE('',#5317,#5315,#479,.T.);
#4513=EDGE_CURVE('',#5318,#5316,#480,.T.);
#4514=EDGE_CURVE('',#5319,#5318,#1271,.T.);
#4515=EDGE_CURVE('',#5319,#5317,#481,.T.);
#4516=EDGE_CURVE('',#5320,#5318,#482,.T.);
#4517=EDGE_CURVE('',#5321,#5320,#1272,.T.);
#4518=EDGE_CURVE('',#5321,#5319,#483,.T.);
#4519=EDGE_CURVE('',#5322,#5320,#484,.T.);
#4520=EDGE_CURVE('',#5323,#5322,#1273,.T.);
#4521=EDGE_CURVE('',#5323,#5321,#485,.T.);
#4522=EDGE_CURVE('',#5324,#5322,#486,.T.);
#4523=EDGE_CURVE('',#5325,#5324,#1274,.T.);
#4524=EDGE_CURVE('',#5325,#5323,#487,.T.);
#4525=EDGE_CURVE('',#5326,#5324,#488,.T.);
#4526=EDGE_CURVE('',#5327,#5326,#1275,.T.);
#4527=EDGE_CURVE('',#5327,#5325,#489,.T.);
#4528=EDGE_CURVE('',#5328,#5326,#490,.T.);
#4529=EDGE_CURVE('',#5329,#5328,#1276,.T.);
#4530=EDGE_CURVE('',#5329,#5327,#491,.T.);
#4531=EDGE_CURVE('',#5330,#5328,#492,.T.);
#4532=EDGE_CURVE('',#5331,#5330,#1277,.T.);
#4533=EDGE_CURVE('',#5331,#5329,#493,.T.);
#4534=EDGE_CURVE('',#5332,#5330,#494,.T.);
#4535=EDGE_CURVE('',#5333,#5332,#1278,.T.);
#4536=EDGE_CURVE('',#5333,#5331,#495,.T.);
#4537=EDGE_CURVE('',#5334,#5332,#496,.T.);
#4538=EDGE_CURVE('',#5335,#5334,#1279,.T.);
#4539=EDGE_CURVE('',#5335,#5333,#497,.T.);
#4540=EDGE_CURVE('',#5336,#5334,#498,.T.);
#4541=EDGE_CURVE('',#5337,#5336,#1280,.T.);
#4542=EDGE_CURVE('',#5337,#5335,#499,.T.);
#4543=EDGE_CURVE('',#5338,#5336,#500,.T.);
#4544=EDGE_CURVE('',#5339,#5338,#1281,.T.);
#4545=EDGE_CURVE('',#5339,#5337,#501,.T.);
#4546=EDGE_CURVE('',#5340,#5338,#502,.T.);
#4547=EDGE_CURVE('',#5341,#5340,#1282,.T.);
#4548=EDGE_CURVE('',#5341,#5339,#503,.T.);
#4549=EDGE_CURVE('',#5342,#5340,#504,.T.);
#4550=EDGE_CURVE('',#5343,#5342,#1283,.T.);
#4551=EDGE_CURVE('',#5343,#5341,#505,.T.);
#4552=EDGE_CURVE('',#5344,#5342,#506,.T.);
#4553=EDGE_CURVE('',#5345,#5344,#1284,.T.);
#4554=EDGE_CURVE('',#5345,#5343,#507,.T.);
#4555=EDGE_CURVE('',#5346,#5344,#508,.T.);
#4556=EDGE_CURVE('',#5347,#5346,#1285,.T.);
#4557=EDGE_CURVE('',#5347,#5345,#509,.T.);
#4558=EDGE_CURVE('',#5348,#5346,#510,.T.);
#4559=EDGE_CURVE('',#5349,#5348,#1286,.T.);
#4560=EDGE_CURVE('',#5349,#5347,#511,.T.);
#4561=EDGE_CURVE('',#5350,#5348,#512,.T.);
#4562=EDGE_CURVE('',#5351,#5350,#1287,.T.);
#4563=EDGE_CURVE('',#5351,#5349,#513,.T.);
#4564=EDGE_CURVE('',#5352,#5353,#514,.T.);
#4565=EDGE_CURVE('',#5354,#5352,#1288,.T.);
#4566=EDGE_CURVE('',#5354,#5355,#515,.T.);
#4567=EDGE_CURVE('',#5355,#5353,#1289,.T.);
#4568=EDGE_CURVE('',#5356,#5352,#516,.T.);
#4569=EDGE_CURVE('',#5357,#5356,#1290,.T.);
#4570=EDGE_CURVE('',#5357,#5354,#517,.T.);
#4571=EDGE_CURVE('',#5358,#5356,#518,.T.);
#4572=EDGE_CURVE('',#5359,#5358,#1291,.T.);
#4573=EDGE_CURVE('',#5359,#5357,#519,.T.);
#4574=EDGE_CURVE('',#5360,#5358,#520,.T.);
#4575=EDGE_CURVE('',#5361,#5360,#1292,.T.);
#4576=EDGE_CURVE('',#5361,#5359,#521,.T.);
#4577=EDGE_CURVE('',#5362,#5360,#522,.T.);
#4578=EDGE_CURVE('',#5363,#5362,#1293,.T.);
#4579=EDGE_CURVE('',#5363,#5361,#523,.T.);
#4580=EDGE_CURVE('',#5364,#5362,#524,.T.);
#4581=EDGE_CURVE('',#5365,#5364,#1294,.T.);
#4582=EDGE_CURVE('',#5365,#5363,#525,.T.);
#4583=EDGE_CURVE('',#5366,#5364,#526,.T.);
#4584=EDGE_CURVE('',#5367,#5366,#1295,.T.);
#4585=EDGE_CURVE('',#5367,#5365,#527,.T.);
#4586=EDGE_CURVE('',#5368,#5366,#528,.T.);
#4587=EDGE_CURVE('',#5369,#5368,#1296,.T.);
#4588=EDGE_CURVE('',#5369,#5367,#529,.T.);
#4589=EDGE_CURVE('',#5370,#5368,#530,.T.);
#4590=EDGE_CURVE('',#5371,#5370,#1297,.T.);
#4591=EDGE_CURVE('',#5371,#5369,#531,.T.);
#4592=EDGE_CURVE('',#5372,#5370,#532,.T.);
#4593=EDGE_CURVE('',#5373,#5372,#1298,.T.);
#4594=EDGE_CURVE('',#5373,#5371,#533,.T.);
#4595=EDGE_CURVE('',#5374,#5372,#534,.T.);
#4596=EDGE_CURVE('',#5375,#5374,#1299,.T.);
#4597=EDGE_CURVE('',#5375,#5373,#535,.T.);
#4598=EDGE_CURVE('',#5376,#5374,#536,.T.);
#4599=EDGE_CURVE('',#5377,#5376,#1300,.T.);
#4600=EDGE_CURVE('',#5377,#5375,#537,.T.);
#4601=EDGE_CURVE('',#5378,#5376,#538,.T.);
#4602=EDGE_CURVE('',#5379,#5378,#1301,.T.);
#4603=EDGE_CURVE('',#5379,#5377,#539,.T.);
#4604=EDGE_CURVE('',#5380,#5378,#540,.T.);
#4605=EDGE_CURVE('',#5381,#5380,#1302,.T.);
#4606=EDGE_CURVE('',#5381,#5379,#541,.T.);
#4607=EDGE_CURVE('',#5382,#5380,#542,.T.);
#4608=EDGE_CURVE('',#5383,#5382,#1303,.T.);
#4609=EDGE_CURVE('',#5383,#5381,#543,.T.);
#4610=EDGE_CURVE('',#5384,#5382,#544,.T.);
#4611=EDGE_CURVE('',#5385,#5384,#1304,.T.);
#4612=EDGE_CURVE('',#5385,#5383,#545,.T.);
#4613=EDGE_CURVE('',#5386,#5384,#546,.T.);
#4614=EDGE_CURVE('',#5387,#5386,#1305,.T.);
#4615=EDGE_CURVE('',#5387,#5385,#547,.T.);
#4616=EDGE_CURVE('',#5388,#5386,#548,.T.);
#4617=EDGE_CURVE('',#5389,#5388,#1306,.T.);
#4618=EDGE_CURVE('',#5389,#5387,#549,.T.);
#4619=EDGE_CURVE('',#5390,#5388,#550,.T.);
#4620=EDGE_CURVE('',#5391,#5390,#1307,.T.);
#4621=EDGE_CURVE('',#5391,#5389,#551,.T.);
#4622=EDGE_CURVE('',#5392,#5390,#552,.T.);
#4623=EDGE_CURVE('',#5393,#5392,#1308,.T.);
#4624=EDGE_CURVE('',#5393,#5391,#553,.T.);
#4625=EDGE_CURVE('',#5394,#5392,#554,.T.);
#4626=EDGE_CURVE('',#5395,#5394,#1309,.T.);
#4627=EDGE_CURVE('',#5395,#5393,#555,.T.);
#4628=EDGE_CURVE('',#5396,#5394,#556,.T.);
#4629=EDGE_CURVE('',#5397,#5396,#1310,.T.);
#4630=EDGE_CURVE('',#5397,#5395,#557,.T.);
#4631=EDGE_CURVE('',#5398,#5396,#558,.T.);
#4632=EDGE_CURVE('',#5399,#5398,#1311,.T.);
#4633=EDGE_CURVE('',#5399,#5397,#559,.T.);
#4634=EDGE_CURVE('',#5400,#5398,#560,.T.);
#4635=EDGE_CURVE('',#5401,#5400,#1312,.T.);
#4636=EDGE_CURVE('',#5401,#5399,#561,.T.);
#4637=EDGE_CURVE('',#5402,#5400,#562,.T.);
#4638=EDGE_CURVE('',#5403,#5402,#1313,.T.);
#4639=EDGE_CURVE('',#5403,#5401,#563,.T.);
#4640=EDGE_CURVE('',#5404,#5402,#564,.T.);
#4641=EDGE_CURVE('',#5405,#5404,#1314,.T.);
#4642=EDGE_CURVE('',#5405,#5403,#565,.T.);
#4643=EDGE_CURVE('',#5406,#5404,#566,.T.);
#4644=EDGE_CURVE('',#5407,#5406,#1315,.T.);
#4645=EDGE_CURVE('',#5407,#5405,#567,.T.);
#4646=EDGE_CURVE('',#5408,#5409,#568,.T.);
#4647=EDGE_CURVE('',#5410,#5408,#1316,.T.);
#4648=EDGE_CURVE('',#5410,#5411,#569,.T.);
#4649=EDGE_CURVE('',#5411,#5409,#1317,.T.);
#4650=EDGE_CURVE('',#5412,#5408,#570,.T.);
#4651=EDGE_CURVE('',#5413,#5412,#1318,.T.);
#4652=EDGE_CURVE('',#5413,#5410,#571,.T.);
#4653=EDGE_CURVE('',#5414,#5412,#572,.T.);
#4654=EDGE_CURVE('',#5415,#5414,#1319,.T.);
#4655=EDGE_CURVE('',#5415,#5413,#573,.T.);
#4656=EDGE_CURVE('',#5416,#5414,#574,.T.);
#4657=EDGE_CURVE('',#5417,#5416,#1320,.T.);
#4658=EDGE_CURVE('',#5417,#5415,#575,.T.);
#4659=EDGE_CURVE('',#5418,#5416,#576,.T.);
#4660=EDGE_CURVE('',#5419,#5418,#1321,.T.);
#4661=EDGE_CURVE('',#5419,#5417,#577,.T.);
#4662=EDGE_CURVE('',#5420,#5418,#578,.T.);
#4663=EDGE_CURVE('',#5421,#5420,#1322,.T.);
#4664=EDGE_CURVE('',#5421,#5419,#579,.T.);
#4665=EDGE_CURVE('',#5422,#5420,#580,.T.);
#4666=EDGE_CURVE('',#5423,#5422,#1323,.T.);
#4667=EDGE_CURVE('',#5423,#5421,#581,.T.);
#4668=EDGE_CURVE('',#5424,#5422,#582,.T.);
#4669=EDGE_CURVE('',#5425,#5424,#1324,.T.);
#4670=EDGE_CURVE('',#5425,#5423,#583,.T.);
#4671=EDGE_CURVE('',#5426,#5424,#584,.T.);
#4672=EDGE_CURVE('',#5427,#5426,#1325,.T.);
#4673=EDGE_CURVE('',#5427,#5425,#585,.T.);
#4674=EDGE_CURVE('',#5428,#5426,#586,.T.);
#4675=EDGE_CURVE('',#5429,#5428,#1326,.T.);
#4676=EDGE_CURVE('',#5429,#5427,#587,.T.);
#4677=EDGE_CURVE('',#5430,#5428,#588,.T.);
#4678=EDGE_CURVE('',#5431,#5430,#1327,.T.);
#4679=EDGE_CURVE('',#5431,#5429,#589,.T.);
#4680=EDGE_CURVE('',#5432,#5430,#590,.T.);
#4681=EDGE_CURVE('',#5433,#5432,#1328,.T.);
#4682=EDGE_CURVE('',#5433,#5431,#591,.T.);
#4683=EDGE_CURVE('',#5434,#5432,#592,.T.);
#4684=EDGE_CURVE('',#5435,#5434,#1329,.T.);
#4685=EDGE_CURVE('',#5435,#5433,#593,.T.);
#4686=EDGE_CURVE('',#5436,#5434,#594,.T.);
#4687=EDGE_CURVE('',#5437,#5436,#1330,.T.);
#4688=EDGE_CURVE('',#5437,#5435,#595,.T.);
#4689=EDGE_CURVE('',#5438,#5436,#596,.T.);
#4690=EDGE_CURVE('',#5439,#5438,#1331,.T.);
#4691=EDGE_CURVE('',#5439,#5437,#597,.T.);
#4692=EDGE_CURVE('',#5440,#5438,#598,.T.);
#4693=EDGE_CURVE('',#5441,#5440,#1332,.T.);
#4694=EDGE_CURVE('',#5441,#5439,#599,.T.);
#4695=EDGE_CURVE('',#5442,#5440,#600,.T.);
#4696=EDGE_CURVE('',#5443,#5442,#1333,.T.);
#4697=EDGE_CURVE('',#5443,#5441,#601,.T.);
#4698=EDGE_CURVE('',#5444,#5442,#602,.T.);
#4699=EDGE_CURVE('',#5445,#5444,#1334,.T.);
#4700=EDGE_CURVE('',#5445,#5443,#603,.T.);
#4701=EDGE_CURVE('',#5446,#5444,#604,.T.);
#4702=EDGE_CURVE('',#5447,#5446,#1335,.T.);
#4703=EDGE_CURVE('',#5447,#5445,#605,.T.);
#4704=EDGE_CURVE('',#5448,#5446,#606,.T.);
#4705=EDGE_CURVE('',#5449,#5448,#1336,.T.);
#4706=EDGE_CURVE('',#5449,#5447,#607,.T.);
#4707=EDGE_CURVE('',#5450,#5448,#608,.T.);
#4708=EDGE_CURVE('',#5451,#5450,#1337,.T.);
#4709=EDGE_CURVE('',#5451,#5449,#609,.T.);
#4710=EDGE_CURVE('',#5452,#5450,#610,.T.);
#4711=EDGE_CURVE('',#5453,#5452,#1338,.T.);
#4712=EDGE_CURVE('',#5453,#5451,#611,.T.);
#4713=EDGE_CURVE('',#5454,#5452,#612,.T.);
#4714=EDGE_CURVE('',#5455,#5454,#1339,.T.);
#4715=EDGE_CURVE('',#5455,#5453,#613,.T.);
#4716=EDGE_CURVE('',#5456,#5454,#614,.T.);
#4717=EDGE_CURVE('',#5457,#5456,#1340,.T.);
#4718=EDGE_CURVE('',#5457,#5455,#615,.T.);
#4719=EDGE_CURVE('',#5458,#5456,#616,.T.);
#4720=EDGE_CURVE('',#5459,#5458,#1341,.T.);
#4721=EDGE_CURVE('',#5459,#5457,#617,.T.);
#4722=EDGE_CURVE('',#5460,#5458,#618,.T.);
#4723=EDGE_CURVE('',#5461,#5460,#1342,.T.);
#4724=EDGE_CURVE('',#5461,#5459,#619,.T.);
#4725=EDGE_CURVE('',#5462,#5460,#620,.T.);
#4726=EDGE_CURVE('',#5463,#5462,#1343,.T.);
#4727=EDGE_CURVE('',#5463,#5461,#621,.T.);
#4728=EDGE_CURVE('',#5464,#5462,#622,.T.);
#4729=EDGE_CURVE('',#5465,#5464,#1344,.T.);
#4730=EDGE_CURVE('',#5465,#5463,#623,.T.);
#4731=EDGE_CURVE('',#5466,#5464,#624,.T.);
#4732=EDGE_CURVE('',#5467,#5466,#1345,.T.);
#4733=EDGE_CURVE('',#5467,#5465,#625,.T.);
#4734=EDGE_CURVE('',#5468,#5466,#626,.T.);
#4735=EDGE_CURVE('',#5469,#5468,#1346,.T.);
#4736=EDGE_CURVE('',#5469,#5467,#627,.T.);
#4737=EDGE_CURVE('',#5470,#5468,#628,.T.);
#4738=EDGE_CURVE('',#5471,#5470,#1347,.T.);
#4739=EDGE_CURVE('',#5471,#5469,#629,.T.);
#4740=EDGE_CURVE('',#5472,#5470,#630,.T.);
#4741=EDGE_CURVE('',#5473,#5472,#1348,.T.);
#4742=EDGE_CURVE('',#5473,#5471,#631,.T.);
#4743=EDGE_CURVE('',#5474,#5472,#632,.T.);
#4744=EDGE_CURVE('',#5475,#5474,#1349,.T.);
#4745=EDGE_CURVE('',#5475,#5473,#633,.T.);
#4746=EDGE_CURVE('',#5476,#5474,#634,.T.);
#4747=EDGE_CURVE('',#5477,#5476,#1350,.T.);
#4748=EDGE_CURVE('',#5477,#5475,#635,.T.);
#4749=EDGE_CURVE('',#5478,#5476,#1351,.T.);
#4750=EDGE_CURVE('',#5479,#5478,#1352,.T.);
#4751=EDGE_CURVE('',#5479,#5477,#1353,.T.);
#4752=EDGE_CURVE('',#5480,#5478,#1354,.T.);
#4753=EDGE_CURVE('',#5481,#5480,#1355,.T.);
#4754=EDGE_CURVE('',#5481,#5479,#1356,.T.);
#4755=EDGE_CURVE('',#5482,#5480,#636,.T.);
#4756=EDGE_CURVE('',#5483,#5482,#1357,.T.);
#4757=EDGE_CURVE('',#5483,#5481,#637,.T.);
#4758=EDGE_CURVE('',#5484,#5482,#638,.T.);
#4759=EDGE_CURVE('',#5485,#5484,#1358,.T.);
#4760=EDGE_CURVE('',#5485,#5483,#639,.T.);
#4761=EDGE_CURVE('',#5486,#5484,#640,.T.);
#4762=EDGE_CURVE('',#5487,#5486,#1359,.T.);
#4763=EDGE_CURVE('',#5487,#5485,#641,.T.);
#4764=EDGE_CURVE('',#5488,#5486,#642,.T.);
#4765=EDGE_CURVE('',#5489,#5488,#1360,.T.);
#4766=EDGE_CURVE('',#5489,#5487,#643,.T.);
#4767=EDGE_CURVE('',#5490,#5488,#644,.T.);
#4768=EDGE_CURVE('',#5491,#5490,#1361,.T.);
#4769=EDGE_CURVE('',#5491,#5489,#645,.T.);
#4770=EDGE_CURVE('',#5492,#5490,#646,.T.);
#4771=EDGE_CURVE('',#5493,#5492,#1362,.T.);
#4772=EDGE_CURVE('',#5493,#5491,#647,.T.);
#4773=EDGE_CURVE('',#5494,#5492,#648,.T.);
#4774=EDGE_CURVE('',#5495,#5494,#1363,.T.);
#4775=EDGE_CURVE('',#5495,#5493,#649,.T.);
#4776=EDGE_CURVE('',#5496,#5494,#650,.T.);
#4777=EDGE_CURVE('',#5497,#5496,#1364,.T.);
#4778=EDGE_CURVE('',#5497,#5495,#651,.T.);
#4779=EDGE_CURVE('',#5498,#5496,#652,.T.);
#4780=EDGE_CURVE('',#5499,#5498,#1365,.T.);
#4781=EDGE_CURVE('',#5499,#5497,#653,.T.);
#4782=EDGE_CURVE('',#5500,#5498,#654,.T.);
#4783=EDGE_CURVE('',#5501,#5500,#1366,.T.);
#4784=EDGE_CURVE('',#5501,#5499,#655,.T.);
#4785=EDGE_CURVE('',#5502,#5500,#656,.T.);
#4786=EDGE_CURVE('',#5503,#5502,#1367,.T.);
#4787=EDGE_CURVE('',#5503,#5501,#657,.T.);
#4788=EDGE_CURVE('',#5504,#5502,#658,.T.);
#4789=EDGE_CURVE('',#5505,#5504,#1368,.T.);
#4790=EDGE_CURVE('',#5505,#5503,#659,.T.);
#4791=EDGE_CURVE('',#5506,#5504,#660,.T.);
#4792=EDGE_CURVE('',#5507,#5506,#1369,.T.);
#4793=EDGE_CURVE('',#5507,#5505,#661,.T.);
#4794=EDGE_CURVE('',#5508,#5506,#662,.T.);
#4795=EDGE_CURVE('',#5509,#5508,#1370,.T.);
#4796=EDGE_CURVE('',#5509,#5507,#663,.T.);
#4797=EDGE_CURVE('',#5510,#5508,#664,.T.);
#4798=EDGE_CURVE('',#5511,#5510,#1371,.T.);
#4799=EDGE_CURVE('',#5511,#5509,#665,.T.);
#4800=EDGE_CURVE('',#5512,#5510,#666,.T.);
#4801=EDGE_CURVE('',#5513,#5512,#1372,.T.);
#4802=EDGE_CURVE('',#5513,#5511,#667,.T.);
#4803=EDGE_CURVE('',#5514,#5512,#668,.T.);
#4804=EDGE_CURVE('',#5515,#5514,#1373,.T.);
#4805=EDGE_CURVE('',#5515,#5513,#669,.T.);
#4806=EDGE_CURVE('',#5516,#5514,#670,.T.);
#4807=EDGE_CURVE('',#5517,#5516,#1374,.T.);
#4808=EDGE_CURVE('',#5517,#5515,#671,.T.);
#4809=EDGE_CURVE('',#5518,#5516,#672,.T.);
#4810=EDGE_CURVE('',#5519,#5518,#1375,.T.);
#4811=EDGE_CURVE('',#5519,#5517,#673,.T.);
#4812=EDGE_CURVE('',#4843,#4966,#674,.T.);
#4813=EDGE_CURVE('',#4845,#4967,#675,.T.);
#4814=EDGE_CURVE('',#4969,#5050,#676,.T.);
#4815=EDGE_CURVE('',#4971,#5051,#677,.T.);
#4816=EDGE_CURVE('',#5053,#5122,#678,.T.);
#4817=EDGE_CURVE('',#5055,#5123,#679,.T.);
#4818=EDGE_CURVE('',#5125,#5202,#680,.T.);
#4819=EDGE_CURVE('',#5127,#5203,#681,.T.);
#4820=EDGE_CURVE('',#5205,#5262,#682,.T.);
#4821=EDGE_CURVE('',#5207,#5263,#683,.T.);
#4822=EDGE_CURVE('',#5265,#5350,#684,.T.);
#4823=EDGE_CURVE('',#5267,#5351,#685,.T.);
#4824=EDGE_CURVE('',#5353,#5406,#686,.T.);
#4825=EDGE_CURVE('',#5355,#5407,#687,.T.);
#4826=EDGE_CURVE('',#5409,#5518,#688,.T.);
#4827=EDGE_CURVE('',#5411,#5519,#689,.T.);
#4828=EDGE_CURVE('',#4840,#4830,#5530,.T.);
#4829=EDGE_CURVE('',#4841,#4833,#5531,.T.);
#4830=VERTEX_POINT('',#10087);
#4831=VERTEX_POINT('',#10088);
#4832=VERTEX_POINT('',#10090);
#4833=VERTEX_POINT('',#10125);
#4834=VERTEX_POINT('',#10185);
#4835=VERTEX_POINT('',#10187);
#4836=VERTEX_POINT('',#10278);
#4837=VERTEX_POINT('',#10280);
#4838=VERTEX_POINT('',#10353);
#4839=VERTEX_POINT('',#10355);
#4840=VERTEX_POINT('',#10393);
#4841=VERTEX_POINT('',#10395);
#4842=VERTEX_POINT('',#10405);
#4843=VERTEX_POINT('',#10406);
#4844=VERTEX_POINT('',#10408);
#4845=VERTEX_POINT('',#10410);
#4846=VERTEX_POINT('',#10414);
#4847=VERTEX_POINT('',#10416);
#4848=VERTEX_POINT('',#10420);
#4849=VERTEX_POINT('',#10422);
#4850=VERTEX_POINT('',#10426);
#4851=VERTEX_POINT('',#10428);
#4852=VERTEX_POINT('',#10432);
#4853=VERTEX_POINT('',#10434);
#4854=VERTEX_POINT('',#10438);
#4855=VERTEX_POINT('',#10440);
#4856=VERTEX_POINT('',#10444);
#4857=VERTEX_POINT('',#10446);
#4858=VERTEX_POINT('',#10450);
#4859=VERTEX_POINT('',#10452);
#4860=VERTEX_POINT('',#10456);
#4861=VERTEX_POINT('',#10458);
#4862=VERTEX_POINT('',#10462);
#4863=VERTEX_POINT('',#10464);
#4864=VERTEX_POINT('',#10468);
#4865=VERTEX_POINT('',#10470);
#4866=VERTEX_POINT('',#10474);
#4867=VERTEX_POINT('',#10476);
#4868=VERTEX_POINT('',#10480);
#4869=VERTEX_POINT('',#10482);
#4870=VERTEX_POINT('',#10486);
#4871=VERTEX_POINT('',#10488);
#4872=VERTEX_POINT('',#10492);
#4873=VERTEX_POINT('',#10494);
#4874=VERTEX_POINT('',#10498);
#4875=VERTEX_POINT('',#10500);
#4876=VERTEX_POINT('',#10504);
#4877=VERTEX_POINT('',#10506);
#4878=VERTEX_POINT('',#10510);
#4879=VERTEX_POINT('',#10512);
#4880=VERTEX_POINT('',#10516);
#4881=VERTEX_POINT('',#10518);
#4882=VERTEX_POINT('',#10522);
#4883=VERTEX_POINT('',#10524);
#4884=VERTEX_POINT('',#10528);
#4885=VERTEX_POINT('',#10530);
#4886=VERTEX_POINT('',#10534);
#4887=VERTEX_POINT('',#10536);
#4888=VERTEX_POINT('',#10540);
#4889=VERTEX_POINT('',#10542);
#4890=VERTEX_POINT('',#10546);
#4891=VERTEX_POINT('',#10548);
#4892=VERTEX_POINT('',#10552);
#4893=VERTEX_POINT('',#10554);
#4894=VERTEX_POINT('',#10558);
#4895=VERTEX_POINT('',#10560);
#4896=VERTEX_POINT('',#10564);
#4897=VERTEX_POINT('',#10566);
#4898=VERTEX_POINT('',#10570);
#4899=VERTEX_POINT('',#10572);
#4900=VERTEX_POINT('',#10576);
#4901=VERTEX_POINT('',#10578);
#4902=VERTEX_POINT('',#10582);
#4903=VERTEX_POINT('',#10584);
#4904=VERTEX_POINT('',#10588);
#4905=VERTEX_POINT('',#10590);
#4906=VERTEX_POINT('',#10594);
#4907=VERTEX_POINT('',#10596);
#4908=VERTEX_POINT('',#10600);
#4909=VERTEX_POINT('',#10602);
#4910=VERTEX_POINT('',#10606);
#4911=VERTEX_POINT('',#10608);
#4912=VERTEX_POINT('',#10612);
#4913=VERTEX_POINT('',#10614);
#4914=VERTEX_POINT('',#10618);
#4915=VERTEX_POINT('',#10620);
#4916=VERTEX_POINT('',#10624);
#4917=VERTEX_POINT('',#10626);
#4918=VERTEX_POINT('',#10630);
#4919=VERTEX_POINT('',#10632);
#4920=VERTEX_POINT('',#10636);
#4921=VERTEX_POINT('',#10638);
#4922=VERTEX_POINT('',#10642);
#4923=VERTEX_POINT('',#10644);
#4924=VERTEX_POINT('',#10648);
#4925=VERTEX_POINT('',#10650);
#4926=VERTEX_POINT('',#10654);
#4927=VERTEX_POINT('',#10656);
#4928=VERTEX_POINT('',#10660);
#4929=VERTEX_POINT('',#10662);
#4930=VERTEX_POINT('',#10666);
#4931=VERTEX_POINT('',#10668);
#4932=VERTEX_POINT('',#10672);
#4933=VERTEX_POINT('',#10674);
#4934=VERTEX_POINT('',#10678);
#4935=VERTEX_POINT('',#10680);
#4936=VERTEX_POINT('',#10684);
#4937=VERTEX_POINT('',#10686);
#4938=VERTEX_POINT('',#10690);
#4939=VERTEX_POINT('',#10692);
#4940=VERTEX_POINT('',#10696);
#4941=VERTEX_POINT('',#10698);
#4942=VERTEX_POINT('',#10702);
#4943=VERTEX_POINT('',#10704);
#4944=VERTEX_POINT('',#10708);
#4945=VERTEX_POINT('',#10710);
#4946=VERTEX_POINT('',#10714);
#4947=VERTEX_POINT('',#10716);
#4948=VERTEX_POINT('',#10720);
#4949=VERTEX_POINT('',#10722);
#4950=VERTEX_POINT('',#10726);
#4951=VERTEX_POINT('',#10728);
#4952=VERTEX_POINT('',#10732);
#4953=VERTEX_POINT('',#10734);
#4954=VERTEX_POINT('',#10738);
#4955=VERTEX_POINT('',#10740);
#4956=VERTEX_POINT('',#10744);
#4957=VERTEX_POINT('',#10746);
#4958=VERTEX_POINT('',#10750);
#4959=VERTEX_POINT('',#10752);
#4960=VERTEX_POINT('',#10756);
#4961=VERTEX_POINT('',#10758);
#4962=VERTEX_POINT('',#10762);
#4963=VERTEX_POINT('',#10764);
#4964=VERTEX_POINT('',#10768);
#4965=VERTEX_POINT('',#10770);
#4966=VERTEX_POINT('',#10774);
#4967=VERTEX_POINT('',#10776);
#4968=VERTEX_POINT('',#10780);
#4969=VERTEX_POINT('',#10781);
#4970=VERTEX_POINT('',#10783);
#4971=VERTEX_POINT('',#10785);
#4972=VERTEX_POINT('',#10789);
#4973=VERTEX_POINT('',#10791);
#4974=VERTEX_POINT('',#10795);
#4975=VERTEX_POINT('',#10797);
#4976=VERTEX_POINT('',#10801);
#4977=VERTEX_POINT('',#10803);
#4978=VERTEX_POINT('',#10807);
#4979=VERTEX_POINT('',#10809);
#4980=VERTEX_POINT('',#10813);
#4981=VERTEX_POINT('',#10815);
#4982=VERTEX_POINT('',#10819);
#4983=VERTEX_POINT('',#10821);
#4984=VERTEX_POINT('',#10825);
#4985=VERTEX_POINT('',#10827);
#4986=VERTEX_POINT('',#10831);
#4987=VERTEX_POINT('',#10833);
#4988=VERTEX_POINT('',#10837);
#4989=VERTEX_POINT('',#10839);
#4990=VERTEX_POINT('',#10843);
#4991=VERTEX_POINT('',#10845);
#4992=VERTEX_POINT('',#10849);
#4993=VERTEX_POINT('',#10851);
#4994=VERTEX_POINT('',#10855);
#4995=VERTEX_POINT('',#10857);
#4996=VERTEX_POINT('',#10861);
#4997=VERTEX_POINT('',#10863);
#4998=VERTEX_POINT('',#10867);
#4999=VERTEX_POINT('',#10869);
#5000=VERTEX_POINT('',#10873);
#5001=VERTEX_POINT('',#10875);
#5002=VERTEX_POINT('',#10879);
#5003=VERTEX_POINT('',#10881);
#5004=VERTEX_POINT('',#10885);
#5005=VERTEX_POINT('',#10887);
#5006=VERTEX_POINT('',#10891);
#5007=VERTEX_POINT('',#10893);
#5008=VERTEX_POINT('',#10897);
#5009=VERTEX_POINT('',#10899);
#5010=VERTEX_POINT('',#10903);
#5011=VERTEX_POINT('',#10905);
#5012=VERTEX_POINT('',#10909);
#5013=VERTEX_POINT('',#10911);
#5014=VERTEX_POINT('',#10915);
#5015=VERTEX_POINT('',#10917);
#5016=VERTEX_POINT('',#10921);
#5017=VERTEX_POINT('',#10923);
#5018=VERTEX_POINT('',#10927);
#5019=VERTEX_POINT('',#10929);
#5020=VERTEX_POINT('',#10933);
#5021=VERTEX_POINT('',#10935);
#5022=VERTEX_POINT('',#10939);
#5023=VERTEX_POINT('',#10941);
#5024=VERTEX_POINT('',#10945);
#5025=VERTEX_POINT('',#10947);
#5026=VERTEX_POINT('',#10951);
#5027=VERTEX_POINT('',#10953);
#5028=VERTEX_POINT('',#10957);
#5029=VERTEX_POINT('',#10959);
#5030=VERTEX_POINT('',#10963);
#5031=VERTEX_POINT('',#10965);
#5032=VERTEX_POINT('',#10969);
#5033=VERTEX_POINT('',#10971);
#5034=VERTEX_POINT('',#10975);
#5035=VERTEX_POINT('',#10977);
#5036=VERTEX_POINT('',#10981);
#5037=VERTEX_POINT('',#10983);
#5038=VERTEX_POINT('',#10987);
#5039=VERTEX_POINT('',#10989);
#5040=VERTEX_POINT('',#10993);
#5041=VERTEX_POINT('',#10995);
#5042=VERTEX_POINT('',#10999);
#5043=VERTEX_POINT('',#11001);
#5044=VERTEX_POINT('',#11005);
#5045=VERTEX_POINT('',#11007);
#5046=VERTEX_POINT('',#11011);
#5047=VERTEX_POINT('',#11013);
#5048=VERTEX_POINT('',#11017);
#5049=VERTEX_POINT('',#11019);
#5050=VERTEX_POINT('',#11023);
#5051=VERTEX_POINT('',#11025);
#5052=VERTEX_POINT('',#11029);
#5053=VERTEX_POINT('',#11030);
#5054=VERTEX_POINT('',#11032);
#5055=VERTEX_POINT('',#11034);
#5056=VERTEX_POINT('',#11038);
#5057=VERTEX_POINT('',#11040);
#5058=VERTEX_POINT('',#11044);
#5059=VERTEX_POINT('',#11046);
#5060=VERTEX_POINT('',#11050);
#5061=VERTEX_POINT('',#11052);
#5062=VERTEX_POINT('',#11056);
#5063=VERTEX_POINT('',#11058);
#5064=VERTEX_POINT('',#11062);
#5065=VERTEX_POINT('',#11064);
#5066=VERTEX_POINT('',#11068);
#5067=VERTEX_POINT('',#11070);
#5068=VERTEX_POINT('',#11074);
#5069=VERTEX_POINT('',#11076);
#5070=VERTEX_POINT('',#11080);
#5071=VERTEX_POINT('',#11082);
#5072=VERTEX_POINT('',#11086);
#5073=VERTEX_POINT('',#11088);
#5074=VERTEX_POINT('',#11092);
#5075=VERTEX_POINT('',#11094);
#5076=VERTEX_POINT('',#11098);
#5077=VERTEX_POINT('',#11100);
#5078=VERTEX_POINT('',#11104);
#5079=VERTEX_POINT('',#11106);
#5080=VERTEX_POINT('',#11110);
#5081=VERTEX_POINT('',#11112);
#5082=VERTEX_POINT('',#11116);
#5083=VERTEX_POINT('',#11118);
#5084=VERTEX_POINT('',#11122);
#5085=VERTEX_POINT('',#11124);
#5086=VERTEX_POINT('',#11128);
#5087=VERTEX_POINT('',#11130);
#5088=VERTEX_POINT('',#11134);
#5089=VERTEX_POINT('',#11136);
#5090=VERTEX_POINT('',#11140);
#5091=VERTEX_POINT('',#11142);
#5092=VERTEX_POINT('',#11146);
#5093=VERTEX_POINT('',#11148);
#5094=VERTEX_POINT('',#11152);
#5095=VERTEX_POINT('',#11154);
#5096=VERTEX_POINT('',#11158);
#5097=VERTEX_POINT('',#11160);
#5098=VERTEX_POINT('',#11164);
#5099=VERTEX_POINT('',#11166);
#5100=VERTEX_POINT('',#11170);
#5101=VERTEX_POINT('',#11172);
#5102=VERTEX_POINT('',#11176);
#5103=VERTEX_POINT('',#11178);
#5104=VERTEX_POINT('',#11182);
#5105=VERTEX_POINT('',#11184);
#5106=VERTEX_POINT('',#11188);
#5107=VERTEX_POINT('',#11190);
#5108=VERTEX_POINT('',#11194);
#5109=VERTEX_POINT('',#11196);
#5110=VERTEX_POINT('',#11200);
#5111=VERTEX_POINT('',#11202);
#5112=VERTEX_POINT('',#11206);
#5113=VERTEX_POINT('',#11208);
#5114=VERTEX_POINT('',#11212);
#5115=VERTEX_POINT('',#11214);
#5116=VERTEX_POINT('',#11218);
#5117=VERTEX_POINT('',#11220);
#5118=VERTEX_POINT('',#11224);
#5119=VERTEX_POINT('',#11226);
#5120=VERTEX_POINT('',#11230);
#5121=VERTEX_POINT('',#11232);
#5122=VERTEX_POINT('',#11236);
#5123=VERTEX_POINT('',#11238);
#5124=VERTEX_POINT('',#11242);
#5125=VERTEX_POINT('',#11243);
#5126=VERTEX_POINT('',#11245);
#5127=VERTEX_POINT('',#11247);
#5128=VERTEX_POINT('',#11251);
#5129=VERTEX_POINT('',#11253);
#5130=VERTEX_POINT('',#11257);
#5131=VERTEX_POINT('',#11259);
#5132=VERTEX_POINT('',#11263);
#5133=VERTEX_POINT('',#11265);
#5134=VERTEX_POINT('',#11269);
#5135=VERTEX_POINT('',#11271);
#5136=VERTEX_POINT('',#11275);
#5137=VERTEX_POINT('',#11277);
#5138=VERTEX_POINT('',#11281);
#5139=VERTEX_POINT('',#11283);
#5140=VERTEX_POINT('',#11287);
#5141=VERTEX_POINT('',#11289);
#5142=VERTEX_POINT('',#11293);
#5143=VERTEX_POINT('',#11295);
#5144=VERTEX_POINT('',#11299);
#5145=VERTEX_POINT('',#11301);
#5146=VERTEX_POINT('',#11305);
#5147=VERTEX_POINT('',#11307);
#5148=VERTEX_POINT('',#11311);
#5149=VERTEX_POINT('',#11313);
#5150=VERTEX_POINT('',#11317);
#5151=VERTEX_POINT('',#11319);
#5152=VERTEX_POINT('',#11323);
#5153=VERTEX_POINT('',#11325);
#5154=VERTEX_POINT('',#11329);
#5155=VERTEX_POINT('',#11331);
#5156=VERTEX_POINT('',#11335);
#5157=VERTEX_POINT('',#11337);
#5158=VERTEX_POINT('',#11341);
#5159=VERTEX_POINT('',#11343);
#5160=VERTEX_POINT('',#11347);
#5161=VERTEX_POINT('',#11349);
#5162=VERTEX_POINT('',#11353);
#5163=VERTEX_POINT('',#11355);
#5164=VERTEX_POINT('',#11359);
#5165=VERTEX_POINT('',#11361);
#5166=VERTEX_POINT('',#11365);
#5167=VERTEX_POINT('',#11367);
#5168=VERTEX_POINT('',#11371);
#5169=VERTEX_POINT('',#11373);
#5170=VERTEX_POINT('',#11377);
#5171=VERTEX_POINT('',#11379);
#5172=VERTEX_POINT('',#11383);
#5173=VERTEX_POINT('',#11385);
#5174=VERTEX_POINT('',#11389);
#5175=VERTEX_POINT('',#11391);
#5176=VERTEX_POINT('',#11395);
#5177=VERTEX_POINT('',#11397);
#5178=VERTEX_POINT('',#11401);
#5179=VERTEX_POINT('',#11403);
#5180=VERTEX_POINT('',#11407);
#5181=VERTEX_POINT('',#11409);
#5182=VERTEX_POINT('',#11413);
#5183=VERTEX_POINT('',#11415);
#5184=VERTEX_POINT('',#11419);
#5185=VERTEX_POINT('',#11421);
#5186=VERTEX_POINT('',#11425);
#5187=VERTEX_POINT('',#11427);
#5188=VERTEX_POINT('',#11431);
#5189=VERTEX_POINT('',#11433);
#5190=VERTEX_POINT('',#11437);
#5191=VERTEX_POINT('',#11439);
#5192=VERTEX_POINT('',#11443);
#5193=VERTEX_POINT('',#11445);
#5194=VERTEX_POINT('',#11449);
#5195=VERTEX_POINT('',#11451);
#5196=VERTEX_POINT('',#11455);
#5197=VERTEX_POINT('',#11457);
#5198=VERTEX_POINT('',#11461);
#5199=VERTEX_POINT('',#11463);
#5200=VERTEX_POINT('',#11467);
#5201=VERTEX_POINT('',#11469);
#5202=VERTEX_POINT('',#11473);
#5203=VERTEX_POINT('',#11475);
#5204=VERTEX_POINT('',#11479);
#5205=VERTEX_POINT('',#11480);
#5206=VERTEX_POINT('',#11482);
#5207=VERTEX_POINT('',#11484);
#5208=VERTEX_POINT('',#11488);
#5209=VERTEX_POINT('',#11490);
#5210=VERTEX_POINT('',#11494);
#5211=VERTEX_POINT('',#11496);
#5212=VERTEX_POINT('',#11500);
#5213=VERTEX_POINT('',#11502);
#5214=VERTEX_POINT('',#11506);
#5215=VERTEX_POINT('',#11508);
#5216=VERTEX_POINT('',#11512);
#5217=VERTEX_POINT('',#11514);
#5218=VERTEX_POINT('',#11518);
#5219=VERTEX_POINT('',#11520);
#5220=VERTEX_POINT('',#11524);
#5221=VERTEX_POINT('',#11526);
#5222=VERTEX_POINT('',#11530);
#5223=VERTEX_POINT('',#11532);
#5224=VERTEX_POINT('',#11536);
#5225=VERTEX_POINT('',#11538);
#5226=VERTEX_POINT('',#11542);
#5227=VERTEX_POINT('',#11544);
#5228=VERTEX_POINT('',#11548);
#5229=VERTEX_POINT('',#11550);
#5230=VERTEX_POINT('',#11554);
#5231=VERTEX_POINT('',#11556);
#5232=VERTEX_POINT('',#11560);
#5233=VERTEX_POINT('',#11562);
#5234=VERTEX_POINT('',#11566);
#5235=VERTEX_POINT('',#11568);
#5236=VERTEX_POINT('',#11572);
#5237=VERTEX_POINT('',#11574);
#5238=VERTEX_POINT('',#11578);
#5239=VERTEX_POINT('',#11580);
#5240=VERTEX_POINT('',#11584);
#5241=VERTEX_POINT('',#11586);
#5242=VERTEX_POINT('',#11590);
#5243=VERTEX_POINT('',#11592);
#5244=VERTEX_POINT('',#11596);
#5245=VERTEX_POINT('',#11598);
#5246=VERTEX_POINT('',#11602);
#5247=VERTEX_POINT('',#11604);
#5248=VERTEX_POINT('',#11608);
#5249=VERTEX_POINT('',#11610);
#5250=VERTEX_POINT('',#11614);
#5251=VERTEX_POINT('',#11616);
#5252=VERTEX_POINT('',#11620);
#5253=VERTEX_POINT('',#11622);
#5254=VERTEX_POINT('',#11626);
#5255=VERTEX_POINT('',#11628);
#5256=VERTEX_POINT('',#11632);
#5257=VERTEX_POINT('',#11634);
#5258=VERTEX_POINT('',#11638);
#5259=VERTEX_POINT('',#11640);
#5260=VERTEX_POINT('',#11644);
#5261=VERTEX_POINT('',#11646);
#5262=VERTEX_POINT('',#11650);
#5263=VERTEX_POINT('',#11652);
#5264=VERTEX_POINT('',#11656);
#5265=VERTEX_POINT('',#11657);
#5266=VERTEX_POINT('',#11659);
#5267=VERTEX_POINT('',#11661);
#5268=VERTEX_POINT('',#11665);
#5269=VERTEX_POINT('',#11667);
#5270=VERTEX_POINT('',#11671);
#5271=VERTEX_POINT('',#11673);
#5272=VERTEX_POINT('',#11677);
#5273=VERTEX_POINT('',#11679);
#5274=VERTEX_POINT('',#11683);
#5275=VERTEX_POINT('',#11685);
#5276=VERTEX_POINT('',#11689);
#5277=VERTEX_POINT('',#11691);
#5278=VERTEX_POINT('',#11695);
#5279=VERTEX_POINT('',#11697);
#5280=VERTEX_POINT('',#11701);
#5281=VERTEX_POINT('',#11703);
#5282=VERTEX_POINT('',#11707);
#5283=VERTEX_POINT('',#11709);
#5284=VERTEX_POINT('',#11713);
#5285=VERTEX_POINT('',#11715);
#5286=VERTEX_POINT('',#11719);
#5287=VERTEX_POINT('',#11721);
#5288=VERTEX_POINT('',#11725);
#5289=VERTEX_POINT('',#11727);
#5290=VERTEX_POINT('',#11731);
#5291=VERTEX_POINT('',#11733);
#5292=VERTEX_POINT('',#11737);
#5293=VERTEX_POINT('',#11739);
#5294=VERTEX_POINT('',#11743);
#5295=VERTEX_POINT('',#11745);
#5296=VERTEX_POINT('',#11749);
#5297=VERTEX_POINT('',#11751);
#5298=VERTEX_POINT('',#11755);
#5299=VERTEX_POINT('',#11757);
#5300=VERTEX_POINT('',#11761);
#5301=VERTEX_POINT('',#11763);
#5302=VERTEX_POINT('',#11767);
#5303=VERTEX_POINT('',#11769);
#5304=VERTEX_POINT('',#11773);
#5305=VERTEX_POINT('',#11775);
#5306=VERTEX_POINT('',#11779);
#5307=VERTEX_POINT('',#11781);
#5308=VERTEX_POINT('',#11785);
#5309=VERTEX_POINT('',#11787);
#5310=VERTEX_POINT('',#11791);
#5311=VERTEX_POINT('',#11793);
#5312=VERTEX_POINT('',#11797);
#5313=VERTEX_POINT('',#11799);
#5314=VERTEX_POINT('',#11803);
#5315=VERTEX_POINT('',#11805);
#5316=VERTEX_POINT('',#11809);
#5317=VERTEX_POINT('',#11811);
#5318=VERTEX_POINT('',#11815);
#5319=VERTEX_POINT('',#11817);
#5320=VERTEX_POINT('',#11821);
#5321=VERTEX_POINT('',#11823);
#5322=VERTEX_POINT('',#11827);
#5323=VERTEX_POINT('',#11829);
#5324=VERTEX_POINT('',#11833);
#5325=VERTEX_POINT('',#11835);
#5326=VERTEX_POINT('',#11839);
#5327=VERTEX_POINT('',#11841);
#5328=VERTEX_POINT('',#11845);
#5329=VERTEX_POINT('',#11847);
#5330=VERTEX_POINT('',#11851);
#5331=VERTEX_POINT('',#11853);
#5332=VERTEX_POINT('',#11857);
#5333=VERTEX_POINT('',#11859);
#5334=VERTEX_POINT('',#11863);
#5335=VERTEX_POINT('',#11865);
#5336=VERTEX_POINT('',#11869);
#5337=VERTEX_POINT('',#11871);
#5338=VERTEX_POINT('',#11875);
#5339=VERTEX_POINT('',#11877);
#5340=VERTEX_POINT('',#11881);
#5341=VERTEX_POINT('',#11883);
#5342=VERTEX_POINT('',#11887);
#5343=VERTEX_POINT('',#11889);
#5344=VERTEX_POINT('',#11893);
#5345=VERTEX_POINT('',#11895);
#5346=VERTEX_POINT('',#11899);
#5347=VERTEX_POINT('',#11901);
#5348=VERTEX_POINT('',#11905);
#5349=VERTEX_POINT('',#11907);
#5350=VERTEX_POINT('',#11911);
#5351=VERTEX_POINT('',#11913);
#5352=VERTEX_POINT('',#11917);
#5353=VERTEX_POINT('',#11918);
#5354=VERTEX_POINT('',#11920);
#5355=VERTEX_POINT('',#11922);
#5356=VERTEX_POINT('',#11926);
#5357=VERTEX_POINT('',#11928);
#5358=VERTEX_POINT('',#11932);
#5359=VERTEX_POINT('',#11934);
#5360=VERTEX_POINT('',#11938);
#5361=VERTEX_POINT('',#11940);
#5362=VERTEX_POINT('',#11944);
#5363=VERTEX_POINT('',#11946);
#5364=VERTEX_POINT('',#11950);
#5365=VERTEX_POINT('',#11952);
#5366=VERTEX_POINT('',#11956);
#5367=VERTEX_POINT('',#11958);
#5368=VERTEX_POINT('',#11962);
#5369=VERTEX_POINT('',#11964);
#5370=VERTEX_POINT('',#11968);
#5371=VERTEX_POINT('',#11970);
#5372=VERTEX_POINT('',#11974);
#5373=VERTEX_POINT('',#11976);
#5374=VERTEX_POINT('',#11980);
#5375=VERTEX_POINT('',#11982);
#5376=VERTEX_POINT('',#11986);
#5377=VERTEX_POINT('',#11988);
#5378=VERTEX_POINT('',#11992);
#5379=VERTEX_POINT('',#11994);
#5380=VERTEX_POINT('',#11998);
#5381=VERTEX_POINT('',#12000);
#5382=VERTEX_POINT('',#12004);
#5383=VERTEX_POINT('',#12006);
#5384=VERTEX_POINT('',#12010);
#5385=VERTEX_POINT('',#12012);
#5386=VERTEX_POINT('',#12016);
#5387=VERTEX_POINT('',#12018);
#5388=VERTEX_POINT('',#12022);
#5389=VERTEX_POINT('',#12024);
#5390=VERTEX_POINT('',#12028);
#5391=VERTEX_POINT('',#12030);
#5392=VERTEX_POINT('',#12034);
#5393=VERTEX_POINT('',#12036);
#5394=VERTEX_POINT('',#12040);
#5395=VERTEX_POINT('',#12042);
#5396=VERTEX_POINT('',#12046);
#5397=VERTEX_POINT('',#12048);
#5398=VERTEX_POINT('',#12052);
#5399=VERTEX_POINT('',#12054);
#5400=VERTEX_POINT('',#12058);
#5401=VERTEX_POINT('',#12060);
#5402=VERTEX_POINT('',#12064);
#5403=VERTEX_POINT('',#12066);
#5404=VERTEX_POINT('',#12070);
#5405=VERTEX_POINT('',#12072);
#5406=VERTEX_POINT('',#12076);
#5407=VERTEX_POINT('',#12078);
#5408=VERTEX_POINT('',#12082);
#5409=VERTEX_POINT('',#12083);
#5410=VERTEX_POINT('',#12085);
#5411=VERTEX_POINT('',#12087);
#5412=VERTEX_POINT('',#12091);
#5413=VERTEX_POINT('',#12093);
#5414=VERTEX_POINT('',#12097);
#5415=VERTEX_POINT('',#12099);
#5416=VERTEX_POINT('',#12103);
#5417=VERTEX_POINT('',#12105);
#5418=VERTEX_POINT('',#12109);
#5419=VERTEX_POINT('',#12111);
#5420=VERTEX_POINT('',#12115);
#5421=VERTEX_POINT('',#12117);
#5422=VERTEX_POINT('',#12121);
#5423=VERTEX_POINT('',#12123);
#5424=VERTEX_POINT('',#12127);
#5425=VERTEX_POINT('',#12129);
#5426=VERTEX_POINT('',#12133);
#5427=VERTEX_POINT('',#12135);
#5428=VERTEX_POINT('',#12139);
#5429=VERTEX_POINT('',#12141);
#5430=VERTEX_POINT('',#12145);
#5431=VERTEX_POINT('',#12147);
#5432=VERTEX_POINT('',#12151);
#5433=VERTEX_POINT('',#12153);
#5434=VERTEX_POINT('',#12157);
#5435=VERTEX_POINT('',#12159);
#5436=VERTEX_POINT('',#12163);
#5437=VERTEX_POINT('',#12165);
#5438=VERTEX_POINT('',#12169);
#5439=VERTEX_POINT('',#12171);
#5440=VERTEX_POINT('',#12175);
#5441=VERTEX_POINT('',#12177);
#5442=VERTEX_POINT('',#12181);
#5443=VERTEX_POINT('',#12183);
#5444=VERTEX_POINT('',#12187);
#5445=VERTEX_POINT('',#12189);
#5446=VERTEX_POINT('',#12193);
#5447=VERTEX_POINT('',#12195);
#5448=VERTEX_POINT('',#12199);
#5449=VERTEX_POINT('',#12201);
#5450=VERTEX_POINT('',#12205);
#5451=VERTEX_POINT('',#12207);
#5452=VERTEX_POINT('',#12211);
#5453=VERTEX_POINT('',#12213);
#5454=VERTEX_POINT('',#12217);
#5455=VERTEX_POINT('',#12219);
#5456=VERTEX_POINT('',#12223);
#5457=VERTEX_POINT('',#12225);
#5458=VERTEX_POINT('',#12229);
#5459=VERTEX_POINT('',#12231);
#5460=VERTEX_POINT('',#12235);
#5461=VERTEX_POINT('',#12237);
#5462=VERTEX_POINT('',#12241);
#5463=VERTEX_POINT('',#12243);
#5464=VERTEX_POINT('',#12247);
#5465=VERTEX_POINT('',#12249);
#5466=VERTEX_POINT('',#12253);
#5467=VERTEX_POINT('',#12255);
#5468=VERTEX_POINT('',#12259);
#5469=VERTEX_POINT('',#12261);
#5470=VERTEX_POINT('',#12265);
#5471=VERTEX_POINT('',#12267);
#5472=VERTEX_POINT('',#12271);
#5473=VERTEX_POINT('',#12273);
#5474=VERTEX_POINT('',#12277);
#5475=VERTEX_POINT('',#12279);
#5476=VERTEX_POINT('',#12283);
#5477=VERTEX_POINT('',#12285);
#5478=VERTEX_POINT('',#12289);
#5479=VERTEX_POINT('',#12291);
#5480=VERTEX_POINT('',#12295);
#5481=VERTEX_POINT('',#12297);
#5482=VERTEX_POINT('',#12301);
#5483=VERTEX_POINT('',#12303);
#5484=VERTEX_POINT('',#12307);
#5485=VERTEX_POINT('',#12309);
#5486=VERTEX_POINT('',#12313);
#5487=VERTEX_POINT('',#12315);
#5488=VERTEX_POINT('',#12319);
#5489=VERTEX_POINT('',#12321);
#5490=VERTEX_POINT('',#12325);
#5491=VERTEX_POINT('',#12327);
#5492=VERTEX_POINT('',#12331);
#5493=VERTEX_POINT('',#12333);
#5494=VERTEX_POINT('',#12337);
#5495=VERTEX_POINT('',#12339);
#5496=VERTEX_POINT('',#12343);
#5497=VERTEX_POINT('',#12345);
#5498=VERTEX_POINT('',#12349);
#5499=VERTEX_POINT('',#12351);
#5500=VERTEX_POINT('',#12355);
#5501=VERTEX_POINT('',#12357);
#5502=VERTEX_POINT('',#12361);
#5503=VERTEX_POINT('',#12363);
#5504=VERTEX_POINT('',#12367);
#5505=VERTEX_POINT('',#12369);
#5506=VERTEX_POINT('',#12373);
#5507=VERTEX_POINT('',#12375);
#5508=VERTEX_POINT('',#12379);
#5509=VERTEX_POINT('',#12381);
#5510=VERTEX_POINT('',#12385);
#5511=VERTEX_POINT('',#12387);
#5512=VERTEX_POINT('',#12391);
#5513=VERTEX_POINT('',#12393);
#5514=VERTEX_POINT('',#12397);
#5515=VERTEX_POINT('',#12399);
#5516=VERTEX_POINT('',#12403);
#5517=VERTEX_POINT('',#12405);
#5518=VERTEX_POINT('',#12409);
#5519=VERTEX_POINT('',#12411);
#5520=B_SPLINE_CURVE_WITH_KNOTS('',3,(#10053,#10054,#10055,#10056,#10057,
#10058,#10059,#10060,#10061,#10062,#10063,#10064,#10065,#10066,#10067,#10068,
#10069,#10070,#10071,#10072,#10073,#10074,#10075,#10076,#10077,#10078,#10079,
#10080,#10081,#10082,#10083,#10084,#10085,#10086),.UNSPECIFIED.,.F.,.F.,
(4,3,1,1,1,1,1,1,1,1,1,1,1,1,1,1,1,1,1,1,1,1,1,1,1,1,3,4),(-8.80266218262343E-6,
0.,0.03125,0.0625,0.09375,0.125,0.15625,0.1875,0.21875,0.25,0.3125,0.375,
0.4375,0.5,0.5625,0.625,0.6875,0.75,0.8125,0.84375,0.875,0.90625,0.9375,
0.953125,0.96875,0.984375,0.991860216911724,1.00177890710746),
 .UNSPECIFIED.);
#5521=B_SPLINE_CURVE_WITH_KNOTS('',3,(#10091,#10092,#10093,#10094,#10095,
#10096,#10097,#10098,#10099,#10100,#10101,#10102,#10103,#10104,#10105,#10106,
#10107,#10108,#10109,#10110,#10111,#10112,#10113,#10114,#10115,#10116,#10117,
#10118,#10119,#10120,#10121,#10122,#10123,#10124),.UNSPECIFIED.,.F.,.F.,
(4,3,1,1,1,1,1,1,1,1,1,1,1,1,1,1,1,1,1,1,1,1,1,1,1,1,3,4),(-8.80266218262343E-6,
0.,0.03125,0.0625,0.09375,0.125,0.15625,0.1875,0.21875,0.25,0.3125,0.375,
0.4375,0.5,0.5625,0.625,0.6875,0.75,0.8125,0.84375,0.875,0.90625,0.9375,
0.953125,0.96875,0.984375,0.991860216911724,1.00177890710746),
 .UNSPECIFIED.);
#5522=B_SPLINE_CURVE_WITH_KNOTS('',3,(#10155,#10156,#10157,#10158,#10159,
#10160,#10161,#10162,#10163,#10164,#10165,#10166,#10167,#10168,#10169,#10170,
#10171,#10172,#10173,#10174,#10175,#10176,#10177,#10178,#10179,#10180,#10181,
#10182,#10183,#10184),.UNSPECIFIED.,.F.,.F.,(4,1,1,1,1,1,1,1,1,1,1,1,1,
1,1,1,1,1,1,1,1,1,1,1,1,1,1,4),(0.00890363643379146,0.0307498817854809,
0.0614997635709617,0.0922496453564425,0.122999527141923,0.184499290712885,
0.245999054283846,0.307498817854808,0.36899858142577,0.399748463211251,
0.430498344996731,0.461248226782212,0.491998108567693,0.507373049460434,
0.522747990353174,0.553497872138655,0.584247753924136,0.614997635709617,
0.645747517495098,0.676497399280578,0.73799716285154,0.799496926422502,
0.830246808207982,0.860996689993463,0.891746571778944,0.922496453564425,
0.937871394457165,0.945372015936899),.UNSPECIFIED.);
#5523=B_SPLINE_CURVE_WITH_KNOTS('',3,(#10188,#10189,#10190,#10191,#10192,
#10193,#10194,#10195,#10196,#10197,#10198,#10199,#10200,#10201,#10202,#10203,
#10204,#10205,#10206,#10207,#10208,#10209,#10210,#10211,#10212,#10213,#10214,
#10215,#10216,#10217),.UNSPECIFIED.,.F.,.F.,(4,1,1,1,1,1,1,1,1,1,1,1,1,
1,1,1,1,1,1,1,1,1,1,1,1,1,1,4),(0.00890363643379146,0.0307498817854809,
0.0614997635709617,0.0922496453564425,0.122999527141923,0.184499290712885,
0.245999054283846,0.307498817854808,0.36899858142577,0.399748463211251,
0.430498344996731,0.461248226782212,0.491998108567693,0.507373049460434,
0.522747990353174,0.553497872138655,0.584247753924136,0.614997635709617,
0.645747517495098,0.676497399280578,0.73799716285154,0.799496926422502,
0.830246808207982,0.860996689993463,0.891746571778944,0.922496453564425,
0.937871394457165,0.945372015936899),.UNSPECIFIED.);
#5524=B_SPLINE_CURVE_WITH_KNOTS('',3,(#10248,#10249,#10250,#10251,#10252,
#10253,#10254,#10255,#10256,#10257,#10258,#10259,#10260,#10261,#10262,#10263,
#10264,#10265,#10266,#10267,#10268,#10269,#10270,#10271,#10272,#10273,#10274,
#10275,#10276,#10277),.UNSPECIFIED.,.F.,.F.,(4,1,1,1,1,1,1,1,1,1,1,1,1,
1,1,1,1,1,1,1,1,1,1,1,1,1,1,4),(0.023307866595429,0.0242000134384333,0.0320693681687685,
0.0399387228991037,0.0556774323597742,0.0714161418204446,0.087154851281115,
0.118632270202456,0.150109689123797,0.181587108045138,0.213064526966478,
0.24454194588782,0.27601936480916,0.307496783730501,0.338974202651842,0.370451621573183,
0.401929040494523,0.433406459415865,0.496361297258546,0.559316135101228,
0.62227097294391,0.685225810786591,0.748180648629273,0.779658067550614,
0.811135486471955,0.874090324314637,0.937045162157318,1.),.UNSPECIFIED.);
#5525=B_SPLINE_CURVE_WITH_KNOTS('',3,(#10281,#10282,#10283,#10284,#10285,
#10286,#10287,#10288,#10289,#10290,#10291,#10292,#10293,#10294,#10295,#10296,
#10297,#10298,#10299,#10300,#10301,#10302,#10303,#10304,#10305,#10306,#10307,
#10308,#10309,#10310),.UNSPECIFIED.,.F.,.F.,(4,1,1,1,1,1,1,1,1,1,1,1,1,
1,1,1,1,1,1,1,1,1,1,1,1,1,1,4),(0.023307866595429,0.0242000134384333,0.0320693681687685,
0.0399387228991037,0.0556774323597742,0.0714161418204446,0.087154851281115,
0.118632270202456,0.150109689123797,0.181587108045138,0.213064526966478,
0.24454194588782,0.27601936480916,0.307496783730501,0.338974202651842,0.370451621573183,
0.401929040494523,0.433406459415865,0.496361297258546,0.559316135101228,
0.62227097294391,0.685225810786591,0.748180648629273,0.779658067550614,
0.811135486471955,0.874090324314637,0.937045162157318,1.),.UNSPECIFIED.);
#5526=B_SPLINE_CURVE_WITH_KNOTS('',3,(#10333,#10334,#10335,#10336,#10337,
#10338,#10339,#10340,#10341,#10342,#10343,#10344,#10345,#10346,#10347,#10348,
#10349,#10350,#10351,#10352),.UNSPECIFIED.,.F.,.F.,(4,1,1,1,1,1,1,1,1,1,
1,1,1,1,1,1,1,4),(0.,0.125,0.25,0.375,0.4375,0.5,0.5625,0.625,0.6875,0.75,
0.78125,0.8125,0.84375,0.875,0.90625,0.9375,0.96875,0.987734385247737),
 .UNSPECIFIED.);
#5527=B_SPLINE_CURVE_WITH_KNOTS('',3,(#10356,#10357,#10358,#10359,#10360,
#10361,#10362,#10363,#10364,#10365,#10366,#10367,#10368,#10369,#10370,#10371,
#10372,#10373,#10374,#10375),.UNSPECIFIED.,.F.,.F.,(4,1,1,1,1,1,1,1,1,1,
1,1,1,1,1,1,1,4),(0.,0.125,0.25,0.375,0.4375,0.5,0.5625,0.625,0.6875,0.75,
0.78125,0.8125,0.84375,0.875,0.90625,0.9375,0.96875,0.987734385247737),
 .UNSPECIFIED.);
#5528=B_SPLINE_CURVE_WITH_KNOTS('',3,(#10386,#10387,#10388,#10389,#10390,
#10391,#10392),.UNSPECIFIED.,.F.,.F.,(4,1,1,1,4),(0.00312236884003034,0.25,
0.5,0.75,0.996164794963919),.UNSPECIFIED.);
#5529=B_SPLINE_CURVE_WITH_KNOTS('',3,(#10396,#10397,#10398,#10399,#10400,
#10401,#10402),.UNSPECIFIED.,.F.,.F.,(4,1,1,1,4),(0.00312236884003034,0.25,
0.5,0.75,0.996164794963919),.UNSPECIFIED.);
#5530=B_SPLINE_CURVE_WITH_KNOTS('',3,(#12469,#12470,#12471,#12472,#12473,
#12474,#12475,#12476,#12477,#12478,#12479,#12480,#12481,#12482,#12483,#12484,
#12485,#12486,#12487,#12488,#12489,#12490,#12491,#12492,#12493,#12494,#12495,
#12496,#12497,#12498),.UNSPECIFIED.,.F.,.F.,(4,1,1,1,1,1,1,1,1,1,1,1,1,
1,1,1,1,1,1,1,1,1,1,1,3,4),(0.00728001518316904,0.0625,0.125,0.15625,0.1875,
0.21875,0.25,0.28125,0.3125,0.34375,0.375,0.4375,0.5,0.5625,0.625,0.6875,
0.75,0.78125,0.8125,0.84375,0.875,0.90625,0.9375,0.96875,1.,1.00006098221072),
 .UNSPECIFIED.);
#5531=B_SPLINE_CURVE_WITH_KNOTS('',3,(#12499,#12500,#12501,#12502,#12503,
#12504,#12505,#12506,#12507,#12508,#12509,#12510,#12511,#12512,#12513,#12514,
#12515,#12516,#12517,#12518,#12519,#12520,#12521,#12522,#12523,#12524,#12525,
#12526,#12527,#12528),.UNSPECIFIED.,.F.,.F.,(4,1,1,1,1,1,1,1,1,1,1,1,1,
1,1,1,1,1,1,1,1,1,1,1,3,4),(0.00728001518316904,0.0625,0.125,0.15625,0.1875,
0.21875,0.25,0.28125,0.3125,0.34375,0.375,0.4375,0.5,0.5625,0.625,0.6875,
0.75,0.78125,0.8125,0.84375,0.875,0.90625,0.9375,0.96875,1.,1.00006098221072),
 .UNSPECIFIED.);
#5532=EDGE_LOOP('',(#1725,#1726,#1727,#1728));
#5533=EDGE_LOOP('',(#1729,#1730,#1731,#1732));
#5534=EDGE_LOOP('',(#1733,#1734,#1735,#1736));
#5535=EDGE_LOOP('',(#1737,#1738,#1739,#1740));
#5536=EDGE_LOOP('',(#1741,#1742,#1743,#1744));
#5537=EDGE_LOOP('',(#1745,#1746,#1747,#1748));
#5538=EDGE_LOOP('',(#1749,#1750,#1751,#1752));
#5539=EDGE_LOOP('',(#1753,#1754,#1755,#1756));
#5540=EDGE_LOOP('',(#1757,#1758,#1759,#1760));
#5541=EDGE_LOOP('',(#1761,#1762,#1763,#1764));
#5542=EDGE_LOOP('',(#1765,#1766,#1767,#1768));
#5543=EDGE_LOOP('',(#1769,#1770,#1771,#1772));
#5544=EDGE_LOOP('',(#1773,#1774,#1775,#1776));
#5545=EDGE_LOOP('',(#1777,#1778,#1779,#1780));
#5546=EDGE_LOOP('',(#1781,#1782,#1783,#1784));
#5547=EDGE_LOOP('',(#1785,#1786,#1787,#1788));
#5548=EDGE_LOOP('',(#1789,#1790,#1791,#1792));
#5549=EDGE_LOOP('',(#1793,#1794,#1795,#1796));
#5550=EDGE_LOOP('',(#1797,#1798,#1799,#1800));
#5551=EDGE_LOOP('',(#1801,#1802,#1803,#1804));
#5552=EDGE_LOOP('',(#1805,#1806,#1807,#1808));
#5553=EDGE_LOOP('',(#1809,#1810,#1811,#1812));
#5554=EDGE_LOOP('',(#1813,#1814,#1815,#1816));
#5555=EDGE_LOOP('',(#1817,#1818,#1819,#1820));
#5556=EDGE_LOOP('',(#1821,#1822,#1823,#1824));
#5557=EDGE_LOOP('',(#1825,#1826,#1827,#1828));
#5558=EDGE_LOOP('',(#1829,#1830,#1831,#1832));
#5559=EDGE_LOOP('',(#1833,#1834,#1835,#1836));
#5560=EDGE_LOOP('',(#1837,#1838,#1839,#1840));
#5561=EDGE_LOOP('',(#1841,#1842,#1843,#1844));
#5562=EDGE_LOOP('',(#1845,#1846,#1847,#1848));
#5563=EDGE_LOOP('',(#1849,#1850,#1851,#1852));
#5564=EDGE_LOOP('',(#1853,#1854,#1855,#1856));
#5565=EDGE_LOOP('',(#1857,#1858,#1859,#1860));
#5566=EDGE_LOOP('',(#1861,#1862,#1863,#1864));
#5567=EDGE_LOOP('',(#1865,#1866,#1867,#1868));
#5568=EDGE_LOOP('',(#1869,#1870,#1871,#1872));
#5569=EDGE_LOOP('',(#1873,#1874,#1875,#1876));
#5570=EDGE_LOOP('',(#1877,#1878,#1879,#1880));
#5571=EDGE_LOOP('',(#1881,#1882,#1883,#1884));
#5572=EDGE_LOOP('',(#1885,#1886,#1887,#1888));
#5573=EDGE_LOOP('',(#1889,#1890,#1891,#1892));
#5574=EDGE_LOOP('',(#1893,#1894,#1895,#1896));
#5575=EDGE_LOOP('',(#1897,#1898,#1899,#1900));
#5576=EDGE_LOOP('',(#1901,#1902,#1903,#1904));
#5577=EDGE_LOOP('',(#1905,#1906,#1907,#1908));
#5578=EDGE_LOOP('',(#1909,#1910,#1911,#1912));
#5579=EDGE_LOOP('',(#1913,#1914,#1915,#1916));
#5580=EDGE_LOOP('',(#1917,#1918,#1919,#1920));
#5581=EDGE_LOOP('',(#1921,#1922,#1923,#1924));
#5582=EDGE_LOOP('',(#1925,#1926,#1927,#1928));
#5583=EDGE_LOOP('',(#1929,#1930,#1931,#1932));
#5584=EDGE_LOOP('',(#1933,#1934,#1935,#1936));
#5585=EDGE_LOOP('',(#1937,#1938,#1939,#1940));
#5586=EDGE_LOOP('',(#1941,#1942,#1943,#1944));
#5587=EDGE_LOOP('',(#1945,#1946,#1947,#1948));
#5588=EDGE_LOOP('',(#1949,#1950,#1951,#1952));
#5589=EDGE_LOOP('',(#1953,#1954,#1955,#1956));
#5590=EDGE_LOOP('',(#1957,#1958,#1959,#1960));
#5591=EDGE_LOOP('',(#1961,#1962,#1963,#1964));
#5592=EDGE_LOOP('',(#1965,#1966,#1967,#1968));
#5593=EDGE_LOOP('',(#1969,#1970,#1971,#1972));
#5594=EDGE_LOOP('',(#1973,#1974,#1975,#1976));
#5595=EDGE_LOOP('',(#1977,#1978,#1979,#1980));
#5596=EDGE_LOOP('',(#1981,#1982,#1983,#1984));
#5597=EDGE_LOOP('',(#1985,#1986,#1987,#1988));
#5598=EDGE_LOOP('',(#1989,#1990,#1991,#1992));
#5599=EDGE_LOOP('',(#1993,#1994,#1995,#1996));
#5600=EDGE_LOOP('',(#1997,#1998,#1999,#2000));
#5601=EDGE_LOOP('',(#2001,#2002,#2003,#2004));
#5602=EDGE_LOOP('',(#2005,#2006,#2007,#2008));
#5603=EDGE_LOOP('',(#2009,#2010,#2011,#2012));
#5604=EDGE_LOOP('',(#2013,#2014,#2015,#2016));
#5605=EDGE_LOOP('',(#2017,#2018,#2019,#2020));
#5606=EDGE_LOOP('',(#2021,#2022,#2023,#2024));
#5607=EDGE_LOOP('',(#2025,#2026,#2027,#2028));
#5608=EDGE_LOOP('',(#2029,#2030,#2031,#2032));
#5609=EDGE_LOOP('',(#2033,#2034,#2035,#2036));
#5610=EDGE_LOOP('',(#2037,#2038,#2039,#2040));
#5611=EDGE_LOOP('',(#2041,#2042,#2043,#2044));
#5612=EDGE_LOOP('',(#2045,#2046,#2047,#2048));
#5613=EDGE_LOOP('',(#2049,#2050,#2051,#2052));
#5614=EDGE_LOOP('',(#2053,#2054,#2055,#2056));
#5615=EDGE_LOOP('',(#2057,#2058,#2059,#2060));
#5616=EDGE_LOOP('',(#2061,#2062,#2063,#2064));
#5617=EDGE_LOOP('',(#2065,#2066,#2067,#2068));
#5618=EDGE_LOOP('',(#2069,#2070,#2071,#2072));
#5619=EDGE_LOOP('',(#2073,#2074,#2075,#2076));
#5620=EDGE_LOOP('',(#2077,#2078,#2079,#2080));
#5621=EDGE_LOOP('',(#2081,#2082,#2083,#2084));
#5622=EDGE_LOOP('',(#2085,#2086,#2087,#2088));
#5623=EDGE_LOOP('',(#2089,#2090,#2091,#2092));
#5624=EDGE_LOOP('',(#2093,#2094,#2095,#2096));
#5625=EDGE_LOOP('',(#2097,#2098,#2099,#2100));
#5626=EDGE_LOOP('',(#2101,#2102,#2103,#2104));
#5627=EDGE_LOOP('',(#2105,#2106,#2107,#2108));
#5628=EDGE_LOOP('',(#2109,#2110,#2111,#2112));
#5629=EDGE_LOOP('',(#2113,#2114,#2115,#2116));
#5630=EDGE_LOOP('',(#2117,#2118,#2119,#2120));
#5631=EDGE_LOOP('',(#2121,#2122,#2123,#2124));
#5632=EDGE_LOOP('',(#2125,#2126,#2127,#2128));
#5633=EDGE_LOOP('',(#2129,#2130,#2131,#2132));
#5634=EDGE_LOOP('',(#2133,#2134,#2135,#2136));
#5635=EDGE_LOOP('',(#2137,#2138,#2139,#2140));
#5636=EDGE_LOOP('',(#2141,#2142,#2143,#2144));
#5637=EDGE_LOOP('',(#2145,#2146,#2147,#2148));
#5638=EDGE_LOOP('',(#2149,#2150,#2151,#2152));
#5639=EDGE_LOOP('',(#2153,#2154,#2155,#2156));
#5640=EDGE_LOOP('',(#2157,#2158,#2159,#2160));
#5641=EDGE_LOOP('',(#2161,#2162,#2163,#2164));
#5642=EDGE_LOOP('',(#2165,#2166,#2167,#2168));
#5643=EDGE_LOOP('',(#2169,#2170,#2171,#2172));
#5644=EDGE_LOOP('',(#2173,#2174,#2175,#2176));
#5645=EDGE_LOOP('',(#2177,#2178,#2179,#2180));
#5646=EDGE_LOOP('',(#2181,#2182,#2183,#2184));
#5647=EDGE_LOOP('',(#2185,#2186,#2187,#2188));
#5648=EDGE_LOOP('',(#2189,#2190,#2191,#2192));
#5649=EDGE_LOOP('',(#2193,#2194,#2195,#2196));
#5650=EDGE_LOOP('',(#2197,#2198,#2199,#2200));
#5651=EDGE_LOOP('',(#2201,#2202,#2203,#2204));
#5652=EDGE_LOOP('',(#2205,#2206,#2207,#2208));
#5653=EDGE_LOOP('',(#2209,#2210,#2211,#2212));
#5654=EDGE_LOOP('',(#2213,#2214,#2215,#2216));
#5655=EDGE_LOOP('',(#2217,#2218,#2219,#2220));
#5656=EDGE_LOOP('',(#2221,#2222,#2223,#2224));
#5657=EDGE_LOOP('',(#2225,#2226,#2227,#2228));
#5658=EDGE_LOOP('',(#2229,#2230,#2231,#2232));
#5659=EDGE_LOOP('',(#2233,#2234,#2235,#2236));
#5660=EDGE_LOOP('',(#2237,#2238,#2239,#2240));
#5661=EDGE_LOOP('',(#2241,#2242,#2243,#2244));
#5662=EDGE_LOOP('',(#2245,#2246,#2247,#2248));
#5663=EDGE_LOOP('',(#2249,#2250,#2251,#2252));
#5664=EDGE_LOOP('',(#2253,#2254,#2255,#2256));
#5665=EDGE_LOOP('',(#2257,#2258,#2259,#2260));
#5666=EDGE_LOOP('',(#2261,#2262,#2263,#2264));
#5667=EDGE_LOOP('',(#2265,#2266,#2267,#2268));
#5668=EDGE_LOOP('',(#2269,#2270,#2271,#2272));
#5669=EDGE_LOOP('',(#2273,#2274,#2275,#2276));
#5670=EDGE_LOOP('',(#2277,#2278,#2279,#2280));
#5671=EDGE_LOOP('',(#2281,#2282,#2283,#2284));
#5672=EDGE_LOOP('',(#2285,#2286,#2287,#2288));
#5673=EDGE_LOOP('',(#2289,#2290,#2291,#2292));
#5674=EDGE_LOOP('',(#2293,#2294,#2295,#2296));
#5675=EDGE_LOOP('',(#2297,#2298,#2299,#2300));
#5676=EDGE_LOOP('',(#2301,#2302,#2303,#2304));
#5677=EDGE_LOOP('',(#2305,#2306,#2307,#2308));
#5678=EDGE_LOOP('',(#2309,#2310,#2311,#2312));
#5679=EDGE_LOOP('',(#2313,#2314,#2315,#2316));
#5680=EDGE_LOOP('',(#2317,#2318,#2319,#2320));
#5681=EDGE_LOOP('',(#2321,#2322,#2323,#2324));
#5682=EDGE_LOOP('',(#2325,#2326,#2327,#2328));
#5683=EDGE_LOOP('',(#2329,#2330,#2331,#2332));
#5684=EDGE_LOOP('',(#2333,#2334,#2335,#2336));
#5685=EDGE_LOOP('',(#2337,#2338,#2339,#2340));
#5686=EDGE_LOOP('',(#2341,#2342,#2343,#2344));
#5687=EDGE_LOOP('',(#2345,#2346,#2347,#2348));
#5688=EDGE_LOOP('',(#2349,#2350,#2351,#2352));
#5689=EDGE_LOOP('',(#2353,#2354,#2355,#2356));
#5690=EDGE_LOOP('',(#2357,#2358,#2359,#2360));
#5691=EDGE_LOOP('',(#2361,#2362,#2363,#2364));
#5692=EDGE_LOOP('',(#2365,#2366,#2367,#2368));
#5693=EDGE_LOOP('',(#2369,#2370,#2371,#2372));
#5694=EDGE_LOOP('',(#2373,#2374,#2375,#2376));
#5695=EDGE_LOOP('',(#2377,#2378,#2379,#2380));
#5696=EDGE_LOOP('',(#2381,#2382,#2383,#2384));
#5697=EDGE_LOOP('',(#2385,#2386,#2387,#2388));
#5698=EDGE_LOOP('',(#2389,#2390,#2391,#2392));
#5699=EDGE_LOOP('',(#2393,#2394,#2395,#2396));
#5700=EDGE_LOOP('',(#2397,#2398,#2399,#2400));
#5701=EDGE_LOOP('',(#2401,#2402,#2403,#2404));
#5702=EDGE_LOOP('',(#2405,#2406,#2407,#2408));
#5703=EDGE_LOOP('',(#2409,#2410,#2411,#2412));
#5704=EDGE_LOOP('',(#2413,#2414,#2415,#2416));
#5705=EDGE_LOOP('',(#2417,#2418,#2419,#2420));
#5706=EDGE_LOOP('',(#2421,#2422,#2423,#2424));
#5707=EDGE_LOOP('',(#2425,#2426,#2427,#2428));
#5708=EDGE_LOOP('',(#2429,#2430,#2431,#2432));
#5709=EDGE_LOOP('',(#2433,#2434,#2435,#2436));
#5710=EDGE_LOOP('',(#2437,#2438,#2439,#2440));
#5711=EDGE_LOOP('',(#2441,#2442,#2443,#2444));
#5712=EDGE_LOOP('',(#2445,#2446,#2447,#2448));
#5713=EDGE_LOOP('',(#2449,#2450,#2451,#2452));
#5714=EDGE_LOOP('',(#2453,#2454,#2455,#2456));
#5715=EDGE_LOOP('',(#2457,#2458,#2459,#2460));
#5716=EDGE_LOOP('',(#2461,#2462,#2463,#2464));
#5717=EDGE_LOOP('',(#2465,#2466,#2467,#2468));
#5718=EDGE_LOOP('',(#2469,#2470,#2471,#2472));
#5719=EDGE_LOOP('',(#2473,#2474,#2475,#2476));
#5720=EDGE_LOOP('',(#2477,#2478,#2479,#2480));
#5721=EDGE_LOOP('',(#2481,#2482,#2483,#2484));
#5722=EDGE_LOOP('',(#2485,#2486,#2487,#2488));
#5723=EDGE_LOOP('',(#2489,#2490,#2491,#2492));
#5724=EDGE_LOOP('',(#2493,#2494,#2495,#2496));
#5725=EDGE_LOOP('',(#2497,#2498,#2499,#2500));
#5726=EDGE_LOOP('',(#2501,#2502,#2503,#2504));
#5727=EDGE_LOOP('',(#2505,#2506,#2507,#2508));
#5728=EDGE_LOOP('',(#2509,#2510,#2511,#2512));
#5729=EDGE_LOOP('',(#2513,#2514,#2515,#2516));
#5730=EDGE_LOOP('',(#2517,#2518,#2519,#2520));
#5731=EDGE_LOOP('',(#2521,#2522,#2523,#2524));
#5732=EDGE_LOOP('',(#2525,#2526,#2527,#2528));
#5733=EDGE_LOOP('',(#2529,#2530,#2531,#2532));
#5734=EDGE_LOOP('',(#2533,#2534,#2535,#2536));
#5735=EDGE_LOOP('',(#2537,#2538,#2539,#2540));
#5736=EDGE_LOOP('',(#2541,#2542,#2543,#2544));
#5737=EDGE_LOOP('',(#2545,#2546,#2547,#2548));
#5738=EDGE_LOOP('',(#2549,#2550,#2551,#2552));
#5739=EDGE_LOOP('',(#2553,#2554,#2555,#2556));
#5740=EDGE_LOOP('',(#2557,#2558,#2559,#2560));
#5741=EDGE_LOOP('',(#2561,#2562,#2563,#2564));
#5742=EDGE_LOOP('',(#2565,#2566,#2567,#2568));
#5743=EDGE_LOOP('',(#2569,#2570,#2571,#2572));
#5744=EDGE_LOOP('',(#2573,#2574,#2575,#2576));
#5745=EDGE_LOOP('',(#2577,#2578,#2579,#2580));
#5746=EDGE_LOOP('',(#2581,#2582,#2583,#2584));
#5747=EDGE_LOOP('',(#2585,#2586,#2587,#2588));
#5748=EDGE_LOOP('',(#2589,#2590,#2591,#2592));
#5749=EDGE_LOOP('',(#2593,#2594,#2595,#2596));
#5750=EDGE_LOOP('',(#2597,#2598,#2599,#2600));
#5751=EDGE_LOOP('',(#2601,#2602,#2603,#2604));
#5752=EDGE_LOOP('',(#2605,#2606,#2607,#2608));
#5753=EDGE_LOOP('',(#2609,#2610,#2611,#2612));
#5754=EDGE_LOOP('',(#2613,#2614,#2615,#2616));
#5755=EDGE_LOOP('',(#2617,#2618,#2619,#2620));
#5756=EDGE_LOOP('',(#2621,#2622,#2623,#2624));
#5757=EDGE_LOOP('',(#2625,#2626,#2627,#2628));
#5758=EDGE_LOOP('',(#2629,#2630,#2631,#2632));
#5759=EDGE_LOOP('',(#2633,#2634,#2635,#2636));
#5760=EDGE_LOOP('',(#2637,#2638,#2639,#2640));
#5761=EDGE_LOOP('',(#2641,#2642,#2643,#2644));
#5762=EDGE_LOOP('',(#2645,#2646,#2647,#2648));
#5763=EDGE_LOOP('',(#2649,#2650,#2651,#2652));
#5764=EDGE_LOOP('',(#2653,#2654,#2655,#2656));
#5765=EDGE_LOOP('',(#2657,#2658,#2659,#2660));
#5766=EDGE_LOOP('',(#2661,#2662,#2663,#2664));
#5767=EDGE_LOOP('',(#2665,#2666,#2667,#2668));
#5768=EDGE_LOOP('',(#2669,#2670,#2671,#2672));
#5769=EDGE_LOOP('',(#2673,#2674,#2675,#2676));
#5770=EDGE_LOOP('',(#2677,#2678,#2679,#2680));
#5771=EDGE_LOOP('',(#2681,#2682,#2683,#2684));
#5772=EDGE_LOOP('',(#2685,#2686,#2687,#2688));
#5773=EDGE_LOOP('',(#2689,#2690,#2691,#2692));
#5774=EDGE_LOOP('',(#2693,#2694,#2695,#2696));
#5775=EDGE_LOOP('',(#2697,#2698,#2699,#2700));
#5776=EDGE_LOOP('',(#2701,#2702,#2703,#2704));
#5777=EDGE_LOOP('',(#2705,#2706,#2707,#2708));
#5778=EDGE_LOOP('',(#2709,#2710,#2711,#2712));
#5779=EDGE_LOOP('',(#2713,#2714,#2715,#2716));
#5780=EDGE_LOOP('',(#2717,#2718,#2719,#2720));
#5781=EDGE_LOOP('',(#2721,#2722,#2723,#2724));
#5782=EDGE_LOOP('',(#2725,#2726,#2727,#2728));
#5783=EDGE_LOOP('',(#2729,#2730,#2731,#2732));
#5784=EDGE_LOOP('',(#2733,#2734,#2735,#2736));
#5785=EDGE_LOOP('',(#2737,#2738,#2739,#2740));
#5786=EDGE_LOOP('',(#2741,#2742,#2743,#2744));
#5787=EDGE_LOOP('',(#2745,#2746,#2747,#2748));
#5788=EDGE_LOOP('',(#2749,#2750,#2751,#2752));
#5789=EDGE_LOOP('',(#2753,#2754,#2755,#2756));
#5790=EDGE_LOOP('',(#2757,#2758,#2759,#2760));
#5791=EDGE_LOOP('',(#2761,#2762,#2763,#2764));
#5792=EDGE_LOOP('',(#2765,#2766,#2767,#2768));
#5793=EDGE_LOOP('',(#2769,#2770,#2771,#2772));
#5794=EDGE_LOOP('',(#2773,#2774,#2775,#2776));
#5795=EDGE_LOOP('',(#2777,#2778,#2779,#2780));
#5796=EDGE_LOOP('',(#2781,#2782,#2783,#2784));
#5797=EDGE_LOOP('',(#2785,#2786,#2787,#2788));
#5798=EDGE_LOOP('',(#2789,#2790,#2791,#2792));
#5799=EDGE_LOOP('',(#2793,#2794,#2795,#2796));
#5800=EDGE_LOOP('',(#2797,#2798,#2799,#2800));
#5801=EDGE_LOOP('',(#2801,#2802,#2803,#2804));
#5802=EDGE_LOOP('',(#2805,#2806,#2807,#2808));
#5803=EDGE_LOOP('',(#2809,#2810,#2811,#2812));
#5804=EDGE_LOOP('',(#2813,#2814,#2815,#2816));
#5805=EDGE_LOOP('',(#2817,#2818,#2819,#2820));
#5806=EDGE_LOOP('',(#2821,#2822,#2823,#2824));
#5807=EDGE_LOOP('',(#2825,#2826,#2827,#2828));
#5808=EDGE_LOOP('',(#2829,#2830,#2831,#2832));
#5809=EDGE_LOOP('',(#2833,#2834,#2835,#2836));
#5810=EDGE_LOOP('',(#2837,#2838,#2839,#2840));
#5811=EDGE_LOOP('',(#2841,#2842,#2843,#2844));
#5812=EDGE_LOOP('',(#2845,#2846,#2847,#2848));
#5813=EDGE_LOOP('',(#2849,#2850,#2851,#2852));
#5814=EDGE_LOOP('',(#2853,#2854,#2855,#2856));
#5815=EDGE_LOOP('',(#2857,#2858,#2859,#2860));
#5816=EDGE_LOOP('',(#2861,#2862,#2863,#2864));
#5817=EDGE_LOOP('',(#2865,#2866,#2867,#2868));
#5818=EDGE_LOOP('',(#2869,#2870,#2871,#2872));
#5819=EDGE_LOOP('',(#2873,#2874,#2875,#2876));
#5820=EDGE_LOOP('',(#2877,#2878,#2879,#2880));
#5821=EDGE_LOOP('',(#2881,#2882,#2883,#2884));
#5822=EDGE_LOOP('',(#2885,#2886,#2887,#2888));
#5823=EDGE_LOOP('',(#2889,#2890,#2891,#2892));
#5824=EDGE_LOOP('',(#2893,#2894,#2895,#2896));
#5825=EDGE_LOOP('',(#2897,#2898,#2899,#2900));
#5826=EDGE_LOOP('',(#2901,#2902,#2903,#2904));
#5827=EDGE_LOOP('',(#2905,#2906,#2907,#2908));
#5828=EDGE_LOOP('',(#2909,#2910,#2911,#2912));
#5829=EDGE_LOOP('',(#2913,#2914,#2915,#2916));
#5830=EDGE_LOOP('',(#2917,#2918,#2919,#2920));
#5831=EDGE_LOOP('',(#2921,#2922,#2923,#2924));
#5832=EDGE_LOOP('',(#2925,#2926,#2927,#2928));
#5833=EDGE_LOOP('',(#2929,#2930,#2931,#2932));
#5834=EDGE_LOOP('',(#2933,#2934,#2935,#2936));
#5835=EDGE_LOOP('',(#2937,#2938,#2939,#2940));
#5836=EDGE_LOOP('',(#2941,#2942,#2943,#2944));
#5837=EDGE_LOOP('',(#2945,#2946,#2947,#2948));
#5838=EDGE_LOOP('',(#2949,#2950,#2951,#2952));
#5839=EDGE_LOOP('',(#2953,#2954,#2955,#2956));
#5840=EDGE_LOOP('',(#2957,#2958,#2959,#2960));
#5841=EDGE_LOOP('',(#2961,#2962,#2963,#2964));
#5842=EDGE_LOOP('',(#2965,#2966,#2967,#2968));
#5843=EDGE_LOOP('',(#2969,#2970,#2971,#2972));
#5844=EDGE_LOOP('',(#2973,#2974,#2975,#2976));
#5845=EDGE_LOOP('',(#2977,#2978,#2979,#2980));
#5846=EDGE_LOOP('',(#2981,#2982,#2983,#2984));
#5847=EDGE_LOOP('',(#2985,#2986,#2987,#2988));
#5848=EDGE_LOOP('',(#2989,#2990,#2991,#2992));
#5849=EDGE_LOOP('',(#2993,#2994,#2995,#2996));
#5850=EDGE_LOOP('',(#2997,#2998,#2999,#3000));
#5851=EDGE_LOOP('',(#3001,#3002,#3003,#3004));
#5852=EDGE_LOOP('',(#3005,#3006,#3007,#3008));
#5853=EDGE_LOOP('',(#3009,#3010,#3011,#3012));
#5854=EDGE_LOOP('',(#3013,#3014,#3015,#3016));
#5855=EDGE_LOOP('',(#3017,#3018,#3019,#3020));
#5856=EDGE_LOOP('',(#3021,#3022,#3023,#3024));
#5857=EDGE_LOOP('',(#3025,#3026,#3027,#3028));
#5858=EDGE_LOOP('',(#3029,#3030,#3031,#3032));
#5859=EDGE_LOOP('',(#3033,#3034,#3035,#3036));
#5860=EDGE_LOOP('',(#3037,#3038,#3039,#3040));
#5861=EDGE_LOOP('',(#3041,#3042,#3043,#3044));
#5862=EDGE_LOOP('',(#3045,#3046,#3047,#3048));
#5863=EDGE_LOOP('',(#3049,#3050,#3051,#3052));
#5864=EDGE_LOOP('',(#3053,#3054,#3055,#3056));
#5865=EDGE_LOOP('',(#3057,#3058,#3059,#3060));
#5866=EDGE_LOOP('',(#3061,#3062,#3063,#3064));
#5867=EDGE_LOOP('',(#3065,#3066,#3067,#3068));
#5868=EDGE_LOOP('',(#3069,#3070,#3071,#3072));
#5869=EDGE_LOOP('',(#3073,#3074,#3075,#3076));
#5870=EDGE_LOOP('',(#3077,#3078,#3079,#3080));
#5871=EDGE_LOOP('',(#3081,#3082,#3083,#3084));
#5872=EDGE_LOOP('',(#3085,#3086,#3087,#3088));
#5873=EDGE_LOOP('',(#3089,#3090,#3091,#3092));
#5874=EDGE_LOOP('',(#3093,#3094,#3095,#3096));
#5875=EDGE_LOOP('',(#3097,#3098,#3099,#3100));
#5876=EDGE_LOOP('',(#3101,#3102,#3103,#3104));
#5877=EDGE_LOOP('',(#3105,#3106,#3107,#3108,#3109,#3110,#3111,#3112,#3113,
#3114,#3115,#3116,#3117,#3118,#3119,#3120,#3121,#3122,#3123,#3124,#3125,
#3126,#3127,#3128,#3129,#3130,#3131,#3132,#3133,#3134,#3135,#3136,#3137,
#3138,#3139,#3140,#3141,#3142,#3143,#3144,#3145,#3146,#3147,#3148,#3149,
#3150,#3151,#3152,#3153,#3154,#3155,#3156,#3157,#3158,#3159,#3160));
#5878=EDGE_LOOP('',(#3161,#3162,#3163,#3164,#3165,#3166,#3167,#3168,#3169,
#3170,#3171,#3172,#3173,#3174,#3175,#3176,#3177,#3178,#3179,#3180,#3181,
#3182,#3183,#3184,#3185,#3186,#3187,#3188));
#5879=EDGE_LOOP('',(#3189,#3190,#3191,#3192,#3193,#3194,#3195,#3196,#3197,
#3198,#3199,#3200,#3201,#3202,#3203,#3204,#3205,#3206,#3207,#3208,#3209,
#3210,#3211,#3212,#3213,#3214,#3215,#3216,#3217,#3218,#3219,#3220,#3221,
#3222,#3223,#3224,#3225,#3226,#3227,#3228,#3229,#3230,#3231,#3232));
#5880=EDGE_LOOP('',(#3233,#3234,#3235,#3236,#3237,#3238,#3239,#3240,#3241,
#3242,#3243,#3244,#3245,#3246,#3247,#3248,#3249,#3250,#3251,#3252,#3253,
#3254,#3255,#3256,#3257,#3258,#3259,#3260,#3261,#3262));
#5881=EDGE_LOOP('',(#3263,#3264,#3265,#3266,#3267,#3268,#3269,#3270,#3271,
#3272,#3273,#3274,#3275,#3276,#3277,#3278,#3279,#3280,#3281,#3282,#3283,
#3284,#3285,#3286,#3287,#3288,#3289,#3290,#3291,#3292,#3293,#3294,#3295,
#3296,#3297,#3298,#3299,#3300,#3301,#3302));
#5882=EDGE_LOOP('',(#3303,#3304,#3305,#3306,#3307,#3308,#3309,#3310,#3311,
#3312,#3313,#3314,#3315,#3316,#3317,#3318,#3319,#3320,#3321,#3322,#3323,
#3324,#3325,#3326,#3327,#3328,#3329,#3330,#3331,#3332,#3333,#3334,#3335,
#3336,#3337,#3338));
#5883=EDGE_LOOP('',(#3339,#3340,#3341,#3342,#3343,#3344,#3345,#3346,#3347,
#3348,#3349,#3350,#3351,#3352,#3353,#3354,#3355,#3356,#3357,#3358,#3359,
#3360,#3361,#3362,#3363,#3364,#3365,#3366,#3367,#3368,#3369,#3370,#3371,
#3372,#3373,#3374,#3375,#3376,#3377,#3378,#3379,#3380));
#5884=EDGE_LOOP('',(#3381,#3382,#3383,#3384,#3385,#3386,#3387,#3388,#3389,
#3390,#3391,#3392,#3393,#3394,#3395,#3396,#3397,#3398,#3399,#3400,#3401,
#3402,#3403,#3404,#3405,#3406,#3407,#3408,#3409,#3410,#3411,#3412,#3413,
#3414,#3415,#3416,#3417,#3418,#3419,#3420,#3421,#3422,#3423,#3424,#3425,
#3426,#3427,#3428,#3429,#3430,#3431,#3432,#3433,#3434,#3435,#3436,#3437,
#3438,#3439,#3440,#3441,#3442,#3443));
#5885=EDGE_LOOP('',(#3444,#3445,#3446,#3447,#3448,#3449));
#5886=EDGE_LOOP('',(#3450,#3451,#3452,#3453,#3454,#3455,#3456,#3457,#3458,
#3459,#3460,#3461,#3462,#3463,#3464,#3465,#3466,#3467,#3468,#3469,#3470,
#3471,#3472,#3473,#3474,#3475,#3476,#3477,#3478,#3479,#3480,#3481,#3482,
#3483,#3484,#3485,#3486,#3487,#3488,#3489,#3490,#3491,#3492,#3493,#3494,
#3495,#3496,#3497,#3498,#3499,#3500,#3501,#3502,#3503,#3504,#3505));
#5887=EDGE_LOOP('',(#3506,#3507,#3508,#3509,#3510,#3511,#3512,#3513,#3514,
#3515,#3516,#3517,#3518,#3519,#3520,#3521,#3522,#3523,#3524,#3525,#3526,
#3527,#3528,#3529,#3530,#3531,#3532,#3533));
#5888=EDGE_LOOP('',(#3534,#3535,#3536,#3537,#3538,#3539,#3540,#3541,#3542,
#3543,#3544,#3545,#3546,#3547,#3548,#3549,#3550,#3551,#3552,#3553,#3554,
#3555,#3556,#3557,#3558,#3559,#3560,#3561,#3562,#3563,#3564,#3565,#3566,
#3567,#3568,#3569,#3570,#3571,#3572,#3573,#3574,#3575,#3576,#3577));
#5889=EDGE_LOOP('',(#3578,#3579,#3580,#3581,#3582,#3583,#3584,#3585,#3586,
#3587,#3588,#3589,#3590,#3591,#3592,#3593,#3594,#3595,#3596,#3597,#3598,
#3599,#3600,#3601,#3602,#3603,#3604,#3605,#3606,#3607));
#5890=EDGE_LOOP('',(#3608,#3609,#3610,#3611,#3612,#3613,#3614,#3615,#3616,
#3617,#3618,#3619,#3620,#3621,#3622,#3623,#3624,#3625,#3626,#3627,#3628,
#3629,#3630,#3631,#3632,#3633,#3634,#3635,#3636,#3637,#3638,#3639,#3640,
#3641,#3642,#3643,#3644,#3645,#3646,#3647));
#5891=EDGE_LOOP('',(#3648,#3649,#3650,#3651,#3652,#3653,#3654,#3655,#3656,
#3657,#3658,#3659,#3660,#3661,#3662,#3663,#3664,#3665,#3666,#3667,#3668,
#3669,#3670,#3671,#3672,#3673,#3674,#3675,#3676,#3677,#3678,#3679,#3680,
#3681,#3682,#3683));
#5892=EDGE_LOOP('',(#3684,#3685,#3686,#3687,#3688,#3689,#3690,#3691,#3692,
#3693,#3694,#3695,#3696,#3697,#3698,#3699,#3700,#3701,#3702,#3703,#3704,
#3705,#3706,#3707,#3708,#3709,#3710,#3711,#3712,#3713,#3714,#3715,#3716,
#3717,#3718,#3719,#3720,#3721,#3722,#3723,#3724,#3725));
#5893=EDGE_LOOP('',(#3726,#3727,#3728,#3729,#3730,#3731,#3732,#3733,#3734,
#3735,#3736,#3737,#3738,#3739,#3740,#3741,#3742,#3743,#3744,#3745,#3746,
#3747,#3748,#3749,#3750,#3751,#3752,#3753,#3754,#3755,#3756,#3757,#3758,
#3759,#3760,#3761,#3762,#3763,#3764,#3765,#3766,#3767,#3768,#3769,#3770,
#3771,#3772,#3773,#3774,#3775,#3776,#3777,#3778,#3779,#3780,#3781,#3782,
#3783,#3784,#3785,#3786,#3787,#3788));
#5894=EDGE_LOOP('',(#3789,#3790,#3791,#3792,#3793,#3794));
#5895=FACE_BOUND('',#5532,.T.);
#5896=FACE_BOUND('',#5533,.T.);
#5897=FACE_BOUND('',#5534,.T.);
#5898=FACE_BOUND('',#5535,.T.);
#5899=FACE_BOUND('',#5536,.T.);
#5900=FACE_BOUND('',#5537,.T.);
#5901=FACE_BOUND('',#5538,.T.);
#5902=FACE_BOUND('',#5539,.T.);
#5903=FACE_BOUND('',#5540,.T.);
#5904=FACE_BOUND('',#5541,.T.);
#5905=FACE_BOUND('',#5542,.T.);
#5906=FACE_BOUND('',#5543,.T.);
#5907=FACE_BOUND('',#5544,.T.);
#5908=FACE_BOUND('',#5545,.T.);
#5909=FACE_BOUND('',#5546,.T.);
#5910=FACE_BOUND('',#5547,.T.);
#5911=FACE_BOUND('',#5548,.T.);
#5912=FACE_BOUND('',#5549,.T.);
#5913=FACE_BOUND('',#5550,.T.);
#5914=FACE_BOUND('',#5551,.T.);
#5915=FACE_BOUND('',#5552,.T.);
#5916=FACE_BOUND('',#5553,.T.);
#5917=FACE_BOUND('',#5554,.T.);
#5918=FACE_BOUND('',#5555,.T.);
#5919=FACE_BOUND('',#5556,.T.);
#5920=FACE_BOUND('',#5557,.T.);
#5921=FACE_BOUND('',#5558,.T.);
#5922=FACE_BOUND('',#5559,.T.);
#5923=FACE_BOUND('',#5560,.T.);
#5924=FACE_BOUND('',#5561,.T.);
#5925=FACE_BOUND('',#5562,.T.);
#5926=FACE_BOUND('',#5563,.T.);
#5927=FACE_BOUND('',#5564,.T.);
#5928=FACE_BOUND('',#5565,.T.);
#5929=FACE_BOUND('',#5566,.T.);
#5930=FACE_BOUND('',#5567,.T.);
#5931=FACE_BOUND('',#5568,.T.);
#5932=FACE_BOUND('',#5569,.T.);
#5933=FACE_BOUND('',#5570,.T.);
#5934=FACE_BOUND('',#5571,.T.);
#5935=FACE_BOUND('',#5572,.T.);
#5936=FACE_BOUND('',#5573,.T.);
#5937=FACE_BOUND('',#5574,.T.);
#5938=FACE_BOUND('',#5575,.T.);
#5939=FACE_BOUND('',#5576,.T.);
#5940=FACE_BOUND('',#5577,.T.);
#5941=FACE_BOUND('',#5578,.T.);
#5942=FACE_BOUND('',#5579,.T.);
#5943=FACE_BOUND('',#5580,.T.);
#5944=FACE_BOUND('',#5581,.T.);
#5945=FACE_BOUND('',#5582,.T.);
#5946=FACE_BOUND('',#5583,.T.);
#5947=FACE_BOUND('',#5584,.T.);
#5948=FACE_BOUND('',#5585,.T.);
#5949=FACE_BOUND('',#5586,.T.);
#5950=FACE_BOUND('',#5587,.T.);
#5951=FACE_BOUND('',#5588,.T.);
#5952=FACE_BOUND('',#5589,.T.);
#5953=FACE_BOUND('',#5590,.T.);
#5954=FACE_BOUND('',#5591,.T.);
#5955=FACE_BOUND('',#5592,.T.);
#5956=FACE_BOUND('',#5593,.T.);
#5957=FACE_BOUND('',#5594,.T.);
#5958=FACE_BOUND('',#5595,.T.);
#5959=FACE_BOUND('',#5596,.T.);
#5960=FACE_BOUND('',#5597,.T.);
#5961=FACE_BOUND('',#5598,.T.);
#5962=FACE_BOUND('',#5599,.T.);
#5963=FACE_BOUND('',#5600,.T.);
#5964=FACE_BOUND('',#5601,.T.);
#5965=FACE_BOUND('',#5602,.T.);
#5966=FACE_BOUND('',#5603,.T.);
#5967=FACE_BOUND('',#5604,.T.);
#5968=FACE_BOUND('',#5605,.T.);
#5969=FACE_BOUND('',#5606,.T.);
#5970=FACE_BOUND('',#5607,.T.);
#5971=FACE_BOUND('',#5608,.T.);
#5972=FACE_BOUND('',#5609,.T.);
#5973=FACE_BOUND('',#5610,.T.);
#5974=FACE_BOUND('',#5611,.T.);
#5975=FACE_BOUND('',#5612,.T.);
#5976=FACE_BOUND('',#5613,.T.);
#5977=FACE_BOUND('',#5614,.T.);
#5978=FACE_BOUND('',#5615,.T.);
#5979=FACE_BOUND('',#5616,.T.);
#5980=FACE_BOUND('',#5617,.T.);
#5981=FACE_BOUND('',#5618,.T.);
#5982=FACE_BOUND('',#5619,.T.);
#5983=FACE_BOUND('',#5620,.T.);
#5984=FACE_BOUND('',#5621,.T.);
#5985=FACE_BOUND('',#5622,.T.);
#5986=FACE_BOUND('',#5623,.T.);
#5987=FACE_BOUND('',#5624,.T.);
#5988=FACE_BOUND('',#5625,.T.);
#5989=FACE_BOUND('',#5626,.T.);
#5990=FACE_BOUND('',#5627,.T.);
#5991=FACE_BOUND('',#5628,.T.);
#5992=FACE_BOUND('',#5629,.T.);
#5993=FACE_BOUND('',#5630,.T.);
#5994=FACE_BOUND('',#5631,.T.);
#5995=FACE_BOUND('',#5632,.T.);
#5996=FACE_BOUND('',#5633,.T.);
#5997=FACE_BOUND('',#5634,.T.);
#5998=FACE_BOUND('',#5635,.T.);
#5999=FACE_BOUND('',#5636,.T.);
#6000=FACE_BOUND('',#5637,.T.);
#6001=FACE_BOUND('',#5638,.T.);
#6002=FACE_BOUND('',#5639,.T.);
#6003=FACE_BOUND('',#5640,.T.);
#6004=FACE_BOUND('',#5641,.T.);
#6005=FACE_BOUND('',#5642,.T.);
#6006=FACE_BOUND('',#5643,.T.);
#6007=FACE_BOUND('',#5644,.T.);
#6008=FACE_BOUND('',#5645,.T.);
#6009=FACE_BOUND('',#5646,.T.);
#6010=FACE_BOUND('',#5647,.T.);
#6011=FACE_BOUND('',#5648,.T.);
#6012=FACE_BOUND('',#5649,.T.);
#6013=FACE_BOUND('',#5650,.T.);
#6014=FACE_BOUND('',#5651,.T.);
#6015=FACE_BOUND('',#5652,.T.);
#6016=FACE_BOUND('',#5653,.T.);
#6017=FACE_BOUND('',#5654,.T.);
#6018=FACE_BOUND('',#5655,.T.);
#6019=FACE_BOUND('',#5656,.T.);
#6020=FACE_BOUND('',#5657,.T.);
#6021=FACE_BOUND('',#5658,.T.);
#6022=FACE_BOUND('',#5659,.T.);
#6023=FACE_BOUND('',#5660,.T.);
#6024=FACE_BOUND('',#5661,.T.);
#6025=FACE_BOUND('',#5662,.T.);
#6026=FACE_BOUND('',#5663,.T.);
#6027=FACE_BOUND('',#5664,.T.);
#6028=FACE_BOUND('',#5665,.T.);
#6029=FACE_BOUND('',#5666,.T.);
#6030=FACE_BOUND('',#5667,.T.);
#6031=FACE_BOUND('',#5668,.T.);
#6032=FACE_BOUND('',#5669,.T.);
#6033=FACE_BOUND('',#5670,.T.);
#6034=FACE_BOUND('',#5671,.T.);
#6035=FACE_BOUND('',#5672,.T.);
#6036=FACE_BOUND('',#5673,.T.);
#6037=FACE_BOUND('',#5674,.T.);
#6038=FACE_BOUND('',#5675,.T.);
#6039=FACE_BOUND('',#5676,.T.);
#6040=FACE_BOUND('',#5677,.T.);
#6041=FACE_BOUND('',#5678,.T.);
#6042=FACE_BOUND('',#5679,.T.);
#6043=FACE_BOUND('',#5680,.T.);
#6044=FACE_BOUND('',#5681,.T.);
#6045=FACE_BOUND('',#5682,.T.);
#6046=FACE_BOUND('',#5683,.T.);
#6047=FACE_BOUND('',#5684,.T.);
#6048=FACE_BOUND('',#5685,.T.);
#6049=FACE_BOUND('',#5686,.T.);
#6050=FACE_BOUND('',#5687,.T.);
#6051=FACE_BOUND('',#5688,.T.);
#6052=FACE_BOUND('',#5689,.T.);
#6053=FACE_BOUND('',#5690,.T.);
#6054=FACE_BOUND('',#5691,.T.);
#6055=FACE_BOUND('',#5692,.T.);
#6056=FACE_BOUND('',#5693,.T.);
#6057=FACE_BOUND('',#5694,.T.);
#6058=FACE_BOUND('',#5695,.T.);
#6059=FACE_BOUND('',#5696,.T.);
#6060=FACE_BOUND('',#5697,.T.);
#6061=FACE_BOUND('',#5698,.T.);
#6062=FACE_BOUND('',#5699,.T.);
#6063=FACE_BOUND('',#5700,.T.);
#6064=FACE_BOUND('',#5701,.T.);
#6065=FACE_BOUND('',#5702,.T.);
#6066=FACE_BOUND('',#5703,.T.);
#6067=FACE_BOUND('',#5704,.T.);
#6068=FACE_BOUND('',#5705,.T.);
#6069=FACE_BOUND('',#5706,.T.);
#6070=FACE_BOUND('',#5707,.T.);
#6071=FACE_BOUND('',#5708,.T.);
#6072=FACE_BOUND('',#5709,.T.);
#6073=FACE_BOUND('',#5710,.T.);
#6074=FACE_BOUND('',#5711,.T.);
#6075=FACE_BOUND('',#5712,.T.);
#6076=FACE_BOUND('',#5713,.T.);
#6077=FACE_BOUND('',#5714,.T.);
#6078=FACE_BOUND('',#5715,.T.);
#6079=FACE_BOUND('',#5716,.T.);
#6080=FACE_BOUND('',#5717,.T.);
#6081=FACE_BOUND('',#5718,.T.);
#6082=FACE_BOUND('',#5719,.T.);
#6083=FACE_BOUND('',#5720,.T.);
#6084=FACE_BOUND('',#5721,.T.);
#6085=FACE_BOUND('',#5722,.T.);
#6086=FACE_BOUND('',#5723,.T.);
#6087=FACE_BOUND('',#5724,.T.);
#6088=FACE_BOUND('',#5725,.T.);
#6089=FACE_BOUND('',#5726,.T.);
#6090=FACE_BOUND('',#5727,.T.);
#6091=FACE_BOUND('',#5728,.T.);
#6092=FACE_BOUND('',#5729,.T.);
#6093=FACE_BOUND('',#5730,.T.);
#6094=FACE_BOUND('',#5731,.T.);
#6095=FACE_BOUND('',#5732,.T.);
#6096=FACE_BOUND('',#5733,.T.);
#6097=FACE_BOUND('',#5734,.T.);
#6098=FACE_BOUND('',#5735,.T.);
#6099=FACE_BOUND('',#5736,.T.);
#6100=FACE_BOUND('',#5737,.T.);
#6101=FACE_BOUND('',#5738,.T.);
#6102=FACE_BOUND('',#5739,.T.);
#6103=FACE_BOUND('',#5740,.T.);
#6104=FACE_BOUND('',#5741,.T.);
#6105=FACE_BOUND('',#5742,.T.);
#6106=FACE_BOUND('',#5743,.T.);
#6107=FACE_BOUND('',#5744,.T.);
#6108=FACE_BOUND('',#5745,.T.);
#6109=FACE_BOUND('',#5746,.T.);
#6110=FACE_BOUND('',#5747,.T.);
#6111=FACE_BOUND('',#5748,.T.);
#6112=FACE_BOUND('',#5749,.T.);
#6113=FACE_BOUND('',#5750,.T.);
#6114=FACE_BOUND('',#5751,.T.);
#6115=FACE_BOUND('',#5752,.T.);
#6116=FACE_BOUND('',#5753,.T.);
#6117=FACE_BOUND('',#5754,.T.);
#6118=FACE_BOUND('',#5755,.T.);
#6119=FACE_BOUND('',#5756,.T.);
#6120=FACE_BOUND('',#5757,.T.);
#6121=FACE_BOUND('',#5758,.T.);
#6122=FACE_BOUND('',#5759,.T.);
#6123=FACE_BOUND('',#5760,.T.);
#6124=FACE_BOUND('',#5761,.T.);
#6125=FACE_BOUND('',#5762,.T.);
#6126=FACE_BOUND('',#5763,.T.);
#6127=FACE_BOUND('',#5764,.T.);
#6128=FACE_BOUND('',#5765,.T.);
#6129=FACE_BOUND('',#5766,.T.);
#6130=FACE_BOUND('',#5767,.T.);
#6131=FACE_BOUND('',#5768,.T.);
#6132=FACE_BOUND('',#5769,.T.);
#6133=FACE_BOUND('',#5770,.T.);
#6134=FACE_BOUND('',#5771,.T.);
#6135=FACE_BOUND('',#5772,.T.);
#6136=FACE_BOUND('',#5773,.T.);
#6137=FACE_BOUND('',#5774,.T.);
#6138=FACE_BOUND('',#5775,.T.);
#6139=FACE_BOUND('',#5776,.T.);
#6140=FACE_BOUND('',#5777,.T.);
#6141=FACE_BOUND('',#5778,.T.);
#6142=FACE_BOUND('',#5779,.T.);
#6143=FACE_BOUND('',#5780,.T.);
#6144=FACE_BOUND('',#5781,.T.);
#6145=FACE_BOUND('',#5782,.T.);
#6146=FACE_BOUND('',#5783,.T.);
#6147=FACE_BOUND('',#5784,.T.);
#6148=FACE_BOUND('',#5785,.T.);
#6149=FACE_BOUND('',#5786,.T.);
#6150=FACE_BOUND('',#5787,.T.);
#6151=FACE_BOUND('',#5788,.T.);
#6152=FACE_BOUND('',#5789,.T.);
#6153=FACE_BOUND('',#5790,.T.);
#6154=FACE_BOUND('',#5791,.T.);
#6155=FACE_BOUND('',#5792,.T.);
#6156=FACE_BOUND('',#5793,.T.);
#6157=FACE_BOUND('',#5794,.T.);
#6158=FACE_BOUND('',#5795,.T.);
#6159=FACE_BOUND('',#5796,.T.);
#6160=FACE_BOUND('',#5797,.T.);
#6161=FACE_BOUND('',#5798,.T.);
#6162=FACE_BOUND('',#5799,.T.);
#6163=FACE_BOUND('',#5800,.T.);
#6164=FACE_BOUND('',#5801,.T.);
#6165=FACE_BOUND('',#5802,.T.);
#6166=FACE_BOUND('',#5803,.T.);
#6167=FACE_BOUND('',#5804,.T.);
#6168=FACE_BOUND('',#5805,.T.);
#6169=FACE_BOUND('',#5806,.T.);
#6170=FACE_BOUND('',#5807,.T.);
#6171=FACE_BOUND('',#5808,.T.);
#6172=FACE_BOUND('',#5809,.T.);
#6173=FACE_BOUND('',#5810,.T.);
#6174=FACE_BOUND('',#5811,.T.);
#6175=FACE_BOUND('',#5812,.T.);
#6176=FACE_BOUND('',#5813,.T.);
#6177=FACE_BOUND('',#5814,.T.);
#6178=FACE_BOUND('',#5815,.T.);
#6179=FACE_BOUND('',#5816,.T.);
#6180=FACE_BOUND('',#5817,.T.);
#6181=FACE_BOUND('',#5818,.T.);
#6182=FACE_BOUND('',#5819,.T.);
#6183=FACE_BOUND('',#5820,.T.);
#6184=FACE_BOUND('',#5821,.T.);
#6185=FACE_BOUND('',#5822,.T.);
#6186=FACE_BOUND('',#5823,.T.);
#6187=FACE_BOUND('',#5824,.T.);
#6188=FACE_BOUND('',#5825,.T.);
#6189=FACE_BOUND('',#5826,.T.);
#6190=FACE_BOUND('',#5827,.T.);
#6191=FACE_BOUND('',#5828,.T.);
#6192=FACE_BOUND('',#5829,.T.);
#6193=FACE_BOUND('',#5830,.T.);
#6194=FACE_BOUND('',#5831,.T.);
#6195=FACE_BOUND('',#5832,.T.);
#6196=FACE_BOUND('',#5833,.T.);
#6197=FACE_BOUND('',#5834,.T.);
#6198=FACE_BOUND('',#5835,.T.);
#6199=FACE_BOUND('',#5836,.T.);
#6200=FACE_BOUND('',#5837,.T.);
#6201=FACE_BOUND('',#5838,.T.);
#6202=FACE_BOUND('',#5839,.T.);
#6203=FACE_BOUND('',#5840,.T.);
#6204=FACE_BOUND('',#5841,.T.);
#6205=FACE_BOUND('',#5842,.T.);
#6206=FACE_BOUND('',#5843,.T.);
#6207=FACE_BOUND('',#5844,.T.);
#6208=FACE_BOUND('',#5845,.T.);
#6209=FACE_BOUND('',#5846,.T.);
#6210=FACE_BOUND('',#5847,.T.);
#6211=FACE_BOUND('',#5848,.T.);
#6212=FACE_BOUND('',#5849,.T.);
#6213=FACE_BOUND('',#5850,.T.);
#6214=FACE_BOUND('',#5851,.T.);
#6215=FACE_BOUND('',#5852,.T.);
#6216=FACE_BOUND('',#5853,.T.);
#6217=FACE_BOUND('',#5854,.T.);
#6218=FACE_BOUND('',#5855,.T.);
#6219=FACE_BOUND('',#5856,.T.);
#6220=FACE_BOUND('',#5857,.T.);
#6221=FACE_BOUND('',#5858,.T.);
#6222=FACE_BOUND('',#5859,.T.);
#6223=FACE_BOUND('',#5860,.T.);
#6224=FACE_BOUND('',#5861,.T.);
#6225=FACE_BOUND('',#5862,.T.);
#6226=FACE_BOUND('',#5863,.T.);
#6227=FACE_BOUND('',#5864,.T.);
#6228=FACE_BOUND('',#5865,.T.);
#6229=FACE_BOUND('',#5866,.T.);
#6230=FACE_BOUND('',#5867,.T.);
#6231=FACE_BOUND('',#5868,.T.);
#6232=FACE_BOUND('',#5869,.T.);
#6233=FACE_BOUND('',#5870,.T.);
#6234=FACE_BOUND('',#5871,.T.);
#6235=FACE_BOUND('',#5872,.T.);
#6236=FACE_BOUND('',#5873,.T.);
#6237=FACE_BOUND('',#5874,.T.);
#6238=FACE_BOUND('',#5875,.T.);
#6239=FACE_BOUND('',#5876,.T.);
#6240=FACE_BOUND('',#5877,.T.);
#6241=FACE_BOUND('',#5878,.T.);
#6242=FACE_BOUND('',#5879,.T.);
#6243=FACE_BOUND('',#5880,.T.);
#6244=FACE_BOUND('',#5881,.T.);
#6245=FACE_BOUND('',#5882,.T.);
#6246=FACE_BOUND('',#5883,.T.);
#6247=FACE_BOUND('',#5884,.T.);
#6248=FACE_BOUND('',#5885,.T.);
#6249=FACE_BOUND('',#5886,.T.);
#6250=FACE_BOUND('',#5887,.T.);
#6251=FACE_BOUND('',#5888,.T.);
#6252=FACE_BOUND('',#5889,.T.);
#6253=FACE_BOUND('',#5890,.T.);
#6254=FACE_BOUND('',#5891,.T.);
#6255=FACE_BOUND('',#5892,.T.);
#6256=FACE_BOUND('',#5893,.T.);
#6257=FACE_BOUND('',#5894,.T.);
#6258=B_SPLINE_SURFACE_WITH_KNOTS('',3,1,((#10021,#10022),(#10023,#10024),
(#10025,#10026),(#10027,#10028),(#10029,#10030),(#10031,#10032),(#10033,
#10034),(#10035,#10036),(#10037,#10038),(#10039,#10040),(#10041,#10042),
(#10043,#10044),(#10045,#10046),(#10047,#10048),(#10049,#10050),(#10051,
#10052)),.SURF_OF_LINEAR_EXTRUSION.,.F.,.F.,.F.,(4,1,1,1,1,1,1,1,1,1,1,
1,1,4),(2,2),(-8.80266218262343E-6,0.0619836440790802,0.123976090820343,
0.185968537561606,0.247960984302869,0.309953431044131,0.371945877785394,
0.49593077126792,0.619915664750445,0.743900558232971,0.805893004974234,
0.867885451715497,0.929877898456759,0.991870345198022),(0.,1.),
 .UNSPECIFIED.);
#6259=B_SPLINE_SURFACE_WITH_KNOTS('',3,1,((#10127,#10128),(#10129,#10130),
(#10131,#10132),(#10133,#10134),(#10135,#10136),(#10137,#10138),(#10139,
#10140),(#10141,#10142),(#10143,#10144),(#10145,#10146),(#10147,#10148),
(#10149,#10150),(#10151,#10152),(#10153,#10154)),
 .SURF_OF_LINEAR_EXTRUSION.,.F.,.F.,.F.,(4,1,1,1,1,1,1,1,1,1,1,4),(2,2),
(0.00891677127764322,0.12597367686005,0.243030582442457,0.360087488024864,
0.418615940816068,0.477144393607271,0.535672846398475,0.594201299189678,
0.652729751980882,0.711258204772085,0.828315110354492,0.945372015936899),
(0.,1.),.UNSPECIFIED.);
#6260=B_SPLINE_SURFACE_WITH_KNOTS('',3,1,((#10218,#10219),(#10220,#10221),
(#10222,#10223),(#10224,#10225),(#10226,#10227),(#10228,#10229),(#10230,
#10231),(#10232,#10233),(#10234,#10235),(#10236,#10237),(#10238,#10239),
(#10240,#10241),(#10242,#10243),(#10244,#10245),(#10246,#10247)),
 .SURF_OF_LINEAR_EXTRUSION.,.F.,.F.,.F.,(4,1,1,1,1,1,1,1,1,1,1,1,4),(2,
2),(0.023307866595429,0.0843511249332147,0.145394383271,0.206437641608786,
0.267480899946572,0.328524158284357,0.389567416622143,0.450610674959929,
0.511653933297714,0.633740449973286,0.755826966648857,0.877913483324429,
1.),(0.,1.),.UNSPECIFIED.);
#6261=B_SPLINE_SURFACE_WITH_KNOTS('',3,1,((#10311,#10312),(#10313,#10314),
(#10315,#10316),(#10317,#10318),(#10319,#10320),(#10321,#10322),(#10323,
#10324),(#10325,#10326),(#10327,#10328),(#10329,#10330),(#10331,#10332)),
 .SURF_OF_LINEAR_EXTRUSION.,.F.,.F.,.F.,(4,1,1,1,1,1,1,1,4),(2,2),(0.,0.246933596311934,
0.493867192623869,0.617333990779836,0.740800788935803,0.802534188013786,
0.86426758709177,0.926000986169754,0.987734385247737),(0.,1.),
 .UNSPECIFIED.);
#6262=B_SPLINE_SURFACE_WITH_KNOTS('',3,1,((#10376,#10377),(#10378,#10379),
(#10380,#10381),(#10382,#10383),(#10384,#10385)),
 .SURF_OF_LINEAR_EXTRUSION.,.F.,.F.,.F.,(4,1,4),(2,2),(0.00312236884003034,
0.499643581901975,0.996164794963919),(0.,1.),.UNSPECIFIED.);
#6263=B_SPLINE_SURFACE_WITH_KNOTS('',3,1,((#12437,#12438),(#12439,#12440),
(#12441,#12442),(#12443,#12444),(#12445,#12446),(#12447,#12448),(#12449,
#12450),(#12451,#12452),(#12453,#12454),(#12455,#12456),(#12457,#12458),
(#12459,#12460),(#12461,#12462),(#12463,#12464),(#12465,#12466),(#12467,
#12468)),.SURF_OF_LINEAR_EXTRUSION.,.F.,.F.,.F.,(4,1,1,1,1,1,1,1,1,1,1,
1,1,4),(2,2),(0.00728001518316904,0.131377636061613,0.193426446500835,0.255475256940057,
0.317524067379279,0.379572877818501,0.441621688257723,0.503670498696945,
0.627768119575388,0.751865740453832,0.813914550893054,0.875963361332276,
0.938012171771498,1.00006098221072),(0.,1.),.UNSPECIFIED.);
#6264=ADVANCED_FACE('',(#5895),#6258,.F.);
#6265=ADVANCED_FACE('',(#5896),#6259,.F.);
#6266=ADVANCED_FACE('',(#5897),#6260,.F.);
#6267=ADVANCED_FACE('',(#5898),#6261,.F.);
#6268=ADVANCED_FACE('',(#5899),#6262,.F.);
#6269=ADVANCED_FACE('',(#5900),#690,.F.);
#6270=ADVANCED_FACE('',(#5901),#691,.F.);
#6271=ADVANCED_FACE('',(#5902),#692,.F.);
#6272=ADVANCED_FACE('',(#5903),#693,.F.);
#6273=ADVANCED_FACE('',(#5904),#694,.F.);
#6274=ADVANCED_FACE('',(#5905),#695,.F.);
#6275=ADVANCED_FACE('',(#5906),#696,.F.);
#6276=ADVANCED_FACE('',(#5907),#697,.F.);
#6277=ADVANCED_FACE('',(#5908),#698,.F.);
#6278=ADVANCED_FACE('',(#5909),#699,.F.);
#6279=ADVANCED_FACE('',(#5910),#700,.T.);
#6280=ADVANCED_FACE('',(#5911),#701,.T.);
#6281=ADVANCED_FACE('',(#5912),#702,.T.);
#6282=ADVANCED_FACE('',(#5913),#703,.T.);
#6283=ADVANCED_FACE('',(#5914),#704,.T.);
#6284=ADVANCED_FACE('',(#5915),#705,.T.);
#6285=ADVANCED_FACE('',(#5916),#706,.T.);
#6286=ADVANCED_FACE('',(#5917),#707,.T.);
#6287=ADVANCED_FACE('',(#5918),#708,.F.);
#6288=ADVANCED_FACE('',(#5919),#709,.F.);
#6289=ADVANCED_FACE('',(#5920),#710,.F.);
#6290=ADVANCED_FACE('',(#5921),#711,.F.);
#6291=ADVANCED_FACE('',(#5922),#712,.F.);
#6292=ADVANCED_FACE('',(#5923),#713,.F.);
#6293=ADVANCED_FACE('',(#5924),#714,.F.);
#6294=ADVANCED_FACE('',(#5925),#715,.F.);
#6295=ADVANCED_FACE('',(#5926),#716,.F.);
#6296=ADVANCED_FACE('',(#5927),#717,.F.);
#6297=ADVANCED_FACE('',(#5928),#718,.F.);
#6298=ADVANCED_FACE('',(#5929),#719,.F.);
#6299=ADVANCED_FACE('',(#5930),#720,.F.);
#6300=ADVANCED_FACE('',(#5931),#721,.F.);
#6301=ADVANCED_FACE('',(#5932),#722,.F.);
#6302=ADVANCED_FACE('',(#5933),#723,.F.);
#6303=ADVANCED_FACE('',(#5934),#724,.F.);
#6304=ADVANCED_FACE('',(#5935),#725,.F.);
#6305=ADVANCED_FACE('',(#5936),#726,.F.);
#6306=ADVANCED_FACE('',(#5937),#727,.F.);
#6307=ADVANCED_FACE('',(#5938),#728,.F.);
#6308=ADVANCED_FACE('',(#5939),#729,.F.);
#6309=ADVANCED_FACE('',(#5940),#730,.F.);
#6310=ADVANCED_FACE('',(#5941),#731,.F.);
#6311=ADVANCED_FACE('',(#5942),#732,.T.);
#6312=ADVANCED_FACE('',(#5943),#733,.T.);
#6313=ADVANCED_FACE('',(#5944),#734,.T.);
#6314=ADVANCED_FACE('',(#5945),#735,.T.);
#6315=ADVANCED_FACE('',(#5946),#736,.F.);
#6316=ADVANCED_FACE('',(#5947),#737,.F.);
#6317=ADVANCED_FACE('',(#5948),#738,.F.);
#6318=ADVANCED_FACE('',(#5949),#739,.F.);
#6319=ADVANCED_FACE('',(#5950),#740,.F.);
#6320=ADVANCED_FACE('',(#5951),#741,.F.);
#6321=ADVANCED_FACE('',(#5952),#742,.F.);
#6322=ADVANCED_FACE('',(#5953),#743,.F.);
#6323=ADVANCED_FACE('',(#5954),#744,.F.);
#6324=ADVANCED_FACE('',(#5955),#745,.F.);
#6325=ADVANCED_FACE('',(#5956),#746,.F.);
#6326=ADVANCED_FACE('',(#5957),#747,.T.);
#6327=ADVANCED_FACE('',(#5958),#748,.T.);
#6328=ADVANCED_FACE('',(#5959),#749,.T.);
#6329=ADVANCED_FACE('',(#5960),#750,.T.);
#6330=ADVANCED_FACE('',(#5961),#751,.F.);
#6331=ADVANCED_FACE('',(#5962),#752,.F.);
#6332=ADVANCED_FACE('',(#5963),#753,.F.);
#6333=ADVANCED_FACE('',(#5964),#754,.F.);
#6334=ADVANCED_FACE('',(#5965),#755,.F.);
#6335=ADVANCED_FACE('',(#5966),#756,.F.);
#6336=ADVANCED_FACE('',(#5967),#757,.F.);
#6337=ADVANCED_FACE('',(#5968),#758,.F.);
#6338=ADVANCED_FACE('',(#5969),#759,.F.);
#6339=ADVANCED_FACE('',(#5970),#760,.F.);
#6340=ADVANCED_FACE('',(#5971),#761,.F.);
#6341=ADVANCED_FACE('',(#5972),#762,.F.);
#6342=ADVANCED_FACE('',(#5973),#763,.F.);
#6343=ADVANCED_FACE('',(#5974),#764,.F.);
#6344=ADVANCED_FACE('',(#5975),#765,.F.);
#6345=ADVANCED_FACE('',(#5976),#766,.F.);
#6346=ADVANCED_FACE('',(#5977),#767,.F.);
#6347=ADVANCED_FACE('',(#5978),#768,.F.);
#6348=ADVANCED_FACE('',(#5979),#769,.F.);
#6349=ADVANCED_FACE('',(#5980),#770,.F.);
#6350=ADVANCED_FACE('',(#5981),#771,.F.);
#6351=ADVANCED_FACE('',(#5982),#772,.F.);
#6352=ADVANCED_FACE('',(#5983),#773,.F.);
#6353=ADVANCED_FACE('',(#5984),#774,.T.);
#6354=ADVANCED_FACE('',(#5985),#775,.T.);
#6355=ADVANCED_FACE('',(#5986),#776,.T.);
#6356=ADVANCED_FACE('',(#5987),#777,.T.);
#6357=ADVANCED_FACE('',(#5988),#778,.T.);
#6358=ADVANCED_FACE('',(#5989),#779,.T.);
#6359=ADVANCED_FACE('',(#5990),#780,.F.);
#6360=ADVANCED_FACE('',(#5991),#781,.F.);
#6361=ADVANCED_FACE('',(#5992),#782,.F.);
#6362=ADVANCED_FACE('',(#5993),#783,.F.);
#6363=ADVANCED_FACE('',(#5994),#784,.F.);
#6364=ADVANCED_FACE('',(#5995),#785,.F.);
#6365=ADVANCED_FACE('',(#5996),#786,.F.);
#6366=ADVANCED_FACE('',(#5997),#787,.F.);
#6367=ADVANCED_FACE('',(#5998),#788,.F.);
#6368=ADVANCED_FACE('',(#5999),#789,.F.);
#6369=ADVANCED_FACE('',(#6000),#790,.F.);
#6370=ADVANCED_FACE('',(#6001),#791,.F.);
#6371=ADVANCED_FACE('',(#6002),#792,.F.);
#6372=ADVANCED_FACE('',(#6003),#793,.F.);
#6373=ADVANCED_FACE('',(#6004),#794,.F.);
#6374=ADVANCED_FACE('',(#6005),#795,.F.);
#6375=ADVANCED_FACE('',(#6006),#796,.F.);
#6376=ADVANCED_FACE('',(#6007),#797,.F.);
#6377=ADVANCED_FACE('',(#6008),#798,.F.);
#6378=ADVANCED_FACE('',(#6009),#799,.F.);
#6379=ADVANCED_FACE('',(#6010),#800,.F.);
#6380=ADVANCED_FACE('',(#6011),#801,.F.);
#6381=ADVANCED_FACE('',(#6012),#802,.F.);
#6382=ADVANCED_FACE('',(#6013),#803,.F.);
#6383=ADVANCED_FACE('',(#6014),#804,.F.);
#6384=ADVANCED_FACE('',(#6015),#805,.F.);
#6385=ADVANCED_FACE('',(#6016),#806,.F.);
#6386=ADVANCED_FACE('',(#6017),#807,.T.);
#6387=ADVANCED_FACE('',(#6018),#808,.T.);
#6388=ADVANCED_FACE('',(#6019),#809,.T.);
#6389=ADVANCED_FACE('',(#6020),#810,.T.);
#6390=ADVANCED_FACE('',(#6021),#811,.T.);
#6391=ADVANCED_FACE('',(#6022),#812,.T.);
#6392=ADVANCED_FACE('',(#6023),#813,.T.);
#6393=ADVANCED_FACE('',(#6024),#814,.T.);
#6394=ADVANCED_FACE('',(#6025),#815,.T.);
#6395=ADVANCED_FACE('',(#6026),#816,.T.);
#6396=ADVANCED_FACE('',(#6027),#817,.T.);
#6397=ADVANCED_FACE('',(#6028),#818,.T.);
#6398=ADVANCED_FACE('',(#6029),#819,.F.);
#6399=ADVANCED_FACE('',(#6030),#820,.F.);
#6400=ADVANCED_FACE('',(#6031),#821,.F.);
#6401=ADVANCED_FACE('',(#6032),#822,.F.);
#6402=ADVANCED_FACE('',(#6033),#823,.F.);
#6403=ADVANCED_FACE('',(#6034),#824,.F.);
#6404=ADVANCED_FACE('',(#6035),#825,.F.);
#6405=ADVANCED_FACE('',(#6036),#826,.F.);
#6406=ADVANCED_FACE('',(#6037),#827,.F.);
#6407=ADVANCED_FACE('',(#6038),#828,.F.);
#6408=ADVANCED_FACE('',(#6039),#829,.F.);
#6409=ADVANCED_FACE('',(#6040),#830,.F.);
#6410=ADVANCED_FACE('',(#6041),#831,.F.);
#6411=ADVANCED_FACE('',(#6042),#832,.F.);
#6412=ADVANCED_FACE('',(#6043),#833,.F.);
#6413=ADVANCED_FACE('',(#6044),#834,.F.);
#6414=ADVANCED_FACE('',(#6045),#835,.F.);
#6415=ADVANCED_FACE('',(#6046),#836,.F.);
#6416=ADVANCED_FACE('',(#6047),#837,.F.);
#6417=ADVANCED_FACE('',(#6048),#838,.T.);
#6418=ADVANCED_FACE('',(#6049),#839,.T.);
#6419=ADVANCED_FACE('',(#6050),#840,.T.);
#6420=ADVANCED_FACE('',(#6051),#841,.T.);
#6421=ADVANCED_FACE('',(#6052),#842,.T.);
#6422=ADVANCED_FACE('',(#6053),#843,.T.);
#6423=ADVANCED_FACE('',(#6054),#844,.T.);
#6424=ADVANCED_FACE('',(#6055),#845,.T.);
#6425=ADVANCED_FACE('',(#6056),#846,.T.);
#6426=ADVANCED_FACE('',(#6057),#847,.T.);
#6427=ADVANCED_FACE('',(#6058),#848,.T.);
#6428=ADVANCED_FACE('',(#6059),#849,.T.);
#6429=ADVANCED_FACE('',(#6060),#850,.T.);
#6430=ADVANCED_FACE('',(#6061),#851,.T.);
#6431=ADVANCED_FACE('',(#6062),#852,.T.);
#6432=ADVANCED_FACE('',(#6063),#853,.T.);
#6433=ADVANCED_FACE('',(#6064),#854,.F.);
#6434=ADVANCED_FACE('',(#6065),#855,.F.);
#6435=ADVANCED_FACE('',(#6066),#856,.F.);
#6436=ADVANCED_FACE('',(#6067),#857,.F.);
#6437=ADVANCED_FACE('',(#6068),#858,.F.);
#6438=ADVANCED_FACE('',(#6069),#859,.F.);
#6439=ADVANCED_FACE('',(#6070),#860,.F.);
#6440=ADVANCED_FACE('',(#6071),#861,.F.);
#6441=ADVANCED_FACE('',(#6072),#862,.F.);
#6442=ADVANCED_FACE('',(#6073),#863,.F.);
#6443=ADVANCED_FACE('',(#6074),#864,.F.);
#6444=ADVANCED_FACE('',(#6075),#865,.F.);
#6445=ADVANCED_FACE('',(#6076),#866,.F.);
#6446=ADVANCED_FACE('',(#6077),#867,.F.);
#6447=ADVANCED_FACE('',(#6078),#868,.F.);
#6448=ADVANCED_FACE('',(#6079),#869,.F.);
#6449=ADVANCED_FACE('',(#6080),#870,.F.);
#6450=ADVANCED_FACE('',(#6081),#871,.F.);
#6451=ADVANCED_FACE('',(#6082),#872,.F.);
#6452=ADVANCED_FACE('',(#6083),#873,.F.);
#6453=ADVANCED_FACE('',(#6084),#874,.F.);
#6454=ADVANCED_FACE('',(#6085),#875,.F.);
#6455=ADVANCED_FACE('',(#6086),#876,.T.);
#6456=ADVANCED_FACE('',(#6087),#877,.T.);
#6457=ADVANCED_FACE('',(#6088),#878,.T.);
#6458=ADVANCED_FACE('',(#6089),#879,.F.);
#6459=ADVANCED_FACE('',(#6090),#880,.F.);
#6460=ADVANCED_FACE('',(#6091),#881,.F.);
#6461=ADVANCED_FACE('',(#6092),#882,.F.);
#6462=ADVANCED_FACE('',(#6093),#883,.F.);
#6463=ADVANCED_FACE('',(#6094),#884,.F.);
#6464=ADVANCED_FACE('',(#6095),#885,.F.);
#6465=ADVANCED_FACE('',(#6096),#886,.F.);
#6466=ADVANCED_FACE('',(#6097),#887,.F.);
#6467=ADVANCED_FACE('',(#6098),#888,.F.);
#6468=ADVANCED_FACE('',(#6099),#889,.F.);
#6469=ADVANCED_FACE('',(#6100),#890,.F.);
#6470=ADVANCED_FACE('',(#6101),#891,.T.);
#6471=ADVANCED_FACE('',(#6102),#892,.T.);
#6472=ADVANCED_FACE('',(#6103),#893,.T.);
#6473=ADVANCED_FACE('',(#6104),#894,.T.);
#6474=ADVANCED_FACE('',(#6105),#895,.F.);
#6475=ADVANCED_FACE('',(#6106),#896,.F.);
#6476=ADVANCED_FACE('',(#6107),#897,.F.);
#6477=ADVANCED_FACE('',(#6108),#898,.F.);
#6478=ADVANCED_FACE('',(#6109),#899,.F.);
#6479=ADVANCED_FACE('',(#6110),#900,.F.);
#6480=ADVANCED_FACE('',(#6111),#901,.F.);
#6481=ADVANCED_FACE('',(#6112),#902,.F.);
#6482=ADVANCED_FACE('',(#6113),#903,.F.);
#6483=ADVANCED_FACE('',(#6114),#904,.F.);
#6484=ADVANCED_FACE('',(#6115),#905,.F.);
#6485=ADVANCED_FACE('',(#6116),#906,.F.);
#6486=ADVANCED_FACE('',(#6117),#907,.F.);
#6487=ADVANCED_FACE('',(#6118),#908,.F.);
#6488=ADVANCED_FACE('',(#6119),#909,.F.);
#6489=ADVANCED_FACE('',(#6120),#910,.F.);
#6490=ADVANCED_FACE('',(#6121),#911,.F.);
#6491=ADVANCED_FACE('',(#6122),#912,.F.);
#6492=ADVANCED_FACE('',(#6123),#913,.F.);
#6493=ADVANCED_FACE('',(#6124),#914,.F.);
#6494=ADVANCED_FACE('',(#6125),#915,.F.);
#6495=ADVANCED_FACE('',(#6126),#916,.F.);
#6496=ADVANCED_FACE('',(#6127),#917,.F.);
#6497=ADVANCED_FACE('',(#6128),#918,.F.);
#6498=ADVANCED_FACE('',(#6129),#919,.F.);
#6499=ADVANCED_FACE('',(#6130),#920,.F.);
#6500=ADVANCED_FACE('',(#6131),#921,.F.);
#6501=ADVANCED_FACE('',(#6132),#922,.T.);
#6502=ADVANCED_FACE('',(#6133),#923,.T.);
#6503=ADVANCED_FACE('',(#6134),#924,.T.);
#6504=ADVANCED_FACE('',(#6135),#925,.T.);
#6505=ADVANCED_FACE('',(#6136),#926,.T.);
#6506=ADVANCED_FACE('',(#6137),#927,.T.);
#6507=ADVANCED_FACE('',(#6138),#928,.T.);
#6508=ADVANCED_FACE('',(#6139),#929,.T.);
#6509=ADVANCED_FACE('',(#6140),#930,.T.);
#6510=ADVANCED_FACE('',(#6141),#931,.T.);
#6511=ADVANCED_FACE('',(#6142),#932,.T.);
#6512=ADVANCED_FACE('',(#6143),#933,.T.);
#6513=ADVANCED_FACE('',(#6144),#934,.T.);
#6514=ADVANCED_FACE('',(#6145),#935,.T.);
#6515=ADVANCED_FACE('',(#6146),#936,.T.);
#6516=ADVANCED_FACE('',(#6147),#937,.T.);
#6517=ADVANCED_FACE('',(#6148),#938,.F.);
#6518=ADVANCED_FACE('',(#6149),#939,.F.);
#6519=ADVANCED_FACE('',(#6150),#940,.F.);
#6520=ADVANCED_FACE('',(#6151),#941,.F.);
#6521=ADVANCED_FACE('',(#6152),#942,.F.);
#6522=ADVANCED_FACE('',(#6153),#943,.F.);
#6523=ADVANCED_FACE('',(#6154),#944,.F.);
#6524=ADVANCED_FACE('',(#6155),#945,.F.);
#6525=ADVANCED_FACE('',(#6156),#946,.F.);
#6526=ADVANCED_FACE('',(#6157),#947,.F.);
#6527=ADVANCED_FACE('',(#6158),#948,.F.);
#6528=ADVANCED_FACE('',(#6159),#949,.F.);
#6529=ADVANCED_FACE('',(#6160),#950,.F.);
#6530=ADVANCED_FACE('',(#6161),#951,.F.);
#6531=ADVANCED_FACE('',(#6162),#952,.F.);
#6532=ADVANCED_FACE('',(#6163),#953,.F.);
#6533=ADVANCED_FACE('',(#6164),#954,.F.);
#6534=ADVANCED_FACE('',(#6165),#955,.F.);
#6535=ADVANCED_FACE('',(#6166),#956,.F.);
#6536=ADVANCED_FACE('',(#6167),#957,.F.);
#6537=ADVANCED_FACE('',(#6168),#958,.F.);
#6538=ADVANCED_FACE('',(#6169),#959,.F.);
#6539=ADVANCED_FACE('',(#6170),#960,.F.);
#6540=ADVANCED_FACE('',(#6171),#961,.F.);
#6541=ADVANCED_FACE('',(#6172),#962,.F.);
#6542=ADVANCED_FACE('',(#6173),#963,.F.);
#6543=ADVANCED_FACE('',(#6174),#964,.F.);
#6544=ADVANCED_FACE('',(#6175),#965,.F.);
#6545=ADVANCED_FACE('',(#6176),#966,.F.);
#6546=ADVANCED_FACE('',(#6177),#967,.F.);
#6547=ADVANCED_FACE('',(#6178),#968,.F.);
#6548=ADVANCED_FACE('',(#6179),#969,.F.);
#6549=ADVANCED_FACE('',(#6180),#970,.F.);
#6550=ADVANCED_FACE('',(#6181),#971,.F.);
#6551=ADVANCED_FACE('',(#6182),#972,.F.);
#6552=ADVANCED_FACE('',(#6183),#973,.T.);
#6553=ADVANCED_FACE('',(#6184),#974,.T.);
#6554=ADVANCED_FACE('',(#6185),#975,.T.);
#6555=ADVANCED_FACE('',(#6186),#976,.T.);
#6556=ADVANCED_FACE('',(#6187),#977,.F.);
#6557=ADVANCED_FACE('',(#6188),#978,.F.);
#6558=ADVANCED_FACE('',(#6189),#979,.F.);
#6559=ADVANCED_FACE('',(#6190),#980,.F.);
#6560=ADVANCED_FACE('',(#6191),#981,.F.);
#6561=ADVANCED_FACE('',(#6192),#982,.F.);
#6562=ADVANCED_FACE('',(#6193),#983,.F.);
#6563=ADVANCED_FACE('',(#6194),#984,.F.);
#6564=ADVANCED_FACE('',(#6195),#985,.F.);
#6565=ADVANCED_FACE('',(#6196),#986,.F.);
#6566=ADVANCED_FACE('',(#6197),#987,.F.);
#6567=ADVANCED_FACE('',(#6198),#988,.F.);
#6568=ADVANCED_FACE('',(#6199),#989,.F.);
#6569=ADVANCED_FACE('',(#6200),#990,.F.);
#6570=ADVANCED_FACE('',(#6201),#991,.T.);
#6571=ADVANCED_FACE('',(#6202),#992,.F.);
#6572=ADVANCED_FACE('',(#6203),#993,.F.);
#6573=ADVANCED_FACE('',(#6204),#994,.F.);
#6574=ADVANCED_FACE('',(#6205),#995,.F.);
#6575=ADVANCED_FACE('',(#6206),#996,.F.);
#6576=ADVANCED_FACE('',(#6207),#997,.F.);
#6577=ADVANCED_FACE('',(#6208),#998,.F.);
#6578=ADVANCED_FACE('',(#6209),#999,.F.);
#6579=ADVANCED_FACE('',(#6210),#12,.T.);
#6580=ADVANCED_FACE('',(#6211),#13,.T.);
#6581=ADVANCED_FACE('',(#6212),#1000,.F.);
#6582=ADVANCED_FACE('',(#6213),#1001,.F.);
#6583=ADVANCED_FACE('',(#6214),#1002,.F.);
#6584=ADVANCED_FACE('',(#6215),#1003,.F.);
#6585=ADVANCED_FACE('',(#6216),#1004,.F.);
#6586=ADVANCED_FACE('',(#6217),#1005,.F.);
#6587=ADVANCED_FACE('',(#6218),#1006,.F.);
#6588=ADVANCED_FACE('',(#6219),#1007,.F.);
#6589=ADVANCED_FACE('',(#6220),#1008,.F.);
#6590=ADVANCED_FACE('',(#6221),#1009,.F.);
#6591=ADVANCED_FACE('',(#6222),#1010,.F.);
#6592=ADVANCED_FACE('',(#6223),#1011,.F.);
#6593=ADVANCED_FACE('',(#6224),#1012,.T.);
#6594=ADVANCED_FACE('',(#6225),#1013,.T.);
#6595=ADVANCED_FACE('',(#6226),#1014,.T.);
#6596=ADVANCED_FACE('',(#6227),#1015,.T.);
#6597=ADVANCED_FACE('',(#6228),#1016,.T.);
#6598=ADVANCED_FACE('',(#6229),#1017,.T.);
#6599=ADVANCED_FACE('',(#6230),#1018,.T.);
#6600=ADVANCED_FACE('',(#6231),#1019,.F.);
#6601=ADVANCED_FACE('',(#6232),#1020,.F.);
#6602=ADVANCED_FACE('',(#6233),#1021,.F.);
#6603=ADVANCED_FACE('',(#6234),#1022,.F.);
#6604=ADVANCED_FACE('',(#6235),#1023,.F.);
#6605=ADVANCED_FACE('',(#6236),#1024,.F.);
#6606=ADVANCED_FACE('',(#6237),#1025,.F.);
#6607=ADVANCED_FACE('',(#6238),#1026,.F.);
#6608=ADVANCED_FACE('',(#6239),#6263,.F.);
#6609=ADVANCED_FACE('',(#6240,#6241,#6242,#6243,#6244,#6245,#6246,#6247,
#6248),#14,.T.);
#6610=ADVANCED_FACE('',(#6249,#6250,#6251,#6252,#6253,#6254,#6255,#6256,
#6257),#15,.F.);
#6611=CLOSED_SHELL('',(#6264,#6265,#6266,#6267,#6268,#6269,#6270,#6271,
#6272,#6273,#6274,#6275,#6276,#6277,#6278,#6279,#6280,#6281,#6282,#6283,
#6284,#6285,#6286,#6287,#6288,#6289,#6290,#6291,#6292,#6293,#6294,#6295,
#6296,#6297,#6298,#6299,#6300,#6301,#6302,#6303,#6304,#6305,#6306,#6307,
#6308,#6309,#6310,#6311,#6312,#6313,#6314,#6315,#6316,#6317,#6318,#6319,
#6320,#6321,#6322,#6323,#6324,#6325,#6326,#6327,#6328,#6329,#6330,#6331,
#6332,#6333,#6334,#6335,#6336,#6337,#6338,#6339,#6340,#6341,#6342,#6343,
#6344,#6345,#6346,#6347,#6348,#6349,#6350,#6351,#6352,#6353,#6354,#6355,
#6356,#6357,#6358,#6359,#6360,#6361,#6362,#6363,#6364,#6365,#6366,#6367,
#6368,#6369,#6370,#6371,#6372,#6373,#6374,#6375,#6376,#6377,#6378,#6379,
#6380,#6381,#6382,#6383,#6384,#6385,#6386,#6387,#6388,#6389,#6390,#6391,
#6392,#6393,#6394,#6395,#6396,#6397,#6398,#6399,#6400,#6401,#6402,#6403,
#6404,#6405,#6406,#6407,#6408,#6409,#6410,#6411,#6412,#6413,#6414,#6415,
#6416,#6417,#6418,#6419,#6420,#6421,#6422,#6423,#6424,#6425,#6426,#6427,
#6428,#6429,#6430,#6431,#6432,#6433,#6434,#6435,#6436,#6437,#6438,#6439,
#6440,#6441,#6442,#6443,#6444,#6445,#6446,#6447,#6448,#6449,#6450,#6451,
#6452,#6453,#6454,#6455,#6456,#6457,#6458,#6459,#6460,#6461,#6462,#6463,
#6464,#6465,#6466,#6467,#6468,#6469,#6470,#6471,#6472,#6473,#6474,#6475,
#6476,#6477,#6478,#6479,#6480,#6481,#6482,#6483,#6484,#6485,#6486,#6487,
#6488,#6489,#6490,#6491,#6492,#6493,#6494,#6495,#6496,#6497,#6498,#6499,
#6500,#6501,#6502,#6503,#6504,#6505,#6506,#6507,#6508,#6509,#6510,#6511,
#6512,#6513,#6514,#6515,#6516,#6517,#6518,#6519,#6520,#6521,#6522,#6523,
#6524,#6525,#6526,#6527,#6528,#6529,#6530,#6531,#6532,#6533,#6534,#6535,
#6536,#6537,#6538,#6539,#6540,#6541,#6542,#6543,#6544,#6545,#6546,#6547,
#6548,#6549,#6550,#6551,#6552,#6553,#6554,#6555,#6556,#6557,#6558,#6559,
#6560,#6561,#6562,#6563,#6564,#6565,#6566,#6567,#6568,#6569,#6570,#6571,
#6572,#6573,#6574,#6575,#6576,#6577,#6578,#6579,#6580,#6581,#6582,#6583,
#6584,#6585,#6586,#6587,#6588,#6589,#6590,#6591,#6592,#6593,#6594,#6595,
#6596,#6597,#6598,#6599,#6600,#6601,#6602,#6603,#6604,#6605,#6606,#6607,
#6608,#6609,#6610));
#6612=STYLED_ITEM('',(#6613),#6620);
#6613=PRESENTATION_STYLE_ASSIGNMENT((#6614));
#6614=SURFACE_STYLE_USAGE(.BOTH.,#6615);
#6615=SURFACE_SIDE_STYLE('',(#6616));
#6616=SURFACE_STYLE_FILL_AREA(#6617);
#6617=FILL_AREA_STYLE('',(#6618));
#6618=FILL_AREA_STYLE_COLOUR('',#6619);
#6619=COLOUR_RGB('',0.682352941176471,0.333333333333334,0.737254901960784);
#6620=MANIFOLD_SOLID_BREP('HackclubFlag',#6611);
#6621=SHAPE_DEFINITION_REPRESENTATION(#12537,#6622);
#6622=SHAPE_REPRESENTATION('HackclubFlag',(#6623),#12532);
#6623=AXIS2_PLACEMENT_3D('',#10020,#7639,#7640);
#6624=AXIS2_PLACEMENT_3D('',#10403,#7647,#7648);
#6625=AXIS2_PLACEMENT_3D('',#10404,#7649,#7650);
#6626=AXIS2_PLACEMENT_3D('',#10409,#7652,#7653);
#6627=AXIS2_PLACEMENT_3D('',#10412,#7655,#7656);
#6628=AXIS2_PLACEMENT_3D('',#10413,#7657,#7658);
#6629=AXIS2_PLACEMENT_3D('',#10417,#7660,#7661);
#6630=AXIS2_PLACEMENT_3D('',#10418,#7662,#7663);
#6631=AXIS2_PLACEMENT_3D('',#10419,#7664,#7665);
#6632=AXIS2_PLACEMENT_3D('',#10423,#7667,#7668);
#6633=AXIS2_PLACEMENT_3D('',#10424,#7669,#7670);
#6634=AXIS2_PLACEMENT_3D('',#10425,#7671,#7672);
#6635=AXIS2_PLACEMENT_3D('',#10429,#7674,#7675);
#6636=AXIS2_PLACEMENT_3D('',#10430,#7676,#7677);
#6637=AXIS2_PLACEMENT_3D('',#10431,#7678,#7679);
#6638=AXIS2_PLACEMENT_3D('',#10435,#7681,#7682);
#6639=AXIS2_PLACEMENT_3D('',#10436,#7683,#7684);
#6640=AXIS2_PLACEMENT_3D('',#10437,#7685,#7686);
#6641=AXIS2_PLACEMENT_3D('',#10441,#7688,#7689);
#6642=AXIS2_PLACEMENT_3D('',#10442,#7690,#7691);
#6643=AXIS2_PLACEMENT_3D('',#10443,#7692,#7693);
#6644=AXIS2_PLACEMENT_3D('',#10447,#7695,#7696);
#6645=AXIS2_PLACEMENT_3D('',#10448,#7697,#7698);
#6646=AXIS2_PLACEMENT_3D('',#10449,#7699,#7700);
#6647=AXIS2_PLACEMENT_3D('',#10453,#7702,#7703);
#6648=AXIS2_PLACEMENT_3D('',#10454,#7704,#7705);
#6649=AXIS2_PLACEMENT_3D('',#10455,#7706,#7707);
#6650=AXIS2_PLACEMENT_3D('',#10459,#7709,#7710);
#6651=AXIS2_PLACEMENT_3D('',#10460,#7711,#7712);
#6652=AXIS2_PLACEMENT_3D('',#10461,#7713,#7714);
#6653=AXIS2_PLACEMENT_3D('',#10465,#7716,#7717);
#6654=AXIS2_PLACEMENT_3D('',#10466,#7718,#7719);
#6655=AXIS2_PLACEMENT_3D('',#10467,#7720,#7721);
#6656=AXIS2_PLACEMENT_3D('',#10471,#7723,#7724);
#6657=AXIS2_PLACEMENT_3D('',#10472,#7725,#7726);
#6658=AXIS2_PLACEMENT_3D('',#10473,#7727,#7728);
#6659=AXIS2_PLACEMENT_3D('',#10477,#7730,#7731);
#6660=AXIS2_PLACEMENT_3D('',#10478,#7732,#7733);
#6661=AXIS2_PLACEMENT_3D('',#10479,#7734,#7735);
#6662=AXIS2_PLACEMENT_3D('',#10483,#7737,#7738);
#6663=AXIS2_PLACEMENT_3D('',#10484,#7739,#7740);
#6664=AXIS2_PLACEMENT_3D('',#10485,#7741,#7742);
#6665=AXIS2_PLACEMENT_3D('',#10489,#7744,#7745);
#6666=AXIS2_PLACEMENT_3D('',#10490,#7746,#7747);
#6667=AXIS2_PLACEMENT_3D('',#10491,#7748,#7749);
#6668=AXIS2_PLACEMENT_3D('',#10495,#7751,#7752);
#6669=AXIS2_PLACEMENT_3D('',#10496,#7753,#7754);
#6670=AXIS2_PLACEMENT_3D('',#10497,#7755,#7756);
#6671=AXIS2_PLACEMENT_3D('',#10501,#7758,#7759);
#6672=AXIS2_PLACEMENT_3D('',#10502,#7760,#7761);
#6673=AXIS2_PLACEMENT_3D('',#10503,#7762,#7763);
#6674=AXIS2_PLACEMENT_3D('',#10507,#7765,#7766);
#6675=AXIS2_PLACEMENT_3D('',#10508,#7767,#7768);
#6676=AXIS2_PLACEMENT_3D('',#10509,#7769,#7770);
#6677=AXIS2_PLACEMENT_3D('',#10513,#7772,#7773);
#6678=AXIS2_PLACEMENT_3D('',#10514,#7774,#7775);
#6679=AXIS2_PLACEMENT_3D('',#10515,#7776,#7777);
#6680=AXIS2_PLACEMENT_3D('',#10519,#7779,#7780);
#6681=AXIS2_PLACEMENT_3D('',#10520,#7781,#7782);
#6682=AXIS2_PLACEMENT_3D('',#10521,#7783,#7784);
#6683=AXIS2_PLACEMENT_3D('',#10525,#7786,#7787);
#6684=AXIS2_PLACEMENT_3D('',#10526,#7788,#7789);
#6685=AXIS2_PLACEMENT_3D('',#10527,#7790,#7791);
#6686=AXIS2_PLACEMENT_3D('',#10531,#7793,#7794);
#6687=AXIS2_PLACEMENT_3D('',#10532,#7795,#7796);
#6688=AXIS2_PLACEMENT_3D('',#10533,#7797,#7798);
#6689=AXIS2_PLACEMENT_3D('',#10537,#7800,#7801);
#6690=AXIS2_PLACEMENT_3D('',#10538,#7802,#7803);
#6691=AXIS2_PLACEMENT_3D('',#10539,#7804,#7805);
#6692=AXIS2_PLACEMENT_3D('',#10543,#7807,#7808);
#6693=AXIS2_PLACEMENT_3D('',#10544,#7809,#7810);
#6694=AXIS2_PLACEMENT_3D('',#10545,#7811,#7812);
#6695=AXIS2_PLACEMENT_3D('',#10549,#7814,#7815);
#6696=AXIS2_PLACEMENT_3D('',#10550,#7816,#7817);
#6697=AXIS2_PLACEMENT_3D('',#10551,#7818,#7819);
#6698=AXIS2_PLACEMENT_3D('',#10555,#7821,#7822);
#6699=AXIS2_PLACEMENT_3D('',#10556,#7823,#7824);
#6700=AXIS2_PLACEMENT_3D('',#10557,#7825,#7826);
#6701=AXIS2_PLACEMENT_3D('',#10561,#7828,#7829);
#6702=AXIS2_PLACEMENT_3D('',#10562,#7830,#7831);
#6703=AXIS2_PLACEMENT_3D('',#10563,#7832,#7833);
#6704=AXIS2_PLACEMENT_3D('',#10567,#7835,#7836);
#6705=AXIS2_PLACEMENT_3D('',#10568,#7837,#7838);
#6706=AXIS2_PLACEMENT_3D('',#10569,#7839,#7840);
#6707=AXIS2_PLACEMENT_3D('',#10573,#7842,#7843);
#6708=AXIS2_PLACEMENT_3D('',#10574,#7844,#7845);
#6709=AXIS2_PLACEMENT_3D('',#10575,#7846,#7847);
#6710=AXIS2_PLACEMENT_3D('',#10579,#7849,#7850);
#6711=AXIS2_PLACEMENT_3D('',#10580,#7851,#7852);
#6712=AXIS2_PLACEMENT_3D('',#10581,#7853,#7854);
#6713=AXIS2_PLACEMENT_3D('',#10585,#7856,#7857);
#6714=AXIS2_PLACEMENT_3D('',#10586,#7858,#7859);
#6715=AXIS2_PLACEMENT_3D('',#10587,#7860,#7861);
#6716=AXIS2_PLACEMENT_3D('',#10591,#7863,#7864);
#6717=AXIS2_PLACEMENT_3D('',#10592,#7865,#7866);
#6718=AXIS2_PLACEMENT_3D('',#10593,#7867,#7868);
#6719=AXIS2_PLACEMENT_3D('',#10597,#7870,#7871);
#6720=AXIS2_PLACEMENT_3D('',#10598,#7872,#7873);
#6721=AXIS2_PLACEMENT_3D('',#10599,#7874,#7875);
#6722=AXIS2_PLACEMENT_3D('',#10603,#7877,#7878);
#6723=AXIS2_PLACEMENT_3D('',#10604,#7879,#7880);
#6724=AXIS2_PLACEMENT_3D('',#10605,#7881,#7882);
#6725=AXIS2_PLACEMENT_3D('',#10609,#7884,#7885);
#6726=AXIS2_PLACEMENT_3D('',#10610,#7886,#7887);
#6727=AXIS2_PLACEMENT_3D('',#10611,#7888,#7889);
#6728=AXIS2_PLACEMENT_3D('',#10615,#7891,#7892);
#6729=AXIS2_PLACEMENT_3D('',#10616,#7893,#7894);
#6730=AXIS2_PLACEMENT_3D('',#10617,#7895,#7896);
#6731=AXIS2_PLACEMENT_3D('',#10621,#7898,#7899);
#6732=AXIS2_PLACEMENT_3D('',#10622,#7900,#7901);
#6733=AXIS2_PLACEMENT_3D('',#10623,#7902,#7903);
#6734=AXIS2_PLACEMENT_3D('',#10627,#7905,#7906);
#6735=AXIS2_PLACEMENT_3D('',#10628,#7907,#7908);
#6736=AXIS2_PLACEMENT_3D('',#10629,#7909,#7910);
#6737=AXIS2_PLACEMENT_3D('',#10633,#7912,#7913);
#6738=AXIS2_PLACEMENT_3D('',#10634,#7914,#7915);
#6739=AXIS2_PLACEMENT_3D('',#10635,#7916,#7917);
#6740=AXIS2_PLACEMENT_3D('',#10639,#7919,#7920);
#6741=AXIS2_PLACEMENT_3D('',#10640,#7921,#7922);
#6742=AXIS2_PLACEMENT_3D('',#10641,#7923,#7924);
#6743=AXIS2_PLACEMENT_3D('',#10645,#7926,#7927);
#6744=AXIS2_PLACEMENT_3D('',#10646,#7928,#7929);
#6745=AXIS2_PLACEMENT_3D('',#10647,#7930,#7931);
#6746=AXIS2_PLACEMENT_3D('',#10651,#7933,#7934);
#6747=AXIS2_PLACEMENT_3D('',#10652,#7935,#7936);
#6748=AXIS2_PLACEMENT_3D('',#10653,#7937,#7938);
#6749=AXIS2_PLACEMENT_3D('',#10657,#7940,#7941);
#6750=AXIS2_PLACEMENT_3D('',#10658,#7942,#7943);
#6751=AXIS2_PLACEMENT_3D('',#10659,#7944,#7945);
#6752=AXIS2_PLACEMENT_3D('',#10663,#7947,#7948);
#6753=AXIS2_PLACEMENT_3D('',#10664,#7949,#7950);
#6754=AXIS2_PLACEMENT_3D('',#10665,#7951,#7952);
#6755=AXIS2_PLACEMENT_3D('',#10669,#7954,#7955);
#6756=AXIS2_PLACEMENT_3D('',#10670,#7956,#7957);
#6757=AXIS2_PLACEMENT_3D('',#10671,#7958,#7959);
#6758=AXIS2_PLACEMENT_3D('',#10675,#7961,#7962);
#6759=AXIS2_PLACEMENT_3D('',#10676,#7963,#7964);
#6760=AXIS2_PLACEMENT_3D('',#10677,#7965,#7966);
#6761=AXIS2_PLACEMENT_3D('',#10681,#7968,#7969);
#6762=AXIS2_PLACEMENT_3D('',#10682,#7970,#7971);
#6763=AXIS2_PLACEMENT_3D('',#10683,#7972,#7973);
#6764=AXIS2_PLACEMENT_3D('',#10687,#7975,#7976);
#6765=AXIS2_PLACEMENT_3D('',#10688,#7977,#7978);
#6766=AXIS2_PLACEMENT_3D('',#10689,#7979,#7980);
#6767=AXIS2_PLACEMENT_3D('',#10693,#7982,#7983);
#6768=AXIS2_PLACEMENT_3D('',#10694,#7984,#7985);
#6769=AXIS2_PLACEMENT_3D('',#10695,#7986,#7987);
#6770=AXIS2_PLACEMENT_3D('',#10699,#7989,#7990);
#6771=AXIS2_PLACEMENT_3D('',#10700,#7991,#7992);
#6772=AXIS2_PLACEMENT_3D('',#10701,#7993,#7994);
#6773=AXIS2_PLACEMENT_3D('',#10705,#7996,#7997);
#6774=AXIS2_PLACEMENT_3D('',#10706,#7998,#7999);
#6775=AXIS2_PLACEMENT_3D('',#10707,#8000,#8001);
#6776=AXIS2_PLACEMENT_3D('',#10711,#8003,#8004);
#6777=AXIS2_PLACEMENT_3D('',#10712,#8005,#8006);
#6778=AXIS2_PLACEMENT_3D('',#10713,#8007,#8008);
#6779=AXIS2_PLACEMENT_3D('',#10717,#8010,#8011);
#6780=AXIS2_PLACEMENT_3D('',#10718,#8012,#8013);
#6781=AXIS2_PLACEMENT_3D('',#10719,#8014,#8015);
#6782=AXIS2_PLACEMENT_3D('',#10723,#8017,#8018);
#6783=AXIS2_PLACEMENT_3D('',#10724,#8019,#8020);
#6784=AXIS2_PLACEMENT_3D('',#10725,#8021,#8022);
#6785=AXIS2_PLACEMENT_3D('',#10729,#8024,#8025);
#6786=AXIS2_PLACEMENT_3D('',#10730,#8026,#8027);
#6787=AXIS2_PLACEMENT_3D('',#10731,#8028,#8029);
#6788=AXIS2_PLACEMENT_3D('',#10735,#8031,#8032);
#6789=AXIS2_PLACEMENT_3D('',#10736,#8033,#8034);
#6790=AXIS2_PLACEMENT_3D('',#10737,#8035,#8036);
#6791=AXIS2_PLACEMENT_3D('',#10741,#8038,#8039);
#6792=AXIS2_PLACEMENT_3D('',#10742,#8040,#8041);
#6793=AXIS2_PLACEMENT_3D('',#10743,#8042,#8043);
#6794=AXIS2_PLACEMENT_3D('',#10747,#8045,#8046);
#6795=AXIS2_PLACEMENT_3D('',#10748,#8047,#8048);
#6796=AXIS2_PLACEMENT_3D('',#10749,#8049,#8050);
#6797=AXIS2_PLACEMENT_3D('',#10753,#8052,#8053);
#6798=AXIS2_PLACEMENT_3D('',#10754,#8054,#8055);
#6799=AXIS2_PLACEMENT_3D('',#10755,#8056,#8057);
#6800=AXIS2_PLACEMENT_3D('',#10759,#8059,#8060);
#6801=AXIS2_PLACEMENT_3D('',#10760,#8061,#8062);
#6802=AXIS2_PLACEMENT_3D('',#10761,#8063,#8064);
#6803=AXIS2_PLACEMENT_3D('',#10765,#8066,#8067);
#6804=AXIS2_PLACEMENT_3D('',#10766,#8068,#8069);
#6805=AXIS2_PLACEMENT_3D('',#10767,#8070,#8071);
#6806=AXIS2_PLACEMENT_3D('',#10771,#8073,#8074);
#6807=AXIS2_PLACEMENT_3D('',#10772,#8075,#8076);
#6808=AXIS2_PLACEMENT_3D('',#10773,#8077,#8078);
#6809=AXIS2_PLACEMENT_3D('',#10777,#8080,#8081);
#6810=AXIS2_PLACEMENT_3D('',#10778,#8082,#8083);
#6811=AXIS2_PLACEMENT_3D('',#10779,#8084,#8085);
#6812=AXIS2_PLACEMENT_3D('',#10784,#8087,#8088);
#6813=AXIS2_PLACEMENT_3D('',#10787,#8090,#8091);
#6814=AXIS2_PLACEMENT_3D('',#10788,#8092,#8093);
#6815=AXIS2_PLACEMENT_3D('',#10792,#8095,#8096);
#6816=AXIS2_PLACEMENT_3D('',#10793,#8097,#8098);
#6817=AXIS2_PLACEMENT_3D('',#10794,#8099,#8100);
#6818=AXIS2_PLACEMENT_3D('',#10798,#8102,#8103);
#6819=AXIS2_PLACEMENT_3D('',#10799,#8104,#8105);
#6820=AXIS2_PLACEMENT_3D('',#10800,#8106,#8107);
#6821=AXIS2_PLACEMENT_3D('',#10804,#8109,#8110);
#6822=AXIS2_PLACEMENT_3D('',#10805,#8111,#8112);
#6823=AXIS2_PLACEMENT_3D('',#10806,#8113,#8114);
#6824=AXIS2_PLACEMENT_3D('',#10810,#8116,#8117);
#6825=AXIS2_PLACEMENT_3D('',#10811,#8118,#8119);
#6826=AXIS2_PLACEMENT_3D('',#10812,#8120,#8121);
#6827=AXIS2_PLACEMENT_3D('',#10816,#8123,#8124);
#6828=AXIS2_PLACEMENT_3D('',#10817,#8125,#8126);
#6829=AXIS2_PLACEMENT_3D('',#10818,#8127,#8128);
#6830=AXIS2_PLACEMENT_3D('',#10822,#8130,#8131);
#6831=AXIS2_PLACEMENT_3D('',#10823,#8132,#8133);
#6832=AXIS2_PLACEMENT_3D('',#10824,#8134,#8135);
#6833=AXIS2_PLACEMENT_3D('',#10828,#8137,#8138);
#6834=AXIS2_PLACEMENT_3D('',#10829,#8139,#8140);
#6835=AXIS2_PLACEMENT_3D('',#10830,#8141,#8142);
#6836=AXIS2_PLACEMENT_3D('',#10834,#8144,#8145);
#6837=AXIS2_PLACEMENT_3D('',#10835,#8146,#8147);
#6838=AXIS2_PLACEMENT_3D('',#10836,#8148,#8149);
#6839=AXIS2_PLACEMENT_3D('',#10840,#8151,#8152);
#6840=AXIS2_PLACEMENT_3D('',#10841,#8153,#8154);
#6841=AXIS2_PLACEMENT_3D('',#10842,#8155,#8156);
#6842=AXIS2_PLACEMENT_3D('',#10846,#8158,#8159);
#6843=AXIS2_PLACEMENT_3D('',#10847,#8160,#8161);
#6844=AXIS2_PLACEMENT_3D('',#10848,#8162,#8163);
#6845=AXIS2_PLACEMENT_3D('',#10852,#8165,#8166);
#6846=AXIS2_PLACEMENT_3D('',#10853,#8167,#8168);
#6847=AXIS2_PLACEMENT_3D('',#10854,#8169,#8170);
#6848=AXIS2_PLACEMENT_3D('',#10858,#8172,#8173);
#6849=AXIS2_PLACEMENT_3D('',#10859,#8174,#8175);
#6850=AXIS2_PLACEMENT_3D('',#10860,#8176,#8177);
#6851=AXIS2_PLACEMENT_3D('',#10864,#8179,#8180);
#6852=AXIS2_PLACEMENT_3D('',#10865,#8181,#8182);
#6853=AXIS2_PLACEMENT_3D('',#10866,#8183,#8184);
#6854=AXIS2_PLACEMENT_3D('',#10870,#8186,#8187);
#6855=AXIS2_PLACEMENT_3D('',#10871,#8188,#8189);
#6856=AXIS2_PLACEMENT_3D('',#10872,#8190,#8191);
#6857=AXIS2_PLACEMENT_3D('',#10876,#8193,#8194);
#6858=AXIS2_PLACEMENT_3D('',#10877,#8195,#8196);
#6859=AXIS2_PLACEMENT_3D('',#10878,#8197,#8198);
#6860=AXIS2_PLACEMENT_3D('',#10882,#8200,#8201);
#6861=AXIS2_PLACEMENT_3D('',#10883,#8202,#8203);
#6862=AXIS2_PLACEMENT_3D('',#10884,#8204,#8205);
#6863=AXIS2_PLACEMENT_3D('',#10888,#8207,#8208);
#6864=AXIS2_PLACEMENT_3D('',#10889,#8209,#8210);
#6865=AXIS2_PLACEMENT_3D('',#10890,#8211,#8212);
#6866=AXIS2_PLACEMENT_3D('',#10894,#8214,#8215);
#6867=AXIS2_PLACEMENT_3D('',#10895,#8216,#8217);
#6868=AXIS2_PLACEMENT_3D('',#10896,#8218,#8219);
#6869=AXIS2_PLACEMENT_3D('',#10900,#8221,#8222);
#6870=AXIS2_PLACEMENT_3D('',#10901,#8223,#8224);
#6871=AXIS2_PLACEMENT_3D('',#10902,#8225,#8226);
#6872=AXIS2_PLACEMENT_3D('',#10906,#8228,#8229);
#6873=AXIS2_PLACEMENT_3D('',#10907,#8230,#8231);
#6874=AXIS2_PLACEMENT_3D('',#10908,#8232,#8233);
#6875=AXIS2_PLACEMENT_3D('',#10912,#8235,#8236);
#6876=AXIS2_PLACEMENT_3D('',#10913,#8237,#8238);
#6877=AXIS2_PLACEMENT_3D('',#10914,#8239,#8240);
#6878=AXIS2_PLACEMENT_3D('',#10918,#8242,#8243);
#6879=AXIS2_PLACEMENT_3D('',#10919,#8244,#8245);
#6880=AXIS2_PLACEMENT_3D('',#10920,#8246,#8247);
#6881=AXIS2_PLACEMENT_3D('',#10924,#8249,#8250);
#6882=AXIS2_PLACEMENT_3D('',#10925,#8251,#8252);
#6883=AXIS2_PLACEMENT_3D('',#10926,#8253,#8254);
#6884=AXIS2_PLACEMENT_3D('',#10930,#8256,#8257);
#6885=AXIS2_PLACEMENT_3D('',#10931,#8258,#8259);
#6886=AXIS2_PLACEMENT_3D('',#10932,#8260,#8261);
#6887=AXIS2_PLACEMENT_3D('',#10936,#8263,#8264);
#6888=AXIS2_PLACEMENT_3D('',#10937,#8265,#8266);
#6889=AXIS2_PLACEMENT_3D('',#10938,#8267,#8268);
#6890=AXIS2_PLACEMENT_3D('',#10942,#8270,#8271);
#6891=AXIS2_PLACEMENT_3D('',#10943,#8272,#8273);
#6892=AXIS2_PLACEMENT_3D('',#10944,#8274,#8275);
#6893=AXIS2_PLACEMENT_3D('',#10948,#8277,#8278);
#6894=AXIS2_PLACEMENT_3D('',#10949,#8279,#8280);
#6895=AXIS2_PLACEMENT_3D('',#10950,#8281,#8282);
#6896=AXIS2_PLACEMENT_3D('',#10954,#8284,#8285);
#6897=AXIS2_PLACEMENT_3D('',#10955,#8286,#8287);
#6898=AXIS2_PLACEMENT_3D('',#10956,#8288,#8289);
#6899=AXIS2_PLACEMENT_3D('',#10960,#8291,#8292);
#6900=AXIS2_PLACEMENT_3D('',#10961,#8293,#8294);
#6901=AXIS2_PLACEMENT_3D('',#10962,#8295,#8296);
#6902=AXIS2_PLACEMENT_3D('',#10966,#8298,#8299);
#6903=AXIS2_PLACEMENT_3D('',#10967,#8300,#8301);
#6904=AXIS2_PLACEMENT_3D('',#10968,#8302,#8303);
#6905=AXIS2_PLACEMENT_3D('',#10972,#8305,#8306);
#6906=AXIS2_PLACEMENT_3D('',#10973,#8307,#8308);
#6907=AXIS2_PLACEMENT_3D('',#10974,#8309,#8310);
#6908=AXIS2_PLACEMENT_3D('',#10978,#8312,#8313);
#6909=AXIS2_PLACEMENT_3D('',#10979,#8314,#8315);
#6910=AXIS2_PLACEMENT_3D('',#10980,#8316,#8317);
#6911=AXIS2_PLACEMENT_3D('',#10984,#8319,#8320);
#6912=AXIS2_PLACEMENT_3D('',#10985,#8321,#8322);
#6913=AXIS2_PLACEMENT_3D('',#10986,#8323,#8324);
#6914=AXIS2_PLACEMENT_3D('',#10990,#8326,#8327);
#6915=AXIS2_PLACEMENT_3D('',#10991,#8328,#8329);
#6916=AXIS2_PLACEMENT_3D('',#10992,#8330,#8331);
#6917=AXIS2_PLACEMENT_3D('',#10996,#8333,#8334);
#6918=AXIS2_PLACEMENT_3D('',#10997,#8335,#8336);
#6919=AXIS2_PLACEMENT_3D('',#10998,#8337,#8338);
#6920=AXIS2_PLACEMENT_3D('',#11002,#8340,#8341);
#6921=AXIS2_PLACEMENT_3D('',#11003,#8342,#8343);
#6922=AXIS2_PLACEMENT_3D('',#11004,#8344,#8345);
#6923=AXIS2_PLACEMENT_3D('',#11008,#8347,#8348);
#6924=AXIS2_PLACEMENT_3D('',#11009,#8349,#8350);
#6925=AXIS2_PLACEMENT_3D('',#11010,#8351,#8352);
#6926=AXIS2_PLACEMENT_3D('',#11014,#8354,#8355);
#6927=AXIS2_PLACEMENT_3D('',#11015,#8356,#8357);
#6928=AXIS2_PLACEMENT_3D('',#11016,#8358,#8359);
#6929=AXIS2_PLACEMENT_3D('',#11020,#8361,#8362);
#6930=AXIS2_PLACEMENT_3D('',#11021,#8363,#8364);
#6931=AXIS2_PLACEMENT_3D('',#11022,#8365,#8366);
#6932=AXIS2_PLACEMENT_3D('',#11026,#8368,#8369);
#6933=AXIS2_PLACEMENT_3D('',#11027,#8370,#8371);
#6934=AXIS2_PLACEMENT_3D('',#11028,#8372,#8373);
#6935=AXIS2_PLACEMENT_3D('',#11033,#8375,#8376);
#6936=AXIS2_PLACEMENT_3D('',#11036,#8378,#8379);
#6937=AXIS2_PLACEMENT_3D('',#11037,#8380,#8381);
#6938=AXIS2_PLACEMENT_3D('',#11041,#8383,#8384);
#6939=AXIS2_PLACEMENT_3D('',#11042,#8385,#8386);
#6940=AXIS2_PLACEMENT_3D('',#11043,#8387,#8388);
#6941=AXIS2_PLACEMENT_3D('',#11047,#8390,#8391);
#6942=AXIS2_PLACEMENT_3D('',#11048,#8392,#8393);
#6943=AXIS2_PLACEMENT_3D('',#11049,#8394,#8395);
#6944=AXIS2_PLACEMENT_3D('',#11053,#8397,#8398);
#6945=AXIS2_PLACEMENT_3D('',#11054,#8399,#8400);
#6946=AXIS2_PLACEMENT_3D('',#11055,#8401,#8402);
#6947=AXIS2_PLACEMENT_3D('',#11059,#8404,#8405);
#6948=AXIS2_PLACEMENT_3D('',#11060,#8406,#8407);
#6949=AXIS2_PLACEMENT_3D('',#11061,#8408,#8409);
#6950=AXIS2_PLACEMENT_3D('',#11065,#8411,#8412);
#6951=AXIS2_PLACEMENT_3D('',#11066,#8413,#8414);
#6952=AXIS2_PLACEMENT_3D('',#11067,#8415,#8416);
#6953=AXIS2_PLACEMENT_3D('',#11071,#8418,#8419);
#6954=AXIS2_PLACEMENT_3D('',#11072,#8420,#8421);
#6955=AXIS2_PLACEMENT_3D('',#11073,#8422,#8423);
#6956=AXIS2_PLACEMENT_3D('',#11077,#8425,#8426);
#6957=AXIS2_PLACEMENT_3D('',#11078,#8427,#8428);
#6958=AXIS2_PLACEMENT_3D('',#11079,#8429,#8430);
#6959=AXIS2_PLACEMENT_3D('',#11083,#8432,#8433);
#6960=AXIS2_PLACEMENT_3D('',#11084,#8434,#8435);
#6961=AXIS2_PLACEMENT_3D('',#11085,#8436,#8437);
#6962=AXIS2_PLACEMENT_3D('',#11089,#8439,#8440);
#6963=AXIS2_PLACEMENT_3D('',#11090,#8441,#8442);
#6964=AXIS2_PLACEMENT_3D('',#11091,#8443,#8444);
#6965=AXIS2_PLACEMENT_3D('',#11095,#8446,#8447);
#6966=AXIS2_PLACEMENT_3D('',#11096,#8448,#8449);
#6967=AXIS2_PLACEMENT_3D('',#11097,#8450,#8451);
#6968=AXIS2_PLACEMENT_3D('',#11101,#8453,#8454);
#6969=AXIS2_PLACEMENT_3D('',#11102,#8455,#8456);
#6970=AXIS2_PLACEMENT_3D('',#11103,#8457,#8458);
#6971=AXIS2_PLACEMENT_3D('',#11107,#8460,#8461);
#6972=AXIS2_PLACEMENT_3D('',#11108,#8462,#8463);
#6973=AXIS2_PLACEMENT_3D('',#11109,#8464,#8465);
#6974=AXIS2_PLACEMENT_3D('',#11113,#8467,#8468);
#6975=AXIS2_PLACEMENT_3D('',#11114,#8469,#8470);
#6976=AXIS2_PLACEMENT_3D('',#11115,#8471,#8472);
#6977=AXIS2_PLACEMENT_3D('',#11119,#8474,#8475);
#6978=AXIS2_PLACEMENT_3D('',#11120,#8476,#8477);
#6979=AXIS2_PLACEMENT_3D('',#11121,#8478,#8479);
#6980=AXIS2_PLACEMENT_3D('',#11125,#8481,#8482);
#6981=AXIS2_PLACEMENT_3D('',#11126,#8483,#8484);
#6982=AXIS2_PLACEMENT_3D('',#11127,#8485,#8486);
#6983=AXIS2_PLACEMENT_3D('',#11131,#8488,#8489);
#6984=AXIS2_PLACEMENT_3D('',#11132,#8490,#8491);
#6985=AXIS2_PLACEMENT_3D('',#11133,#8492,#8493);
#6986=AXIS2_PLACEMENT_3D('',#11137,#8495,#8496);
#6987=AXIS2_PLACEMENT_3D('',#11138,#8497,#8498);
#6988=AXIS2_PLACEMENT_3D('',#11139,#8499,#8500);
#6989=AXIS2_PLACEMENT_3D('',#11143,#8502,#8503);
#6990=AXIS2_PLACEMENT_3D('',#11144,#8504,#8505);
#6991=AXIS2_PLACEMENT_3D('',#11145,#8506,#8507);
#6992=AXIS2_PLACEMENT_3D('',#11149,#8509,#8510);
#6993=AXIS2_PLACEMENT_3D('',#11150,#8511,#8512);
#6994=AXIS2_PLACEMENT_3D('',#11151,#8513,#8514);
#6995=AXIS2_PLACEMENT_3D('',#11155,#8516,#8517);
#6996=AXIS2_PLACEMENT_3D('',#11156,#8518,#8519);
#6997=AXIS2_PLACEMENT_3D('',#11157,#8520,#8521);
#6998=AXIS2_PLACEMENT_3D('',#11161,#8523,#8524);
#6999=AXIS2_PLACEMENT_3D('',#11162,#8525,#8526);
#7000=AXIS2_PLACEMENT_3D('',#11163,#8527,#8528);
#7001=AXIS2_PLACEMENT_3D('',#11167,#8530,#8531);
#7002=AXIS2_PLACEMENT_3D('',#11168,#8532,#8533);
#7003=AXIS2_PLACEMENT_3D('',#11169,#8534,#8535);
#7004=AXIS2_PLACEMENT_3D('',#11173,#8537,#8538);
#7005=AXIS2_PLACEMENT_3D('',#11174,#8539,#8540);
#7006=AXIS2_PLACEMENT_3D('',#11175,#8541,#8542);
#7007=AXIS2_PLACEMENT_3D('',#11179,#8544,#8545);
#7008=AXIS2_PLACEMENT_3D('',#11180,#8546,#8547);
#7009=AXIS2_PLACEMENT_3D('',#11181,#8548,#8549);
#7010=AXIS2_PLACEMENT_3D('',#11185,#8551,#8552);
#7011=AXIS2_PLACEMENT_3D('',#11186,#8553,#8554);
#7012=AXIS2_PLACEMENT_3D('',#11187,#8555,#8556);
#7013=AXIS2_PLACEMENT_3D('',#11191,#8558,#8559);
#7014=AXIS2_PLACEMENT_3D('',#11192,#8560,#8561);
#7015=AXIS2_PLACEMENT_3D('',#11193,#8562,#8563);
#7016=AXIS2_PLACEMENT_3D('',#11197,#8565,#8566);
#7017=AXIS2_PLACEMENT_3D('',#11198,#8567,#8568);
#7018=AXIS2_PLACEMENT_3D('',#11199,#8569,#8570);
#7019=AXIS2_PLACEMENT_3D('',#11203,#8572,#8573);
#7020=AXIS2_PLACEMENT_3D('',#11204,#8574,#8575);
#7021=AXIS2_PLACEMENT_3D('',#11205,#8576,#8577);
#7022=AXIS2_PLACEMENT_3D('',#11209,#8579,#8580);
#7023=AXIS2_PLACEMENT_3D('',#11210,#8581,#8582);
#7024=AXIS2_PLACEMENT_3D('',#11211,#8583,#8584);
#7025=AXIS2_PLACEMENT_3D('',#11215,#8586,#8587);
#7026=AXIS2_PLACEMENT_3D('',#11216,#8588,#8589);
#7027=AXIS2_PLACEMENT_3D('',#11217,#8590,#8591);
#7028=AXIS2_PLACEMENT_3D('',#11221,#8593,#8594);
#7029=AXIS2_PLACEMENT_3D('',#11222,#8595,#8596);
#7030=AXIS2_PLACEMENT_3D('',#11223,#8597,#8598);
#7031=AXIS2_PLACEMENT_3D('',#11227,#8600,#8601);
#7032=AXIS2_PLACEMENT_3D('',#11228,#8602,#8603);
#7033=AXIS2_PLACEMENT_3D('',#11229,#8604,#8605);
#7034=AXIS2_PLACEMENT_3D('',#11233,#8607,#8608);
#7035=AXIS2_PLACEMENT_3D('',#11234,#8609,#8610);
#7036=AXIS2_PLACEMENT_3D('',#11235,#8611,#8612);
#7037=AXIS2_PLACEMENT_3D('',#11239,#8614,#8615);
#7038=AXIS2_PLACEMENT_3D('',#11240,#8616,#8617);
#7039=AXIS2_PLACEMENT_3D('',#11241,#8618,#8619);
#7040=AXIS2_PLACEMENT_3D('',#11246,#8621,#8622);
#7041=AXIS2_PLACEMENT_3D('',#11249,#8624,#8625);
#7042=AXIS2_PLACEMENT_3D('',#11250,#8626,#8627);
#7043=AXIS2_PLACEMENT_3D('',#11254,#8629,#8630);
#7044=AXIS2_PLACEMENT_3D('',#11255,#8631,#8632);
#7045=AXIS2_PLACEMENT_3D('',#11256,#8633,#8634);
#7046=AXIS2_PLACEMENT_3D('',#11260,#8636,#8637);
#7047=AXIS2_PLACEMENT_3D('',#11261,#8638,#8639);
#7048=AXIS2_PLACEMENT_3D('',#11262,#8640,#8641);
#7049=AXIS2_PLACEMENT_3D('',#11266,#8643,#8644);
#7050=AXIS2_PLACEMENT_3D('',#11267,#8645,#8646);
#7051=AXIS2_PLACEMENT_3D('',#11268,#8647,#8648);
#7052=AXIS2_PLACEMENT_3D('',#11272,#8650,#8651);
#7053=AXIS2_PLACEMENT_3D('',#11273,#8652,#8653);
#7054=AXIS2_PLACEMENT_3D('',#11274,#8654,#8655);
#7055=AXIS2_PLACEMENT_3D('',#11278,#8657,#8658);
#7056=AXIS2_PLACEMENT_3D('',#11279,#8659,#8660);
#7057=AXIS2_PLACEMENT_3D('',#11280,#8661,#8662);
#7058=AXIS2_PLACEMENT_3D('',#11284,#8664,#8665);
#7059=AXIS2_PLACEMENT_3D('',#11285,#8666,#8667);
#7060=AXIS2_PLACEMENT_3D('',#11286,#8668,#8669);
#7061=AXIS2_PLACEMENT_3D('',#11290,#8671,#8672);
#7062=AXIS2_PLACEMENT_3D('',#11291,#8673,#8674);
#7063=AXIS2_PLACEMENT_3D('',#11292,#8675,#8676);
#7064=AXIS2_PLACEMENT_3D('',#11296,#8678,#8679);
#7065=AXIS2_PLACEMENT_3D('',#11297,#8680,#8681);
#7066=AXIS2_PLACEMENT_3D('',#11298,#8682,#8683);
#7067=AXIS2_PLACEMENT_3D('',#11302,#8685,#8686);
#7068=AXIS2_PLACEMENT_3D('',#11303,#8687,#8688);
#7069=AXIS2_PLACEMENT_3D('',#11304,#8689,#8690);
#7070=AXIS2_PLACEMENT_3D('',#11308,#8692,#8693);
#7071=AXIS2_PLACEMENT_3D('',#11309,#8694,#8695);
#7072=AXIS2_PLACEMENT_3D('',#11310,#8696,#8697);
#7073=AXIS2_PLACEMENT_3D('',#11314,#8699,#8700);
#7074=AXIS2_PLACEMENT_3D('',#11315,#8701,#8702);
#7075=AXIS2_PLACEMENT_3D('',#11316,#8703,#8704);
#7076=AXIS2_PLACEMENT_3D('',#11320,#8706,#8707);
#7077=AXIS2_PLACEMENT_3D('',#11321,#8708,#8709);
#7078=AXIS2_PLACEMENT_3D('',#11322,#8710,#8711);
#7079=AXIS2_PLACEMENT_3D('',#11326,#8713,#8714);
#7080=AXIS2_PLACEMENT_3D('',#11327,#8715,#8716);
#7081=AXIS2_PLACEMENT_3D('',#11328,#8717,#8718);
#7082=AXIS2_PLACEMENT_3D('',#11332,#8720,#8721);
#7083=AXIS2_PLACEMENT_3D('',#11333,#8722,#8723);
#7084=AXIS2_PLACEMENT_3D('',#11334,#8724,#8725);
#7085=AXIS2_PLACEMENT_3D('',#11338,#8727,#8728);
#7086=AXIS2_PLACEMENT_3D('',#11339,#8729,#8730);
#7087=AXIS2_PLACEMENT_3D('',#11340,#8731,#8732);
#7088=AXIS2_PLACEMENT_3D('',#11344,#8734,#8735);
#7089=AXIS2_PLACEMENT_3D('',#11345,#8736,#8737);
#7090=AXIS2_PLACEMENT_3D('',#11346,#8738,#8739);
#7091=AXIS2_PLACEMENT_3D('',#11350,#8741,#8742);
#7092=AXIS2_PLACEMENT_3D('',#11351,#8743,#8744);
#7093=AXIS2_PLACEMENT_3D('',#11352,#8745,#8746);
#7094=AXIS2_PLACEMENT_3D('',#11356,#8748,#8749);
#7095=AXIS2_PLACEMENT_3D('',#11357,#8750,#8751);
#7096=AXIS2_PLACEMENT_3D('',#11358,#8752,#8753);
#7097=AXIS2_PLACEMENT_3D('',#11362,#8755,#8756);
#7098=AXIS2_PLACEMENT_3D('',#11363,#8757,#8758);
#7099=AXIS2_PLACEMENT_3D('',#11364,#8759,#8760);
#7100=AXIS2_PLACEMENT_3D('',#11368,#8762,#8763);
#7101=AXIS2_PLACEMENT_3D('',#11369,#8764,#8765);
#7102=AXIS2_PLACEMENT_3D('',#11370,#8766,#8767);
#7103=AXIS2_PLACEMENT_3D('',#11374,#8769,#8770);
#7104=AXIS2_PLACEMENT_3D('',#11375,#8771,#8772);
#7105=AXIS2_PLACEMENT_3D('',#11376,#8773,#8774);
#7106=AXIS2_PLACEMENT_3D('',#11380,#8776,#8777);
#7107=AXIS2_PLACEMENT_3D('',#11381,#8778,#8779);
#7108=AXIS2_PLACEMENT_3D('',#11382,#8780,#8781);
#7109=AXIS2_PLACEMENT_3D('',#11386,#8783,#8784);
#7110=AXIS2_PLACEMENT_3D('',#11387,#8785,#8786);
#7111=AXIS2_PLACEMENT_3D('',#11388,#8787,#8788);
#7112=AXIS2_PLACEMENT_3D('',#11392,#8790,#8791);
#7113=AXIS2_PLACEMENT_3D('',#11393,#8792,#8793);
#7114=AXIS2_PLACEMENT_3D('',#11394,#8794,#8795);
#7115=AXIS2_PLACEMENT_3D('',#11398,#8797,#8798);
#7116=AXIS2_PLACEMENT_3D('',#11399,#8799,#8800);
#7117=AXIS2_PLACEMENT_3D('',#11400,#8801,#8802);
#7118=AXIS2_PLACEMENT_3D('',#11404,#8804,#8805);
#7119=AXIS2_PLACEMENT_3D('',#11405,#8806,#8807);
#7120=AXIS2_PLACEMENT_3D('',#11406,#8808,#8809);
#7121=AXIS2_PLACEMENT_3D('',#11410,#8811,#8812);
#7122=AXIS2_PLACEMENT_3D('',#11411,#8813,#8814);
#7123=AXIS2_PLACEMENT_3D('',#11412,#8815,#8816);
#7124=AXIS2_PLACEMENT_3D('',#11416,#8818,#8819);
#7125=AXIS2_PLACEMENT_3D('',#11417,#8820,#8821);
#7126=AXIS2_PLACEMENT_3D('',#11418,#8822,#8823);
#7127=AXIS2_PLACEMENT_3D('',#11422,#8825,#8826);
#7128=AXIS2_PLACEMENT_3D('',#11423,#8827,#8828);
#7129=AXIS2_PLACEMENT_3D('',#11424,#8829,#8830);
#7130=AXIS2_PLACEMENT_3D('',#11428,#8832,#8833);
#7131=AXIS2_PLACEMENT_3D('',#11429,#8834,#8835);
#7132=AXIS2_PLACEMENT_3D('',#11430,#8836,#8837);
#7133=AXIS2_PLACEMENT_3D('',#11434,#8839,#8840);
#7134=AXIS2_PLACEMENT_3D('',#11435,#8841,#8842);
#7135=AXIS2_PLACEMENT_3D('',#11436,#8843,#8844);
#7136=AXIS2_PLACEMENT_3D('',#11440,#8846,#8847);
#7137=AXIS2_PLACEMENT_3D('',#11441,#8848,#8849);
#7138=AXIS2_PLACEMENT_3D('',#11442,#8850,#8851);
#7139=AXIS2_PLACEMENT_3D('',#11446,#8853,#8854);
#7140=AXIS2_PLACEMENT_3D('',#11447,#8855,#8856);
#7141=AXIS2_PLACEMENT_3D('',#11448,#8857,#8858);
#7142=AXIS2_PLACEMENT_3D('',#11452,#8860,#8861);
#7143=AXIS2_PLACEMENT_3D('',#11453,#8862,#8863);
#7144=AXIS2_PLACEMENT_3D('',#11454,#8864,#8865);
#7145=AXIS2_PLACEMENT_3D('',#11458,#8867,#8868);
#7146=AXIS2_PLACEMENT_3D('',#11459,#8869,#8870);
#7147=AXIS2_PLACEMENT_3D('',#11460,#8871,#8872);
#7148=AXIS2_PLACEMENT_3D('',#11464,#8874,#8875);
#7149=AXIS2_PLACEMENT_3D('',#11465,#8876,#8877);
#7150=AXIS2_PLACEMENT_3D('',#11466,#8878,#8879);
#7151=AXIS2_PLACEMENT_3D('',#11470,#8881,#8882);
#7152=AXIS2_PLACEMENT_3D('',#11471,#8883,#8884);
#7153=AXIS2_PLACEMENT_3D('',#11472,#8885,#8886);
#7154=AXIS2_PLACEMENT_3D('',#11476,#8888,#8889);
#7155=AXIS2_PLACEMENT_3D('',#11477,#8890,#8891);
#7156=AXIS2_PLACEMENT_3D('',#11478,#8892,#8893);
#7157=AXIS2_PLACEMENT_3D('',#11483,#8895,#8896);
#7158=AXIS2_PLACEMENT_3D('',#11486,#8898,#8899);
#7159=AXIS2_PLACEMENT_3D('',#11487,#8900,#8901);
#7160=AXIS2_PLACEMENT_3D('',#11491,#8903,#8904);
#7161=AXIS2_PLACEMENT_3D('',#11492,#8905,#8906);
#7162=AXIS2_PLACEMENT_3D('',#11493,#8907,#8908);
#7163=AXIS2_PLACEMENT_3D('',#11497,#8910,#8911);
#7164=AXIS2_PLACEMENT_3D('',#11498,#8912,#8913);
#7165=AXIS2_PLACEMENT_3D('',#11499,#8914,#8915);
#7166=AXIS2_PLACEMENT_3D('',#11503,#8917,#8918);
#7167=AXIS2_PLACEMENT_3D('',#11504,#8919,#8920);
#7168=AXIS2_PLACEMENT_3D('',#11505,#8921,#8922);
#7169=AXIS2_PLACEMENT_3D('',#11509,#8924,#8925);
#7170=AXIS2_PLACEMENT_3D('',#11510,#8926,#8927);
#7171=AXIS2_PLACEMENT_3D('',#11511,#8928,#8929);
#7172=AXIS2_PLACEMENT_3D('',#11515,#8931,#8932);
#7173=AXIS2_PLACEMENT_3D('',#11516,#8933,#8934);
#7174=AXIS2_PLACEMENT_3D('',#11517,#8935,#8936);
#7175=AXIS2_PLACEMENT_3D('',#11521,#8938,#8939);
#7176=AXIS2_PLACEMENT_3D('',#11522,#8940,#8941);
#7177=AXIS2_PLACEMENT_3D('',#11523,#8942,#8943);
#7178=AXIS2_PLACEMENT_3D('',#11527,#8945,#8946);
#7179=AXIS2_PLACEMENT_3D('',#11528,#8947,#8948);
#7180=AXIS2_PLACEMENT_3D('',#11529,#8949,#8950);
#7181=AXIS2_PLACEMENT_3D('',#11533,#8952,#8953);
#7182=AXIS2_PLACEMENT_3D('',#11534,#8954,#8955);
#7183=AXIS2_PLACEMENT_3D('',#11535,#8956,#8957);
#7184=AXIS2_PLACEMENT_3D('',#11539,#8959,#8960);
#7185=AXIS2_PLACEMENT_3D('',#11540,#8961,#8962);
#7186=AXIS2_PLACEMENT_3D('',#11541,#8963,#8964);
#7187=AXIS2_PLACEMENT_3D('',#11545,#8966,#8967);
#7188=AXIS2_PLACEMENT_3D('',#11546,#8968,#8969);
#7189=AXIS2_PLACEMENT_3D('',#11547,#8970,#8971);
#7190=AXIS2_PLACEMENT_3D('',#11551,#8973,#8974);
#7191=AXIS2_PLACEMENT_3D('',#11552,#8975,#8976);
#7192=AXIS2_PLACEMENT_3D('',#11553,#8977,#8978);
#7193=AXIS2_PLACEMENT_3D('',#11557,#8980,#8981);
#7194=AXIS2_PLACEMENT_3D('',#11558,#8982,#8983);
#7195=AXIS2_PLACEMENT_3D('',#11559,#8984,#8985);
#7196=AXIS2_PLACEMENT_3D('',#11563,#8987,#8988);
#7197=AXIS2_PLACEMENT_3D('',#11564,#8989,#8990);
#7198=AXIS2_PLACEMENT_3D('',#11565,#8991,#8992);
#7199=AXIS2_PLACEMENT_3D('',#11569,#8994,#8995);
#7200=AXIS2_PLACEMENT_3D('',#11570,#8996,#8997);
#7201=AXIS2_PLACEMENT_3D('',#11571,#8998,#8999);
#7202=AXIS2_PLACEMENT_3D('',#11575,#9001,#9002);
#7203=AXIS2_PLACEMENT_3D('',#11576,#9003,#9004);
#7204=AXIS2_PLACEMENT_3D('',#11577,#9005,#9006);
#7205=AXIS2_PLACEMENT_3D('',#11581,#9008,#9009);
#7206=AXIS2_PLACEMENT_3D('',#11582,#9010,#9011);
#7207=AXIS2_PLACEMENT_3D('',#11583,#9012,#9013);
#7208=AXIS2_PLACEMENT_3D('',#11587,#9015,#9016);
#7209=AXIS2_PLACEMENT_3D('',#11588,#9017,#9018);
#7210=AXIS2_PLACEMENT_3D('',#11589,#9019,#9020);
#7211=AXIS2_PLACEMENT_3D('',#11593,#9022,#9023);
#7212=AXIS2_PLACEMENT_3D('',#11594,#9024,#9025);
#7213=AXIS2_PLACEMENT_3D('',#11595,#9026,#9027);
#7214=AXIS2_PLACEMENT_3D('',#11599,#9029,#9030);
#7215=AXIS2_PLACEMENT_3D('',#11600,#9031,#9032);
#7216=AXIS2_PLACEMENT_3D('',#11601,#9033,#9034);
#7217=AXIS2_PLACEMENT_3D('',#11605,#9036,#9037);
#7218=AXIS2_PLACEMENT_3D('',#11606,#9038,#9039);
#7219=AXIS2_PLACEMENT_3D('',#11607,#9040,#9041);
#7220=AXIS2_PLACEMENT_3D('',#11611,#9043,#9044);
#7221=AXIS2_PLACEMENT_3D('',#11612,#9045,#9046);
#7222=AXIS2_PLACEMENT_3D('',#11613,#9047,#9048);
#7223=AXIS2_PLACEMENT_3D('',#11617,#9050,#9051);
#7224=AXIS2_PLACEMENT_3D('',#11618,#9052,#9053);
#7225=AXIS2_PLACEMENT_3D('',#11619,#9054,#9055);
#7226=AXIS2_PLACEMENT_3D('',#11623,#9057,#9058);
#7227=AXIS2_PLACEMENT_3D('',#11624,#9059,#9060);
#7228=AXIS2_PLACEMENT_3D('',#11625,#9061,#9062);
#7229=AXIS2_PLACEMENT_3D('',#11629,#9064,#9065);
#7230=AXIS2_PLACEMENT_3D('',#11630,#9066,#9067);
#7231=AXIS2_PLACEMENT_3D('',#11631,#9068,#9069);
#7232=AXIS2_PLACEMENT_3D('',#11635,#9071,#9072);
#7233=AXIS2_PLACEMENT_3D('',#11636,#9073,#9074);
#7234=AXIS2_PLACEMENT_3D('',#11637,#9075,#9076);
#7235=AXIS2_PLACEMENT_3D('',#11641,#9078,#9079);
#7236=AXIS2_PLACEMENT_3D('',#11642,#9080,#9081);
#7237=AXIS2_PLACEMENT_3D('',#11643,#9082,#9083);
#7238=AXIS2_PLACEMENT_3D('',#11647,#9085,#9086);
#7239=AXIS2_PLACEMENT_3D('',#11648,#9087,#9088);
#7240=AXIS2_PLACEMENT_3D('',#11649,#9089,#9090);
#7241=AXIS2_PLACEMENT_3D('',#11653,#9092,#9093);
#7242=AXIS2_PLACEMENT_3D('',#11654,#9094,#9095);
#7243=AXIS2_PLACEMENT_3D('',#11655,#9096,#9097);
#7244=AXIS2_PLACEMENT_3D('',#11660,#9099,#9100);
#7245=AXIS2_PLACEMENT_3D('',#11663,#9102,#9103);
#7246=AXIS2_PLACEMENT_3D('',#11664,#9104,#9105);
#7247=AXIS2_PLACEMENT_3D('',#11668,#9107,#9108);
#7248=AXIS2_PLACEMENT_3D('',#11669,#9109,#9110);
#7249=AXIS2_PLACEMENT_3D('',#11670,#9111,#9112);
#7250=AXIS2_PLACEMENT_3D('',#11674,#9114,#9115);
#7251=AXIS2_PLACEMENT_3D('',#11675,#9116,#9117);
#7252=AXIS2_PLACEMENT_3D('',#11676,#9118,#9119);
#7253=AXIS2_PLACEMENT_3D('',#11680,#9121,#9122);
#7254=AXIS2_PLACEMENT_3D('',#11681,#9123,#9124);
#7255=AXIS2_PLACEMENT_3D('',#11682,#9125,#9126);
#7256=AXIS2_PLACEMENT_3D('',#11686,#9128,#9129);
#7257=AXIS2_PLACEMENT_3D('',#11687,#9130,#9131);
#7258=AXIS2_PLACEMENT_3D('',#11688,#9132,#9133);
#7259=AXIS2_PLACEMENT_3D('',#11692,#9135,#9136);
#7260=AXIS2_PLACEMENT_3D('',#11693,#9137,#9138);
#7261=AXIS2_PLACEMENT_3D('',#11694,#9139,#9140);
#7262=AXIS2_PLACEMENT_3D('',#11698,#9142,#9143);
#7263=AXIS2_PLACEMENT_3D('',#11699,#9144,#9145);
#7264=AXIS2_PLACEMENT_3D('',#11700,#9146,#9147);
#7265=AXIS2_PLACEMENT_3D('',#11704,#9149,#9150);
#7266=AXIS2_PLACEMENT_3D('',#11705,#9151,#9152);
#7267=AXIS2_PLACEMENT_3D('',#11706,#9153,#9154);
#7268=AXIS2_PLACEMENT_3D('',#11710,#9156,#9157);
#7269=AXIS2_PLACEMENT_3D('',#11711,#9158,#9159);
#7270=AXIS2_PLACEMENT_3D('',#11712,#9160,#9161);
#7271=AXIS2_PLACEMENT_3D('',#11716,#9163,#9164);
#7272=AXIS2_PLACEMENT_3D('',#11717,#9165,#9166);
#7273=AXIS2_PLACEMENT_3D('',#11718,#9167,#9168);
#7274=AXIS2_PLACEMENT_3D('',#11722,#9170,#9171);
#7275=AXIS2_PLACEMENT_3D('',#11723,#9172,#9173);
#7276=AXIS2_PLACEMENT_3D('',#11724,#9174,#9175);
#7277=AXIS2_PLACEMENT_3D('',#11728,#9177,#9178);
#7278=AXIS2_PLACEMENT_3D('',#11729,#9179,#9180);
#7279=AXIS2_PLACEMENT_3D('',#11730,#9181,#9182);
#7280=AXIS2_PLACEMENT_3D('',#11734,#9184,#9185);
#7281=AXIS2_PLACEMENT_3D('',#11735,#9186,#9187);
#7282=AXIS2_PLACEMENT_3D('',#11736,#9188,#9189);
#7283=AXIS2_PLACEMENT_3D('',#11740,#9191,#9192);
#7284=AXIS2_PLACEMENT_3D('',#11741,#9193,#9194);
#7285=AXIS2_PLACEMENT_3D('',#11742,#9195,#9196);
#7286=AXIS2_PLACEMENT_3D('',#11746,#9198,#9199);
#7287=AXIS2_PLACEMENT_3D('',#11747,#9200,#9201);
#7288=AXIS2_PLACEMENT_3D('',#11748,#9202,#9203);
#7289=AXIS2_PLACEMENT_3D('',#11752,#9205,#9206);
#7290=AXIS2_PLACEMENT_3D('',#11753,#9207,#9208);
#7291=AXIS2_PLACEMENT_3D('',#11754,#9209,#9210);
#7292=AXIS2_PLACEMENT_3D('',#11758,#9212,#9213);
#7293=AXIS2_PLACEMENT_3D('',#11759,#9214,#9215);
#7294=AXIS2_PLACEMENT_3D('',#11760,#9216,#9217);
#7295=AXIS2_PLACEMENT_3D('',#11764,#9219,#9220);
#7296=AXIS2_PLACEMENT_3D('',#11765,#9221,#9222);
#7297=AXIS2_PLACEMENT_3D('',#11766,#9223,#9224);
#7298=AXIS2_PLACEMENT_3D('',#11770,#9226,#9227);
#7299=AXIS2_PLACEMENT_3D('',#11771,#9228,#9229);
#7300=AXIS2_PLACEMENT_3D('',#11772,#9230,#9231);
#7301=AXIS2_PLACEMENT_3D('',#11776,#9233,#9234);
#7302=AXIS2_PLACEMENT_3D('',#11777,#9235,#9236);
#7303=AXIS2_PLACEMENT_3D('',#11778,#9237,#9238);
#7304=AXIS2_PLACEMENT_3D('',#11782,#9240,#9241);
#7305=AXIS2_PLACEMENT_3D('',#11783,#9242,#9243);
#7306=AXIS2_PLACEMENT_3D('',#11784,#9244,#9245);
#7307=AXIS2_PLACEMENT_3D('',#11788,#9247,#9248);
#7308=AXIS2_PLACEMENT_3D('',#11789,#9249,#9250);
#7309=AXIS2_PLACEMENT_3D('',#11790,#9251,#9252);
#7310=AXIS2_PLACEMENT_3D('',#11794,#9254,#9255);
#7311=AXIS2_PLACEMENT_3D('',#11795,#9256,#9257);
#7312=AXIS2_PLACEMENT_3D('',#11796,#9258,#9259);
#7313=AXIS2_PLACEMENT_3D('',#11800,#9261,#9262);
#7314=AXIS2_PLACEMENT_3D('',#11801,#9263,#9264);
#7315=AXIS2_PLACEMENT_3D('',#11802,#9265,#9266);
#7316=AXIS2_PLACEMENT_3D('',#11806,#9268,#9269);
#7317=AXIS2_PLACEMENT_3D('',#11807,#9270,#9271);
#7318=AXIS2_PLACEMENT_3D('',#11808,#9272,#9273);
#7319=AXIS2_PLACEMENT_3D('',#11812,#9275,#9276);
#7320=AXIS2_PLACEMENT_3D('',#11813,#9277,#9278);
#7321=AXIS2_PLACEMENT_3D('',#11814,#9279,#9280);
#7322=AXIS2_PLACEMENT_3D('',#11818,#9282,#9283);
#7323=AXIS2_PLACEMENT_3D('',#11819,#9284,#9285);
#7324=AXIS2_PLACEMENT_3D('',#11820,#9286,#9287);
#7325=AXIS2_PLACEMENT_3D('',#11824,#9289,#9290);
#7326=AXIS2_PLACEMENT_3D('',#11825,#9291,#9292);
#7327=AXIS2_PLACEMENT_3D('',#11826,#9293,#9294);
#7328=AXIS2_PLACEMENT_3D('',#11830,#9296,#9297);
#7329=AXIS2_PLACEMENT_3D('',#11831,#9298,#9299);
#7330=AXIS2_PLACEMENT_3D('',#11832,#9300,#9301);
#7331=AXIS2_PLACEMENT_3D('',#11836,#9303,#9304);
#7332=AXIS2_PLACEMENT_3D('',#11837,#9305,#9306);
#7333=AXIS2_PLACEMENT_3D('',#11838,#9307,#9308);
#7334=AXIS2_PLACEMENT_3D('',#11842,#9310,#9311);
#7335=AXIS2_PLACEMENT_3D('',#11843,#9312,#9313);
#7336=AXIS2_PLACEMENT_3D('',#11844,#9314,#9315);
#7337=AXIS2_PLACEMENT_3D('',#11848,#9317,#9318);
#7338=AXIS2_PLACEMENT_3D('',#11849,#9319,#9320);
#7339=AXIS2_PLACEMENT_3D('',#11850,#9321,#9322);
#7340=AXIS2_PLACEMENT_3D('',#11854,#9324,#9325);
#7341=AXIS2_PLACEMENT_3D('',#11855,#9326,#9327);
#7342=AXIS2_PLACEMENT_3D('',#11856,#9328,#9329);
#7343=AXIS2_PLACEMENT_3D('',#11860,#9331,#9332);
#7344=AXIS2_PLACEMENT_3D('',#11861,#9333,#9334);
#7345=AXIS2_PLACEMENT_3D('',#11862,#9335,#9336);
#7346=AXIS2_PLACEMENT_3D('',#11866,#9338,#9339);
#7347=AXIS2_PLACEMENT_3D('',#11867,#9340,#9341);
#7348=AXIS2_PLACEMENT_3D('',#11868,#9342,#9343);
#7349=AXIS2_PLACEMENT_3D('',#11872,#9345,#9346);
#7350=AXIS2_PLACEMENT_3D('',#11873,#9347,#9348);
#7351=AXIS2_PLACEMENT_3D('',#11874,#9349,#9350);
#7352=AXIS2_PLACEMENT_3D('',#11878,#9352,#9353);
#7353=AXIS2_PLACEMENT_3D('',#11879,#9354,#9355);
#7354=AXIS2_PLACEMENT_3D('',#11880,#9356,#9357);
#7355=AXIS2_PLACEMENT_3D('',#11884,#9359,#9360);
#7356=AXIS2_PLACEMENT_3D('',#11885,#9361,#9362);
#7357=AXIS2_PLACEMENT_3D('',#11886,#9363,#9364);
#7358=AXIS2_PLACEMENT_3D('',#11890,#9366,#9367);
#7359=AXIS2_PLACEMENT_3D('',#11891,#9368,#9369);
#7360=AXIS2_PLACEMENT_3D('',#11892,#9370,#9371);
#7361=AXIS2_PLACEMENT_3D('',#11896,#9373,#9374);
#7362=AXIS2_PLACEMENT_3D('',#11897,#9375,#9376);
#7363=AXIS2_PLACEMENT_3D('',#11898,#9377,#9378);
#7364=AXIS2_PLACEMENT_3D('',#11902,#9380,#9381);
#7365=AXIS2_PLACEMENT_3D('',#11903,#9382,#9383);
#7366=AXIS2_PLACEMENT_3D('',#11904,#9384,#9385);
#7367=AXIS2_PLACEMENT_3D('',#11908,#9387,#9388);
#7368=AXIS2_PLACEMENT_3D('',#11909,#9389,#9390);
#7369=AXIS2_PLACEMENT_3D('',#11910,#9391,#9392);
#7370=AXIS2_PLACEMENT_3D('',#11914,#9394,#9395);
#7371=AXIS2_PLACEMENT_3D('',#11915,#9396,#9397);
#7372=AXIS2_PLACEMENT_3D('',#11916,#9398,#9399);
#7373=AXIS2_PLACEMENT_3D('',#11921,#9401,#9402);
#7374=AXIS2_PLACEMENT_3D('',#11924,#9404,#9405);
#7375=AXIS2_PLACEMENT_3D('',#11925,#9406,#9407);
#7376=AXIS2_PLACEMENT_3D('',#11929,#9409,#9410);
#7377=AXIS2_PLACEMENT_3D('',#11930,#9411,#9412);
#7378=AXIS2_PLACEMENT_3D('',#11931,#9413,#9414);
#7379=AXIS2_PLACEMENT_3D('',#11935,#9416,#9417);
#7380=AXIS2_PLACEMENT_3D('',#11936,#9418,#9419);
#7381=AXIS2_PLACEMENT_3D('',#11937,#9420,#9421);
#7382=AXIS2_PLACEMENT_3D('',#11941,#9423,#9424);
#7383=AXIS2_PLACEMENT_3D('',#11942,#9425,#9426);
#7384=AXIS2_PLACEMENT_3D('',#11943,#9427,#9428);
#7385=AXIS2_PLACEMENT_3D('',#11947,#9430,#9431);
#7386=AXIS2_PLACEMENT_3D('',#11948,#9432,#9433);
#7387=AXIS2_PLACEMENT_3D('',#11949,#9434,#9435);
#7388=AXIS2_PLACEMENT_3D('',#11953,#9437,#9438);
#7389=AXIS2_PLACEMENT_3D('',#11954,#9439,#9440);
#7390=AXIS2_PLACEMENT_3D('',#11955,#9441,#9442);
#7391=AXIS2_PLACEMENT_3D('',#11959,#9444,#9445);
#7392=AXIS2_PLACEMENT_3D('',#11960,#9446,#9447);
#7393=AXIS2_PLACEMENT_3D('',#11961,#9448,#9449);
#7394=AXIS2_PLACEMENT_3D('',#11965,#9451,#9452);
#7395=AXIS2_PLACEMENT_3D('',#11966,#9453,#9454);
#7396=AXIS2_PLACEMENT_3D('',#11967,#9455,#9456);
#7397=AXIS2_PLACEMENT_3D('',#11971,#9458,#9459);
#7398=AXIS2_PLACEMENT_3D('',#11972,#9460,#9461);
#7399=AXIS2_PLACEMENT_3D('',#11973,#9462,#9463);
#7400=AXIS2_PLACEMENT_3D('',#11977,#9465,#9466);
#7401=AXIS2_PLACEMENT_3D('',#11978,#9467,#9468);
#7402=AXIS2_PLACEMENT_3D('',#11979,#9469,#9470);
#7403=AXIS2_PLACEMENT_3D('',#11983,#9472,#9473);
#7404=AXIS2_PLACEMENT_3D('',#11984,#9474,#9475);
#7405=AXIS2_PLACEMENT_3D('',#11985,#9476,#9477);
#7406=AXIS2_PLACEMENT_3D('',#11989,#9479,#9480);
#7407=AXIS2_PLACEMENT_3D('',#11990,#9481,#9482);
#7408=AXIS2_PLACEMENT_3D('',#11991,#9483,#9484);
#7409=AXIS2_PLACEMENT_3D('',#11995,#9486,#9487);
#7410=AXIS2_PLACEMENT_3D('',#11996,#9488,#9489);
#7411=AXIS2_PLACEMENT_3D('',#11997,#9490,#9491);
#7412=AXIS2_PLACEMENT_3D('',#12001,#9493,#9494);
#7413=AXIS2_PLACEMENT_3D('',#12002,#9495,#9496);
#7414=AXIS2_PLACEMENT_3D('',#12003,#9497,#9498);
#7415=AXIS2_PLACEMENT_3D('',#12007,#9500,#9501);
#7416=AXIS2_PLACEMENT_3D('',#12008,#9502,#9503);
#7417=AXIS2_PLACEMENT_3D('',#12009,#9504,#9505);
#7418=AXIS2_PLACEMENT_3D('',#12013,#9507,#9508);
#7419=AXIS2_PLACEMENT_3D('',#12014,#9509,#9510);
#7420=AXIS2_PLACEMENT_3D('',#12015,#9511,#9512);
#7421=AXIS2_PLACEMENT_3D('',#12019,#9514,#9515);
#7422=AXIS2_PLACEMENT_3D('',#12020,#9516,#9517);
#7423=AXIS2_PLACEMENT_3D('',#12021,#9518,#9519);
#7424=AXIS2_PLACEMENT_3D('',#12025,#9521,#9522);
#7425=AXIS2_PLACEMENT_3D('',#12026,#9523,#9524);
#7426=AXIS2_PLACEMENT_3D('',#12027,#9525,#9526);
#7427=AXIS2_PLACEMENT_3D('',#12031,#9528,#9529);
#7428=AXIS2_PLACEMENT_3D('',#12032,#9530,#9531);
#7429=AXIS2_PLACEMENT_3D('',#12033,#9532,#9533);
#7430=AXIS2_PLACEMENT_3D('',#12037,#9535,#9536);
#7431=AXIS2_PLACEMENT_3D('',#12038,#9537,#9538);
#7432=AXIS2_PLACEMENT_3D('',#12039,#9539,#9540);
#7433=AXIS2_PLACEMENT_3D('',#12043,#9542,#9543);
#7434=AXIS2_PLACEMENT_3D('',#12044,#9544,#9545);
#7435=AXIS2_PLACEMENT_3D('',#12045,#9546,#9547);
#7436=AXIS2_PLACEMENT_3D('',#12049,#9549,#9550);
#7437=AXIS2_PLACEMENT_3D('',#12050,#9551,#9552);
#7438=AXIS2_PLACEMENT_3D('',#12051,#9553,#9554);
#7439=AXIS2_PLACEMENT_3D('',#12055,#9556,#9557);
#7440=AXIS2_PLACEMENT_3D('',#12056,#9558,#9559);
#7441=AXIS2_PLACEMENT_3D('',#12057,#9560,#9561);
#7442=AXIS2_PLACEMENT_3D('',#12061,#9563,#9564);
#7443=AXIS2_PLACEMENT_3D('',#12062,#9565,#9566);
#7444=AXIS2_PLACEMENT_3D('',#12063,#9567,#9568);
#7445=AXIS2_PLACEMENT_3D('',#12067,#9570,#9571);
#7446=AXIS2_PLACEMENT_3D('',#12068,#9572,#9573);
#7447=AXIS2_PLACEMENT_3D('',#12069,#9574,#9575);
#7448=AXIS2_PLACEMENT_3D('',#12073,#9577,#9578);
#7449=AXIS2_PLACEMENT_3D('',#12074,#9579,#9580);
#7450=AXIS2_PLACEMENT_3D('',#12075,#9581,#9582);
#7451=AXIS2_PLACEMENT_3D('',#12079,#9584,#9585);
#7452=AXIS2_PLACEMENT_3D('',#12080,#9586,#9587);
#7453=AXIS2_PLACEMENT_3D('',#12081,#9588,#9589);
#7454=AXIS2_PLACEMENT_3D('',#12086,#9591,#9592);
#7455=AXIS2_PLACEMENT_3D('',#12089,#9594,#9595);
#7456=AXIS2_PLACEMENT_3D('',#12090,#9596,#9597);
#7457=AXIS2_PLACEMENT_3D('',#12094,#9599,#9600);
#7458=AXIS2_PLACEMENT_3D('',#12095,#9601,#9602);
#7459=AXIS2_PLACEMENT_3D('',#12096,#9603,#9604);
#7460=AXIS2_PLACEMENT_3D('',#12100,#9606,#9607);
#7461=AXIS2_PLACEMENT_3D('',#12101,#9608,#9609);
#7462=AXIS2_PLACEMENT_3D('',#12102,#9610,#9611);
#7463=AXIS2_PLACEMENT_3D('',#12106,#9613,#9614);
#7464=AXIS2_PLACEMENT_3D('',#12107,#9615,#9616);
#7465=AXIS2_PLACEMENT_3D('',#12108,#9617,#9618);
#7466=AXIS2_PLACEMENT_3D('',#12112,#9620,#9621);
#7467=AXIS2_PLACEMENT_3D('',#12113,#9622,#9623);
#7468=AXIS2_PLACEMENT_3D('',#12114,#9624,#9625);
#7469=AXIS2_PLACEMENT_3D('',#12118,#9627,#9628);
#7470=AXIS2_PLACEMENT_3D('',#12119,#9629,#9630);
#7471=AXIS2_PLACEMENT_3D('',#12120,#9631,#9632);
#7472=AXIS2_PLACEMENT_3D('',#12124,#9634,#9635);
#7473=AXIS2_PLACEMENT_3D('',#12125,#9636,#9637);
#7474=AXIS2_PLACEMENT_3D('',#12126,#9638,#9639);
#7475=AXIS2_PLACEMENT_3D('',#12130,#9641,#9642);
#7476=AXIS2_PLACEMENT_3D('',#12131,#9643,#9644);
#7477=AXIS2_PLACEMENT_3D('',#12132,#9645,#9646);
#7478=AXIS2_PLACEMENT_3D('',#12136,#9648,#9649);
#7479=AXIS2_PLACEMENT_3D('',#12137,#9650,#9651);
#7480=AXIS2_PLACEMENT_3D('',#12138,#9652,#9653);
#7481=AXIS2_PLACEMENT_3D('',#12142,#9655,#9656);
#7482=AXIS2_PLACEMENT_3D('',#12143,#9657,#9658);
#7483=AXIS2_PLACEMENT_3D('',#12144,#9659,#9660);
#7484=AXIS2_PLACEMENT_3D('',#12148,#9662,#9663);
#7485=AXIS2_PLACEMENT_3D('',#12149,#9664,#9665);
#7486=AXIS2_PLACEMENT_3D('',#12150,#9666,#9667);
#7487=AXIS2_PLACEMENT_3D('',#12154,#9669,#9670);
#7488=AXIS2_PLACEMENT_3D('',#12155,#9671,#9672);
#7489=AXIS2_PLACEMENT_3D('',#12156,#9673,#9674);
#7490=AXIS2_PLACEMENT_3D('',#12160,#9676,#9677);
#7491=AXIS2_PLACEMENT_3D('',#12161,#9678,#9679);
#7492=AXIS2_PLACEMENT_3D('',#12162,#9680,#9681);
#7493=AXIS2_PLACEMENT_3D('',#12166,#9683,#9684);
#7494=AXIS2_PLACEMENT_3D('',#12167,#9685,#9686);
#7495=AXIS2_PLACEMENT_3D('',#12168,#9687,#9688);
#7496=AXIS2_PLACEMENT_3D('',#12172,#9690,#9691);
#7497=AXIS2_PLACEMENT_3D('',#12173,#9692,#9693);
#7498=AXIS2_PLACEMENT_3D('',#12174,#9694,#9695);
#7499=AXIS2_PLACEMENT_3D('',#12178,#9697,#9698);
#7500=AXIS2_PLACEMENT_3D('',#12179,#9699,#9700);
#7501=AXIS2_PLACEMENT_3D('',#12180,#9701,#9702);
#7502=AXIS2_PLACEMENT_3D('',#12184,#9704,#9705);
#7503=AXIS2_PLACEMENT_3D('',#12185,#9706,#9707);
#7504=AXIS2_PLACEMENT_3D('',#12186,#9708,#9709);
#7505=AXIS2_PLACEMENT_3D('',#12190,#9711,#9712);
#7506=AXIS2_PLACEMENT_3D('',#12191,#9713,#9714);
#7507=AXIS2_PLACEMENT_3D('',#12192,#9715,#9716);
#7508=AXIS2_PLACEMENT_3D('',#12196,#9718,#9719);
#7509=AXIS2_PLACEMENT_3D('',#12197,#9720,#9721);
#7510=AXIS2_PLACEMENT_3D('',#12198,#9722,#9723);
#7511=AXIS2_PLACEMENT_3D('',#12202,#9725,#9726);
#7512=AXIS2_PLACEMENT_3D('',#12203,#9727,#9728);
#7513=AXIS2_PLACEMENT_3D('',#12204,#9729,#9730);
#7514=AXIS2_PLACEMENT_3D('',#12208,#9732,#9733);
#7515=AXIS2_PLACEMENT_3D('',#12209,#9734,#9735);
#7516=AXIS2_PLACEMENT_3D('',#12210,#9736,#9737);
#7517=AXIS2_PLACEMENT_3D('',#12214,#9739,#9740);
#7518=AXIS2_PLACEMENT_3D('',#12215,#9741,#9742);
#7519=AXIS2_PLACEMENT_3D('',#12216,#9743,#9744);
#7520=AXIS2_PLACEMENT_3D('',#12220,#9746,#9747);
#7521=AXIS2_PLACEMENT_3D('',#12221,#9748,#9749);
#7522=AXIS2_PLACEMENT_3D('',#12222,#9750,#9751);
#7523=AXIS2_PLACEMENT_3D('',#12226,#9753,#9754);
#7524=AXIS2_PLACEMENT_3D('',#12227,#9755,#9756);
#7525=AXIS2_PLACEMENT_3D('',#12228,#9757,#9758);
#7526=AXIS2_PLACEMENT_3D('',#12232,#9760,#9761);
#7527=AXIS2_PLACEMENT_3D('',#12233,#9762,#9763);
#7528=AXIS2_PLACEMENT_3D('',#12234,#9764,#9765);
#7529=AXIS2_PLACEMENT_3D('',#12238,#9767,#9768);
#7530=AXIS2_PLACEMENT_3D('',#12239,#9769,#9770);
#7531=AXIS2_PLACEMENT_3D('',#12240,#9771,#9772);
#7532=AXIS2_PLACEMENT_3D('',#12244,#9774,#9775);
#7533=AXIS2_PLACEMENT_3D('',#12245,#9776,#9777);
#7534=AXIS2_PLACEMENT_3D('',#12246,#9778,#9779);
#7535=AXIS2_PLACEMENT_3D('',#12250,#9781,#9782);
#7536=AXIS2_PLACEMENT_3D('',#12251,#9783,#9784);
#7537=AXIS2_PLACEMENT_3D('',#12252,#9785,#9786);
#7538=AXIS2_PLACEMENT_3D('',#12256,#9788,#9789);
#7539=AXIS2_PLACEMENT_3D('',#12257,#9790,#9791);
#7540=AXIS2_PLACEMENT_3D('',#12258,#9792,#9793);
#7541=AXIS2_PLACEMENT_3D('',#12262,#9795,#9796);
#7542=AXIS2_PLACEMENT_3D('',#12263,#9797,#9798);
#7543=AXIS2_PLACEMENT_3D('',#12264,#9799,#9800);
#7544=AXIS2_PLACEMENT_3D('',#12268,#9802,#9803);
#7545=AXIS2_PLACEMENT_3D('',#12269,#9804,#9805);
#7546=AXIS2_PLACEMENT_3D('',#12270,#9806,#9807);
#7547=AXIS2_PLACEMENT_3D('',#12274,#9809,#9810);
#7548=AXIS2_PLACEMENT_3D('',#12275,#9811,#9812);
#7549=AXIS2_PLACEMENT_3D('',#12276,#9813,#9814);
#7550=AXIS2_PLACEMENT_3D('',#12280,#9816,#9817);
#7551=AXIS2_PLACEMENT_3D('',#12281,#9818,#9819);
#7552=AXIS2_PLACEMENT_3D('',#12282,#9820,#9821);
#7553=AXIS2_PLACEMENT_3D('',#12286,#9823,#9824);
#7554=AXIS2_PLACEMENT_3D('',#12287,#9825,#9826);
#7555=AXIS2_PLACEMENT_3D('',#12293,#9830,#9831);
#7556=AXIS2_PLACEMENT_3D('',#12299,#9835,#9836);
#7557=AXIS2_PLACEMENT_3D('',#12300,#9837,#9838);
#7558=AXIS2_PLACEMENT_3D('',#12304,#9840,#9841);
#7559=AXIS2_PLACEMENT_3D('',#12305,#9842,#9843);
#7560=AXIS2_PLACEMENT_3D('',#12306,#9844,#9845);
#7561=AXIS2_PLACEMENT_3D('',#12310,#9847,#9848);
#7562=AXIS2_PLACEMENT_3D('',#12311,#9849,#9850);
#7563=AXIS2_PLACEMENT_3D('',#12312,#9851,#9852);
#7564=AXIS2_PLACEMENT_3D('',#12316,#9854,#9855);
#7565=AXIS2_PLACEMENT_3D('',#12317,#9856,#9857);
#7566=AXIS2_PLACEMENT_3D('',#12318,#9858,#9859);
#7567=AXIS2_PLACEMENT_3D('',#12322,#9861,#9862);
#7568=AXIS2_PLACEMENT_3D('',#12323,#9863,#9864);
#7569=AXIS2_PLACEMENT_3D('',#12324,#9865,#9866);
#7570=AXIS2_PLACEMENT_3D('',#12328,#9868,#9869);
#7571=AXIS2_PLACEMENT_3D('',#12329,#9870,#9871);
#7572=AXIS2_PLACEMENT_3D('',#12330,#9872,#9873);
#7573=AXIS2_PLACEMENT_3D('',#12334,#9875,#9876);
#7574=AXIS2_PLACEMENT_3D('',#12335,#9877,#9878);
#7575=AXIS2_PLACEMENT_3D('',#12336,#9879,#9880);
#7576=AXIS2_PLACEMENT_3D('',#12340,#9882,#9883);
#7577=AXIS2_PLACEMENT_3D('',#12341,#9884,#9885);
#7578=AXIS2_PLACEMENT_3D('',#12342,#9886,#9887);
#7579=AXIS2_PLACEMENT_3D('',#12346,#9889,#9890);
#7580=AXIS2_PLACEMENT_3D('',#12347,#9891,#9892);
#7581=AXIS2_PLACEMENT_3D('',#12348,#9893,#9894);
#7582=AXIS2_PLACEMENT_3D('',#12352,#9896,#9897);
#7583=AXIS2_PLACEMENT_3D('',#12353,#9898,#9899);
#7584=AXIS2_PLACEMENT_3D('',#12354,#9900,#9901);
#7585=AXIS2_PLACEMENT_3D('',#12358,#9903,#9904);
#7586=AXIS2_PLACEMENT_3D('',#12359,#9905,#9906);
#7587=AXIS2_PLACEMENT_3D('',#12360,#9907,#9908);
#7588=AXIS2_PLACEMENT_3D('',#12364,#9910,#9911);
#7589=AXIS2_PLACEMENT_3D('',#12365,#9912,#9913);
#7590=AXIS2_PLACEMENT_3D('',#12366,#9914,#9915);
#7591=AXIS2_PLACEMENT_3D('',#12370,#9917,#9918);
#7592=AXIS2_PLACEMENT_3D('',#12371,#9919,#9920);
#7593=AXIS2_PLACEMENT_3D('',#12372,#9921,#9922);
#7594=AXIS2_PLACEMENT_3D('',#12376,#9924,#9925);
#7595=AXIS2_PLACEMENT_3D('',#12377,#9926,#9927);
#7596=AXIS2_PLACEMENT_3D('',#12378,#9928,#9929);
#7597=AXIS2_PLACEMENT_3D('',#12382,#9931,#9932);
#7598=AXIS2_PLACEMENT_3D('',#12383,#9933,#9934);
#7599=AXIS2_PLACEMENT_3D('',#12384,#9935,#9936);
#7600=AXIS2_PLACEMENT_3D('',#12388,#9938,#9939);
#7601=AXIS2_PLACEMENT_3D('',#12389,#9940,#9941);
#7602=AXIS2_PLACEMENT_3D('',#12390,#9942,#9943);
#7603=AXIS2_PLACEMENT_3D('',#12394,#9945,#9946);
#7604=AXIS2_PLACEMENT_3D('',#12395,#9947,#9948);
#7605=AXIS2_PLACEMENT_3D('',#12396,#9949,#9950);
#7606=AXIS2_PLACEMENT_3D('',#12400,#9952,#9953);
#7607=AXIS2_PLACEMENT_3D('',#12401,#9954,#9955);
#7608=AXIS2_PLACEMENT_3D('',#12402,#9956,#9957);
#7609=AXIS2_PLACEMENT_3D('',#12406,#9959,#9960);
#7610=AXIS2_PLACEMENT_3D('',#12407,#9961,#9962);
#7611=AXIS2_PLACEMENT_3D('',#12408,#9963,#9964);
#7612=AXIS2_PLACEMENT_3D('',#12412,#9966,#9967);
#7613=AXIS2_PLACEMENT_3D('',#12413,#9968,#9969);
#7614=AXIS2_PLACEMENT_3D('',#12414,#9970,#9971);
#7615=AXIS2_PLACEMENT_3D('',#12415,#9972,#9973);
#7616=AXIS2_PLACEMENT_3D('',#12416,#9974,#9975);
#7617=AXIS2_PLACEMENT_3D('',#12417,#9976,#9977);
#7618=AXIS2_PLACEMENT_3D('',#12418,#9978,#9979);
#7619=AXIS2_PLACEMENT_3D('',#12419,#9980,#9981);
#7620=AXIS2_PLACEMENT_3D('',#12420,#9982,#9983);
#7621=AXIS2_PLACEMENT_3D('',#12421,#9984,#9985);
#7622=AXIS2_PLACEMENT_3D('',#12422,#9986,#9987);
#7623=AXIS2_PLACEMENT_3D('',#12423,#9988,#9989);
#7624=AXIS2_PLACEMENT_3D('',#12424,#9990,#9991);
#7625=AXIS2_PLACEMENT_3D('',#12425,#9992,#9993);
#7626=AXIS2_PLACEMENT_3D('',#12426,#9994,#9995);
#7627=AXIS2_PLACEMENT_3D('',#12427,#9996,#9997);
#7628=AXIS2_PLACEMENT_3D('',#12428,#9998,#9999);
#7629=AXIS2_PLACEMENT_3D('',#12429,#10000,#10001);
#7630=AXIS2_PLACEMENT_3D('',#12430,#10002,#10003);
#7631=AXIS2_PLACEMENT_3D('',#12431,#10004,#10005);
#7632=AXIS2_PLACEMENT_3D('',#12432,#10006,#10007);
#7633=AXIS2_PLACEMENT_3D('',#12433,#10008,#10009);
#7634=AXIS2_PLACEMENT_3D('',#12434,#10010,#10011);
#7635=AXIS2_PLACEMENT_3D('',#12435,#10012,#10013);
#7636=AXIS2_PLACEMENT_3D('',#12436,#10014,#10015);
#7637=AXIS2_PLACEMENT_3D('',#12529,#10016,#10017);
#7638=AXIS2_PLACEMENT_3D('',#12530,#10018,#10019);
#7639=DIRECTION('',(0.,0.,1.));
#7640=DIRECTION('',(1.,0.,0.));
#7641=DIRECTION('',(-5.56131819963552E-33,1.22464679914735E-16,1.));
#7642=DIRECTION('',(-5.56131819963552E-33,1.22464679914735E-16,1.));
#7643=DIRECTION('',(-5.56131819963552E-33,1.22464679914735E-16,1.));
#7644=DIRECTION('',(-5.56131819963552E-33,1.22464679914735E-16,1.));
#7645=DIRECTION('',(-5.56131819963552E-33,1.22464679914735E-16,1.));
#7646=DIRECTION('',(-5.56131819963552E-33,1.22464679914735E-16,1.));
#7647=DIRECTION('',(-5.56131819963552E-33,1.22464679914735E-16,1.));
#7648=DIRECTION('',(-1.,-9.08232186375291E-17,5.56131819963552E-33));
#7649=DIRECTION('',(5.56131819963552E-33,-1.22464679914735E-16,-1.));
#7650=DIRECTION('',(1.,9.08232186375291E-17,-5.56131819963552E-33));
#7651=DIRECTION('',(-5.56131819963552E-33,1.22464679914735E-16,1.));
#7652=DIRECTION('',(5.56131819963552E-33,-1.22464679914735E-16,-1.));
#7653=DIRECTION('',(1.,9.08232186375291E-17,-5.56131819963552E-33));
#7654=DIRECTION('',(-5.56131819963552E-33,1.22464679914735E-16,1.));
#7655=DIRECTION('',(-5.56131819963552E-33,1.22464679914735E-16,1.));
#7656=DIRECTION('',(-1.,-9.08232186375291E-17,5.56131819963552E-33));
#7657=DIRECTION('',(5.56131819963552E-33,-1.22464679914735E-16,-1.));
#7658=DIRECTION('',(1.,9.08232186375291E-17,-5.56131819963552E-33));
#7659=DIRECTION('',(-5.56131819963552E-33,1.22464679914735E-16,1.));
#7660=DIRECTION('',(5.56131819963552E-33,-1.22464679914735E-16,-1.));
#7661=DIRECTION('',(1.,9.08232186375291E-17,-5.56131819963552E-33));
#7662=DIRECTION('',(-5.56131819963552E-33,1.22464679914735E-16,1.));
#7663=DIRECTION('',(-1.,-9.08232186375291E-17,5.56131819963552E-33));
#7664=DIRECTION('',(5.56131819963552E-33,-1.22464679914735E-16,-1.));
#7665=DIRECTION('',(1.,9.08232186375291E-17,-5.56131819963552E-33));
#7666=DIRECTION('',(-5.56131819963552E-33,1.22464679914735E-16,1.));
#7667=DIRECTION('',(5.56131819963552E-33,-1.22464679914735E-16,-1.));
#7668=DIRECTION('',(1.,9.08232186375291E-17,-5.56131819963552E-33));
#7669=DIRECTION('',(-5.56131819963552E-33,1.22464679914735E-16,1.));
#7670=DIRECTION('',(-1.,-9.08232186375291E-17,5.56131819963552E-33));
#7671=DIRECTION('',(5.56131819963552E-33,-1.22464679914735E-16,-1.));
#7672=DIRECTION('',(1.,9.08232186375291E-17,-5.56131819963552E-33));
#7673=DIRECTION('',(-5.56131819963552E-33,1.22464679914735E-16,1.));
#7674=DIRECTION('',(5.56131819963552E-33,-1.22464679914735E-16,-1.));
#7675=DIRECTION('',(1.,9.08232186375291E-17,-5.56131819963552E-33));
#7676=DIRECTION('',(-5.56131819963552E-33,1.22464679914735E-16,1.));
#7677=DIRECTION('',(-1.,-9.08232186375291E-17,5.56131819963552E-33));
#7678=DIRECTION('',(5.56131819963552E-33,-1.22464679914735E-16,-1.));
#7679=DIRECTION('',(1.,9.08232186375291E-17,-5.56131819963552E-33));
#7680=DIRECTION('',(-5.56131819963552E-33,1.22464679914735E-16,1.));
#7681=DIRECTION('',(5.56131819963552E-33,-1.22464679914735E-16,-1.));
#7682=DIRECTION('',(1.,9.08232186375291E-17,-5.56131819963552E-33));
#7683=DIRECTION('',(-5.56131819963552E-33,1.22464679914735E-16,1.));
#7684=DIRECTION('',(-1.,-9.08232186375291E-17,5.56131819963552E-33));
#7685=DIRECTION('',(5.56131819963552E-33,-1.22464679914735E-16,-1.));
#7686=DIRECTION('',(1.,9.08232186375291E-17,-5.56131819963552E-33));
#7687=DIRECTION('',(-5.56131819963552E-33,1.22464679914735E-16,1.));
#7688=DIRECTION('',(5.56131819963552E-33,-1.22464679914735E-16,-1.));
#7689=DIRECTION('',(1.,9.08232186375291E-17,-5.56131819963552E-33));
#7690=DIRECTION('',(-5.56131819963552E-33,1.22464679914735E-16,1.));
#7691=DIRECTION('',(-1.,-9.08232186375291E-17,5.56131819963552E-33));
#7692=DIRECTION('',(5.56131819963552E-33,-1.22464679914735E-16,-1.));
#7693=DIRECTION('',(1.,9.08232186375291E-17,-5.56131819963552E-33));
#7694=DIRECTION('',(-5.56131819963552E-33,1.22464679914735E-16,1.));
#7695=DIRECTION('',(5.56131819963552E-33,-1.22464679914735E-16,-1.));
#7696=DIRECTION('',(1.,9.08232186375291E-17,-5.56131819963552E-33));
#7697=DIRECTION('',(-5.56131819963552E-33,1.22464679914735E-16,1.));
#7698=DIRECTION('',(-1.,-9.08232186375291E-17,5.56131819963552E-33));
#7699=DIRECTION('',(5.56131819963552E-33,-1.22464679914735E-16,-1.));
#7700=DIRECTION('',(1.,9.08232186375291E-17,-5.56131819963552E-33));
#7701=DIRECTION('',(-5.56131819963552E-33,1.22464679914735E-16,1.));
#7702=DIRECTION('',(5.56131819963552E-33,-1.22464679914735E-16,-1.));
#7703=DIRECTION('',(1.,9.08232186375291E-17,-5.56131819963552E-33));
#7704=DIRECTION('',(-5.56131819963552E-33,1.22464679914735E-16,1.));
#7705=DIRECTION('',(-1.,-9.08232186375291E-17,5.56131819963552E-33));
#7706=DIRECTION('',(5.56131819963552E-33,-1.22464679914735E-16,-1.));
#7707=DIRECTION('',(1.,9.08232186375291E-17,-5.56131819963552E-33));
#7708=DIRECTION('',(-5.56131819963552E-33,1.22464679914735E-16,1.));
#7709=DIRECTION('',(5.56131819963552E-33,-1.22464679914735E-16,-1.));
#7710=DIRECTION('',(1.,9.08232186375291E-17,-5.56131819963552E-33));
#7711=DIRECTION('',(-5.56131819963552E-33,1.22464679914735E-16,1.));
#7712=DIRECTION('',(-1.,-9.08232186375291E-17,5.56131819963552E-33));
#7713=DIRECTION('',(5.56131819963552E-33,-1.22464679914735E-16,-1.));
#7714=DIRECTION('',(1.,9.08232186375291E-17,-5.56131819963552E-33));
#7715=DIRECTION('',(-5.56131819963552E-33,1.22464679914735E-16,1.));
#7716=DIRECTION('',(5.56131819963552E-33,-1.22464679914735E-16,-1.));
#7717=DIRECTION('',(1.,9.08232186375291E-17,-5.56131819963552E-33));
#7718=DIRECTION('',(-5.56131819963552E-33,1.22464679914735E-16,1.));
#7719=DIRECTION('',(-1.,-9.08232186375291E-17,5.56131819963552E-33));
#7720=DIRECTION('',(-5.56131819963552E-33,1.22464679914735E-16,1.));
#7721=DIRECTION('',(1.,9.08232186375291E-17,-5.56131819963552E-33));
#7722=DIRECTION('',(-5.56131819963552E-33,1.22464679914735E-16,1.));
#7723=DIRECTION('',(-5.56131819963552E-33,1.22464679914735E-16,1.));
#7724=DIRECTION('',(1.,9.08232186375291E-17,-5.56131819963552E-33));
#7725=DIRECTION('',(-5.56131819963552E-33,1.22464679914735E-16,1.));
#7726=DIRECTION('',(-1.,-9.08232186375291E-17,5.56131819963552E-33));
#7727=DIRECTION('',(-5.56131819963552E-33,1.22464679914735E-16,1.));
#7728=DIRECTION('',(1.,9.08232186375291E-17,-5.56131819963552E-33));
#7729=DIRECTION('',(-5.56131819963552E-33,1.22464679914735E-16,1.));
#7730=DIRECTION('',(-5.56131819963552E-33,1.22464679914735E-16,1.));
#7731=DIRECTION('',(1.,9.08232186375291E-17,-5.56131819963552E-33));
#7732=DIRECTION('',(-5.56131819963552E-33,1.22464679914735E-16,1.));
#7733=DIRECTION('',(-1.,-9.08232186375291E-17,5.56131819963552E-33));
#7734=DIRECTION('',(-5.56131819963552E-33,1.22464679914735E-16,1.));
#7735=DIRECTION('',(1.,9.08232186375291E-17,-5.56131819963552E-33));
#7736=DIRECTION('',(-5.56131819963552E-33,1.22464679914735E-16,1.));
#7737=DIRECTION('',(-5.56131819963552E-33,1.22464679914735E-16,1.));
#7738=DIRECTION('',(1.,9.08232186375291E-17,-5.56131819963552E-33));
#7739=DIRECTION('',(-5.56131819963552E-33,1.22464679914735E-16,1.));
#7740=DIRECTION('',(-1.,-9.08232186375291E-17,5.56131819963552E-33));
#7741=DIRECTION('',(-5.56131819963552E-33,1.22464679914735E-16,1.));
#7742=DIRECTION('',(1.,9.08232186375291E-17,-5.56131819963552E-33));
#7743=DIRECTION('',(-5.56131819963552E-33,1.22464679914735E-16,1.));
#7744=DIRECTION('',(-5.56131819963552E-33,1.22464679914735E-16,1.));
#7745=DIRECTION('',(1.,9.08232186375291E-17,-5.56131819963552E-33));
#7746=DIRECTION('',(-5.56131819963552E-33,1.22464679914735E-16,1.));
#7747=DIRECTION('',(-1.,-9.08232186375291E-17,5.56131819963552E-33));
#7748=DIRECTION('',(-5.56131819963552E-33,1.22464679914735E-16,1.));
#7749=DIRECTION('',(1.,9.08232186375291E-17,-5.56131819963552E-33));
#7750=DIRECTION('',(-5.56131819963552E-33,1.22464679914735E-16,1.));
#7751=DIRECTION('',(-5.56131819963552E-33,1.22464679914735E-16,1.));
#7752=DIRECTION('',(1.,9.08232186375291E-17,-5.56131819963552E-33));
#7753=DIRECTION('',(-5.56131819963552E-33,1.22464679914735E-16,1.));
#7754=DIRECTION('',(-1.,-9.08232186375291E-17,5.56131819963552E-33));
#7755=DIRECTION('',(-5.56131819963552E-33,1.22464679914735E-16,1.));
#7756=DIRECTION('',(1.,9.08232186375291E-17,-5.56131819963552E-33));
#7757=DIRECTION('',(-5.56131819963552E-33,1.22464679914735E-16,1.));
#7758=DIRECTION('',(-5.56131819963552E-33,1.22464679914735E-16,1.));
#7759=DIRECTION('',(1.,9.08232186375291E-17,-5.56131819963552E-33));
#7760=DIRECTION('',(-5.56131819963552E-33,1.22464679914735E-16,1.));
#7761=DIRECTION('',(-1.,-9.08232186375291E-17,5.56131819963552E-33));
#7762=DIRECTION('',(-5.56131819963552E-33,1.22464679914735E-16,1.));
#7763=DIRECTION('',(1.,9.08232186375291E-17,-5.56131819963552E-33));
#7764=DIRECTION('',(-5.56131819963552E-33,1.22464679914735E-16,1.));
#7765=DIRECTION('',(-5.56131819963552E-33,1.22464679914735E-16,1.));
#7766=DIRECTION('',(1.,9.08232186375291E-17,-5.56131819963552E-33));
#7767=DIRECTION('',(-5.56131819963552E-33,1.22464679914735E-16,1.));
#7768=DIRECTION('',(-1.,-9.08232186375291E-17,5.56131819963552E-33));
#7769=DIRECTION('',(-5.56131819963552E-33,1.22464679914735E-16,1.));
#7770=DIRECTION('',(1.,9.08232186375291E-17,-5.56131819963552E-33));
#7771=DIRECTION('',(-5.56131819963552E-33,1.22464679914735E-16,1.));
#7772=DIRECTION('',(-5.56131819963552E-33,1.22464679914735E-16,1.));
#7773=DIRECTION('',(1.,9.08232186375291E-17,-5.56131819963552E-33));
#7774=DIRECTION('',(-5.56131819963552E-33,1.22464679914735E-16,1.));
#7775=DIRECTION('',(-1.,-9.08232186375291E-17,5.56131819963552E-33));
#7776=DIRECTION('',(5.56131819963552E-33,-1.22464679914735E-16,-1.));
#7777=DIRECTION('',(1.,9.08232186375291E-17,-5.56131819963552E-33));
#7778=DIRECTION('',(-5.56131819963552E-33,1.22464679914735E-16,1.));
#7779=DIRECTION('',(5.56131819963552E-33,-1.22464679914735E-16,-1.));
#7780=DIRECTION('',(1.,9.08232186375291E-17,-5.56131819963552E-33));
#7781=DIRECTION('',(-5.56131819963552E-33,1.22464679914735E-16,1.));
#7782=DIRECTION('',(-1.,-9.08232186375291E-17,5.56131819963552E-33));
#7783=DIRECTION('',(5.56131819963552E-33,-1.22464679914735E-16,-1.));
#7784=DIRECTION('',(1.,9.08232186375291E-17,-5.56131819963552E-33));
#7785=DIRECTION('',(-5.56131819963552E-33,1.22464679914735E-16,1.));
#7786=DIRECTION('',(5.56131819963552E-33,-1.22464679914735E-16,-1.));
#7787=DIRECTION('',(1.,9.08232186375291E-17,-5.56131819963552E-33));
#7788=DIRECTION('',(-5.56131819963552E-33,1.22464679914735E-16,1.));
#7789=DIRECTION('',(-1.,-9.08232186375291E-17,5.56131819963552E-33));
#7790=DIRECTION('',(5.56131819963552E-33,-1.22464679914735E-16,-1.));
#7791=DIRECTION('',(1.,9.08232186375291E-17,-5.56131819963552E-33));
#7792=DIRECTION('',(-5.56131819963552E-33,1.22464679914735E-16,1.));
#7793=DIRECTION('',(5.56131819963552E-33,-1.22464679914735E-16,-1.));
#7794=DIRECTION('',(1.,9.08232186375291E-17,-5.56131819963552E-33));
#7795=DIRECTION('',(-5.56131819963552E-33,1.22464679914735E-16,1.));
#7796=DIRECTION('',(-1.,-9.08232186375291E-17,5.56131819963552E-33));
#7797=DIRECTION('',(5.56131819963552E-33,-1.22464679914735E-16,-1.));
#7798=DIRECTION('',(1.,9.08232186375291E-17,-5.56131819963552E-33));
#7799=DIRECTION('',(-5.56131819963552E-33,1.22464679914735E-16,1.));
#7800=DIRECTION('',(5.56131819963552E-33,-1.22464679914735E-16,-1.));
#7801=DIRECTION('',(1.,9.08232186375291E-17,-5.56131819963552E-33));
#7802=DIRECTION('',(-5.56131819963552E-33,1.22464679914735E-16,1.));
#7803=DIRECTION('',(-1.,-9.08232186375291E-17,5.56131819963552E-33));
#7804=DIRECTION('',(5.56131819963552E-33,-1.22464679914735E-16,-1.));
#7805=DIRECTION('',(1.,9.08232186375291E-17,-5.56131819963552E-33));
#7806=DIRECTION('',(-5.56131819963552E-33,1.22464679914735E-16,1.));
#7807=DIRECTION('',(5.56131819963552E-33,-1.22464679914735E-16,-1.));
#7808=DIRECTION('',(1.,9.08232186375291E-17,-5.56131819963552E-33));
#7809=DIRECTION('',(-5.56131819963552E-33,1.22464679914735E-16,1.));
#7810=DIRECTION('',(-1.,-9.08232186375291E-17,5.56131819963552E-33));
#7811=DIRECTION('',(5.56131819963552E-33,-1.22464679914735E-16,-1.));
#7812=DIRECTION('',(1.,9.08232186375291E-17,-5.56131819963552E-33));
#7813=DIRECTION('',(-5.56131819963552E-33,1.22464679914735E-16,1.));
#7814=DIRECTION('',(5.56131819963552E-33,-1.22464679914735E-16,-1.));
#7815=DIRECTION('',(1.,9.08232186375291E-17,-5.56131819963552E-33));
#7816=DIRECTION('',(-5.56131819963552E-33,1.22464679914735E-16,1.));
#7817=DIRECTION('',(-1.,-9.08232186375291E-17,5.56131819963552E-33));
#7818=DIRECTION('',(5.56131819963552E-33,-1.22464679914735E-16,-1.));
#7819=DIRECTION('',(1.,9.08232186375291E-17,-5.56131819963552E-33));
#7820=DIRECTION('',(-5.56131819963552E-33,1.22464679914735E-16,1.));
#7821=DIRECTION('',(5.56131819963552E-33,-1.22464679914735E-16,-1.));
#7822=DIRECTION('',(1.,9.08232186375291E-17,-5.56131819963552E-33));
#7823=DIRECTION('',(-5.56131819963552E-33,1.22464679914735E-16,1.));
#7824=DIRECTION('',(-1.,-9.08232186375291E-17,5.56131819963552E-33));
#7825=DIRECTION('',(5.56131819963552E-33,-1.22464679914735E-16,-1.));
#7826=DIRECTION('',(1.,9.08232186375291E-17,-5.56131819963552E-33));
#7827=DIRECTION('',(-5.56131819963552E-33,1.22464679914735E-16,1.));
#7828=DIRECTION('',(5.56131819963552E-33,-1.22464679914735E-16,-1.));
#7829=DIRECTION('',(1.,9.08232186375291E-17,-5.56131819963552E-33));
#7830=DIRECTION('',(-5.56131819963552E-33,1.22464679914735E-16,1.));
#7831=DIRECTION('',(-1.,-9.08232186375291E-17,5.56131819963552E-33));
#7832=DIRECTION('',(5.56131819963552E-33,-1.22464679914735E-16,-1.));
#7833=DIRECTION('',(1.,9.08232186375291E-17,-5.56131819963552E-33));
#7834=DIRECTION('',(-5.56131819963552E-33,1.22464679914735E-16,1.));
#7835=DIRECTION('',(5.56131819963552E-33,-1.22464679914735E-16,-1.));
#7836=DIRECTION('',(1.,9.08232186375291E-17,-5.56131819963552E-33));
#7837=DIRECTION('',(-5.56131819963552E-33,1.22464679914735E-16,1.));
#7838=DIRECTION('',(-1.,-9.08232186375291E-17,5.56131819963552E-33));
#7839=DIRECTION('',(5.56131819963552E-33,-1.22464679914735E-16,-1.));
#7840=DIRECTION('',(1.,9.08232186375291E-17,-5.56131819963552E-33));
#7841=DIRECTION('',(-5.56131819963552E-33,1.22464679914735E-16,1.));
#7842=DIRECTION('',(5.56131819963552E-33,-1.22464679914735E-16,-1.));
#7843=DIRECTION('',(1.,9.08232186375291E-17,-5.56131819963552E-33));
#7844=DIRECTION('',(-5.56131819963552E-33,1.22464679914735E-16,1.));
#7845=DIRECTION('',(-1.,-9.08232186375291E-17,5.56131819963552E-33));
#7846=DIRECTION('',(5.56131819963552E-33,-1.22464679914735E-16,-1.));
#7847=DIRECTION('',(1.,9.08232186375291E-17,-5.56131819963552E-33));
#7848=DIRECTION('',(-5.56131819963552E-33,1.22464679914735E-16,1.));
#7849=DIRECTION('',(5.56131819963552E-33,-1.22464679914735E-16,-1.));
#7850=DIRECTION('',(1.,9.08232186375291E-17,-5.56131819963552E-33));
#7851=DIRECTION('',(-5.56131819963552E-33,1.22464679914735E-16,1.));
#7852=DIRECTION('',(-1.,-9.08232186375291E-17,5.56131819963552E-33));
#7853=DIRECTION('',(5.56131819963552E-33,-1.22464679914735E-16,-1.));
#7854=DIRECTION('',(1.,9.08232186375291E-17,-5.56131819963552E-33));
#7855=DIRECTION('',(-5.56131819963552E-33,1.22464679914735E-16,1.));
#7856=DIRECTION('',(5.56131819963552E-33,-1.22464679914735E-16,-1.));
#7857=DIRECTION('',(1.,9.08232186375291E-17,-5.56131819963552E-33));
#7858=DIRECTION('',(-5.56131819963552E-33,1.22464679914735E-16,1.));
#7859=DIRECTION('',(-1.,-9.08232186375291E-17,5.56131819963552E-33));
#7860=DIRECTION('',(5.56131819963552E-33,-1.22464679914735E-16,-1.));
#7861=DIRECTION('',(1.,9.08232186375291E-17,-5.56131819963552E-33));
#7862=DIRECTION('',(-5.56131819963552E-33,1.22464679914735E-16,1.));
#7863=DIRECTION('',(5.56131819963552E-33,-1.22464679914735E-16,-1.));
#7864=DIRECTION('',(1.,9.08232186375291E-17,-5.56131819963552E-33));
#7865=DIRECTION('',(-5.56131819963552E-33,1.22464679914735E-16,1.));
#7866=DIRECTION('',(-1.,-9.08232186375291E-17,5.56131819963552E-33));
#7867=DIRECTION('',(5.56131819963552E-33,-1.22464679914735E-16,-1.));
#7868=DIRECTION('',(1.,9.08232186375291E-17,-5.56131819963552E-33));
#7869=DIRECTION('',(-5.56131819963552E-33,1.22464679914735E-16,1.));
#7870=DIRECTION('',(5.56131819963552E-33,-1.22464679914735E-16,-1.));
#7871=DIRECTION('',(1.,9.08232186375291E-17,-5.56131819963552E-33));
#7872=DIRECTION('',(-5.56131819963552E-33,1.22464679914735E-16,1.));
#7873=DIRECTION('',(-1.,-9.08232186375291E-17,5.56131819963552E-33));
#7874=DIRECTION('',(5.56131819963552E-33,-1.22464679914735E-16,-1.));
#7875=DIRECTION('',(1.,9.08232186375291E-17,-5.56131819963552E-33));
#7876=DIRECTION('',(-5.56131819963552E-33,1.22464679914735E-16,1.));
#7877=DIRECTION('',(5.56131819963552E-33,-1.22464679914735E-16,-1.));
#7878=DIRECTION('',(1.,9.08232186375291E-17,-5.56131819963552E-33));
#7879=DIRECTION('',(-5.56131819963552E-33,1.22464679914735E-16,1.));
#7880=DIRECTION('',(-1.,-9.08232186375291E-17,5.56131819963552E-33));
#7881=DIRECTION('',(5.56131819963552E-33,-1.22464679914735E-16,-1.));
#7882=DIRECTION('',(1.,9.08232186375291E-17,-5.56131819963552E-33));
#7883=DIRECTION('',(-5.56131819963552E-33,1.22464679914735E-16,1.));
#7884=DIRECTION('',(5.56131819963552E-33,-1.22464679914735E-16,-1.));
#7885=DIRECTION('',(1.,9.08232186375291E-17,-5.56131819963552E-33));
#7886=DIRECTION('',(-5.56131819963552E-33,1.22464679914735E-16,1.));
#7887=DIRECTION('',(-1.,-9.08232186375291E-17,5.56131819963552E-33));
#7888=DIRECTION('',(5.56131819963552E-33,-1.22464679914735E-16,-1.));
#7889=DIRECTION('',(1.,9.08232186375291E-17,-5.56131819963552E-33));
#7890=DIRECTION('',(-5.56131819963552E-33,1.22464679914735E-16,1.));
#7891=DIRECTION('',(5.56131819963552E-33,-1.22464679914735E-16,-1.));
#7892=DIRECTION('',(1.,9.08232186375291E-17,-5.56131819963552E-33));
#7893=DIRECTION('',(-5.56131819963552E-33,1.22464679914735E-16,1.));
#7894=DIRECTION('',(-1.,-9.08232186375291E-17,5.56131819963552E-33));
#7895=DIRECTION('',(5.56131819963552E-33,-1.22464679914735E-16,-1.));
#7896=DIRECTION('',(1.,9.08232186375291E-17,-5.56131819963552E-33));
#7897=DIRECTION('',(-5.56131819963552E-33,1.22464679914735E-16,1.));
#7898=DIRECTION('',(5.56131819963552E-33,-1.22464679914735E-16,-1.));
#7899=DIRECTION('',(1.,9.08232186375291E-17,-5.56131819963552E-33));
#7900=DIRECTION('',(-5.56131819963552E-33,1.22464679914735E-16,1.));
#7901=DIRECTION('',(-1.,-9.08232186375291E-17,5.56131819963552E-33));
#7902=DIRECTION('',(5.56131819963552E-33,-1.22464679914735E-16,-1.));
#7903=DIRECTION('',(1.,9.08232186375291E-17,-5.56131819963552E-33));
#7904=DIRECTION('',(-5.56131819963552E-33,1.22464679914735E-16,1.));
#7905=DIRECTION('',(5.56131819963552E-33,-1.22464679914735E-16,-1.));
#7906=DIRECTION('',(1.,9.08232186375291E-17,-5.56131819963552E-33));
#7907=DIRECTION('',(-5.56131819963552E-33,1.22464679914735E-16,1.));
#7908=DIRECTION('',(-1.,-9.08232186375291E-17,5.56131819963552E-33));
#7909=DIRECTION('',(5.56131819963552E-33,-1.22464679914735E-16,-1.));
#7910=DIRECTION('',(1.,9.08232186375291E-17,-5.56131819963552E-33));
#7911=DIRECTION('',(-5.56131819963552E-33,1.22464679914735E-16,1.));
#7912=DIRECTION('',(5.56131819963552E-33,-1.22464679914735E-16,-1.));
#7913=DIRECTION('',(1.,9.08232186375291E-17,-5.56131819963552E-33));
#7914=DIRECTION('',(-5.56131819963552E-33,1.22464679914735E-16,1.));
#7915=DIRECTION('',(-1.,-9.08232186375291E-17,5.56131819963552E-33));
#7916=DIRECTION('',(5.56131819963552E-33,-1.22464679914735E-16,-1.));
#7917=DIRECTION('',(1.,9.08232186375291E-17,-5.56131819963552E-33));
#7918=DIRECTION('',(-5.56131819963552E-33,1.22464679914735E-16,1.));
#7919=DIRECTION('',(5.56131819963552E-33,-1.22464679914735E-16,-1.));
#7920=DIRECTION('',(1.,9.08232186375291E-17,-5.56131819963552E-33));
#7921=DIRECTION('',(-5.56131819963552E-33,1.22464679914735E-16,1.));
#7922=DIRECTION('',(-1.,-9.08232186375291E-17,5.56131819963552E-33));
#7923=DIRECTION('',(5.56131819963552E-33,-1.22464679914735E-16,-1.));
#7924=DIRECTION('',(1.,9.08232186375291E-17,-5.56131819963552E-33));
#7925=DIRECTION('',(-5.56131819963552E-33,1.22464679914735E-16,1.));
#7926=DIRECTION('',(5.56131819963552E-33,-1.22464679914735E-16,-1.));
#7927=DIRECTION('',(1.,9.08232186375291E-17,-5.56131819963552E-33));
#7928=DIRECTION('',(-5.56131819963552E-33,1.22464679914735E-16,1.));
#7929=DIRECTION('',(-1.,-9.08232186375291E-17,5.56131819963552E-33));
#7930=DIRECTION('',(5.56131819963552E-33,-1.22464679914735E-16,-1.));
#7931=DIRECTION('',(1.,9.08232186375291E-17,-5.56131819963552E-33));
#7932=DIRECTION('',(-5.56131819963552E-33,1.22464679914735E-16,1.));
#7933=DIRECTION('',(5.56131819963552E-33,-1.22464679914735E-16,-1.));
#7934=DIRECTION('',(1.,9.08232186375291E-17,-5.56131819963552E-33));
#7935=DIRECTION('',(-5.56131819963552E-33,1.22464679914735E-16,1.));
#7936=DIRECTION('',(-1.,-9.08232186375291E-17,5.56131819963552E-33));
#7937=DIRECTION('',(5.56131819963552E-33,-1.22464679914735E-16,-1.));
#7938=DIRECTION('',(1.,9.08232186375291E-17,-5.56131819963552E-33));
#7939=DIRECTION('',(-5.56131819963552E-33,1.22464679914735E-16,1.));
#7940=DIRECTION('',(5.56131819963552E-33,-1.22464679914735E-16,-1.));
#7941=DIRECTION('',(1.,9.08232186375291E-17,-5.56131819963552E-33));
#7942=DIRECTION('',(-5.56131819963552E-33,1.22464679914735E-16,1.));
#7943=DIRECTION('',(-1.,-9.08232186375291E-17,5.56131819963552E-33));
#7944=DIRECTION('',(-5.56131819963552E-33,1.22464679914735E-16,1.));
#7945=DIRECTION('',(1.,9.08232186375291E-17,-5.56131819963552E-33));
#7946=DIRECTION('',(-5.56131819963552E-33,1.22464679914735E-16,1.));
#7947=DIRECTION('',(-5.56131819963552E-33,1.22464679914735E-16,1.));
#7948=DIRECTION('',(1.,9.08232186375291E-17,-5.56131819963552E-33));
#7949=DIRECTION('',(-5.56131819963552E-33,1.22464679914735E-16,1.));
#7950=DIRECTION('',(-1.,-9.08232186375291E-17,5.56131819963552E-33));
#7951=DIRECTION('',(-5.56131819963552E-33,1.22464679914735E-16,1.));
#7952=DIRECTION('',(1.,9.08232186375291E-17,-5.56131819963552E-33));
#7953=DIRECTION('',(-5.56131819963552E-33,1.22464679914735E-16,1.));
#7954=DIRECTION('',(-5.56131819963552E-33,1.22464679914735E-16,1.));
#7955=DIRECTION('',(1.,9.08232186375291E-17,-5.56131819963552E-33));
#7956=DIRECTION('',(-5.56131819963552E-33,1.22464679914735E-16,1.));
#7957=DIRECTION('',(-1.,-9.08232186375291E-17,5.56131819963552E-33));
#7958=DIRECTION('',(-5.56131819963552E-33,1.22464679914735E-16,1.));
#7959=DIRECTION('',(1.,9.08232186375291E-17,-5.56131819963552E-33));
#7960=DIRECTION('',(-5.56131819963552E-33,1.22464679914735E-16,1.));
#7961=DIRECTION('',(-5.56131819963552E-33,1.22464679914735E-16,1.));
#7962=DIRECTION('',(1.,9.08232186375291E-17,-5.56131819963552E-33));
#7963=DIRECTION('',(-5.56131819963552E-33,1.22464679914735E-16,1.));
#7964=DIRECTION('',(-1.,-9.08232186375291E-17,5.56131819963552E-33));
#7965=DIRECTION('',(-5.56131819963552E-33,1.22464679914735E-16,1.));
#7966=DIRECTION('',(1.,9.08232186375291E-17,-5.56131819963552E-33));
#7967=DIRECTION('',(-5.56131819963552E-33,1.22464679914735E-16,1.));
#7968=DIRECTION('',(-5.56131819963552E-33,1.22464679914735E-16,1.));
#7969=DIRECTION('',(1.,9.08232186375291E-17,-5.56131819963552E-33));
#7970=DIRECTION('',(-5.56131819963552E-33,1.22464679914735E-16,1.));
#7971=DIRECTION('',(-1.,-9.08232186375291E-17,5.56131819963552E-33));
#7972=DIRECTION('',(5.56131819963552E-33,-1.22464679914735E-16,-1.));
#7973=DIRECTION('',(1.,9.08232186375291E-17,-5.56131819963552E-33));
#7974=DIRECTION('',(-5.56131819963552E-33,1.22464679914735E-16,1.));
#7975=DIRECTION('',(5.56131819963552E-33,-1.22464679914735E-16,-1.));
#7976=DIRECTION('',(1.,9.08232186375291E-17,-5.56131819963552E-33));
#7977=DIRECTION('',(-5.56131819963552E-33,1.22464679914735E-16,1.));
#7978=DIRECTION('',(-1.,-9.08232186375291E-17,5.56131819963552E-33));
#7979=DIRECTION('',(5.56131819963552E-33,-1.22464679914735E-16,-1.));
#7980=DIRECTION('',(1.,9.08232186375291E-17,-5.56131819963552E-33));
#7981=DIRECTION('',(-5.56131819963552E-33,1.22464679914735E-16,1.));
#7982=DIRECTION('',(5.56131819963552E-33,-1.22464679914735E-16,-1.));
#7983=DIRECTION('',(1.,9.08232186375291E-17,-5.56131819963552E-33));
#7984=DIRECTION('',(-5.56131819963552E-33,1.22464679914735E-16,1.));
#7985=DIRECTION('',(-1.,-9.08232186375291E-17,5.56131819963552E-33));
#7986=DIRECTION('',(5.56131819963552E-33,-1.22464679914735E-16,-1.));
#7987=DIRECTION('',(1.,9.08232186375291E-17,-5.56131819963552E-33));
#7988=DIRECTION('',(-5.56131819963552E-33,1.22464679914735E-16,1.));
#7989=DIRECTION('',(5.56131819963552E-33,-1.22464679914735E-16,-1.));
#7990=DIRECTION('',(1.,9.08232186375291E-17,-5.56131819963552E-33));
#7991=DIRECTION('',(-5.56131819963552E-33,1.22464679914735E-16,1.));
#7992=DIRECTION('',(-1.,-9.08232186375291E-17,5.56131819963552E-33));
#7993=DIRECTION('',(5.56131819963552E-33,-1.22464679914735E-16,-1.));
#7994=DIRECTION('',(1.,9.08232186375291E-17,-5.56131819963552E-33));
#7995=DIRECTION('',(-5.56131819963552E-33,1.22464679914735E-16,1.));
#7996=DIRECTION('',(5.56131819963552E-33,-1.22464679914735E-16,-1.));
#7997=DIRECTION('',(1.,9.08232186375291E-17,-5.56131819963552E-33));
#7998=DIRECTION('',(-5.56131819963552E-33,1.22464679914735E-16,1.));
#7999=DIRECTION('',(-1.,-9.08232186375291E-17,5.56131819963552E-33));
#8000=DIRECTION('',(5.56131819963552E-33,-1.22464679914735E-16,-1.));
#8001=DIRECTION('',(1.,9.08232186375291E-17,-5.56131819963552E-33));
#8002=DIRECTION('',(-5.56131819963552E-33,1.22464679914735E-16,1.));
#8003=DIRECTION('',(5.56131819963552E-33,-1.22464679914735E-16,-1.));
#8004=DIRECTION('',(1.,9.08232186375291E-17,-5.56131819963552E-33));
#8005=DIRECTION('',(-5.56131819963552E-33,1.22464679914735E-16,1.));
#8006=DIRECTION('',(-1.,-9.08232186375291E-17,5.56131819963552E-33));
#8007=DIRECTION('',(5.56131819963552E-33,-1.22464679914735E-16,-1.));
#8008=DIRECTION('',(1.,9.08232186375291E-17,-5.56131819963552E-33));
#8009=DIRECTION('',(-5.56131819963552E-33,1.22464679914735E-16,1.));
#8010=DIRECTION('',(5.56131819963552E-33,-1.22464679914735E-16,-1.));
#8011=DIRECTION('',(1.,9.08232186375291E-17,-5.56131819963552E-33));
#8012=DIRECTION('',(-5.56131819963552E-33,1.22464679914735E-16,1.));
#8013=DIRECTION('',(-1.,-9.08232186375291E-17,5.56131819963552E-33));
#8014=DIRECTION('',(5.56131819963552E-33,-1.22464679914735E-16,-1.));
#8015=DIRECTION('',(1.,9.08232186375291E-17,-5.56131819963552E-33));
#8016=DIRECTION('',(-5.56131819963552E-33,1.22464679914735E-16,1.));
#8017=DIRECTION('',(5.56131819963552E-33,-1.22464679914735E-16,-1.));
#8018=DIRECTION('',(1.,9.08232186375291E-17,-5.56131819963552E-33));
#8019=DIRECTION('',(-5.56131819963552E-33,1.22464679914735E-16,1.));
#8020=DIRECTION('',(-1.,-9.08232186375291E-17,5.56131819963552E-33));
#8021=DIRECTION('',(5.56131819963552E-33,-1.22464679914735E-16,-1.));
#8022=DIRECTION('',(1.,9.08232186375291E-17,-5.56131819963552E-33));
#8023=DIRECTION('',(-5.56131819963552E-33,1.22464679914735E-16,1.));
#8024=DIRECTION('',(5.56131819963552E-33,-1.22464679914735E-16,-1.));
#8025=DIRECTION('',(1.,9.08232186375291E-17,-5.56131819963552E-33));
#8026=DIRECTION('',(-5.56131819963552E-33,1.22464679914735E-16,1.));
#8027=DIRECTION('',(-1.,-9.08232186375291E-17,5.56131819963552E-33));
#8028=DIRECTION('',(5.56131819963552E-33,-1.22464679914735E-16,-1.));
#8029=DIRECTION('',(1.,9.08232186375291E-17,-5.56131819963552E-33));
#8030=DIRECTION('',(-5.56131819963552E-33,1.22464679914735E-16,1.));
#8031=DIRECTION('',(5.56131819963552E-33,-1.22464679914735E-16,-1.));
#8032=DIRECTION('',(1.,9.08232186375291E-17,-5.56131819963552E-33));
#8033=DIRECTION('',(-5.56131819963552E-33,1.22464679914735E-16,1.));
#8034=DIRECTION('',(-1.,-9.08232186375291E-17,5.56131819963552E-33));
#8035=DIRECTION('',(5.56131819963552E-33,-1.22464679914735E-16,-1.));
#8036=DIRECTION('',(1.,9.08232186375291E-17,-5.56131819963552E-33));
#8037=DIRECTION('',(-5.56131819963552E-33,1.22464679914735E-16,1.));
#8038=DIRECTION('',(5.56131819963552E-33,-1.22464679914735E-16,-1.));
#8039=DIRECTION('',(1.,9.08232186375291E-17,-5.56131819963552E-33));
#8040=DIRECTION('',(-5.56131819963552E-33,1.22464679914735E-16,1.));
#8041=DIRECTION('',(-1.,-9.08232186375291E-17,5.56131819963552E-33));
#8042=DIRECTION('',(5.56131819963552E-33,-1.22464679914735E-16,-1.));
#8043=DIRECTION('',(1.,9.08232186375291E-17,-5.56131819963552E-33));
#8044=DIRECTION('',(-5.56131819963552E-33,1.22464679914735E-16,1.));
#8045=DIRECTION('',(5.56131819963552E-33,-1.22464679914735E-16,-1.));
#8046=DIRECTION('',(1.,9.08232186375291E-17,-5.56131819963552E-33));
#8047=DIRECTION('',(-5.56131819963552E-33,1.22464679914735E-16,1.));
#8048=DIRECTION('',(-1.,-9.08232186375291E-17,5.56131819963552E-33));
#8049=DIRECTION('',(-5.56131819963552E-33,1.22464679914735E-16,1.));
#8050=DIRECTION('',(1.,9.08232186375291E-17,-5.56131819963552E-33));
#8051=DIRECTION('',(-5.56131819963552E-33,1.22464679914735E-16,1.));
#8052=DIRECTION('',(-5.56131819963552E-33,1.22464679914735E-16,1.));
#8053=DIRECTION('',(1.,9.08232186375291E-17,-5.56131819963552E-33));
#8054=DIRECTION('',(-5.56131819963552E-33,1.22464679914735E-16,1.));
#8055=DIRECTION('',(-1.,-9.08232186375291E-17,5.56131819963552E-33));
#8056=DIRECTION('',(-5.56131819963552E-33,1.22464679914735E-16,1.));
#8057=DIRECTION('',(1.,9.08232186375291E-17,-5.56131819963552E-33));
#8058=DIRECTION('',(-5.56131819963552E-33,1.22464679914735E-16,1.));
#8059=DIRECTION('',(-5.56131819963552E-33,1.22464679914735E-16,1.));
#8060=DIRECTION('',(1.,9.08232186375291E-17,-5.56131819963552E-33));
#8061=DIRECTION('',(-5.56131819963552E-33,1.22464679914735E-16,1.));
#8062=DIRECTION('',(-1.,-9.08232186375291E-17,5.56131819963552E-33));
#8063=DIRECTION('',(-5.56131819963552E-33,1.22464679914735E-16,1.));
#8064=DIRECTION('',(1.,9.08232186375291E-17,-5.56131819963552E-33));
#8065=DIRECTION('',(-5.56131819963552E-33,1.22464679914735E-16,1.));
#8066=DIRECTION('',(-5.56131819963552E-33,1.22464679914735E-16,1.));
#8067=DIRECTION('',(1.,9.08232186375291E-17,-5.56131819963552E-33));
#8068=DIRECTION('',(-5.56131819963552E-33,1.22464679914735E-16,1.));
#8069=DIRECTION('',(-1.,-9.08232186375291E-17,5.56131819963552E-33));
#8070=DIRECTION('',(-5.56131819963552E-33,1.22464679914735E-16,1.));
#8071=DIRECTION('',(1.,9.08232186375291E-17,-5.56131819963552E-33));
#8072=DIRECTION('',(-5.56131819963552E-33,1.22464679914735E-16,1.));
#8073=DIRECTION('',(-5.56131819963552E-33,1.22464679914735E-16,1.));
#8074=DIRECTION('',(1.,9.08232186375291E-17,-5.56131819963552E-33));
#8075=DIRECTION('',(-5.56131819963552E-33,1.22464679914735E-16,1.));
#8076=DIRECTION('',(-1.,-9.08232186375291E-17,5.56131819963552E-33));
#8077=DIRECTION('',(5.56131819963552E-33,-1.22464679914735E-16,-1.));
#8078=DIRECTION('',(1.,9.08232186375291E-17,-5.56131819963552E-33));
#8079=DIRECTION('',(-5.56131819963552E-33,1.22464679914735E-16,1.));
#8080=DIRECTION('',(5.56131819963552E-33,-1.22464679914735E-16,-1.));
#8081=DIRECTION('',(1.,9.08232186375291E-17,-5.56131819963552E-33));
#8082=DIRECTION('',(-5.56131819963552E-33,1.22464679914735E-16,1.));
#8083=DIRECTION('',(-1.,-9.08232186375291E-17,5.56131819963552E-33));
#8084=DIRECTION('',(5.56131819963552E-33,-1.22464679914735E-16,-1.));
#8085=DIRECTION('',(1.,9.08232186375291E-17,-5.56131819963552E-33));
#8086=DIRECTION('',(-5.56131819963552E-33,1.22464679914735E-16,1.));
#8087=DIRECTION('',(5.56131819963552E-33,-1.22464679914735E-16,-1.));
#8088=DIRECTION('',(1.,9.08232186375291E-17,-5.56131819963552E-33));
#8089=DIRECTION('',(-5.56131819963552E-33,1.22464679914735E-16,1.));
#8090=DIRECTION('',(-5.56131819963552E-33,1.22464679914735E-16,1.));
#8091=DIRECTION('',(-1.,-9.08232186375291E-17,5.56131819963552E-33));
#8092=DIRECTION('',(5.56131819963552E-33,-1.22464679914735E-16,-1.));
#8093=DIRECTION('',(1.,9.08232186375291E-17,-5.56131819963552E-33));
#8094=DIRECTION('',(-5.56131819963552E-33,1.22464679914735E-16,1.));
#8095=DIRECTION('',(5.56131819963552E-33,-1.22464679914735E-16,-1.));
#8096=DIRECTION('',(1.,9.08232186375291E-17,-5.56131819963552E-33));
#8097=DIRECTION('',(-5.56131819963552E-33,1.22464679914735E-16,1.));
#8098=DIRECTION('',(-1.,-9.08232186375291E-17,5.56131819963552E-33));
#8099=DIRECTION('',(5.56131819963552E-33,-1.22464679914735E-16,-1.));
#8100=DIRECTION('',(1.,9.08232186375291E-17,-5.56131819963552E-33));
#8101=DIRECTION('',(-5.56131819963552E-33,1.22464679914735E-16,1.));
#8102=DIRECTION('',(5.56131819963552E-33,-1.22464679914735E-16,-1.));
#8103=DIRECTION('',(1.,9.08232186375291E-17,-5.56131819963552E-33));
#8104=DIRECTION('',(-5.56131819963552E-33,1.22464679914735E-16,1.));
#8105=DIRECTION('',(-1.,-9.08232186375291E-17,5.56131819963552E-33));
#8106=DIRECTION('',(5.56131819963552E-33,-1.22464679914735E-16,-1.));
#8107=DIRECTION('',(1.,9.08232186375291E-17,-5.56131819963552E-33));
#8108=DIRECTION('',(-5.56131819963552E-33,1.22464679914735E-16,1.));
#8109=DIRECTION('',(5.56131819963552E-33,-1.22464679914735E-16,-1.));
#8110=DIRECTION('',(1.,9.08232186375291E-17,-5.56131819963552E-33));
#8111=DIRECTION('',(-5.56131819963552E-33,1.22464679914735E-16,1.));
#8112=DIRECTION('',(-1.,-9.08232186375291E-17,5.56131819963552E-33));
#8113=DIRECTION('',(5.56131819963552E-33,-1.22464679914735E-16,-1.));
#8114=DIRECTION('',(1.,9.08232186375291E-17,-5.56131819963552E-33));
#8115=DIRECTION('',(-5.56131819963552E-33,1.22464679914735E-16,1.));
#8116=DIRECTION('',(5.56131819963552E-33,-1.22464679914735E-16,-1.));
#8117=DIRECTION('',(1.,9.08232186375291E-17,-5.56131819963552E-33));
#8118=DIRECTION('',(-5.56131819963552E-33,1.22464679914735E-16,1.));
#8119=DIRECTION('',(-1.,-9.08232186375291E-17,5.56131819963552E-33));
#8120=DIRECTION('',(5.56131819963552E-33,-1.22464679914735E-16,-1.));
#8121=DIRECTION('',(1.,9.08232186375291E-17,-5.56131819963552E-33));
#8122=DIRECTION('',(-5.56131819963552E-33,1.22464679914735E-16,1.));
#8123=DIRECTION('',(5.56131819963552E-33,-1.22464679914735E-16,-1.));
#8124=DIRECTION('',(1.,9.08232186375291E-17,-5.56131819963552E-33));
#8125=DIRECTION('',(-5.56131819963552E-33,1.22464679914735E-16,1.));
#8126=DIRECTION('',(-1.,-9.08232186375291E-17,5.56131819963552E-33));
#8127=DIRECTION('',(5.56131819963552E-33,-1.22464679914735E-16,-1.));
#8128=DIRECTION('',(1.,9.08232186375291E-17,-5.56131819963552E-33));
#8129=DIRECTION('',(-5.56131819963552E-33,1.22464679914735E-16,1.));
#8130=DIRECTION('',(5.56131819963552E-33,-1.22464679914735E-16,-1.));
#8131=DIRECTION('',(1.,9.08232186375291E-17,-5.56131819963552E-33));
#8132=DIRECTION('',(-5.56131819963552E-33,1.22464679914735E-16,1.));
#8133=DIRECTION('',(-1.,-9.08232186375291E-17,5.56131819963552E-33));
#8134=DIRECTION('',(5.56131819963552E-33,-1.22464679914735E-16,-1.));
#8135=DIRECTION('',(1.,9.08232186375291E-17,-5.56131819963552E-33));
#8136=DIRECTION('',(-5.56131819963552E-33,1.22464679914735E-16,1.));
#8137=DIRECTION('',(5.56131819963552E-33,-1.22464679914735E-16,-1.));
#8138=DIRECTION('',(1.,9.08232186375291E-17,-5.56131819963552E-33));
#8139=DIRECTION('',(-5.56131819963552E-33,1.22464679914735E-16,1.));
#8140=DIRECTION('',(-1.,-9.08232186375291E-17,5.56131819963552E-33));
#8141=DIRECTION('',(5.56131819963552E-33,-1.22464679914735E-16,-1.));
#8142=DIRECTION('',(1.,9.08232186375291E-17,-5.56131819963552E-33));
#8143=DIRECTION('',(-5.56131819963552E-33,1.22464679914735E-16,1.));
#8144=DIRECTION('',(5.56131819963552E-33,-1.22464679914735E-16,-1.));
#8145=DIRECTION('',(1.,9.08232186375291E-17,-5.56131819963552E-33));
#8146=DIRECTION('',(-5.56131819963552E-33,1.22464679914735E-16,1.));
#8147=DIRECTION('',(-1.,-9.08232186375291E-17,5.56131819963552E-33));
#8148=DIRECTION('',(5.56131819963552E-33,-1.22464679914735E-16,-1.));
#8149=DIRECTION('',(1.,9.08232186375291E-17,-5.56131819963552E-33));
#8150=DIRECTION('',(-5.56131819963552E-33,1.22464679914735E-16,1.));
#8151=DIRECTION('',(5.56131819963552E-33,-1.22464679914735E-16,-1.));
#8152=DIRECTION('',(1.,9.08232186375291E-17,-5.56131819963552E-33));
#8153=DIRECTION('',(-5.56131819963552E-33,1.22464679914735E-16,1.));
#8154=DIRECTION('',(-1.,-9.08232186375291E-17,5.56131819963552E-33));
#8155=DIRECTION('',(5.56131819963552E-33,-1.22464679914735E-16,-1.));
#8156=DIRECTION('',(1.,9.08232186375291E-17,-5.56131819963552E-33));
#8157=DIRECTION('',(-5.56131819963552E-33,1.22464679914735E-16,1.));
#8158=DIRECTION('',(5.56131819963552E-33,-1.22464679914735E-16,-1.));
#8159=DIRECTION('',(1.,9.08232186375291E-17,-5.56131819963552E-33));
#8160=DIRECTION('',(-5.56131819963552E-33,1.22464679914735E-16,1.));
#8161=DIRECTION('',(-1.,-9.08232186375291E-17,5.56131819963552E-33));
#8162=DIRECTION('',(5.56131819963552E-33,-1.22464679914735E-16,-1.));
#8163=DIRECTION('',(1.,9.08232186375291E-17,-5.56131819963552E-33));
#8164=DIRECTION('',(-5.56131819963552E-33,1.22464679914735E-16,1.));
#8165=DIRECTION('',(5.56131819963552E-33,-1.22464679914735E-16,-1.));
#8166=DIRECTION('',(1.,9.08232186375291E-17,-5.56131819963552E-33));
#8167=DIRECTION('',(-5.56131819963552E-33,1.22464679914735E-16,1.));
#8168=DIRECTION('',(-1.,-9.08232186375291E-17,5.56131819963552E-33));
#8169=DIRECTION('',(5.56131819963552E-33,-1.22464679914735E-16,-1.));
#8170=DIRECTION('',(1.,9.08232186375291E-17,-5.56131819963552E-33));
#8171=DIRECTION('',(-5.56131819963552E-33,1.22464679914735E-16,1.));
#8172=DIRECTION('',(5.56131819963552E-33,-1.22464679914735E-16,-1.));
#8173=DIRECTION('',(1.,9.08232186375291E-17,-5.56131819963552E-33));
#8174=DIRECTION('',(-5.56131819963552E-33,1.22464679914735E-16,1.));
#8175=DIRECTION('',(-1.,-9.08232186375291E-17,5.56131819963552E-33));
#8176=DIRECTION('',(5.56131819963552E-33,-1.22464679914735E-16,-1.));
#8177=DIRECTION('',(1.,9.08232186375291E-17,-5.56131819963552E-33));
#8178=DIRECTION('',(-5.56131819963552E-33,1.22464679914735E-16,1.));
#8179=DIRECTION('',(5.56131819963552E-33,-1.22464679914735E-16,-1.));
#8180=DIRECTION('',(1.,9.08232186375291E-17,-5.56131819963552E-33));
#8181=DIRECTION('',(-5.56131819963552E-33,1.22464679914735E-16,1.));
#8182=DIRECTION('',(-1.,-9.08232186375291E-17,5.56131819963552E-33));
#8183=DIRECTION('',(5.56131819963552E-33,-1.22464679914735E-16,-1.));
#8184=DIRECTION('',(1.,9.08232186375291E-17,-5.56131819963552E-33));
#8185=DIRECTION('',(-5.56131819963552E-33,1.22464679914735E-16,1.));
#8186=DIRECTION('',(5.56131819963552E-33,-1.22464679914735E-16,-1.));
#8187=DIRECTION('',(1.,9.08232186375291E-17,-5.56131819963552E-33));
#8188=DIRECTION('',(-5.56131819963552E-33,1.22464679914735E-16,1.));
#8189=DIRECTION('',(-1.,-9.08232186375291E-17,5.56131819963552E-33));
#8190=DIRECTION('',(5.56131819963552E-33,-1.22464679914735E-16,-1.));
#8191=DIRECTION('',(1.,9.08232186375291E-17,-5.56131819963552E-33));
#8192=DIRECTION('',(-5.56131819963552E-33,1.22464679914735E-16,1.));
#8193=DIRECTION('',(5.56131819963552E-33,-1.22464679914735E-16,-1.));
#8194=DIRECTION('',(1.,9.08232186375291E-17,-5.56131819963552E-33));
#8195=DIRECTION('',(-5.56131819963552E-33,1.22464679914735E-16,1.));
#8196=DIRECTION('',(-1.,-9.08232186375291E-17,5.56131819963552E-33));
#8197=DIRECTION('',(5.56131819963552E-33,-1.22464679914735E-16,-1.));
#8198=DIRECTION('',(1.,9.08232186375291E-17,-5.56131819963552E-33));
#8199=DIRECTION('',(-5.56131819963552E-33,1.22464679914735E-16,1.));
#8200=DIRECTION('',(5.56131819963552E-33,-1.22464679914735E-16,-1.));
#8201=DIRECTION('',(1.,9.08232186375291E-17,-5.56131819963552E-33));
#8202=DIRECTION('',(-5.56131819963552E-33,1.22464679914735E-16,1.));
#8203=DIRECTION('',(-1.,-9.08232186375291E-17,5.56131819963552E-33));
#8204=DIRECTION('',(5.56131819963552E-33,-1.22464679914735E-16,-1.));
#8205=DIRECTION('',(1.,9.08232186375291E-17,-5.56131819963552E-33));
#8206=DIRECTION('',(-5.56131819963552E-33,1.22464679914735E-16,1.));
#8207=DIRECTION('',(5.56131819963552E-33,-1.22464679914735E-16,-1.));
#8208=DIRECTION('',(1.,9.08232186375291E-17,-5.56131819963552E-33));
#8209=DIRECTION('',(-5.56131819963552E-33,1.22464679914735E-16,1.));
#8210=DIRECTION('',(-1.,-9.08232186375291E-17,5.56131819963552E-33));
#8211=DIRECTION('',(5.56131819963552E-33,-1.22464679914735E-16,-1.));
#8212=DIRECTION('',(1.,9.08232186375291E-17,-5.56131819963552E-33));
#8213=DIRECTION('',(-5.56131819963552E-33,1.22464679914735E-16,1.));
#8214=DIRECTION('',(5.56131819963552E-33,-1.22464679914735E-16,-1.));
#8215=DIRECTION('',(1.,9.08232186375291E-17,-5.56131819963552E-33));
#8216=DIRECTION('',(-5.56131819963552E-33,1.22464679914735E-16,1.));
#8217=DIRECTION('',(-1.,-9.08232186375291E-17,5.56131819963552E-33));
#8218=DIRECTION('',(5.56131819963552E-33,-1.22464679914735E-16,-1.));
#8219=DIRECTION('',(1.,9.08232186375291E-17,-5.56131819963552E-33));
#8220=DIRECTION('',(-5.56131819963552E-33,1.22464679914735E-16,1.));
#8221=DIRECTION('',(5.56131819963552E-33,-1.22464679914735E-16,-1.));
#8222=DIRECTION('',(1.,9.08232186375291E-17,-5.56131819963552E-33));
#8223=DIRECTION('',(-5.56131819963552E-33,1.22464679914735E-16,1.));
#8224=DIRECTION('',(-1.,-9.08232186375291E-17,5.56131819963552E-33));
#8225=DIRECTION('',(5.56131819963552E-33,-1.22464679914735E-16,-1.));
#8226=DIRECTION('',(1.,9.08232186375291E-17,-5.56131819963552E-33));
#8227=DIRECTION('',(-5.56131819963552E-33,1.22464679914735E-16,1.));
#8228=DIRECTION('',(5.56131819963552E-33,-1.22464679914735E-16,-1.));
#8229=DIRECTION('',(1.,9.08232186375291E-17,-5.56131819963552E-33));
#8230=DIRECTION('',(-5.56131819963552E-33,1.22464679914735E-16,1.));
#8231=DIRECTION('',(-1.,-9.08232186375291E-17,5.56131819963552E-33));
#8232=DIRECTION('',(5.56131819963552E-33,-1.22464679914735E-16,-1.));
#8233=DIRECTION('',(1.,9.08232186375291E-17,-5.56131819963552E-33));
#8234=DIRECTION('',(-5.56131819963552E-33,1.22464679914735E-16,1.));
#8235=DIRECTION('',(5.56131819963552E-33,-1.22464679914735E-16,-1.));
#8236=DIRECTION('',(1.,9.08232186375291E-17,-5.56131819963552E-33));
#8237=DIRECTION('',(-5.56131819963552E-33,1.22464679914735E-16,1.));
#8238=DIRECTION('',(-1.,-9.08232186375291E-17,5.56131819963552E-33));
#8239=DIRECTION('',(-5.56131819963552E-33,1.22464679914735E-16,1.));
#8240=DIRECTION('',(1.,9.08232186375291E-17,-5.56131819963552E-33));
#8241=DIRECTION('',(-5.56131819963552E-33,1.22464679914735E-16,1.));
#8242=DIRECTION('',(-5.56131819963552E-33,1.22464679914735E-16,1.));
#8243=DIRECTION('',(1.,9.08232186375291E-17,-5.56131819963552E-33));
#8244=DIRECTION('',(-5.56131819963552E-33,1.22464679914735E-16,1.));
#8245=DIRECTION('',(-1.,-9.08232186375291E-17,5.56131819963552E-33));
#8246=DIRECTION('',(-5.56131819963552E-33,1.22464679914735E-16,1.));
#8247=DIRECTION('',(1.,9.08232186375291E-17,-5.56131819963552E-33));
#8248=DIRECTION('',(-5.56131819963552E-33,1.22464679914735E-16,1.));
#8249=DIRECTION('',(-5.56131819963552E-33,1.22464679914735E-16,1.));
#8250=DIRECTION('',(1.,9.08232186375291E-17,-5.56131819963552E-33));
#8251=DIRECTION('',(-5.56131819963552E-33,1.22464679914735E-16,1.));
#8252=DIRECTION('',(-1.,-9.08232186375291E-17,5.56131819963552E-33));
#8253=DIRECTION('',(-5.56131819963552E-33,1.22464679914735E-16,1.));
#8254=DIRECTION('',(1.,9.08232186375291E-17,-5.56131819963552E-33));
#8255=DIRECTION('',(-5.56131819963552E-33,1.22464679914735E-16,1.));
#8256=DIRECTION('',(-5.56131819963552E-33,1.22464679914735E-16,1.));
#8257=DIRECTION('',(1.,9.08232186375291E-17,-5.56131819963552E-33));
#8258=DIRECTION('',(-5.56131819963552E-33,1.22464679914735E-16,1.));
#8259=DIRECTION('',(-1.,-9.08232186375291E-17,5.56131819963552E-33));
#8260=DIRECTION('',(-5.56131819963552E-33,1.22464679914735E-16,1.));
#8261=DIRECTION('',(1.,9.08232186375291E-17,-5.56131819963552E-33));
#8262=DIRECTION('',(-5.56131819963552E-33,1.22464679914735E-16,1.));
#8263=DIRECTION('',(-5.56131819963552E-33,1.22464679914735E-16,1.));
#8264=DIRECTION('',(1.,9.08232186375291E-17,-5.56131819963552E-33));
#8265=DIRECTION('',(-5.56131819963552E-33,1.22464679914735E-16,1.));
#8266=DIRECTION('',(-1.,-9.08232186375291E-17,5.56131819963552E-33));
#8267=DIRECTION('',(-5.56131819963552E-33,1.22464679914735E-16,1.));
#8268=DIRECTION('',(1.,9.08232186375291E-17,-5.56131819963552E-33));
#8269=DIRECTION('',(-5.56131819963552E-33,1.22464679914735E-16,1.));
#8270=DIRECTION('',(-5.56131819963552E-33,1.22464679914735E-16,1.));
#8271=DIRECTION('',(1.,9.08232186375291E-17,-5.56131819963552E-33));
#8272=DIRECTION('',(-5.56131819963552E-33,1.22464679914735E-16,1.));
#8273=DIRECTION('',(-1.,-9.08232186375291E-17,5.56131819963552E-33));
#8274=DIRECTION('',(-5.56131819963552E-33,1.22464679914735E-16,1.));
#8275=DIRECTION('',(1.,9.08232186375291E-17,-5.56131819963552E-33));
#8276=DIRECTION('',(-5.56131819963552E-33,1.22464679914735E-16,1.));
#8277=DIRECTION('',(-5.56131819963552E-33,1.22464679914735E-16,1.));
#8278=DIRECTION('',(1.,9.08232186375291E-17,-5.56131819963552E-33));
#8279=DIRECTION('',(-5.56131819963552E-33,1.22464679914735E-16,1.));
#8280=DIRECTION('',(-1.,-9.08232186375291E-17,5.56131819963552E-33));
#8281=DIRECTION('',(5.56131819963552E-33,-1.22464679914735E-16,-1.));
#8282=DIRECTION('',(1.,9.08232186375291E-17,-5.56131819963552E-33));
#8283=DIRECTION('',(-5.56131819963552E-33,1.22464679914735E-16,1.));
#8284=DIRECTION('',(5.56131819963552E-33,-1.22464679914735E-16,-1.));
#8285=DIRECTION('',(1.,9.08232186375291E-17,-5.56131819963552E-33));
#8286=DIRECTION('',(-5.56131819963552E-33,1.22464679914735E-16,1.));
#8287=DIRECTION('',(-1.,-9.08232186375291E-17,5.56131819963552E-33));
#8288=DIRECTION('',(5.56131819963552E-33,-1.22464679914735E-16,-1.));
#8289=DIRECTION('',(1.,9.08232186375291E-17,-5.56131819963552E-33));
#8290=DIRECTION('',(-5.56131819963552E-33,1.22464679914735E-16,1.));
#8291=DIRECTION('',(5.56131819963552E-33,-1.22464679914735E-16,-1.));
#8292=DIRECTION('',(1.,9.08232186375291E-17,-5.56131819963552E-33));
#8293=DIRECTION('',(-5.56131819963552E-33,1.22464679914735E-16,1.));
#8294=DIRECTION('',(-1.,-9.08232186375291E-17,5.56131819963552E-33));
#8295=DIRECTION('',(5.56131819963552E-33,-1.22464679914735E-16,-1.));
#8296=DIRECTION('',(1.,9.08232186375291E-17,-5.56131819963552E-33));
#8297=DIRECTION('',(-5.56131819963552E-33,1.22464679914735E-16,1.));
#8298=DIRECTION('',(5.56131819963552E-33,-1.22464679914735E-16,-1.));
#8299=DIRECTION('',(1.,9.08232186375291E-17,-5.56131819963552E-33));
#8300=DIRECTION('',(-5.56131819963552E-33,1.22464679914735E-16,1.));
#8301=DIRECTION('',(-1.,-9.08232186375291E-17,5.56131819963552E-33));
#8302=DIRECTION('',(5.56131819963552E-33,-1.22464679914735E-16,-1.));
#8303=DIRECTION('',(1.,9.08232186375291E-17,-5.56131819963552E-33));
#8304=DIRECTION('',(-5.56131819963552E-33,1.22464679914735E-16,1.));
#8305=DIRECTION('',(5.56131819963552E-33,-1.22464679914735E-16,-1.));
#8306=DIRECTION('',(1.,9.08232186375291E-17,-5.56131819963552E-33));
#8307=DIRECTION('',(-5.56131819963552E-33,1.22464679914735E-16,1.));
#8308=DIRECTION('',(-1.,-9.08232186375291E-17,5.56131819963552E-33));
#8309=DIRECTION('',(5.56131819963552E-33,-1.22464679914735E-16,-1.));
#8310=DIRECTION('',(1.,9.08232186375291E-17,-5.56131819963552E-33));
#8311=DIRECTION('',(-5.56131819963552E-33,1.22464679914735E-16,1.));
#8312=DIRECTION('',(5.56131819963552E-33,-1.22464679914735E-16,-1.));
#8313=DIRECTION('',(1.,9.08232186375291E-17,-5.56131819963552E-33));
#8314=DIRECTION('',(-5.56131819963552E-33,1.22464679914735E-16,1.));
#8315=DIRECTION('',(-1.,-9.08232186375291E-17,5.56131819963552E-33));
#8316=DIRECTION('',(5.56131819963552E-33,-1.22464679914735E-16,-1.));
#8317=DIRECTION('',(1.,9.08232186375291E-17,-5.56131819963552E-33));
#8318=DIRECTION('',(-5.56131819963552E-33,1.22464679914735E-16,1.));
#8319=DIRECTION('',(5.56131819963552E-33,-1.22464679914735E-16,-1.));
#8320=DIRECTION('',(1.,9.08232186375291E-17,-5.56131819963552E-33));
#8321=DIRECTION('',(-5.56131819963552E-33,1.22464679914735E-16,1.));
#8322=DIRECTION('',(-1.,-9.08232186375291E-17,5.56131819963552E-33));
#8323=DIRECTION('',(5.56131819963552E-33,-1.22464679914735E-16,-1.));
#8324=DIRECTION('',(1.,9.08232186375291E-17,-5.56131819963552E-33));
#8325=DIRECTION('',(-5.56131819963552E-33,1.22464679914735E-16,1.));
#8326=DIRECTION('',(5.56131819963552E-33,-1.22464679914735E-16,-1.));
#8327=DIRECTION('',(1.,9.08232186375291E-17,-5.56131819963552E-33));
#8328=DIRECTION('',(-5.56131819963552E-33,1.22464679914735E-16,1.));
#8329=DIRECTION('',(-1.,-9.08232186375291E-17,5.56131819963552E-33));
#8330=DIRECTION('',(5.56131819963552E-33,-1.22464679914735E-16,-1.));
#8331=DIRECTION('',(1.,9.08232186375291E-17,-5.56131819963552E-33));
#8332=DIRECTION('',(-5.56131819963552E-33,1.22464679914735E-16,1.));
#8333=DIRECTION('',(5.56131819963552E-33,-1.22464679914735E-16,-1.));
#8334=DIRECTION('',(1.,9.08232186375291E-17,-5.56131819963552E-33));
#8335=DIRECTION('',(-5.56131819963552E-33,1.22464679914735E-16,1.));
#8336=DIRECTION('',(-1.,-9.08232186375291E-17,5.56131819963552E-33));
#8337=DIRECTION('',(5.56131819963552E-33,-1.22464679914735E-16,-1.));
#8338=DIRECTION('',(1.,9.08232186375291E-17,-5.56131819963552E-33));
#8339=DIRECTION('',(-5.56131819963552E-33,1.22464679914735E-16,1.));
#8340=DIRECTION('',(5.56131819963552E-33,-1.22464679914735E-16,-1.));
#8341=DIRECTION('',(1.,9.08232186375291E-17,-5.56131819963552E-33));
#8342=DIRECTION('',(-5.56131819963552E-33,1.22464679914735E-16,1.));
#8343=DIRECTION('',(-1.,-9.08232186375291E-17,5.56131819963552E-33));
#8344=DIRECTION('',(5.56131819963552E-33,-1.22464679914735E-16,-1.));
#8345=DIRECTION('',(1.,9.08232186375291E-17,-5.56131819963552E-33));
#8346=DIRECTION('',(-5.56131819963552E-33,1.22464679914735E-16,1.));
#8347=DIRECTION('',(5.56131819963552E-33,-1.22464679914735E-16,-1.));
#8348=DIRECTION('',(1.,9.08232186375291E-17,-5.56131819963552E-33));
#8349=DIRECTION('',(-5.56131819963552E-33,1.22464679914735E-16,1.));
#8350=DIRECTION('',(-1.,-9.08232186375291E-17,5.56131819963552E-33));
#8351=DIRECTION('',(5.56131819963552E-33,-1.22464679914735E-16,-1.));
#8352=DIRECTION('',(1.,9.08232186375291E-17,-5.56131819963552E-33));
#8353=DIRECTION('',(-5.56131819963552E-33,1.22464679914735E-16,1.));
#8354=DIRECTION('',(5.56131819963552E-33,-1.22464679914735E-16,-1.));
#8355=DIRECTION('',(1.,9.08232186375291E-17,-5.56131819963552E-33));
#8356=DIRECTION('',(-5.56131819963552E-33,1.22464679914735E-16,1.));
#8357=DIRECTION('',(-1.,-9.08232186375291E-17,5.56131819963552E-33));
#8358=DIRECTION('',(5.56131819963552E-33,-1.22464679914735E-16,-1.));
#8359=DIRECTION('',(1.,9.08232186375291E-17,-5.56131819963552E-33));
#8360=DIRECTION('',(-5.56131819963552E-33,1.22464679914735E-16,1.));
#8361=DIRECTION('',(5.56131819963552E-33,-1.22464679914735E-16,-1.));
#8362=DIRECTION('',(1.,9.08232186375291E-17,-5.56131819963552E-33));
#8363=DIRECTION('',(-5.56131819963552E-33,1.22464679914735E-16,1.));
#8364=DIRECTION('',(-1.,-9.08232186375291E-17,5.56131819963552E-33));
#8365=DIRECTION('',(5.56131819963552E-33,-1.22464679914735E-16,-1.));
#8366=DIRECTION('',(1.,9.08232186375291E-17,-5.56131819963552E-33));
#8367=DIRECTION('',(-5.56131819963552E-33,1.22464679914735E-16,1.));
#8368=DIRECTION('',(5.56131819963552E-33,-1.22464679914735E-16,-1.));
#8369=DIRECTION('',(1.,9.08232186375291E-17,-5.56131819963552E-33));
#8370=DIRECTION('',(-5.56131819963552E-33,1.22464679914735E-16,1.));
#8371=DIRECTION('',(-1.,-9.08232186375291E-17,5.56131819963552E-33));
#8372=DIRECTION('',(5.56131819963552E-33,-1.22464679914735E-16,-1.));
#8373=DIRECTION('',(1.,9.08232186375291E-17,-5.56131819963552E-33));
#8374=DIRECTION('',(-5.56131819963552E-33,1.22464679914735E-16,1.));
#8375=DIRECTION('',(5.56131819963552E-33,-1.22464679914735E-16,-1.));
#8376=DIRECTION('',(1.,9.08232186375291E-17,-5.56131819963552E-33));
#8377=DIRECTION('',(-5.56131819963552E-33,1.22464679914735E-16,1.));
#8378=DIRECTION('',(-5.56131819963552E-33,1.22464679914735E-16,1.));
#8379=DIRECTION('',(-1.,-9.08232186375291E-17,5.56131819963552E-33));
#8380=DIRECTION('',(5.56131819963552E-33,-1.22464679914735E-16,-1.));
#8381=DIRECTION('',(1.,9.08232186375291E-17,-5.56131819963552E-33));
#8382=DIRECTION('',(-5.56131819963552E-33,1.22464679914735E-16,1.));
#8383=DIRECTION('',(5.56131819963552E-33,-1.22464679914735E-16,-1.));
#8384=DIRECTION('',(1.,9.08232186375291E-17,-5.56131819963552E-33));
#8385=DIRECTION('',(-5.56131819963552E-33,1.22464679914735E-16,1.));
#8386=DIRECTION('',(-1.,-9.08232186375291E-17,5.56131819963552E-33));
#8387=DIRECTION('',(5.56131819963552E-33,-1.22464679914735E-16,-1.));
#8388=DIRECTION('',(1.,9.08232186375291E-17,-5.56131819963552E-33));
#8389=DIRECTION('',(-5.56131819963552E-33,1.22464679914735E-16,1.));
#8390=DIRECTION('',(5.56131819963552E-33,-1.22464679914735E-16,-1.));
#8391=DIRECTION('',(1.,9.08232186375291E-17,-5.56131819963552E-33));
#8392=DIRECTION('',(-5.56131819963552E-33,1.22464679914735E-16,1.));
#8393=DIRECTION('',(-1.,-9.08232186375291E-17,5.56131819963552E-33));
#8394=DIRECTION('',(5.56131819963552E-33,-1.22464679914735E-16,-1.));
#8395=DIRECTION('',(1.,9.08232186375291E-17,-5.56131819963552E-33));
#8396=DIRECTION('',(-5.56131819963552E-33,1.22464679914735E-16,1.));
#8397=DIRECTION('',(5.56131819963552E-33,-1.22464679914735E-16,-1.));
#8398=DIRECTION('',(1.,9.08232186375291E-17,-5.56131819963552E-33));
#8399=DIRECTION('',(-5.56131819963552E-33,1.22464679914735E-16,1.));
#8400=DIRECTION('',(-1.,-9.08232186375291E-17,5.56131819963552E-33));
#8401=DIRECTION('',(5.56131819963552E-33,-1.22464679914735E-16,-1.));
#8402=DIRECTION('',(1.,9.08232186375291E-17,-5.56131819963552E-33));
#8403=DIRECTION('',(-5.56131819963552E-33,1.22464679914735E-16,1.));
#8404=DIRECTION('',(5.56131819963552E-33,-1.22464679914735E-16,-1.));
#8405=DIRECTION('',(1.,9.08232186375291E-17,-5.56131819963552E-33));
#8406=DIRECTION('',(-5.56131819963552E-33,1.22464679914735E-16,1.));
#8407=DIRECTION('',(-1.,-9.08232186375291E-17,5.56131819963552E-33));
#8408=DIRECTION('',(5.56131819963552E-33,-1.22464679914735E-16,-1.));
#8409=DIRECTION('',(1.,9.08232186375291E-17,-5.56131819963552E-33));
#8410=DIRECTION('',(-5.56131819963552E-33,1.22464679914735E-16,1.));
#8411=DIRECTION('',(5.56131819963552E-33,-1.22464679914735E-16,-1.));
#8412=DIRECTION('',(1.,9.08232186375291E-17,-5.56131819963552E-33));
#8413=DIRECTION('',(-5.56131819963552E-33,1.22464679914735E-16,1.));
#8414=DIRECTION('',(-1.,-9.08232186375291E-17,5.56131819963552E-33));
#8415=DIRECTION('',(5.56131819963552E-33,-1.22464679914735E-16,-1.));
#8416=DIRECTION('',(1.,9.08232186375291E-17,-5.56131819963552E-33));
#8417=DIRECTION('',(-5.56131819963552E-33,1.22464679914735E-16,1.));
#8418=DIRECTION('',(5.56131819963552E-33,-1.22464679914735E-16,-1.));
#8419=DIRECTION('',(1.,9.08232186375291E-17,-5.56131819963552E-33));
#8420=DIRECTION('',(-5.56131819963552E-33,1.22464679914735E-16,1.));
#8421=DIRECTION('',(-1.,-9.08232186375291E-17,5.56131819963552E-33));
#8422=DIRECTION('',(5.56131819963552E-33,-1.22464679914735E-16,-1.));
#8423=DIRECTION('',(1.,9.08232186375291E-17,-5.56131819963552E-33));
#8424=DIRECTION('',(-5.56131819963552E-33,1.22464679914735E-16,1.));
#8425=DIRECTION('',(5.56131819963552E-33,-1.22464679914735E-16,-1.));
#8426=DIRECTION('',(1.,9.08232186375291E-17,-5.56131819963552E-33));
#8427=DIRECTION('',(-5.56131819963552E-33,1.22464679914735E-16,1.));
#8428=DIRECTION('',(-1.,-9.08232186375291E-17,5.56131819963552E-33));
#8429=DIRECTION('',(5.56131819963552E-33,-1.22464679914735E-16,-1.));
#8430=DIRECTION('',(1.,9.08232186375291E-17,-5.56131819963552E-33));
#8431=DIRECTION('',(-5.56131819963552E-33,1.22464679914735E-16,1.));
#8432=DIRECTION('',(5.56131819963552E-33,-1.22464679914735E-16,-1.));
#8433=DIRECTION('',(1.,9.08232186375291E-17,-5.56131819963552E-33));
#8434=DIRECTION('',(-5.56131819963552E-33,1.22464679914735E-16,1.));
#8435=DIRECTION('',(-1.,-9.08232186375291E-17,5.56131819963552E-33));
#8436=DIRECTION('',(5.56131819963552E-33,-1.22464679914735E-16,-1.));
#8437=DIRECTION('',(1.,9.08232186375291E-17,-5.56131819963552E-33));
#8438=DIRECTION('',(-5.56131819963552E-33,1.22464679914735E-16,1.));
#8439=DIRECTION('',(5.56131819963552E-33,-1.22464679914735E-16,-1.));
#8440=DIRECTION('',(1.,9.08232186375291E-17,-5.56131819963552E-33));
#8441=DIRECTION('',(-5.56131819963552E-33,1.22464679914735E-16,1.));
#8442=DIRECTION('',(-1.,-9.08232186375291E-17,5.56131819963552E-33));
#8443=DIRECTION('',(5.56131819963552E-33,-1.22464679914735E-16,-1.));
#8444=DIRECTION('',(1.,9.08232186375291E-17,-5.56131819963552E-33));
#8445=DIRECTION('',(-5.56131819963552E-33,1.22464679914735E-16,1.));
#8446=DIRECTION('',(5.56131819963552E-33,-1.22464679914735E-16,-1.));
#8447=DIRECTION('',(1.,9.08232186375291E-17,-5.56131819963552E-33));
#8448=DIRECTION('',(-5.56131819963552E-33,1.22464679914735E-16,1.));
#8449=DIRECTION('',(-1.,-9.08232186375291E-17,5.56131819963552E-33));
#8450=DIRECTION('',(5.56131819963552E-33,-1.22464679914735E-16,-1.));
#8451=DIRECTION('',(1.,9.08232186375291E-17,-5.56131819963552E-33));
#8452=DIRECTION('',(-5.56131819963552E-33,1.22464679914735E-16,1.));
#8453=DIRECTION('',(5.56131819963552E-33,-1.22464679914735E-16,-1.));
#8454=DIRECTION('',(1.,9.08232186375291E-17,-5.56131819963552E-33));
#8455=DIRECTION('',(-5.56131819963552E-33,1.22464679914735E-16,1.));
#8456=DIRECTION('',(-1.,-9.08232186375291E-17,5.56131819963552E-33));
#8457=DIRECTION('',(5.56131819963552E-33,-1.22464679914735E-16,-1.));
#8458=DIRECTION('',(1.,9.08232186375291E-17,-5.56131819963552E-33));
#8459=DIRECTION('',(-5.56131819963552E-33,1.22464679914735E-16,1.));
#8460=DIRECTION('',(5.56131819963552E-33,-1.22464679914735E-16,-1.));
#8461=DIRECTION('',(1.,9.08232186375291E-17,-5.56131819963552E-33));
#8462=DIRECTION('',(-5.56131819963552E-33,1.22464679914735E-16,1.));
#8463=DIRECTION('',(-1.,-9.08232186375291E-17,5.56131819963552E-33));
#8464=DIRECTION('',(5.56131819963552E-33,-1.22464679914735E-16,-1.));
#8465=DIRECTION('',(1.,9.08232186375291E-17,-5.56131819963552E-33));
#8466=DIRECTION('',(-5.56131819963552E-33,1.22464679914735E-16,1.));
#8467=DIRECTION('',(5.56131819963552E-33,-1.22464679914735E-16,-1.));
#8468=DIRECTION('',(1.,9.08232186375291E-17,-5.56131819963552E-33));
#8469=DIRECTION('',(-5.56131819963552E-33,1.22464679914735E-16,1.));
#8470=DIRECTION('',(-1.,-9.08232186375291E-17,5.56131819963552E-33));
#8471=DIRECTION('',(-5.56131819963552E-33,1.22464679914735E-16,1.));
#8472=DIRECTION('',(1.,9.08232186375291E-17,-5.56131819963552E-33));
#8473=DIRECTION('',(-5.56131819963552E-33,1.22464679914735E-16,1.));
#8474=DIRECTION('',(-5.56131819963552E-33,1.22464679914735E-16,1.));
#8475=DIRECTION('',(1.,9.08232186375291E-17,-5.56131819963552E-33));
#8476=DIRECTION('',(-5.56131819963552E-33,1.22464679914735E-16,1.));
#8477=DIRECTION('',(-1.,-9.08232186375291E-17,5.56131819963552E-33));
#8478=DIRECTION('',(-5.56131819963552E-33,1.22464679914735E-16,1.));
#8479=DIRECTION('',(1.,9.08232186375291E-17,-5.56131819963552E-33));
#8480=DIRECTION('',(-5.56131819963552E-33,1.22464679914735E-16,1.));
#8481=DIRECTION('',(-5.56131819963552E-33,1.22464679914735E-16,1.));
#8482=DIRECTION('',(1.,9.08232186375291E-17,-5.56131819963552E-33));
#8483=DIRECTION('',(-5.56131819963552E-33,1.22464679914735E-16,1.));
#8484=DIRECTION('',(-1.,-9.08232186375291E-17,5.56131819963552E-33));
#8485=DIRECTION('',(-5.56131819963552E-33,1.22464679914735E-16,1.));
#8486=DIRECTION('',(1.,9.08232186375291E-17,-5.56131819963552E-33));
#8487=DIRECTION('',(-5.56131819963552E-33,1.22464679914735E-16,1.));
#8488=DIRECTION('',(-5.56131819963552E-33,1.22464679914735E-16,1.));
#8489=DIRECTION('',(1.,9.08232186375291E-17,-5.56131819963552E-33));
#8490=DIRECTION('',(-5.56131819963552E-33,1.22464679914735E-16,1.));
#8491=DIRECTION('',(-1.,-9.08232186375291E-17,5.56131819963552E-33));
#8492=DIRECTION('',(-5.56131819963552E-33,1.22464679914735E-16,1.));
#8493=DIRECTION('',(1.,9.08232186375291E-17,-5.56131819963552E-33));
#8494=DIRECTION('',(-5.56131819963552E-33,1.22464679914735E-16,1.));
#8495=DIRECTION('',(-5.56131819963552E-33,1.22464679914735E-16,1.));
#8496=DIRECTION('',(1.,9.08232186375291E-17,-5.56131819963552E-33));
#8497=DIRECTION('',(-5.56131819963552E-33,1.22464679914735E-16,1.));
#8498=DIRECTION('',(-1.,-9.08232186375291E-17,5.56131819963552E-33));
#8499=DIRECTION('',(-5.56131819963552E-33,1.22464679914735E-16,1.));
#8500=DIRECTION('',(1.,9.08232186375291E-17,-5.56131819963552E-33));
#8501=DIRECTION('',(-5.56131819963552E-33,1.22464679914735E-16,1.));
#8502=DIRECTION('',(-5.56131819963552E-33,1.22464679914735E-16,1.));
#8503=DIRECTION('',(1.,9.08232186375291E-17,-5.56131819963552E-33));
#8504=DIRECTION('',(-5.56131819963552E-33,1.22464679914735E-16,1.));
#8505=DIRECTION('',(-1.,-9.08232186375291E-17,5.56131819963552E-33));
#8506=DIRECTION('',(-5.56131819963552E-33,1.22464679914735E-16,1.));
#8507=DIRECTION('',(1.,9.08232186375291E-17,-5.56131819963552E-33));
#8508=DIRECTION('',(-5.56131819963552E-33,1.22464679914735E-16,1.));
#8509=DIRECTION('',(-5.56131819963552E-33,1.22464679914735E-16,1.));
#8510=DIRECTION('',(1.,9.08232186375291E-17,-5.56131819963552E-33));
#8511=DIRECTION('',(-5.56131819963552E-33,1.22464679914735E-16,1.));
#8512=DIRECTION('',(-1.,-9.08232186375291E-17,5.56131819963552E-33));
#8513=DIRECTION('',(-5.56131819963552E-33,1.22464679914735E-16,1.));
#8514=DIRECTION('',(1.,9.08232186375291E-17,-5.56131819963552E-33));
#8515=DIRECTION('',(-5.56131819963552E-33,1.22464679914735E-16,1.));
#8516=DIRECTION('',(-5.56131819963552E-33,1.22464679914735E-16,1.));
#8517=DIRECTION('',(1.,9.08232186375291E-17,-5.56131819963552E-33));
#8518=DIRECTION('',(-5.56131819963552E-33,1.22464679914735E-16,1.));
#8519=DIRECTION('',(-1.,-9.08232186375291E-17,5.56131819963552E-33));
#8520=DIRECTION('',(-5.56131819963552E-33,1.22464679914735E-16,1.));
#8521=DIRECTION('',(1.,9.08232186375291E-17,-5.56131819963552E-33));
#8522=DIRECTION('',(-5.56131819963552E-33,1.22464679914735E-16,1.));
#8523=DIRECTION('',(-5.56131819963552E-33,1.22464679914735E-16,1.));
#8524=DIRECTION('',(1.,9.08232186375291E-17,-5.56131819963552E-33));
#8525=DIRECTION('',(-5.56131819963552E-33,1.22464679914735E-16,1.));
#8526=DIRECTION('',(-1.,-9.08232186375291E-17,5.56131819963552E-33));
#8527=DIRECTION('',(-5.56131819963552E-33,1.22464679914735E-16,1.));
#8528=DIRECTION('',(1.,9.08232186375291E-17,-5.56131819963552E-33));
#8529=DIRECTION('',(-5.56131819963552E-33,1.22464679914735E-16,1.));
#8530=DIRECTION('',(-5.56131819963552E-33,1.22464679914735E-16,1.));
#8531=DIRECTION('',(1.,9.08232186375291E-17,-5.56131819963552E-33));
#8532=DIRECTION('',(-5.56131819963552E-33,1.22464679914735E-16,1.));
#8533=DIRECTION('',(-1.,-9.08232186375291E-17,5.56131819963552E-33));
#8534=DIRECTION('',(-5.56131819963552E-33,1.22464679914735E-16,1.));
#8535=DIRECTION('',(1.,9.08232186375291E-17,-5.56131819963552E-33));
#8536=DIRECTION('',(-5.56131819963552E-33,1.22464679914735E-16,1.));
#8537=DIRECTION('',(-5.56131819963552E-33,1.22464679914735E-16,1.));
#8538=DIRECTION('',(1.,9.08232186375291E-17,-5.56131819963552E-33));
#8539=DIRECTION('',(-5.56131819963552E-33,1.22464679914735E-16,1.));
#8540=DIRECTION('',(-1.,-9.08232186375291E-17,5.56131819963552E-33));
#8541=DIRECTION('',(-5.56131819963552E-33,1.22464679914735E-16,1.));
#8542=DIRECTION('',(1.,9.08232186375291E-17,-5.56131819963552E-33));
#8543=DIRECTION('',(-5.56131819963552E-33,1.22464679914735E-16,1.));
#8544=DIRECTION('',(-5.56131819963552E-33,1.22464679914735E-16,1.));
#8545=DIRECTION('',(1.,9.08232186375291E-17,-5.56131819963552E-33));
#8546=DIRECTION('',(-5.56131819963552E-33,1.22464679914735E-16,1.));
#8547=DIRECTION('',(-1.,-9.08232186375291E-17,5.56131819963552E-33));
#8548=DIRECTION('',(-5.56131819963552E-33,1.22464679914735E-16,1.));
#8549=DIRECTION('',(1.,9.08232186375291E-17,-5.56131819963552E-33));
#8550=DIRECTION('',(-5.56131819963552E-33,1.22464679914735E-16,1.));
#8551=DIRECTION('',(-5.56131819963552E-33,1.22464679914735E-16,1.));
#8552=DIRECTION('',(1.,9.08232186375291E-17,-5.56131819963552E-33));
#8553=DIRECTION('',(-5.56131819963552E-33,1.22464679914735E-16,1.));
#8554=DIRECTION('',(-1.,-9.08232186375291E-17,5.56131819963552E-33));
#8555=DIRECTION('',(5.56131819963552E-33,-1.22464679914735E-16,-1.));
#8556=DIRECTION('',(1.,9.08232186375291E-17,-5.56131819963552E-33));
#8557=DIRECTION('',(-5.56131819963552E-33,1.22464679914735E-16,1.));
#8558=DIRECTION('',(5.56131819963552E-33,-1.22464679914735E-16,-1.));
#8559=DIRECTION('',(1.,9.08232186375291E-17,-5.56131819963552E-33));
#8560=DIRECTION('',(-5.56131819963552E-33,1.22464679914735E-16,1.));
#8561=DIRECTION('',(-1.,-9.08232186375291E-17,5.56131819963552E-33));
#8562=DIRECTION('',(5.56131819963552E-33,-1.22464679914735E-16,-1.));
#8563=DIRECTION('',(1.,9.08232186375291E-17,-5.56131819963552E-33));
#8564=DIRECTION('',(-5.56131819963552E-33,1.22464679914735E-16,1.));
#8565=DIRECTION('',(5.56131819963552E-33,-1.22464679914735E-16,-1.));
#8566=DIRECTION('',(1.,9.08232186375291E-17,-5.56131819963552E-33));
#8567=DIRECTION('',(-5.56131819963552E-33,1.22464679914735E-16,1.));
#8568=DIRECTION('',(-1.,-9.08232186375291E-17,5.56131819963552E-33));
#8569=DIRECTION('',(5.56131819963552E-33,-1.22464679914735E-16,-1.));
#8570=DIRECTION('',(1.,9.08232186375291E-17,-5.56131819963552E-33));
#8571=DIRECTION('',(-5.56131819963552E-33,1.22464679914735E-16,1.));
#8572=DIRECTION('',(5.56131819963552E-33,-1.22464679914735E-16,-1.));
#8573=DIRECTION('',(1.,9.08232186375291E-17,-5.56131819963552E-33));
#8574=DIRECTION('',(-5.56131819963552E-33,1.22464679914735E-16,1.));
#8575=DIRECTION('',(-1.,-9.08232186375291E-17,5.56131819963552E-33));
#8576=DIRECTION('',(5.56131819963552E-33,-1.22464679914735E-16,-1.));
#8577=DIRECTION('',(1.,9.08232186375291E-17,-5.56131819963552E-33));
#8578=DIRECTION('',(-5.56131819963552E-33,1.22464679914735E-16,1.));
#8579=DIRECTION('',(5.56131819963552E-33,-1.22464679914735E-16,-1.));
#8580=DIRECTION('',(1.,9.08232186375291E-17,-5.56131819963552E-33));
#8581=DIRECTION('',(-5.56131819963552E-33,1.22464679914735E-16,1.));
#8582=DIRECTION('',(-1.,-9.08232186375291E-17,5.56131819963552E-33));
#8583=DIRECTION('',(5.56131819963552E-33,-1.22464679914735E-16,-1.));
#8584=DIRECTION('',(1.,9.08232186375291E-17,-5.56131819963552E-33));
#8585=DIRECTION('',(-5.56131819963552E-33,1.22464679914735E-16,1.));
#8586=DIRECTION('',(5.56131819963552E-33,-1.22464679914735E-16,-1.));
#8587=DIRECTION('',(1.,9.08232186375291E-17,-5.56131819963552E-33));
#8588=DIRECTION('',(-5.56131819963552E-33,1.22464679914735E-16,1.));
#8589=DIRECTION('',(-1.,-9.08232186375291E-17,5.56131819963552E-33));
#8590=DIRECTION('',(5.56131819963552E-33,-1.22464679914735E-16,-1.));
#8591=DIRECTION('',(1.,9.08232186375291E-17,-5.56131819963552E-33));
#8592=DIRECTION('',(-5.56131819963552E-33,1.22464679914735E-16,1.));
#8593=DIRECTION('',(5.56131819963552E-33,-1.22464679914735E-16,-1.));
#8594=DIRECTION('',(1.,9.08232186375291E-17,-5.56131819963552E-33));
#8595=DIRECTION('',(-5.56131819963552E-33,1.22464679914735E-16,1.));
#8596=DIRECTION('',(-1.,-9.08232186375291E-17,5.56131819963552E-33));
#8597=DIRECTION('',(5.56131819963552E-33,-1.22464679914735E-16,-1.));
#8598=DIRECTION('',(1.,9.08232186375291E-17,-5.56131819963552E-33));
#8599=DIRECTION('',(-5.56131819963552E-33,1.22464679914735E-16,1.));
#8600=DIRECTION('',(5.56131819963552E-33,-1.22464679914735E-16,-1.));
#8601=DIRECTION('',(1.,9.08232186375291E-17,-5.56131819963552E-33));
#8602=DIRECTION('',(-5.56131819963552E-33,1.22464679914735E-16,1.));
#8603=DIRECTION('',(-1.,-9.08232186375291E-17,5.56131819963552E-33));
#8604=DIRECTION('',(5.56131819963552E-33,-1.22464679914735E-16,-1.));
#8605=DIRECTION('',(1.,9.08232186375291E-17,-5.56131819963552E-33));
#8606=DIRECTION('',(-5.56131819963552E-33,1.22464679914735E-16,1.));
#8607=DIRECTION('',(5.56131819963552E-33,-1.22464679914735E-16,-1.));
#8608=DIRECTION('',(1.,9.08232186375291E-17,-5.56131819963552E-33));
#8609=DIRECTION('',(-5.56131819963552E-33,1.22464679914735E-16,1.));
#8610=DIRECTION('',(-1.,-9.08232186375291E-17,5.56131819963552E-33));
#8611=DIRECTION('',(5.56131819963552E-33,-1.22464679914735E-16,-1.));
#8612=DIRECTION('',(1.,9.08232186375291E-17,-5.56131819963552E-33));
#8613=DIRECTION('',(-5.56131819963552E-33,1.22464679914735E-16,1.));
#8614=DIRECTION('',(5.56131819963552E-33,-1.22464679914735E-16,-1.));
#8615=DIRECTION('',(1.,9.08232186375291E-17,-5.56131819963552E-33));
#8616=DIRECTION('',(-5.56131819963552E-33,1.22464679914735E-16,1.));
#8617=DIRECTION('',(-1.,-9.08232186375291E-17,5.56131819963552E-33));
#8618=DIRECTION('',(5.56131819963552E-33,-1.22464679914735E-16,-1.));
#8619=DIRECTION('',(1.,9.08232186375291E-17,-5.56131819963552E-33));
#8620=DIRECTION('',(-5.56131819963552E-33,1.22464679914735E-16,1.));
#8621=DIRECTION('',(5.56131819963552E-33,-1.22464679914735E-16,-1.));
#8622=DIRECTION('',(1.,9.08232186375291E-17,-5.56131819963552E-33));
#8623=DIRECTION('',(-5.56131819963552E-33,1.22464679914735E-16,1.));
#8624=DIRECTION('',(-5.56131819963552E-33,1.22464679914735E-16,1.));
#8625=DIRECTION('',(-1.,-9.08232186375291E-17,5.56131819963552E-33));
#8626=DIRECTION('',(5.56131819963552E-33,-1.22464679914735E-16,-1.));
#8627=DIRECTION('',(1.,9.08232186375291E-17,-5.56131819963552E-33));
#8628=DIRECTION('',(-5.56131819963552E-33,1.22464679914735E-16,1.));
#8629=DIRECTION('',(5.56131819963552E-33,-1.22464679914735E-16,-1.));
#8630=DIRECTION('',(1.,9.08232186375291E-17,-5.56131819963552E-33));
#8631=DIRECTION('',(-5.56131819963552E-33,1.22464679914735E-16,1.));
#8632=DIRECTION('',(-1.,-9.08232186375291E-17,5.56131819963552E-33));
#8633=DIRECTION('',(5.56131819963552E-33,-1.22464679914735E-16,-1.));
#8634=DIRECTION('',(1.,9.08232186375291E-17,-5.56131819963552E-33));
#8635=DIRECTION('',(-5.56131819963552E-33,1.22464679914735E-16,1.));
#8636=DIRECTION('',(5.56131819963552E-33,-1.22464679914735E-16,-1.));
#8637=DIRECTION('',(1.,9.08232186375291E-17,-5.56131819963552E-33));
#8638=DIRECTION('',(-5.56131819963552E-33,1.22464679914735E-16,1.));
#8639=DIRECTION('',(-1.,-9.08232186375291E-17,5.56131819963552E-33));
#8640=DIRECTION('',(5.56131819963552E-33,-1.22464679914735E-16,-1.));
#8641=DIRECTION('',(1.,9.08232186375291E-17,-5.56131819963552E-33));
#8642=DIRECTION('',(-5.56131819963552E-33,1.22464679914735E-16,1.));
#8643=DIRECTION('',(5.56131819963552E-33,-1.22464679914735E-16,-1.));
#8644=DIRECTION('',(1.,9.08232186375291E-17,-5.56131819963552E-33));
#8645=DIRECTION('',(-5.56131819963552E-33,1.22464679914735E-16,1.));
#8646=DIRECTION('',(-1.,-9.08232186375291E-17,5.56131819963552E-33));
#8647=DIRECTION('',(5.56131819963552E-33,-1.22464679914735E-16,-1.));
#8648=DIRECTION('',(1.,9.08232186375291E-17,-5.56131819963552E-33));
#8649=DIRECTION('',(-5.56131819963552E-33,1.22464679914735E-16,1.));
#8650=DIRECTION('',(5.56131819963552E-33,-1.22464679914735E-16,-1.));
#8651=DIRECTION('',(1.,9.08232186375291E-17,-5.56131819963552E-33));
#8652=DIRECTION('',(-5.56131819963552E-33,1.22464679914735E-16,1.));
#8653=DIRECTION('',(-1.,-9.08232186375291E-17,5.56131819963552E-33));
#8654=DIRECTION('',(5.56131819963552E-33,-1.22464679914735E-16,-1.));
#8655=DIRECTION('',(1.,9.08232186375291E-17,-5.56131819963552E-33));
#8656=DIRECTION('',(-5.56131819963552E-33,1.22464679914735E-16,1.));
#8657=DIRECTION('',(5.56131819963552E-33,-1.22464679914735E-16,-1.));
#8658=DIRECTION('',(1.,9.08232186375291E-17,-5.56131819963552E-33));
#8659=DIRECTION('',(-5.56131819963552E-33,1.22464679914735E-16,1.));
#8660=DIRECTION('',(-1.,-9.08232186375291E-17,5.56131819963552E-33));
#8661=DIRECTION('',(5.56131819963552E-33,-1.22464679914735E-16,-1.));
#8662=DIRECTION('',(1.,9.08232186375291E-17,-5.56131819963552E-33));
#8663=DIRECTION('',(-5.56131819963552E-33,1.22464679914735E-16,1.));
#8664=DIRECTION('',(5.56131819963552E-33,-1.22464679914735E-16,-1.));
#8665=DIRECTION('',(1.,9.08232186375291E-17,-5.56131819963552E-33));
#8666=DIRECTION('',(-5.56131819963552E-33,1.22464679914735E-16,1.));
#8667=DIRECTION('',(-1.,-9.08232186375291E-17,5.56131819963552E-33));
#8668=DIRECTION('',(5.56131819963552E-33,-1.22464679914735E-16,-1.));
#8669=DIRECTION('',(1.,9.08232186375291E-17,-5.56131819963552E-33));
#8670=DIRECTION('',(-5.56131819963552E-33,1.22464679914735E-16,1.));
#8671=DIRECTION('',(5.56131819963552E-33,-1.22464679914735E-16,-1.));
#8672=DIRECTION('',(1.,9.08232186375291E-17,-5.56131819963552E-33));
#8673=DIRECTION('',(-5.56131819963552E-33,1.22464679914735E-16,1.));
#8674=DIRECTION('',(-1.,-9.08232186375291E-17,5.56131819963552E-33));
#8675=DIRECTION('',(5.56131819963552E-33,-1.22464679914735E-16,-1.));
#8676=DIRECTION('',(1.,9.08232186375291E-17,-5.56131819963552E-33));
#8677=DIRECTION('',(-5.56131819963552E-33,1.22464679914735E-16,1.));
#8678=DIRECTION('',(5.56131819963552E-33,-1.22464679914735E-16,-1.));
#8679=DIRECTION('',(1.,9.08232186375291E-17,-5.56131819963552E-33));
#8680=DIRECTION('',(-5.56131819963552E-33,1.22464679914735E-16,1.));
#8681=DIRECTION('',(-1.,-9.08232186375291E-17,5.56131819963552E-33));
#8682=DIRECTION('',(5.56131819963552E-33,-1.22464679914735E-16,-1.));
#8683=DIRECTION('',(1.,9.08232186375291E-17,-5.56131819963552E-33));
#8684=DIRECTION('',(-5.56131819963552E-33,1.22464679914735E-16,1.));
#8685=DIRECTION('',(5.56131819963552E-33,-1.22464679914735E-16,-1.));
#8686=DIRECTION('',(1.,9.08232186375291E-17,-5.56131819963552E-33));
#8687=DIRECTION('',(-5.56131819963552E-33,1.22464679914735E-16,1.));
#8688=DIRECTION('',(-1.,-9.08232186375291E-17,5.56131819963552E-33));
#8689=DIRECTION('',(-5.56131819963552E-33,1.22464679914735E-16,1.));
#8690=DIRECTION('',(1.,9.08232186375291E-17,-5.56131819963552E-33));
#8691=DIRECTION('',(-5.56131819963552E-33,1.22464679914735E-16,1.));
#8692=DIRECTION('',(-5.56131819963552E-33,1.22464679914735E-16,1.));
#8693=DIRECTION('',(1.,9.08232186375291E-17,-5.56131819963552E-33));
#8694=DIRECTION('',(-5.56131819963552E-33,1.22464679914735E-16,1.));
#8695=DIRECTION('',(-1.,-9.08232186375291E-17,5.56131819963552E-33));
#8696=DIRECTION('',(-5.56131819963552E-33,1.22464679914735E-16,1.));
#8697=DIRECTION('',(1.,9.08232186375291E-17,-5.56131819963552E-33));
#8698=DIRECTION('',(-5.56131819963552E-33,1.22464679914735E-16,1.));
#8699=DIRECTION('',(-5.56131819963552E-33,1.22464679914735E-16,1.));
#8700=DIRECTION('',(1.,9.08232186375291E-17,-5.56131819963552E-33));
#8701=DIRECTION('',(-5.56131819963552E-33,1.22464679914735E-16,1.));
#8702=DIRECTION('',(-1.,-9.08232186375291E-17,5.56131819963552E-33));
#8703=DIRECTION('',(-5.56131819963552E-33,1.22464679914735E-16,1.));
#8704=DIRECTION('',(1.,9.08232186375291E-17,-5.56131819963552E-33));
#8705=DIRECTION('',(-5.56131819963552E-33,1.22464679914735E-16,1.));
#8706=DIRECTION('',(-5.56131819963552E-33,1.22464679914735E-16,1.));
#8707=DIRECTION('',(1.,9.08232186375291E-17,-5.56131819963552E-33));
#8708=DIRECTION('',(-5.56131819963552E-33,1.22464679914735E-16,1.));
#8709=DIRECTION('',(-1.,-9.08232186375291E-17,5.56131819963552E-33));
#8710=DIRECTION('',(-5.56131819963552E-33,1.22464679914735E-16,1.));
#8711=DIRECTION('',(1.,9.08232186375291E-17,-5.56131819963552E-33));
#8712=DIRECTION('',(-5.56131819963552E-33,1.22464679914735E-16,1.));
#8713=DIRECTION('',(-5.56131819963552E-33,1.22464679914735E-16,1.));
#8714=DIRECTION('',(1.,9.08232186375291E-17,-5.56131819963552E-33));
#8715=DIRECTION('',(-5.56131819963552E-33,1.22464679914735E-16,1.));
#8716=DIRECTION('',(-1.,-9.08232186375291E-17,5.56131819963552E-33));
#8717=DIRECTION('',(-5.56131819963552E-33,1.22464679914735E-16,1.));
#8718=DIRECTION('',(1.,9.08232186375291E-17,-5.56131819963552E-33));
#8719=DIRECTION('',(-5.56131819963552E-33,1.22464679914735E-16,1.));
#8720=DIRECTION('',(-5.56131819963552E-33,1.22464679914735E-16,1.));
#8721=DIRECTION('',(1.,9.08232186375291E-17,-5.56131819963552E-33));
#8722=DIRECTION('',(-5.56131819963552E-33,1.22464679914735E-16,1.));
#8723=DIRECTION('',(-1.,-9.08232186375291E-17,5.56131819963552E-33));
#8724=DIRECTION('',(-5.56131819963552E-33,1.22464679914735E-16,1.));
#8725=DIRECTION('',(1.,9.08232186375291E-17,-5.56131819963552E-33));
#8726=DIRECTION('',(-5.56131819963552E-33,1.22464679914735E-16,1.));
#8727=DIRECTION('',(-5.56131819963552E-33,1.22464679914735E-16,1.));
#8728=DIRECTION('',(1.,9.08232186375291E-17,-5.56131819963552E-33));
#8729=DIRECTION('',(-5.56131819963552E-33,1.22464679914735E-16,1.));
#8730=DIRECTION('',(-1.,-9.08232186375291E-17,5.56131819963552E-33));
#8731=DIRECTION('',(-5.56131819963552E-33,1.22464679914735E-16,1.));
#8732=DIRECTION('',(1.,9.08232186375291E-17,-5.56131819963552E-33));
#8733=DIRECTION('',(-5.56131819963552E-33,1.22464679914735E-16,1.));
#8734=DIRECTION('',(-5.56131819963552E-33,1.22464679914735E-16,1.));
#8735=DIRECTION('',(1.,9.08232186375291E-17,-5.56131819963552E-33));
#8736=DIRECTION('',(-5.56131819963552E-33,1.22464679914735E-16,1.));
#8737=DIRECTION('',(-1.,-9.08232186375291E-17,5.56131819963552E-33));
#8738=DIRECTION('',(-5.56131819963552E-33,1.22464679914735E-16,1.));
#8739=DIRECTION('',(1.,9.08232186375291E-17,-5.56131819963552E-33));
#8740=DIRECTION('',(-5.56131819963552E-33,1.22464679914735E-16,1.));
#8741=DIRECTION('',(-5.56131819963552E-33,1.22464679914735E-16,1.));
#8742=DIRECTION('',(1.,9.08232186375291E-17,-5.56131819963552E-33));
#8743=DIRECTION('',(-5.56131819963552E-33,1.22464679914735E-16,1.));
#8744=DIRECTION('',(-1.,-9.08232186375291E-17,5.56131819963552E-33));
#8745=DIRECTION('',(-5.56131819963552E-33,1.22464679914735E-16,1.));
#8746=DIRECTION('',(1.,9.08232186375291E-17,-5.56131819963552E-33));
#8747=DIRECTION('',(-5.56131819963552E-33,1.22464679914735E-16,1.));
#8748=DIRECTION('',(-5.56131819963552E-33,1.22464679914735E-16,1.));
#8749=DIRECTION('',(1.,9.08232186375291E-17,-5.56131819963552E-33));
#8750=DIRECTION('',(-5.56131819963552E-33,1.22464679914735E-16,1.));
#8751=DIRECTION('',(-1.,-9.08232186375291E-17,5.56131819963552E-33));
#8752=DIRECTION('',(-5.56131819963552E-33,1.22464679914735E-16,1.));
#8753=DIRECTION('',(1.,9.08232186375291E-17,-5.56131819963552E-33));
#8754=DIRECTION('',(-5.56131819963552E-33,1.22464679914735E-16,1.));
#8755=DIRECTION('',(-5.56131819963552E-33,1.22464679914735E-16,1.));
#8756=DIRECTION('',(1.,9.08232186375291E-17,-5.56131819963552E-33));
#8757=DIRECTION('',(-5.56131819963552E-33,1.22464679914735E-16,1.));
#8758=DIRECTION('',(-1.,-9.08232186375291E-17,5.56131819963552E-33));
#8759=DIRECTION('',(-5.56131819963552E-33,1.22464679914735E-16,1.));
#8760=DIRECTION('',(1.,9.08232186375291E-17,-5.56131819963552E-33));
#8761=DIRECTION('',(-5.56131819963552E-33,1.22464679914735E-16,1.));
#8762=DIRECTION('',(-5.56131819963552E-33,1.22464679914735E-16,1.));
#8763=DIRECTION('',(1.,9.08232186375291E-17,-5.56131819963552E-33));
#8764=DIRECTION('',(-5.56131819963552E-33,1.22464679914735E-16,1.));
#8765=DIRECTION('',(-1.,-9.08232186375291E-17,5.56131819963552E-33));
#8766=DIRECTION('',(-5.56131819963552E-33,1.22464679914735E-16,1.));
#8767=DIRECTION('',(1.,9.08232186375291E-17,-5.56131819963552E-33));
#8768=DIRECTION('',(-5.56131819963552E-33,1.22464679914735E-16,1.));
#8769=DIRECTION('',(-5.56131819963552E-33,1.22464679914735E-16,1.));
#8770=DIRECTION('',(1.,9.08232186375291E-17,-5.56131819963552E-33));
#8771=DIRECTION('',(-5.56131819963552E-33,1.22464679914735E-16,1.));
#8772=DIRECTION('',(-1.,-9.08232186375291E-17,5.56131819963552E-33));
#8773=DIRECTION('',(-5.56131819963552E-33,1.22464679914735E-16,1.));
#8774=DIRECTION('',(1.,9.08232186375291E-17,-5.56131819963552E-33));
#8775=DIRECTION('',(-5.56131819963552E-33,1.22464679914735E-16,1.));
#8776=DIRECTION('',(-5.56131819963552E-33,1.22464679914735E-16,1.));
#8777=DIRECTION('',(1.,9.08232186375291E-17,-5.56131819963552E-33));
#8778=DIRECTION('',(-5.56131819963552E-33,1.22464679914735E-16,1.));
#8779=DIRECTION('',(-1.,-9.08232186375291E-17,5.56131819963552E-33));
#8780=DIRECTION('',(-5.56131819963552E-33,1.22464679914735E-16,1.));
#8781=DIRECTION('',(1.,9.08232186375291E-17,-5.56131819963552E-33));
#8782=DIRECTION('',(-5.56131819963552E-33,1.22464679914735E-16,1.));
#8783=DIRECTION('',(-5.56131819963552E-33,1.22464679914735E-16,1.));
#8784=DIRECTION('',(1.,9.08232186375291E-17,-5.56131819963552E-33));
#8785=DIRECTION('',(-5.56131819963552E-33,1.22464679914735E-16,1.));
#8786=DIRECTION('',(-1.,-9.08232186375291E-17,5.56131819963552E-33));
#8787=DIRECTION('',(-5.56131819963552E-33,1.22464679914735E-16,1.));
#8788=DIRECTION('',(1.,9.08232186375291E-17,-5.56131819963552E-33));
#8789=DIRECTION('',(-5.56131819963552E-33,1.22464679914735E-16,1.));
#8790=DIRECTION('',(-5.56131819963552E-33,1.22464679914735E-16,1.));
#8791=DIRECTION('',(1.,9.08232186375291E-17,-5.56131819963552E-33));
#8792=DIRECTION('',(-5.56131819963552E-33,1.22464679914735E-16,1.));
#8793=DIRECTION('',(-1.,-9.08232186375291E-17,5.56131819963552E-33));
#8794=DIRECTION('',(-5.56131819963552E-33,1.22464679914735E-16,1.));
#8795=DIRECTION('',(1.,9.08232186375291E-17,-5.56131819963552E-33));
#8796=DIRECTION('',(-5.56131819963552E-33,1.22464679914735E-16,1.));
#8797=DIRECTION('',(-5.56131819963552E-33,1.22464679914735E-16,1.));
#8798=DIRECTION('',(1.,9.08232186375291E-17,-5.56131819963552E-33));
#8799=DIRECTION('',(-5.56131819963552E-33,1.22464679914735E-16,1.));
#8800=DIRECTION('',(-1.,-9.08232186375291E-17,5.56131819963552E-33));
#8801=DIRECTION('',(5.56131819963552E-33,-1.22464679914735E-16,-1.));
#8802=DIRECTION('',(1.,9.08232186375291E-17,-5.56131819963552E-33));
#8803=DIRECTION('',(-5.56131819963552E-33,1.22464679914735E-16,1.));
#8804=DIRECTION('',(5.56131819963552E-33,-1.22464679914735E-16,-1.));
#8805=DIRECTION('',(1.,9.08232186375291E-17,-5.56131819963552E-33));
#8806=DIRECTION('',(-5.56131819963552E-33,1.22464679914735E-16,1.));
#8807=DIRECTION('',(-1.,-9.08232186375291E-17,5.56131819963552E-33));
#8808=DIRECTION('',(5.56131819963552E-33,-1.22464679914735E-16,-1.));
#8809=DIRECTION('',(1.,9.08232186375291E-17,-5.56131819963552E-33));
#8810=DIRECTION('',(-5.56131819963552E-33,1.22464679914735E-16,1.));
#8811=DIRECTION('',(5.56131819963552E-33,-1.22464679914735E-16,-1.));
#8812=DIRECTION('',(1.,9.08232186375291E-17,-5.56131819963552E-33));
#8813=DIRECTION('',(-5.56131819963552E-33,1.22464679914735E-16,1.));
#8814=DIRECTION('',(-1.,-9.08232186375291E-17,5.56131819963552E-33));
#8815=DIRECTION('',(5.56131819963552E-33,-1.22464679914735E-16,-1.));
#8816=DIRECTION('',(1.,9.08232186375291E-17,-5.56131819963552E-33));
#8817=DIRECTION('',(-5.56131819963552E-33,1.22464679914735E-16,1.));
#8818=DIRECTION('',(5.56131819963552E-33,-1.22464679914735E-16,-1.));
#8819=DIRECTION('',(1.,9.08232186375291E-17,-5.56131819963552E-33));
#8820=DIRECTION('',(-5.56131819963552E-33,1.22464679914735E-16,1.));
#8821=DIRECTION('',(-1.,-9.08232186375291E-17,5.56131819963552E-33));
#8822=DIRECTION('',(5.56131819963552E-33,-1.22464679914735E-16,-1.));
#8823=DIRECTION('',(1.,9.08232186375291E-17,-5.56131819963552E-33));
#8824=DIRECTION('',(-5.56131819963552E-33,1.22464679914735E-16,1.));
#8825=DIRECTION('',(5.56131819963552E-33,-1.22464679914735E-16,-1.));
#8826=DIRECTION('',(1.,9.08232186375291E-17,-5.56131819963552E-33));
#8827=DIRECTION('',(-5.56131819963552E-33,1.22464679914735E-16,1.));
#8828=DIRECTION('',(-1.,-9.08232186375291E-17,5.56131819963552E-33));
#8829=DIRECTION('',(5.56131819963552E-33,-1.22464679914735E-16,-1.));
#8830=DIRECTION('',(1.,9.08232186375291E-17,-5.56131819963552E-33));
#8831=DIRECTION('',(-5.56131819963552E-33,1.22464679914735E-16,1.));
#8832=DIRECTION('',(5.56131819963552E-33,-1.22464679914735E-16,-1.));
#8833=DIRECTION('',(1.,9.08232186375291E-17,-5.56131819963552E-33));
#8834=DIRECTION('',(-5.56131819963552E-33,1.22464679914735E-16,1.));
#8835=DIRECTION('',(-1.,-9.08232186375291E-17,5.56131819963552E-33));
#8836=DIRECTION('',(5.56131819963552E-33,-1.22464679914735E-16,-1.));
#8837=DIRECTION('',(1.,9.08232186375291E-17,-5.56131819963552E-33));
#8838=DIRECTION('',(-5.56131819963552E-33,1.22464679914735E-16,1.));
#8839=DIRECTION('',(5.56131819963552E-33,-1.22464679914735E-16,-1.));
#8840=DIRECTION('',(1.,9.08232186375291E-17,-5.56131819963552E-33));
#8841=DIRECTION('',(-5.56131819963552E-33,1.22464679914735E-16,1.));
#8842=DIRECTION('',(-1.,-9.08232186375291E-17,5.56131819963552E-33));
#8843=DIRECTION('',(5.56131819963552E-33,-1.22464679914735E-16,-1.));
#8844=DIRECTION('',(1.,9.08232186375291E-17,-5.56131819963552E-33));
#8845=DIRECTION('',(-5.56131819963552E-33,1.22464679914735E-16,1.));
#8846=DIRECTION('',(5.56131819963552E-33,-1.22464679914735E-16,-1.));
#8847=DIRECTION('',(1.,9.08232186375291E-17,-5.56131819963552E-33));
#8848=DIRECTION('',(-5.56131819963552E-33,1.22464679914735E-16,1.));
#8849=DIRECTION('',(-1.,-9.08232186375291E-17,5.56131819963552E-33));
#8850=DIRECTION('',(5.56131819963552E-33,-1.22464679914735E-16,-1.));
#8851=DIRECTION('',(1.,9.08232186375291E-17,-5.56131819963552E-33));
#8852=DIRECTION('',(-5.56131819963552E-33,1.22464679914735E-16,1.));
#8853=DIRECTION('',(5.56131819963552E-33,-1.22464679914735E-16,-1.));
#8854=DIRECTION('',(1.,9.08232186375291E-17,-5.56131819963552E-33));
#8855=DIRECTION('',(-5.56131819963552E-33,1.22464679914735E-16,1.));
#8856=DIRECTION('',(-1.,-9.08232186375291E-17,5.56131819963552E-33));
#8857=DIRECTION('',(5.56131819963552E-33,-1.22464679914735E-16,-1.));
#8858=DIRECTION('',(1.,9.08232186375291E-17,-5.56131819963552E-33));
#8859=DIRECTION('',(-5.56131819963552E-33,1.22464679914735E-16,1.));
#8860=DIRECTION('',(5.56131819963552E-33,-1.22464679914735E-16,-1.));
#8861=DIRECTION('',(1.,9.08232186375291E-17,-5.56131819963552E-33));
#8862=DIRECTION('',(-5.56131819963552E-33,1.22464679914735E-16,1.));
#8863=DIRECTION('',(-1.,-9.08232186375291E-17,5.56131819963552E-33));
#8864=DIRECTION('',(5.56131819963552E-33,-1.22464679914735E-16,-1.));
#8865=DIRECTION('',(1.,9.08232186375291E-17,-5.56131819963552E-33));
#8866=DIRECTION('',(-5.56131819963552E-33,1.22464679914735E-16,1.));
#8867=DIRECTION('',(5.56131819963552E-33,-1.22464679914735E-16,-1.));
#8868=DIRECTION('',(1.,9.08232186375291E-17,-5.56131819963552E-33));
#8869=DIRECTION('',(-5.56131819963552E-33,1.22464679914735E-16,1.));
#8870=DIRECTION('',(-1.,-9.08232186375291E-17,5.56131819963552E-33));
#8871=DIRECTION('',(5.56131819963552E-33,-1.22464679914735E-16,-1.));
#8872=DIRECTION('',(1.,9.08232186375291E-17,-5.56131819963552E-33));
#8873=DIRECTION('',(-5.56131819963552E-33,1.22464679914735E-16,1.));
#8874=DIRECTION('',(5.56131819963552E-33,-1.22464679914735E-16,-1.));
#8875=DIRECTION('',(1.,9.08232186375291E-17,-5.56131819963552E-33));
#8876=DIRECTION('',(-5.56131819963552E-33,1.22464679914735E-16,1.));
#8877=DIRECTION('',(-1.,-9.08232186375291E-17,5.56131819963552E-33));
#8878=DIRECTION('',(5.56131819963552E-33,-1.22464679914735E-16,-1.));
#8879=DIRECTION('',(1.,9.08232186375291E-17,-5.56131819963552E-33));
#8880=DIRECTION('',(-5.56131819963552E-33,1.22464679914735E-16,1.));
#8881=DIRECTION('',(5.56131819963552E-33,-1.22464679914735E-16,-1.));
#8882=DIRECTION('',(1.,9.08232186375291E-17,-5.56131819963552E-33));
#8883=DIRECTION('',(-5.56131819963552E-33,1.22464679914735E-16,1.));
#8884=DIRECTION('',(-1.,-9.08232186375291E-17,5.56131819963552E-33));
#8885=DIRECTION('',(5.56131819963552E-33,-1.22464679914735E-16,-1.));
#8886=DIRECTION('',(1.,9.08232186375291E-17,-5.56131819963552E-33));
#8887=DIRECTION('',(-5.56131819963552E-33,1.22464679914735E-16,1.));
#8888=DIRECTION('',(5.56131819963552E-33,-1.22464679914735E-16,-1.));
#8889=DIRECTION('',(1.,9.08232186375291E-17,-5.56131819963552E-33));
#8890=DIRECTION('',(-5.56131819963552E-33,1.22464679914735E-16,1.));
#8891=DIRECTION('',(-1.,-9.08232186375291E-17,5.56131819963552E-33));
#8892=DIRECTION('',(5.56131819963552E-33,-1.22464679914735E-16,-1.));
#8893=DIRECTION('',(1.,9.08232186375291E-17,-5.56131819963552E-33));
#8894=DIRECTION('',(-5.56131819963552E-33,1.22464679914735E-16,1.));
#8895=DIRECTION('',(5.56131819963552E-33,-1.22464679914735E-16,-1.));
#8896=DIRECTION('',(1.,9.08232186375291E-17,-5.56131819963552E-33));
#8897=DIRECTION('',(-5.56131819963552E-33,1.22464679914735E-16,1.));
#8898=DIRECTION('',(-5.56131819963552E-33,1.22464679914735E-16,1.));
#8899=DIRECTION('',(-1.,-9.08232186375291E-17,5.56131819963552E-33));
#8900=DIRECTION('',(5.56131819963552E-33,-1.22464679914735E-16,-1.));
#8901=DIRECTION('',(1.,9.08232186375291E-17,-5.56131819963552E-33));
#8902=DIRECTION('',(-5.56131819963552E-33,1.22464679914735E-16,1.));
#8903=DIRECTION('',(5.56131819963552E-33,-1.22464679914735E-16,-1.));
#8904=DIRECTION('',(1.,9.08232186375291E-17,-5.56131819963552E-33));
#8905=DIRECTION('',(-5.56131819963552E-33,1.22464679914735E-16,1.));
#8906=DIRECTION('',(-1.,-9.08232186375291E-17,5.56131819963552E-33));
#8907=DIRECTION('',(5.56131819963552E-33,-1.22464679914735E-16,-1.));
#8908=DIRECTION('',(1.,9.08232186375291E-17,-5.56131819963552E-33));
#8909=DIRECTION('',(-5.56131819963552E-33,1.22464679914735E-16,1.));
#8910=DIRECTION('',(5.56131819963552E-33,-1.22464679914735E-16,-1.));
#8911=DIRECTION('',(1.,9.08232186375291E-17,-5.56131819963552E-33));
#8912=DIRECTION('',(-5.56131819963552E-33,1.22464679914735E-16,1.));
#8913=DIRECTION('',(-1.,-9.08232186375291E-17,5.56131819963552E-33));
#8914=DIRECTION('',(5.56131819963552E-33,-1.22464679914735E-16,-1.));
#8915=DIRECTION('',(1.,9.08232186375291E-17,-5.56131819963552E-33));
#8916=DIRECTION('',(-5.56131819963552E-33,1.22464679914735E-16,1.));
#8917=DIRECTION('',(5.56131819963552E-33,-1.22464679914735E-16,-1.));
#8918=DIRECTION('',(1.,9.08232186375291E-17,-5.56131819963552E-33));
#8919=DIRECTION('',(-5.56131819963552E-33,1.22464679914735E-16,1.));
#8920=DIRECTION('',(-1.,-9.08232186375291E-17,5.56131819963552E-33));
#8921=DIRECTION('',(5.56131819963552E-33,-1.22464679914735E-16,-1.));
#8922=DIRECTION('',(1.,9.08232186375291E-17,-5.56131819963552E-33));
#8923=DIRECTION('',(-5.56131819963552E-33,1.22464679914735E-16,1.));
#8924=DIRECTION('',(5.56131819963552E-33,-1.22464679914735E-16,-1.));
#8925=DIRECTION('',(1.,9.08232186375291E-17,-5.56131819963552E-33));
#8926=DIRECTION('',(-5.56131819963552E-33,1.22464679914735E-16,1.));
#8927=DIRECTION('',(-1.,-9.08232186375291E-17,5.56131819963552E-33));
#8928=DIRECTION('',(5.56131819963552E-33,-1.22464679914735E-16,-1.));
#8929=DIRECTION('',(1.,9.08232186375291E-17,-5.56131819963552E-33));
#8930=DIRECTION('',(-5.56131819963552E-33,1.22464679914735E-16,1.));
#8931=DIRECTION('',(5.56131819963552E-33,-1.22464679914735E-16,-1.));
#8932=DIRECTION('',(1.,9.08232186375291E-17,-5.56131819963552E-33));
#8933=DIRECTION('',(-5.56131819963552E-33,1.22464679914735E-16,1.));
#8934=DIRECTION('',(-1.,-9.08232186375291E-17,5.56131819963552E-33));
#8935=DIRECTION('',(5.56131819963552E-33,-1.22464679914735E-16,-1.));
#8936=DIRECTION('',(1.,9.08232186375291E-17,-5.56131819963552E-33));
#8937=DIRECTION('',(-5.56131819963552E-33,1.22464679914735E-16,1.));
#8938=DIRECTION('',(5.56131819963552E-33,-1.22464679914735E-16,-1.));
#8939=DIRECTION('',(1.,9.08232186375291E-17,-5.56131819963552E-33));
#8940=DIRECTION('',(-5.56131819963552E-33,1.22464679914735E-16,1.));
#8941=DIRECTION('',(-1.,-9.08232186375291E-17,5.56131819963552E-33));
#8942=DIRECTION('',(5.56131819963552E-33,-1.22464679914735E-16,-1.));
#8943=DIRECTION('',(1.,9.08232186375291E-17,-5.56131819963552E-33));
#8944=DIRECTION('',(-5.56131819963552E-33,1.22464679914735E-16,1.));
#8945=DIRECTION('',(5.56131819963552E-33,-1.22464679914735E-16,-1.));
#8946=DIRECTION('',(1.,9.08232186375291E-17,-5.56131819963552E-33));
#8947=DIRECTION('',(-5.56131819963552E-33,1.22464679914735E-16,1.));
#8948=DIRECTION('',(-1.,-9.08232186375291E-17,5.56131819963552E-33));
#8949=DIRECTION('',(5.56131819963552E-33,-1.22464679914735E-16,-1.));
#8950=DIRECTION('',(1.,9.08232186375291E-17,-5.56131819963552E-33));
#8951=DIRECTION('',(-5.56131819963552E-33,1.22464679914735E-16,1.));
#8952=DIRECTION('',(5.56131819963552E-33,-1.22464679914735E-16,-1.));
#8953=DIRECTION('',(1.,9.08232186375291E-17,-5.56131819963552E-33));
#8954=DIRECTION('',(-5.56131819963552E-33,1.22464679914735E-16,1.));
#8955=DIRECTION('',(-1.,-9.08232186375291E-17,5.56131819963552E-33));
#8956=DIRECTION('',(-5.56131819963552E-33,1.22464679914735E-16,1.));
#8957=DIRECTION('',(1.,9.08232186375291E-17,-5.56131819963552E-33));
#8958=DIRECTION('',(-5.56131819963552E-33,1.22464679914735E-16,1.));
#8959=DIRECTION('',(-5.56131819963552E-33,1.22464679914735E-16,1.));
#8960=DIRECTION('',(1.,9.08232186375291E-17,-5.56131819963552E-33));
#8961=DIRECTION('',(-5.56131819963552E-33,1.22464679914735E-16,1.));
#8962=DIRECTION('',(-1.,-9.08232186375291E-17,5.56131819963552E-33));
#8963=DIRECTION('',(-5.56131819963552E-33,1.22464679914735E-16,1.));
#8964=DIRECTION('',(1.,9.08232186375291E-17,-5.56131819963552E-33));
#8965=DIRECTION('',(-5.56131819963552E-33,1.22464679914735E-16,1.));
#8966=DIRECTION('',(-5.56131819963552E-33,1.22464679914735E-16,1.));
#8967=DIRECTION('',(1.,9.08232186375291E-17,-5.56131819963552E-33));
#8968=DIRECTION('',(-5.56131819963552E-33,1.22464679914735E-16,1.));
#8969=DIRECTION('',(-1.,-9.08232186375291E-17,5.56131819963552E-33));
#8970=DIRECTION('',(-5.56131819963552E-33,1.22464679914735E-16,1.));
#8971=DIRECTION('',(1.,9.08232186375291E-17,-5.56131819963552E-33));
#8972=DIRECTION('',(-5.56131819963552E-33,1.22464679914735E-16,1.));
#8973=DIRECTION('',(-5.56131819963552E-33,1.22464679914735E-16,1.));
#8974=DIRECTION('',(1.,9.08232186375291E-17,-5.56131819963552E-33));
#8975=DIRECTION('',(-5.56131819963552E-33,1.22464679914735E-16,1.));
#8976=DIRECTION('',(-1.,-9.08232186375291E-17,5.56131819963552E-33));
#8977=DIRECTION('',(5.56131819963552E-33,-1.22464679914735E-16,-1.));
#8978=DIRECTION('',(1.,9.08232186375291E-17,-5.56131819963552E-33));
#8979=DIRECTION('',(-5.56131819963552E-33,1.22464679914735E-16,1.));
#8980=DIRECTION('',(5.56131819963552E-33,-1.22464679914735E-16,-1.));
#8981=DIRECTION('',(1.,9.08232186375291E-17,-5.56131819963552E-33));
#8982=DIRECTION('',(-5.56131819963552E-33,1.22464679914735E-16,1.));
#8983=DIRECTION('',(-1.,-9.08232186375291E-17,5.56131819963552E-33));
#8984=DIRECTION('',(5.56131819963552E-33,-1.22464679914735E-16,-1.));
#8985=DIRECTION('',(1.,9.08232186375291E-17,-5.56131819963552E-33));
#8986=DIRECTION('',(-5.56131819963552E-33,1.22464679914735E-16,1.));
#8987=DIRECTION('',(5.56131819963552E-33,-1.22464679914735E-16,-1.));
#8988=DIRECTION('',(1.,9.08232186375291E-17,-5.56131819963552E-33));
#8989=DIRECTION('',(-5.56131819963552E-33,1.22464679914735E-16,1.));
#8990=DIRECTION('',(-1.,-9.08232186375291E-17,5.56131819963552E-33));
#8991=DIRECTION('',(5.56131819963552E-33,-1.22464679914735E-16,-1.));
#8992=DIRECTION('',(1.,9.08232186375291E-17,-5.56131819963552E-33));
#8993=DIRECTION('',(-5.56131819963552E-33,1.22464679914735E-16,1.));
#8994=DIRECTION('',(5.56131819963552E-33,-1.22464679914735E-16,-1.));
#8995=DIRECTION('',(1.,9.08232186375291E-17,-5.56131819963552E-33));
#8996=DIRECTION('',(-5.56131819963552E-33,1.22464679914735E-16,1.));
#8997=DIRECTION('',(-1.,-9.08232186375291E-17,5.56131819963552E-33));
#8998=DIRECTION('',(5.56131819963552E-33,-1.22464679914735E-16,-1.));
#8999=DIRECTION('',(1.,9.08232186375291E-17,-5.56131819963552E-33));
#9000=DIRECTION('',(-5.56131819963552E-33,1.22464679914735E-16,1.));
#9001=DIRECTION('',(5.56131819963552E-33,-1.22464679914735E-16,-1.));
#9002=DIRECTION('',(1.,9.08232186375291E-17,-5.56131819963552E-33));
#9003=DIRECTION('',(-5.56131819963552E-33,1.22464679914735E-16,1.));
#9004=DIRECTION('',(-1.,-9.08232186375291E-17,5.56131819963552E-33));
#9005=DIRECTION('',(5.56131819963552E-33,-1.22464679914735E-16,-1.));
#9006=DIRECTION('',(1.,9.08232186375291E-17,-5.56131819963552E-33));
#9007=DIRECTION('',(-5.56131819963552E-33,1.22464679914735E-16,1.));
#9008=DIRECTION('',(5.56131819963552E-33,-1.22464679914735E-16,-1.));
#9009=DIRECTION('',(1.,9.08232186375291E-17,-5.56131819963552E-33));
#9010=DIRECTION('',(-5.56131819963552E-33,1.22464679914735E-16,1.));
#9011=DIRECTION('',(-1.,-9.08232186375291E-17,5.56131819963552E-33));
#9012=DIRECTION('',(5.56131819963552E-33,-1.22464679914735E-16,-1.));
#9013=DIRECTION('',(1.,9.08232186375291E-17,-5.56131819963552E-33));
#9014=DIRECTION('',(-5.56131819963552E-33,1.22464679914735E-16,1.));
#9015=DIRECTION('',(5.56131819963552E-33,-1.22464679914735E-16,-1.));
#9016=DIRECTION('',(1.,9.08232186375291E-17,-5.56131819963552E-33));
#9017=DIRECTION('',(-5.56131819963552E-33,1.22464679914735E-16,1.));
#9018=DIRECTION('',(-1.,-9.08232186375291E-17,5.56131819963552E-33));
#9019=DIRECTION('',(5.56131819963552E-33,-1.22464679914735E-16,-1.));
#9020=DIRECTION('',(1.,9.08232186375291E-17,-5.56131819963552E-33));
#9021=DIRECTION('',(-5.56131819963552E-33,1.22464679914735E-16,1.));
#9022=DIRECTION('',(5.56131819963552E-33,-1.22464679914735E-16,-1.));
#9023=DIRECTION('',(1.,9.08232186375291E-17,-5.56131819963552E-33));
#9024=DIRECTION('',(-5.56131819963552E-33,1.22464679914735E-16,1.));
#9025=DIRECTION('',(-1.,-9.08232186375291E-17,5.56131819963552E-33));
#9026=DIRECTION('',(5.56131819963552E-33,-1.22464679914735E-16,-1.));
#9027=DIRECTION('',(1.,9.08232186375291E-17,-5.56131819963552E-33));
#9028=DIRECTION('',(-5.56131819963552E-33,1.22464679914735E-16,1.));
#9029=DIRECTION('',(5.56131819963552E-33,-1.22464679914735E-16,-1.));
#9030=DIRECTION('',(1.,9.08232186375291E-17,-5.56131819963552E-33));
#9031=DIRECTION('',(-5.56131819963552E-33,1.22464679914735E-16,1.));
#9032=DIRECTION('',(-1.,-9.08232186375291E-17,5.56131819963552E-33));
#9033=DIRECTION('',(5.56131819963552E-33,-1.22464679914735E-16,-1.));
#9034=DIRECTION('',(1.,9.08232186375291E-17,-5.56131819963552E-33));
#9035=DIRECTION('',(-5.56131819963552E-33,1.22464679914735E-16,1.));
#9036=DIRECTION('',(5.56131819963552E-33,-1.22464679914735E-16,-1.));
#9037=DIRECTION('',(1.,9.08232186375291E-17,-5.56131819963552E-33));
#9038=DIRECTION('',(-5.56131819963552E-33,1.22464679914735E-16,1.));
#9039=DIRECTION('',(-1.,-9.08232186375291E-17,5.56131819963552E-33));
#9040=DIRECTION('',(5.56131819963552E-33,-1.22464679914735E-16,-1.));
#9041=DIRECTION('',(1.,9.08232186375291E-17,-5.56131819963552E-33));
#9042=DIRECTION('',(-5.56131819963552E-33,1.22464679914735E-16,1.));
#9043=DIRECTION('',(5.56131819963552E-33,-1.22464679914735E-16,-1.));
#9044=DIRECTION('',(1.,9.08232186375291E-17,-5.56131819963552E-33));
#9045=DIRECTION('',(-5.56131819963552E-33,1.22464679914735E-16,1.));
#9046=DIRECTION('',(-1.,-9.08232186375291E-17,5.56131819963552E-33));
#9047=DIRECTION('',(5.56131819963552E-33,-1.22464679914735E-16,-1.));
#9048=DIRECTION('',(1.,9.08232186375291E-17,-5.56131819963552E-33));
#9049=DIRECTION('',(-5.56131819963552E-33,1.22464679914735E-16,1.));
#9050=DIRECTION('',(5.56131819963552E-33,-1.22464679914735E-16,-1.));
#9051=DIRECTION('',(1.,9.08232186375291E-17,-5.56131819963552E-33));
#9052=DIRECTION('',(-5.56131819963552E-33,1.22464679914735E-16,1.));
#9053=DIRECTION('',(-1.,-9.08232186375291E-17,5.56131819963552E-33));
#9054=DIRECTION('',(5.56131819963552E-33,-1.22464679914735E-16,-1.));
#9055=DIRECTION('',(1.,9.08232186375291E-17,-5.56131819963552E-33));
#9056=DIRECTION('',(-5.56131819963552E-33,1.22464679914735E-16,1.));
#9057=DIRECTION('',(5.56131819963552E-33,-1.22464679914735E-16,-1.));
#9058=DIRECTION('',(1.,9.08232186375291E-17,-5.56131819963552E-33));
#9059=DIRECTION('',(-5.56131819963552E-33,1.22464679914735E-16,1.));
#9060=DIRECTION('',(-1.,-9.08232186375291E-17,5.56131819963552E-33));
#9061=DIRECTION('',(-5.56131819963552E-33,1.22464679914735E-16,1.));
#9062=DIRECTION('',(1.,9.08232186375291E-17,-5.56131819963552E-33));
#9063=DIRECTION('',(-5.56131819963552E-33,1.22464679914735E-16,1.));
#9064=DIRECTION('',(-5.56131819963552E-33,1.22464679914735E-16,1.));
#9065=DIRECTION('',(1.,9.08232186375291E-17,-5.56131819963552E-33));
#9066=DIRECTION('',(-5.56131819963552E-33,1.22464679914735E-16,1.));
#9067=DIRECTION('',(-1.,-9.08232186375291E-17,5.56131819963552E-33));
#9068=DIRECTION('',(-5.56131819963552E-33,1.22464679914735E-16,1.));
#9069=DIRECTION('',(1.,9.08232186375291E-17,-5.56131819963552E-33));
#9070=DIRECTION('',(-5.56131819963552E-33,1.22464679914735E-16,1.));
#9071=DIRECTION('',(-5.56131819963552E-33,1.22464679914735E-16,1.));
#9072=DIRECTION('',(1.,9.08232186375291E-17,-5.56131819963552E-33));
#9073=DIRECTION('',(-5.56131819963552E-33,1.22464679914735E-16,1.));
#9074=DIRECTION('',(-1.,-9.08232186375291E-17,5.56131819963552E-33));
#9075=DIRECTION('',(-5.56131819963552E-33,1.22464679914735E-16,1.));
#9076=DIRECTION('',(1.,9.08232186375291E-17,-5.56131819963552E-33));
#9077=DIRECTION('',(-5.56131819963552E-33,1.22464679914735E-16,1.));
#9078=DIRECTION('',(-5.56131819963552E-33,1.22464679914735E-16,1.));
#9079=DIRECTION('',(1.,9.08232186375291E-17,-5.56131819963552E-33));
#9080=DIRECTION('',(-5.56131819963552E-33,1.22464679914735E-16,1.));
#9081=DIRECTION('',(-1.,-9.08232186375291E-17,5.56131819963552E-33));
#9082=DIRECTION('',(-5.56131819963552E-33,1.22464679914735E-16,1.));
#9083=DIRECTION('',(1.,9.08232186375291E-17,-5.56131819963552E-33));
#9084=DIRECTION('',(-5.56131819963552E-33,1.22464679914735E-16,1.));
#9085=DIRECTION('',(-5.56131819963552E-33,1.22464679914735E-16,1.));
#9086=DIRECTION('',(1.,9.08232186375291E-17,-5.56131819963552E-33));
#9087=DIRECTION('',(-5.56131819963552E-33,1.22464679914735E-16,1.));
#9088=DIRECTION('',(-1.,-9.08232186375291E-17,5.56131819963552E-33));
#9089=DIRECTION('',(5.56131819963552E-33,-1.22464679914735E-16,-1.));
#9090=DIRECTION('',(1.,9.08232186375291E-17,-5.56131819963552E-33));
#9091=DIRECTION('',(-5.56131819963552E-33,1.22464679914735E-16,1.));
#9092=DIRECTION('',(5.56131819963552E-33,-1.22464679914735E-16,-1.));
#9093=DIRECTION('',(1.,9.08232186375291E-17,-5.56131819963552E-33));
#9094=DIRECTION('',(-5.56131819963552E-33,1.22464679914735E-16,1.));
#9095=DIRECTION('',(-1.,-9.08232186375291E-17,5.56131819963552E-33));
#9096=DIRECTION('',(5.56131819963552E-33,-1.22464679914735E-16,-1.));
#9097=DIRECTION('',(1.,9.08232186375291E-17,-5.56131819963552E-33));
#9098=DIRECTION('',(-5.56131819963552E-33,1.22464679914735E-16,1.));
#9099=DIRECTION('',(5.56131819963552E-33,-1.22464679914735E-16,-1.));
#9100=DIRECTION('',(1.,9.08232186375291E-17,-5.56131819963552E-33));
#9101=DIRECTION('',(-5.56131819963552E-33,1.22464679914735E-16,1.));
#9102=DIRECTION('',(-5.56131819963552E-33,1.22464679914735E-16,1.));
#9103=DIRECTION('',(-1.,-9.08232186375291E-17,5.56131819963552E-33));
#9104=DIRECTION('',(5.56131819963552E-33,-1.22464679914735E-16,-1.));
#9105=DIRECTION('',(1.,9.08232186375291E-17,-5.56131819963552E-33));
#9106=DIRECTION('',(-5.56131819963552E-33,1.22464679914735E-16,1.));
#9107=DIRECTION('',(5.56131819963552E-33,-1.22464679914735E-16,-1.));
#9108=DIRECTION('',(1.,9.08232186375291E-17,-5.56131819963552E-33));
#9109=DIRECTION('',(-5.56131819963552E-33,1.22464679914735E-16,1.));
#9110=DIRECTION('',(-1.,-9.08232186375291E-17,5.56131819963552E-33));
#9111=DIRECTION('',(5.56131819963552E-33,-1.22464679914735E-16,-1.));
#9112=DIRECTION('',(1.,9.08232186375291E-17,-5.56131819963552E-33));
#9113=DIRECTION('',(-5.56131819963552E-33,1.22464679914735E-16,1.));
#9114=DIRECTION('',(5.56131819963552E-33,-1.22464679914735E-16,-1.));
#9115=DIRECTION('',(1.,9.08232186375291E-17,-5.56131819963552E-33));
#9116=DIRECTION('',(-5.56131819963552E-33,1.22464679914735E-16,1.));
#9117=DIRECTION('',(-1.,-9.08232186375291E-17,5.56131819963552E-33));
#9118=DIRECTION('',(5.56131819963552E-33,-1.22464679914735E-16,-1.));
#9119=DIRECTION('',(1.,9.08232186375291E-17,-5.56131819963552E-33));
#9120=DIRECTION('',(-5.56131819963552E-33,1.22464679914735E-16,1.));
#9121=DIRECTION('',(5.56131819963552E-33,-1.22464679914735E-16,-1.));
#9122=DIRECTION('',(1.,9.08232186375291E-17,-5.56131819963552E-33));
#9123=DIRECTION('',(-5.56131819963552E-33,1.22464679914735E-16,1.));
#9124=DIRECTION('',(-1.,-9.08232186375291E-17,5.56131819963552E-33));
#9125=DIRECTION('',(5.56131819963552E-33,-1.22464679914735E-16,-1.));
#9126=DIRECTION('',(1.,9.08232186375291E-17,-5.56131819963552E-33));
#9127=DIRECTION('',(-5.56131819963552E-33,1.22464679914735E-16,1.));
#9128=DIRECTION('',(5.56131819963552E-33,-1.22464679914735E-16,-1.));
#9129=DIRECTION('',(1.,9.08232186375291E-17,-5.56131819963552E-33));
#9130=DIRECTION('',(-5.56131819963552E-33,1.22464679914735E-16,1.));
#9131=DIRECTION('',(-1.,-9.08232186375291E-17,5.56131819963552E-33));
#9132=DIRECTION('',(5.56131819963552E-33,-1.22464679914735E-16,-1.));
#9133=DIRECTION('',(1.,9.08232186375291E-17,-5.56131819963552E-33));
#9134=DIRECTION('',(-5.56131819963552E-33,1.22464679914735E-16,1.));
#9135=DIRECTION('',(5.56131819963552E-33,-1.22464679914735E-16,-1.));
#9136=DIRECTION('',(1.,9.08232186375291E-17,-5.56131819963552E-33));
#9137=DIRECTION('',(-5.56131819963552E-33,1.22464679914735E-16,1.));
#9138=DIRECTION('',(-1.,-9.08232186375291E-17,5.56131819963552E-33));
#9139=DIRECTION('',(5.56131819963552E-33,-1.22464679914735E-16,-1.));
#9140=DIRECTION('',(1.,9.08232186375291E-17,-5.56131819963552E-33));
#9141=DIRECTION('',(-5.56131819963552E-33,1.22464679914735E-16,1.));
#9142=DIRECTION('',(5.56131819963552E-33,-1.22464679914735E-16,-1.));
#9143=DIRECTION('',(1.,9.08232186375291E-17,-5.56131819963552E-33));
#9144=DIRECTION('',(-5.56131819963552E-33,1.22464679914735E-16,1.));
#9145=DIRECTION('',(-1.,-9.08232186375291E-17,5.56131819963552E-33));
#9146=DIRECTION('',(5.56131819963552E-33,-1.22464679914735E-16,-1.));
#9147=DIRECTION('',(1.,9.08232186375291E-17,-5.56131819963552E-33));
#9148=DIRECTION('',(-5.56131819963552E-33,1.22464679914735E-16,1.));
#9149=DIRECTION('',(5.56131819963552E-33,-1.22464679914735E-16,-1.));
#9150=DIRECTION('',(1.,9.08232186375291E-17,-5.56131819963552E-33));
#9151=DIRECTION('',(-5.56131819963552E-33,1.22464679914735E-16,1.));
#9152=DIRECTION('',(-1.,-9.08232186375291E-17,5.56131819963552E-33));
#9153=DIRECTION('',(5.56131819963552E-33,-1.22464679914735E-16,-1.));
#9154=DIRECTION('',(1.,9.08232186375291E-17,-5.56131819963552E-33));
#9155=DIRECTION('',(-5.56131819963552E-33,1.22464679914735E-16,1.));
#9156=DIRECTION('',(5.56131819963552E-33,-1.22464679914735E-16,-1.));
#9157=DIRECTION('',(1.,9.08232186375291E-17,-5.56131819963552E-33));
#9158=DIRECTION('',(-5.56131819963552E-33,1.22464679914735E-16,1.));
#9159=DIRECTION('',(-1.,-9.08232186375291E-17,5.56131819963552E-33));
#9160=DIRECTION('',(5.56131819963552E-33,-1.22464679914735E-16,-1.));
#9161=DIRECTION('',(1.,9.08232186375291E-17,-5.56131819963552E-33));
#9162=DIRECTION('',(-5.56131819963552E-33,1.22464679914735E-16,1.));
#9163=DIRECTION('',(5.56131819963552E-33,-1.22464679914735E-16,-1.));
#9164=DIRECTION('',(1.,9.08232186375291E-17,-5.56131819963552E-33));
#9165=DIRECTION('',(-5.56131819963552E-33,1.22464679914735E-16,1.));
#9166=DIRECTION('',(-1.,-9.08232186375291E-17,5.56131819963552E-33));
#9167=DIRECTION('',(5.56131819963552E-33,-1.22464679914735E-16,-1.));
#9168=DIRECTION('',(1.,9.08232186375291E-17,-5.56131819963552E-33));
#9169=DIRECTION('',(-5.56131819963552E-33,1.22464679914735E-16,1.));
#9170=DIRECTION('',(5.56131819963552E-33,-1.22464679914735E-16,-1.));
#9171=DIRECTION('',(1.,9.08232186375291E-17,-5.56131819963552E-33));
#9172=DIRECTION('',(-5.56131819963552E-33,1.22464679914735E-16,1.));
#9173=DIRECTION('',(-1.,-9.08232186375291E-17,5.56131819963552E-33));
#9174=DIRECTION('',(5.56131819963552E-33,-1.22464679914735E-16,-1.));
#9175=DIRECTION('',(1.,9.08232186375291E-17,-5.56131819963552E-33));
#9176=DIRECTION('',(-5.56131819963552E-33,1.22464679914735E-16,1.));
#9177=DIRECTION('',(5.56131819963552E-33,-1.22464679914735E-16,-1.));
#9178=DIRECTION('',(1.,9.08232186375291E-17,-5.56131819963552E-33));
#9179=DIRECTION('',(-5.56131819963552E-33,1.22464679914735E-16,1.));
#9180=DIRECTION('',(-1.,-9.08232186375291E-17,5.56131819963552E-33));
#9181=DIRECTION('',(5.56131819963552E-33,-1.22464679914735E-16,-1.));
#9182=DIRECTION('',(1.,9.08232186375291E-17,-5.56131819963552E-33));
#9183=DIRECTION('',(-5.56131819963552E-33,1.22464679914735E-16,1.));
#9184=DIRECTION('',(5.56131819963552E-33,-1.22464679914735E-16,-1.));
#9185=DIRECTION('',(1.,9.08232186375291E-17,-5.56131819963552E-33));
#9186=DIRECTION('',(-5.56131819963552E-33,1.22464679914735E-16,1.));
#9187=DIRECTION('',(-1.,-9.08232186375291E-17,5.56131819963552E-33));
#9188=DIRECTION('',(5.56131819963552E-33,-1.22464679914735E-16,-1.));
#9189=DIRECTION('',(1.,9.08232186375291E-17,-5.56131819963552E-33));
#9190=DIRECTION('',(-5.56131819963552E-33,1.22464679914735E-16,1.));
#9191=DIRECTION('',(5.56131819963552E-33,-1.22464679914735E-16,-1.));
#9192=DIRECTION('',(1.,9.08232186375291E-17,-5.56131819963552E-33));
#9193=DIRECTION('',(-5.56131819963552E-33,1.22464679914735E-16,1.));
#9194=DIRECTION('',(-1.,-9.08232186375291E-17,5.56131819963552E-33));
#9195=DIRECTION('',(5.56131819963552E-33,-1.22464679914735E-16,-1.));
#9196=DIRECTION('',(1.,9.08232186375291E-17,-5.56131819963552E-33));
#9197=DIRECTION('',(-5.56131819963552E-33,1.22464679914735E-16,1.));
#9198=DIRECTION('',(5.56131819963552E-33,-1.22464679914735E-16,-1.));
#9199=DIRECTION('',(1.,9.08232186375291E-17,-5.56131819963552E-33));
#9200=DIRECTION('',(-5.56131819963552E-33,1.22464679914735E-16,1.));
#9201=DIRECTION('',(-1.,-9.08232186375291E-17,5.56131819963552E-33));
#9202=DIRECTION('',(5.56131819963552E-33,-1.22464679914735E-16,-1.));
#9203=DIRECTION('',(1.,9.08232186375291E-17,-5.56131819963552E-33));
#9204=DIRECTION('',(-5.56131819963552E-33,1.22464679914735E-16,1.));
#9205=DIRECTION('',(5.56131819963552E-33,-1.22464679914735E-16,-1.));
#9206=DIRECTION('',(1.,9.08232186375291E-17,-5.56131819963552E-33));
#9207=DIRECTION('',(-5.56131819963552E-33,1.22464679914735E-16,1.));
#9208=DIRECTION('',(-1.,-9.08232186375291E-17,5.56131819963552E-33));
#9209=DIRECTION('',(5.56131819963552E-33,-1.22464679914735E-16,-1.));
#9210=DIRECTION('',(1.,9.08232186375291E-17,-5.56131819963552E-33));
#9211=DIRECTION('',(-5.56131819963552E-33,1.22464679914735E-16,1.));
#9212=DIRECTION('',(5.56131819963552E-33,-1.22464679914735E-16,-1.));
#9213=DIRECTION('',(1.,9.08232186375291E-17,-5.56131819963552E-33));
#9214=DIRECTION('',(-5.56131819963552E-33,1.22464679914735E-16,1.));
#9215=DIRECTION('',(-1.,-9.08232186375291E-17,5.56131819963552E-33));
#9216=DIRECTION('',(5.56131819963552E-33,-1.22464679914735E-16,-1.));
#9217=DIRECTION('',(1.,9.08232186375291E-17,-5.56131819963552E-33));
#9218=DIRECTION('',(-5.56131819963552E-33,1.22464679914735E-16,1.));
#9219=DIRECTION('',(5.56131819963552E-33,-1.22464679914735E-16,-1.));
#9220=DIRECTION('',(1.,9.08232186375291E-17,-5.56131819963552E-33));
#9221=DIRECTION('',(-5.56131819963552E-33,1.22464679914735E-16,1.));
#9222=DIRECTION('',(-1.,-9.08232186375291E-17,5.56131819963552E-33));
#9223=DIRECTION('',(5.56131819963552E-33,-1.22464679914735E-16,-1.));
#9224=DIRECTION('',(1.,9.08232186375291E-17,-5.56131819963552E-33));
#9225=DIRECTION('',(-5.56131819963552E-33,1.22464679914735E-16,1.));
#9226=DIRECTION('',(5.56131819963552E-33,-1.22464679914735E-16,-1.));
#9227=DIRECTION('',(1.,9.08232186375291E-17,-5.56131819963552E-33));
#9228=DIRECTION('',(-5.56131819963552E-33,1.22464679914735E-16,1.));
#9229=DIRECTION('',(-1.,-9.08232186375291E-17,5.56131819963552E-33));
#9230=DIRECTION('',(5.56131819963552E-33,-1.22464679914735E-16,-1.));
#9231=DIRECTION('',(1.,9.08232186375291E-17,-5.56131819963552E-33));
#9232=DIRECTION('',(-5.56131819963552E-33,1.22464679914735E-16,1.));
#9233=DIRECTION('',(5.56131819963552E-33,-1.22464679914735E-16,-1.));
#9234=DIRECTION('',(1.,9.08232186375291E-17,-5.56131819963552E-33));
#9235=DIRECTION('',(-5.56131819963552E-33,1.22464679914735E-16,1.));
#9236=DIRECTION('',(-1.,-9.08232186375291E-17,5.56131819963552E-33));
#9237=DIRECTION('',(5.56131819963552E-33,-1.22464679914735E-16,-1.));
#9238=DIRECTION('',(1.,9.08232186375291E-17,-5.56131819963552E-33));
#9239=DIRECTION('',(-5.56131819963552E-33,1.22464679914735E-16,1.));
#9240=DIRECTION('',(5.56131819963552E-33,-1.22464679914735E-16,-1.));
#9241=DIRECTION('',(1.,9.08232186375291E-17,-5.56131819963552E-33));
#9242=DIRECTION('',(-5.56131819963552E-33,1.22464679914735E-16,1.));
#9243=DIRECTION('',(-1.,-9.08232186375291E-17,5.56131819963552E-33));
#9244=DIRECTION('',(5.56131819963552E-33,-1.22464679914735E-16,-1.));
#9245=DIRECTION('',(1.,9.08232186375291E-17,-5.56131819963552E-33));
#9246=DIRECTION('',(-5.56131819963552E-33,1.22464679914735E-16,1.));
#9247=DIRECTION('',(5.56131819963552E-33,-1.22464679914735E-16,-1.));
#9248=DIRECTION('',(1.,9.08232186375291E-17,-5.56131819963552E-33));
#9249=DIRECTION('',(-5.56131819963552E-33,1.22464679914735E-16,1.));
#9250=DIRECTION('',(-1.,-9.08232186375291E-17,5.56131819963552E-33));
#9251=DIRECTION('',(5.56131819963552E-33,-1.22464679914735E-16,-1.));
#9252=DIRECTION('',(1.,9.08232186375291E-17,-5.56131819963552E-33));
#9253=DIRECTION('',(-5.56131819963552E-33,1.22464679914735E-16,1.));
#9254=DIRECTION('',(5.56131819963552E-33,-1.22464679914735E-16,-1.));
#9255=DIRECTION('',(1.,9.08232186375291E-17,-5.56131819963552E-33));
#9256=DIRECTION('',(-5.56131819963552E-33,1.22464679914735E-16,1.));
#9257=DIRECTION('',(-1.,-9.08232186375291E-17,5.56131819963552E-33));
#9258=DIRECTION('',(5.56131819963552E-33,-1.22464679914735E-16,-1.));
#9259=DIRECTION('',(1.,9.08232186375291E-17,-5.56131819963552E-33));
#9260=DIRECTION('',(-5.56131819963552E-33,1.22464679914735E-16,1.));
#9261=DIRECTION('',(5.56131819963552E-33,-1.22464679914735E-16,-1.));
#9262=DIRECTION('',(1.,9.08232186375291E-17,-5.56131819963552E-33));
#9263=DIRECTION('',(-5.56131819963552E-33,1.22464679914735E-16,1.));
#9264=DIRECTION('',(-1.,-9.08232186375291E-17,5.56131819963552E-33));
#9265=DIRECTION('',(5.56131819963552E-33,-1.22464679914735E-16,-1.));
#9266=DIRECTION('',(1.,9.08232186375291E-17,-5.56131819963552E-33));
#9267=DIRECTION('',(-5.56131819963552E-33,1.22464679914735E-16,1.));
#9268=DIRECTION('',(5.56131819963552E-33,-1.22464679914735E-16,-1.));
#9269=DIRECTION('',(1.,9.08232186375291E-17,-5.56131819963552E-33));
#9270=DIRECTION('',(-5.56131819963552E-33,1.22464679914735E-16,1.));
#9271=DIRECTION('',(-1.,-9.08232186375291E-17,5.56131819963552E-33));
#9272=DIRECTION('',(5.56131819963552E-33,-1.22464679914735E-16,-1.));
#9273=DIRECTION('',(1.,9.08232186375291E-17,-5.56131819963552E-33));
#9274=DIRECTION('',(-5.56131819963552E-33,1.22464679914735E-16,1.));
#9275=DIRECTION('',(5.56131819963552E-33,-1.22464679914735E-16,-1.));
#9276=DIRECTION('',(1.,9.08232186375291E-17,-5.56131819963552E-33));
#9277=DIRECTION('',(-5.56131819963552E-33,1.22464679914735E-16,1.));
#9278=DIRECTION('',(-1.,-9.08232186375291E-17,5.56131819963552E-33));
#9279=DIRECTION('',(-5.56131819963552E-33,1.22464679914735E-16,1.));
#9280=DIRECTION('',(1.,9.08232186375291E-17,-5.56131819963552E-33));
#9281=DIRECTION('',(-5.56131819963552E-33,1.22464679914735E-16,1.));
#9282=DIRECTION('',(-5.56131819963552E-33,1.22464679914735E-16,1.));
#9283=DIRECTION('',(1.,9.08232186375291E-17,-5.56131819963552E-33));
#9284=DIRECTION('',(-5.56131819963552E-33,1.22464679914735E-16,1.));
#9285=DIRECTION('',(-1.,-9.08232186375291E-17,5.56131819963552E-33));
#9286=DIRECTION('',(-5.56131819963552E-33,1.22464679914735E-16,1.));
#9287=DIRECTION('',(1.,9.08232186375291E-17,-5.56131819963552E-33));
#9288=DIRECTION('',(-5.56131819963552E-33,1.22464679914735E-16,1.));
#9289=DIRECTION('',(-5.56131819963552E-33,1.22464679914735E-16,1.));
#9290=DIRECTION('',(1.,9.08232186375291E-17,-5.56131819963552E-33));
#9291=DIRECTION('',(-5.56131819963552E-33,1.22464679914735E-16,1.));
#9292=DIRECTION('',(-1.,-9.08232186375291E-17,5.56131819963552E-33));
#9293=DIRECTION('',(-5.56131819963552E-33,1.22464679914735E-16,1.));
#9294=DIRECTION('',(1.,9.08232186375291E-17,-5.56131819963552E-33));
#9295=DIRECTION('',(-5.56131819963552E-33,1.22464679914735E-16,1.));
#9296=DIRECTION('',(-5.56131819963552E-33,1.22464679914735E-16,1.));
#9297=DIRECTION('',(1.,9.08232186375291E-17,-5.56131819963552E-33));
#9298=DIRECTION('',(-5.56131819963552E-33,1.22464679914735E-16,1.));
#9299=DIRECTION('',(-1.,-9.08232186375291E-17,5.56131819963552E-33));
#9300=DIRECTION('',(-5.56131819963552E-33,1.22464679914735E-16,1.));
#9301=DIRECTION('',(1.,9.08232186375291E-17,-5.56131819963552E-33));
#9302=DIRECTION('',(-5.56131819963552E-33,1.22464679914735E-16,1.));
#9303=DIRECTION('',(-5.56131819963552E-33,1.22464679914735E-16,1.));
#9304=DIRECTION('',(1.,9.08232186375291E-17,-5.56131819963552E-33));
#9305=DIRECTION('',(-5.56131819963552E-33,1.22464679914735E-16,1.));
#9306=DIRECTION('',(-1.,-9.08232186375291E-17,5.56131819963552E-33));
#9307=DIRECTION('',(-5.56131819963552E-33,1.22464679914735E-16,1.));
#9308=DIRECTION('',(1.,9.08232186375291E-17,-5.56131819963552E-33));
#9309=DIRECTION('',(-5.56131819963552E-33,1.22464679914735E-16,1.));
#9310=DIRECTION('',(-5.56131819963552E-33,1.22464679914735E-16,1.));
#9311=DIRECTION('',(1.,9.08232186375291E-17,-5.56131819963552E-33));
#9312=DIRECTION('',(-5.56131819963552E-33,1.22464679914735E-16,1.));
#9313=DIRECTION('',(-1.,-9.08232186375291E-17,5.56131819963552E-33));
#9314=DIRECTION('',(-5.56131819963552E-33,1.22464679914735E-16,1.));
#9315=DIRECTION('',(1.,9.08232186375291E-17,-5.56131819963552E-33));
#9316=DIRECTION('',(-5.56131819963552E-33,1.22464679914735E-16,1.));
#9317=DIRECTION('',(-5.56131819963552E-33,1.22464679914735E-16,1.));
#9318=DIRECTION('',(1.,9.08232186375291E-17,-5.56131819963552E-33));
#9319=DIRECTION('',(-5.56131819963552E-33,1.22464679914735E-16,1.));
#9320=DIRECTION('',(-1.,-9.08232186375291E-17,5.56131819963552E-33));
#9321=DIRECTION('',(-5.56131819963552E-33,1.22464679914735E-16,1.));
#9322=DIRECTION('',(1.,9.08232186375291E-17,-5.56131819963552E-33));
#9323=DIRECTION('',(-5.56131819963552E-33,1.22464679914735E-16,1.));
#9324=DIRECTION('',(-5.56131819963552E-33,1.22464679914735E-16,1.));
#9325=DIRECTION('',(1.,9.08232186375291E-17,-5.56131819963552E-33));
#9326=DIRECTION('',(-5.56131819963552E-33,1.22464679914735E-16,1.));
#9327=DIRECTION('',(-1.,-9.08232186375291E-17,5.56131819963552E-33));
#9328=DIRECTION('',(-5.56131819963552E-33,1.22464679914735E-16,1.));
#9329=DIRECTION('',(1.,9.08232186375291E-17,-5.56131819963552E-33));
#9330=DIRECTION('',(-5.56131819963552E-33,1.22464679914735E-16,1.));
#9331=DIRECTION('',(-5.56131819963552E-33,1.22464679914735E-16,1.));
#9332=DIRECTION('',(1.,9.08232186375291E-17,-5.56131819963552E-33));
#9333=DIRECTION('',(-5.56131819963552E-33,1.22464679914735E-16,1.));
#9334=DIRECTION('',(-1.,-9.08232186375291E-17,5.56131819963552E-33));
#9335=DIRECTION('',(-5.56131819963552E-33,1.22464679914735E-16,1.));
#9336=DIRECTION('',(1.,9.08232186375291E-17,-5.56131819963552E-33));
#9337=DIRECTION('',(-5.56131819963552E-33,1.22464679914735E-16,1.));
#9338=DIRECTION('',(-5.56131819963552E-33,1.22464679914735E-16,1.));
#9339=DIRECTION('',(1.,9.08232186375291E-17,-5.56131819963552E-33));
#9340=DIRECTION('',(-5.56131819963552E-33,1.22464679914735E-16,1.));
#9341=DIRECTION('',(-1.,-9.08232186375291E-17,5.56131819963552E-33));
#9342=DIRECTION('',(-5.56131819963552E-33,1.22464679914735E-16,1.));
#9343=DIRECTION('',(1.,9.08232186375291E-17,-5.56131819963552E-33));
#9344=DIRECTION('',(-5.56131819963552E-33,1.22464679914735E-16,1.));
#9345=DIRECTION('',(-5.56131819963552E-33,1.22464679914735E-16,1.));
#9346=DIRECTION('',(1.,9.08232186375291E-17,-5.56131819963552E-33));
#9347=DIRECTION('',(-5.56131819963552E-33,1.22464679914735E-16,1.));
#9348=DIRECTION('',(-1.,-9.08232186375291E-17,5.56131819963552E-33));
#9349=DIRECTION('',(-5.56131819963552E-33,1.22464679914735E-16,1.));
#9350=DIRECTION('',(1.,9.08232186375291E-17,-5.56131819963552E-33));
#9351=DIRECTION('',(-5.56131819963552E-33,1.22464679914735E-16,1.));
#9352=DIRECTION('',(-5.56131819963552E-33,1.22464679914735E-16,1.));
#9353=DIRECTION('',(1.,9.08232186375291E-17,-5.56131819963552E-33));
#9354=DIRECTION('',(-5.56131819963552E-33,1.22464679914735E-16,1.));
#9355=DIRECTION('',(-1.,-9.08232186375291E-17,5.56131819963552E-33));
#9356=DIRECTION('',(-5.56131819963552E-33,1.22464679914735E-16,1.));
#9357=DIRECTION('',(1.,9.08232186375291E-17,-5.56131819963552E-33));
#9358=DIRECTION('',(-5.56131819963552E-33,1.22464679914735E-16,1.));
#9359=DIRECTION('',(-5.56131819963552E-33,1.22464679914735E-16,1.));
#9360=DIRECTION('',(1.,9.08232186375291E-17,-5.56131819963552E-33));
#9361=DIRECTION('',(-5.56131819963552E-33,1.22464679914735E-16,1.));
#9362=DIRECTION('',(-1.,-9.08232186375291E-17,5.56131819963552E-33));
#9363=DIRECTION('',(-5.56131819963552E-33,1.22464679914735E-16,1.));
#9364=DIRECTION('',(1.,9.08232186375291E-17,-5.56131819963552E-33));
#9365=DIRECTION('',(-5.56131819963552E-33,1.22464679914735E-16,1.));
#9366=DIRECTION('',(-5.56131819963552E-33,1.22464679914735E-16,1.));
#9367=DIRECTION('',(1.,9.08232186375291E-17,-5.56131819963552E-33));
#9368=DIRECTION('',(-5.56131819963552E-33,1.22464679914735E-16,1.));
#9369=DIRECTION('',(-1.,-9.08232186375291E-17,5.56131819963552E-33));
#9370=DIRECTION('',(-5.56131819963552E-33,1.22464679914735E-16,1.));
#9371=DIRECTION('',(1.,9.08232186375291E-17,-5.56131819963552E-33));
#9372=DIRECTION('',(-5.56131819963552E-33,1.22464679914735E-16,1.));
#9373=DIRECTION('',(-5.56131819963552E-33,1.22464679914735E-16,1.));
#9374=DIRECTION('',(1.,9.08232186375291E-17,-5.56131819963552E-33));
#9375=DIRECTION('',(-5.56131819963552E-33,1.22464679914735E-16,1.));
#9376=DIRECTION('',(-1.,-9.08232186375291E-17,5.56131819963552E-33));
#9377=DIRECTION('',(-5.56131819963552E-33,1.22464679914735E-16,1.));
#9378=DIRECTION('',(1.,9.08232186375291E-17,-5.56131819963552E-33));
#9379=DIRECTION('',(-5.56131819963552E-33,1.22464679914735E-16,1.));
#9380=DIRECTION('',(-5.56131819963552E-33,1.22464679914735E-16,1.));
#9381=DIRECTION('',(1.,9.08232186375291E-17,-5.56131819963552E-33));
#9382=DIRECTION('',(-5.56131819963552E-33,1.22464679914735E-16,1.));
#9383=DIRECTION('',(-1.,-9.08232186375291E-17,5.56131819963552E-33));
#9384=DIRECTION('',(-5.56131819963552E-33,1.22464679914735E-16,1.));
#9385=DIRECTION('',(1.,9.08232186375291E-17,-5.56131819963552E-33));
#9386=DIRECTION('',(-5.56131819963552E-33,1.22464679914735E-16,1.));
#9387=DIRECTION('',(-5.56131819963552E-33,1.22464679914735E-16,1.));
#9388=DIRECTION('',(1.,9.08232186375291E-17,-5.56131819963552E-33));
#9389=DIRECTION('',(-5.56131819963552E-33,1.22464679914735E-16,1.));
#9390=DIRECTION('',(-1.,-9.08232186375291E-17,5.56131819963552E-33));
#9391=DIRECTION('',(5.56131819963552E-33,-1.22464679914735E-16,-1.));
#9392=DIRECTION('',(1.,9.08232186375291E-17,-5.56131819963552E-33));
#9393=DIRECTION('',(-5.56131819963552E-33,1.22464679914735E-16,1.));
#9394=DIRECTION('',(5.56131819963552E-33,-1.22464679914735E-16,-1.));
#9395=DIRECTION('',(1.,9.08232186375291E-17,-5.56131819963552E-33));
#9396=DIRECTION('',(-5.56131819963552E-33,1.22464679914735E-16,1.));
#9397=DIRECTION('',(-1.,-9.08232186375291E-17,5.56131819963552E-33));
#9398=DIRECTION('',(5.56131819963552E-33,-1.22464679914735E-16,-1.));
#9399=DIRECTION('',(1.,9.08232186375291E-17,-5.56131819963552E-33));
#9400=DIRECTION('',(-5.56131819963552E-33,1.22464679914735E-16,1.));
#9401=DIRECTION('',(5.56131819963552E-33,-1.22464679914735E-16,-1.));
#9402=DIRECTION('',(1.,9.08232186375291E-17,-5.56131819963552E-33));
#9403=DIRECTION('',(-5.56131819963552E-33,1.22464679914735E-16,1.));
#9404=DIRECTION('',(-5.56131819963552E-33,1.22464679914735E-16,1.));
#9405=DIRECTION('',(-1.,-9.08232186375291E-17,5.56131819963552E-33));
#9406=DIRECTION('',(5.56131819963552E-33,-1.22464679914735E-16,-1.));
#9407=DIRECTION('',(1.,9.08232186375291E-17,-5.56131819963552E-33));
#9408=DIRECTION('',(-5.56131819963552E-33,1.22464679914735E-16,1.));
#9409=DIRECTION('',(5.56131819963552E-33,-1.22464679914735E-16,-1.));
#9410=DIRECTION('',(1.,9.08232186375291E-17,-5.56131819963552E-33));
#9411=DIRECTION('',(-5.56131819963552E-33,1.22464679914735E-16,1.));
#9412=DIRECTION('',(-1.,-9.08232186375291E-17,5.56131819963552E-33));
#9413=DIRECTION('',(5.56131819963552E-33,-1.22464679914735E-16,-1.));
#9414=DIRECTION('',(1.,9.08232186375291E-17,-5.56131819963552E-33));
#9415=DIRECTION('',(-5.56131819963552E-33,1.22464679914735E-16,1.));
#9416=DIRECTION('',(5.56131819963552E-33,-1.22464679914735E-16,-1.));
#9417=DIRECTION('',(1.,9.08232186375291E-17,-5.56131819963552E-33));
#9418=DIRECTION('',(-5.56131819963552E-33,1.22464679914735E-16,1.));
#9419=DIRECTION('',(-1.,-9.08232186375291E-17,5.56131819963552E-33));
#9420=DIRECTION('',(5.56131819963552E-33,-1.22464679914735E-16,-1.));
#9421=DIRECTION('',(1.,9.08232186375291E-17,-5.56131819963552E-33));
#9422=DIRECTION('',(-5.56131819963552E-33,1.22464679914735E-16,1.));
#9423=DIRECTION('',(5.56131819963552E-33,-1.22464679914735E-16,-1.));
#9424=DIRECTION('',(1.,9.08232186375291E-17,-5.56131819963552E-33));
#9425=DIRECTION('',(-5.56131819963552E-33,1.22464679914735E-16,1.));
#9426=DIRECTION('',(-1.,-9.08232186375291E-17,5.56131819963552E-33));
#9427=DIRECTION('',(5.56131819963552E-33,-1.22464679914735E-16,-1.));
#9428=DIRECTION('',(1.,9.08232186375291E-17,-5.56131819963552E-33));
#9429=DIRECTION('',(-5.56131819963552E-33,1.22464679914735E-16,1.));
#9430=DIRECTION('',(5.56131819963552E-33,-1.22464679914735E-16,-1.));
#9431=DIRECTION('',(1.,9.08232186375291E-17,-5.56131819963552E-33));
#9432=DIRECTION('',(-5.56131819963552E-33,1.22464679914735E-16,1.));
#9433=DIRECTION('',(-1.,-9.08232186375291E-17,5.56131819963552E-33));
#9434=DIRECTION('',(5.56131819963552E-33,-1.22464679914735E-16,-1.));
#9435=DIRECTION('',(1.,9.08232186375291E-17,-5.56131819963552E-33));
#9436=DIRECTION('',(-5.56131819963552E-33,1.22464679914735E-16,1.));
#9437=DIRECTION('',(5.56131819963552E-33,-1.22464679914735E-16,-1.));
#9438=DIRECTION('',(1.,9.08232186375291E-17,-5.56131819963552E-33));
#9439=DIRECTION('',(-5.56131819963552E-33,1.22464679914735E-16,1.));
#9440=DIRECTION('',(-1.,-9.08232186375291E-17,5.56131819963552E-33));
#9441=DIRECTION('',(5.56131819963552E-33,-1.22464679914735E-16,-1.));
#9442=DIRECTION('',(1.,9.08232186375291E-17,-5.56131819963552E-33));
#9443=DIRECTION('',(-5.56131819963552E-33,1.22464679914735E-16,1.));
#9444=DIRECTION('',(5.56131819963552E-33,-1.22464679914735E-16,-1.));
#9445=DIRECTION('',(1.,9.08232186375291E-17,-5.56131819963552E-33));
#9446=DIRECTION('',(-5.56131819963552E-33,1.22464679914735E-16,1.));
#9447=DIRECTION('',(-1.,-9.08232186375291E-17,5.56131819963552E-33));
#9448=DIRECTION('',(5.56131819963552E-33,-1.22464679914735E-16,-1.));
#9449=DIRECTION('',(1.,9.08232186375291E-17,-5.56131819963552E-33));
#9450=DIRECTION('',(-5.56131819963552E-33,1.22464679914735E-16,1.));
#9451=DIRECTION('',(5.56131819963552E-33,-1.22464679914735E-16,-1.));
#9452=DIRECTION('',(1.,9.08232186375291E-17,-5.56131819963552E-33));
#9453=DIRECTION('',(-5.56131819963552E-33,1.22464679914735E-16,1.));
#9454=DIRECTION('',(-1.,-9.08232186375291E-17,5.56131819963552E-33));
#9455=DIRECTION('',(5.56131819963552E-33,-1.22464679914735E-16,-1.));
#9456=DIRECTION('',(1.,9.08232186375291E-17,-5.56131819963552E-33));
#9457=DIRECTION('',(-5.56131819963552E-33,1.22464679914735E-16,1.));
#9458=DIRECTION('',(5.56131819963552E-33,-1.22464679914735E-16,-1.));
#9459=DIRECTION('',(1.,9.08232186375291E-17,-5.56131819963552E-33));
#9460=DIRECTION('',(-5.56131819963552E-33,1.22464679914735E-16,1.));
#9461=DIRECTION('',(-1.,-9.08232186375291E-17,5.56131819963552E-33));
#9462=DIRECTION('',(5.56131819963552E-33,-1.22464679914735E-16,-1.));
#9463=DIRECTION('',(1.,9.08232186375291E-17,-5.56131819963552E-33));
#9464=DIRECTION('',(-5.56131819963552E-33,1.22464679914735E-16,1.));
#9465=DIRECTION('',(5.56131819963552E-33,-1.22464679914735E-16,-1.));
#9466=DIRECTION('',(1.,9.08232186375291E-17,-5.56131819963552E-33));
#9467=DIRECTION('',(-5.56131819963552E-33,1.22464679914735E-16,1.));
#9468=DIRECTION('',(-1.,-9.08232186375291E-17,5.56131819963552E-33));
#9469=DIRECTION('',(5.56131819963552E-33,-1.22464679914735E-16,-1.));
#9470=DIRECTION('',(1.,9.08232186375291E-17,-5.56131819963552E-33));
#9471=DIRECTION('',(-5.56131819963552E-33,1.22464679914735E-16,1.));
#9472=DIRECTION('',(5.56131819963552E-33,-1.22464679914735E-16,-1.));
#9473=DIRECTION('',(1.,9.08232186375291E-17,-5.56131819963552E-33));
#9474=DIRECTION('',(-5.56131819963552E-33,1.22464679914735E-16,1.));
#9475=DIRECTION('',(-1.,-9.08232186375291E-17,5.56131819963552E-33));
#9476=DIRECTION('',(5.56131819963552E-33,-1.22464679914735E-16,-1.));
#9477=DIRECTION('',(1.,9.08232186375291E-17,-5.56131819963552E-33));
#9478=DIRECTION('',(-5.56131819963552E-33,1.22464679914735E-16,1.));
#9479=DIRECTION('',(5.56131819963552E-33,-1.22464679914735E-16,-1.));
#9480=DIRECTION('',(1.,9.08232186375291E-17,-5.56131819963552E-33));
#9481=DIRECTION('',(-5.56131819963552E-33,1.22464679914735E-16,1.));
#9482=DIRECTION('',(-1.,-9.08232186375291E-17,5.56131819963552E-33));
#9483=DIRECTION('',(5.56131819963552E-33,-1.22464679914735E-16,-1.));
#9484=DIRECTION('',(1.,9.08232186375291E-17,-5.56131819963552E-33));
#9485=DIRECTION('',(-5.56131819963552E-33,1.22464679914735E-16,1.));
#9486=DIRECTION('',(5.56131819963552E-33,-1.22464679914735E-16,-1.));
#9487=DIRECTION('',(1.,9.08232186375291E-17,-5.56131819963552E-33));
#9488=DIRECTION('',(-5.56131819963552E-33,1.22464679914735E-16,1.));
#9489=DIRECTION('',(-1.,-9.08232186375291E-17,5.56131819963552E-33));
#9490=DIRECTION('',(5.56131819963552E-33,-1.22464679914735E-16,-1.));
#9491=DIRECTION('',(1.,9.08232186375291E-17,-5.56131819963552E-33));
#9492=DIRECTION('',(-5.56131819963552E-33,1.22464679914735E-16,1.));
#9493=DIRECTION('',(5.56131819963552E-33,-1.22464679914735E-16,-1.));
#9494=DIRECTION('',(1.,9.08232186375291E-17,-5.56131819963552E-33));
#9495=DIRECTION('',(-5.56131819963552E-33,1.22464679914735E-16,1.));
#9496=DIRECTION('',(-1.,-9.08232186375291E-17,5.56131819963552E-33));
#9497=DIRECTION('',(5.56131819963552E-33,-1.22464679914735E-16,-1.));
#9498=DIRECTION('',(1.,9.08232186375291E-17,-5.56131819963552E-33));
#9499=DIRECTION('',(-5.56131819963552E-33,1.22464679914735E-16,1.));
#9500=DIRECTION('',(5.56131819963552E-33,-1.22464679914735E-16,-1.));
#9501=DIRECTION('',(1.,9.08232186375291E-17,-5.56131819963552E-33));
#9502=DIRECTION('',(-5.56131819963552E-33,1.22464679914735E-16,1.));
#9503=DIRECTION('',(-1.,-9.08232186375291E-17,5.56131819963552E-33));
#9504=DIRECTION('',(5.56131819963552E-33,-1.22464679914735E-16,-1.));
#9505=DIRECTION('',(1.,9.08232186375291E-17,-5.56131819963552E-33));
#9506=DIRECTION('',(-5.56131819963552E-33,1.22464679914735E-16,1.));
#9507=DIRECTION('',(5.56131819963552E-33,-1.22464679914735E-16,-1.));
#9508=DIRECTION('',(1.,9.08232186375291E-17,-5.56131819963552E-33));
#9509=DIRECTION('',(-5.56131819963552E-33,1.22464679914735E-16,1.));
#9510=DIRECTION('',(-1.,-9.08232186375291E-17,5.56131819963552E-33));
#9511=DIRECTION('',(5.56131819963552E-33,-1.22464679914735E-16,-1.));
#9512=DIRECTION('',(1.,9.08232186375291E-17,-5.56131819963552E-33));
#9513=DIRECTION('',(-5.56131819963552E-33,1.22464679914735E-16,1.));
#9514=DIRECTION('',(5.56131819963552E-33,-1.22464679914735E-16,-1.));
#9515=DIRECTION('',(1.,9.08232186375291E-17,-5.56131819963552E-33));
#9516=DIRECTION('',(-5.56131819963552E-33,1.22464679914735E-16,1.));
#9517=DIRECTION('',(-1.,-9.08232186375291E-17,5.56131819963552E-33));
#9518=DIRECTION('',(5.56131819963552E-33,-1.22464679914735E-16,-1.));
#9519=DIRECTION('',(1.,9.08232186375291E-17,-5.56131819963552E-33));
#9520=DIRECTION('',(-5.56131819963552E-33,1.22464679914735E-16,1.));
#9521=DIRECTION('',(5.56131819963552E-33,-1.22464679914735E-16,-1.));
#9522=DIRECTION('',(1.,9.08232186375291E-17,-5.56131819963552E-33));
#9523=DIRECTION('',(-5.56131819963552E-33,1.22464679914735E-16,1.));
#9524=DIRECTION('',(-1.,-9.08232186375291E-17,5.56131819963552E-33));
#9525=DIRECTION('',(5.56131819963552E-33,-1.22464679914735E-16,-1.));
#9526=DIRECTION('',(1.,9.08232186375291E-17,-5.56131819963552E-33));
#9527=DIRECTION('',(-5.56131819963552E-33,1.22464679914735E-16,1.));
#9528=DIRECTION('',(5.56131819963552E-33,-1.22464679914735E-16,-1.));
#9529=DIRECTION('',(1.,9.08232186375291E-17,-5.56131819963552E-33));
#9530=DIRECTION('',(-5.56131819963552E-33,1.22464679914735E-16,1.));
#9531=DIRECTION('',(-1.,-9.08232186375291E-17,5.56131819963552E-33));
#9532=DIRECTION('',(5.56131819963552E-33,-1.22464679914735E-16,-1.));
#9533=DIRECTION('',(1.,9.08232186375291E-17,-5.56131819963552E-33));
#9534=DIRECTION('',(-5.56131819963552E-33,1.22464679914735E-16,1.));
#9535=DIRECTION('',(5.56131819963552E-33,-1.22464679914735E-16,-1.));
#9536=DIRECTION('',(1.,9.08232186375291E-17,-5.56131819963552E-33));
#9537=DIRECTION('',(-5.56131819963552E-33,1.22464679914735E-16,1.));
#9538=DIRECTION('',(-1.,-9.08232186375291E-17,5.56131819963552E-33));
#9539=DIRECTION('',(5.56131819963552E-33,-1.22464679914735E-16,-1.));
#9540=DIRECTION('',(1.,9.08232186375291E-17,-5.56131819963552E-33));
#9541=DIRECTION('',(-5.56131819963552E-33,1.22464679914735E-16,1.));
#9542=DIRECTION('',(5.56131819963552E-33,-1.22464679914735E-16,-1.));
#9543=DIRECTION('',(1.,9.08232186375291E-17,-5.56131819963552E-33));
#9544=DIRECTION('',(-5.56131819963552E-33,1.22464679914735E-16,1.));
#9545=DIRECTION('',(-1.,-9.08232186375291E-17,5.56131819963552E-33));
#9546=DIRECTION('',(5.56131819963552E-33,-1.22464679914735E-16,-1.));
#9547=DIRECTION('',(1.,9.08232186375291E-17,-5.56131819963552E-33));
#9548=DIRECTION('',(-5.56131819963552E-33,1.22464679914735E-16,1.));
#9549=DIRECTION('',(5.56131819963552E-33,-1.22464679914735E-16,-1.));
#9550=DIRECTION('',(1.,9.08232186375291E-17,-5.56131819963552E-33));
#9551=DIRECTION('',(-5.56131819963552E-33,1.22464679914735E-16,1.));
#9552=DIRECTION('',(-1.,-9.08232186375291E-17,5.56131819963552E-33));
#9553=DIRECTION('',(5.56131819963552E-33,-1.22464679914735E-16,-1.));
#9554=DIRECTION('',(1.,9.08232186375291E-17,-5.56131819963552E-33));
#9555=DIRECTION('',(-5.56131819963552E-33,1.22464679914735E-16,1.));
#9556=DIRECTION('',(5.56131819963552E-33,-1.22464679914735E-16,-1.));
#9557=DIRECTION('',(1.,9.08232186375291E-17,-5.56131819963552E-33));
#9558=DIRECTION('',(-5.56131819963552E-33,1.22464679914735E-16,1.));
#9559=DIRECTION('',(-1.,-9.08232186375291E-17,5.56131819963552E-33));
#9560=DIRECTION('',(5.56131819963552E-33,-1.22464679914735E-16,-1.));
#9561=DIRECTION('',(1.,9.08232186375291E-17,-5.56131819963552E-33));
#9562=DIRECTION('',(-5.56131819963552E-33,1.22464679914735E-16,1.));
#9563=DIRECTION('',(5.56131819963552E-33,-1.22464679914735E-16,-1.));
#9564=DIRECTION('',(1.,9.08232186375291E-17,-5.56131819963552E-33));
#9565=DIRECTION('',(-5.56131819963552E-33,1.22464679914735E-16,1.));
#9566=DIRECTION('',(-1.,-9.08232186375291E-17,5.56131819963552E-33));
#9567=DIRECTION('',(5.56131819963552E-33,-1.22464679914735E-16,-1.));
#9568=DIRECTION('',(1.,9.08232186375291E-17,-5.56131819963552E-33));
#9569=DIRECTION('',(-5.56131819963552E-33,1.22464679914735E-16,1.));
#9570=DIRECTION('',(5.56131819963552E-33,-1.22464679914735E-16,-1.));
#9571=DIRECTION('',(1.,9.08232186375291E-17,-5.56131819963552E-33));
#9572=DIRECTION('',(-5.56131819963552E-33,1.22464679914735E-16,1.));
#9573=DIRECTION('',(-1.,-9.08232186375291E-17,5.56131819963552E-33));
#9574=DIRECTION('',(5.56131819963552E-33,-1.22464679914735E-16,-1.));
#9575=DIRECTION('',(1.,9.08232186375291E-17,-5.56131819963552E-33));
#9576=DIRECTION('',(-5.56131819963552E-33,1.22464679914735E-16,1.));
#9577=DIRECTION('',(5.56131819963552E-33,-1.22464679914735E-16,-1.));
#9578=DIRECTION('',(1.,9.08232186375291E-17,-5.56131819963552E-33));
#9579=DIRECTION('',(-5.56131819963552E-33,1.22464679914735E-16,1.));
#9580=DIRECTION('',(-1.,-9.08232186375291E-17,5.56131819963552E-33));
#9581=DIRECTION('',(5.56131819963552E-33,-1.22464679914735E-16,-1.));
#9582=DIRECTION('',(1.,9.08232186375291E-17,-5.56131819963552E-33));
#9583=DIRECTION('',(-5.56131819963552E-33,1.22464679914735E-16,1.));
#9584=DIRECTION('',(5.56131819963552E-33,-1.22464679914735E-16,-1.));
#9585=DIRECTION('',(1.,9.08232186375291E-17,-5.56131819963552E-33));
#9586=DIRECTION('',(-5.56131819963552E-33,1.22464679914735E-16,1.));
#9587=DIRECTION('',(-1.,-9.08232186375291E-17,5.56131819963552E-33));
#9588=DIRECTION('',(5.56131819963552E-33,-1.22464679914735E-16,-1.));
#9589=DIRECTION('',(1.,9.08232186375291E-17,-5.56131819963552E-33));
#9590=DIRECTION('',(-5.56131819963552E-33,1.22464679914735E-16,1.));
#9591=DIRECTION('',(5.56131819963552E-33,-1.22464679914735E-16,-1.));
#9592=DIRECTION('',(1.,9.08232186375291E-17,-5.56131819963552E-33));
#9593=DIRECTION('',(-5.56131819963552E-33,1.22464679914735E-16,1.));
#9594=DIRECTION('',(-5.56131819963552E-33,1.22464679914735E-16,1.));
#9595=DIRECTION('',(-1.,-9.08232186375291E-17,5.56131819963552E-33));
#9596=DIRECTION('',(5.56131819963552E-33,-1.22464679914735E-16,-1.));
#9597=DIRECTION('',(1.,9.08232186375291E-17,-5.56131819963552E-33));
#9598=DIRECTION('',(-5.56131819963552E-33,1.22464679914735E-16,1.));
#9599=DIRECTION('',(5.56131819963552E-33,-1.22464679914735E-16,-1.));
#9600=DIRECTION('',(1.,9.08232186375291E-17,-5.56131819963552E-33));
#9601=DIRECTION('',(-5.56131819963552E-33,1.22464679914735E-16,1.));
#9602=DIRECTION('',(-1.,-9.08232186375291E-17,5.56131819963552E-33));
#9603=DIRECTION('',(5.56131819963552E-33,-1.22464679914735E-16,-1.));
#9604=DIRECTION('',(1.,9.08232186375291E-17,-5.56131819963552E-33));
#9605=DIRECTION('',(-5.56131819963552E-33,1.22464679914735E-16,1.));
#9606=DIRECTION('',(5.56131819963552E-33,-1.22464679914735E-16,-1.));
#9607=DIRECTION('',(1.,9.08232186375291E-17,-5.56131819963552E-33));
#9608=DIRECTION('',(-5.56131819963552E-33,1.22464679914735E-16,1.));
#9609=DIRECTION('',(-1.,-9.08232186375291E-17,5.56131819963552E-33));
#9610=DIRECTION('',(5.56131819963552E-33,-1.22464679914735E-16,-1.));
#9611=DIRECTION('',(1.,9.08232186375291E-17,-5.56131819963552E-33));
#9612=DIRECTION('',(-5.56131819963552E-33,1.22464679914735E-16,1.));
#9613=DIRECTION('',(5.56131819963552E-33,-1.22464679914735E-16,-1.));
#9614=DIRECTION('',(1.,9.08232186375291E-17,-5.56131819963552E-33));
#9615=DIRECTION('',(-5.56131819963552E-33,1.22464679914735E-16,1.));
#9616=DIRECTION('',(-1.,-9.08232186375291E-17,5.56131819963552E-33));
#9617=DIRECTION('',(5.56131819963552E-33,-1.22464679914735E-16,-1.));
#9618=DIRECTION('',(1.,9.08232186375291E-17,-5.56131819963552E-33));
#9619=DIRECTION('',(-5.56131819963552E-33,1.22464679914735E-16,1.));
#9620=DIRECTION('',(5.56131819963552E-33,-1.22464679914735E-16,-1.));
#9621=DIRECTION('',(1.,9.08232186375291E-17,-5.56131819963552E-33));
#9622=DIRECTION('',(-5.56131819963552E-33,1.22464679914735E-16,1.));
#9623=DIRECTION('',(-1.,-9.08232186375291E-17,5.56131819963552E-33));
#9624=DIRECTION('',(5.56131819963552E-33,-1.22464679914735E-16,-1.));
#9625=DIRECTION('',(1.,9.08232186375291E-17,-5.56131819963552E-33));
#9626=DIRECTION('',(-5.56131819963552E-33,1.22464679914735E-16,1.));
#9627=DIRECTION('',(5.56131819963552E-33,-1.22464679914735E-16,-1.));
#9628=DIRECTION('',(1.,9.08232186375291E-17,-5.56131819963552E-33));
#9629=DIRECTION('',(-5.56131819963552E-33,1.22464679914735E-16,1.));
#9630=DIRECTION('',(-1.,-9.08232186375291E-17,5.56131819963552E-33));
#9631=DIRECTION('',(5.56131819963552E-33,-1.22464679914735E-16,-1.));
#9632=DIRECTION('',(1.,9.08232186375291E-17,-5.56131819963552E-33));
#9633=DIRECTION('',(-5.56131819963552E-33,1.22464679914735E-16,1.));
#9634=DIRECTION('',(5.56131819963552E-33,-1.22464679914735E-16,-1.));
#9635=DIRECTION('',(1.,9.08232186375291E-17,-5.56131819963552E-33));
#9636=DIRECTION('',(-5.56131819963552E-33,1.22464679914735E-16,1.));
#9637=DIRECTION('',(-1.,-9.08232186375291E-17,5.56131819963552E-33));
#9638=DIRECTION('',(-5.56131819963552E-33,1.22464679914735E-16,1.));
#9639=DIRECTION('',(1.,9.08232186375291E-17,-5.56131819963552E-33));
#9640=DIRECTION('',(-5.56131819963552E-33,1.22464679914735E-16,1.));
#9641=DIRECTION('',(-5.56131819963552E-33,1.22464679914735E-16,1.));
#9642=DIRECTION('',(1.,9.08232186375291E-17,-5.56131819963552E-33));
#9643=DIRECTION('',(-5.56131819963552E-33,1.22464679914735E-16,1.));
#9644=DIRECTION('',(-1.,-9.08232186375291E-17,5.56131819963552E-33));
#9645=DIRECTION('',(-5.56131819963552E-33,1.22464679914735E-16,1.));
#9646=DIRECTION('',(1.,9.08232186375291E-17,-5.56131819963552E-33));
#9647=DIRECTION('',(-5.56131819963552E-33,1.22464679914735E-16,1.));
#9648=DIRECTION('',(-5.56131819963552E-33,1.22464679914735E-16,1.));
#9649=DIRECTION('',(1.,9.08232186375291E-17,-5.56131819963552E-33));
#9650=DIRECTION('',(-5.56131819963552E-33,1.22464679914735E-16,1.));
#9651=DIRECTION('',(-1.,-9.08232186375291E-17,5.56131819963552E-33));
#9652=DIRECTION('',(-5.56131819963552E-33,1.22464679914735E-16,1.));
#9653=DIRECTION('',(1.,9.08232186375291E-17,-5.56131819963552E-33));
#9654=DIRECTION('',(-5.56131819963552E-33,1.22464679914735E-16,1.));
#9655=DIRECTION('',(-5.56131819963552E-33,1.22464679914735E-16,1.));
#9656=DIRECTION('',(1.,9.08232186375291E-17,-5.56131819963552E-33));
#9657=DIRECTION('',(-5.56131819963552E-33,1.22464679914735E-16,1.));
#9658=DIRECTION('',(-1.,-9.08232186375291E-17,5.56131819963552E-33));
#9659=DIRECTION('',(-5.56131819963552E-33,1.22464679914735E-16,1.));
#9660=DIRECTION('',(1.,9.08232186375291E-17,-5.56131819963552E-33));
#9661=DIRECTION('',(-5.56131819963552E-33,1.22464679914735E-16,1.));
#9662=DIRECTION('',(-5.56131819963552E-33,1.22464679914735E-16,1.));
#9663=DIRECTION('',(1.,9.08232186375291E-17,-5.56131819963552E-33));
#9664=DIRECTION('',(-5.56131819963552E-33,1.22464679914735E-16,1.));
#9665=DIRECTION('',(-1.,-9.08232186375291E-17,5.56131819963552E-33));
#9666=DIRECTION('',(5.56131819963552E-33,-1.22464679914735E-16,-1.));
#9667=DIRECTION('',(1.,9.08232186375291E-17,-5.56131819963552E-33));
#9668=DIRECTION('',(-5.56131819963552E-33,1.22464679914735E-16,1.));
#9669=DIRECTION('',(5.56131819963552E-33,-1.22464679914735E-16,-1.));
#9670=DIRECTION('',(1.,9.08232186375291E-17,-5.56131819963552E-33));
#9671=DIRECTION('',(-5.56131819963552E-33,1.22464679914735E-16,1.));
#9672=DIRECTION('',(-1.,-9.08232186375291E-17,5.56131819963552E-33));
#9673=DIRECTION('',(5.56131819963552E-33,-1.22464679914735E-16,-1.));
#9674=DIRECTION('',(1.,9.08232186375291E-17,-5.56131819963552E-33));
#9675=DIRECTION('',(-5.56131819963552E-33,1.22464679914735E-16,1.));
#9676=DIRECTION('',(5.56131819963552E-33,-1.22464679914735E-16,-1.));
#9677=DIRECTION('',(1.,9.08232186375291E-17,-5.56131819963552E-33));
#9678=DIRECTION('',(-5.56131819963552E-33,1.22464679914735E-16,1.));
#9679=DIRECTION('',(-1.,-9.08232186375291E-17,5.56131819963552E-33));
#9680=DIRECTION('',(5.56131819963552E-33,-1.22464679914735E-16,-1.));
#9681=DIRECTION('',(1.,9.08232186375291E-17,-5.56131819963552E-33));
#9682=DIRECTION('',(-5.56131819963552E-33,1.22464679914735E-16,1.));
#9683=DIRECTION('',(5.56131819963552E-33,-1.22464679914735E-16,-1.));
#9684=DIRECTION('',(1.,9.08232186375291E-17,-5.56131819963552E-33));
#9685=DIRECTION('',(-5.56131819963552E-33,1.22464679914735E-16,1.));
#9686=DIRECTION('',(-1.,-9.08232186375291E-17,5.56131819963552E-33));
#9687=DIRECTION('',(5.56131819963552E-33,-1.22464679914735E-16,-1.));
#9688=DIRECTION('',(1.,9.08232186375291E-17,-5.56131819963552E-33));
#9689=DIRECTION('',(-5.56131819963552E-33,1.22464679914735E-16,1.));
#9690=DIRECTION('',(5.56131819963552E-33,-1.22464679914735E-16,-1.));
#9691=DIRECTION('',(1.,9.08232186375291E-17,-5.56131819963552E-33));
#9692=DIRECTION('',(-5.56131819963552E-33,1.22464679914735E-16,1.));
#9693=DIRECTION('',(-1.,-9.08232186375291E-17,5.56131819963552E-33));
#9694=DIRECTION('',(5.56131819963552E-33,-1.22464679914735E-16,-1.));
#9695=DIRECTION('',(1.,9.08232186375291E-17,-5.56131819963552E-33));
#9696=DIRECTION('',(-5.56131819963552E-33,1.22464679914735E-16,1.));
#9697=DIRECTION('',(5.56131819963552E-33,-1.22464679914735E-16,-1.));
#9698=DIRECTION('',(1.,9.08232186375291E-17,-5.56131819963552E-33));
#9699=DIRECTION('',(-5.56131819963552E-33,1.22464679914735E-16,1.));
#9700=DIRECTION('',(-1.,-9.08232186375291E-17,5.56131819963552E-33));
#9701=DIRECTION('',(5.56131819963552E-33,-1.22464679914735E-16,-1.));
#9702=DIRECTION('',(1.,9.08232186375291E-17,-5.56131819963552E-33));
#9703=DIRECTION('',(-5.56131819963552E-33,1.22464679914735E-16,1.));
#9704=DIRECTION('',(5.56131819963552E-33,-1.22464679914735E-16,-1.));
#9705=DIRECTION('',(1.,9.08232186375291E-17,-5.56131819963552E-33));
#9706=DIRECTION('',(-5.56131819963552E-33,1.22464679914735E-16,1.));
#9707=DIRECTION('',(-1.,-9.08232186375291E-17,5.56131819963552E-33));
#9708=DIRECTION('',(5.56131819963552E-33,-1.22464679914735E-16,-1.));
#9709=DIRECTION('',(1.,9.08232186375291E-17,-5.56131819963552E-33));
#9710=DIRECTION('',(-5.56131819963552E-33,1.22464679914735E-16,1.));
#9711=DIRECTION('',(5.56131819963552E-33,-1.22464679914735E-16,-1.));
#9712=DIRECTION('',(1.,9.08232186375291E-17,-5.56131819963552E-33));
#9713=DIRECTION('',(-5.56131819963552E-33,1.22464679914735E-16,1.));
#9714=DIRECTION('',(-1.,-9.08232186375291E-17,5.56131819963552E-33));
#9715=DIRECTION('',(5.56131819963552E-33,-1.22464679914735E-16,-1.));
#9716=DIRECTION('',(1.,9.08232186375291E-17,-5.56131819963552E-33));
#9717=DIRECTION('',(-5.56131819963552E-33,1.22464679914735E-16,1.));
#9718=DIRECTION('',(5.56131819963552E-33,-1.22464679914735E-16,-1.));
#9719=DIRECTION('',(1.,9.08232186375291E-17,-5.56131819963552E-33));
#9720=DIRECTION('',(-5.56131819963552E-33,1.22464679914735E-16,1.));
#9721=DIRECTION('',(-1.,-9.08232186375291E-17,5.56131819963552E-33));
#9722=DIRECTION('',(5.56131819963552E-33,-1.22464679914735E-16,-1.));
#9723=DIRECTION('',(1.,9.08232186375291E-17,-5.56131819963552E-33));
#9724=DIRECTION('',(-5.56131819963552E-33,1.22464679914735E-16,1.));
#9725=DIRECTION('',(5.56131819963552E-33,-1.22464679914735E-16,-1.));
#9726=DIRECTION('',(1.,9.08232186375291E-17,-5.56131819963552E-33));
#9727=DIRECTION('',(-5.56131819963552E-33,1.22464679914735E-16,1.));
#9728=DIRECTION('',(-1.,-9.08232186375291E-17,5.56131819963552E-33));
#9729=DIRECTION('',(5.56131819963552E-33,-1.22464679914735E-16,-1.));
#9730=DIRECTION('',(1.,9.08232186375291E-17,-5.56131819963552E-33));
#9731=DIRECTION('',(-5.56131819963552E-33,1.22464679914735E-16,1.));
#9732=DIRECTION('',(5.56131819963552E-33,-1.22464679914735E-16,-1.));
#9733=DIRECTION('',(1.,9.08232186375291E-17,-5.56131819963552E-33));
#9734=DIRECTION('',(-5.56131819963552E-33,1.22464679914735E-16,1.));
#9735=DIRECTION('',(-1.,-9.08232186375291E-17,5.56131819963552E-33));
#9736=DIRECTION('',(5.56131819963552E-33,-1.22464679914735E-16,-1.));
#9737=DIRECTION('',(1.,9.08232186375291E-17,-5.56131819963552E-33));
#9738=DIRECTION('',(-5.56131819963552E-33,1.22464679914735E-16,1.));
#9739=DIRECTION('',(5.56131819963552E-33,-1.22464679914735E-16,-1.));
#9740=DIRECTION('',(1.,9.08232186375291E-17,-5.56131819963552E-33));
#9741=DIRECTION('',(-5.56131819963552E-33,1.22464679914735E-16,1.));
#9742=DIRECTION('',(-1.,-9.08232186375291E-17,5.56131819963552E-33));
#9743=DIRECTION('',(5.56131819963552E-33,-1.22464679914735E-16,-1.));
#9744=DIRECTION('',(1.,9.08232186375291E-17,-5.56131819963552E-33));
#9745=DIRECTION('',(-5.56131819963552E-33,1.22464679914735E-16,1.));
#9746=DIRECTION('',(5.56131819963552E-33,-1.22464679914735E-16,-1.));
#9747=DIRECTION('',(1.,9.08232186375291E-17,-5.56131819963552E-33));
#9748=DIRECTION('',(-5.56131819963552E-33,1.22464679914735E-16,1.));
#9749=DIRECTION('',(-1.,-9.08232186375291E-17,5.56131819963552E-33));
#9750=DIRECTION('',(5.56131819963552E-33,-1.22464679914735E-16,-1.));
#9751=DIRECTION('',(1.,9.08232186375291E-17,-5.56131819963552E-33));
#9752=DIRECTION('',(-5.56131819963552E-33,1.22464679914735E-16,1.));
#9753=DIRECTION('',(5.56131819963552E-33,-1.22464679914735E-16,-1.));
#9754=DIRECTION('',(1.,9.08232186375291E-17,-5.56131819963552E-33));
#9755=DIRECTION('',(-5.56131819963552E-33,1.22464679914735E-16,1.));
#9756=DIRECTION('',(-1.,-9.08232186375291E-17,5.56131819963552E-33));
#9757=DIRECTION('',(5.56131819963552E-33,-1.22464679914735E-16,-1.));
#9758=DIRECTION('',(1.,9.08232186375291E-17,-5.56131819963552E-33));
#9759=DIRECTION('',(-5.56131819963552E-33,1.22464679914735E-16,1.));
#9760=DIRECTION('',(5.56131819963552E-33,-1.22464679914735E-16,-1.));
#9761=DIRECTION('',(1.,9.08232186375291E-17,-5.56131819963552E-33));
#9762=DIRECTION('',(-5.56131819963552E-33,1.22464679914735E-16,1.));
#9763=DIRECTION('',(-1.,-9.08232186375291E-17,5.56131819963552E-33));
#9764=DIRECTION('',(-5.56131819963552E-33,1.22464679914735E-16,1.));
#9765=DIRECTION('',(1.,9.08232186375291E-17,-5.56131819963552E-33));
#9766=DIRECTION('',(-5.56131819963552E-33,1.22464679914735E-16,1.));
#9767=DIRECTION('',(-5.56131819963552E-33,1.22464679914735E-16,1.));
#9768=DIRECTION('',(1.,9.08232186375291E-17,-5.56131819963552E-33));
#9769=DIRECTION('',(-5.56131819963552E-33,1.22464679914735E-16,1.));
#9770=DIRECTION('',(-1.,-9.08232186375291E-17,5.56131819963552E-33));
#9771=DIRECTION('',(5.56131819963552E-33,-1.22464679914735E-16,-1.));
#9772=DIRECTION('',(1.,9.08232186375291E-17,-5.56131819963552E-33));
#9773=DIRECTION('',(-5.56131819963552E-33,1.22464679914735E-16,1.));
#9774=DIRECTION('',(5.56131819963552E-33,-1.22464679914735E-16,-1.));
#9775=DIRECTION('',(1.,9.08232186375291E-17,-5.56131819963552E-33));
#9776=DIRECTION('',(-5.56131819963552E-33,1.22464679914735E-16,1.));
#9777=DIRECTION('',(-1.,-9.08232186375291E-17,5.56131819963552E-33));
#9778=DIRECTION('',(5.56131819963552E-33,-1.22464679914735E-16,-1.));
#9779=DIRECTION('',(1.,9.08232186375291E-17,-5.56131819963552E-33));
#9780=DIRECTION('',(-5.56131819963552E-33,1.22464679914735E-16,1.));
#9781=DIRECTION('',(5.56131819963552E-33,-1.22464679914735E-16,-1.));
#9782=DIRECTION('',(1.,9.08232186375291E-17,-5.56131819963552E-33));
#9783=DIRECTION('',(-5.56131819963552E-33,1.22464679914735E-16,1.));
#9784=DIRECTION('',(-1.,-9.08232186375291E-17,5.56131819963552E-33));
#9785=DIRECTION('',(5.56131819963552E-33,-1.22464679914735E-16,-1.));
#9786=DIRECTION('',(1.,9.08232186375291E-17,-5.56131819963552E-33));
#9787=DIRECTION('',(-5.56131819963552E-33,1.22464679914735E-16,1.));
#9788=DIRECTION('',(5.56131819963552E-33,-1.22464679914735E-16,-1.));
#9789=DIRECTION('',(1.,9.08232186375291E-17,-5.56131819963552E-33));
#9790=DIRECTION('',(-5.56131819963552E-33,1.22464679914735E-16,1.));
#9791=DIRECTION('',(-1.,-9.08232186375291E-17,5.56131819963552E-33));
#9792=DIRECTION('',(5.56131819963552E-33,-1.22464679914735E-16,-1.));
#9793=DIRECTION('',(1.,9.08232186375291E-17,-5.56131819963552E-33));
#9794=DIRECTION('',(-5.56131819963552E-33,1.22464679914735E-16,1.));
#9795=DIRECTION('',(5.56131819963552E-33,-1.22464679914735E-16,-1.));
#9796=DIRECTION('',(1.,9.08232186375291E-17,-5.56131819963552E-33));
#9797=DIRECTION('',(-5.56131819963552E-33,1.22464679914735E-16,1.));
#9798=DIRECTION('',(-1.,-9.08232186375291E-17,5.56131819963552E-33));
#9799=DIRECTION('',(5.56131819963552E-33,-1.22464679914735E-16,-1.));
#9800=DIRECTION('',(1.,9.08232186375291E-17,-5.56131819963552E-33));
#9801=DIRECTION('',(-5.56131819963552E-33,1.22464679914735E-16,1.));
#9802=DIRECTION('',(5.56131819963552E-33,-1.22464679914735E-16,-1.));
#9803=DIRECTION('',(1.,9.08232186375291E-17,-5.56131819963552E-33));
#9804=DIRECTION('',(-5.56131819963552E-33,1.22464679914735E-16,1.));
#9805=DIRECTION('',(-1.,-9.08232186375291E-17,5.56131819963552E-33));
#9806=DIRECTION('',(5.56131819963552E-33,-1.22464679914735E-16,-1.));
#9807=DIRECTION('',(1.,9.08232186375291E-17,-5.56131819963552E-33));
#9808=DIRECTION('',(-5.56131819963552E-33,1.22464679914735E-16,1.));
#9809=DIRECTION('',(5.56131819963552E-33,-1.22464679914735E-16,-1.));
#9810=DIRECTION('',(1.,9.08232186375291E-17,-5.56131819963552E-33));
#9811=DIRECTION('',(-5.56131819963552E-33,1.22464679914735E-16,1.));
#9812=DIRECTION('',(-1.,-9.08232186375291E-17,5.56131819963552E-33));
#9813=DIRECTION('',(5.56131819963552E-33,-1.22464679914735E-16,-1.));
#9814=DIRECTION('',(1.,9.08232186375291E-17,-5.56131819963552E-33));
#9815=DIRECTION('',(-5.56131819963552E-33,1.22464679914735E-16,1.));
#9816=DIRECTION('',(5.56131819963552E-33,-1.22464679914735E-16,-1.));
#9817=DIRECTION('',(1.,9.08232186375291E-17,-5.56131819963552E-33));
#9818=DIRECTION('',(-5.56131819963552E-33,1.22464679914735E-16,1.));
#9819=DIRECTION('',(-1.,-9.08232186375291E-17,5.56131819963552E-33));
#9820=DIRECTION('',(5.56131819963552E-33,-1.22464679914735E-16,-1.));
#9821=DIRECTION('',(1.,9.08232186375291E-17,-5.56131819963552E-33));
#9822=DIRECTION('',(-5.56131819963552E-33,1.22464679914735E-16,1.));
#9823=DIRECTION('',(5.56131819963552E-33,-1.22464679914735E-16,-1.));
#9824=DIRECTION('',(1.,9.08232186375291E-17,-5.56131819963552E-33));
#9825=DIRECTION('',(-0.957608262583706,0.288073628490037,-3.52788447049087E-17));
#9826=DIRECTION('',(0.288073628490037,0.957608262583706,-1.17273189361019E-16));
#9827=DIRECTION('',(-0.288073628490037,-0.957608262583706,1.17273189361019E-16));
#9828=DIRECTION('',(-5.56131819963552E-33,1.22464679914735E-16,1.));
#9829=DIRECTION('',(-0.288073628490037,-0.957608262583706,1.17273189361019E-16));
#9830=DIRECTION('',(0.0202926324689227,0.999794083332904,-1.2243946239601E-16));
#9831=DIRECTION('',(0.999794083332904,-0.0202926324689227,2.48513073993399E-18));
#9832=DIRECTION('',(-0.999794083332904,0.0202926324689227,-2.48513073993399E-18));
#9833=DIRECTION('',(-5.56131819963552E-33,1.22464679914735E-16,1.));
#9834=DIRECTION('',(-0.999794083332904,0.0202926324689227,-2.48513073993399E-18));
#9835=DIRECTION('',(-5.56131819963552E-33,1.22464679914735E-16,1.));
#9836=DIRECTION('',(-1.,-9.08232186375291E-17,5.56131819963552E-33));
#9837=DIRECTION('',(5.56131819963552E-33,-1.22464679914735E-16,-1.));
#9838=DIRECTION('',(1.,9.08232186375291E-17,-5.56131819963552E-33));
#9839=DIRECTION('',(-5.56131819963552E-33,1.22464679914735E-16,1.));
#9840=DIRECTION('',(5.56131819963552E-33,-1.22464679914735E-16,-1.));
#9841=DIRECTION('',(1.,9.08232186375291E-17,-5.56131819963552E-33));
#9842=DIRECTION('',(-5.56131819963552E-33,1.22464679914735E-16,1.));
#9843=DIRECTION('',(-1.,-9.08232186375291E-17,5.56131819963552E-33));
#9844=DIRECTION('',(5.56131819963552E-33,-1.22464679914735E-16,-1.));
#9845=DIRECTION('',(1.,9.08232186375291E-17,-5.56131819963552E-33));
#9846=DIRECTION('',(-5.56131819963552E-33,1.22464679914735E-16,1.));
#9847=DIRECTION('',(5.56131819963552E-33,-1.22464679914735E-16,-1.));
#9848=DIRECTION('',(1.,9.08232186375291E-17,-5.56131819963552E-33));
#9849=DIRECTION('',(-5.56131819963552E-33,1.22464679914735E-16,1.));
#9850=DIRECTION('',(-1.,-9.08232186375291E-17,5.56131819963552E-33));
#9851=DIRECTION('',(5.56131819963552E-33,-1.22464679914735E-16,-1.));
#9852=DIRECTION('',(1.,9.08232186375291E-17,-5.56131819963552E-33));
#9853=DIRECTION('',(-5.56131819963552E-33,1.22464679914735E-16,1.));
#9854=DIRECTION('',(5.56131819963552E-33,-1.22464679914735E-16,-1.));
#9855=DIRECTION('',(1.,9.08232186375291E-17,-5.56131819963552E-33));
#9856=DIRECTION('',(-5.56131819963552E-33,1.22464679914735E-16,1.));
#9857=DIRECTION('',(-1.,-9.08232186375291E-17,5.56131819963552E-33));
#9858=DIRECTION('',(5.56131819963552E-33,-1.22464679914735E-16,-1.));
#9859=DIRECTION('',(1.,9.08232186375291E-17,-5.56131819963552E-33));
#9860=DIRECTION('',(-5.56131819963552E-33,1.22464679914735E-16,1.));
#9861=DIRECTION('',(5.56131819963552E-33,-1.22464679914735E-16,-1.));
#9862=DIRECTION('',(1.,9.08232186375291E-17,-5.56131819963552E-33));
#9863=DIRECTION('',(-5.56131819963552E-33,1.22464679914735E-16,1.));
#9864=DIRECTION('',(-1.,-9.08232186375291E-17,5.56131819963552E-33));
#9865=DIRECTION('',(5.56131819963552E-33,-1.22464679914735E-16,-1.));
#9866=DIRECTION('',(1.,9.08232186375291E-17,-5.56131819963552E-33));
#9867=DIRECTION('',(-5.56131819963552E-33,1.22464679914735E-16,1.));
#9868=DIRECTION('',(5.56131819963552E-33,-1.22464679914735E-16,-1.));
#9869=DIRECTION('',(1.,9.08232186375291E-17,-5.56131819963552E-33));
#9870=DIRECTION('',(-5.56131819963552E-33,1.22464679914735E-16,1.));
#9871=DIRECTION('',(-1.,-9.08232186375291E-17,5.56131819963552E-33));
#9872=DIRECTION('',(5.56131819963552E-33,-1.22464679914735E-16,-1.));
#9873=DIRECTION('',(1.,9.08232186375291E-17,-5.56131819963552E-33));
#9874=DIRECTION('',(-5.56131819963552E-33,1.22464679914735E-16,1.));
#9875=DIRECTION('',(5.56131819963552E-33,-1.22464679914735E-16,-1.));
#9876=DIRECTION('',(1.,9.08232186375291E-17,-5.56131819963552E-33));
#9877=DIRECTION('',(-5.56131819963552E-33,1.22464679914735E-16,1.));
#9878=DIRECTION('',(-1.,-9.08232186375291E-17,5.56131819963552E-33));
#9879=DIRECTION('',(5.56131819963552E-33,-1.22464679914735E-16,-1.));
#9880=DIRECTION('',(1.,9.08232186375291E-17,-5.56131819963552E-33));
#9881=DIRECTION('',(-5.56131819963552E-33,1.22464679914735E-16,1.));
#9882=DIRECTION('',(5.56131819963552E-33,-1.22464679914735E-16,-1.));
#9883=DIRECTION('',(1.,9.08232186375291E-17,-5.56131819963552E-33));
#9884=DIRECTION('',(-5.56131819963552E-33,1.22464679914735E-16,1.));
#9885=DIRECTION('',(-1.,-9.08232186375291E-17,5.56131819963552E-33));
#9886=DIRECTION('',(5.56131819963552E-33,-1.22464679914735E-16,-1.));
#9887=DIRECTION('',(1.,9.08232186375291E-17,-5.56131819963552E-33));
#9888=DIRECTION('',(-5.56131819963552E-33,1.22464679914735E-16,1.));
#9889=DIRECTION('',(5.56131819963552E-33,-1.22464679914735E-16,-1.));
#9890=DIRECTION('',(1.,9.08232186375291E-17,-5.56131819963552E-33));
#9891=DIRECTION('',(-5.56131819963552E-33,1.22464679914735E-16,1.));
#9892=DIRECTION('',(-1.,-9.08232186375291E-17,5.56131819963552E-33));
#9893=DIRECTION('',(5.56131819963552E-33,-1.22464679914735E-16,-1.));
#9894=DIRECTION('',(1.,9.08232186375291E-17,-5.56131819963552E-33));
#9895=DIRECTION('',(-5.56131819963552E-33,1.22464679914735E-16,1.));
#9896=DIRECTION('',(5.56131819963552E-33,-1.22464679914735E-16,-1.));
#9897=DIRECTION('',(1.,9.08232186375291E-17,-5.56131819963552E-33));
#9898=DIRECTION('',(-5.56131819963552E-33,1.22464679914735E-16,1.));
#9899=DIRECTION('',(-1.,-9.08232186375291E-17,5.56131819963552E-33));
#9900=DIRECTION('',(5.56131819963552E-33,-1.22464679914735E-16,-1.));
#9901=DIRECTION('',(1.,9.08232186375291E-17,-5.56131819963552E-33));
#9902=DIRECTION('',(-5.56131819963552E-33,1.22464679914735E-16,1.));
#9903=DIRECTION('',(5.56131819963552E-33,-1.22464679914735E-16,-1.));
#9904=DIRECTION('',(1.,9.08232186375291E-17,-5.56131819963552E-33));
#9905=DIRECTION('',(-5.56131819963552E-33,1.22464679914735E-16,1.));
#9906=DIRECTION('',(-1.,-9.08232186375291E-17,5.56131819963552E-33));
#9907=DIRECTION('',(5.56131819963552E-33,-1.22464679914735E-16,-1.));
#9908=DIRECTION('',(1.,9.08232186375291E-17,-5.56131819963552E-33));
#9909=DIRECTION('',(-5.56131819963552E-33,1.22464679914735E-16,1.));
#9910=DIRECTION('',(5.56131819963552E-33,-1.22464679914735E-16,-1.));
#9911=DIRECTION('',(1.,9.08232186375291E-17,-5.56131819963552E-33));
#9912=DIRECTION('',(-5.56131819963552E-33,1.22464679914735E-16,1.));
#9913=DIRECTION('',(-1.,-9.08232186375291E-17,5.56131819963552E-33));
#9914=DIRECTION('',(5.56131819963552E-33,-1.22464679914735E-16,-1.));
#9915=DIRECTION('',(1.,9.08232186375291E-17,-5.56131819963552E-33));
#9916=DIRECTION('',(-5.56131819963552E-33,1.22464679914735E-16,1.));
#9917=DIRECTION('',(5.56131819963552E-33,-1.22464679914735E-16,-1.));
#9918=DIRECTION('',(1.,9.08232186375291E-17,-5.56131819963552E-33));
#9919=DIRECTION('',(-5.56131819963552E-33,1.22464679914735E-16,1.));
#9920=DIRECTION('',(-1.,-9.08232186375291E-17,5.56131819963552E-33));
#9921=DIRECTION('',(-5.56131819963552E-33,1.22464679914735E-16,1.));
#9922=DIRECTION('',(1.,9.08232186375291E-17,-5.56131819963552E-33));
#9923=DIRECTION('',(-5.56131819963552E-33,1.22464679914735E-16,1.));
#9924=DIRECTION('',(-5.56131819963552E-33,1.22464679914735E-16,1.));
#9925=DIRECTION('',(1.,9.08232186375291E-17,-5.56131819963552E-33));
#9926=DIRECTION('',(-5.56131819963552E-33,1.22464679914735E-16,1.));
#9927=DIRECTION('',(-1.,-9.08232186375291E-17,5.56131819963552E-33));
#9928=DIRECTION('',(-5.56131819963552E-33,1.22464679914735E-16,1.));
#9929=DIRECTION('',(1.,9.08232186375291E-17,-5.56131819963552E-33));
#9930=DIRECTION('',(-5.56131819963552E-33,1.22464679914735E-16,1.));
#9931=DIRECTION('',(-5.56131819963552E-33,1.22464679914735E-16,1.));
#9932=DIRECTION('',(1.,9.08232186375291E-17,-5.56131819963552E-33));
#9933=DIRECTION('',(-5.56131819963552E-33,1.22464679914735E-16,1.));
#9934=DIRECTION('',(-1.,-9.08232186375291E-17,5.56131819963552E-33));
#9935=DIRECTION('',(-5.56131819963552E-33,1.22464679914735E-16,1.));
#9936=DIRECTION('',(1.,9.08232186375291E-17,-5.56131819963552E-33));
#9937=DIRECTION('',(-5.56131819963552E-33,1.22464679914735E-16,1.));
#9938=DIRECTION('',(-5.56131819963552E-33,1.22464679914735E-16,1.));
#9939=DIRECTION('',(1.,9.08232186375291E-17,-5.56131819963552E-33));
#9940=DIRECTION('',(-5.56131819963552E-33,1.22464679914735E-16,1.));
#9941=DIRECTION('',(-1.,-9.08232186375291E-17,5.56131819963552E-33));
#9942=DIRECTION('',(-5.56131819963552E-33,1.22464679914735E-16,1.));
#9943=DIRECTION('',(1.,9.08232186375291E-17,-5.56131819963552E-33));
#9944=DIRECTION('',(-5.56131819963552E-33,1.22464679914735E-16,1.));
#9945=DIRECTION('',(-5.56131819963552E-33,1.22464679914735E-16,1.));
#9946=DIRECTION('',(1.,9.08232186375291E-17,-5.56131819963552E-33));
#9947=DIRECTION('',(-5.56131819963552E-33,1.22464679914735E-16,1.));
#9948=DIRECTION('',(-1.,-9.08232186375291E-17,5.56131819963552E-33));
#9949=DIRECTION('',(-5.56131819963552E-33,1.22464679914735E-16,1.));
#9950=DIRECTION('',(1.,9.08232186375291E-17,-5.56131819963552E-33));
#9951=DIRECTION('',(-5.56131819963552E-33,1.22464679914735E-16,1.));
#9952=DIRECTION('',(-5.56131819963552E-33,1.22464679914735E-16,1.));
#9953=DIRECTION('',(1.,9.08232186375291E-17,-5.56131819963552E-33));
#9954=DIRECTION('',(-5.56131819963552E-33,1.22464679914735E-16,1.));
#9955=DIRECTION('',(-1.,-9.08232186375291E-17,5.56131819963552E-33));
#9956=DIRECTION('',(-5.56131819963552E-33,1.22464679914735E-16,1.));
#9957=DIRECTION('',(1.,9.08232186375291E-17,-5.56131819963552E-33));
#9958=DIRECTION('',(-5.56131819963552E-33,1.22464679914735E-16,1.));
#9959=DIRECTION('',(-5.56131819963552E-33,1.22464679914735E-16,1.));
#9960=DIRECTION('',(1.,9.08232186375291E-17,-5.56131819963552E-33));
#9961=DIRECTION('',(-5.56131819963552E-33,1.22464679914735E-16,1.));
#9962=DIRECTION('',(-1.,-9.08232186375291E-17,5.56131819963552E-33));
#9963=DIRECTION('',(-5.56131819963552E-33,1.22464679914735E-16,1.));
#9964=DIRECTION('',(1.,9.08232186375291E-17,-5.56131819963552E-33));
#9965=DIRECTION('',(-5.56131819963552E-33,1.22464679914735E-16,1.));
#9966=DIRECTION('',(-5.56131819963552E-33,1.22464679914735E-16,1.));
#9967=DIRECTION('',(1.,9.08232186375291E-17,-5.56131819963552E-33));
#9968=DIRECTION('',(-5.56131819963552E-33,1.22464679914735E-16,1.));
#9969=DIRECTION('',(-1.,-9.08232186375291E-17,5.56131819963552E-33));
#9970=DIRECTION('',(5.56131819963552E-33,-1.22464679914735E-16,-1.));
#9971=DIRECTION('',(1.,9.08232186375291E-17,-5.56131819963552E-33));
#9972=DIRECTION('',(5.56131819963552E-33,-1.22464679914735E-16,-1.));
#9973=DIRECTION('',(1.,9.08232186375291E-17,-5.56131819963552E-33));
#9974=DIRECTION('',(-5.56131819963552E-33,1.22464679914735E-16,1.));
#9975=DIRECTION('',(-1.,-9.08232186375291E-17,5.56131819963552E-33));
#9976=DIRECTION('',(5.56131819963552E-33,-1.22464679914735E-16,-1.));
#9977=DIRECTION('',(1.,9.08232186375291E-17,-5.56131819963552E-33));
#9978=DIRECTION('',(5.56131819963552E-33,-1.22464679914735E-16,-1.));
#9979=DIRECTION('',(1.,9.08232186375291E-17,-5.56131819963552E-33));
#9980=DIRECTION('',(-5.56131819963552E-33,1.22464679914735E-16,1.));
#9981=DIRECTION('',(-1.,-9.08232186375291E-17,5.56131819963552E-33));
#9982=DIRECTION('',(5.56131819963552E-33,-1.22464679914735E-16,-1.));
#9983=DIRECTION('',(1.,9.08232186375291E-17,-5.56131819963552E-33));
#9984=DIRECTION('',(5.56131819963552E-33,-1.22464679914735E-16,-1.));
#9985=DIRECTION('',(1.,9.08232186375291E-17,-5.56131819963552E-33));
#9986=DIRECTION('',(-5.56131819963552E-33,1.22464679914735E-16,1.));
#9987=DIRECTION('',(-1.,-9.08232186375291E-17,5.56131819963552E-33));
#9988=DIRECTION('',(5.56131819963552E-33,-1.22464679914735E-16,-1.));
#9989=DIRECTION('',(1.,9.08232186375291E-17,-5.56131819963552E-33));
#9990=DIRECTION('',(5.56131819963552E-33,-1.22464679914735E-16,-1.));
#9991=DIRECTION('',(1.,9.08232186375291E-17,-5.56131819963552E-33));
#9992=DIRECTION('',(-5.56131819963552E-33,1.22464679914735E-16,1.));
#9993=DIRECTION('',(-1.,-9.08232186375291E-17,5.56131819963552E-33));
#9994=DIRECTION('',(5.56131819963552E-33,-1.22464679914735E-16,-1.));
#9995=DIRECTION('',(1.,9.08232186375291E-17,-5.56131819963552E-33));
#9996=DIRECTION('',(5.56131819963552E-33,-1.22464679914735E-16,-1.));
#9997=DIRECTION('',(1.,9.08232186375291E-17,-5.56131819963552E-33));
#9998=DIRECTION('',(-5.56131819963552E-33,1.22464679914735E-16,1.));
#9999=DIRECTION('',(-1.,-9.08232186375291E-17,5.56131819963552E-33));
#10000=DIRECTION('',(5.56131819963552E-33,-1.22464679914735E-16,-1.));
#10001=DIRECTION('',(1.,9.08232186375291E-17,-5.56131819963552E-33));
#10002=DIRECTION('',(5.56131819963552E-33,-1.22464679914735E-16,-1.));
#10003=DIRECTION('',(1.,9.08232186375291E-17,-5.56131819963552E-33));
#10004=DIRECTION('',(-5.56131819963552E-33,1.22464679914735E-16,1.));
#10005=DIRECTION('',(-1.,-9.08232186375291E-17,5.56131819963552E-33));
#10006=DIRECTION('',(5.56131819963552E-33,-1.22464679914735E-16,-1.));
#10007=DIRECTION('',(1.,9.08232186375291E-17,-5.56131819963552E-33));
#10008=DIRECTION('',(5.56131819963552E-33,-1.22464679914735E-16,-1.));
#10009=DIRECTION('',(1.,9.08232186375291E-17,-5.56131819963552E-33));
#10010=DIRECTION('',(-5.56131819963552E-33,1.22464679914735E-16,1.));
#10011=DIRECTION('',(-1.,-9.08232186375291E-17,5.56131819963552E-33));
#10012=DIRECTION('',(5.56131819963552E-33,-1.22464679914735E-16,-1.));
#10013=DIRECTION('',(1.,9.08232186375291E-17,-5.56131819963552E-33));
#10014=DIRECTION('',(5.56131819963552E-33,-1.22464679914735E-16,-1.));
#10015=DIRECTION('',(1.,9.08232186375291E-17,-5.56131819963552E-33));
#10016=DIRECTION('',(5.56131819963552E-33,-1.22464679914735E-16,-1.));
#10017=DIRECTION('',(1.,9.08232186375291E-17,-5.56131819963552E-33));
#10018=DIRECTION('',(5.56131819963552E-33,-1.22464679914735E-16,-1.));
#10019=DIRECTION('',(1.,9.08232186375291E-17,-5.56131819963552E-33));
#10020=CARTESIAN_POINT('',(0.,0.,0.));
#10021=CARTESIAN_POINT('',(0.0757653641182756,0.0157969494438731,-0.0238000086266577));
#10022=CARTESIAN_POINT('',(0.0757653641182756,0.0157969494438731,-0.0230000086266577));
#10023=CARTESIAN_POINT('',(0.0760208177769795,0.0154764014402273,-0.0238000086266577));
#10024=CARTESIAN_POINT('',(0.0760208177769795,0.0154764014402273,-0.0230000086266577));
#10025=CARTESIAN_POINT('',(0.0767409816068051,0.0150786988057597,-0.0238000086266577));
#10026=CARTESIAN_POINT('',(0.0767409816068051,0.0150786988057597,-0.0230000086266577));
#10027=CARTESIAN_POINT('',(0.0782611798720465,0.0146484038200031,-0.0238000086266577));
#10028=CARTESIAN_POINT('',(0.0782611798720465,0.0146484038200031,-0.0230000086266577));
#10029=CARTESIAN_POINT('',(0.0802211799159366,0.0138858184628393,-0.0238000086266577));
#10030=CARTESIAN_POINT('',(0.0802211799159366,0.0138858184628393,-0.0230000086266577));
#10031=CARTESIAN_POINT('',(0.0825856395389576,0.0123835076208039,-0.0238000086266577));
#10032=CARTESIAN_POINT('',(0.0825856395389576,0.0123835076208039,-0.0230000086266577));
#10033=CARTESIAN_POINT('',(0.0852182287484151,0.0102358017312696,-0.0238000086266577));
#10034=CARTESIAN_POINT('',(0.0852182287484151,0.0102358017312696,-0.0230000086266577));
#10035=CARTESIAN_POINT('',(0.0889052249253174,0.0065947257973474,-0.0238000086266577));
#10036=CARTESIAN_POINT('',(0.0889052249253174,0.0065947257973474,-0.0230000086266577));
#10037=CARTESIAN_POINT('',(0.093517184113543,0.000759538078908216,-0.0238000086266577));
#10038=CARTESIAN_POINT('',(0.093517184113543,0.000759538078908216,-0.0230000086266577));
#10039=CARTESIAN_POINT('',(0.0980090063910939,-0.00774543724537402,-0.0238000086266577));
#10040=CARTESIAN_POINT('',(0.0980090063910939,-0.00774543724537402,-0.0230000086266577));
#10041=CARTESIAN_POINT('',(0.100025556595232,-0.0156490302203282,-0.0238000086266577));
#10042=CARTESIAN_POINT('',(0.100025556595232,-0.0156490302203282,-0.0230000086266577));
#10043=CARTESIAN_POINT('',(0.10077553454259,-0.0212587509992484,-0.0238000086266577));
#10044=CARTESIAN_POINT('',(0.10077553454259,-0.0212587509992484,-0.0230000086266577));
#10045=CARTESIAN_POINT('',(0.100943418061118,-0.0248009157063175,-0.0238000086266577));
#10046=CARTESIAN_POINT('',(0.100943418061118,-0.0248009157063175,-0.0230000086266577));
#10047=CARTESIAN_POINT('',(0.100783868244364,-0.0273727297964302,-0.0238000086266577));
#10048=CARTESIAN_POINT('',(0.100783868244364,-0.0273727297964302,-0.0230000086266577));
#10049=CARTESIAN_POINT('',(0.100438012612076,-0.0282069181432393,-0.0238000086266577));
#10050=CARTESIAN_POINT('',(0.100438012612076,-0.0282069181432393,-0.0230000086266577));
#10051=CARTESIAN_POINT('',(0.10031630715966,-0.0283161414506492,-0.0238000086266577));
#10052=CARTESIAN_POINT('',(0.10031630715966,-0.0283161414506492,-0.0230000086266577));
#10053=CARTESIAN_POINT('',(0.0757653641182756,0.0157969494438731,-0.0230000086266577));
#10054=CARTESIAN_POINT('',(0.0757654003916021,0.0157969039274281,-0.0230000086266577));
#10055=CARTESIAN_POINT('',(0.0757654366649286,0.0157968584109833,-0.0230000086266577));
#10056=CARTESIAN_POINT('',(0.075765472938255,0.0157968128945383,-0.0230000086266577));
#10057=CARTESIAN_POINT('',(0.0758942455105206,0.0156352266749611,-0.0230000086266577));
#10058=CARTESIAN_POINT('',(0.0762092186836057,0.015372147911511,-0.0230000086266577));
#10059=CARTESIAN_POINT('',(0.0768058361616026,0.015095605237742,-0.0230000086266577));
#10060=CARTESIAN_POINT('',(0.0775180637717287,0.0148583829616023,-0.0230000086266577));
#10061=CARTESIAN_POINT('',(0.0783448507472451,0.0145968686756557,-0.0230000086266577));
#10062=CARTESIAN_POINT('',(0.0792824920724365,0.0142530351297557,-0.0230000086266577));
#10063=CARTESIAN_POINT('',(0.0803247783281149,0.0137655299531653,-0.0230000086266577));
#10064=CARTESIAN_POINT('',(0.0814709302958548,0.0130904534119825,-0.0230000086266577));
#10065=CARTESIAN_POINT('',(0.083111721850066,0.0119606817050268,-0.0230000086266577));
#10066=CARTESIAN_POINT('',(0.0853297331348623,0.0101359446841703,-0.0230000086266577));
#10067=CARTESIAN_POINT('',(0.088120838858263,0.00735801866703616,-0.0230000086266577));
#10068=CARTESIAN_POINT('',(0.0909066367734207,0.00406165657309763,-0.0230000086266577));
#10069=CARTESIAN_POINT('',(0.0935527989152104,0.000316778426398035,-0.0230000086266577));
#10070=CARTESIAN_POINT('',(0.0959267036101668,-0.00380624565915652,-0.0230000086266577));
#10071=CARTESIAN_POINT('',(0.0978918644939525,-0.00823905480818771,-0.0230000086266577));
#10072=CARTESIAN_POINT('',(0.0993285581212907,-0.0129054626949579,-0.0230000086266577));
#10073=CARTESIAN_POINT('',(0.100288260731985,-0.0174875351754928,-0.0230000086266577));
#10074=CARTESIAN_POINT('',(0.100724575027806,-0.0209771506566655,-0.0230000086266577));
#10075=CARTESIAN_POINT('',(0.100878008724798,-0.0234147083709433,-0.0230000086266577));
#10076=CARTESIAN_POINT('',(0.10090085310077,-0.0250262470956056,-0.0230000086266577));
#10077=CARTESIAN_POINT('',(0.100837415424645,-0.0263807158115844,-0.0230000086266577));
#10078=CARTESIAN_POINT('',(0.100718064014531,-0.0272600309603765,-0.0230000086266577));
#10079=CARTESIAN_POINT('',(0.100588312906567,-0.0277888344774914,-0.0230000086266577));
#10080=CARTESIAN_POINT('',(0.100477557247726,-0.0280896258501085,-0.0230000086266577));
#10081=CARTESIAN_POINT('',(0.10038093795101,-0.0282503137442853,-0.0230000086266577));
#10082=CARTESIAN_POINT('',(0.100331062017094,-0.0283028998554919,-0.0230000086266577));
#10083=CARTESIAN_POINT('',(0.100316366812137,-0.0283160879161469,-0.0230000086266577));
#10084=CARTESIAN_POINT('',(0.100296894138592,-0.0283335634668842,-0.0230000086266577));
#10085=CARTESIAN_POINT('',(0.100277421465047,-0.0283510390176214,-0.0230000086266577));
#10086=CARTESIAN_POINT('',(0.100257948791502,-0.0283685145683586,-0.0230000086266577));
#10087=CARTESIAN_POINT('',(0.0757653641182756,0.0157969494438731,-0.0230000086266577));
#10088=CARTESIAN_POINT('',(0.100316338587528,-0.0283161764701243,-0.0230000086266577));
#10089=CARTESIAN_POINT('',(0.100316338587528,-0.0283161764701243,-0.0238000086266577));
#10090=CARTESIAN_POINT('',(0.100316338587528,-0.0283161764701243,-0.0238000086266577));
#10091=CARTESIAN_POINT('',(0.0757653641182756,0.0157969494438731,-0.0238000086266577));
#10092=CARTESIAN_POINT('',(0.0757654003916021,0.0157969039274281,-0.0238000086266577));
#10093=CARTESIAN_POINT('',(0.0757654366649286,0.0157968584109833,-0.0238000086266577));
#10094=CARTESIAN_POINT('',(0.075765472938255,0.0157968128945383,-0.0238000086266577));
#10095=CARTESIAN_POINT('',(0.0758942455105206,0.0156352266749611,-0.0238000086266577));
#10096=CARTESIAN_POINT('',(0.0762092186836057,0.015372147911511,-0.0238000086266577));
#10097=CARTESIAN_POINT('',(0.0768058361616026,0.015095605237742,-0.0238000086266577));
#10098=CARTESIAN_POINT('',(0.0775180637717287,0.0148583829616023,-0.0238000086266577));
#10099=CARTESIAN_POINT('',(0.0783448507472451,0.0145968686756557,-0.0238000086266577));
#10100=CARTESIAN_POINT('',(0.0792824920724365,0.0142530351297557,-0.0238000086266577));
#10101=CARTESIAN_POINT('',(0.0803247783281149,0.0137655299531653,-0.0238000086266577));
#10102=CARTESIAN_POINT('',(0.0814709302958548,0.0130904534119825,-0.0238000086266577));
#10103=CARTESIAN_POINT('',(0.083111721850066,0.0119606817050268,-0.0238000086266577));
#10104=CARTESIAN_POINT('',(0.0853297331348623,0.0101359446841703,-0.0238000086266577));
#10105=CARTESIAN_POINT('',(0.088120838858263,0.00735801866703616,-0.0238000086266577));
#10106=CARTESIAN_POINT('',(0.0909066367734207,0.00406165657309763,-0.0238000086266577));
#10107=CARTESIAN_POINT('',(0.0935527989152104,0.000316778426398035,-0.0238000086266577));
#10108=CARTESIAN_POINT('',(0.0959267036101668,-0.00380624565915652,-0.0238000086266577));
#10109=CARTESIAN_POINT('',(0.0978918644939525,-0.00823905480818771,-0.0238000086266577));
#10110=CARTESIAN_POINT('',(0.0993285581212907,-0.0129054626949579,-0.0238000086266577));
#10111=CARTESIAN_POINT('',(0.100288260731985,-0.0174875351754928,-0.0238000086266577));
#10112=CARTESIAN_POINT('',(0.100724575027806,-0.0209771506566655,-0.0238000086266577));
#10113=CARTESIAN_POINT('',(0.100878008724798,-0.0234147083709433,-0.0238000086266577));
#10114=CARTESIAN_POINT('',(0.10090085310077,-0.0250262470956056,-0.0238000086266577));
#10115=CARTESIAN_POINT('',(0.100837415424645,-0.0263807158115844,-0.0238000086266577));
#10116=CARTESIAN_POINT('',(0.100718064014531,-0.0272600309603765,-0.0238000086266577));
#10117=CARTESIAN_POINT('',(0.100588312906567,-0.0277888344774914,-0.0238000086266577));
#10118=CARTESIAN_POINT('',(0.100477557247726,-0.0280896258501085,-0.0238000086266577));
#10119=CARTESIAN_POINT('',(0.10038093795101,-0.0282503137442853,-0.0238000086266577));
#10120=CARTESIAN_POINT('',(0.100331062017094,-0.0283028998554919,-0.0238000086266577));
#10121=CARTESIAN_POINT('',(0.100316366812137,-0.0283160879161469,-0.0238000086266577));
#10122=CARTESIAN_POINT('',(0.100296894138592,-0.0283335634668842,-0.0238000086266577));
#10123=CARTESIAN_POINT('',(0.100277421465047,-0.0283510390176214,-0.0238000086266577));
#10124=CARTESIAN_POINT('',(0.100257948791502,-0.0283685145683586,-0.0238000086266577));
#10125=CARTESIAN_POINT('',(0.0757653641182756,0.0157969494438731,-0.0238000086266577));
#10126=CARTESIAN_POINT('',(0.0757653641182756,0.0157969494438731,-0.0238000086266577));
#10127=CARTESIAN_POINT('',(0.100316330115228,-0.0283162225378771,-0.0238000086266577));
#10128=CARTESIAN_POINT('',(0.100316330115228,-0.0283162225378771,-0.0230000086266577));
#10129=CARTESIAN_POINT('',(0.100040824904089,-0.0282655544934101,-0.0238000086266578));
#10130=CARTESIAN_POINT('',(0.100040824904089,-0.0282655544934101,-0.0230000086266578));
#10131=CARTESIAN_POINT('',(0.099370944777185,-0.0275946654358528,-0.0238000086266577));
#10132=CARTESIAN_POINT('',(0.099370944777185,-0.0275946654358528,-0.0230000086266577));
#10133=CARTESIAN_POINT('',(0.0984052582703864,-0.0254693993967909,-0.0238000086266577));
#10134=CARTESIAN_POINT('',(0.0984052582703864,-0.0254693993967909,-0.0230000086266578));
#10135=CARTESIAN_POINT('',(0.0976084281972112,-0.0236152667545205,-0.0238000086266577));
#10136=CARTESIAN_POINT('',(0.0976084281972112,-0.0236152667545205,-0.0230000086266578));
#10137=CARTESIAN_POINT('',(0.0969226854875278,-0.022511140520789,-0.0238000086266577));
#10138=CARTESIAN_POINT('',(0.0969226854875278,-0.022511140520789,-0.0230000086266578));
#10139=CARTESIAN_POINT('',(0.0963598427718405,-0.0219442901712522,-0.0238000086266577));
#10140=CARTESIAN_POINT('',(0.0963598427718405,-0.0219442901712522,-0.0230000086266577));
#10141=CARTESIAN_POINT('',(0.0955998128868882,-0.0218648333047671,-0.0238000086266577));
#10142=CARTESIAN_POINT('',(0.0955998128868882,-0.0218648333047671,-0.0230000086266578));
#10143=CARTESIAN_POINT('',(0.0949492356844156,-0.0223551165490141,-0.0238000086266577));
#10144=CARTESIAN_POINT('',(0.0949492356844156,-0.0223551165490141,-0.0230000086266577));
#10145=CARTESIAN_POINT('',(0.094332730289886,-0.0231247769321953,-0.0238000086266577));
#10146=CARTESIAN_POINT('',(0.094332730289886,-0.0231247769321953,-0.0230000086266578));
#10147=CARTESIAN_POINT('',(0.0935382653072235,-0.0244261566513479,-0.0238000086266577));
#10148=CARTESIAN_POINT('',(0.0935382653072235,-0.0244261566513479,-0.0230000086266578));
#10149=CARTESIAN_POINT('',(0.0926441670075275,-0.0262437218074275,-0.0238000086266577));
#10150=CARTESIAN_POINT('',(0.0926441670075275,-0.0262437218074275,-0.0230000086266578));
#10151=CARTESIAN_POINT('',(0.0921154198851008,-0.027272962355802,-0.0238000086266577));
#10152=CARTESIAN_POINT('',(0.0921154198851008,-0.027272962355802,-0.0230000086266578));
#10153=CARTESIAN_POINT('',(0.0919626301493849,-0.027475160111159,-0.0238000086266577));
#10154=CARTESIAN_POINT('',(0.0919626301493849,-0.027475160111159,-0.0230000086266578));
#10155=CARTESIAN_POINT('',(0.100316422856703,-0.0283162395851988,-0.0230000086266577));
#10156=CARTESIAN_POINT('',(0.100265006690154,-0.0283067933323815,-0.0230000086266577));
#10157=CARTESIAN_POINT('',(0.100138875457677,-0.0282642552107983,-0.0230000086266577));
#10158=CARTESIAN_POINT('',(0.0999179627682293,-0.0281116247380458,-0.0230000086266577));
#10159=CARTESIAN_POINT('',(0.0996613631722611,-0.0278326255670309,-0.0230000086266577));
#10160=CARTESIAN_POINT('',(0.0993158241188056,-0.0273365691286,-0.0230000086266577));
#10161=CARTESIAN_POINT('',(0.0988875836947532,-0.0265295998436102,-0.0230000086266577));
#10162=CARTESIAN_POINT('',(0.0983824367322484,-0.025402230883342,-0.0230000086266577));
#10163=CARTESIAN_POINT('',(0.0978774336108302,-0.0242479971672423,-0.0230000086266577));
#10164=CARTESIAN_POINT('',(0.097447335263376,-0.0233705057804663,-0.0230000086266577));
#10165=CARTESIAN_POINT('',(0.0970882660561266,-0.0227798288814947,-0.0230000086266577));
#10166=CARTESIAN_POINT('',(0.0968066887694236,-0.0224065460370152,-0.0230000086266577));
#10167=CARTESIAN_POINT('',(0.0965048016602641,-0.0221169073427877,-0.0230000086266577));
#10168=CARTESIAN_POINT('',(0.0962210549177766,-0.0219610440397714,-0.0230000086266577));
#10169=CARTESIAN_POINT('',(0.0959706370917274,-0.0219096648953636,-0.0230000086266577));
#10170=CARTESIAN_POINT('',(0.0957103817372262,-0.0219177294486889,-0.0230000086266577));
#10171=CARTESIAN_POINT('',(0.0954029080004482,-0.0220332958040337,-0.0230000086266577));
#10172=CARTESIAN_POINT('',(0.0950611838375912,-0.0222854515780002,-0.0230000086266577));
#10173=CARTESIAN_POINT('',(0.0947309323624164,-0.0226287072989709,-0.0230000086266577));
#10174=CARTESIAN_POINT('',(0.0944076408440513,-0.0230465019909354,-0.0230000086266577));
#10175=CARTESIAN_POINT('',(0.0939850302561092,-0.0236812865492599,-0.0230000086266577));
#10176=CARTESIAN_POINT('',(0.0934759361353113,-0.0245786209452346,-0.0230000086266577));
#10177=CARTESIAN_POINT('',(0.0930086680105256,-0.0254983996670585,-0.0230000086266577));
#10178=CARTESIAN_POINT('',(0.0926719465408762,-0.0261759544869625,-0.0230000086266577));
#10179=CARTESIAN_POINT('',(0.0924411858642141,-0.0266366565109096,-0.0230000086266577));
#10180=CARTESIAN_POINT('',(0.0922358269974286,-0.0270310303217805,-0.0230000086266577));
#10181=CARTESIAN_POINT('',(0.092089469186363,-0.0272877434163059,-0.0230000086266577));
#10182=CARTESIAN_POINT('',(0.0920041731884507,-0.0274184165801071,-0.0230000086266577));
#10183=CARTESIAN_POINT('',(0.0919724204130852,-0.0274622039440757,-0.0230000086266577));
#10184=CARTESIAN_POINT('',(0.0919626301493849,-0.027475160111159,-0.0230000086266577));
#10185=CARTESIAN_POINT('',(0.0919626383040773,-0.0274751626809654,-0.0230000086266577));
#10186=CARTESIAN_POINT('',(0.0919626383040773,-0.0274751626809654,-0.0238000086266577));
#10187=CARTESIAN_POINT('',(0.0919626383040773,-0.0274751626809654,-0.0238000086266577));
#10188=CARTESIAN_POINT('',(0.100316422856703,-0.0283162395851988,-0.0238000086266577));
#10189=CARTESIAN_POINT('',(0.100265006690154,-0.0283067933323815,-0.0238000086266577));
#10190=CARTESIAN_POINT('',(0.100138875457677,-0.0282642552107983,-0.0238000086266577));
#10191=CARTESIAN_POINT('',(0.0999179627682293,-0.0281116247380458,-0.0238000086266577));
#10192=CARTESIAN_POINT('',(0.0996613631722611,-0.0278326255670309,-0.0238000086266577));
#10193=CARTESIAN_POINT('',(0.0993158241188056,-0.0273365691286,-0.0238000086266577));
#10194=CARTESIAN_POINT('',(0.0988875836947532,-0.0265295998436102,-0.0238000086266577));
#10195=CARTESIAN_POINT('',(0.0983824367322484,-0.025402230883342,-0.0238000086266577));
#10196=CARTESIAN_POINT('',(0.0978774336108302,-0.0242479971672423,-0.0238000086266577));
#10197=CARTESIAN_POINT('',(0.097447335263376,-0.0233705057804663,-0.0238000086266577));
#10198=CARTESIAN_POINT('',(0.0970882660561266,-0.0227798288814947,-0.0238000086266577));
#10199=CARTESIAN_POINT('',(0.0968066887694236,-0.0224065460370152,-0.0238000086266577));
#10200=CARTESIAN_POINT('',(0.0965048016602641,-0.0221169073427877,-0.0238000086266577));
#10201=CARTESIAN_POINT('',(0.0962210549177766,-0.0219610440397714,-0.0238000086266577));
#10202=CARTESIAN_POINT('',(0.0959706370917274,-0.0219096648953636,-0.0238000086266577));
#10203=CARTESIAN_POINT('',(0.0957103817372262,-0.0219177294486889,-0.0238000086266577));
#10204=CARTESIAN_POINT('',(0.0954029080004482,-0.0220332958040337,-0.0238000086266577));
#10205=CARTESIAN_POINT('',(0.0950611838375912,-0.0222854515780002,-0.0238000086266577));
#10206=CARTESIAN_POINT('',(0.0947309323624164,-0.0226287072989709,-0.0238000086266577));
#10207=CARTESIAN_POINT('',(0.0944076408440513,-0.0230465019909354,-0.0238000086266577));
#10208=CARTESIAN_POINT('',(0.0939850302561092,-0.0236812865492599,-0.0238000086266577));
#10209=CARTESIAN_POINT('',(0.0934759361353113,-0.0245786209452346,-0.0238000086266577));
#10210=CARTESIAN_POINT('',(0.0930086680105256,-0.0254983996670585,-0.0238000086266577));
#10211=CARTESIAN_POINT('',(0.0926719465408762,-0.0261759544869625,-0.0238000086266577));
#10212=CARTESIAN_POINT('',(0.0924411858642141,-0.0266366565109096,-0.0238000086266577));
#10213=CARTESIAN_POINT('',(0.0922358269974286,-0.0270310303217805,-0.0238000086266577));
#10214=CARTESIAN_POINT('',(0.092089469186363,-0.0272877434163059,-0.0238000086266577));
#10215=CARTESIAN_POINT('',(0.0920041731884507,-0.0274184165801071,-0.0238000086266577));
#10216=CARTESIAN_POINT('',(0.0919724204130852,-0.0274622039440757,-0.0238000086266577));
#10217=CARTESIAN_POINT('',(0.0919626301493849,-0.027475160111159,-0.0238000086266577));
#10218=CARTESIAN_POINT('',(0.0919626383040773,-0.0274751626809654,-0.0238000086266577));
#10219=CARTESIAN_POINT('',(0.0919626383040773,-0.0274751626809654,-0.0230000086266577));
#10220=CARTESIAN_POINT('',(0.0918802173365618,-0.0273018195419256,-0.0238000086266577));
#10221=CARTESIAN_POINT('',(0.0918802173365618,-0.0273018195419256,-0.0230000086266577));
#10222=CARTESIAN_POINT('',(0.0917232821161666,-0.026460764280203,-0.0238000086266577));
#10223=CARTESIAN_POINT('',(0.0917232821161666,-0.026460764280203,-0.0230000086266577));
#10224=CARTESIAN_POINT('',(0.0915869519342173,-0.0242752512319894,-0.0238000086266577));
#10225=CARTESIAN_POINT('',(0.0915869519342173,-0.0242752512319894,-0.0230000086266577));
#10226=CARTESIAN_POINT('',(0.0913754567928392,-0.0214231661114001,-0.0238000086266577));
#10227=CARTESIAN_POINT('',(0.0913754567928392,-0.0214231661114001,-0.0230000086266577));
#10228=CARTESIAN_POINT('',(0.0909529816239618,-0.0181825761126264,-0.0238000086266577));
#10229=CARTESIAN_POINT('',(0.0909529816239618,-0.0181825761126264,-0.0230000086266577));
#10230=CARTESIAN_POINT('',(0.0901779480398369,-0.0148093374143652,-0.0238000086266577));
#10231=CARTESIAN_POINT('',(0.0901779480398369,-0.0148093374143652,-0.0230000086266577));
#10232=CARTESIAN_POINT('',(0.0888828868852547,-0.0115946535070853,-0.0238000086266577));
#10233=CARTESIAN_POINT('',(0.0888828868852547,-0.0115946535070853,-0.0230000086266577));
#10234=CARTESIAN_POINT('',(0.0871566248215742,-0.0086047223202752,-0.0238000086266577));
#10235=CARTESIAN_POINT('',(0.0871566248215742,-0.0086047223202752,-0.0230000086266577));
#10236=CARTESIAN_POINT('',(0.0844546875104619,-0.0049140988080882,-0.0238000086266577));
#10237=CARTESIAN_POINT('',(0.0844546875104619,-0.0049140988080882,-0.0230000086266577));
#10238=CARTESIAN_POINT('',(0.0806315482712758,-0.000890242853723493,-0.0238000086266577));
#10239=CARTESIAN_POINT('',(0.0806315482712758,-0.000890242853723493,-0.0230000086266577));
#10240=CARTESIAN_POINT('',(0.0762725378758426,0.00290577543049369,-0.0238000086266577));
#10241=CARTESIAN_POINT('',(0.0762725378758426,0.00290577543049369,-0.0230000086266577));
#10242=CARTESIAN_POINT('',(0.0732161913825407,0.0055771345551526,-0.0238000086266577));
#10243=CARTESIAN_POINT('',(0.0732161913825407,0.0055771345551526,-0.0230000086266577));
#10244=CARTESIAN_POINT('',(0.07174022413736,0.0065494578687116,-0.0238000086266577));
#10245=CARTESIAN_POINT('',(0.07174022413736,0.0065494578687116,-0.0230000086266577));
#10246=CARTESIAN_POINT('',(0.0710224493611288,0.00680232265414856,-0.0238000086266577));
#10247=CARTESIAN_POINT('',(0.0710224493611288,0.00680232265414856,-0.0230000086266577));
#10248=CARTESIAN_POINT('',(0.0919626383040773,-0.0274751626809654,-0.0230000086266577));
#10249=CARTESIAN_POINT('',(0.0919614337221469,-0.0274726292720606,-0.0230000086266577));
#10250=CARTESIAN_POINT('',(0.0919495475631947,-0.0274471931499903,-0.0230000086266577));
#10251=CARTESIAN_POINT('',(0.091926188994739,-0.0273886571237174,-0.0230000086266577));
#10252=CARTESIAN_POINT('',(0.0918824699949747,-0.0272462369297128,-0.0230000086266577));
#10253=CARTESIAN_POINT('',(0.0918315739523606,-0.0270141102366827,-0.0230000086266577));
#10254=CARTESIAN_POINT('',(0.0917781605895568,-0.0266599158230857,-0.0230000086266577));
#10255=CARTESIAN_POINT('',(0.0917152680434703,-0.0260964651684064,-0.0230000086266577));
#10256=CARTESIAN_POINT('',(0.0916473068583748,-0.0252362902406876,-0.0230000086266577));
#10257=CARTESIAN_POINT('',(0.0915641286916174,-0.0239958979949913,-0.0230000086266577));
#10258=CARTESIAN_POINT('',(0.0914598290575041,-0.0225852786258303,-0.0230000086266577));
#10259=CARTESIAN_POINT('',(0.0913147794777872,-0.0210415317837442,-0.0230000086266577));
#10260=CARTESIAN_POINT('',(0.0911092522086957,-0.0194013102136188,-0.0230000086266577));
#10261=CARTESIAN_POINT('',(0.0908234198694902,-0.0177009599872027,-0.0230000086266577));
#10262=CARTESIAN_POINT('',(0.0904373606738409,-0.0159769889939127,-0.0230000086266577));
#10263=CARTESIAN_POINT('',(0.0899308301072029,-0.0142646858647273,-0.0230000086266577));
#10264=CARTESIAN_POINT('',(0.0892838198946018,-0.0126036380140837,-0.0230000086266577));
#10265=CARTESIAN_POINT('',(0.0885138460604968,-0.0109993905429789,-0.0230000086266577));
#10266=CARTESIAN_POINT('',(0.0873456105977275,-0.0089367597534369,-0.0230000086266577));
#10267=CARTESIAN_POINT('',(0.0856619588643772,-0.00650597135998019,-0.0230000086266577));
#10268=CARTESIAN_POINT('',(0.0834179206646337,-0.00383654019793527,-0.0230000086266577));
#10269=CARTESIAN_POINT('',(0.0810832115378588,-0.00142669635891644,-0.0230000086266577));
#10270=CARTESIAN_POINT('',(0.0787910777310018,0.000710965948844467,-0.0230000086266577));
#10271=CARTESIAN_POINT('',(0.0770263444676754,0.00225494125047871,-0.0230000086266577));
#10272=CARTESIAN_POINT('',(0.0757709497150573,0.00334011183901016,-0.0230000086266577));
#10273=CARTESIAN_POINT('',(0.0746340867411082,0.0043250105276176,-0.0230000086266577));
#10274=CARTESIAN_POINT('',(0.0734024728706081,0.00536386014955166,-0.0230000086266577));
#10275=CARTESIAN_POINT('',(0.0721451484392142,0.0062857727690267,-0.0230000086266577));
#10276=CARTESIAN_POINT('',(0.0713925753658315,0.00667193101060932,-0.0230000086266577));
#10277=CARTESIAN_POINT('',(0.0710224493611288,0.00680232265414856,-0.0230000086266577));
#10278=CARTESIAN_POINT('',(0.0710224493611287,0.00680232265414856,-0.0230000086266577));
#10279=CARTESIAN_POINT('',(0.0710224493611287,0.00680232265414856,-0.0238000086266577));
#10280=CARTESIAN_POINT('',(0.0710224493611287,0.00680232265414856,-0.0238000086266577));
#10281=CARTESIAN_POINT('',(0.0919626383040773,-0.0274751626809654,-0.0238000086266577));
#10282=CARTESIAN_POINT('',(0.0919614337221469,-0.0274726292720606,-0.0238000086266577));
#10283=CARTESIAN_POINT('',(0.0919495475631947,-0.0274471931499903,-0.0238000086266577));
#10284=CARTESIAN_POINT('',(0.091926188994739,-0.0273886571237174,-0.0238000086266577));
#10285=CARTESIAN_POINT('',(0.0918824699949747,-0.0272462369297128,-0.0238000086266577));
#10286=CARTESIAN_POINT('',(0.0918315739523606,-0.0270141102366827,-0.0238000086266577));
#10287=CARTESIAN_POINT('',(0.0917781605895568,-0.0266599158230857,-0.0238000086266577));
#10288=CARTESIAN_POINT('',(0.0917152680434703,-0.0260964651684064,-0.0238000086266577));
#10289=CARTESIAN_POINT('',(0.0916473068583748,-0.0252362902406876,-0.0238000086266577));
#10290=CARTESIAN_POINT('',(0.0915641286916174,-0.0239958979949913,-0.0238000086266577));
#10291=CARTESIAN_POINT('',(0.0914598290575041,-0.0225852786258303,-0.0238000086266577));
#10292=CARTESIAN_POINT('',(0.0913147794777872,-0.0210415317837442,-0.0238000086266577));
#10293=CARTESIAN_POINT('',(0.0911092522086957,-0.0194013102136188,-0.0238000086266577));
#10294=CARTESIAN_POINT('',(0.0908234198694902,-0.0177009599872027,-0.0238000086266577));
#10295=CARTESIAN_POINT('',(0.0904373606738409,-0.0159769889939127,-0.0238000086266577));
#10296=CARTESIAN_POINT('',(0.0899308301072029,-0.0142646858647273,-0.0238000086266577));
#10297=CARTESIAN_POINT('',(0.0892838198946018,-0.0126036380140837,-0.0238000086266577));
#10298=CARTESIAN_POINT('',(0.0885138460604968,-0.0109993905429789,-0.0238000086266577));
#10299=CARTESIAN_POINT('',(0.0873456105977275,-0.0089367597534369,-0.0238000086266577));
#10300=CARTESIAN_POINT('',(0.0856619588643772,-0.00650597135998019,-0.0238000086266577));
#10301=CARTESIAN_POINT('',(0.0834179206646337,-0.00383654019793527,-0.0238000086266577));
#10302=CARTESIAN_POINT('',(0.0810832115378588,-0.00142669635891644,-0.0238000086266577));
#10303=CARTESIAN_POINT('',(0.0787910777310018,0.000710965948844467,-0.0238000086266577));
#10304=CARTESIAN_POINT('',(0.0770263444676754,0.00225494125047871,-0.0238000086266577));
#10305=CARTESIAN_POINT('',(0.0757709497150573,0.00334011183901016,-0.0238000086266577));
#10306=CARTESIAN_POINT('',(0.0746340867411082,0.0043250105276176,-0.0238000086266577));
#10307=CARTESIAN_POINT('',(0.0734024728706081,0.00536386014955166,-0.0238000086266577));
#10308=CARTESIAN_POINT('',(0.0721451484392142,0.0062857727690267,-0.0238000086266577));
#10309=CARTESIAN_POINT('',(0.0713925753658315,0.00667193101060932,-0.0238000086266577));
#10310=CARTESIAN_POINT('',(0.0710224493611288,0.00680232265414856,-0.0238000086266577));
#10311=CARTESIAN_POINT('',(0.0710224493611287,0.00680232265414856,-0.0238000086266577));
#10312=CARTESIAN_POINT('',(0.0710224493611287,0.00680232265414856,-0.0230000086266577));
#10313=CARTESIAN_POINT('',(0.0707634507235748,0.00689356525152349,-0.0238000086266577));
#10314=CARTESIAN_POINT('',(0.0707634507235748,0.00689356525152349,-0.0230000086266577));
#10315=CARTESIAN_POINT('',(0.0702773370885022,0.00711549530763933,-0.0238000086266577));
#10316=CARTESIAN_POINT('',(0.0702773370885022,0.00711549530763933,-0.0230000086266577));
#10317=CARTESIAN_POINT('',(0.0692669685285064,0.00670381260124893,-0.0238000086266577));
#10318=CARTESIAN_POINT('',(0.0692669685285064,0.00670381260124893,-0.0230000086266577));
#10319=CARTESIAN_POINT('',(0.0684749747780535,0.00626208992056777,-0.0238000086266577));
#10320=CARTESIAN_POINT('',(0.0684749747780535,0.00626208992056777,-0.0230000086266577));
#10321=CARTESIAN_POINT('',(0.0680425385168699,0.00597574381291578,-0.0238000086266577));
#10322=CARTESIAN_POINT('',(0.0680425385168699,0.00597574381291578,-0.0230000086266577));
#10323=CARTESIAN_POINT('',(0.0678022116614974,0.00583418776049036,-0.0238000086266577));
#10324=CARTESIAN_POINT('',(0.0678022116614974,0.00583418776049036,-0.0230000086266577));
#10325=CARTESIAN_POINT('',(0.0677251402310719,0.00582594438227967,-0.0238000086266577));
#10326=CARTESIAN_POINT('',(0.0677251402310719,0.00582594438227967,-0.0230000086266577));
#10327=CARTESIAN_POINT('',(0.067674483964164,0.00583849996244898,-0.0238000086266577));
#10328=CARTESIAN_POINT('',(0.067674483964164,0.00583849996244898,-0.0230000086266577));
#10329=CARTESIAN_POINT('',(0.0675634128401094,0.0059590256552578,-0.0238000086266577));
#10330=CARTESIAN_POINT('',(0.0675634128401094,0.0059590256552578,-0.0230000086266577));
#10331=CARTESIAN_POINT('',(0.0675017489400487,0.00605872218915145,-0.0238000086266577));
#10332=CARTESIAN_POINT('',(0.0675017489400487,0.00605872218915145,-0.0230000086266577));
#10333=CARTESIAN_POINT('',(0.0710224493611287,0.00680232265414856,-0.0230000086266577));
#10334=CARTESIAN_POINT('',(0.0708913419290993,0.00684851047485101,-0.0230000086266577));
#10335=CARTESIAN_POINT('',(0.0706490746695693,0.00694742934247801,-0.0230000086266577));
#10336=CARTESIAN_POINT('',(0.0702025666950229,0.00701286113384452,-0.0230000086266577));
#10337=CARTESIAN_POINT('',(0.0697403660134023,0.00688650167775926,-0.0230000086266577));
#10338=CARTESIAN_POINT('',(0.0693443518742434,0.00671989067914887,-0.0230000086266577));
#10339=CARTESIAN_POINT('',(0.069040161206714,0.00657121704413122,-0.0230000086266577));
#10340=CARTESIAN_POINT('',(0.068738585889125,0.00640794614024227,-0.0230000086266577));
#10341=CARTESIAN_POINT('',(0.0684494611468401,0.00623878898768986,-0.0230000086266577));
#10342=CARTESIAN_POINT('',(0.0681830708902445,0.00607408032364269,-0.0230000086266577));
#10343=CARTESIAN_POINT('',(0.0679886822331106,0.00594415743486708,-0.0230000086266577));
#10344=CARTESIAN_POINT('',(0.0678675257098148,0.00587177001084144,-0.0230000086266577));
#10345=CARTESIAN_POINT('',(0.0677948678236321,0.00583866013978192,-0.0230000086266577));
#10346=CARTESIAN_POINT('',(0.0677463273310177,0.00582786002795947,-0.0230000086266577));
#10347=CARTESIAN_POINT('',(0.067720809040176,0.005829534996253,-0.0230000086266577));
#10348=CARTESIAN_POINT('',(0.0676913552275991,0.00583898804406402,-0.0230000086266577));
#10349=CARTESIAN_POINT('',(0.0676358801704154,0.00587890324697441,-0.0230000086266577));
#10350=CARTESIAN_POINT('',(0.0675686956746754,0.00595635587982834,-0.0230000086266577));
#10351=CARTESIAN_POINT('',(0.0675207119528119,0.00602806330051792,-0.0230000086266577));
#10352=CARTESIAN_POINT('',(0.0675017489400487,0.00605872218915145,-0.0230000086266577));
#10353=CARTESIAN_POINT('',(0.0675017441814026,0.0060587194072779,-0.0230000086266577));
#10354=CARTESIAN_POINT('',(0.0675017441814026,0.0060587194072779,-0.0238000086266577));
#10355=CARTESIAN_POINT('',(0.0675017441814026,0.0060587194072779,-0.0238000086266577));
#10356=CARTESIAN_POINT('',(0.0710224493611287,0.00680232265414856,-0.0238000086266577));
#10357=CARTESIAN_POINT('',(0.0708913419290993,0.00684851047485101,-0.0238000086266577));
#10358=CARTESIAN_POINT('',(0.0706490746695693,0.00694742934247801,-0.0238000086266577));
#10359=CARTESIAN_POINT('',(0.0702025666950229,0.00701286113384452,-0.0238000086266577));
#10360=CARTESIAN_POINT('',(0.0697403660134023,0.00688650167775926,-0.0238000086266577));
#10361=CARTESIAN_POINT('',(0.0693443518742434,0.00671989067914887,-0.0238000086266577));
#10362=CARTESIAN_POINT('',(0.069040161206714,0.00657121704413122,-0.0238000086266577));
#10363=CARTESIAN_POINT('',(0.068738585889125,0.00640794614024227,-0.0238000086266577));
#10364=CARTESIAN_POINT('',(0.0684494611468401,0.00623878898768986,-0.0238000086266577));
#10365=CARTESIAN_POINT('',(0.0681830708902445,0.00607408032364269,-0.0238000086266577));
#10366=CARTESIAN_POINT('',(0.0679886822331106,0.00594415743486708,-0.0238000086266577));
#10367=CARTESIAN_POINT('',(0.0678675257098148,0.00587177001084144,-0.0238000086266577));
#10368=CARTESIAN_POINT('',(0.0677948678236321,0.00583866013978192,-0.0238000086266577));
#10369=CARTESIAN_POINT('',(0.0677463273310177,0.00582786002795947,-0.0238000086266577));
#10370=CARTESIAN_POINT('',(0.067720809040176,0.005829534996253,-0.0238000086266577));
#10371=CARTESIAN_POINT('',(0.0676913552275991,0.00583898804406402,-0.0238000086266577));
#10372=CARTESIAN_POINT('',(0.0676358801704154,0.00587890324697441,-0.0238000086266577));
#10373=CARTESIAN_POINT('',(0.0675686956746754,0.00595635587982834,-0.0238000086266577));
#10374=CARTESIAN_POINT('',(0.0675207119528119,0.00602806330051792,-0.0238000086266577));
#10375=CARTESIAN_POINT('',(0.0675017489400487,0.00605872218915145,-0.0238000086266577));
#10376=CARTESIAN_POINT('',(0.0675017441814026,0.0060587194072779,-0.0238000086266577));
#10377=CARTESIAN_POINT('',(0.0675017441814026,0.0060587194072779,-0.0230000086266577));
#10378=CARTESIAN_POINT('',(0.0683607859550479,0.0100802751555181,-0.0238000086266577));
#10379=CARTESIAN_POINT('',(0.0683607859550479,0.0100802751555181,-0.0230000086266577));
#10380=CARTESIAN_POINT('',(0.0713161440497757,0.0169184791518896,-0.0238000086266577));
#10381=CARTESIAN_POINT('',(0.0713161440497757,0.0169184791518896,-0.0230000086266577));
#10382=CARTESIAN_POINT('',(0.0759540211712023,0.0223155967844208,-0.0238000086266577));
#10383=CARTESIAN_POINT('',(0.0759540211712023,0.0223155967844208,-0.0230000086266577));
#10384=CARTESIAN_POINT('',(0.0789810824265313,0.0242738751662948,-0.0238000086266577));
#10385=CARTESIAN_POINT('',(0.0789810824265313,0.0242738751662948,-0.0230000086266577));
#10386=CARTESIAN_POINT('',(0.0675017441814026,0.0060587194072779,-0.0230000086266577));
#10387=CARTESIAN_POINT('',(0.0679288723535046,0.00805829592200666,-0.0230000086266577));
#10388=CARTESIAN_POINT('',(0.0690931400619831,0.0117839433271455,-0.0230000086266577));
#10389=CARTESIAN_POINT('',(0.0716338324239144,0.0166560050260288,-0.0230000086266577));
#10390=CARTESIAN_POINT('',(0.0748110310289041,0.0209789431241705,-0.0230000086266577));
#10391=CARTESIAN_POINT('',(0.077480328997154,0.023303001850765,-0.0230000086266577));
#10392=CARTESIAN_POINT('',(0.0789810824265313,0.0242738751662948,-0.0230000086266577));
#10393=CARTESIAN_POINT('',(0.0789810823256085,0.0242738752987763,-0.0230000086266577));
#10394=CARTESIAN_POINT('',(0.0789810823256085,0.0242738752987763,-0.0238000086266577));
#10395=CARTESIAN_POINT('',(0.0789810823256085,0.0242738752987763,-0.0238000086266577));
#10396=CARTESIAN_POINT('',(0.0675017441814026,0.0060587194072779,-0.0238000086266577));
#10397=CARTESIAN_POINT('',(0.0679288723535046,0.00805829592200666,-0.0238000086266577));
#10398=CARTESIAN_POINT('',(0.0690931400619831,0.0117839433271455,-0.0238000086266577));
#10399=CARTESIAN_POINT('',(0.0716338324239144,0.0166560050260288,-0.0238000086266577));
#10400=CARTESIAN_POINT('',(0.0748110310289041,0.0209789431241705,-0.0238000086266577));
#10401=CARTESIAN_POINT('',(0.077480328997154,0.023303001850765,-0.0238000086266577));
#10402=CARTESIAN_POINT('',(0.0789810824265313,0.0242738751662948,-0.0238000086266577));
#10403=CARTESIAN_POINT('',(0.0757141460174841,0.00774728858764611,-0.0238000086266577));
#10404=CARTESIAN_POINT('',(0.0757141460174841,0.00774728858764611,-0.0230000086266577));
#10405=CARTESIAN_POINT('',(0.0735893481536025,0.00921894562108133,-0.0230000086266577));
#10406=CARTESIAN_POINT('',(0.0737546232679888,0.00943275913933821,-0.0230000086266577));
#10407=CARTESIAN_POINT('',(0.0735893481536025,0.00921894562108133,-0.0238000086266577));
#10408=CARTESIAN_POINT('',(0.0735893481536025,0.00921894562108133,-0.0238000086266577));
#10409=CARTESIAN_POINT('',(0.0757141460174841,0.00774728858764611,-0.0238000086266577));
#10410=CARTESIAN_POINT('',(0.0737546232679888,0.00943275913933821,-0.0238000086266577));
#10411=CARTESIAN_POINT('',(0.0737546232679888,0.00943275913933821,-0.0238000086266577));
#10412=CARTESIAN_POINT('',(0.0742295097478751,0.00877556306278682,-0.0238000086266577));
#10413=CARTESIAN_POINT('',(0.0742295097478751,0.00877556306278682,-0.0230000086266577));
#10414=CARTESIAN_POINT('',(0.0734870151934858,0.0090102901308545,-0.0230000086266577));
#10415=CARTESIAN_POINT('',(0.0734870151934858,0.0090102901308545,-0.0238000086266577));
#10416=CARTESIAN_POINT('',(0.0734870151934858,0.0090102901308545,-0.0238000086266577));
#10417=CARTESIAN_POINT('',(0.0742295097478751,0.00877556306278682,-0.0238000086266577));
#10418=CARTESIAN_POINT('',(0.0743764221318193,0.00872911920277167,-0.0238000086266577));
#10419=CARTESIAN_POINT('',(0.0743764221318193,0.00872911920277167,-0.0230000086266577));
#10420=CARTESIAN_POINT('',(0.0734595497584705,0.0085575183760214,-0.0230000086266577));
#10421=CARTESIAN_POINT('',(0.0734595497584705,0.0085575183760214,-0.0238000086266577));
#10422=CARTESIAN_POINT('',(0.0734595497584705,0.0085575183760214,-0.0238000086266577));
#10423=CARTESIAN_POINT('',(0.0743764221318193,0.00872911920277167,-0.0238000086266577));
#10424=CARTESIAN_POINT('',(0.0741417721902353,0.00868520237732996,-0.0238000086266577));
#10425=CARTESIAN_POINT('',(0.0741417721902353,0.00868520237732996,-0.0230000086266577));
#10426=CARTESIAN_POINT('',(0.0736809719475791,0.00816617079162294,-0.0230000086266577));
#10427=CARTESIAN_POINT('',(0.0736809719475791,0.00816617079162294,-0.0238000086266577));
#10428=CARTESIAN_POINT('',(0.0736809719475791,0.00816617079162294,-0.0238000086266577));
#10429=CARTESIAN_POINT('',(0.0741417721902353,0.00868520237732996,-0.0238000086266577));
#10430=CARTESIAN_POINT('',(0.0742692823942603,0.00882882605037194,-0.0238000086266577));
#10431=CARTESIAN_POINT('',(0.0742692823942603,0.00882882605037194,-0.0230000086266577));
#10432=CARTESIAN_POINT('',(0.0741040567581603,0.00795823908584908,-0.0230000086266577));
#10433=CARTESIAN_POINT('',(0.0741040567581603,0.00795823908584908,-0.0238000086266577));
#10434=CARTESIAN_POINT('',(0.0741040567581603,0.00795823908584908,-0.0238000086266577));
#10435=CARTESIAN_POINT('',(0.0742692823942603,0.00882882605037194,-0.0238000086266577));
#10436=CARTESIAN_POINT('',(0.0744360497893118,0.00970753666493648,-0.0238000086266577));
#10437=CARTESIAN_POINT('',(0.0744360497893118,0.00970753666493648,-0.0230000086266577));
#10438=CARTESIAN_POINT('',(0.0746157995563213,0.00793611028650775,-0.0230000086266577));
#10439=CARTESIAN_POINT('',(0.0746157995563213,0.00793611028650775,-0.0238000086266577));
#10440=CARTESIAN_POINT('',(0.0746157995563213,0.00793611028650775,-0.0238000086266577));
#10441=CARTESIAN_POINT('',(0.0744360497893118,0.00970753666493648,-0.0238000086266577));
#10442=CARTESIAN_POINT('',(0.0742357175973105,0.0116818019742255,-0.0238000086266577));
#10443=CARTESIAN_POINT('',(0.0742357175973105,0.0116818019742255,-0.0230000086266577));
#10444=CARTESIAN_POINT('',(0.0750868849348426,0.00801435290456863,-0.0230000086266577));
#10445=CARTESIAN_POINT('',(0.0750868849348426,0.00801435290456863,-0.0238000086266577));
#10446=CARTESIAN_POINT('',(0.0750868849348426,0.00801435290456863,-0.0238000086266577));
#10447=CARTESIAN_POINT('',(0.0742357175973105,0.0116818019742255,-0.0238000086266577));
#10448=CARTESIAN_POINT('',(0.0744022319156252,0.0109643369648671,-0.0238000086266577));
#10449=CARTESIAN_POINT('',(0.0744022319156252,0.0109643369648671,-0.0230000086266577));
#10450=CARTESIAN_POINT('',(0.0755227644499193,0.00815087600862015,-0.0230000086266577));
#10451=CARTESIAN_POINT('',(0.0755227644499193,0.00815087600862015,-0.0238000086266577));
#10452=CARTESIAN_POINT('',(0.0755227644499193,0.00815087600862015,-0.0238000086266577));
#10453=CARTESIAN_POINT('',(0.0744022319156252,0.0109643369648671,-0.0238000086266577));
#10454=CARTESIAN_POINT('',(0.0745252110171592,0.0106555579780809,-0.0238000086266577));
#10455=CARTESIAN_POINT('',(0.0745252110171592,0.0106555579780809,-0.0230000086266577));
#10456=CARTESIAN_POINT('',(0.0759113397604644,0.00834315841779413,-0.0230000086266577));
#10457=CARTESIAN_POINT('',(0.0759113397604644,0.00834315841779413,-0.0238000086266577));
#10458=CARTESIAN_POINT('',(0.0759113397604644,0.00834315841779413,-0.0238000086266577));
#10459=CARTESIAN_POINT('',(0.0745252110171592,0.0106555579780809,-0.0238000086266577));
#10460=CARTESIAN_POINT('',(0.0747899894495577,0.0102138432141321,-0.0238000086266577));
#10461=CARTESIAN_POINT('',(0.0747899894495577,0.0102138432141321,-0.0230000086266577));
#10462=CARTESIAN_POINT('',(0.0762467705539809,0.00859067441797383,-0.0230000086266577));
#10463=CARTESIAN_POINT('',(0.0762467705539809,0.00859067441797383,-0.0238000086266577));
#10464=CARTESIAN_POINT('',(0.0762467705539809,0.00859067441797383,-0.0238000086266577));
#10465=CARTESIAN_POINT('',(0.0747899894495577,0.0102138432141321,-0.0238000086266577));
#10466=CARTESIAN_POINT('',(0.0779756124382896,0.00666437115142202,-0.0238000086266577));
#10467=CARTESIAN_POINT('',(0.0779756124382896,0.00666437115142202,-0.0230000086266577));
#10468=CARTESIAN_POINT('',(0.0763879587150062,0.00870860552903507,-0.0230000086266577));
#10469=CARTESIAN_POINT('',(0.0763879587150062,0.00870860552903507,-0.0238000086266577));
#10470=CARTESIAN_POINT('',(0.0763879587150062,0.00870860552903507,-0.0238000086266577));
#10471=CARTESIAN_POINT('',(0.0779756124382896,0.00666437115142202,-0.0238000086266577));
#10472=CARTESIAN_POINT('',(0.0767252583787289,0.0082743045488989,-0.0238000086266577));
#10473=CARTESIAN_POINT('',(0.0767252583787289,0.0082743045488989,-0.0230000086266577));
#10474=CARTESIAN_POINT('',(0.0764754803282724,0.00876420181364504,-0.0230000086266577));
#10475=CARTESIAN_POINT('',(0.0764754803282724,0.00876420181364504,-0.0238000086266577));
#10476=CARTESIAN_POINT('',(0.0764754803282724,0.00876420181364504,-0.0238000086266577));
#10477=CARTESIAN_POINT('',(0.0767252583787289,0.0082743045488989,-0.0238000086266577));
#10478=CARTESIAN_POINT('',(0.0765472619611465,0.0086234143203493,-0.0238000086266577));
#10479=CARTESIAN_POINT('',(0.0765472619611465,0.0086234143203493,-0.0230000086266577));
#10480=CARTESIAN_POINT('',(0.0765186709753653,0.00877883721640581,-0.0230000086266577));
#10481=CARTESIAN_POINT('',(0.0765186709753653,0.00877883721640581,-0.0238000086266577));
#10482=CARTESIAN_POINT('',(0.0765186709753653,0.00877883721640581,-0.0238000086266577));
#10483=CARTESIAN_POINT('',(0.0765472619611465,0.0086234143203493,-0.0238000086266577));
#10484=CARTESIAN_POINT('',(0.0597489502707607,-0.0121534730705715,-0.0238000086266577));
#10485=CARTESIAN_POINT('',(0.0597489502707607,-0.0121534730705715,-0.0230000086266577));
#10486=CARTESIAN_POINT('',(0.0770248103733628,0.008363100819239,-0.0230000086266577));
#10487=CARTESIAN_POINT('',(0.0770248103733628,0.008363100819239,-0.0238000086266577));
#10488=CARTESIAN_POINT('',(0.0770248103733628,0.008363100819239,-0.0238000086266577));
#10489=CARTESIAN_POINT('',(0.0597489502707607,-0.0121534730705715,-0.0238000086266577));
#10490=CARTESIAN_POINT('',(0.0265468949283053,-0.0515837774190325,-0.0238000086266577));
#10491=CARTESIAN_POINT('',(0.0265468949283053,-0.0515837774190325,-0.0230000086266577));
#10492=CARTESIAN_POINT('',(0.0773724565573948,0.00806863613880752,-0.0230000086266577));
#10493=CARTESIAN_POINT('',(0.0773724565573948,0.00806863613880752,-0.0238000086266577));
#10494=CARTESIAN_POINT('',(0.0773724565573948,0.00806863613880752,-0.0238000086266577));
#10495=CARTESIAN_POINT('',(0.0265468949283053,-0.0515837774190325,-0.0238000086266577));
#10496=CARTESIAN_POINT('',(-0.342628985995226,0.296951046386584,-0.0238000086266577));
#10497=CARTESIAN_POINT('',(-0.342628985995226,0.296951046386584,-0.0230000086266577));
#10498=CARTESIAN_POINT('',(0.0772435367156232,0.00788129119023961,-0.0230000086266577));
#10499=CARTESIAN_POINT('',(0.0772435367156232,0.00788129119023961,-0.0238000086266577));
#10500=CARTESIAN_POINT('',(0.0772435367156232,0.00788129119023961,-0.0238000086266577));
#10501=CARTESIAN_POINT('',(-0.342628985995226,0.296951046386584,-0.0238000086266577));
#10502=CARTESIAN_POINT('',(-0.00862050820846458,0.0669961346339753,-0.0238000086266577));
#10503=CARTESIAN_POINT('',(-0.00862050820846458,0.0669961346339753,-0.0230000086266577));
#10504=CARTESIAN_POINT('',(0.0770221108498679,0.00756095374809722,-0.0230000086266577));
#10505=CARTESIAN_POINT('',(0.0770221108498679,0.00756095374809722,-0.0238000086266577));
#10506=CARTESIAN_POINT('',(0.0770221108498679,0.00756095374809722,-0.0238000086266577));
#10507=CARTESIAN_POINT('',(-0.00862050820846458,0.0669961346339753,-0.0238000086266577));
#10508=CARTESIAN_POINT('',(-0.0831181663635903,0.118696816335534,-0.0238000086266577));
#10509=CARTESIAN_POINT('',(-0.0831181663635903,0.118696816335534,-0.0230000086266577));
#10510=CARTESIAN_POINT('',(0.0767616214496582,0.00718653973356911,-0.0230000086266577));
#10511=CARTESIAN_POINT('',(0.0767616214496582,0.00718653973356911,-0.0238000086266577));
#10512=CARTESIAN_POINT('',(0.0767616214496582,0.00718653973356911,-0.0238000086266577));
#10513=CARTESIAN_POINT('',(-0.0831181663635903,0.118696816335534,-0.0238000086266577));
#10514=CARTESIAN_POINT('',(0.0960923654703866,-0.00629594383834411,-0.0238000086266577));
#10515=CARTESIAN_POINT('',(0.0960923654703866,-0.00629594383834411,-0.0230000086266577));
#10516=CARTESIAN_POINT('',(0.0763957388690097,0.00664615522587909,-0.0230000086266577));
#10517=CARTESIAN_POINT('',(0.0763957388690097,0.00664615522587909,-0.0238000086266577));
#10518=CARTESIAN_POINT('',(0.0763957388690097,0.00664615522587909,-0.0238000086266577));
#10519=CARTESIAN_POINT('',(0.0960923654703866,-0.00629594383834411,-0.0238000086266577));
#10520=CARTESIAN_POINT('',(0.078984837234214,0.00494493154897034,-0.0238000086266577));
#10521=CARTESIAN_POINT('',(0.078984837234214,0.00494493154897034,-0.0230000086266577));
#10522=CARTESIAN_POINT('',(0.0761986198543028,0.00629940009990159,-0.0230000086266577));
#10523=CARTESIAN_POINT('',(0.0761986198543028,0.00629940009990159,-0.0238000086266577));
#10524=CARTESIAN_POINT('',(0.0761986198543028,0.00629940009990159,-0.0238000086266577));
#10525=CARTESIAN_POINT('',(0.078984837234214,0.00494493154897034,-0.0238000086266577));
#10526=CARTESIAN_POINT('',(0.0774191832252783,0.0057060455711687,-0.0238000086266577));
#10527=CARTESIAN_POINT('',(0.0774191832252783,0.0057060455711687,-0.0230000086266577));
#10528=CARTESIAN_POINT('',(0.0760968018950019,0.00601125395354471,-0.0230000086266577));
#10529=CARTESIAN_POINT('',(0.0760968018950019,0.00601125395354471,-0.0238000086266577));
#10530=CARTESIAN_POINT('',(0.0760968018950019,0.00601125395354471,-0.0238000086266577));
#10531=CARTESIAN_POINT('',(0.0774191832252783,0.0057060455711687,-0.0238000086266577));
#10532=CARTESIAN_POINT('',(0.0770901074008198,0.00578199696110632,-0.0238000086266577));
#10533=CARTESIAN_POINT('',(0.0770901074008198,0.00578199696110632,-0.0230000086266577));
#10534=CARTESIAN_POINT('',(0.0760728708960388,0.0057153299542044,-0.0230000086266577));
#10535=CARTESIAN_POINT('',(0.0760728708960388,0.0057153299542044,-0.0238000086266577));
#10536=CARTESIAN_POINT('',(0.0760728708960388,0.0057153299542044,-0.0238000086266577));
#10537=CARTESIAN_POINT('',(0.0770901074008198,0.00578199696110632,-0.0238000086266577));
#10538=CARTESIAN_POINT('',(0.0793427544504193,0.00592962952806428,-0.0238000086266577));
#10539=CARTESIAN_POINT('',(0.0793427544504193,0.00592962952806428,-0.0230000086266577));
#10540=CARTESIAN_POINT('',(0.0760977743010356,0.00547337675089675,-0.0230000086266577));
#10541=CARTESIAN_POINT('',(0.0760977743010356,0.00547337675089675,-0.0238000086266577));
#10542=CARTESIAN_POINT('',(0.0760977743010356,0.00547337675089675,-0.0238000086266577));
#10543=CARTESIAN_POINT('',(0.0793427544504193,0.00592962952806428,-0.0238000086266577));
#10544=CARTESIAN_POINT('',(0.0765671805369202,0.00553937650709955,-0.0238000086266577));
#10545=CARTESIAN_POINT('',(0.0765671805369202,0.00553937650709955,-0.0230000086266577));
#10546=CARTESIAN_POINT('',(0.0761698649926745,0.00528084499952855,-0.0230000086266577));
#10547=CARTESIAN_POINT('',(0.0761698649926745,0.00528084499952855,-0.0238000086266577));
#10548=CARTESIAN_POINT('',(0.0761698649926745,0.00528084499952855,-0.0238000086266577));
#10549=CARTESIAN_POINT('',(0.0765671805369202,0.00553937650709955,-0.0238000086266577));
#10550=CARTESIAN_POINT('',(0.0765404502373846,0.00552198321671135,-0.0238000086266577));
#10551=CARTESIAN_POINT('',(0.0765404502373846,0.00552198321671135,-0.0230000086266577));
#10552=CARTESIAN_POINT('',(0.0763219381081694,0.00513762204181308,-0.0230000086266577));
#10553=CARTESIAN_POINT('',(0.0763219381081694,0.00513762204181308,-0.0238000086266577));
#10554=CARTESIAN_POINT('',(0.0763219381081694,0.00513762204181308,-0.0238000086266577));
#10555=CARTESIAN_POINT('',(0.0765404502373846,0.00552198321671135,-0.0238000086266577));
#10556=CARTESIAN_POINT('',(0.0774825598810895,0.00717914692125145,-0.0238000086266577));
#10557=CARTESIAN_POINT('',(0.0774825598810895,0.00717914692125145,-0.0230000086266577));
#10558=CARTESIAN_POINT('',(0.0765224576536253,0.00503600193176716,-0.0230000086266577));
#10559=CARTESIAN_POINT('',(0.0765224576536253,0.00503600193176716,-0.0238000086266577));
#10560=CARTESIAN_POINT('',(0.0765224576536253,0.00503600193176716,-0.0238000086266577));
#10561=CARTESIAN_POINT('',(0.0774825598810895,0.00717914692125145,-0.0238000086266577));
#10562=CARTESIAN_POINT('',(0.0768936798083187,0.00586464588035786,-0.0238000086266577));
#10563=CARTESIAN_POINT('',(0.0768936798083187,0.00586464588035786,-0.0230000086266577));
#10564=CARTESIAN_POINT('',(0.0769272440212709,0.00495727047553182,-0.0230000086266577));
#10565=CARTESIAN_POINT('',(0.0769272440212709,0.00495727047553182,-0.0238000086266577));
#10566=CARTESIAN_POINT('',(0.0769272440212709,0.00495727047553182,-0.0238000086266577));
#10567=CARTESIAN_POINT('',(0.0768936798083187,0.00586464588035786,-0.0238000086266577));
#10568=CARTESIAN_POINT('',(0.0768909078215284,0.00593958381021777,-0.0238000086266577));
#10569=CARTESIAN_POINT('',(0.0768909078215284,0.00593958381021777,-0.0230000086266577));
#10570=CARTESIAN_POINT('',(0.077328921890459,0.00505958183162465,-0.0230000086266577));
#10571=CARTESIAN_POINT('',(0.077328921890459,0.00505958183162465,-0.0238000086266577));
#10572=CARTESIAN_POINT('',(0.077328921890459,0.00505958183162465,-0.0238000086266577));
#10573=CARTESIAN_POINT('',(0.0768909078215284,0.00593958381021777,-0.0238000086266577));
#10574=CARTESIAN_POINT('',(0.0763745891039591,0.0069769054975205,-0.0238000086266577));
#10575=CARTESIAN_POINT('',(0.0763745891039591,0.0069769054975205,-0.0230000086266577));
#10576=CARTESIAN_POINT('',(0.0777609604685208,0.00534446696982137,-0.0230000086266577));
#10577=CARTESIAN_POINT('',(0.0777609604685208,0.00534446696982137,-0.0238000086266577));
#10578=CARTESIAN_POINT('',(0.0777609604685208,0.00534446696982137,-0.0238000086266577));
#10579=CARTESIAN_POINT('',(0.0763745891039591,0.0069769054975205,-0.0238000086266577));
#10580=CARTESIAN_POINT('',(0.0690572024876816,0.015593055643018,-0.0238000086266577));
#10581=CARTESIAN_POINT('',(0.0690572024876816,0.015593055643018,-0.0230000086266577));
#10582=CARTESIAN_POINT('',(0.0783471609247338,0.00587268296398819,-0.0230000086266577));
#10583=CARTESIAN_POINT('',(0.0783471609247338,0.00587268296398819,-0.0238000086266577));
#10584=CARTESIAN_POINT('',(0.0783471609247338,0.00587268296398819,-0.0238000086266577));
#10585=CARTESIAN_POINT('',(0.0690572024876816,0.015593055643018,-0.0238000086266577));
#10586=CARTESIAN_POINT('',(0.0498343258820899,0.035706549781388,-0.0238000086266577));
#10587=CARTESIAN_POINT('',(0.0498343258820899,0.035706549781388,-0.0230000086266577));
#10588=CARTESIAN_POINT('',(0.0792840636724811,0.00679713409162265,-0.0230000086266577));
#10589=CARTESIAN_POINT('',(0.0792840636724811,0.00679713409162265,-0.0238000086266577));
#10590=CARTESIAN_POINT('',(0.0792840636724811,0.00679713409162265,-0.0238000086266577));
#10591=CARTESIAN_POINT('',(0.0498343258820899,0.035706549781388,-0.0238000086266577));
#10592=CARTESIAN_POINT('',(0.0414730581689089,0.043914411112252,-0.0238000086266577));
#10593=CARTESIAN_POINT('',(0.0414730581689089,0.043914411112252,-0.0230000086266577));
#10594=CARTESIAN_POINT('',(0.0802516883982889,0.00780925596591213,-0.0230000086266577));
#10595=CARTESIAN_POINT('',(0.0802516883982889,0.00780925596591213,-0.0238000086266577));
#10596=CARTESIAN_POINT('',(0.0802516883982889,0.00780925596591213,-0.0238000086266577));
#10597=CARTESIAN_POINT('',(0.0414730581689089,0.043914411112252,-0.0238000086266577));
#10598=CARTESIAN_POINT('',(0.0183108875672987,0.0654797360902221,-0.0238000086266577));
#10599=CARTESIAN_POINT('',(0.0183108875672987,0.0654797360902221,-0.0230000086266577));
#10600=CARTESIAN_POINT('',(0.0811182366927132,0.0087542217146069,-0.0230000086266577));
#10601=CARTESIAN_POINT('',(0.0811182366927132,0.0087542217146069,-0.0238000086266577));
#10602=CARTESIAN_POINT('',(0.0811182366927132,0.0087542217146069,-0.0238000086266577));
#10603=CARTESIAN_POINT('',(0.0183108875672987,0.0654797360902221,-0.0238000086266577));
#10604=CARTESIAN_POINT('',(0.0799999540874415,0.00976421746963663,-0.0238000086266577));
#10605=CARTESIAN_POINT('',(0.0799999540874415,0.00976421746963663,-0.0230000086266577));
#10606=CARTESIAN_POINT('',(0.0813667985601517,0.00912988033698886,-0.0230000086266577));
#10607=CARTESIAN_POINT('',(0.0813667985601517,0.00912988033698886,-0.0238000086266577));
#10608=CARTESIAN_POINT('',(0.0813667985601517,0.00912988033698886,-0.0238000086266577));
#10609=CARTESIAN_POINT('',(0.0799999540874415,0.00976421746963663,-0.0238000086266577));
#10610=CARTESIAN_POINT('',(0.0799478229747912,0.00978841093215597,-0.0238000086266577));
#10611=CARTESIAN_POINT('',(0.0799478229747912,0.00978841093215597,-0.0230000086266577));
#10612=CARTESIAN_POINT('',(0.081482367376731,0.00948455613940067,-0.0230000086266577));
#10613=CARTESIAN_POINT('',(0.081482367376731,0.00948455613940067,-0.0238000086266577));
#10614=CARTESIAN_POINT('',(0.081482367376731,0.00948455613940067,-0.0238000086266577));
#10615=CARTESIAN_POINT('',(0.0799478229747912,0.00978841093215597,-0.0238000086266577));
#10616=CARTESIAN_POINT('',(0.0796868204449089,0.0098400919845426,-0.0238000086266577));
#10617=CARTESIAN_POINT('',(0.0796868204449089,0.0098400919845426,-0.0230000086266577));
#10618=CARTESIAN_POINT('',(0.0815170583271578,0.0098650682920167,-0.0230000086266577));
#10619=CARTESIAN_POINT('',(0.0815170583271578,0.0098650682920167,-0.0238000086266577));
#10620=CARTESIAN_POINT('',(0.0815170583271578,0.0098650682920167,-0.0238000086266577));
#10621=CARTESIAN_POINT('',(0.0796868204449089,0.0098400919845426,-0.0238000086266577));
#10622=CARTESIAN_POINT('',(0.0799679518183669,0.00984392843864114,-0.0238000086266577));
#10623=CARTESIAN_POINT('',(0.0799679518183669,0.00984392843864114,-0.0230000086266577));
#10624=CARTESIAN_POINT('',(0.0814732672010205,0.0102102663533152,-0.0230000086266577));
#10625=CARTESIAN_POINT('',(0.0814732672010205,0.0102102663533152,-0.0238000086266577));
#10626=CARTESIAN_POINT('',(0.0814732672010205,0.0102102663533152,-0.0238000086266577));
#10627=CARTESIAN_POINT('',(0.0799679518183669,0.00984392843864114,-0.0238000086266577));
#10628=CARTESIAN_POINT('',(0.0809107524975537,0.0100733711446326,-0.0238000086266577));
#10629=CARTESIAN_POINT('',(0.0809107524975537,0.0100733711446326,-0.0230000086266577));
#10630=CARTESIAN_POINT('',(0.0813066687863927,0.0104957612273866,-0.0230000086266577));
#10631=CARTESIAN_POINT('',(0.0813066687863927,0.0104957612273866,-0.0238000086266577));
#10632=CARTESIAN_POINT('',(0.0813066687863927,0.0104957612273866,-0.0238000086266577));
#10633=CARTESIAN_POINT('',(0.0809107524975537,0.0100733711446326,-0.0238000086266577));
#10634=CARTESIAN_POINT('',(0.080878830973514,0.0100393151192533,-0.0238000086266577));
#10635=CARTESIAN_POINT('',(0.080878830973514,0.0100393151192533,-0.0230000086266577));
#10636=CARTESIAN_POINT('',(0.0809567075740745,0.0106600594135027,-0.0230000086266577));
#10637=CARTESIAN_POINT('',(0.0809567075740745,0.0106600594135027,-0.0238000086266577));
#10638=CARTESIAN_POINT('',(0.0809567075740745,0.0106600594135027,-0.0238000086266577));
#10639=CARTESIAN_POINT('',(0.080878830973514,0.0100393151192533,-0.0238000086266577));
#10640=CARTESIAN_POINT('',(0.0808628263483947,0.00991174432580718,-0.0238000086266577));
#10641=CARTESIAN_POINT('',(0.0808628263483947,0.00991174432580718,-0.0230000086266577));
#10642=CARTESIAN_POINT('',(0.0805755390994801,0.0106090643324149,-0.0230000086266577));
#10643=CARTESIAN_POINT('',(0.0805755390994801,0.0106090643324149,-0.0238000086266577));
#10644=CARTESIAN_POINT('',(0.0805755390994801,0.0106090643324149,-0.0238000086266577));
#10645=CARTESIAN_POINT('',(0.0808628263483947,0.00991174432580718,-0.0238000086266577));
#10646=CARTESIAN_POINT('',(0.0812672851137201,0.00893001892736091,-0.0238000086266577));
#10647=CARTESIAN_POINT('',(0.0812672851137201,0.00893001892736091,-0.0230000086266577));
#10648=CARTESIAN_POINT('',(0.0801582223561187,0.0103679639263623,-0.0230000086266577));
#10649=CARTESIAN_POINT('',(0.0801582223561187,0.0103679639263623,-0.0238000086266577));
#10650=CARTESIAN_POINT('',(0.0801582223561187,0.0103679639263623,-0.0238000086266577));
#10651=CARTESIAN_POINT('',(0.0812672851137201,0.00893001892736091,-0.0238000086266577));
#10652=CARTESIAN_POINT('',(0.0870348646862991,0.00145211729745875,-0.0238000086266577));
#10653=CARTESIAN_POINT('',(0.0870348646862991,0.00145211729745875,-0.0230000086266577));
#10654=CARTESIAN_POINT('',(0.079599117566045,0.00990730479455052,-0.0230000086266577));
#10655=CARTESIAN_POINT('',(0.079599117566045,0.00990730479455052,-0.0238000086266577));
#10656=CARTESIAN_POINT('',(0.079599117566045,0.00990730479455052,-0.0238000086266577));
#10657=CARTESIAN_POINT('',(0.0870348646862991,0.00145211729745875,-0.0238000086266577));
#10658=CARTESIAN_POINT('',(0.0633846542233232,0.0283447698549185,-0.0238000086266577));
#10659=CARTESIAN_POINT('',(0.0633846542233232,0.0283447698549185,-0.0230000086266577));
#10660=CARTESIAN_POINT('',(0.0793095320650561,0.00965661304182482,-0.0230000086266577));
#10661=CARTESIAN_POINT('',(0.0793095320650561,0.00965661304182482,-0.0238000086266577));
#10662=CARTESIAN_POINT('',(0.0793095320650561,0.00965661304182482,-0.0238000086266577));
#10663=CARTESIAN_POINT('',(0.0633846542233232,0.0283447698549185,-0.0238000086266577));
#10664=CARTESIAN_POINT('',(0.0708763939228668,0.0195530662262063,-0.0238000086266577));
#10665=CARTESIAN_POINT('',(0.0708763939228668,0.0195530662262063,-0.0230000086266577));
#10666=CARTESIAN_POINT('',(0.0789116522381581,0.0093309222063611,-0.0230000086266577));
#10667=CARTESIAN_POINT('',(0.0789116522381581,0.0093309222063611,-0.0238000086266577));
#10668=CARTESIAN_POINT('',(0.0789116522381581,0.0093309222063611,-0.0238000086266577));
#10669=CARTESIAN_POINT('',(0.0708763939228668,0.0195530662262063,-0.0238000086266577));
#10670=CARTESIAN_POINT('',(0.104191085820048,0.0392205525409732,-0.0238000086266577));
#10671=CARTESIAN_POINT('',(0.104191085820048,0.0392205525409732,-0.0230000086266577));
#10672=CARTESIAN_POINT('',(0.0783335713488249,0.00982958948884723,-0.0230000086266577));
#10673=CARTESIAN_POINT('',(0.0783335713488249,0.00982958948884723,-0.0238000086266577));
#10674=CARTESIAN_POINT('',(0.0783335713488249,0.00982958948884723,-0.0238000086266577));
#10675=CARTESIAN_POINT('',(0.104191085820048,0.0392205525409732,-0.0238000086266577));
#10676=CARTESIAN_POINT('',(0.136452714154636,0.0758907563781821,-0.0238000086266577));
#10677=CARTESIAN_POINT('',(0.136452714154636,0.0758907563781821,-0.0230000086266577));
#10678=CARTESIAN_POINT('',(0.0778624531965615,0.0102470677850866,-0.0230000086266577));
#10679=CARTESIAN_POINT('',(0.0778624531965615,0.0102470677850866,-0.0238000086266577));
#10680=CARTESIAN_POINT('',(0.0778624531965615,0.0102470677850866,-0.0238000086266577));
#10681=CARTESIAN_POINT('',(0.136452714154636,0.0758907563781821,-0.0238000086266577));
#10682=CARTESIAN_POINT('',(0.0311507329207242,0.0396673383896931,-0.0238000086266577));
#10683=CARTESIAN_POINT('',(0.0311507329207242,0.0396673383896931,-0.0230000086266577));
#10684=CARTESIAN_POINT('',(0.0779651027340594,0.0104106825220682,-0.0230000086266577));
#10685=CARTESIAN_POINT('',(0.0779651027340594,0.0104106825220682,-0.0238000086266577));
#10686=CARTESIAN_POINT('',(0.0779651027340594,0.0104106825220682,-0.0238000086266577));
#10687=CARTESIAN_POINT('',(0.0311507329207242,0.0396673383896931,-0.0238000086266577));
#10688=CARTESIAN_POINT('',(0.0489889778113633,0.028519321357128,-0.0238000086266577));
#10689=CARTESIAN_POINT('',(0.0489889778113633,0.028519321357128,-0.0230000086266577));
#10690=CARTESIAN_POINT('',(0.0781204285762444,0.010661628551843,-0.0230000086266577));
#10691=CARTESIAN_POINT('',(0.0781204285762444,0.010661628551843,-0.0238000086266577));
#10692=CARTESIAN_POINT('',(0.0781204285762444,0.010661628551843,-0.0238000086266577));
#10693=CARTESIAN_POINT('',(0.0489889778113633,0.028519321357128,-0.0238000086266577));
#10694=CARTESIAN_POINT('',(0.0308052871789914,0.0396659945523627,-0.0238000086266577));
#10695=CARTESIAN_POINT('',(0.0308052871789914,0.0396659945523627,-0.0230000086266577));
#10696=CARTESIAN_POINT('',(0.0782932898624109,0.0109455235663323,-0.0230000086266577));
#10697=CARTESIAN_POINT('',(0.0782932898624109,0.0109455235663323,-0.0238000086266577));
#10698=CARTESIAN_POINT('',(0.0782932898624109,0.0109455235663323,-0.0238000086266577));
#10699=CARTESIAN_POINT('',(0.0308052871789914,0.0396659945523627,-0.0238000086266577));
#10700=CARTESIAN_POINT('',(0.0735617003697874,0.0138071616867358,-0.0238000086266577));
#10701=CARTESIAN_POINT('',(0.0735617003697874,0.0138071616867358,-0.0230000086266577));
#10702=CARTESIAN_POINT('',(0.0785942547423358,0.0115158065535767,-0.0230000086266577));
#10703=CARTESIAN_POINT('',(0.0785942547423358,0.0115158065535767,-0.0238000086266577));
#10704=CARTESIAN_POINT('',(0.0785942547423358,0.0115158065535767,-0.0238000086266577));
#10705=CARTESIAN_POINT('',(0.0735617003697874,0.0138071616867358,-0.0238000086266577));
#10706=CARTESIAN_POINT('',(0.0763489396248242,0.0125381133066113,-0.0238000086266577));
#10707=CARTESIAN_POINT('',(0.0763489396248242,0.0125381133066113,-0.0230000086266577));
#10708=CARTESIAN_POINT('',(0.0787637436765833,0.0120328683503183,-0.0230000086266577));
#10709=CARTESIAN_POINT('',(0.0787637436765833,0.0120328683503183,-0.0238000086266577));
#10710=CARTESIAN_POINT('',(0.0787637436765833,0.0120328683503183,-0.0238000086266577));
#10711=CARTESIAN_POINT('',(0.0763489396248242,0.0125381133066113,-0.0238000086266577));
#10712=CARTESIAN_POINT('',(0.0771745724822276,0.0123653676808745,-0.0238000086266577));
#10713=CARTESIAN_POINT('',(0.0771745724822276,0.0123653676808745,-0.0230000086266577));
#10714=CARTESIAN_POINT('',(0.0787930433410654,0.0124941037243329,-0.0230000086266577));
#10715=CARTESIAN_POINT('',(0.0787930433410654,0.0124941037243329,-0.0238000086266577));
#10716=CARTESIAN_POINT('',(0.0787930433410654,0.0124941037243329,-0.0238000086266577));
#10717=CARTESIAN_POINT('',(0.0771745724822276,0.0123653676808745,-0.0238000086266577));
#10718=CARTESIAN_POINT('',(0.0777746425662555,0.0124130983199488,-0.0238000086266577));
#10719=CARTESIAN_POINT('',(0.0777746425662555,0.0124130983199488,-0.0230000086266577));
#10720=CARTESIAN_POINT('',(0.0786660473755908,0.0129121969871153,-0.0230000086266577));
#10721=CARTESIAN_POINT('',(0.0786660473755908,0.0129121969871153,-0.0238000086266577));
#10722=CARTESIAN_POINT('',(0.0786660473755908,0.0129121969871153,-0.0238000086266577));
#10723=CARTESIAN_POINT('',(0.0777746425662555,0.0124130983199488,-0.0238000086266577));
#10724=CARTESIAN_POINT('',(0.0781001741687598,0.0125953638711651,-0.0238000086266577));
#10725=CARTESIAN_POINT('',(0.0781001741687598,0.0125953638711651,-0.0230000086266577));
#10726=CARTESIAN_POINT('',(0.0782826922209354,0.0132176844237764,-0.0230000086266577));
#10727=CARTESIAN_POINT('',(0.0782826922209354,0.0132176844237764,-0.0238000086266577));
#10728=CARTESIAN_POINT('',(0.0782826922209354,0.0132176844237764,-0.0238000086266577));
#10729=CARTESIAN_POINT('',(0.0781001741687598,0.0125953638711651,-0.0238000086266577));
#10730=CARTESIAN_POINT('',(0.078081487461733,0.0125316489580112,-0.0238000086266577));
#10731=CARTESIAN_POINT('',(0.078081487461733,0.0125316489580112,-0.0230000086266577));
#10732=CARTESIAN_POINT('',(0.0777939534098989,0.0131862115481786,-0.0230000086266577));
#10733=CARTESIAN_POINT('',(0.0777939534098989,0.0131862115481786,-0.0238000086266577));
#10734=CARTESIAN_POINT('',(0.0777939534098989,0.0131862115481786,-0.0238000086266577));
#10735=CARTESIAN_POINT('',(0.078081487461733,0.0125316489580112,-0.0238000086266577));
#10736=CARTESIAN_POINT('',(0.0785808074710928,0.0113949620280136,-0.0238000086266577));
#10737=CARTESIAN_POINT('',(0.0785808074710928,0.0113949620280136,-0.0230000086266577));
#10738=CARTESIAN_POINT('',(0.0772626567306402,0.0128407119311965,-0.0230000086266577));
#10739=CARTESIAN_POINT('',(0.0772626567306402,0.0128407119311965,-0.0238000086266577));
#10740=CARTESIAN_POINT('',(0.0772626567306402,0.0128407119311965,-0.0238000086266577));
#10741=CARTESIAN_POINT('',(0.0785808074710928,0.0113949620280136,-0.0238000086266577));
#10742=CARTESIAN_POINT('',(0.0845470623193292,0.00485116388377403,-0.0238000086266577));
#10743=CARTESIAN_POINT('',(0.0845470623193292,0.00485116388377403,-0.0230000086266577));
#10744=CARTESIAN_POINT('',(0.0766029542006511,0.0121850979563807,-0.0230000086266577));
#10745=CARTESIAN_POINT('',(0.0766029542006511,0.0121850979563807,-0.0238000086266577));
#10746=CARTESIAN_POINT('',(0.0766029542006511,0.0121850979563807,-0.0238000086266577));
#10747=CARTESIAN_POINT('',(0.0845470623193292,0.00485116388377403,-0.0238000086266577));
#10748=CARTESIAN_POINT('',(0.0556945347361024,0.0314875756700051,-0.0238000086266577));
#10749=CARTESIAN_POINT('',(0.0556945347361024,0.0314875756700051,-0.0230000086266577));
#10750=CARTESIAN_POINT('',(0.0760430811930491,0.0115957605823853,-0.0230000086266577));
#10751=CARTESIAN_POINT('',(0.0760430811930491,0.0115957605823853,-0.0238000086266577));
#10752=CARTESIAN_POINT('',(0.0760430811930491,0.0115957605823853,-0.0238000086266577));
#10753=CARTESIAN_POINT('',(0.0556945347361024,0.0314875756700051,-0.0238000086266577));
#10754=CARTESIAN_POINT('',(0.0569775195401383,0.0302333879796893,-0.0238000086266577));
#10755=CARTESIAN_POINT('',(0.0569775195401383,0.0302333879796893,-0.0230000086266577));
#10756=CARTESIAN_POINT('',(0.075476044203974,0.0110328311802929,-0.0230000086266577));
#10757=CARTESIAN_POINT('',(0.075476044203974,0.0110328311802929,-0.0238000086266577));
#10758=CARTESIAN_POINT('',(0.075476044203974,0.0110328311802929,-0.0238000086266577));
#10759=CARTESIAN_POINT('',(0.0569775195401383,0.0302333879796893,-0.0238000086266577));
#10760=CARTESIAN_POINT('',(0.0564396344694013,0.0307916861704853,-0.0238000086266577));
#10761=CARTESIAN_POINT('',(0.0564396344694013,0.0307916861704853,-0.0230000086266577));
#10762=CARTESIAN_POINT('',(0.074883332759724,0.0104784579815421,-0.0230000086266577));
#10763=CARTESIAN_POINT('',(0.074883332759724,0.0104784579815421,-0.0238000086266577));
#10764=CARTESIAN_POINT('',(0.074883332759724,0.0104784579815421,-0.0238000086266577));
#10765=CARTESIAN_POINT('',(0.0564396344694013,0.0307916861704853,-0.0238000086266577));
#10766=CARTESIAN_POINT('',(0.0530080918260688,0.0345710642353859,-0.0238000086266577));
#10767=CARTESIAN_POINT('',(0.0530080918260688,0.0345710642353859,-0.0230000086266577));
#10768=CARTESIAN_POINT('',(0.0742487224211663,0.00991715067347302,-0.0230000086266577));
#10769=CARTESIAN_POINT('',(0.0742487224211663,0.00991715067347302,-0.0238000086266577));
#10770=CARTESIAN_POINT('',(0.0742487224211663,0.00991715067347302,-0.0238000086266577));
#10771=CARTESIAN_POINT('',(0.0530080918260688,0.0345710642353859,-0.0238000086266577));
#10772=CARTESIAN_POINT('',(0.0783445564427504,0.00516313277932503,-0.0238000086266577));
#10773=CARTESIAN_POINT('',(0.0783445564427504,0.00516313277932503,-0.0230000086266577));
#10774=CARTESIAN_POINT('',(0.0739775653633765,0.0096693430920955,-0.0230000086266577));
#10775=CARTESIAN_POINT('',(0.0739775653633765,0.0096693430920955,-0.0238000086266577));
#10776=CARTESIAN_POINT('',(0.0739775653633765,0.0096693430920955,-0.0238000086266577));
#10777=CARTESIAN_POINT('',(0.0783445564427504,0.00516313277932503,-0.0238000086266577));
#10778=CARTESIAN_POINT('',(0.0809483790677355,0.00260282165050654,-0.0238000086266577));
#10779=CARTESIAN_POINT('',(0.0809483790677355,0.00260282165050654,-0.0230000086266577));
#10780=CARTESIAN_POINT('',(0.0786623077792648,0.00311403193211742,-0.0230000086266577));
#10781=CARTESIAN_POINT('',(0.0787225663566208,0.0033330378260105,-0.0230000086266577));
#10782=CARTESIAN_POINT('',(0.0786623077792648,0.00311403193211742,-0.0238000086266577));
#10783=CARTESIAN_POINT('',(0.0786623077792648,0.00311403193211742,-0.0238000086266577));
#10784=CARTESIAN_POINT('',(0.0809483790677355,0.00260282165050654,-0.0238000086266577));
#10785=CARTESIAN_POINT('',(0.0787225663566208,0.0033330378260105,-0.0238000086266577));
#10786=CARTESIAN_POINT('',(0.0787225663566208,0.0033330378260105,-0.0238000086266577));
#10787=CARTESIAN_POINT('',(0.0797903353528791,0.00286178288963146,-0.0238000086266577));
#10788=CARTESIAN_POINT('',(0.0797903353528791,0.00286178288963146,-0.0230000086266577));
#10789=CARTESIAN_POINT('',(0.0786355007276907,0.00291110605594531,-0.0230000086266577));
#10790=CARTESIAN_POINT('',(0.0786355007276907,0.00291110605594531,-0.0238000086266577));
#10791=CARTESIAN_POINT('',(0.0786355007276907,0.00291110605594531,-0.0238000086266577));
#10792=CARTESIAN_POINT('',(0.0797903353528791,0.00286178288963146,-0.0238000086266577));
#10793=CARTESIAN_POINT('',(0.07975083978552,0.00286346975145121,-0.0238000086266577));
#10794=CARTESIAN_POINT('',(0.07975083978552,0.00286346975145121,-0.0230000086266577));
#10795=CARTESIAN_POINT('',(0.0788263894580211,0.00223765666161185,-0.0230000086266577));
#10796=CARTESIAN_POINT('',(0.0788263894580211,0.00223765666161185,-0.0238000086266577));
#10797=CARTESIAN_POINT('',(0.0788263894580211,0.00223765666161185,-0.0238000086266577));
#10798=CARTESIAN_POINT('',(0.07975083978552,0.00286346975145121,-0.0238000086266577));
#10799=CARTESIAN_POINT('',(0.0794755859843681,0.00267713477307011,-0.0238000086266577));
#10800=CARTESIAN_POINT('',(0.0794755859843681,0.00267713477307011,-0.0230000086266577));
#10801=CARTESIAN_POINT('',(0.0794103477420543,0.00189589146141074,-0.0230000086266577));
#10802=CARTESIAN_POINT('',(0.0794103477420543,0.00189589146141074,-0.0238000086266577));
#10803=CARTESIAN_POINT('',(0.0794103477420543,0.00189589146141074,-0.0238000086266577));
#10804=CARTESIAN_POINT('',(0.0794755859843681,0.00267713477307011,-0.0238000086266577));
#10805=CARTESIAN_POINT('',(0.0795668857327083,0.0037704707554215,-0.0238000086266577));
#10806=CARTESIAN_POINT('',(0.0795668857327083,0.0037704707554215,-0.0230000086266577));
#10807=CARTESIAN_POINT('',(0.0802508526328318,0.00201811777968089,-0.0230000086266577));
#10808=CARTESIAN_POINT('',(0.0802508526328318,0.00201811777968089,-0.0238000086266577));
#10809=CARTESIAN_POINT('',(0.0802508526328318,0.00201811777968089,-0.0238000086266577));
#10810=CARTESIAN_POINT('',(0.0795668857327083,0.0037704707554215,-0.0238000086266577));
#10811=CARTESIAN_POINT('',(0.0770404041982555,0.0102434264412185,-0.0238000086266577));
#10812=CARTESIAN_POINT('',(0.0770404041982555,0.0102434264412185,-0.0230000086266577));
#10813=CARTESIAN_POINT('',(0.081332799749787,0.00252733791413347,-0.0230000086266577));
#10814=CARTESIAN_POINT('',(0.081332799749787,0.00252733791413347,-0.0238000086266577));
#10815=CARTESIAN_POINT('',(0.081332799749787,0.00252733791413347,-0.0238000086266577));
#10816=CARTESIAN_POINT('',(0.0770404041982555,0.0102434264412185,-0.0238000086266577));
#10817=CARTESIAN_POINT('',(0.0755377748235271,0.012944580409814,-0.0238000086266577));
#10818=CARTESIAN_POINT('',(0.0755377748235271,0.012944580409814,-0.0230000086266577));
#10819=CARTESIAN_POINT('',(0.0820313659981266,0.00294785450747121,-0.0230000086266577));
#10820=CARTESIAN_POINT('',(0.0820313659981266,0.00294785450747121,-0.0238000086266577));
#10821=CARTESIAN_POINT('',(0.0820313659981266,0.00294785450747121,-0.0238000086266577));
#10822=CARTESIAN_POINT('',(0.0755377748235271,0.012944580409814,-0.0238000086266577));
#10823=CARTESIAN_POINT('',(0.0751017422424035,0.0136158419784564,-0.0238000086266577));
#10824=CARTESIAN_POINT('',(0.0751017422424035,0.0136158419784564,-0.0230000086266577));
#10825=CARTESIAN_POINT('',(0.0827107353988826,0.00342129121731402,-0.0230000086266577));
#10826=CARTESIAN_POINT('',(0.0827107353988826,0.00342129121731402,-0.0238000086266577));
#10827=CARTESIAN_POINT('',(0.0827107353988826,0.00342129121731402,-0.0238000086266577));
#10828=CARTESIAN_POINT('',(0.0751017422424035,0.0136158419784564,-0.0238000086266577));
#10829=CARTESIAN_POINT('',(0.0737709362518744,0.0153988596451403,-0.0238000086266577));
#10830=CARTESIAN_POINT('',(0.0737709362518744,0.0153988596451403,-0.0230000086266577));
#10831=CARTESIAN_POINT('',(0.0834087467884492,0.00397542923685701,-0.0230000086266577));
#10832=CARTESIAN_POINT('',(0.0834087467884492,0.00397542923685701,-0.0238000086266577));
#10833=CARTESIAN_POINT('',(0.0834087467884492,0.00397542923685701,-0.0238000086266577));
#10834=CARTESIAN_POINT('',(0.0737709362518744,0.0153988596451403,-0.0238000086266577));
#10835=CARTESIAN_POINT('',(0.0676457686793769,0.0226588514490863,-0.0238000086266577));
#10836=CARTESIAN_POINT('',(0.0676457686793769,0.0226588514490863,-0.0230000086266577));
#10837=CARTESIAN_POINT('',(0.0841631726577518,0.00463894273009871,-0.0230000086266577));
#10838=CARTESIAN_POINT('',(0.0841631726577518,0.00463894273009871,-0.0238000086266577));
#10839=CARTESIAN_POINT('',(0.0841631726577518,0.00463894273009871,-0.0238000086266577));
#10840=CARTESIAN_POINT('',(0.0676457686793769,0.0226588514490863,-0.0238000086266577));
#10841=CARTESIAN_POINT('',(0.0690988619801221,0.021073577596495,-0.0238000086266577));
#10842=CARTESIAN_POINT('',(0.0690988619801221,0.021073577596495,-0.0230000086266577));
#10843=CARTESIAN_POINT('',(0.0846221816269668,0.00507178936741906,-0.0230000086266577));
#10844=CARTESIAN_POINT('',(0.0846221816269668,0.00507178936741906,-0.0238000086266577));
#10845=CARTESIAN_POINT('',(0.0846221816269668,0.00507178936741906,-0.0238000086266577));
#10846=CARTESIAN_POINT('',(0.0690988619801221,0.021073577596495,-0.0238000086266577));
#10847=CARTESIAN_POINT('',(0.0829010140323848,0.0068460077679819,-0.0238000086266577));
#10848=CARTESIAN_POINT('',(0.0829010140323848,0.0068460077679819,-0.0230000086266577));
#10849=CARTESIAN_POINT('',(0.0848687883329445,0.00534996862291106,-0.0230000086266577));
#10850=CARTESIAN_POINT('',(0.0848687883329445,0.00534996862291106,-0.0238000086266577));
#10851=CARTESIAN_POINT('',(0.0848687883329445,0.00534996862291106,-0.0238000086266577));
#10852=CARTESIAN_POINT('',(0.0829010140323848,0.0068460077679819,-0.0238000086266577));
#10853=CARTESIAN_POINT('',(0.0838972311399411,0.00608861410272798,-0.0238000086266577));
#10854=CARTESIAN_POINT('',(0.0838972311399411,0.00608861410272798,-0.0230000086266577));
#10855=CARTESIAN_POINT('',(0.0850222500211547,0.00561548299927903,-0.0230000086266577));
#10856=CARTESIAN_POINT('',(0.0850222500211547,0.00561548299927903,-0.0238000086266577));
#10857=CARTESIAN_POINT('',(0.0850222500211547,0.00561548299927903,-0.0238000086266577));
#10858=CARTESIAN_POINT('',(0.0838972311399411,0.00608861410272798,-0.0238000086266577));
#10859=CARTESIAN_POINT('',(0.0834473794670238,0.00627780098834364,-0.0238000086266577));
#10860=CARTESIAN_POINT('',(0.0834473794670238,0.00627780098834364,-0.0230000086266577));
#10861=CARTESIAN_POINT('',(0.0851182771047708,0.0059214535945278,-0.0230000086266577));
#10862=CARTESIAN_POINT('',(0.0851182771047708,0.0059214535945278,-0.0238000086266577));
#10863=CARTESIAN_POINT('',(0.0851182771047708,0.0059214535945278,-0.0238000086266577));
#10864=CARTESIAN_POINT('',(0.0834473794670238,0.00627780098834364,-0.0238000086266577));
#10865=CARTESIAN_POINT('',(0.0832797407050455,0.00631355281094711,-0.0238000086266577));
#10866=CARTESIAN_POINT('',(0.0832797407050455,0.00631355281094711,-0.0230000086266577));
#10867=CARTESIAN_POINT('',(0.0851593132865171,0.00627942365024292,-0.0230000086266577));
#10868=CARTESIAN_POINT('',(0.0851593132865171,0.00627942365024292,-0.0238000086266577));
#10869=CARTESIAN_POINT('',(0.0851593132865171,0.00627942365024292,-0.0238000086266577));
#10870=CARTESIAN_POINT('',(0.0832797407050455,0.00631355281094711,-0.0238000086266577));
#10871=CARTESIAN_POINT('',(0.0841502460609804,0.00629774622945122,-0.0238000086266577));
#10872=CARTESIAN_POINT('',(0.0841502460609804,0.00629774622945122,-0.0230000086266577));
#10873=CARTESIAN_POINT('',(0.0851103407149236,0.0066088260231204,-0.0230000086266577));
#10874=CARTESIAN_POINT('',(0.0851103407149236,0.0066088260231204,-0.0238000086266577));
#10875=CARTESIAN_POINT('',(0.0851103407149236,0.0066088260231204,-0.0238000086266577));
#10876=CARTESIAN_POINT('',(0.0841502460609804,0.00629774622945122,-0.0238000086266577));
#10877=CARTESIAN_POINT('',(0.0844324001439559,0.00638916683423698,-0.0238000086266577));
#10878=CARTESIAN_POINT('',(0.0844324001439559,0.00638916683423698,-0.0230000086266577));
#10879=CARTESIAN_POINT('',(0.0849564311239351,0.00687212139633115,-0.0230000086266577));
#10880=CARTESIAN_POINT('',(0.0849564311239351,0.00687212139633115,-0.0238000086266577));
#10881=CARTESIAN_POINT('',(0.0849564311239351,0.00687212139633115,-0.0238000086266577));
#10882=CARTESIAN_POINT('',(0.0844324001439559,0.00638916683423698,-0.0238000086266577));
#10883=CARTESIAN_POINT('',(0.0845376679232817,0.00648618314855658,-0.0238000086266577));
#10884=CARTESIAN_POINT('',(0.0845376679232817,0.00648618314855658,-0.0230000086266577));
#10885=CARTESIAN_POINT('',(0.0846923009501601,0.00703427034628588,-0.0230000086266577));
#10886=CARTESIAN_POINT('',(0.0846923009501601,0.00703427034628588,-0.0238000086266577));
#10887=CARTESIAN_POINT('',(0.0846923009501601,0.00703427034628588,-0.0238000086266577));
#10888=CARTESIAN_POINT('',(0.0845376679232817,0.00648618314855658,-0.0238000086266577));
#10889=CARTESIAN_POINT('',(0.0845461535987661,0.0065162601003628,-0.0238000086266577));
#10890=CARTESIAN_POINT('',(0.0845461535987661,0.0065162601003628,-0.0230000086266577));
#10891=CARTESIAN_POINT('',(0.0844116010292382,0.00703740237386831,-0.0230000086266577));
#10892=CARTESIAN_POINT('',(0.0844116010292382,0.00703740237386831,-0.0238000086266577));
#10893=CARTESIAN_POINT('',(0.0844116010292382,0.00703740237386831,-0.0238000086266577));
#10894=CARTESIAN_POINT('',(0.0845461535987661,0.0065162601003628,-0.0238000086266577));
#10895=CARTESIAN_POINT('',(0.0846199599177938,0.00623039716194306,-0.0238000086266577));
#10896=CARTESIAN_POINT('',(0.0846199599177938,0.00623039716194306,-0.0230000086266577));
#10897=CARTESIAN_POINT('',(0.0841613653437121,0.00692635826368449,-0.0230000086266577));
#10898=CARTESIAN_POINT('',(0.0841613653437121,0.00692635826368449,-0.0238000086266577));
#10899=CARTESIAN_POINT('',(0.0841613653437121,0.00692635826368449,-0.0238000086266577));
#10900=CARTESIAN_POINT('',(0.0846199599177938,0.00623039716194306,-0.0238000086266577));
#10901=CARTESIAN_POINT('',(0.0852478039670577,0.00527758380360299,-0.0238000086266577));
#10902=CARTESIAN_POINT('',(0.0852478039670577,0.00527758380360299,-0.0230000086266577));
#10903=CARTESIAN_POINT('',(0.0838875072101555,0.00670880664986841,-0.0230000086266577));
#10904=CARTESIAN_POINT('',(0.0838875072101555,0.00670880664986841,-0.0238000086266577));
#10905=CARTESIAN_POINT('',(0.0838875072101555,0.00670880664986841,-0.0238000086266577));
#10906=CARTESIAN_POINT('',(0.0852478039670577,0.00527758380360299,-0.0238000086266577));
#10907=CARTESIAN_POINT('',(0.0932853811939904,-0.00317907397892709,-0.0238000086266577));
#10908=CARTESIAN_POINT('',(0.0932853811939904,-0.00317907397892709,-0.0230000086266577));
#10909=CARTESIAN_POINT('',(0.0835008820514631,0.00632638736049432,-0.0230000086266577));
#10910=CARTESIAN_POINT('',(0.0835008820514631,0.00632638736049432,-0.0238000086266577));
#10911=CARTESIAN_POINT('',(0.0835008820514631,0.00632638736049432,-0.0238000086266577));
#10912=CARTESIAN_POINT('',(0.0932853811939904,-0.00317907397892709,-0.0238000086266577));
#10913=CARTESIAN_POINT('',(0.0759609821377741,0.0136512617448316,-0.0238000086266577));
#10914=CARTESIAN_POINT('',(0.0759609821377741,0.0136512617448316,-0.0230000086266577));
#10915=CARTESIAN_POINT('',(0.083309561987213,0.00613446391256354,-0.0230000086266577));
#10916=CARTESIAN_POINT('',(0.083309561987213,0.00613446391256354,-0.0238000086266577));
#10917=CARTESIAN_POINT('',(0.083309561987213,0.00613446391256354,-0.0238000086266577));
#10918=CARTESIAN_POINT('',(0.0759609821377741,0.0136512617448316,-0.0238000086266577));
#10919=CARTESIAN_POINT('',(0.079359560992717,0.0101748852621586,-0.0238000086266577));
#10920=CARTESIAN_POINT('',(0.079359560992717,0.0101748852621586,-0.0230000086266577));
#10921=CARTESIAN_POINT('',(0.0831425476126297,0.00597768086251877,-0.0230000086266577));
#10922=CARTESIAN_POINT('',(0.0831425476126297,0.00597768086251877,-0.0238000086266577));
#10923=CARTESIAN_POINT('',(0.0831425476126297,0.00597768086251877,-0.0238000086266577));
#10924=CARTESIAN_POINT('',(0.079359560992717,0.0101748852621586,-0.0238000086266577));
#10925=CARTESIAN_POINT('',(0.0759540615315906,0.0139532695805052,-0.0238000086266577));
#10926=CARTESIAN_POINT('',(0.0759540615315906,0.0139532695805052,-0.0230000086266577));
#10927=CARTESIAN_POINT('',(0.0831174957728341,0.00595777594726702,-0.0230000086266577));
#10928=CARTESIAN_POINT('',(0.0831174957728341,0.00595777594726702,-0.0238000086266577));
#10929=CARTESIAN_POINT('',(0.0831174957728341,0.00595777594726702,-0.0238000086266577));
#10930=CARTESIAN_POINT('',(0.0759540615315906,0.0139532695805052,-0.0238000086266577));
#10931=CARTESIAN_POINT('',(0.087831068526851,0.00970359501305558,-0.0238000086266577));
#10932=CARTESIAN_POINT('',(0.087831068526851,0.00970359501305558,-0.0230000086266577));
#10933=CARTESIAN_POINT('',(0.0829890004531665,0.00612503742969545,-0.0230000086266577));
#10934=CARTESIAN_POINT('',(0.0829890004531665,0.00612503742969545,-0.0238000086266577));
#10935=CARTESIAN_POINT('',(0.0829890004531665,0.00612503742969545,-0.0238000086266577));
#10936=CARTESIAN_POINT('',(0.087831068526851,0.00970359501305558,-0.0238000086266577));
#10937=CARTESIAN_POINT('',(0.0914016417741213,0.0123424472093735,-0.0238000086266577));
#10938=CARTESIAN_POINT('',(0.0914016417741213,0.0123424472093735,-0.0230000086266577));
#10939=CARTESIAN_POINT('',(0.0828546127509241,0.00631111126780715,-0.0230000086266577));
#10940=CARTESIAN_POINT('',(0.0828546127509241,0.00631111126780715,-0.0238000086266577));
#10941=CARTESIAN_POINT('',(0.0828546127509241,0.00631111126780715,-0.0238000086266577));
#10942=CARTESIAN_POINT('',(0.0914016417741213,0.0123424472093735,-0.0238000086266577));
#10943=CARTESIAN_POINT('',(0.0913082822358039,0.0122765666867473,-0.0238000086266577));
#10944=CARTESIAN_POINT('',(0.0913082822358039,0.0122765666867473,-0.0230000086266577));
#10945=CARTESIAN_POINT('',(0.0825901384595566,0.00670474874165334,-0.0230000086266577));
#10946=CARTESIAN_POINT('',(0.0825901384595566,0.00670474874165334,-0.0238000086266577));
#10947=CARTESIAN_POINT('',(0.0825901384595566,0.00670474874165334,-0.0238000086266577));
#10948=CARTESIAN_POINT('',(0.0913082822358039,0.0122765666867473,-0.0238000086266577));
#10949=CARTESIAN_POINT('',(0.0817076673811874,0.00742602977609576,-0.0238000086266577));
#10950=CARTESIAN_POINT('',(0.0817076673811874,0.00742602977609576,-0.0230000086266577));
#10951=CARTESIAN_POINT('',(0.0827377745963745,0.00693829966627886,-0.0230000086266577));
#10952=CARTESIAN_POINT('',(0.0827377745963745,0.00693829966627886,-0.0238000086266577));
#10953=CARTESIAN_POINT('',(0.0827377745963745,0.00693829966627886,-0.0238000086266577));
#10954=CARTESIAN_POINT('',(0.0817076673811874,0.00742602977609576,-0.0238000086266577));
#10955=CARTESIAN_POINT('',(0.0787220740291806,0.0088396338669844,-0.0238000086266577));
#10956=CARTESIAN_POINT('',(0.0787220740291806,0.0088396338669844,-0.0230000086266577));
#10957=CARTESIAN_POINT('',(0.0828224433191564,0.00712852473137697,-0.0230000086266577));
#10958=CARTESIAN_POINT('',(0.0828224433191564,0.00712852473137697,-0.0238000086266577));
#10959=CARTESIAN_POINT('',(0.0828224433191564,0.00712852473137697,-0.0238000086266577));
#10960=CARTESIAN_POINT('',(0.0787220740291806,0.0088396338669844,-0.0238000086266577));
#10961=CARTESIAN_POINT('',(0.0782293751230384,0.00904524012822204,-0.0238000086266577));
#10962=CARTESIAN_POINT('',(0.0782293751230384,0.00904524012822204,-0.0230000086266577));
#10963=CARTESIAN_POINT('',(0.0829064804083225,0.00734384084616963,-0.0230000086266577));
#10964=CARTESIAN_POINT('',(0.0829064804083225,0.00734384084616963,-0.0238000086266577));
#10965=CARTESIAN_POINT('',(0.0829064804083225,0.00734384084616963,-0.0238000086266577));
#10966=CARTESIAN_POINT('',(0.0782293751230384,0.00904524012822204,-0.0238000086266577));
#10967=CARTESIAN_POINT('',(0.0787953616938378,0.00883935014147276,-0.0238000086266577));
#10968=CARTESIAN_POINT('',(0.0787953616938378,0.00883935014147276,-0.0230000086266577));
#10969=CARTESIAN_POINT('',(0.0829778560174458,0.00755693586756595,-0.0230000086266577));
#10970=CARTESIAN_POINT('',(0.0829778560174458,0.00755693586756595,-0.0238000086266577));
#10971=CARTESIAN_POINT('',(0.0829778560174458,0.00755693586756595,-0.0238000086266577));
#10972=CARTESIAN_POINT('',(0.0787953616938378,0.00883935014147276,-0.0238000086266577));
#10973=CARTESIAN_POINT('',(0.0809747435226674,0.00817111961936321,-0.0238000086266577));
#10974=CARTESIAN_POINT('',(0.0809747435226674,0.00817111961936321,-0.0230000086266577));
#10975=CARTESIAN_POINT('',(0.0830677129288409,0.0080754095752828,-0.0230000086266577));
#10976=CARTESIAN_POINT('',(0.0830677129288409,0.0080754095752828,-0.0238000086266577));
#10977=CARTESIAN_POINT('',(0.0830677129288409,0.0080754095752828,-0.0238000086266577));
#10978=CARTESIAN_POINT('',(0.0809747435226674,0.00817111961936321,-0.0238000086266577));
#10979=CARTESIAN_POINT('',(0.0823528629157017,0.00810809917220978,-0.0238000086266577));
#10980=CARTESIAN_POINT('',(0.0823528629157017,0.00810809917220978,-0.0230000086266577));
#10981=CARTESIAN_POINT('',(0.0829364128477523,0.0085222834643315,-0.0230000086266577));
#10982=CARTESIAN_POINT('',(0.0829364128477523,0.0085222834643315,-0.0238000086266577));
#10983=CARTESIAN_POINT('',(0.0829364128477523,0.0085222834643315,-0.0238000086266577));
#10984=CARTESIAN_POINT('',(0.0823528629157017,0.00810809917220978,-0.0238000086266577));
#10985=CARTESIAN_POINT('',(0.0825388373972929,0.00824009766073655,-0.0238000086266577));
#10986=CARTESIAN_POINT('',(0.0825388373972929,0.00824009766073655,-0.0230000086266577));
#10987=CARTESIAN_POINT('',(0.082533125110618,0.00872760400565859,-0.0230000086266577));
#10988=CARTESIAN_POINT('',(0.082533125110618,0.00872760400565859,-0.0238000086266577));
#10989=CARTESIAN_POINT('',(0.082533125110618,0.00872760400565859,-0.0238000086266577));
#10990=CARTESIAN_POINT('',(0.0825388373972929,0.00824009766073655,-0.0238000086266577));
#10991=CARTESIAN_POINT('',(0.0825436516245089,0.00782923482291921,-0.0238000086266577));
#10992=CARTESIAN_POINT('',(0.0825436516245089,0.00782923482291921,-0.0230000086266577));
#10993=CARTESIAN_POINT('',(0.0821047353469984,0.00861315477886243,-0.0230000086266577));
#10994=CARTESIAN_POINT('',(0.0821047353469984,0.00861315477886243,-0.0238000086266577));
#10995=CARTESIAN_POINT('',(0.0821047353469984,0.00861315477886243,-0.0238000086266577));
#10996=CARTESIAN_POINT('',(0.0825436516245089,0.00782923482291921,-0.0238000086266577));
#10997=CARTESIAN_POINT('',(0.0823887980143482,0.00810580883366976,-0.0238000086266577));
#10998=CARTESIAN_POINT('',(0.0823887980143482,0.00810580883366976,-0.0230000086266577));
#10999=CARTESIAN_POINT('',(0.0819023247029237,0.00842429780421213,-0.0230000086266577));
#11000=CARTESIAN_POINT('',(0.0819023247029237,0.00842429780421213,-0.0238000086266577));
#11001=CARTESIAN_POINT('',(0.0819023247029237,0.00842429780421213,-0.0238000086266577));
#11002=CARTESIAN_POINT('',(0.0823887980143482,0.00810580883366976,-0.0238000086266577));
#11003=CARTESIAN_POINT('',(0.670583269092725,-0.376978937180206,-0.0238000086266576));
#11004=CARTESIAN_POINT('',(0.670583269092725,-0.376978937180206,-0.0230000086266576));
#11005=CARTESIAN_POINT('',(0.0809237249561727,0.00692538662039421,-0.0230000086266577));
#11006=CARTESIAN_POINT('',(0.0809237249561727,0.00692538662039421,-0.0238000086266577));
#11007=CARTESIAN_POINT('',(0.0809237249561727,0.00692538662039421,-0.0238000086266577));
#11008=CARTESIAN_POINT('',(0.670583269092725,-0.376978937180206,-0.0238000086266576));
#11009=CARTESIAN_POINT('',(0.209987752644232,-0.0771031664137457,-0.0238000086266577));
#11010=CARTESIAN_POINT('',(0.209987752644232,-0.0771031664137457,-0.0230000086266577));
#11011=CARTESIAN_POINT('',(0.0799127865258741,0.00535181619729877,-0.0230000086266577));
#11012=CARTESIAN_POINT('',(0.0799127865258741,0.00535181619729877,-0.0238000086266577));
#11013=CARTESIAN_POINT('',(0.0799127865258741,0.00535181619729877,-0.0238000086266577));
#11014=CARTESIAN_POINT('',(0.209987752644232,-0.0771031664137457,-0.0238000086266577));
#11015=CARTESIAN_POINT('',(0.211125929784833,-0.0778246609421555,-0.0238000086266577));
#11016=CARTESIAN_POINT('',(0.211125929784833,-0.0778246609421555,-0.0230000086266577));
#11017=CARTESIAN_POINT('',(0.0789060038395149,0.00374191612801824,-0.0230000086266577));
#11018=CARTESIAN_POINT('',(0.0789060038395149,0.00374191612801824,-0.0238000086266577));
#11019=CARTESIAN_POINT('',(0.0789060038395149,0.00374191612801824,-0.0238000086266577));
#11020=CARTESIAN_POINT('',(0.211125929784833,-0.0778246609421555,-0.0238000086266577));
#11021=CARTESIAN_POINT('',(0.0802227300456345,0.00292962668825412,-0.0238000086266577));
#11022=CARTESIAN_POINT('',(0.0802227300456345,0.00292962668825412,-0.0230000086266577));
#11023=CARTESIAN_POINT('',(0.0788056433924917,0.00355047083400562,-0.0230000086266577));
#11024=CARTESIAN_POINT('',(0.0788056433924917,0.00355047083400562,-0.0238000086266577));
#11025=CARTESIAN_POINT('',(0.0788056433924917,0.00355047083400562,-0.0238000086266577));
#11026=CARTESIAN_POINT('',(0.0802227300456345,0.00292962668825412,-0.0238000086266577));
#11027=CARTESIAN_POINT('',(0.0883171081773207,-0.00197005681109532,-0.0238000086266577));
#11028=CARTESIAN_POINT('',(0.0883171081773207,-0.00197005681109532,-0.0230000086266577));
#11029=CARTESIAN_POINT('',(0.0823333749696744,0.00157155697504724,-0.0230000086266577));
#11030=CARTESIAN_POINT('',(0.0834353247657999,0.00298133511772504,-0.0230000086266577));
#11031=CARTESIAN_POINT('',(0.0823333749696744,0.00157155697504724,-0.0238000086266577));
#11032=CARTESIAN_POINT('',(0.0823333749696744,0.00157155697504724,-0.0238000086266577));
#11033=CARTESIAN_POINT('',(0.0883171081773207,-0.00197005681109532,-0.0238000086266577));
#11034=CARTESIAN_POINT('',(0.0834353247657999,0.00298133511772504,-0.0238000086266577));
#11035=CARTESIAN_POINT('',(0.0834353247657999,0.00298133511772504,-0.0238000086266577));
#11036=CARTESIAN_POINT('',(0.0845677001166478,0.000249118880191297,-0.0238000086266577));
#11037=CARTESIAN_POINT('',(0.0845677001166478,0.000249118880191297,-0.0230000086266577));
#11038=CARTESIAN_POINT('',(0.0819721188486074,0.000185800177412371,-0.0230000086266577));
#11039=CARTESIAN_POINT('',(0.0819721188486074,0.00018580017741237,-0.0238000086266577));
#11040=CARTESIAN_POINT('',(0.0819721188486074,0.00018580017741237,-0.0238000086266577));
#11041=CARTESIAN_POINT('',(0.0845677001166478,0.000249118880191297,-0.0238000086266577));
#11042=CARTESIAN_POINT('',(0.0836091862047002,0.000225736118785471,-0.0238000086266577));
#11043=CARTESIAN_POINT('',(0.0836091862047002,0.000225736118785471,-0.0230000086266577));
#11044=CARTESIAN_POINT('',(0.0820435284950335,-0.000254160061617317,-0.0230000086266577));
#11045=CARTESIAN_POINT('',(0.0820435284950335,-0.000254160061617317,-0.0238000086266577));
#11046=CARTESIAN_POINT('',(0.0820435284950335,-0.000254160061617317,-0.0238000086266577));
#11047=CARTESIAN_POINT('',(0.0836091862047002,0.000225736118785471,-0.0238000086266577));
#11048=CARTESIAN_POINT('',(0.0845992996243305,0.00052921985300934,-0.0238000086266577));
#11049=CARTESIAN_POINT('',(0.0845992996243305,0.00052921985300934,-0.0230000086266577));
#11050=CARTESIAN_POINT('',(0.0822273377635238,-0.000703438691303167,-0.0230000086266577));
#11051=CARTESIAN_POINT('',(0.0822273377635238,-0.000703438691303167,-0.0238000086266577));
#11052=CARTESIAN_POINT('',(0.0822273377635238,-0.000703438691303167,-0.0238000086266577));
#11053=CARTESIAN_POINT('',(0.0845992996243305,0.00052921985300934,-0.0238000086266577));
#11054=CARTESIAN_POINT('',(0.0845253036992027,0.000490765731609039,-0.0238000086266577));
#11055=CARTESIAN_POINT('',(0.0845253036992027,0.00049076573160904,-0.0230000086266577));
#11056=CARTESIAN_POINT('',(0.0824849105566824,-0.00110409083542381,-0.0230000086266577));
#11057=CARTESIAN_POINT('',(0.0824849105566824,-0.00110409083542381,-0.0238000086266577));
#11058=CARTESIAN_POINT('',(0.0824849105566824,-0.00110409083542381,-0.0238000086266577));
#11059=CARTESIAN_POINT('',(0.0845253036992027,0.000490765731609039,-0.0238000086266577));
#11060=CARTESIAN_POINT('',(0.083526181365612,-0.000290190046858366,-0.0238000086266577));
#11061=CARTESIAN_POINT('',(0.083526181365612,-0.000290190046858366,-0.0230000086266577));
#11062=CARTESIAN_POINT('',(0.0827984346711741,-0.00139339634665009,-0.0230000086266577));
#11063=CARTESIAN_POINT('',(0.0827984346711741,-0.00139339634665009,-0.0238000086266577));
#11064=CARTESIAN_POINT('',(0.0827984346711741,-0.00139339634665009,-0.0238000086266577));
#11065=CARTESIAN_POINT('',(0.083526181365612,-0.000290190046858366,-0.0238000086266577));
#11066=CARTESIAN_POINT('',(0.0834294621404825,-0.000436808725156025,-0.0238000086266577));
#11067=CARTESIAN_POINT('',(0.0834294621404825,-0.000436808725156025,-0.0230000086266577));
#11068=CARTESIAN_POINT('',(0.083289435832351,-0.00157419528110559,-0.0230000086266577));
#11069=CARTESIAN_POINT('',(0.083289435832351,-0.00157419528110559,-0.0238000086266577));
#11070=CARTESIAN_POINT('',(0.083289435832351,-0.00157419528110559,-0.0238000086266577));
#11071=CARTESIAN_POINT('',(0.0834294621404825,-0.000436808725156025,-0.0238000086266577));
#11072=CARTESIAN_POINT('',(0.0834830770242446,-1.31307577759987E-6,-0.0238000086266577));
#11073=CARTESIAN_POINT('',(0.0834830770242446,-1.31307577759965E-6,-0.0230000086266577));
#11074=CARTESIAN_POINT('',(0.0838346904726048,-0.00154657141209797,-0.0230000086266577));
#11075=CARTESIAN_POINT('',(0.0838346904726048,-0.00154657141209797,-0.0238000086266577));
#11076=CARTESIAN_POINT('',(0.0838346904726048,-0.00154657141209797,-0.0238000086266577));
#11077=CARTESIAN_POINT('',(0.0834830770242446,-1.31307577759987E-6,-0.0238000086266577));
#11078=CARTESIAN_POINT('',(0.0835274117949439,-0.000196153956669866,-0.0238000086266577));
#11079=CARTESIAN_POINT('',(0.0835274117949439,-0.000196153956669866,-0.0230000086266577));
#11080=CARTESIAN_POINT('',(0.0843092400613942,-0.00133930401307637,-0.0230000086266577));
#11081=CARTESIAN_POINT('',(0.0843092400613942,-0.00133930401307637,-0.0238000086266577));
#11082=CARTESIAN_POINT('',(0.0843092400613942,-0.00133930401307637,-0.0238000086266577));
#11083=CARTESIAN_POINT('',(0.0835274117949439,-0.000196153956669866,-0.0238000086266577));
#11084=CARTESIAN_POINT('',(0.0839029498854252,-0.00074524690679501,-0.0238000086266577));
#11085=CARTESIAN_POINT('',(0.0839029498854252,-0.00074524690679501,-0.0230000086266577));
#11086=CARTESIAN_POINT('',(0.0845956155917531,-0.000940668942124293,-0.0230000086266577));
#11087=CARTESIAN_POINT('',(0.0845956155917531,-0.000940668942124293,-0.0238000086266577));
#11088=CARTESIAN_POINT('',(0.0845956155917531,-0.000940668942124293,-0.0238000086266577));
#11089=CARTESIAN_POINT('',(0.0839029498854252,-0.00074524690679501,-0.0238000086266577));
#11090=CARTESIAN_POINT('',(0.083797744880125,-0.000715565379220169,-0.0238000086266577));
#11091=CARTESIAN_POINT('',(0.083797744880125,-0.000715565379220169,-0.0230000086266577));
#11092=CARTESIAN_POINT('',(0.0846261225434142,-0.000683011831505401,-0.0230000086266577));
#11093=CARTESIAN_POINT('',(0.0846261225434142,-0.000683011831505401,-0.0238000086266577));
#11094=CARTESIAN_POINT('',(0.0846261225434142,-0.000683011831505401,-0.0238000086266577));
#11095=CARTESIAN_POINT('',(0.083797744880125,-0.000715565379220169,-0.0238000086266577));
#11096=CARTESIAN_POINT('',(0.084167912059713,-0.000701018566242076,-0.0238000086266577));
#11097=CARTESIAN_POINT('',(0.084167912059713,-0.000701018566242076,-0.0230000086266577));
#11098=CARTESIAN_POINT('',(0.0845330763289827,-0.000423644907942286,-0.0230000086266577));
#11099=CARTESIAN_POINT('',(0.0845330763289827,-0.000423644907942286,-0.0238000086266577));
#11100=CARTESIAN_POINT('',(0.0845330763289827,-0.000423644907942286,-0.0238000086266577));
#11101=CARTESIAN_POINT('',(0.084167912059713,-0.000701018566242076,-0.0238000086266577));
#11102=CARTESIAN_POINT('',(0.0840314662240887,-0.000804660909625256,-0.0238000086266577));
#11103=CARTESIAN_POINT('',(0.0840314662240887,-0.000804660909625256,-0.0230000086266577));
#11104=CARTESIAN_POINT('',(0.0843232886834398,-0.000246426601213365,-0.0230000086266577));
#11105=CARTESIAN_POINT('',(0.0843232886834398,-0.000246426601213365,-0.0238000086266577));
#11106=CARTESIAN_POINT('',(0.0843232886834398,-0.000246426601213365,-0.0238000086266577));
#11107=CARTESIAN_POINT('',(0.0840314662240887,-0.000804660909625256,-0.0238000086266577));
#11108=CARTESIAN_POINT('',(0.0830898681001946,-0.00260586695340572,-0.0238000086266577));
#11109=CARTESIAN_POINT('',(0.0830898681001946,-0.00260586695340572,-0.0230000086266577));
#11110=CARTESIAN_POINT('',(0.0840299440439264,-0.000114975078847275,-0.0230000086266577));
#11111=CARTESIAN_POINT('',(0.0840299440439264,-0.000114975078847275,-0.0238000086266577));
#11112=CARTESIAN_POINT('',(0.0840299440439264,-0.000114975078847275,-0.0238000086266577));
#11113=CARTESIAN_POINT('',(0.0830898681001946,-0.00260586695340572,-0.0238000086266577));
#11114=CARTESIAN_POINT('',(0.0842149462442639,0.00037521986834679,-0.0238000086266577));
#11115=CARTESIAN_POINT('',(0.0842149462442639,0.000375219868346791,-0.0230000086266577));
#11116=CARTESIAN_POINT('',(0.0837786384924433,8.51294581525473E-5,-0.0230000086266577));
#11117=CARTESIAN_POINT('',(0.0837786384924433,8.51294581525471E-5,-0.0238000086266577));
#11118=CARTESIAN_POINT('',(0.0837786384924433,8.51294581525471E-5,-0.0238000086266577));
#11119=CARTESIAN_POINT('',(0.0842149462442639,0.00037521986834679,-0.0238000086266577));
#11120=CARTESIAN_POINT('',(0.0840620603933136,0.000273569785280405,-0.0238000086266577));
#11121=CARTESIAN_POINT('',(0.0840620603933136,0.000273569785280405,-0.0230000086266577));
#11122=CARTESIAN_POINT('',(0.0837277458752832,0.000337378356939394,-0.0230000086266577));
#11123=CARTESIAN_POINT('',(0.0837277458752832,0.000337378356939394,-0.0238000086266577));
#11124=CARTESIAN_POINT('',(0.0837277458752832,0.000337378356939394,-0.0238000086266577));
#11125=CARTESIAN_POINT('',(0.0840620603933136,0.000273569785280405,-0.0238000086266577));
#11126=CARTESIAN_POINT('',(0.084997549061716,9.50187726424514E-5,-0.0238000086266577));
#11127=CARTESIAN_POINT('',(0.084997549061716,9.50187726424516E-5,-0.0230000086266577));
#11128=CARTESIAN_POINT('',(0.0839280168991108,0.000821131197497294,-0.0230000086266577));
#11129=CARTESIAN_POINT('',(0.0839280168991108,0.000821131197497294,-0.0238000086266577));
#11130=CARTESIAN_POINT('',(0.0839280168991108,0.000821131197497294,-0.0238000086266577));
#11131=CARTESIAN_POINT('',(0.084997549061716,9.50187726424514E-5,-0.0238000086266577));
#11132=CARTESIAN_POINT('',(0.0905291478144497,-0.00366042002957889,-0.0238000086266577));
#11133=CARTESIAN_POINT('',(0.0905291478144497,-0.00366042002957889,-0.0230000086266577));
#11134=CARTESIAN_POINT('',(0.0844898682629717,0.0015536314912109,-0.0230000086266577));
#11135=CARTESIAN_POINT('',(0.0844898682629717,0.0015536314912109,-0.0238000086266577));
#11136=CARTESIAN_POINT('',(0.0844898682629717,0.0015536314912109,-0.0238000086266577));
#11137=CARTESIAN_POINT('',(0.0905291478144497,-0.00366042002957889,-0.0238000086266577));
#11138=CARTESIAN_POINT('',(0.0892517979358929,-0.00255761165316532,-0.0238000086266577));
#11139=CARTESIAN_POINT('',(0.0892517979358929,-0.00255761165316532,-0.0230000086266577));
#11140=CARTESIAN_POINT('',(0.0849565212649582,0.00203900587742065,-0.0230000086266577));
#11141=CARTESIAN_POINT('',(0.0849565212649582,0.00203900587742065,-0.0238000086266577));
#11142=CARTESIAN_POINT('',(0.0849565212649582,0.00203900587742065,-0.0238000086266577));
#11143=CARTESIAN_POINT('',(0.0892517979358929,-0.00255761165316532,-0.0238000086266577));
#11144=CARTESIAN_POINT('',(0.0874740365249345,-0.000655129020996915,-0.0238000086266577));
#11145=CARTESIAN_POINT('',(0.0874740365249345,-0.000655129020996915,-0.0230000086266577));
#11146=CARTESIAN_POINT('',(0.0854093847558896,0.0023999420105321,-0.0230000086266577));
#11147=CARTESIAN_POINT('',(0.0854093847558896,0.0023999420105321,-0.0238000086266577));
#11148=CARTESIAN_POINT('',(0.0854093847558896,0.0023999420105321,-0.0238000086266577));
#11149=CARTESIAN_POINT('',(0.0874740365249345,-0.000655129020996915,-0.0238000086266577));
#11150=CARTESIAN_POINT('',(0.0869422336110457,0.000131781246905026,-0.0238000086266577));
#11151=CARTESIAN_POINT('',(0.0869422336110457,0.000131781246905027,-0.0230000086266577));
#11152=CARTESIAN_POINT('',(0.085844371403567,0.00263954467988953,-0.0230000086266577));
#11153=CARTESIAN_POINT('',(0.085844371403567,0.00263954467988953,-0.0238000086266577));
#11154=CARTESIAN_POINT('',(0.085844371403567,0.00263954467988953,-0.0238000086266577));
#11155=CARTESIAN_POINT('',(0.0869422336110457,0.000131781246905026,-0.0238000086266577));
#11156=CARTESIAN_POINT('',(0.0864684560417811,0.00121399544052281,-0.0238000086266577));
#11157=CARTESIAN_POINT('',(0.0864684560417811,0.00121399544052281,-0.0230000086266577));
#11158=CARTESIAN_POINT('',(0.0862426750121669,0.0027537016450244,-0.0230000086266577));
#11159=CARTESIAN_POINT('',(0.0862426750121669,0.0027537016450244,-0.0238000086266577));
#11160=CARTESIAN_POINT('',(0.0862426750121669,0.0027537016450244,-0.0238000086266577));
#11161=CARTESIAN_POINT('',(0.0864684560417811,0.00121399544052281,-0.0238000086266577));
#11162=CARTESIAN_POINT('',(0.0864375036703212,0.00142507410582187,-0.0238000086266577));
#11163=CARTESIAN_POINT('',(0.0864375036703212,0.00142507410582187,-0.0230000086266577));
#11164=CARTESIAN_POINT('',(0.0865176170728911,0.00276551850477924,-0.0230000086266577));
#11165=CARTESIAN_POINT('',(0.0865176170728911,0.00276551850477924,-0.0238000086266577));
#11166=CARTESIAN_POINT('',(0.0865176170728911,0.00276551850477924,-0.0238000086266577));
#11167=CARTESIAN_POINT('',(0.0864375036703212,0.00142507410582187,-0.0238000086266577));
#11168=CARTESIAN_POINT('',(0.0864978525287232,0.00243482137199078,-0.0238000086266577));
#11169=CARTESIAN_POINT('',(0.0864978525287232,0.00243482137199078,-0.0230000086266577));
#11170=CARTESIAN_POINT('',(0.0866608297204265,0.00272324755981918,-0.0230000086266577));
#11171=CARTESIAN_POINT('',(0.0866608297204265,0.00272324755981918,-0.0238000086266577));
#11172=CARTESIAN_POINT('',(0.0866608297204265,0.00272324755981918,-0.0238000086266577));
#11173=CARTESIAN_POINT('',(0.0864978525287232,0.00243482137199078,-0.0238000086266577));
#11174=CARTESIAN_POINT('',(0.0863035880881906,0.00209102509333438,-0.0238000086266577));
#11175=CARTESIAN_POINT('',(0.0863035880881906,0.00209102509333438,-0.0230000086266577));
#11176=CARTESIAN_POINT('',(0.086838903931238,0.00258170195147203,-0.0230000086266577));
#11177=CARTESIAN_POINT('',(0.086838903931238,0.00258170195147203,-0.0238000086266577));
#11178=CARTESIAN_POINT('',(0.086838903931238,0.00258170195147203,-0.0238000086266577));
#11179=CARTESIAN_POINT('',(0.0863035880881906,0.00209102509333438,-0.0238000086266577));
#11180=CARTESIAN_POINT('',(0.0809679037257355,-0.00279972654980692,-0.0238000086266577));
#11181=CARTESIAN_POINT('',(0.0809679037257355,-0.00279972654980692,-0.0230000086266577));
#11182=CARTESIAN_POINT('',(0.0871682555952609,0.00219867847794507,-0.0230000086266577));
#11183=CARTESIAN_POINT('',(0.0871682555952609,0.00219867847794507,-0.0238000086266577));
#11184=CARTESIAN_POINT('',(0.0871682555952609,0.00219867847794507,-0.0238000086266577));
#11185=CARTESIAN_POINT('',(0.0809679037257355,-0.00279972654980692,-0.0238000086266577));
#11186=CARTESIAN_POINT('',(0.0875418159950649,0.00249982367419213,-0.0238000086266577));
#11187=CARTESIAN_POINT('',(0.0875418159950649,0.00249982367419213,-0.0230000086266577));
#11188=CARTESIAN_POINT('',(0.0875530424040879,0.00202012609314236,-0.0230000086266577));
#11189=CARTESIAN_POINT('',(0.0875530424040879,0.00202012609314236,-0.0238000086266577));
#11190=CARTESIAN_POINT('',(0.0875530424040879,0.00202012609314236,-0.0238000086266577));
#11191=CARTESIAN_POINT('',(0.0875418159950649,0.00249982367419213,-0.0238000086266577));
#11192=CARTESIAN_POINT('',(0.0875376784948293,0.00267661652491817,-0.0238000086266577));
#11193=CARTESIAN_POINT('',(0.0875376784948293,0.00267661652491817,-0.0230000086266577));
#11194=CARTESIAN_POINT('',(0.0879398239906753,0.00215748769997044,-0.0230000086266577));
#11195=CARTESIAN_POINT('',(0.0879398239906753,0.00215748769997044,-0.0238000086266577));
#11196=CARTESIAN_POINT('',(0.0879398239906753,0.00215748769997044,-0.0238000086266577));
#11197=CARTESIAN_POINT('',(0.0875376784948293,0.00267661652491817,-0.0238000086266577));
#11198=CARTESIAN_POINT('',(0.0873427372729865,0.00292826576250619,-0.0238000086266577));
#11199=CARTESIAN_POINT('',(0.0873427372729865,0.00292826576250619,-0.0230000086266577));
#11200=CARTESIAN_POINT('',(0.0882206555077321,0.00250415381593144,-0.0230000086266577));
#11201=CARTESIAN_POINT('',(0.0882206555077321,0.00250415381593144,-0.0238000086266577));
#11202=CARTESIAN_POINT('',(0.0882206555077321,0.00250415381593144,-0.0238000086266577));
#11203=CARTESIAN_POINT('',(0.0873427372729865,0.00292826576250619,-0.0238000086266577));
#11204=CARTESIAN_POINT('',(0.0872658114706646,0.00296542771047954,-0.0238000086266577));
#11205=CARTESIAN_POINT('',(0.0872658114706646,0.00296542771047954,-0.0230000086266577));
#11206=CARTESIAN_POINT('',(0.0883259519835206,0.00294087503415245,-0.0230000086266577));
#11207=CARTESIAN_POINT('',(0.0883259519835206,0.00294087503415245,-0.0238000086266577));
#11208=CARTESIAN_POINT('',(0.0883259519835206,0.00294087503415245,-0.0238000086266577));
#11209=CARTESIAN_POINT('',(0.0872658114706646,0.00296542771047954,-0.0238000086266577));
#11210=CARTESIAN_POINT('',(0.0870848753671928,0.00296961816026478,-0.0238000086266577));
#11211=CARTESIAN_POINT('',(0.0870848753671928,0.00296961816026478,-0.0230000086266577));
#11212=CARTESIAN_POINT('',(0.0881690895497049,0.00357424775045192,-0.0230000086266577));
#11213=CARTESIAN_POINT('',(0.0881690895497049,0.00357424775045192,-0.0238000086266577));
#11214=CARTESIAN_POINT('',(0.0881690895497049,0.00357424775045192,-0.0238000086266577));
#11215=CARTESIAN_POINT('',(0.0870848753671928,0.00296961816026478,-0.0238000086266577));
#11216=CARTESIAN_POINT('',(0.0866657297513438,0.00273587482243806,-0.0238000086266577));
#11217=CARTESIAN_POINT('',(0.0866657297513438,0.00273587482243806,-0.0230000086266577));
#11218=CARTESIAN_POINT('',(0.0877233625612438,0.00409395165722153,-0.0230000086266577));
#11219=CARTESIAN_POINT('',(0.0877233625612438,0.00409395165722153,-0.0238000086266577));
#11220=CARTESIAN_POINT('',(0.0877233625612438,0.00409395165722153,-0.0238000086266577));
#11221=CARTESIAN_POINT('',(0.0866657297513438,0.00273587482243806,-0.0238000086266577));
#11222=CARTESIAN_POINT('',(0.0864883154651011,0.0025080620786856,-0.0238000086266577));
#11223=CARTESIAN_POINT('',(0.0864883154651011,0.0025080620786856,-0.0230000086266577));
#11224=CARTESIAN_POINT('',(0.0870784953245297,0.00442953932771139,-0.0230000086266577));
#11225=CARTESIAN_POINT('',(0.0870784953245297,0.00442953932771139,-0.0238000086266577));
#11226=CARTESIAN_POINT('',(0.0870784953245297,0.00442953932771139,-0.0238000086266577));
#11227=CARTESIAN_POINT('',(0.0864883154651011,0.0025080620786856,-0.0238000086266577));
#11228=CARTESIAN_POINT('',(0.0864568866714398,0.00240573782783242,-0.0238000086266577));
#11229=CARTESIAN_POINT('',(0.0864568866714398,0.00240573782783242,-0.0230000086266577));
#11230=CARTESIAN_POINT('',(0.0863504563031952,0.00452017449161575,-0.0230000086266577));
#11231=CARTESIAN_POINT('',(0.0863504563031952,0.00452017449161575,-0.0238000086266577));
#11232=CARTESIAN_POINT('',(0.0863504563031952,0.00452017449161575,-0.0238000086266577));
#11233=CARTESIAN_POINT('',(0.0864568866714398,0.00240573782783242,-0.0238000086266577));
#11234=CARTESIAN_POINT('',(0.0865137875172007,0.00127529699161558,-0.0238000086266577));
#11235=CARTESIAN_POINT('',(0.0865137875172007,0.00127529699161558,-0.0230000086266577));
#11236=CARTESIAN_POINT('',(0.0848886266811233,0.00408861519834634,-0.0230000086266577));
#11237=CARTESIAN_POINT('',(0.0848886266811233,0.00408861519834634,-0.0238000086266577));
#11238=CARTESIAN_POINT('',(0.0848886266811233,0.00408861519834634,-0.0238000086266577));
#11239=CARTESIAN_POINT('',(0.0865137875172007,0.00127529699161558,-0.0238000086266577));
#11240=CARTESIAN_POINT('',(0.0918212942567604,-0.00792128117716199,-0.0238000086266577));
#11241=CARTESIAN_POINT('',(0.0918212942567604,-0.00792128117716199,-0.0230000086266577));
#11242=CARTESIAN_POINT('',(0.0896127974306488,-0.00690057981626007,-0.0230000086266577));
#11243=CARTESIAN_POINT('',(0.090028673677281,-0.00627634927671707,-0.0230000086266577));
#11244=CARTESIAN_POINT('',(0.0896127974306488,-0.00690057981626007,-0.0238000086266577));
#11245=CARTESIAN_POINT('',(0.0896127974306488,-0.00690057981626007,-0.0238000086266577));
#11246=CARTESIAN_POINT('',(0.0918212942567604,-0.00792128117716199,-0.0238000086266577));
#11247=CARTESIAN_POINT('',(0.090028673677281,-0.00627634927671707,-0.0238000086266577));
#11248=CARTESIAN_POINT('',(0.090028673677281,-0.00627634927671707,-0.0238000086266577));
#11249=CARTESIAN_POINT('',(0.0915126041808792,-0.00777861383128976,-0.0238000086266577));
#11250=CARTESIAN_POINT('',(0.0915126041808792,-0.00777861383128976,-0.0230000086266577));
#11251=CARTESIAN_POINT('',(0.0894268412499256,-0.00760598006973111,-0.0230000086266577));
#11252=CARTESIAN_POINT('',(0.0894268412499256,-0.00760598006973111,-0.0238000086266577));
#11253=CARTESIAN_POINT('',(0.0894268412499256,-0.00760598006973111,-0.0238000086266577));
#11254=CARTESIAN_POINT('',(0.0915126041808792,-0.00777861383128976,-0.0238000086266577));
#11255=CARTESIAN_POINT('',(0.0912004189264044,-0.00775277498163731,-0.0238000086266577));
#11256=CARTESIAN_POINT('',(0.0912004189264044,-0.00775277498163731,-0.0230000086266577));
#11257=CARTESIAN_POINT('',(0.0894502893720138,-0.00807553350362227,-0.0230000086266577));
#11258=CARTESIAN_POINT('',(0.0894502893720138,-0.00807553350362227,-0.0238000086266577));
#11259=CARTESIAN_POINT('',(0.0894502893720138,-0.00807553350362227,-0.0238000086266577));
#11260=CARTESIAN_POINT('',(0.0912004189264044,-0.00775277498163731,-0.0238000086266577));
#11261=CARTESIAN_POINT('',(0.0904334526714675,-0.00789421873603522,-0.0238000086266577));
#11262=CARTESIAN_POINT('',(0.0904334526714675,-0.00789421873603522,-0.0230000086266577));
#11263=CARTESIAN_POINT('',(0.0896216629238742,-0.00847772753977486,-0.0230000086266577));
#11264=CARTESIAN_POINT('',(0.0896216629238742,-0.00847772753977486,-0.0238000086266577));
#11265=CARTESIAN_POINT('',(0.0896216629238742,-0.00847772753977486,-0.0238000086266577));
#11266=CARTESIAN_POINT('',(0.0904334526714675,-0.00789421873603522,-0.0238000086266577));
#11267=CARTESIAN_POINT('',(0.0904612494664864,-0.00787423859381559,-0.0238000086266577));
#11268=CARTESIAN_POINT('',(0.0904612494664864,-0.00787423859381559,-0.0230000086266577));
#11269=CARTESIAN_POINT('',(0.0899494604572771,-0.00877266860248401,-0.0230000086266577));
#11270=CARTESIAN_POINT('',(0.0899494604572771,-0.00877266860248401,-0.0238000086266577));
#11271=CARTESIAN_POINT('',(0.0899494604572771,-0.00877266860248401,-0.0238000086266577));
#11272=CARTESIAN_POINT('',(0.0904612494664864,-0.00787423859381559,-0.0238000086266577));
#11273=CARTESIAN_POINT('',(0.0909342627750301,-0.00704387814595876,-0.0238000086266577));
#11274=CARTESIAN_POINT('',(0.0909342627750301,-0.00704387814595876,-0.0230000086266577));
#11275=CARTESIAN_POINT('',(0.0903940358027211,-0.00895874285815473,-0.0230000086266577));
#11276=CARTESIAN_POINT('',(0.0903940358027211,-0.00895874285815473,-0.0238000086266577));
#11277=CARTESIAN_POINT('',(0.0903940358027211,-0.00895874285815473,-0.0238000086266577));
#11278=CARTESIAN_POINT('',(0.0909342627750301,-0.00704387814595876,-0.0238000086266577));
#11279=CARTESIAN_POINT('',(0.091013033180823,-0.00676467203787842,-0.0238000086266577));
#11280=CARTESIAN_POINT('',(0.091013033180823,-0.00676467203787842,-0.0230000086266577));
#11281=CARTESIAN_POINT('',(0.0910014726623455,-0.00904435861125667,-0.0230000086266577));
#11282=CARTESIAN_POINT('',(0.0910014726623455,-0.00904435861125667,-0.0238000086266577));
#11283=CARTESIAN_POINT('',(0.0910014726623455,-0.00904435861125667,-0.0238000086266577));
#11284=CARTESIAN_POINT('',(0.091013033180823,-0.00676467203787842,-0.0238000086266577));
#11285=CARTESIAN_POINT('',(0.0910047845383575,-0.00839127031837768,-0.0238000086266577));
#11286=CARTESIAN_POINT('',(0.0910047845383575,-0.00839127031837768,-0.0230000086266577));
#11287=CARTESIAN_POINT('',(0.0914867799503618,-0.00883196943299572,-0.0230000086266577));
#11288=CARTESIAN_POINT('',(0.0914867799503618,-0.00883196943299572,-0.0238000086266577));
#11289=CARTESIAN_POINT('',(0.0914867799503618,-0.00883196943299572,-0.0238000086266577));
#11290=CARTESIAN_POINT('',(0.0910047845383575,-0.00839127031837768,-0.0238000086266577));
#11291=CARTESIAN_POINT('',(0.0911716001062182,-0.00854379349853617,-0.0238000086266577));
#11292=CARTESIAN_POINT('',(0.0911716001062182,-0.00854379349853617,-0.0230000086266577));
#11293=CARTESIAN_POINT('',(0.0915302851751018,-0.00831199892414736,-0.0230000086266577));
#11294=CARTESIAN_POINT('',(0.0915302851751018,-0.00831199892414736,-0.0238000086266577));
#11295=CARTESIAN_POINT('',(0.0915302851751018,-0.00831199892414736,-0.0238000086266577));
#11296=CARTESIAN_POINT('',(0.0911716001062182,-0.00854379349853617,-0.0238000086266577));
#11297=CARTESIAN_POINT('',(0.0904943852884762,-0.00898143290442737,-0.0238000086266577));
#11298=CARTESIAN_POINT('',(0.0904943852884762,-0.00898143290442737,-0.0230000086266577));
#11299=CARTESIAN_POINT('',(0.0911561998079931,-0.00794064859880926,-0.0230000086266577));
#11300=CARTESIAN_POINT('',(0.0911561998079931,-0.00794064859880926,-0.0238000086266577));
#11301=CARTESIAN_POINT('',(0.0911561998079931,-0.00794064859880926,-0.0238000086266577));
#11302=CARTESIAN_POINT('',(0.0904943852884762,-0.00898143290442737,-0.0238000086266577));
#11303=CARTESIAN_POINT('',(0.0926824091444105,-0.005540497684032,-0.0238000086266577));
#11304=CARTESIAN_POINT('',(0.0926824091444105,-0.005540497684032,-0.0230000086266577));
#11305=CARTESIAN_POINT('',(0.0909817065071712,-0.00782033318072071,-0.0230000086266577));
#11306=CARTESIAN_POINT('',(0.0909817065071712,-0.00782033318072071,-0.0238000086266577));
#11307=CARTESIAN_POINT('',(0.0909817065071712,-0.00782033318072071,-0.0238000086266577));
#11308=CARTESIAN_POINT('',(0.0926824091444105,-0.005540497684032,-0.0238000086266577));
#11309=CARTESIAN_POINT('',(0.0910772275308254,-0.00769228479904697,-0.0238000086266577));
#11310=CARTESIAN_POINT('',(0.0910772275308254,-0.00769228479904697,-0.0230000086266577));
#11311=CARTESIAN_POINT('',(0.0909428122972175,-0.0077786167107795,-0.0230000086266577));
#11312=CARTESIAN_POINT('',(0.0909428122972175,-0.0077786167107795,-0.0238000086266577));
#11313=CARTESIAN_POINT('',(0.0909428122972175,-0.0077786167107795,-0.0238000086266577));
#11314=CARTESIAN_POINT('',(0.0910772275308254,-0.00769228479904697,-0.0238000086266577));
#11315=CARTESIAN_POINT('',(0.0910019875431825,-0.00774060976785891,-0.0238000086266577));
#11316=CARTESIAN_POINT('',(0.0910019875431825,-0.00774060976785891,-0.0230000086266577));
#11317=CARTESIAN_POINT('',(0.0909323008328211,-0.00775009659262669,-0.0230000086266577));
#11318=CARTESIAN_POINT('',(0.0909323008328211,-0.00775009659262669,-0.0238000086266577));
#11319=CARTESIAN_POINT('',(0.0909323008328211,-0.00775009659262669,-0.0238000086266577));
#11320=CARTESIAN_POINT('',(0.0910019875431825,-0.00774060976785891,-0.0238000086266577));
#11321=CARTESIAN_POINT('',(0.0920241968583771,-0.00760145094404681,-0.0238000086266577));
#11322=CARTESIAN_POINT('',(0.0920241968583771,-0.00760145094404681,-0.0230000086266577));
#11323=CARTESIAN_POINT('',(0.09092222944292,-0.00760092679044218,-0.0230000086266577));
#11324=CARTESIAN_POINT('',(0.09092222944292,-0.00760092679044218,-0.0238000086266577));
#11325=CARTESIAN_POINT('',(0.09092222944292,-0.00760092679044218,-0.0238000086266577));
#11326=CARTESIAN_POINT('',(0.0920241968583771,-0.00760145094404681,-0.0238000086266577));
#11327=CARTESIAN_POINT('',(0.091621518352066,-0.00760125940899067,-0.0238000086266577));
#11328=CARTESIAN_POINT('',(0.091621518352066,-0.00760125940899067,-0.0230000086266577));
#11329=CARTESIAN_POINT('',(0.0909684439722486,-0.00735126152196839,-0.0230000086266577));
#11330=CARTESIAN_POINT('',(0.0909684439722486,-0.00735126152196839,-0.0238000086266577));
#11331=CARTESIAN_POINT('',(0.0909684439722486,-0.00735126152196839,-0.0238000086266577));
#11332=CARTESIAN_POINT('',(0.091621518352066,-0.00760125940899067,-0.0238000086266577));
#11333=CARTESIAN_POINT('',(0.0917333107314858,-0.00764405370548109,-0.0238000086266577));
#11334=CARTESIAN_POINT('',(0.0917333107314858,-0.00764405370548109,-0.0230000086266577));
#11335=CARTESIAN_POINT('',(0.0911058957026423,-0.0071176519542707,-0.0230000086266577));
#11336=CARTESIAN_POINT('',(0.0911058957026423,-0.0071176519542707,-0.0238000086266577));
#11337=CARTESIAN_POINT('',(0.0911058957026423,-0.0071176519542707,-0.0238000086266577));
#11338=CARTESIAN_POINT('',(0.0917333107314858,-0.00764405370548109,-0.0238000086266577));
#11339=CARTESIAN_POINT('',(0.0921964827989085,-0.0080326554701733,-0.0238000086266577));
#11340=CARTESIAN_POINT('',(0.0921964827989085,-0.0080326554701733,-0.0230000086266577));
#11341=CARTESIAN_POINT('',(0.0913701317015537,-0.00687345078050409,-0.0230000086266577));
#11342=CARTESIAN_POINT('',(0.0913701317015537,-0.00687345078050409,-0.0238000086266577));
#11343=CARTESIAN_POINT('',(0.0913701317015537,-0.00687345078050409,-0.0238000086266577));
#11344=CARTESIAN_POINT('',(0.0921964827989085,-0.0080326554701733,-0.0238000086266577));
#11345=CARTESIAN_POINT('',(0.0939881205874044,-0.0105459635946034,-0.0238000086266577));
#11346=CARTESIAN_POINT('',(0.0939881205874044,-0.0105459635946034,-0.0230000086266577));
#11347=CARTESIAN_POINT('',(0.091806878809165,-0.00659838199557094,-0.0230000086266577));
#11348=CARTESIAN_POINT('',(0.091806878809165,-0.00659838199557094,-0.0238000086266577));
#11349=CARTESIAN_POINT('',(0.091806878809165,-0.00659838199557094,-0.0238000086266577));
#11350=CARTESIAN_POINT('',(0.0939881205874044,-0.0105459635946034,-0.0238000086266577));
#11351=CARTESIAN_POINT('',(0.0944732093287251,-0.0114238705777902,-0.0238000086266577));
#11352=CARTESIAN_POINT('',(0.0944732093287251,-0.0114238705777902,-0.0230000086266577));
#11353=CARTESIAN_POINT('',(0.0921366125364921,-0.0064303774189763,-0.0230000086266577));
#11354=CARTESIAN_POINT('',(0.0921366125364921,-0.0064303774189763,-0.0238000086266577));
#11355=CARTESIAN_POINT('',(0.0921366125364921,-0.0064303774189763,-0.0238000086266577));
#11356=CARTESIAN_POINT('',(0.0944732093287251,-0.0114238705777902,-0.0238000086266577));
#11357=CARTESIAN_POINT('',(0.0929304553408511,-0.00812688262086509,-0.0238000086266577));
#11358=CARTESIAN_POINT('',(0.0929304553408511,-0.00812688262086509,-0.0230000086266577));
#11359=CARTESIAN_POINT('',(0.0923865914829537,-0.00633452986480868,-0.0230000086266577));
#11360=CARTESIAN_POINT('',(0.0923865914829537,-0.00633452986480868,-0.0238000086266577));
#11361=CARTESIAN_POINT('',(0.0923865914829537,-0.00633452986480868,-0.0238000086266577));
#11362=CARTESIAN_POINT('',(0.0929304553408511,-0.00812688262086509,-0.0238000086266577));
#11363=CARTESIAN_POINT('',(0.0928713597948848,-0.00793212788005041,-0.0238000086266577));
#11364=CARTESIAN_POINT('',(0.0928713597948848,-0.00793212788005041,-0.0230000086266577));
#11365=CARTESIAN_POINT('',(0.0926345784869004,-0.00627947717684982,-0.0230000086266577));
#11366=CARTESIAN_POINT('',(0.0926345784869004,-0.00627947717684982,-0.0238000086266577));
#11367=CARTESIAN_POINT('',(0.0926345784869004,-0.00627947717684982,-0.0238000086266577));
#11368=CARTESIAN_POINT('',(0.0928713597948848,-0.00793212788005041,-0.0238000086266577));
#11369=CARTESIAN_POINT('',(0.0931676875006369,-0.0100003916102316,-0.0238000086266577));
#11370=CARTESIAN_POINT('',(0.0931676875006369,-0.0100003916102316,-0.0230000086266577));
#11371=CARTESIAN_POINT('',(0.0929595550583722,-0.0062472475512402,-0.0230000086266577));
#11372=CARTESIAN_POINT('',(0.0929595550583722,-0.0062472475512402,-0.0238000086266577));
#11373=CARTESIAN_POINT('',(0.0929595550583722,-0.0062472475512402,-0.0238000086266577));
#11374=CARTESIAN_POINT('',(0.0931676875006369,-0.0100003916102316,-0.0238000086266577));
#11375=CARTESIAN_POINT('',(0.093134020455342,-0.00939329129632879,-0.0238000086266577));
#11376=CARTESIAN_POINT('',(0.093134020455342,-0.00939329129632879,-0.0230000086266577));
#11377=CARTESIAN_POINT('',(0.0934297805085146,-0.00625632533991518,-0.0230000086266577));
#11378=CARTESIAN_POINT('',(0.0934297805085146,-0.00625632533991518,-0.0238000086266577));
#11379=CARTESIAN_POINT('',(0.0934297805085146,-0.00625632533991518,-0.0238000086266577));
#11380=CARTESIAN_POINT('',(0.093134020455342,-0.00939329129632879,-0.0238000086266577));
#11381=CARTESIAN_POINT('',(0.0933832055121795,-0.00675032098387073,-0.0238000086266577));
#11382=CARTESIAN_POINT('',(0.0933832055121795,-0.00675032098387073,-0.0230000086266577));
#11383=CARTESIAN_POINT('',(0.0936522511677127,-0.00633340928846057,-0.0230000086266577));
#11384=CARTESIAN_POINT('',(0.0936522511677127,-0.00633340928846057,-0.0238000086266577));
#11385=CARTESIAN_POINT('',(0.0936522511677127,-0.00633340928846057,-0.0238000086266577));
#11386=CARTESIAN_POINT('',(0.0933832055121795,-0.00675032098387073,-0.0238000086266577));
#11387=CARTESIAN_POINT('',(0.0934185821646435,-0.00669550151418817,-0.0238000086266577));
#11388=CARTESIAN_POINT('',(0.0934185821646435,-0.00669550151418817,-0.0230000086266577));
#11389=CARTESIAN_POINT('',(0.0937994793694336,-0.00649393439803837,-0.0230000086266577));
#11390=CARTESIAN_POINT('',(0.0937994793694336,-0.00649393439803837,-0.0238000086266577));
#11391=CARTESIAN_POINT('',(0.0937994793694336,-0.00649393439803837,-0.0238000086266577));
#11392=CARTESIAN_POINT('',(0.0934185821646435,-0.00669550151418817,-0.0238000086266577));
#11393=CARTESIAN_POINT('',(0.0917218680474034,-0.00759338621179665,-0.0238000086266577));
#11394=CARTESIAN_POINT('',(0.0917218680474034,-0.00759338621179665,-0.0230000086266577));
#11395=CARTESIAN_POINT('',(0.0939634362297584,-0.00688583043303745,-0.0230000086266577));
#11396=CARTESIAN_POINT('',(0.0939634362297584,-0.00688583043303745,-0.0238000086266577));
#11397=CARTESIAN_POINT('',(0.0939634362297584,-0.00688583043303745,-0.0238000086266577));
#11398=CARTESIAN_POINT('',(0.0917218680474034,-0.00759338621179665,-0.0238000086266577));
#11399=CARTESIAN_POINT('',(0.0973335224265787,-0.00582205553551385,-0.0238000086266577));
#11400=CARTESIAN_POINT('',(0.0973335224265787,-0.00582205553551385,-0.0230000086266577));
#11401=CARTESIAN_POINT('',(0.094109980102396,-0.00727045910179071,-0.0230000086266577));
#11402=CARTESIAN_POINT('',(0.094109980102396,-0.00727045910179071,-0.0238000086266577));
#11403=CARTESIAN_POINT('',(0.094109980102396,-0.00727045910179071,-0.0238000086266577));
#11404=CARTESIAN_POINT('',(0.0973335224265787,-0.00582205553551385,-0.0238000086266577));
#11405=CARTESIAN_POINT('',(0.0946710790730543,-0.0070183458461219,-0.0238000086266577));
#11406=CARTESIAN_POINT('',(0.0946710790730543,-0.0070183458461219,-0.0230000086266577));
#11407=CARTESIAN_POINT('',(0.0943197143491411,-0.00752325769916915,-0.0230000086266577));
#11408=CARTESIAN_POINT('',(0.0943197143491411,-0.00752325769916915,-0.0238000086266577));
#11409=CARTESIAN_POINT('',(0.0943197143491411,-0.00752325769916915,-0.0238000086266577));
#11410=CARTESIAN_POINT('',(0.0946710790730543,-0.0070183458461219,-0.0238000086266577));
#11411=CARTESIAN_POINT('',(0.0945638691915656,-0.00717240667307281,-0.0238000086266577));
#11412=CARTESIAN_POINT('',(0.0945638691915656,-0.00717240667307281,-0.0230000086266577));
#11413=CARTESIAN_POINT('',(0.094648116333006,-0.00759146567697464,-0.0230000086266577));
#11414=CARTESIAN_POINT('',(0.094648116333006,-0.00759146567697464,-0.0238000086266577));
#11415=CARTESIAN_POINT('',(0.094648116333006,-0.00759146567697464,-0.0238000086266577));
#11416=CARTESIAN_POINT('',(0.0945638691915656,-0.00717240667307281,-0.0238000086266577));
#11417=CARTESIAN_POINT('',(0.0944478936279554,-0.00659552532929638,-0.0238000086266577));
#11418=CARTESIAN_POINT('',(0.0944478936279554,-0.00659552532929638,-0.0230000086266577));
#11419=CARTESIAN_POINT('',(0.0949441803912757,-0.00748191449682066,-0.0230000086266577));
#11420=CARTESIAN_POINT('',(0.0949441803912757,-0.00748191449682066,-0.0238000086266577));
#11421=CARTESIAN_POINT('',(0.0949441803912757,-0.00748191449682066,-0.0238000086266577));
#11422=CARTESIAN_POINT('',(0.0944478936279554,-0.00659552532929638,-0.0238000086266577));
#11423=CARTESIAN_POINT('',(0.0945416882677851,-0.00676304652643799,-0.0238000086266577));
#11424=CARTESIAN_POINT('',(0.0945416882677851,-0.00676304652643799,-0.0230000086266577));
#11425=CARTESIAN_POINT('',(0.0953523511137296,-0.00691000508699224,-0.0230000086266577));
#11426=CARTESIAN_POINT('',(0.0953523511137296,-0.00691000508699224,-0.0238000086266577));
#11427=CARTESIAN_POINT('',(0.0953523511137296,-0.00691000508699224,-0.0238000086266577));
#11428=CARTESIAN_POINT('',(0.0945416882677851,-0.00676304652643799,-0.0238000086266577));
#11429=CARTESIAN_POINT('',(0.0935380183298743,-0.00658109925935284,-0.0238000086266577));
#11430=CARTESIAN_POINT('',(0.0935380183298743,-0.00658109925935284,-0.0230000086266577));
#11431=CARTESIAN_POINT('',(0.0953251211878862,-0.00612695625443801,-0.0230000086266577));
#11432=CARTESIAN_POINT('',(0.0953251211878862,-0.00612695625443801,-0.0238000086266577));
#11433=CARTESIAN_POINT('',(0.0953251211878862,-0.00612695625443801,-0.0238000086266577));
#11434=CARTESIAN_POINT('',(0.0935380183298743,-0.00658109925935284,-0.0238000086266577));
#11435=CARTESIAN_POINT('',(0.0931044841913737,-0.00669127002848858,-0.0238000086266577));
#11436=CARTESIAN_POINT('',(0.0931044841913737,-0.00669127002848858,-0.0230000086266577));
#11437=CARTESIAN_POINT('',(0.0949654751575775,-0.00535471051631901,-0.0230000086266577));
#11438=CARTESIAN_POINT('',(0.0949654751575775,-0.00535471051631901,-0.0238000086266577));
#11439=CARTESIAN_POINT('',(0.0949654751575775,-0.00535471051631901,-0.0238000086266577));
#11440=CARTESIAN_POINT('',(0.0931044841913737,-0.00669127002848858,-0.0238000086266577));
#11441=CARTESIAN_POINT('',(0.0937227505542777,-0.00624723252191249,-0.0238000086266577));
#11442=CARTESIAN_POINT('',(0.0937227505542777,-0.00624723252191249,-0.0230000086266577));
#11443=CARTESIAN_POINT('',(0.0943510050936711,-0.00485214965560901,-0.0230000086266577));
#11444=CARTESIAN_POINT('',(0.0943510050936711,-0.00485214965560901,-0.0238000086266577));
#11445=CARTESIAN_POINT('',(0.0943510050936711,-0.00485214965560901,-0.0238000086266577));
#11446=CARTESIAN_POINT('',(0.0937227505542777,-0.00624723252191249,-0.0238000086266577));
#11447=CARTESIAN_POINT('',(0.0934576927429047,-0.0068358118126938,-0.0238000086266577));
#11448=CARTESIAN_POINT('',(0.0934576927429047,-0.0068358118126938,-0.0230000086266577));
#11449=CARTESIAN_POINT('',(0.0937550302165543,-0.00468069860540168,-0.0230000086266577));
#11450=CARTESIAN_POINT('',(0.0937550302165543,-0.00468069860540168,-0.0238000086266577));
#11451=CARTESIAN_POINT('',(0.0937550302165543,-0.00468069860540168,-0.0238000086266577));
#11452=CARTESIAN_POINT('',(0.0934576927429047,-0.0068358118126938,-0.0238000086266577));
#11453=CARTESIAN_POINT('',(0.0934395288779078,-0.00696746419027577,-0.0238000086266577));
#11454=CARTESIAN_POINT('',(0.0934395288779078,-0.00696746419027577,-0.0230000086266577));
#11455=CARTESIAN_POINT('',(0.0931281663856025,-0.00468013139130748,-0.0230000086266577));
#11456=CARTESIAN_POINT('',(0.0931281663856025,-0.00468013139130748,-0.0238000086266577));
#11457=CARTESIAN_POINT('',(0.0931281663856025,-0.00468013139130748,-0.0238000086266577));
#11458=CARTESIAN_POINT('',(0.0934395288779078,-0.00696746419027577,-0.0238000086266577));
#11459=CARTESIAN_POINT('',(0.0935830778012403,-0.00802200405525392,-0.0238000086266577));
#11460=CARTESIAN_POINT('',(0.0935830778012403,-0.00802200405525392,-0.0230000086266577));
#11461=CARTESIAN_POINT('',(0.0924257573982156,-0.00485409200110007,-0.0230000086266577));
#11462=CARTESIAN_POINT('',(0.0924257573982156,-0.00485409200110007,-0.0238000086266577));
#11463=CARTESIAN_POINT('',(0.0924257573982156,-0.00485409200110007,-0.0238000086266577));
#11464=CARTESIAN_POINT('',(0.0935830778012403,-0.00802200405525392,-0.0238000086266577));
#11465=CARTESIAN_POINT('',(0.0955660591034414,-0.0134499826461316,-0.0238000086266577));
#11466=CARTESIAN_POINT('',(0.0955660591034414,-0.0134499826461316,-0.0230000086266577));
#11467=CARTESIAN_POINT('',(0.0915902273913226,-0.00520719228254171,-0.0230000086266577));
#11468=CARTESIAN_POINT('',(0.0915902273913226,-0.00520719228254171,-0.0238000086266577));
#11469=CARTESIAN_POINT('',(0.0915902273913226,-0.00520719228254171,-0.0238000086266577));
#11470=CARTESIAN_POINT('',(0.0955660591034414,-0.0134499826461316,-0.0238000086266577));
#11471=CARTESIAN_POINT('',(0.0950611084766127,-0.012403106806738,-0.0238000086266577));
#11472=CARTESIAN_POINT('',(0.0950611084766127,-0.012403106806738,-0.0230000086266577));
#11473=CARTESIAN_POINT('',(0.0906856432701171,-0.00571853460090733,-0.0230000086266577));
#11474=CARTESIAN_POINT('',(0.0906856432701171,-0.00571853460090733,-0.0238000086266577));
#11475=CARTESIAN_POINT('',(0.0906856432701171,-0.00571853460090733,-0.0238000086266577));
#11476=CARTESIAN_POINT('',(0.0950611084766127,-0.012403106806738,-0.0238000086266577));
#11477=CARTESIAN_POINT('',(0.0922245505482438,-0.0116115945171352,-0.0238000086266577));
#11478=CARTESIAN_POINT('',(0.0922245505482438,-0.0116115945171352,-0.0230000086266577));
#11479=CARTESIAN_POINT('',(0.0908426538376524,-0.00993665175954575,-0.0230000086266577));
#11480=CARTESIAN_POINT('',(0.091192258857686,-0.0097012422916149,-0.0230000086266577));
#11481=CARTESIAN_POINT('',(0.0908426538376524,-0.00993665175954575,-0.0238000086266577));
#11482=CARTESIAN_POINT('',(0.0908426538376524,-0.00993665175954575,-0.0238000086266577));
#11483=CARTESIAN_POINT('',(0.0922245505482438,-0.0116115945171352,-0.0238000086266577));
#11484=CARTESIAN_POINT('',(0.091192258857686,-0.0097012422916149,-0.0238000086266577));
#11485=CARTESIAN_POINT('',(0.091192258857686,-0.0097012422916149,-0.0238000086266577));
#11486=CARTESIAN_POINT('',(0.0914005072531019,-0.010612803986295,-0.0238000086266577));
#11487=CARTESIAN_POINT('',(0.0914005072531019,-0.010612803986295,-0.0230000086266577));
#11488=CARTESIAN_POINT('',(0.0906109590845669,-0.0102320206405068,-0.0230000086266577));
#11489=CARTESIAN_POINT('',(0.0906109590845669,-0.0102320206405068,-0.0238000086266577));
#11490=CARTESIAN_POINT('',(0.0906109590845669,-0.0102320206405068,-0.0238000086266577));
#11491=CARTESIAN_POINT('',(0.0914005072531019,-0.010612803986295,-0.0238000086266577));
#11492=CARTESIAN_POINT('',(0.0910550407739523,-0.0104461923886361,-0.0238000086266577));
#11493=CARTESIAN_POINT('',(0.0910550407739523,-0.0104461923886361,-0.0230000086266577));
#11494=CARTESIAN_POINT('',(0.0907480407984028,-0.0108319761357757,-0.0230000086266577));
#11495=CARTESIAN_POINT('',(0.0907480407984028,-0.0108319761357757,-0.0238000086266577));
#11496=CARTESIAN_POINT('',(0.0907480407984028,-0.0108319761357757,-0.0238000086266577));
#11497=CARTESIAN_POINT('',(0.0910550407739523,-0.0104461923886361,-0.0238000086266577));
#11498=CARTESIAN_POINT('',(0.0912479550656085,-0.0102037715279219,-0.0238000086266577));
#11499=CARTESIAN_POINT('',(0.0912479550656085,-0.0102037715279219,-0.0230000086266577));
#11500=CARTESIAN_POINT('',(0.0913463794192679,-0.0110005575409083,-0.0230000086266577));
#11501=CARTESIAN_POINT('',(0.0913463794192679,-0.0110005575409083,-0.0238000086266577));
#11502=CARTESIAN_POINT('',(0.0913463794192679,-0.0110005575409083,-0.0238000086266577));
#11503=CARTESIAN_POINT('',(0.0912479550656085,-0.0102037715279219,-0.0238000086266577));
#11504=CARTESIAN_POINT('',(0.0907948785505243,-0.00653592900105313,-0.0238000086266577));
#11505=CARTESIAN_POINT('',(0.0907948785505243,-0.00653592900105313,-0.0230000086266577));
#11506=CARTESIAN_POINT('',(0.0923854679744878,-0.0107439079092093,-0.0230000086266577));
#11507=CARTESIAN_POINT('',(0.0923854679744878,-0.0107439079092093,-0.0238000086266577));
#11508=CARTESIAN_POINT('',(0.0923854679744878,-0.0107439079092093,-0.0238000086266577));
#11509=CARTESIAN_POINT('',(0.0907948785505243,-0.00653592900105313,-0.0238000086266577));
#11510=CARTESIAN_POINT('',(0.084578758987257,0.00990910679431016,-0.0238000086266577));
#11511=CARTESIAN_POINT('',(0.084578758987257,0.00990910679431016,-0.0230000086266577));
#11512=CARTESIAN_POINT('',(0.0938390320706978,-0.0101343226521476,-0.0230000086266577));
#11513=CARTESIAN_POINT('',(0.0938390320706978,-0.0101343226521476,-0.0238000086266577));
#11514=CARTESIAN_POINT('',(0.0938390320706978,-0.0101343226521476,-0.0238000086266577));
#11515=CARTESIAN_POINT('',(0.084578758987257,0.00990910679431016,-0.0238000086266577));
#11516=CARTESIAN_POINT('',(-0.0515386337355029,0.304528858597692,-0.0238000086266577));
#11517=CARTESIAN_POINT('',(-0.0515386337355029,0.304528858597692,-0.0230000086266577));
#11518=CARTESIAN_POINT('',(0.0942654787748376,-0.00993694896268616,-0.0230000086266577));
#11519=CARTESIAN_POINT('',(0.0942654787748376,-0.00993694896268616,-0.0238000086266577));
#11520=CARTESIAN_POINT('',(0.0942654787748376,-0.00993694896268616,-0.0238000086266577));
#11521=CARTESIAN_POINT('',(-0.0515386337355029,0.304528858597692,-0.0238000086266577));
#11522=CARTESIAN_POINT('',(0.00954749588767618,0.172780180512051,-0.0238000086266577));
#11523=CARTESIAN_POINT('',(0.00954749588767618,0.172780180512051,-0.0230000086266577));
#11524=CARTESIAN_POINT('',(0.0946377173830963,-0.00976389699752964,-0.0230000086266577));
#11525=CARTESIAN_POINT('',(0.0946377173830963,-0.00976389699752964,-0.0238000086266577));
#11526=CARTESIAN_POINT('',(0.0946377173830963,-0.00976389699752964,-0.0238000086266577));
#11527=CARTESIAN_POINT('',(0.00954749588767618,0.172780180512051,-0.0238000086266577));
#11528=CARTESIAN_POINT('',(-0.0932231781173652,0.393254138054868,-0.0238000086266577));
#11529=CARTESIAN_POINT('',(-0.0932231781173652,0.393254138054868,-0.0230000086266577));
#11530=CARTESIAN_POINT('',(0.0948892996254984,-0.00964653004217847,-0.0230000086266577));
#11531=CARTESIAN_POINT('',(0.0948892996254984,-0.00964653004217847,-0.0238000086266577));
#11532=CARTESIAN_POINT('',(0.0948892996254984,-0.00964653004217847,-0.0238000086266577));
#11533=CARTESIAN_POINT('',(-0.0932231781173652,0.393254138054868,-0.0238000086266577));
#11534=CARTESIAN_POINT('',(0.0861250607374193,-0.0142598639877999,-0.0238000086266577));
#11535=CARTESIAN_POINT('',(0.0861250607374193,-0.0142598639877999,-0.0230000086266577));
#11536=CARTESIAN_POINT('',(0.0949944190562944,-0.00985200550634343,-0.0230000086266577));
#11537=CARTESIAN_POINT('',(0.0949944190562944,-0.00985200550634343,-0.0238000086266577));
#11538=CARTESIAN_POINT('',(0.0949944190562944,-0.00985200550634343,-0.0238000086266577));
#11539=CARTESIAN_POINT('',(0.0861250607374193,-0.0142598639877999,-0.0238000086266577));
#11540=CARTESIAN_POINT('',(0.0859292251309949,-0.0143571895899136,-0.0238000086266577));
#11541=CARTESIAN_POINT('',(0.0859292251309949,-0.0143571895899136,-0.0230000086266577));
#11542=CARTESIAN_POINT('',(0.0952138304497403,-0.0103235152593485,-0.0230000086266577));
#11543=CARTESIAN_POINT('',(0.0952138304497403,-0.0103235152593485,-0.0238000086266577));
#11544=CARTESIAN_POINT('',(0.0952138304497403,-0.0103235152593485,-0.0238000086266577));
#11545=CARTESIAN_POINT('',(0.0859292251309949,-0.0143571895899136,-0.0238000086266577));
#11546=CARTESIAN_POINT('',(0.0546888650780011,-0.0279294884757878,-0.0238000086266577));
#11547=CARTESIAN_POINT('',(0.0546888650780011,-0.0279294884757878,-0.0230000086266577));
#11548=CARTESIAN_POINT('',(0.0955139530154083,-0.0110311067135725,-0.0230000086266577));
#11549=CARTESIAN_POINT('',(0.0955139530154083,-0.0110311067135725,-0.0238000086266577));
#11550=CARTESIAN_POINT('',(0.0955139530154083,-0.0110311067135725,-0.0238000086266577));
#11551=CARTESIAN_POINT('',(0.0546888650780011,-0.0279294884757878,-0.0238000086266577));
#11552=CARTESIAN_POINT('',(0.0989949361881711,-0.00959025292652436,-0.0238000086266577));
#11553=CARTESIAN_POINT('',(0.0989949361881711,-0.00959025292652436,-0.0230000086266577));
#11554=CARTESIAN_POINT('',(0.095699021681446,-0.0114151504713391,-0.0230000086266577));
#11555=CARTESIAN_POINT('',(0.095699021681446,-0.0114151504713391,-0.0238000086266577));
#11556=CARTESIAN_POINT('',(0.095699021681446,-0.0114151504713391,-0.0238000086266577));
#11557=CARTESIAN_POINT('',(0.0989949361881711,-0.00959025292652436,-0.0238000086266577));
#11558=CARTESIAN_POINT('',(0.0962614211702488,-0.0111037584603426,-0.0238000086266577));
#11559=CARTESIAN_POINT('',(0.0962614211702488,-0.0111037584603426,-0.0230000086266577));
#11560=CARTESIAN_POINT('',(0.0959315600172597,-0.0116555281489516,-0.0230000086266577));
#11561=CARTESIAN_POINT('',(0.0959315600172597,-0.0116555281489516,-0.0238000086266577));
#11562=CARTESIAN_POINT('',(0.0959315600172597,-0.0116555281489516,-0.0238000086266577));
#11563=CARTESIAN_POINT('',(0.0962614211702488,-0.0111037584603426,-0.0238000086266577));
#11564=CARTESIAN_POINT('',(0.0961174421727295,-0.0113445969037531,-0.0238000086266577));
#11565=CARTESIAN_POINT('',(0.0961174421727295,-0.0113445969037531,-0.0230000086266577));
#11566=CARTESIAN_POINT('',(0.0962847233880898,-0.0116659182537292,-0.0230000086266577));
#11567=CARTESIAN_POINT('',(0.0962847233880898,-0.0116659182537292,-0.0238000086266577));
#11568=CARTESIAN_POINT('',(0.0962847233880898,-0.0116659182537292,-0.0238000086266577));
#11569=CARTESIAN_POINT('',(0.0961174421727295,-0.0113445969037531,-0.0238000086266577));
#11570=CARTESIAN_POINT('',(0.09597249663404,-0.0110661789351583,-0.0238000086266577));
#11571=CARTESIAN_POINT('',(0.09597249663404,-0.0110661789351583,-0.0230000086266577));
#11572=CARTESIAN_POINT('',(0.0965177116366935,-0.0114660706668377,-0.0230000086266577));
#11573=CARTESIAN_POINT('',(0.0965177116366935,-0.0114660706668377,-0.0238000086266577));
#11574=CARTESIAN_POINT('',(0.0965177116366935,-0.0114660706668377,-0.0238000086266577));
#11575=CARTESIAN_POINT('',(0.09597249663404,-0.0110661789351583,-0.0238000086266577));
#11576=CARTESIAN_POINT('',(0.09599194461879,-0.0110804431946916,-0.0238000086266577));
#11577=CARTESIAN_POINT('',(0.09599194461879,-0.0110804431946916,-0.0230000086266577));
#11578=CARTESIAN_POINT('',(0.0966436834717228,-0.0110998331915614,-0.0230000086266577));
#11579=CARTESIAN_POINT('',(0.0966436834717228,-0.0110998331915614,-0.0238000086266577));
#11580=CARTESIAN_POINT('',(0.0966436834717228,-0.0110998331915614,-0.0238000086266577));
#11581=CARTESIAN_POINT('',(0.09599194461879,-0.0110804431946916,-0.0238000086266577));
#11582=CARTESIAN_POINT('',(0.0944091748883191,-0.0110333539349654,-0.0238000086266577));
#11583=CARTESIAN_POINT('',(0.0944091748883191,-0.0110333539349654,-0.0230000086266577));
#11584=CARTESIAN_POINT('',(0.0966133040483283,-0.0106601746926994,-0.0230000086266577));
#11585=CARTESIAN_POINT('',(0.0966133040483283,-0.0106601746926994,-0.0238000086266577));
#11586=CARTESIAN_POINT('',(0.0966133040483283,-0.0106601746926994,-0.0238000086266577));
#11587=CARTESIAN_POINT('',(0.0944091748883191,-0.0110333539349654,-0.0238000086266577));
#11588=CARTESIAN_POINT('',(0.0918946973201107,-0.0114590780035114,-0.0238000086266577));
#11589=CARTESIAN_POINT('',(0.0918946973201107,-0.0114590780035114,-0.0230000086266577));
#11590=CARTESIAN_POINT('',(0.0964721292412902,-0.0100624345405767,-0.0230000086266577));
#11591=CARTESIAN_POINT('',(0.0964721292412902,-0.0100624345405767,-0.0238000086266577));
#11592=CARTESIAN_POINT('',(0.0964721292412902,-0.0100624345405767,-0.0238000086266577));
#11593=CARTESIAN_POINT('',(0.0918946973201107,-0.0114590780035114,-0.0238000086266577));
#11594=CARTESIAN_POINT('',(0.0755541592822513,-0.0164448224174937,-0.0238000086266577));
#11595=CARTESIAN_POINT('',(0.0755541592822513,-0.0164448224174937,-0.0230000086266577));
#11596=CARTESIAN_POINT('',(0.0961959576765388,-0.00921900057716914,-0.0230000086266577));
#11597=CARTESIAN_POINT('',(0.0961959576765388,-0.00921900057716914,-0.0238000086266577));
#11598=CARTESIAN_POINT('',(0.0961959576765388,-0.00921900057716914,-0.0238000086266577));
#11599=CARTESIAN_POINT('',(0.0755541592822513,-0.0164448224174937,-0.0238000086266577));
#11600=CARTESIAN_POINT('',(0.0858417172704916,-0.0128435828464497,-0.0238000086266577));
#11601=CARTESIAN_POINT('',(0.0858417172704916,-0.0128435828464497,-0.0230000086266577));
#11602=CARTESIAN_POINT('',(0.0959161509103814,-0.00850150064449132,-0.0230000086266577));
#11603=CARTESIAN_POINT('',(0.0959161509103814,-0.00850150064449132,-0.0238000086266577));
#11604=CARTESIAN_POINT('',(0.0959161509103814,-0.00850150064449132,-0.0238000086266577));
#11605=CARTESIAN_POINT('',(0.0858417172704916,-0.0128435828464497,-0.0238000086266577));
#11606=CARTESIAN_POINT('',(0.0951955746327644,-0.00881206911335353,-0.0238000086266577));
#11607=CARTESIAN_POINT('',(0.0951955746327644,-0.00881206911335353,-0.0230000086266577));
#11608=CARTESIAN_POINT('',(0.0956244819500663,-0.0081550139719219,-0.0230000086266577));
#11609=CARTESIAN_POINT('',(0.0956244819500663,-0.0081550139719219,-0.0238000086266577));
#11610=CARTESIAN_POINT('',(0.0956244819500663,-0.0081550139719219,-0.0238000086266577));
#11611=CARTESIAN_POINT('',(0.0951955746327644,-0.00881206911335353,-0.0238000086266577));
#11612=CARTESIAN_POINT('',(0.0953188085813722,-0.00862328357329547,-0.0238000086266577));
#11613=CARTESIAN_POINT('',(0.0953188085813722,-0.00862328357329547,-0.0230000086266577));
#11614=CARTESIAN_POINT('',(0.0951810811606564,-0.00808130222169536,-0.0230000086266577));
#11615=CARTESIAN_POINT('',(0.0951810811606564,-0.00808130222169536,-0.0238000086266577));
#11616=CARTESIAN_POINT('',(0.0951810811606564,-0.00808130222169536,-0.0238000086266577));
#11617=CARTESIAN_POINT('',(0.0953188085813722,-0.00862328357329547,-0.0238000086266577));
#11618=CARTESIAN_POINT('',(0.0960404500734648,-0.0114630683396282,-0.0238000086266577));
#11619=CARTESIAN_POINT('',(0.0960404500734648,-0.0114630683396282,-0.0230000086266577));
#11620=CARTESIAN_POINT('',(0.0946452082992567,-0.00826491928178098,-0.0230000086266577));
#11621=CARTESIAN_POINT('',(0.0946452082992567,-0.00826491928178098,-0.0238000086266577));
#11622=CARTESIAN_POINT('',(0.0946452082992567,-0.00826491928178098,-0.0238000086266577));
#11623=CARTESIAN_POINT('',(0.0960404500734648,-0.0114630683396282,-0.0238000086266577));
#11624=CARTESIAN_POINT('',(0.0876891203835846,0.00767970510164498,-0.0238000086266577));
#11625=CARTESIAN_POINT('',(0.0876891203835846,0.00767970510164498,-0.0230000086266577));
#11626=CARTESIAN_POINT('',(0.0943265808874086,-0.00840016815280912,-0.0230000086266577));
#11627=CARTESIAN_POINT('',(0.0943265808874086,-0.00840016815280912,-0.0238000086266577));
#11628=CARTESIAN_POINT('',(0.0943265808874086,-0.00840016815280912,-0.0238000086266577));
#11629=CARTESIAN_POINT('',(0.0876891203835846,0.00767970510164498,-0.0238000086266577));
#11630=CARTESIAN_POINT('',(0.0613627186427561,0.0714578930086752,-0.0238000086266577));
#11631=CARTESIAN_POINT('',(0.0613627186427561,0.0714578930086752,-0.0230000086266577));
#11632=CARTESIAN_POINT('',(0.0938374879070154,-0.00860030774415931,-0.0230000086266577));
#11633=CARTESIAN_POINT('',(0.0938374879070154,-0.00860030774415931,-0.0238000086266577));
#11634=CARTESIAN_POINT('',(0.0938374879070154,-0.00860030774415931,-0.0238000086266577));
#11635=CARTESIAN_POINT('',(0.0613627186427561,0.0714578930086752,-0.0238000086266577));
#11636=CARTESIAN_POINT('',(0.0575027379755971,0.0809736837026366,-0.0238000086266577));
#11637=CARTESIAN_POINT('',(0.0575027379755971,0.0809736837026366,-0.0230000086266577));
#11638=CARTESIAN_POINT('',(0.0932908876082876,-0.00882009304162915,-0.0230000086266577));
#11639=CARTESIAN_POINT('',(0.0932908876082876,-0.00882009304162915,-0.0238000086266577));
#11640=CARTESIAN_POINT('',(0.0932908876082876,-0.00882009304162915,-0.0238000086266577));
#11641=CARTESIAN_POINT('',(0.0575027379755971,0.0809736837026366,-0.0238000086266577));
#11642=CARTESIAN_POINT('',(0.061610533993839,0.0706670732084201,-0.0238000086266577));
#11643=CARTESIAN_POINT('',(0.061610533993839,0.0706670732084201,-0.0230000086266577));
#11644=CARTESIAN_POINT('',(0.0927581163501575,-0.00903037039523452,-0.0230000086266577));
#11645=CARTESIAN_POINT('',(0.0927581163501575,-0.00903037039523452,-0.0238000086266577));
#11646=CARTESIAN_POINT('',(0.0927581163501575,-0.00903037039523452,-0.0238000086266577));
#11647=CARTESIAN_POINT('',(0.061610533993839,0.0706670732084201,-0.0238000086266577));
#11648=CARTESIAN_POINT('',(0.112661889223094,-0.059958233684728,-0.0238000086266577));
#11649=CARTESIAN_POINT('',(0.112661889223094,-0.059958233684728,-0.0230000086266577));
#11650=CARTESIAN_POINT('',(0.0917504985198268,-0.00943575183093554,-0.0230000086266577));
#11651=CARTESIAN_POINT('',(0.0917504985198268,-0.00943575183093554,-0.0238000086266577));
#11652=CARTESIAN_POINT('',(0.0917504985198268,-0.00943575183093554,-0.0238000086266577));
#11653=CARTESIAN_POINT('',(0.112661889223094,-0.059958233684728,-0.0238000086266577));
#11654=CARTESIAN_POINT('',(0.0935603806064481,-0.0166706521466867,-0.0238000086266577));
#11655=CARTESIAN_POINT('',(0.0935603806064481,-0.0166706521466867,-0.0230000086266577));
#11656=CARTESIAN_POINT('',(0.092579484967496,-0.0151756023889654,-0.0230000086266577));
#11657=CARTESIAN_POINT('',(0.0928122255967699,-0.015046584994728,-0.0230000086266577));
#11658=CARTESIAN_POINT('',(0.092579484967496,-0.0151756023889654,-0.0238000086266577));
#11659=CARTESIAN_POINT('',(0.092579484967496,-0.0151756023889654,-0.0238000086266577));
#11660=CARTESIAN_POINT('',(0.0935603806064481,-0.0166706521466867,-0.0238000086266577));
#11661=CARTESIAN_POINT('',(0.0928122255967699,-0.015046584994728,-0.0238000086266577));
#11662=CARTESIAN_POINT('',(0.0928122255967699,-0.015046584994728,-0.0238000086266577));
#11663=CARTESIAN_POINT('',(0.0929584165425965,-0.0157531577751349,-0.0238000086266577));
#11664=CARTESIAN_POINT('',(0.0929584165425965,-0.0157531577751349,-0.0230000086266577));
#11665=CARTESIAN_POINT('',(0.0924014202066645,-0.0153446061327936,-0.0230000086266577));
#11666=CARTESIAN_POINT('',(0.0924014202066645,-0.0153446061327936,-0.0238000086266577));
#11667=CARTESIAN_POINT('',(0.0924014202066645,-0.0153446061327936,-0.0238000086266577));
#11668=CARTESIAN_POINT('',(0.0929584165425965,-0.0157531577751349,-0.0238000086266577));
#11669=CARTESIAN_POINT('',(0.0929014307978607,-0.0157113592603152,-0.0238000086266577));
#11670=CARTESIAN_POINT('',(0.0929014307978607,-0.0157113592603152,-0.0230000086266577));
#11671=CARTESIAN_POINT('',(0.092281882188771,-0.0157373970949401,-0.0230000086266577));
#11672=CARTESIAN_POINT('',(0.092281882188771,-0.0157373970949401,-0.0238000086266577));
#11673=CARTESIAN_POINT('',(0.092281882188771,-0.0157373970949401,-0.0238000086266577));
#11674=CARTESIAN_POINT('',(0.0929014307978607,-0.0157113592603152,-0.0238000086266577));
#11675=CARTESIAN_POINT('',(0.0927578202137054,-0.015717394797456,-0.0238000086266577));
#11676=CARTESIAN_POINT('',(0.0927578202137054,-0.015717394797456,-0.0230000086266577));
#11677=CARTESIAN_POINT('',(0.092486151634314,-0.0161086917159908,-0.0230000086266577));
#11678=CARTESIAN_POINT('',(0.092486151634314,-0.0161086917159908,-0.0238000086266577));
#11679=CARTESIAN_POINT('',(0.092486151634314,-0.0161086917159908,-0.0238000086266577));
#11680=CARTESIAN_POINT('',(0.0927578202137054,-0.015717394797456,-0.0238000086266577));
#11681=CARTESIAN_POINT('',(0.0929917798996493,-0.0153804117559269,-0.0238000086266577));
#11682=CARTESIAN_POINT('',(0.0929917798996493,-0.0153804117559269,-0.0230000086266577));
#11683=CARTESIAN_POINT('',(0.0929138866488491,-0.0162635789453173,-0.0230000086266577));
#11684=CARTESIAN_POINT('',(0.0929138866488491,-0.0162635789453173,-0.0238000086266577));
#11685=CARTESIAN_POINT('',(0.0929138866488491,-0.0162635789453173,-0.0238000086266577));
#11686=CARTESIAN_POINT('',(0.0929917798996493,-0.0153804117559269,-0.0238000086266577));
#11687=CARTESIAN_POINT('',(0.09313649085432,-0.0137396538494647,-0.0238000086266577));
#11688=CARTESIAN_POINT('',(0.09313649085432,-0.0137396538494647,-0.0230000086266577));
#11689=CARTESIAN_POINT('',(0.0934416115553807,-0.0162549375073357,-0.0230000086266577));
#11690=CARTESIAN_POINT('',(0.0934416115553807,-0.0162549375073357,-0.0238000086266577));
#11691=CARTESIAN_POINT('',(0.0934416115553807,-0.0162549375073357,-0.0238000086266577));
#11692=CARTESIAN_POINT('',(0.09313649085432,-0.0137396538494647,-0.0238000086266577));
#11693=CARTESIAN_POINT('',(0.0930350986248593,-0.0129038199748353,-0.0238000086266577));
#11694=CARTESIAN_POINT('',(0.0930350986248593,-0.0129038199748353,-0.0230000086266577));
#11695=CARTESIAN_POINT('',(0.0940385550749866,-0.0161269111358143,-0.0230000086266577));
#11696=CARTESIAN_POINT('',(0.0940385550749866,-0.0161269111358143,-0.0238000086266577));
#11697=CARTESIAN_POINT('',(0.0940385550749866,-0.0161269111358143,-0.0238000086266577));
#11698=CARTESIAN_POINT('',(0.0930350986248593,-0.0129038199748353,-0.0238000086266577));
#11699=CARTESIAN_POINT('',(0.0893761183941322,-0.0011512154264699,-0.0238000086266577));
#11700=CARTESIAN_POINT('',(0.0893761183941322,-0.0011512154264699,-0.0230000086266577));
#11701=CARTESIAN_POINT('',(0.094867520802132,-0.0158431954623643,-0.0230000086266577));
#11702=CARTESIAN_POINT('',(0.094867520802132,-0.0158431954623643,-0.0238000086266577));
#11703=CARTESIAN_POINT('',(0.094867520802132,-0.0158431954623643,-0.0238000086266577));
#11704=CARTESIAN_POINT('',(0.0893761183941322,-0.0011512154264699,-0.0238000086266577));
#11705=CARTESIAN_POINT('',(0.0893098528427045,-0.000973925166840893,-0.0238000086266577));
#11706=CARTESIAN_POINT('',(0.0893098528427045,-0.000973925166840893,-0.0230000086266577));
#11707=CARTESIAN_POINT('',(0.095677090000591,-0.0155149417485138,-0.0230000086266577));
#11708=CARTESIAN_POINT('',(0.095677090000591,-0.0155149417485138,-0.0238000086266577));
#11709=CARTESIAN_POINT('',(0.095677090000591,-0.0155149417485138,-0.0238000086266577));
#11710=CARTESIAN_POINT('',(0.0893098528427045,-0.000973925166840893,-0.0238000086266577));
#11711=CARTESIAN_POINT('',(0.0945033182155832,-0.0128343701653181,-0.0238000086266577));
#11712=CARTESIAN_POINT('',(0.0945033182155832,-0.0128343701653181,-0.0230000086266577));
#11713=CARTESIAN_POINT('',(0.0961875391524273,-0.0152274025620511,-0.0230000086266577));
#11714=CARTESIAN_POINT('',(0.0961875391524273,-0.0152274025620511,-0.0238000086266577));
#11715=CARTESIAN_POINT('',(0.0961875391524273,-0.0152274025620511,-0.0238000086266577));
#11716=CARTESIAN_POINT('',(0.0945033182155832,-0.0128343701653181,-0.0238000086266577));
#11717=CARTESIAN_POINT('',(0.0944623302819382,-0.0127761322875304,-0.0238000086266577));
#11718=CARTESIAN_POINT('',(0.0944623302819382,-0.0127761322875304,-0.0230000086266577));
#11719=CARTESIAN_POINT('',(0.0968609256052973,-0.0145738564266222,-0.0230000086266577));
#11720=CARTESIAN_POINT('',(0.0968609256052973,-0.0145738564266222,-0.0238000086266577));
#11721=CARTESIAN_POINT('',(0.0968609256052973,-0.0145738564266222,-0.0238000086266577));
#11722=CARTESIAN_POINT('',(0.0944623302819382,-0.0127761322875304,-0.0238000086266577));
#11723=CARTESIAN_POINT('',(0.0957430531193404,-0.0137360217436058,-0.0238000086266577));
#11724=CARTESIAN_POINT('',(0.0957430531193404,-0.0137360217436058,-0.0230000086266577));
#11725=CARTESIAN_POINT('',(0.0971382693205783,-0.0138065738713434,-0.0230000086266577));
#11726=CARTESIAN_POINT('',(0.0971382693205783,-0.0138065738713434,-0.0238000086266577));
#11727=CARTESIAN_POINT('',(0.0971382693205783,-0.0138065738713434,-0.0238000086266577));
#11728=CARTESIAN_POINT('',(0.0957430531193404,-0.0137360217436058,-0.0238000086266577));
#11729=CARTESIAN_POINT('',(0.0958688930479247,-0.0137423851120272,-0.0238000086266577));
#11730=CARTESIAN_POINT('',(0.0958688930479247,-0.0137423851120272,-0.0230000086266577));
#11731=CARTESIAN_POINT('',(0.096928704315083,-0.0130407895045695,-0.0230000086266577));
#11732=CARTESIAN_POINT('',(0.096928704315083,-0.0130407895045695,-0.0238000086266577));
#11733=CARTESIAN_POINT('',(0.096928704315083,-0.0130407895045695,-0.0238000086266577));
#11734=CARTESIAN_POINT('',(0.0958688930479247,-0.0137423851120272,-0.0238000086266577));
#11735=CARTESIAN_POINT('',(0.0949637215349595,-0.0143416091221614,-0.0238000086266577));
#11736=CARTESIAN_POINT('',(0.0949637215349595,-0.0143416091221614,-0.0230000086266577));
#11737=CARTESIAN_POINT('',(0.0963128202088046,-0.0124094544254764,-0.0230000086266577));
#11738=CARTESIAN_POINT('',(0.0963128202088046,-0.0124094544254764,-0.0238000086266577));
#11739=CARTESIAN_POINT('',(0.0963128202088046,-0.0124094544254764,-0.0238000086266577));
#11740=CARTESIAN_POINT('',(0.0949637215349595,-0.0143416091221614,-0.0238000086266577));
#11741=CARTESIAN_POINT('',(0.095378760045732,-0.0137471984808637,-0.0238000086266577));
#11742=CARTESIAN_POINT('',(0.095378760045732,-0.0137471984808637,-0.0230000086266577));
#11743=CARTESIAN_POINT('',(0.0958496142963866,-0.0121850448966702,-0.0230000086266577));
#11744=CARTESIAN_POINT('',(0.0958496142963866,-0.0121850448966702,-0.0238000086266577));
#11745=CARTESIAN_POINT('',(0.0958496142963866,-0.0121850448966702,-0.0238000086266577));
#11746=CARTESIAN_POINT('',(0.095378760045732,-0.0137471984808637,-0.0238000086266577));
#11747=CARTESIAN_POINT('',(0.0952990715082118,-0.0140115812157186,-0.0238000086266577));
#11748=CARTESIAN_POINT('',(0.0952990715082118,-0.0140115812157186,-0.0230000086266577));
#11749=CARTESIAN_POINT('',(0.0953280980964456,-0.0121040986486753,-0.0230000086266577));
#11750=CARTESIAN_POINT('',(0.0953280980964456,-0.0121040986486753,-0.0238000086266577));
#11751=CARTESIAN_POINT('',(0.0953280980964456,-0.0121040986486753,-0.0238000086266577));
#11752=CARTESIAN_POINT('',(0.0952990715082118,-0.0140115812157186,-0.0238000086266577));
#11753=CARTESIAN_POINT('',(0.0952742262167491,-0.0156442898191794,-0.0238000086266577));
#11754=CARTESIAN_POINT('',(0.0952742262167491,-0.0156442898191794,-0.0230000086266577));
#11755=CARTESIAN_POINT('',(0.0946728396246445,-0.0121551366454171,-0.0230000086266577));
#11756=CARTESIAN_POINT('',(0.0946728396246445,-0.0121551366454171,-0.0238000086266577));
#11757=CARTESIAN_POINT('',(0.0946728396246445,-0.0121551366454171,-0.0238000086266577));
#11758=CARTESIAN_POINT('',(0.0952742262167491,-0.0156442898191794,-0.0238000086266577));
#11759=CARTESIAN_POINT('',(0.0974211694219082,-0.0281005264505177,-0.0238000086266577));
#11760=CARTESIAN_POINT('',(0.0974211694219082,-0.0281005264505177,-0.0230000086266577));
#11761=CARTESIAN_POINT('',(0.0937496178393717,-0.0123420848496519,-0.0230000086266577));
#11762=CARTESIAN_POINT('',(0.0937496178393717,-0.0123420848496519,-0.0238000086266577));
#11763=CARTESIAN_POINT('',(0.0937496178393717,-0.0123420848496519,-0.0238000086266577));
#11764=CARTESIAN_POINT('',(0.0974211694219082,-0.0281005264505177,-0.0238000086266577));
#11765=CARTESIAN_POINT('',(0.0996570381463884,-0.0376969616169225,-0.0238000086266577));
#11766=CARTESIAN_POINT('',(0.0996570381463884,-0.0376969616169225,-0.0230000086266577));
#11767=CARTESIAN_POINT('',(0.0926086474124726,-0.0126352861216712,-0.0230000086266577));
#11768=CARTESIAN_POINT('',(0.0926086474124726,-0.0126352861216712,-0.0238000086266577));
#11769=CARTESIAN_POINT('',(0.0926086474124726,-0.0126352861216712,-0.0238000086266577));
#11770=CARTESIAN_POINT('',(0.0996570381463884,-0.0376969616169225,-0.0238000086266577));
#11771=CARTESIAN_POINT('',(0.0934209555606477,-0.0155235770777552,-0.0238000086266577));
#11772=CARTESIAN_POINT('',(0.0934209555606477,-0.0155235770777552,-0.0230000086266577));
#11773=CARTESIAN_POINT('',(0.0919668980432751,-0.0128991179123726,-0.0230000086266577));
#11774=CARTESIAN_POINT('',(0.0919668980432751,-0.0128991179123726,-0.0238000086266577));
#11775=CARTESIAN_POINT('',(0.0919668980432751,-0.0128991179123726,-0.0238000086266577));
#11776=CARTESIAN_POINT('',(0.0934209555606477,-0.0155235770777552,-0.0238000086266577));
#11777=CARTESIAN_POINT('',(0.0923507317887276,-0.013591907557349,-0.0238000086266577));
#11778=CARTESIAN_POINT('',(0.0923507317887276,-0.013591907557349,-0.0230000086266577));
#11779=CARTESIAN_POINT('',(0.0916395800036234,-0.0132432688118292,-0.0230000086266577));
#11780=CARTESIAN_POINT('',(0.0916395800036234,-0.0132432688118292,-0.0238000086266577));
#11781=CARTESIAN_POINT('',(0.0916395800036234,-0.0132432688118292,-0.0238000086266577));
#11782=CARTESIAN_POINT('',(0.0923507317887276,-0.013591907557349,-0.0238000086266577));
#11783=CARTESIAN_POINT('',(0.0921051260319875,-0.0134715005152577,-0.0238000086266577));
#11784=CARTESIAN_POINT('',(0.0921051260319875,-0.0134715005152577,-0.0230000086266577));
#11785=CARTESIAN_POINT('',(0.0916527178521829,-0.0137247783347015,-0.0230000086266577));
#11786=CARTESIAN_POINT('',(0.0916527178521829,-0.0137247783347015,-0.0238000086266577));
#11787=CARTESIAN_POINT('',(0.0916527178521829,-0.0137247783347015,-0.0238000086266577));
#11788=CARTESIAN_POINT('',(0.0921051260319875,-0.0134715005152577,-0.0238000086266577));
#11789=CARTESIAN_POINT('',(0.092104115306518,-0.0134720663634329,-0.0238000086266577));
#11790=CARTESIAN_POINT('',(0.092104115306518,-0.0134720663634329,-0.0230000086266577));
#11791=CARTESIAN_POINT('',(0.0919426318988606,-0.0139635397719255,-0.0230000086266577));
#11792=CARTESIAN_POINT('',(0.0919426318988606,-0.0139635397719255,-0.0238000086266577));
#11793=CARTESIAN_POINT('',(0.0919426318988606,-0.0139635397719255,-0.0238000086266577));
#11794=CARTESIAN_POINT('',(0.092104115306518,-0.0134720663634329,-0.0238000086266577));
#11795=CARTESIAN_POINT('',(0.0922640574848156,-0.0129852836736823,-0.0238000086266577));
#11796=CARTESIAN_POINT('',(0.0922640574848156,-0.0129852836736823,-0.0230000086266577));
#11797=CARTESIAN_POINT('',(0.092310738032299,-0.0140139334330965,-0.0230000086266577));
#11798=CARTESIAN_POINT('',(0.092310738032299,-0.0140139334330965,-0.0238000086266577));
#11799=CARTESIAN_POINT('',(0.092310738032299,-0.0140139334330965,-0.0238000086266577));
#11800=CARTESIAN_POINT('',(0.0922640574848156,-0.0129852836736823,-0.0238000086266577));
#11801=CARTESIAN_POINT('',(0.0921795768887119,-0.0111236742979986,-0.0238000086266577));
#11802=CARTESIAN_POINT('',(0.0921795768887119,-0.0111236742979986,-0.0230000086266577));
#11803=CARTESIAN_POINT('',(0.092824737652708,-0.0139440587934536,-0.0230000086266577));
#11804=CARTESIAN_POINT('',(0.092824737652708,-0.0139440587934536,-0.0238000086266577));
#11805=CARTESIAN_POINT('',(0.092824737652708,-0.0139440587934536,-0.0238000086266577));
#11806=CARTESIAN_POINT('',(0.0921795768887119,-0.0111236742979986,-0.0238000086266577));
#11807=CARTESIAN_POINT('',(0.0879957624693713,0.00716628686932603,-0.0238000086266577));
#11808=CARTESIAN_POINT('',(0.0879957624693713,0.00716628686932603,-0.0230000086266577));
#11809=CARTESIAN_POINT('',(0.0936425374128845,-0.0137401625676451,-0.0230000086266577));
#11810=CARTESIAN_POINT('',(0.0936425374128845,-0.0137401625676451,-0.0238000086266577));
#11811=CARTESIAN_POINT('',(0.0936425374128845,-0.0137401625676451,-0.0238000086266577));
#11812=CARTESIAN_POINT('',(0.0879957624693713,0.00716628686932603,-0.0238000086266577));
#11813=CARTESIAN_POINT('',(0.0998388165929694,-0.0366810799358178,-0.0238000086266577));
#11814=CARTESIAN_POINT('',(0.0998388165929694,-0.0366810799358178,-0.0230000086266577));
#11815=CARTESIAN_POINT('',(0.0941414109990445,-0.0136112048848042,-0.0230000086266577));
#11816=CARTESIAN_POINT('',(0.0941414109990445,-0.0136112048848042,-0.0238000086266577));
#11817=CARTESIAN_POINT('',(0.0941414109990445,-0.0136112048848042,-0.0238000086266577));
#11818=CARTESIAN_POINT('',(0.0998388165929694,-0.0366810799358178,-0.0238000086266577));
#11819=CARTESIAN_POINT('',(0.0994555342324634,-0.0351290970165127,-0.0238000086266577));
#11820=CARTESIAN_POINT('',(0.0994555342324634,-0.0351290970165127,-0.0230000086266577));
#11821=CARTESIAN_POINT('',(0.0946342648405551,-0.0134954438579948,-0.0230000086266577));
#11822=CARTESIAN_POINT('',(0.0946342648405551,-0.0134954438579948,-0.0238000086266577));
#11823=CARTESIAN_POINT('',(0.0946342648405551,-0.0134954438579948,-0.0238000086266577));
#11824=CARTESIAN_POINT('',(0.0994555342324634,-0.0351290970165127,-0.0238000086266577));
#11825=CARTESIAN_POINT('',(0.0989601201127009,-0.0329061104199207,-0.0238000086266577));
#11826=CARTESIAN_POINT('',(0.0989601201127009,-0.0329061104199207,-0.0230000086266577));
#11827=CARTESIAN_POINT('',(0.095060950359059,-0.0134052520940337,-0.0230000086266577));
#11828=CARTESIAN_POINT('',(0.095060950359059,-0.0134052520940337,-0.0238000086266577));
#11829=CARTESIAN_POINT('',(0.095060950359059,-0.0134052520940337,-0.0238000086266577));
#11830=CARTESIAN_POINT('',(0.0989601201127009,-0.0329061104199207,-0.0238000086266577));
#11831=CARTESIAN_POINT('',(0.095510715425723,-0.0156546552744813,-0.0238000086266577));
#11832=CARTESIAN_POINT('',(0.095510715425723,-0.0156546552744813,-0.0230000086266577));
#11833=CARTESIAN_POINT('',(0.0952921928427361,-0.0133711598914933,-0.0230000086266577));
#11834=CARTESIAN_POINT('',(0.0952921928427361,-0.0133711598914933,-0.0238000086266577));
#11835=CARTESIAN_POINT('',(0.0952921928427361,-0.0133711598914933,-0.0238000086266577));
#11836=CARTESIAN_POINT('',(0.095510715425723,-0.0156546552744813,-0.0238000086266577));
#11837=CARTESIAN_POINT('',(0.095573826759837,-0.0163141497674243,-0.0238000086266577));
#11838=CARTESIAN_POINT('',(0.095573826759837,-0.0163141497674243,-0.0230000086266577));
#11839=CARTESIAN_POINT('',(0.095530180895868,-0.0133580370984555,-0.0230000086266577));
#11840=CARTESIAN_POINT('',(0.095530180895868,-0.0133580370984555,-0.0238000086266577));
#11841=CARTESIAN_POINT('',(0.095530180895868,-0.0133580370984555,-0.0238000086266577));
#11842=CARTESIAN_POINT('',(0.095573826759837,-0.0163141497674243,-0.0238000086266577));
#11843=CARTESIAN_POINT('',(0.0955333506459433,-0.0135727226952828,-0.0238000086266577));
#11844=CARTESIAN_POINT('',(0.0955333506459433,-0.0135727226952828,-0.0230000086266577));
#11845=CARTESIAN_POINT('',(0.0956060159179142,-0.0133706838102874,-0.0230000086266577));
#11846=CARTESIAN_POINT('',(0.0956060159179142,-0.0133706838102874,-0.0238000086266577));
#11847=CARTESIAN_POINT('',(0.0956060159179142,-0.0133706838102874,-0.0238000086266577));
#11848=CARTESIAN_POINT('',(0.0955333506459433,-0.0135727226952828,-0.0238000086266577));
#11849=CARTESIAN_POINT('',(0.0955874303038634,-0.0134223593443896,-0.0238000086266577));
#11850=CARTESIAN_POINT('',(0.0955874303038634,-0.0134223593443896,-0.0230000086266577));
#11851=CARTESIAN_POINT('',(0.0956283760842004,-0.0133857638672515,-0.0230000086266577));
#11852=CARTESIAN_POINT('',(0.0956283760842004,-0.0133857638672515,-0.0238000086266577));
#11853=CARTESIAN_POINT('',(0.0956283760842004,-0.0133857638672515,-0.0238000086266577));
#11854=CARTESIAN_POINT('',(0.0955874303038634,-0.0134223593443896,-0.0238000086266577));
#11855=CARTESIAN_POINT('',(0.0952079363078432,-0.0137615338268662,-0.0238000086266577));
#11856=CARTESIAN_POINT('',(0.0952079363078432,-0.0137615338268662,-0.0230000086266577));
#11857=CARTESIAN_POINT('',(0.0956999496002279,-0.013486042287597,-0.0230000086266577));
#11858=CARTESIAN_POINT('',(0.0956999496002279,-0.013486042287597,-0.0238000086266577));
#11859=CARTESIAN_POINT('',(0.0956999496002279,-0.013486042287597,-0.0238000086266577));
#11860=CARTESIAN_POINT('',(0.0952079363078432,-0.0137615338268662,-0.0238000086266577));
#11861=CARTESIAN_POINT('',(0.0952237215648597,-0.0137526952348594,-0.0238000086266577));
#11862=CARTESIAN_POINT('',(0.0952237215648597,-0.0137526952348594,-0.0230000086266577));
#11863=CARTESIAN_POINT('',(0.0957402342883851,-0.0135763105915519,-0.0230000086266577));
#11864=CARTESIAN_POINT('',(0.0957402342883851,-0.0135763105915519,-0.0238000086266577));
#11865=CARTESIAN_POINT('',(0.0957402342883851,-0.0135763105915519,-0.0238000086266577));
#11866=CARTESIAN_POINT('',(0.0952237215648597,-0.0137526952348594,-0.0238000086266577));
#11867=CARTESIAN_POINT('',(0.0955012230050656,-0.0136579308847889,-0.0238000086266577));
#11868=CARTESIAN_POINT('',(0.0955012230050656,-0.0136579308847889,-0.0230000086266577));
#11869=CARTESIAN_POINT('',(0.0957532457945272,-0.0136414148497155,-0.0230000086266577));
#11870=CARTESIAN_POINT('',(0.0957532457945272,-0.0136414148497155,-0.0238000086266577));
#11871=CARTESIAN_POINT('',(0.0957532457945272,-0.0136414148497155,-0.0238000086266577));
#11872=CARTESIAN_POINT('',(0.0955012230050656,-0.0136579308847889,-0.0238000086266577));
#11873=CARTESIAN_POINT('',(0.0955931271203874,-0.0136519080501267,-0.0238000086266577));
#11874=CARTESIAN_POINT('',(0.0955931271203874,-0.0136519080501267,-0.0230000086266577));
#11875=CARTESIAN_POINT('',(0.095749228693576,-0.0136890617297819,-0.0230000086266577));
#11876=CARTESIAN_POINT('',(0.095749228693576,-0.0136890617297819,-0.0238000086266577));
#11877=CARTESIAN_POINT('',(0.095749228693576,-0.0136890617297819,-0.0238000086266577));
#11878=CARTESIAN_POINT('',(0.0955931271203874,-0.0136519080501267,-0.0238000086266577));
#11879=CARTESIAN_POINT('',(0.0956426931544212,-0.0136637052441757,-0.0238000086266577));
#11880=CARTESIAN_POINT('',(0.0956426931544212,-0.0136637052441757,-0.0230000086266577));
#11881=CARTESIAN_POINT('',(0.0957349508162923,-0.0137227077550666,-0.0230000086266577));
#11882=CARTESIAN_POINT('',(0.0957349508162923,-0.0137227077550666,-0.0238000086266577));
#11883=CARTESIAN_POINT('',(0.0957349508162923,-0.0137227077550666,-0.0238000086266577));
#11884=CARTESIAN_POINT('',(0.0956426931544212,-0.0136637052441757,-0.0238000086266577));
#11885=CARTESIAN_POINT('',(0.0952539367914332,-0.0134150798067226,-0.0238000086266577));
#11886=CARTESIAN_POINT('',(0.0952539367914332,-0.0134150798067226,-0.0230000086266577));
#11887=CARTESIAN_POINT('',(0.0955579741101614,-0.0138983713911041,-0.0230000086266577));
#11888=CARTESIAN_POINT('',(0.0955579741101614,-0.0138983713911041,-0.0238000086266577));
#11889=CARTESIAN_POINT('',(0.0955579741101614,-0.0138983713911041,-0.0238000086266577));
#11890=CARTESIAN_POINT('',(0.0952539367914332,-0.0134150798067226,-0.0238000086266577));
#11891=CARTESIAN_POINT('',(0.0923733681108518,-0.00883618598085469,-0.0238000086266577));
#11892=CARTESIAN_POINT('',(0.0923733681108518,-0.00883618598085469,-0.0230000086266577));
#11893=CARTESIAN_POINT('',(0.0950632992730162,-0.0141776938991672,-0.0230000086266577));
#11894=CARTESIAN_POINT('',(0.0950632992730162,-0.0141776938991672,-0.0238000086266577));
#11895=CARTESIAN_POINT('',(0.0950632992730162,-0.0141776938991672,-0.0238000086266577));
#11896=CARTESIAN_POINT('',(0.0923733681108518,-0.00883618598085469,-0.0238000086266577));
#11897=CARTESIAN_POINT('',(0.0915476210713998,-0.00719646582303247,-0.0238000086266577));
#11898=CARTESIAN_POINT('',(0.0915476210713998,-0.00719646582303247,-0.0230000086266577));
#11899=CARTESIAN_POINT('',(0.0944181055021566,-0.0144668067917048,-0.0230000086266577));
#11900=CARTESIAN_POINT('',(0.0944181055021566,-0.0144668067917048,-0.0238000086266577));
#11901=CARTESIAN_POINT('',(0.0944181055021566,-0.0144668067917048,-0.0238000086266577));
#11902=CARTESIAN_POINT('',(0.0915476210713998,-0.00719646582303247,-0.0238000086266577));
#11903=CARTESIAN_POINT('',(0.0898404148402687,-0.00287246696375471,-0.0238000086266577));
#11904=CARTESIAN_POINT('',(0.0898404148402687,-0.00287246696375471,-0.0230000086266577));
#11905=CARTESIAN_POINT('',(0.0936644525285039,-0.0147367285758614,-0.0230000086266577));
#11906=CARTESIAN_POINT('',(0.0936644525285039,-0.0147367285758614,-0.0238000086266577));
#11907=CARTESIAN_POINT('',(0.0936644525285039,-0.0147367285758614,-0.0238000086266577));
#11908=CARTESIAN_POINT('',(0.0898404148402687,-0.00287246696375471,-0.0238000086266577));
#11909=CARTESIAN_POINT('',(0.100100930162531,-0.0347062112892527,-0.0238000086266577));
#11910=CARTESIAN_POINT('',(0.100100930162531,-0.0347062112892527,-0.0230000086266577));
#11911=CARTESIAN_POINT('',(0.0931480351055786,-0.0149106124223077,-0.0230000086266577));
#11912=CARTESIAN_POINT('',(0.0931480351055786,-0.0149106124223077,-0.0238000086266577));
#11913=CARTESIAN_POINT('',(0.0931480351055786,-0.0149106124223077,-0.0238000086266577));
#11914=CARTESIAN_POINT('',(0.100100930162531,-0.0347062112892527,-0.0238000086266577));
#11915=CARTESIAN_POINT('',(0.0934498313085852,-0.0176448786894239,-0.0238000086266577));
#11916=CARTESIAN_POINT('',(0.0934498313085852,-0.0176448786894239,-0.0230000086266577));
#11917=CARTESIAN_POINT('',(0.0925833610283774,-0.017647897881338,-0.0230000086266577));
#11918=CARTESIAN_POINT('',(0.0926783735250678,-0.0172503755205468,-0.0230000086266577));
#11919=CARTESIAN_POINT('',(0.0925833610283774,-0.017647897881338,-0.0238000086266577));
#11920=CARTESIAN_POINT('',(0.0925833610283774,-0.017647897881338,-0.0238000086266577));
#11921=CARTESIAN_POINT('',(0.0934498313085852,-0.0176448786894239,-0.0238000086266577));
#11922=CARTESIAN_POINT('',(0.0926783735250678,-0.0172503755205468,-0.0238000086266577));
#11923=CARTESIAN_POINT('',(0.0926783735250678,-0.0172503755205468,-0.0238000086266577));
#11924=CARTESIAN_POINT('',(0.104267323035678,-0.0176071854363501,-0.0238000086266577));
#11925=CARTESIAN_POINT('',(0.104267323035678,-0.0176071854363501,-0.0230000086266577));
#11926=CARTESIAN_POINT('',(0.0926066992795922,-0.0183464278257108,-0.0230000086266577));
#11927=CARTESIAN_POINT('',(0.0926066992795922,-0.0183464278257108,-0.0238000086266577));
#11928=CARTESIAN_POINT('',(0.0926066992795922,-0.0183464278257108,-0.0238000086266577));
#11929=CARTESIAN_POINT('',(0.104267323035678,-0.0176071854363501,-0.0238000086266577));
#11930=CARTESIAN_POINT('',(0.0981443826578313,-0.017995358245071,-0.0238000086266577));
#11931=CARTESIAN_POINT('',(0.0981443826578313,-0.017995358245071,-0.0230000086266577));
#11932=CARTESIAN_POINT('',(0.0926903167778872,-0.0190163148676912,-0.0230000086266577));
#11933=CARTESIAN_POINT('',(0.0926903167778872,-0.0190163148676912,-0.0238000086266577));
#11934=CARTESIAN_POINT('',(0.0926903167778872,-0.0190163148676912,-0.0238000086266577));
#11935=CARTESIAN_POINT('',(0.0981443826578313,-0.017995358245071,-0.0238000086266577));
#11936=CARTESIAN_POINT('',(0.0945675197080503,-0.0186649177988366,-0.0238000086266577));
#11937=CARTESIAN_POINT('',(0.0945675197080503,-0.0186649177988366,-0.0230000086266577));
#11938=CARTESIAN_POINT('',(0.0928646836993577,-0.019529625997327,-0.0230000086266577));
#11939=CARTESIAN_POINT('',(0.0928646836993577,-0.019529625997327,-0.0238000086266577));
#11940=CARTESIAN_POINT('',(0.0928646836993577,-0.019529625997327,-0.0238000086266577));
#11941=CARTESIAN_POINT('',(0.0945675197080503,-0.0186649177988366,-0.0238000086266577));
#11942=CARTESIAN_POINT('',(0.0938570588716805,-0.0190256931798947,-0.0238000086266577));
#11943=CARTESIAN_POINT('',(0.0938570588716805,-0.0190256931798947,-0.0230000086266577));
#11944=CARTESIAN_POINT('',(0.0931488640276104,-0.0198843064979628,-0.0230000086266577));
#11945=CARTESIAN_POINT('',(0.0931488640276104,-0.0198843064979628,-0.0238000086266577));
#11946=CARTESIAN_POINT('',(0.0931488640276104,-0.0198843064979628,-0.0238000086266577));
#11947=CARTESIAN_POINT('',(0.0938570588716805,-0.0190256931798947,-0.0238000086266577));
#11948=CARTESIAN_POINT('',(0.0936864361825646,-0.019232555619612,-0.0238000086266577));
#11949=CARTESIAN_POINT('',(0.0936864361825646,-0.019232555619612,-0.0230000086266577));
#11950=CARTESIAN_POINT('',(0.0935550874593196,-0.0200671276908646,-0.0230000086266577));
#11951=CARTESIAN_POINT('',(0.0935550874593196,-0.0200671276908646,-0.0238000086266577));
#11952=CARTESIAN_POINT('',(0.0935550874593196,-0.0200671276908646,-0.0238000086266577));
#11953=CARTESIAN_POINT('',(0.0936864361825646,-0.019232555619612,-0.0238000086266577));
#11954=CARTESIAN_POINT('',(0.0937062220861282,-0.0191068386570809,-0.0238000086266577));
#11955=CARTESIAN_POINT('',(0.0937062220861282,-0.0191068386570809,-0.0230000086266577));
#11956=CARTESIAN_POINT('',(0.0939380507003213,-0.0200509002003434,-0.0230000086266577));
#11957=CARTESIAN_POINT('',(0.0939380507003213,-0.0200509002003434,-0.0238000086266577));
#11958=CARTESIAN_POINT('',(0.0939380507003213,-0.0200509002003434,-0.0238000086266577));
#11959=CARTESIAN_POINT('',(0.0937062220861282,-0.0191068386570809,-0.0238000086266577));
#11960=CARTESIAN_POINT('',(0.0934341625331667,-0.0179989471126224,-0.0238000086266577));
#11961=CARTESIAN_POINT('',(0.0934341625331667,-0.0179989471126224,-0.0230000086266577));
#11962=CARTESIAN_POINT('',(0.0943386635435573,-0.0199084739339589,-0.0230000086266577));
#11963=CARTESIAN_POINT('',(0.0943386635435573,-0.0199084739339589,-0.0238000086266577));
#11964=CARTESIAN_POINT('',(0.0943386635435573,-0.0199084739339589,-0.0238000086266577));
#11965=CARTESIAN_POINT('',(0.0934341625331667,-0.0179989471126224,-0.0238000086266577));
#11966=CARTESIAN_POINT('',(0.0934196458684103,-0.0179683004241279,-0.0238000086266577));
#11967=CARTESIAN_POINT('',(0.0934196458684103,-0.0179683004241279,-0.0230000086266577));
#11968=CARTESIAN_POINT('',(0.0947066237768555,-0.0196866003393519,-0.0230000086266577));
#11969=CARTESIAN_POINT('',(0.0947066237768555,-0.0196866003393519,-0.0238000086266577));
#11970=CARTESIAN_POINT('',(0.0947066237768555,-0.0196866003393519,-0.0238000086266577));
#11971=CARTESIAN_POINT('',(0.0934196458684103,-0.0179683004241279,-0.0238000086266577));
#11972=CARTESIAN_POINT('',(0.0940512185649196,-0.0188115404702456,-0.0238000086266577));
#11973=CARTESIAN_POINT('',(0.0940512185649196,-0.0188115404702456,-0.0230000086266577));
#11974=CARTESIAN_POINT('',(0.0949756988308608,-0.0193953745973635,-0.0230000086266577));
#11975=CARTESIAN_POINT('',(0.0949756988308608,-0.0193953745973635,-0.0238000086266577));
#11976=CARTESIAN_POINT('',(0.0949756988308608,-0.0193953745973635,-0.0238000086266577));
#11977=CARTESIAN_POINT('',(0.0940512185649196,-0.0188115404702456,-0.0238000086266577));
#11978=CARTESIAN_POINT('',(0.0954465960804832,-0.0187405695645961,-0.0238000086266577));
#11979=CARTESIAN_POINT('',(0.0954465960804832,-0.0187405695645961,-0.0230000086266577));
#11980=CARTESIAN_POINT('',(0.0951871374515789,-0.0195032962987103,-0.0230000086266577));
#11981=CARTESIAN_POINT('',(0.0951871374515789,-0.0195032962987103,-0.0238000086266577));
#11982=CARTESIAN_POINT('',(0.0951871374515789,-0.0195032962987103,-0.0238000086266577));
#11983=CARTESIAN_POINT('',(0.0954465960804832,-0.0187405695645961,-0.0238000086266577));
#11984=CARTESIAN_POINT('',(0.0959383624699048,-0.0172949311068017,-0.0238000086266577));
#11985=CARTESIAN_POINT('',(0.0959383624699048,-0.0172949311068017,-0.0230000086266577));
#11986=CARTESIAN_POINT('',(0.0955507192563583,-0.0195951373123384,-0.0230000086266577));
#11987=CARTESIAN_POINT('',(0.0955507192563583,-0.0195951373123384,-0.0238000086266577));
#11988=CARTESIAN_POINT('',(0.0955507192563583,-0.0195951373123384,-0.0238000086266577));
#11989=CARTESIAN_POINT('',(0.0959383624699048,-0.0172949311068017,-0.0238000086266577));
#11990=CARTESIAN_POINT('',(0.095969440774609,-0.0171105179484124,-0.0238000086266577));
#11991=CARTESIAN_POINT('',(0.095969440774609,-0.0171105179484124,-0.0230000086266577));
#11992=CARTESIAN_POINT('',(0.0959473144886756,-0.0196300757510648,-0.0230000086266577));
#11993=CARTESIAN_POINT('',(0.0959473144886756,-0.0196300757510648,-0.0238000086266577));
#11994=CARTESIAN_POINT('',(0.0959473144886756,-0.0196300757510648,-0.0238000086266577));
#11995=CARTESIAN_POINT('',(0.095969440774609,-0.0171105179484124,-0.0238000086266577));
#11996=CARTESIAN_POINT('',(0.0959615658119581,-0.0180072533360047,-0.0238000086266577));
#11997=CARTESIAN_POINT('',(0.0959615658119581,-0.0180072533360047,-0.0230000086266577));
#11998=CARTESIAN_POINT('',(0.0963146362586838,-0.0195912662623061,-0.0230000086266577));
#11999=CARTESIAN_POINT('',(0.0963146362586838,-0.0195912662623061,-0.0238000086266577));
#12000=CARTESIAN_POINT('',(0.0963146362586838,-0.0195912662623061,-0.0238000086266577));
#12001=CARTESIAN_POINT('',(0.0959615658119581,-0.0180072533360047,-0.0238000086266577));
#12002=CARTESIAN_POINT('',(0.0958968011487025,-0.0177166935774194,-0.0238000086266577));
#12003=CARTESIAN_POINT('',(0.0958968011487025,-0.0177166935774194,-0.0230000086266577));
#12004=CARTESIAN_POINT('',(0.0967191926196007,-0.0194522860407115,-0.0230000086266577));
#12005=CARTESIAN_POINT('',(0.0967191926196007,-0.0194522860407115,-0.0238000086266577));
#12006=CARTESIAN_POINT('',(0.0967191926196007,-0.0194522860407115,-0.0238000086266577));
#12007=CARTESIAN_POINT('',(0.0958968011487025,-0.0177166935774194,-0.0238000086266577));
#12008=CARTESIAN_POINT('',(0.0962480687166037,-0.0184580161288102,-0.0238000086266577));
#12009=CARTESIAN_POINT('',(0.0962480687166037,-0.0184580161288102,-0.0230000086266577));
#12010=CARTESIAN_POINT('',(0.0970410691361785,-0.0192206960906826,-0.0230000086266577));
#12011=CARTESIAN_POINT('',(0.0970410691361785,-0.0192206960906826,-0.0238000086266577));
#12012=CARTESIAN_POINT('',(0.0970410691361785,-0.0192206960906826,-0.0238000086266577));
#12013=CARTESIAN_POINT('',(0.0962480687166037,-0.0184580161288102,-0.0238000086266577));
#12014=CARTESIAN_POINT('',(0.0961759397130696,-0.0183886449856087,-0.0238000086266577));
#12015=CARTESIAN_POINT('',(0.0961759397130696,-0.0183886449856087,-0.0230000086266577));
#12016=CARTESIAN_POINT('',(0.0972689966446535,-0.0188846132350922,-0.0230000086266577));
#12017=CARTESIAN_POINT('',(0.0972689966446535,-0.0188846132350922,-0.0238000086266577));
#12018=CARTESIAN_POINT('',(0.0972689966446535,-0.0188846132350922,-0.0238000086266577));
#12019=CARTESIAN_POINT('',(0.0961759397130696,-0.0183886449856087,-0.0238000086266577));
#12020=CARTESIAN_POINT('',(0.0948871611115549,-0.0178038691624149,-0.0238000086266577));
#12021=CARTESIAN_POINT('',(0.0948871611115549,-0.0178038691624149,-0.0230000086266577));
#12022=CARTESIAN_POINT('',(0.097421394432069,-0.0184510242709797,-0.0230000086266577));
#12023=CARTESIAN_POINT('',(0.097421394432069,-0.0184510242709797,-0.0238000086266577));
#12024=CARTESIAN_POINT('',(0.097421394432069,-0.0184510242709797,-0.0238000086266577));
#12025=CARTESIAN_POINT('',(0.0948871611115549,-0.0178038691624149,-0.0238000086266577));
#12026=CARTESIAN_POINT('',(0.0949617996667891,-0.0178229292552346,-0.0238000086266577));
#12027=CARTESIAN_POINT('',(0.0949617996667891,-0.0178229292552346,-0.0230000086266577));
#12028=CARTESIAN_POINT('',(0.0974990878476883,-0.0177436926142723,-0.0230000086266577));
#12029=CARTESIAN_POINT('',(0.0974990878476883,-0.0177436926142723,-0.0238000086266577));
#12030=CARTESIAN_POINT('',(0.0974990878476883,-0.0177436926142723,-0.0238000086266577));
#12031=CARTESIAN_POINT('',(0.0949617996667891,-0.0178229292552346,-0.0238000086266577));
#12032=CARTESIAN_POINT('',(0.0930478220691602,-0.0178827006114619,-0.0238000086266577));
#12033=CARTESIAN_POINT('',(0.0930478220691602,-0.0178827006114619,-0.0230000086266577));
#12034=CARTESIAN_POINT('',(0.0974025580379656,-0.0169503032196155,-0.0230000086266577));
#12035=CARTESIAN_POINT('',(0.0974025580379656,-0.0169503032196155,-0.0238000086266577));
#12036=CARTESIAN_POINT('',(0.0974025580379656,-0.0169503032196155,-0.0238000086266577));
#12037=CARTESIAN_POINT('',(0.0930478220691602,-0.0178827006114619,-0.0238000086266577));
#12038=CARTESIAN_POINT('',(0.0937112117889133,-0.0177406614961386,-0.0238000086266577));
#12039=CARTESIAN_POINT('',(0.0937112117889133,-0.0177406614961386,-0.0230000086266577));
#12040=CARTESIAN_POINT('',(0.097197554957138,-0.0162928650155762,-0.0230000086266577));
#12041=CARTESIAN_POINT('',(0.097197554957138,-0.0162928650155762,-0.0238000086266577));
#12042=CARTESIAN_POINT('',(0.097197554957138,-0.0162928650155762,-0.0238000086266577));
#12043=CARTESIAN_POINT('',(0.0937112117889133,-0.0177406614961386,-0.0238000086266577));
#12044=CARTESIAN_POINT('',(0.0968109760008156,-0.0164534021817175,-0.0238000086266577));
#12045=CARTESIAN_POINT('',(0.0968109760008156,-0.0164534021817175,-0.0230000086266577));
#12046=CARTESIAN_POINT('',(0.096722436772938,-0.0160442857235887,-0.0230000086266577));
#12047=CARTESIAN_POINT('',(0.096722436772938,-0.0160442857235887,-0.0238000086266577));
#12048=CARTESIAN_POINT('',(0.096722436772938,-0.0160442857235887,-0.0238000086266577));
#12049=CARTESIAN_POINT('',(0.0968109760008156,-0.0164534021817175,-0.0238000086266577));
#12050=CARTESIAN_POINT('',(0.101457879619691,-0.0379255201953069,-0.0238000086266577));
#12051=CARTESIAN_POINT('',(0.101457879619691,-0.0379255201953069,-0.0230000086266577));
#12052=CARTESIAN_POINT('',(0.096336832073601,-0.0161313073627255,-0.0230000086266577));
#12053=CARTESIAN_POINT('',(0.096336832073601,-0.0161313073627255,-0.0238000086266577));
#12054=CARTESIAN_POINT('',(0.096336832073601,-0.0161313073627255,-0.0238000086266577));
#12055=CARTESIAN_POINT('',(0.101457879619691,-0.0379255201953069,-0.0238000086266577));
#12056=CARTESIAN_POINT('',(0.379846355337152,-1.22269438541629,-0.0238000086266575));
#12057=CARTESIAN_POINT('',(0.379846355337152,-1.22269438541629,-0.0230000086266576));
#12058=CARTESIAN_POINT('',(0.0951546447613284,-0.0164097005128558,-0.0230000086266577));
#12059=CARTESIAN_POINT('',(0.0951546447613284,-0.0164097005128558,-0.0238000086266577));
#12060=CARTESIAN_POINT('',(0.0951546447613284,-0.0164097005128558,-0.0238000086266577));
#12061=CARTESIAN_POINT('',(0.379846355337152,-1.22269438541629,-0.0238000086266575));
#12062=CARTESIAN_POINT('',(0.296719334711904,-0.87047179460368,-0.0238000086266576));
#12063=CARTESIAN_POINT('',(0.296719334711904,-0.87047179460368,-0.0230000086266576));
#12064=CARTESIAN_POINT('',(0.0939884959079647,-0.0166857606332611,-0.0230000086266577));
#12065=CARTESIAN_POINT('',(0.0939884959079647,-0.0166857606332611,-0.0238000086266577));
#12066=CARTESIAN_POINT('',(0.0939884959079647,-0.0166857606332611,-0.0238000086266577));
#12067=CARTESIAN_POINT('',(0.296719334711904,-0.87047179460368,-0.0238000086266576));
#12068=CARTESIAN_POINT('',(0.10716977654774,-0.0721977556828587,-0.0238000086266577));
#12069=CARTESIAN_POINT('',(0.10716977654774,-0.0721977556828587,-0.0230000086266577));
#12070=CARTESIAN_POINT('',(0.0934326278147663,-0.0168206981735673,-0.0230000086266577));
#12071=CARTESIAN_POINT('',(0.0934326278147663,-0.0168206981735673,-0.0238000086266577));
#12072=CARTESIAN_POINT('',(0.0934326278147663,-0.0168206981735673,-0.0238000086266577));
#12073=CARTESIAN_POINT('',(0.10716977654774,-0.0721977556828587,-0.0238000086266577));
#12074=CARTESIAN_POINT('',(0.0941511903443993,-0.0197173603049165,-0.0238000086266577));
#12075=CARTESIAN_POINT('',(0.0941511903443993,-0.0197173603049165,-0.0230000086266577));
#12076=CARTESIAN_POINT('',(0.0929718035323233,-0.0169758223497374,-0.0230000086266577));
#12077=CARTESIAN_POINT('',(0.0929718035323233,-0.0169758223497374,-0.0238000086266577));
#12078=CARTESIAN_POINT('',(0.0929718035323233,-0.0169758223497374,-0.0238000086266577));
#12079=CARTESIAN_POINT('',(0.0941511903443993,-0.0197173603049165,-0.0238000086266577));
#12080=CARTESIAN_POINT('',(0.0867907595686883,0.00170854614467001,-0.0238000086266577));
#12081=CARTESIAN_POINT('',(0.0867907595686883,0.00170854614467001,-0.0230000086266577));
#12082=CARTESIAN_POINT('',(0.0897824734681216,0.000988547152014482,-0.0230000086266577));
#12083=CARTESIAN_POINT('',(0.089497912326889,0.000245646780658605,-0.0230000086266577));
#12084=CARTESIAN_POINT('',(0.0897824734681216,0.000988547152014482,-0.0238000086266577));
#12085=CARTESIAN_POINT('',(0.0897824734681216,0.000988547152014482,-0.0238000086266577));
#12086=CARTESIAN_POINT('',(0.0867907595686883,0.00170854614467001,-0.0238000086266577));
#12087=CARTESIAN_POINT('',(0.089497912326889,0.000245646780658605,-0.0238000086266577));
#12088=CARTESIAN_POINT('',(0.089497912326889,0.000245646780658605,-0.0238000086266577));
#12089=CARTESIAN_POINT('',(0.0878116792606393,0.00146284713249949,-0.0238000086266577));
#12090=CARTESIAN_POINT('',(0.0878116792606393,0.00146284713249949,-0.0230000086266577));
#12091=CARTESIAN_POINT('',(0.0898305409310664,0.00164502242010585,-0.0230000086266577));
#12092=CARTESIAN_POINT('',(0.0898305409310664,0.00164502242010585,-0.0238000086266577));
#12093=CARTESIAN_POINT('',(0.0898305409310664,0.00164502242010585,-0.0238000086266577));
#12094=CARTESIAN_POINT('',(0.0878116792606393,0.00146284713249949,-0.0238000086266577));
#12095=CARTESIAN_POINT('',(0.0891761196971602,0.00158596964880953,-0.0238000086266577));
#12096=CARTESIAN_POINT('',(0.0891761196971602,0.00158596964880953,-0.0230000086266577));
#12097=CARTESIAN_POINT('',(0.089530142540758,0.0021395238082161,-0.0230000086266577));
#12098=CARTESIAN_POINT('',(0.089530142540758,0.0021395238082161,-0.0238000086266577));
#12099=CARTESIAN_POINT('',(0.089530142540758,0.0021395238082161,-0.0238000086266577));
#12100=CARTESIAN_POINT('',(0.0891761196971602,0.00158596964880953,-0.0238000086266577));
#12101=CARTESIAN_POINT('',(0.0892456638171064,0.001694709628601,-0.0238000086266577));
#12102=CARTESIAN_POINT('',(0.0892456638171064,0.001694709628601,-0.0230000086266577));
#12103=CARTESIAN_POINT('',(0.0891965359890761,0.00222042272061137,-0.0230000086266577));
#12104=CARTESIAN_POINT('',(0.0891965359890761,0.00222042272061137,-0.0238000086266577));
#12105=CARTESIAN_POINT('',(0.0891965359890761,0.00222042272061137,-0.0238000086266577));
#12106=CARTESIAN_POINT('',(0.0892456638171064,0.001694709628601,-0.0238000086266577));
#12107=CARTESIAN_POINT('',(0.0892509356617664,0.00163829602621136,-0.0238000086266577));
#12108=CARTESIAN_POINT('',(0.0892509356617664,0.00163829602621136,-0.0230000086266577));
#12109=CARTESIAN_POINT('',(0.0888828892981802,0.00209257863315667,-0.0230000086266577));
#12110=CARTESIAN_POINT('',(0.0888828892981802,0.00209257863315667,-0.0238000086266577));
#12111=CARTESIAN_POINT('',(0.0888828892981802,0.00209257863315667,-0.0238000086266577));
#12112=CARTESIAN_POINT('',(0.0892509356617664,0.00163829602621136,-0.0238000086266577));
#12113=CARTESIAN_POINT('',(0.0899309311011022,0.000798972148962715,-0.0238000086266577));
#12114=CARTESIAN_POINT('',(0.0899309311011022,0.000798972148962715,-0.0230000086266577));
#12115=CARTESIAN_POINT('',(0.0885940475794813,0.00179121798858062,-0.0230000086266577));
#12116=CARTESIAN_POINT('',(0.0885940475794813,0.00179121798858062,-0.0238000086266577));
#12117=CARTESIAN_POINT('',(0.0885940475794813,0.00179121798858062,-0.0238000086266577));
#12118=CARTESIAN_POINT('',(0.0899309311011022,0.000798972148962715,-0.0238000086266577));
#12119=CARTESIAN_POINT('',(0.101637117487321,-0.00788945474213594,-0.0238000086266577));
#12120=CARTESIAN_POINT('',(0.101637117487321,-0.00788945474213594,-0.0230000086266577));
#12121=CARTESIAN_POINT('',(0.0881858585593171,0.00121552907947657,-0.0230000086266577));
#12122=CARTESIAN_POINT('',(0.0881858585593171,0.00121552907947657,-0.0238000086266577));
#12123=CARTESIAN_POINT('',(0.0881858585593171,0.00121552907947657,-0.0238000086266577));
#12124=CARTESIAN_POINT('',(0.101637117487321,-0.00788945474213594,-0.0238000086266577));
#12125=CARTESIAN_POINT('',(0.0780278276032458,0.00809136932680949,-0.0238000086266577));
#12126=CARTESIAN_POINT('',(0.0780278276032458,0.00809136932680949,-0.0230000086266577));
#12127=CARTESIAN_POINT('',(0.0876352988824865,0.000465146957248609,-0.0230000086266577));
#12128=CARTESIAN_POINT('',(0.0876352988824865,0.000465146957248608,-0.0238000086266577));
#12129=CARTESIAN_POINT('',(0.0876352988824865,0.000465146957248608,-0.0238000086266577));
#12130=CARTESIAN_POINT('',(0.0780278276032458,0.00809136932680949,-0.0238000086266577));
#12131=CARTESIAN_POINT('',(0.0824053084002768,0.00461661088035156,-0.0238000086266577));
#12132=CARTESIAN_POINT('',(0.0824053084002768,0.00461661088035156,-0.0230000086266577));
#12133=CARTESIAN_POINT('',(0.0871083219821003,-0.000123549074565656,-0.0230000086266577));
#12134=CARTESIAN_POINT('',(0.0871083219821003,-0.000123549074565656,-0.0238000086266577));
#12135=CARTESIAN_POINT('',(0.0871083219821003,-0.000123549074565656,-0.0238000086266577));
#12136=CARTESIAN_POINT('',(0.0824053084002768,0.00461661088035156,-0.0238000086266577));
#12137=CARTESIAN_POINT('',(0.0823290579491403,0.00469346358952075,-0.0238000086266577));
#12138=CARTESIAN_POINT('',(0.0823290579491403,0.00469346358952075,-0.0230000086266577));
#12139=CARTESIAN_POINT('',(0.0865109515252961,-0.000650387252101257,-0.0230000086266577));
#12140=CARTESIAN_POINT('',(0.0865109515252961,-0.000650387252101257,-0.0238000086266577));
#12141=CARTESIAN_POINT('',(0.0865109515252961,-0.000650387252101257,-0.0238000086266577));
#12142=CARTESIAN_POINT('',(0.0823290579491403,0.00469346358952075,-0.0238000086266577));
#12143=CARTESIAN_POINT('',(0.0784826048177603,0.00960867040410518,-0.0238000086266577));
#12144=CARTESIAN_POINT('',(0.0784826048177603,0.00960867040410518,-0.0230000086266577));
#12145=CARTESIAN_POINT('',(0.0857435289234065,-0.00120713266278411,-0.0230000086266577));
#12146=CARTESIAN_POINT('',(0.0857435289234065,-0.00120713266278412,-0.0238000086266577));
#12147=CARTESIAN_POINT('',(0.0857435289234065,-0.00120713266278412,-0.0238000086266577));
#12148=CARTESIAN_POINT('',(0.0784826048177603,0.00960867040410518,-0.0238000086266577));
#12149=CARTESIAN_POINT('',(0.0952938685649058,-0.0154332272041165,-0.0238000086266577));
#12150=CARTESIAN_POINT('',(0.0952938685649058,-0.0154332272041165,-0.0230000086266577));
#12151=CARTESIAN_POINT('',(0.0853020055527413,-0.00151369320641357,-0.0230000086266577));
#12152=CARTESIAN_POINT('',(0.0853020055527413,-0.00151369320641357,-0.0238000086266577));
#12153=CARTESIAN_POINT('',(0.0853020055527413,-0.00151369320641357,-0.0238000086266577));
#12154=CARTESIAN_POINT('',(0.0952938685649058,-0.0154332272041165,-0.0238000086266577));
#12155=CARTESIAN_POINT('',(0.0893838712061054,-0.00720008699172525,-0.0238000086266577));
#12156=CARTESIAN_POINT('',(0.0893838712061054,-0.00720008699172525,-0.0230000086266577));
#12157=CARTESIAN_POINT('',(0.08495740843752,-0.00177762179109196,-0.0230000086266577));
#12158=CARTESIAN_POINT('',(0.08495740843752,-0.00177762179109196,-0.0238000086266577));
#12159=CARTESIAN_POINT('',(0.08495740843752,-0.00177762179109196,-0.0238000086266577));
#12160=CARTESIAN_POINT('',(0.0893838712061054,-0.00720008699172525,-0.0238000086266577));
#12161=CARTESIAN_POINT('',(0.0879634168218989,-0.00546001486865086,-0.0238000086266577));
#12162=CARTESIAN_POINT('',(0.0879634168218989,-0.00546001486865086,-0.0230000086266577));
#12163=CARTESIAN_POINT('',(0.084705787528615,-0.00199822969736201,-0.0230000086266577));
#12164=CARTESIAN_POINT('',(0.084705787528615,-0.00199822969736201,-0.0238000086266577));
#12165=CARTESIAN_POINT('',(0.084705787528615,-0.00199822969736201,-0.0238000086266577));
#12166=CARTESIAN_POINT('',(0.0879634168218989,-0.00546001486865086,-0.0238000086266577));
#12167=CARTESIAN_POINT('',(0.0852172755301782,-0.0025417726912668,-0.0238000086266577));
#12168=CARTESIAN_POINT('',(0.0852172755301782,-0.0025417726912668,-0.0230000086266577));
#12169=CARTESIAN_POINT('',(0.0845553677565208,-0.00219690016244238,-0.0230000086266577));
#12170=CARTESIAN_POINT('',(0.0845553677565208,-0.00219690016244238,-0.0238000086266577));
#12171=CARTESIAN_POINT('',(0.0845553677565208,-0.00219690016244238,-0.0238000086266577));
#12172=CARTESIAN_POINT('',(0.0852172755301782,-0.0025417726912668,-0.0238000086266577));
#12173=CARTESIAN_POINT('',(0.0852455145838076,-0.00255648603083521,-0.0238000086266577));
#12174=CARTESIAN_POINT('',(0.0852455145838076,-0.00255648603083521,-0.0230000086266577));
#12175=CARTESIAN_POINT('',(0.0844676823553868,-0.00253236831149199,-0.0230000086266577));
#12176=CARTESIAN_POINT('',(0.0844676823553868,-0.00253236831149199,-0.0238000086266577));
#12177=CARTESIAN_POINT('',(0.0844676823553868,-0.00253236831149199,-0.0238000086266577));
#12178=CARTESIAN_POINT('',(0.0852455145838076,-0.00255648603083521,-0.0238000086266577));
#12179=CARTESIAN_POINT('',(0.0850326267526402,-0.0025498851614239,-0.0238000086266577));
#12180=CARTESIAN_POINT('',(0.0850326267526402,-0.0025498851614239,-0.0230000086266577));
#12181=CARTESIAN_POINT('',(0.0845670060967582,-0.00287030116732205,-0.0230000086266577));
#12182=CARTESIAN_POINT('',(0.0845670060967582,-0.00287030116732205,-0.0238000086266577));
#12183=CARTESIAN_POINT('',(0.0845670060967582,-0.00287030116732205,-0.0238000086266577));
#12184=CARTESIAN_POINT('',(0.0850326267526402,-0.0025498851614239,-0.0238000086266577));
#12185=CARTESIAN_POINT('',(0.0851469001158858,-0.00247124815473379,-0.0238000086266577));
#12186=CARTESIAN_POINT('',(0.0851469001158858,-0.00247124815473379,-0.0230000086266577));
#12187=CARTESIAN_POINT('',(0.0848414265778013,-0.00310544551975962,-0.0230000086266577));
#12188=CARTESIAN_POINT('',(0.0848414265778013,-0.00310544551975962,-0.0238000086266577));
#12189=CARTESIAN_POINT('',(0.0848414265778013,-0.00310544551975962,-0.0238000086266577));
#12190=CARTESIAN_POINT('',(0.0851469001158858,-0.00247124815473379,-0.0238000086266577));
#12191=CARTESIAN_POINT('',(0.0854810582800505,-0.00177749828512447,-0.0238000086266577));
#12192=CARTESIAN_POINT('',(0.0854810582800505,-0.00177749828512447,-0.0230000086266577));
#12193=CARTESIAN_POINT('',(0.0852039960923719,-0.00322518924546647,-0.0230000086266577));
#12194=CARTESIAN_POINT('',(0.0852039960923719,-0.00322518924546647,-0.0238000086266577));
#12195=CARTESIAN_POINT('',(0.0852039960923719,-0.00322518924546647,-0.0238000086266577));
#12196=CARTESIAN_POINT('',(0.0854810582800505,-0.00177749828512447,-0.0238000086266577));
#12197=CARTESIAN_POINT('',(0.0855579453711142,-0.00137575184822338,-0.0238000086266577));
#12198=CARTESIAN_POINT('',(0.0855579453711142,-0.00137575184822338,-0.0230000086266577));
#12199=CARTESIAN_POINT('',(0.0855038424625695,-0.00325797703494416,-0.0230000086266577));
#12200=CARTESIAN_POINT('',(0.0855038424625695,-0.00325797703494416,-0.0238000086266577));
#12201=CARTESIAN_POINT('',(0.0855038424625695,-0.00325797703494416,-0.0238000086266577));
#12202=CARTESIAN_POINT('',(0.0855579453711142,-0.00137575184822338,-0.0238000086266577));
#12203=CARTESIAN_POINT('',(0.0855250089443772,-0.00252160100185643,-0.0238000086266577));
#12204=CARTESIAN_POINT('',(0.0855250089443772,-0.00252160100185643,-0.0230000086266577));
#12205=CARTESIAN_POINT('',(0.0857756087196334,-0.00321434730080003,-0.0230000086266577));
#12206=CARTESIAN_POINT('',(0.0857756087196334,-0.00321434730080003,-0.0238000086266577));
#12207=CARTESIAN_POINT('',(0.0857756087196334,-0.00321434730080003,-0.0238000086266577));
#12208=CARTESIAN_POINT('',(0.0855250089443772,-0.00252160100185643,-0.0238000086266577));
#12209=CARTESIAN_POINT('',(0.0852454297527392,-0.00174874535954493,-0.0238000086266577));
#12210=CARTESIAN_POINT('',(0.0852454297527392,-0.00174874535954493,-0.0230000086266577));
#12211=CARTESIAN_POINT('',(0.0860519214097322,-0.00308240573398396,-0.0230000086266577));
#12212=CARTESIAN_POINT('',(0.0860519214097322,-0.00308240573398396,-0.0238000086266577));
#12213=CARTESIAN_POINT('',(0.0860519214097322,-0.00308240573398396,-0.0238000086266577));
#12214=CARTESIAN_POINT('',(0.0852454297527392,-0.00174874535954493,-0.0238000086266577));
#12215=CARTESIAN_POINT('',(0.0696721322818033,0.0240041431623001,-0.0238000086266577));
#12216=CARTESIAN_POINT('',(0.0696721322818033,0.0240041431623001,-0.0230000086266577));
#12217=CARTESIAN_POINT('',(0.0865935607166103,-0.00274737796663544,-0.0230000086266577));
#12218=CARTESIAN_POINT('',(0.0865935607166103,-0.00274737796663544,-0.0238000086266577));
#12219=CARTESIAN_POINT('',(0.0865935607166103,-0.00274737796663544,-0.0238000086266577));
#12220=CARTESIAN_POINT('',(0.0696721322818033,0.0240041431623001,-0.0238000086266577));
#12221=CARTESIAN_POINT('',(0.0780132016957736,0.0108175321427007,-0.0238000086266577));
#12222=CARTESIAN_POINT('',(0.0780132016957736,0.0108175321427007,-0.0230000086266577));
#12223=CARTESIAN_POINT('',(0.0869275771410854,-0.00253024885718757,-0.0230000086266577));
#12224=CARTESIAN_POINT('',(0.0869275771410854,-0.00253024885718757,-0.0238000086266577));
#12225=CARTESIAN_POINT('',(0.0869275771410854,-0.00253024885718757,-0.0238000086266577));
#12226=CARTESIAN_POINT('',(0.0780132016957736,0.0108175321427007,-0.0238000086266577));
#12227=CARTESIAN_POINT('',(0.0803349965999103,0.0073410339744117,-0.0238000086266577));
#12228=CARTESIAN_POINT('',(0.0803349965999103,0.0073410339744117,-0.0230000086266577));
#12229=CARTESIAN_POINT('',(0.0872373692989873,-0.00231718841198344,-0.0230000086266577));
#12230=CARTESIAN_POINT('',(0.0872373692989873,-0.00231718841198344,-0.0238000086266577));
#12231=CARTESIAN_POINT('',(0.0872373692989873,-0.00231718841198344,-0.0238000086266577));
#12232=CARTESIAN_POINT('',(0.0803349965999103,0.0073410339744117,-0.0238000086266577));
#12233=CARTESIAN_POINT('',(0.0779653689550414,-0.000394101184341669,-0.0238000086266577));
#12234=CARTESIAN_POINT('',(0.0779653689550414,-0.000394101184341669,-0.0230000086266577));
#12235=CARTESIAN_POINT('',(0.0871754283868609,-0.00259852873311115,-0.0230000086266577));
#12236=CARTESIAN_POINT('',(0.0871754283868609,-0.00259852873311115,-0.0238000086266577));
#12237=CARTESIAN_POINT('',(0.0871754283868609,-0.00259852873311115,-0.0238000086266577));
#12238=CARTESIAN_POINT('',(0.0779653689550414,-0.000394101184341669,-0.0238000086266577));
#12239=CARTESIAN_POINT('',(0.099596859289616,-0.00557159798199922,-0.0238000086266577));
#12240=CARTESIAN_POINT('',(0.099596859289616,-0.00557159798199922,-0.0230000086266577));
#12241=CARTESIAN_POINT('',(0.0869803084352178,-0.00358319888496622,-0.0230000086266577));
#12242=CARTESIAN_POINT('',(0.0869803084352178,-0.00358319888496622,-0.0238000086266577));
#12243=CARTESIAN_POINT('',(0.0869803084352178,-0.00358319888496622,-0.0238000086266577));
#12244=CARTESIAN_POINT('',(0.099596859289616,-0.00557159798199922,-0.0238000086266577));
#12245=CARTESIAN_POINT('',(0.0889920249331417,-0.00390025029736263,-0.0238000086266577));
#12246=CARTESIAN_POINT('',(0.0889920249331417,-0.00390025029736263,-0.0230000086266577));
#12247=CARTESIAN_POINT('',(0.0869844637941096,-0.0042426289461994,-0.0230000086266577));
#12248=CARTESIAN_POINT('',(0.0869844637941096,-0.0042426289461994,-0.0238000086266577));
#12249=CARTESIAN_POINT('',(0.0869844637941096,-0.0042426289461994,-0.0238000086266577));
#12250=CARTESIAN_POINT('',(0.0889920249331417,-0.00390025029736263,-0.0238000086266577));
#12251=CARTESIAN_POINT('',(0.0874930337346847,-0.004155895104969,-0.0238000086266577));
#12252=CARTESIAN_POINT('',(0.0874930337346847,-0.004155895104969,-0.0230000086266577));
#12253=CARTESIAN_POINT('',(0.0872858319594247,-0.0046283711022433,-0.0230000086266577));
#12254=CARTESIAN_POINT('',(0.0872858319594247,-0.0046283711022433,-0.0238000086266577));
#12255=CARTESIAN_POINT('',(0.0872858319594247,-0.0046283711022433,-0.0238000086266577));
#12256=CARTESIAN_POINT('',(0.0874930337346847,-0.004155895104969,-0.0238000086266577));
#12257=CARTESIAN_POINT('',(0.0875052218160156,-0.00412810298844657,-0.0238000086266577));
#12258=CARTESIAN_POINT('',(0.0875052218160156,-0.00412810298844657,-0.0230000086266577));
#12259=CARTESIAN_POINT('',(0.0877720910657125,-0.00460473796242828,-0.0230000086266577));
#12260=CARTESIAN_POINT('',(0.0877720910657125,-0.00460473796242828,-0.0238000086266577));
#12261=CARTESIAN_POINT('',(0.0877720910657125,-0.00460473796242828,-0.0238000086266577));
#12262=CARTESIAN_POINT('',(0.0875052218160156,-0.00412810298844657,-0.0238000086266577));
#12263=CARTESIAN_POINT('',(0.0873531797606739,-0.00385655217779958,-0.0238000086266577));
#12264=CARTESIAN_POINT('',(0.0873531797606739,-0.00385655217779958,-0.0230000086266577));
#12265=CARTESIAN_POINT('',(0.0880532901733983,-0.00435164212902498,-0.0230000086266577));
#12266=CARTESIAN_POINT('',(0.0880532901733983,-0.00435164212902498,-0.0238000086266577));
#12267=CARTESIAN_POINT('',(0.0880532901733983,-0.00435164212902498,-0.0238000086266577));
#12268=CARTESIAN_POINT('',(0.0873531797606739,-0.00385655217779958,-0.0238000086266577));
#12269=CARTESIAN_POINT('',(0.0852296696734927,-0.00235489117350483,-0.0238000086266577));
#12270=CARTESIAN_POINT('',(0.0852296696734927,-0.00235489117350483,-0.0230000086266577));
#12271=CARTESIAN_POINT('',(0.0882976423759849,-0.00395094587263572,-0.0230000086266577));
#12272=CARTESIAN_POINT('',(0.0882976423759849,-0.00395094587263572,-0.0238000086266577));
#12273=CARTESIAN_POINT('',(0.0882976423759849,-0.00395094587263572,-0.0238000086266577));
#12274=CARTESIAN_POINT('',(0.0852296696734927,-0.00235489117350483,-0.0238000086266577));
#12275=CARTESIAN_POINT('',(0.0838554601911865,-0.00163998471425119,-0.0238000086266577));
#12276=CARTESIAN_POINT('',(0.0838554601911865,-0.00163998471425119,-0.0230000086266577));
#12277=CARTESIAN_POINT('',(0.0885354340853561,-0.00342081833600609,-0.0230000086266577));
#12278=CARTESIAN_POINT('',(0.0885354340853561,-0.00342081833600609,-0.0238000086266577));
#12279=CARTESIAN_POINT('',(0.0885354340853561,-0.00342081833600609,-0.0238000086266577));
#12280=CARTESIAN_POINT('',(0.0838554601911865,-0.00163998471425119,-0.0238000086266577));
#12281=CARTESIAN_POINT('',(0.0797439857780793,-7.54777243789352E-5,-0.0238000086266577));
#12282=CARTESIAN_POINT('',(0.0797439857780793,-7.54777243789351E-5,-0.0230000086266577));
#12283=CARTESIAN_POINT('',(0.0887516579051314,-0.00278522125446017,-0.0230000086266577));
#12284=CARTESIAN_POINT('',(0.0887516579051314,-0.00278522125446017,-0.0238000086266577));
#12285=CARTESIAN_POINT('',(0.0887516579051314,-0.00278522125446017,-0.0238000086266577));
#12286=CARTESIAN_POINT('',(0.0797439857780793,-7.54777243789352E-5,-0.0238000086266577));
#12287=CARTESIAN_POINT('',(0.0888204924022221,-0.00255640307518614,-0.0238000086266577));
#12288=CARTESIAN_POINT('',(0.0888204924022221,-0.00255640307518614,-0.0230000086266577));
#12289=CARTESIAN_POINT('',(0.0888893268993157,-0.00232758489591304,-0.0230000086266577));
#12290=CARTESIAN_POINT('',(0.0888893268993157,-0.00232758489591304,-0.0238000086266577));
#12291=CARTESIAN_POINT('',(0.0888893268993157,-0.00232758489591304,-0.0238000086266577));
#12292=CARTESIAN_POINT('',(0.0888204924022221,-0.00255640307518614,-0.0238000086266577));
#12293=CARTESIAN_POINT('',(0.0890080730191114,-0.00232999506357286,-0.0238000086266577));
#12294=CARTESIAN_POINT('',(0.0890080730191114,-0.00232999506357286,-0.0230000086266577));
#12295=CARTESIAN_POINT('',(0.0891268191389071,-0.00233240523123268,-0.0230000086266577));
#12296=CARTESIAN_POINT('',(0.0891268191389071,-0.00233240523123268,-0.0238000086266577));
#12297=CARTESIAN_POINT('',(0.0891268191389071,-0.00233240523123268,-0.0238000086266577));
#12298=CARTESIAN_POINT('',(0.0890080730191114,-0.00232999506357286,-0.0238000086266577));
#12299=CARTESIAN_POINT('',(0.0891874640352002,0.000655497328525729,-0.0238000086266577));
#12300=CARTESIAN_POINT('',(0.0891874640352002,0.000655497328525729,-0.0230000086266577));
#12301=CARTESIAN_POINT('',(0.0897172975656337,-0.00228567861658299,-0.0230000086266577));
#12302=CARTESIAN_POINT('',(0.0897172975656337,-0.00228567861658299,-0.0238000086266577));
#12303=CARTESIAN_POINT('',(0.0897172975656337,-0.00228567861658299,-0.0238000086266577));
#12304=CARTESIAN_POINT('',(0.0891874640352002,0.000655497328525729,-0.0238000086266577));
#12305=CARTESIAN_POINT('',(0.0875526403623074,0.00973061957922972,-0.0238000086266577));
#12306=CARTESIAN_POINT('',(0.0875526403623074,0.00973061957922972,-0.0230000086266577));
#12307=CARTESIAN_POINT('',(0.0905183472114809,-0.00211343994541551,-0.0230000086266577));
#12308=CARTESIAN_POINT('',(0.0905183472114809,-0.00211343994541551,-0.0238000086266577));
#12309=CARTESIAN_POINT('',(0.0905183472114809,-0.00211343994541551,-0.0238000086266577));
#12310=CARTESIAN_POINT('',(0.0875526403623074,0.00973061957922972,-0.0238000086266577));
#12311=CARTESIAN_POINT('',(0.0871939133931786,0.0111632573251495,-0.0238000086266577));
#12312=CARTESIAN_POINT('',(0.0871939133931786,0.0111632573251495,-0.0230000086266577));
#12313=CARTESIAN_POINT('',(0.0912889755358102,-0.0018963374876471,-0.0230000086266577));
#12314=CARTESIAN_POINT('',(0.0912889755358102,-0.00189633748764711,-0.0238000086266577));
#12315=CARTESIAN_POINT('',(0.0912889755358102,-0.00189633748764711,-0.0238000086266577));
#12316=CARTESIAN_POINT('',(0.0871939133931786,0.0111632573251495,-0.0238000086266577));
#12317=CARTESIAN_POINT('',(0.0908919194100477,-0.000630082681299998,-0.0238000086266577));
#12318=CARTESIAN_POINT('',(0.0908919194100477,-0.000630082681299998,-0.0230000086266577));
#12319=CARTESIAN_POINT('',(0.0917099883550127,-0.00167498363492522,-0.0230000086266577));
#12320=CARTESIAN_POINT('',(0.0917099883550127,-0.00167498363492522,-0.0238000086266577));
#12321=CARTESIAN_POINT('',(0.0917099883550127,-0.00167498363492522,-0.0238000086266577));
#12322=CARTESIAN_POINT('',(0.0908919194100477,-0.000630082681299998,-0.0238000086266577));
#12323=CARTESIAN_POINT('',(0.0908663416882947,-0.000597412836031265,-0.0238000086266577));
#12324=CARTESIAN_POINT('',(0.0908663416882947,-0.000597412836031264,-0.0230000086266577));
#12325=CARTESIAN_POINT('',(0.0920463133616259,-0.0012906410632547,-0.0230000086266577));
#12326=CARTESIAN_POINT('',(0.0920463133616259,-0.0012906410632547,-0.0238000086266577));
#12327=CARTESIAN_POINT('',(0.0920463133616259,-0.0012906410632547,-0.0238000086266577));
#12328=CARTESIAN_POINT('',(0.0908663416882947,-0.000597412836031265,-0.0238000086266577));
#12329=CARTESIAN_POINT('',(0.0913602574822689,-0.000887586217302232,-0.0238000086266577));
#12330=CARTESIAN_POINT('',(0.0913602574822689,-0.000887586217302232,-0.0230000086266577));
#12331=CARTESIAN_POINT('',(0.0921527226071286,-0.000815997780195654,-0.0230000086266577));
#12332=CARTESIAN_POINT('',(0.0921527226071286,-0.000815997780195654,-0.0238000086266577));
#12333=CARTESIAN_POINT('',(0.0921527226071286,-0.000815997780195654,-0.0238000086266577));
#12334=CARTESIAN_POINT('',(0.0913602574822689,-0.000887586217302232,-0.0238000086266577));
#12335=CARTESIAN_POINT('',(0.0914736427600841,-0.000877343400836219,-0.0238000086266577));
#12336=CARTESIAN_POINT('',(0.0914736427600841,-0.000877343400836218,-0.0230000086266577));
#12337=CARTESIAN_POINT('',(0.0919491164836753,-0.000388633402976353,-0.0230000086266577));
#12338=CARTESIAN_POINT('',(0.0919491164836753,-0.000388633402976353,-0.0238000086266577));
#12339=CARTESIAN_POINT('',(0.0919491164836753,-0.000388633402976353,-0.0238000086266577));
#12340=CARTESIAN_POINT('',(0.0914736427600841,-0.000877343400836219,-0.0238000086266577));
#12341=CARTESIAN_POINT('',(0.0912816928934096,-0.00107463678273572,-0.0238000086266577));
#12342=CARTESIAN_POINT('',(0.0912816928934096,-0.00107463678273572,-0.0230000086266577));
#12343=CARTESIAN_POINT('',(0.091533251746434,-0.000151179675259135,-0.0230000086266577));
#12344=CARTESIAN_POINT('',(0.091533251746434,-0.000151179675259135,-0.0238000086266577));
#12345=CARTESIAN_POINT('',(0.091533251746434,-0.000151179675259135,-0.0238000086266577));
#12346=CARTESIAN_POINT('',(0.0912816928934096,-0.00107463678273572,-0.0238000086266577));
#12347=CARTESIAN_POINT('',(0.0913224754935157,-0.00092492636119207,-0.0238000086266577));
#12348=CARTESIAN_POINT('',(0.0913224754935157,-0.000924926361192069,-0.0230000086266577));
#12349=CARTESIAN_POINT('',(0.0912572173204969,-0.000125644224745612,-0.0230000086266577));
#12350=CARTESIAN_POINT('',(0.0912572173204969,-0.000125644224745612,-0.0238000086266577));
#12351=CARTESIAN_POINT('',(0.0912572173204969,-0.000125644224745612,-0.0238000086266577));
#12352=CARTESIAN_POINT('',(0.0913224754935157,-0.00092492636119207,-0.0238000086266577));
#12353=CARTESIAN_POINT('',(0.0914538026804198,-0.00253342181343213,-0.0238000086266577));
#12354=CARTESIAN_POINT('',(0.0914538026804198,-0.00253342181343213,-0.0230000086266577));
#12355=CARTESIAN_POINT('',(0.0909425767666698,-0.0001723443506148,-0.0230000086266577));
#12356=CARTESIAN_POINT('',(0.0909425767666698,-0.0001723443506148,-0.0238000086266577));
#12357=CARTESIAN_POINT('',(0.0909425767666698,-0.0001723443506148,-0.0238000086266577));
#12358=CARTESIAN_POINT('',(0.0914538026804198,-0.00253342181343213,-0.0238000086266577));
#12359=CARTESIAN_POINT('',(0.0920117007665201,-0.00511005293132352,-0.0238000086266577));
#12360=CARTESIAN_POINT('',(0.0920117007665201,-0.00511005293132352,-0.0230000086266577));
#12361=CARTESIAN_POINT('',(0.0905198105229099,-0.000283226266103751,-0.0230000086266577));
#12362=CARTESIAN_POINT('',(0.0905198105229099,-0.000283226266103751,-0.0238000086266577));
#12363=CARTESIAN_POINT('',(0.0905198105229099,-0.000283226266103751,-0.0238000086266577));
#12364=CARTESIAN_POINT('',(0.0920117007665201,-0.00511005293132352,-0.0238000086266577));
#12365=CARTESIAN_POINT('',(0.0979164904177463,-0.0242142707269203,-0.0238000086266577));
#12366=CARTESIAN_POINT('',(0.0979164904177463,-0.0242142707269203,-0.0230000086266577));
#12367=CARTESIAN_POINT('',(0.0899050351791075,-0.000481964740953567,-0.0230000086266577));
#12368=CARTESIAN_POINT('',(0.0899050351791075,-0.000481964740953567,-0.0238000086266577));
#12369=CARTESIAN_POINT('',(0.0899050351791075,-0.000481964740953567,-0.0238000086266577));
#12370=CARTESIAN_POINT('',(0.0979164904177463,-0.0242142707269203,-0.0238000086266577));
#12371=CARTESIAN_POINT('',(0.0715976198405905,0.0537500280348957,-0.0238000086266577));
#12372=CARTESIAN_POINT('',(0.0715976198405905,0.0537500280348957,-0.0230000086266577));
#12373=CARTESIAN_POINT('',(0.0891655824161901,-0.000725995936752762,-0.0230000086266577));
#12374=CARTESIAN_POINT('',(0.0891655824161901,-0.000725995936752762,-0.0238000086266577));
#12375=CARTESIAN_POINT('',(0.0891655824161901,-0.000725995936752762,-0.0238000086266577));
#12376=CARTESIAN_POINT('',(0.0715976198405905,0.0537500280348957,-0.0238000086266577));
#12377=CARTESIAN_POINT('',(0.0885917589741149,0.00105335778462893,-0.0238000086266577));
#12378=CARTESIAN_POINT('',(0.0885917589741149,0.00105335778462893,-0.0230000086266577));
#12379=CARTESIAN_POINT('',(0.0888916262858854,-0.000792029059315028,-0.0230000086266577));
#12380=CARTESIAN_POINT('',(0.0888916262858854,-0.000792029059315028,-0.0238000086266577));
#12381=CARTESIAN_POINT('',(0.0888916262858854,-0.000792029059315028,-0.0238000086266577));
#12382=CARTESIAN_POINT('',(0.0885917589741149,0.00105335778462893,-0.0238000086266577));
#12383=CARTESIAN_POINT('',(0.0888675963473128,-0.000644148544293763,-0.0238000086266577));
#12384=CARTESIAN_POINT('',(0.0888675963473128,-0.000644148544293763,-0.0230000086266577));
#12385=CARTESIAN_POINT('',(0.0888221457805416,-0.000786908239764997,-0.0230000086266577));
#12386=CARTESIAN_POINT('',(0.0888221457805416,-0.000786908239764997,-0.0238000086266577));
#12387=CARTESIAN_POINT('',(0.0888221457805416,-0.000786908239764997,-0.0238000086266577));
#12388=CARTESIAN_POINT('',(0.0888675963473128,-0.000644148544293763,-0.0238000086266577));
#12389=CARTESIAN_POINT('',(0.0889025716202849,-0.000743751710946991,-0.0238000086266577));
#12390=CARTESIAN_POINT('',(0.0889025716202849,-0.000743751710946991,-0.0230000086266577));
#12391=CARTESIAN_POINT('',(0.0888116636847999,-0.000751909464553085,-0.0230000086266577));
#12392=CARTESIAN_POINT('',(0.0888116636847999,-0.000751909464553085,-0.0238000086266577));
#12393=CARTESIAN_POINT('',(0.0888116636847999,-0.000751909464553085,-0.0238000086266577));
#12394=CARTESIAN_POINT('',(0.0889025716202849,-0.000743751710946991,-0.0238000086266577));
#12395=CARTESIAN_POINT('',(0.0888694142257204,-0.000746727137169389,-0.0238000086266577));
#12396=CARTESIAN_POINT('',(0.0888694142257204,-0.000746727137169389,-0.0230000086266577));
#12397=CARTESIAN_POINT('',(0.0888153871678719,-0.000725678181994402,-0.0230000086266577));
#12398=CARTESIAN_POINT('',(0.0888153871678719,-0.000725678181994402,-0.0238000086266577));
#12399=CARTESIAN_POINT('',(0.0888153871678719,-0.000725678181994402,-0.0238000086266577));
#12400=CARTESIAN_POINT('',(0.0888694142257204,-0.000746727137169389,-0.0238000086266577));
#12401=CARTESIAN_POINT('',(0.0891799089025392,-0.000867695940482167,-0.0238000086266577));
#12402=CARTESIAN_POINT('',(0.0891799089025392,-0.000867695940482167,-0.0230000086266577));
#12403=CARTESIAN_POINT('',(0.0888675637694246,-0.000632142004854203,-0.0230000086266577));
#12404=CARTESIAN_POINT('',(0.0888675637694246,-0.000632142004854203,-0.0238000086266577));
#12405=CARTESIAN_POINT('',(0.0888675637694246,-0.000632142004854203,-0.0238000086266577));
#12406=CARTESIAN_POINT('',(0.0891799089025392,-0.000867695940482167,-0.0238000086266577));
#12407=CARTESIAN_POINT('',(0.0917678227778141,-0.00281936169018587,-0.0238000086266577));
#12408=CARTESIAN_POINT('',(0.0917678227778141,-0.00281936169018587,-0.0230000086266577));
#12409=CARTESIAN_POINT('',(0.0890253515591058,-0.000437286149360838,-0.0230000086266577));
#12410=CARTESIAN_POINT('',(0.0890253515591058,-0.000437286149360838,-0.0238000086266577));
#12411=CARTESIAN_POINT('',(0.0890253515591058,-0.000437286149360838,-0.0238000086266577));
#12412=CARTESIAN_POINT('',(0.0917678227778141,-0.00281936169018587,-0.0238000086266577));
#12413=CARTESIAN_POINT('',(0.0764717708242983,0.00709562261364988,-0.0238000086266577));
#12414=CARTESIAN_POINT('',(0.0764717708242983,0.00709562261364988,-0.0230000086266577));
#12415=CARTESIAN_POINT('',(0.0764717708242983,0.00709562261364988,-0.0238000086266577));
#12416=CARTESIAN_POINT('',(0.0810291521115874,0.00257632266302641,-0.0238000086266577));
#12417=CARTESIAN_POINT('',(0.0810291521115874,0.00257632266302641,-0.0230000086266577));
#12418=CARTESIAN_POINT('',(0.0810291521115874,0.00257632266302641,-0.0238000086266577));
#12419=CARTESIAN_POINT('',(0.0884895628814354,-0.00214497051743162,-0.0238000086266577));
#12420=CARTESIAN_POINT('',(0.0884895628814354,-0.00214497051743162,-0.0230000086266577));
#12421=CARTESIAN_POINT('',(0.0884895628814354,-0.00214497051743162,-0.0238000086266577));
#12422=CARTESIAN_POINT('',(0.0925879666974802,-0.00862478975525634,-0.0238000086266577));
#12423=CARTESIAN_POINT('',(0.0925879666974802,-0.00862478975525634,-0.0230000086266577));
#12424=CARTESIAN_POINT('',(0.0925879666974802,-0.00862478975525634,-0.0238000086266577));
#12425=CARTESIAN_POINT('',(0.0940470820455129,-0.0149843593410075,-0.0238000086266577));
#12426=CARTESIAN_POINT('',(0.0940470820455129,-0.0149843593410075,-0.0230000086266577));
#12427=CARTESIAN_POINT('',(0.0940470820455129,-0.0149843593410075,-0.0238000086266577));
#12428=CARTESIAN_POINT('',(0.0944268845684874,-0.0185516268158204,-0.0238000086266577));
#12429=CARTESIAN_POINT('',(0.0944268845684874,-0.0185516268158204,-0.0230000086266577));
#12430=CARTESIAN_POINT('',(0.0944268845684874,-0.0185516268158204,-0.0238000086266577));
#12431=CARTESIAN_POINT('',(0.0932059818894827,-0.0175201805262578,-0.0238000086266577));
#12432=CARTESIAN_POINT('',(0.0932059818894827,-0.0175201805262578,-0.0230000086266577));
#12433=CARTESIAN_POINT('',(0.0932059818894827,-0.0175201805262578,-0.0238000086266577));
#12434=CARTESIAN_POINT('',(0.0861664709336663,0.00204590111821785,-0.0238000086266577));
#12435=CARTESIAN_POINT('',(0.0861664709336663,0.00204590111821785,-0.0230000086266577));
#12436=CARTESIAN_POINT('',(0.0861664709336663,0.00204590111821785,-0.0238000086266577));
#12437=CARTESIAN_POINT('',(0.0789810823256085,0.0242738752987763,-0.0238000086266577));
#12438=CARTESIAN_POINT('',(0.0789810823256085,0.0242738752987763,-0.0230000086266577));
#12439=CARTESIAN_POINT('',(0.0794461200356779,0.0241681799398488,-0.0238000086266577));
#12440=CARTESIAN_POINT('',(0.0794461200356779,0.0241681799398488,-0.0230000086266577));
#12441=CARTESIAN_POINT('',(0.0801327037161882,0.0240076836475706,-0.0238000086266577));
#12442=CARTESIAN_POINT('',(0.0801327037161882,0.0240076836475706,-0.0230000086266577));
#12443=CARTESIAN_POINT('',(0.0806900734469402,0.0236721444527272,-0.0238000086266577));
#12444=CARTESIAN_POINT('',(0.0806900734469402,0.0236721444527272,-0.0230000086266577));
#12445=CARTESIAN_POINT('',(0.0808582812313756,0.0234101969084082,-0.0238000086266577));
#12446=CARTESIAN_POINT('',(0.0808582812313756,0.0234101969084082,-0.0230000086266577));
#12447=CARTESIAN_POINT('',(0.0808307435479388,0.0230154595486447,-0.0238000086266577));
#12448=CARTESIAN_POINT('',(0.0808307435479388,0.0230154595486447,-0.0230000086266577));
#12449=CARTESIAN_POINT('',(0.0804707492842171,0.0223579164511094,-0.0238000086266577));
#12450=CARTESIAN_POINT('',(0.0804707492842171,0.0223579164511094,-0.0230000086266577));
#12451=CARTESIAN_POINT('',(0.0798624675522442,0.0215818763929867,-0.0238000086266577));
#12452=CARTESIAN_POINT('',(0.0798624675522442,0.0215818763929867,-0.0230000086266577));
#12453=CARTESIAN_POINT('',(0.0788285420905439,0.0204421632882698,-0.0238000086266577));
#12454=CARTESIAN_POINT('',(0.0788285420905439,0.0204421632882698,-0.0230000086266577));
#12455=CARTESIAN_POINT('',(0.0773190163519956,0.0189463985950337,-0.0238000086266577));
#12456=CARTESIAN_POINT('',(0.0773190163519956,0.0189463985950337,-0.0230000086266577));
#12457=CARTESIAN_POINT('',(0.076047127356886,0.0176230939550045,-0.0238000086266577));
#12458=CARTESIAN_POINT('',(0.076047127356886,0.0176230939550045,-0.0230000086266577));
#12459=CARTESIAN_POINT('',(0.0754645048006497,0.016844716016626,-0.0238000086266577));
#12460=CARTESIAN_POINT('',(0.0754645048006497,0.016844716016626,-0.0230000086266577));
#12461=CARTESIAN_POINT('',(0.0753196220195101,0.0163087063770862,-0.0238000086266577));
#12462=CARTESIAN_POINT('',(0.0753196220195101,0.0163087063770862,-0.0230000086266577));
#12463=CARTESIAN_POINT('',(0.075588787977659,0.0159522323114432,-0.0238000086266577));
#12464=CARTESIAN_POINT('',(0.075588787977659,0.0159522323114432,-0.0230000086266578));
#12465=CARTESIAN_POINT('',(0.0757285372784701,0.0158433263616405,-0.0238000086266577));
#12466=CARTESIAN_POINT('',(0.0757285372784701,0.0158433263616405,-0.0230000086266577));
#12467=CARTESIAN_POINT('',(0.0757653641182756,0.0157969494438731,-0.0238000086266577));
#12468=CARTESIAN_POINT('',(0.0757653641182756,0.0157969494438731,-0.0230000086266577));
#12469=CARTESIAN_POINT('',(0.0789810823256085,0.0242738752987763,-0.0230000086266577));
#12470=CARTESIAN_POINT('',(0.0791880111539576,0.024226843807972,-0.0230000086266577));
#12471=CARTESIAN_POINT('',(0.0796249495983259,0.0241263998171902,-0.0230000086266577));
#12472=CARTESIAN_POINT('',(0.0801147791450353,0.0239762425636118,-0.0230000086266577));
#12473=CARTESIAN_POINT('',(0.0804400545282998,0.0238238014459388,-0.0230000086266577));
#12474=CARTESIAN_POINT('',(0.0806298489212085,0.023696866176522,-0.0230000086266577));
#12475=CARTESIAN_POINT('',(0.0807573462389998,0.0235614602024308,-0.0230000086266577));
#12476=CARTESIAN_POINT('',(0.0808264766683224,0.0234201210166107,-0.0230000086266577));
#12477=CARTESIAN_POINT('',(0.080847700065719,0.0232518411619415,-0.0230000086266577));
#12478=CARTESIAN_POINT('',(0.0808040380346979,0.0230251392729715,-0.0230000086266577));
#12479=CARTESIAN_POINT('',(0.0806769433980304,0.02273286035762,-0.0230000086266577));
#12480=CARTESIAN_POINT('',(0.0804078851300556,0.02228386992899,-0.0230000086266577));
#12481=CARTESIAN_POINT('',(0.0799093292422591,0.021636037075758,-0.0230000086266577));
#12482=CARTESIAN_POINT('',(0.0791362875772229,0.0207792586748475,-0.0230000086266577));
#12483=CARTESIAN_POINT('',(0.0782704935129685,0.0198891396017875,-0.0230000086266577));
#12484=CARTESIAN_POINT('',(0.0773926229742773,0.0190097852207931,-0.0230000086266577));
#12485=CARTESIAN_POINT('',(0.0765821966485722,0.0181833903921689,-0.0230000086266577));
#12486=CARTESIAN_POINT('',(0.0760284159606382,0.0175729549377935,-0.0230000086266577));
#12487=CARTESIAN_POINT('',(0.0756949562088312,0.0171473796787509,-0.0230000086266577));
#12488=CARTESIAN_POINT('',(0.0755086276073494,0.0168611442896685,-0.0230000086266577));
#12489=CARTESIAN_POINT('',(0.0753905600535939,0.0165985053968495,-0.0230000086266577));
#12490=CARTESIAN_POINT('',(0.0753698866751976,0.0163384580016111,-0.0230000086266577));
#12491=CARTESIAN_POINT('',(0.0754553788201639,0.0161232597682829,-0.0230000086266577));
#12492=CARTESIAN_POINT('',(0.0755783750657586,0.0159799550244843,-0.0230000086266577));
#12493=CARTESIAN_POINT('',(0.0756926477579393,0.0158755760838465,-0.0230000086266577));
#12494=CARTESIAN_POINT('',(0.075746708223305,0.0158204432573916,-0.0230000086266577));
#12495=CARTESIAN_POINT('',(0.0757652555368819,0.0157970861830121,-0.0230000086266577));
#12496=CARTESIAN_POINT('',(0.0757652917306798,0.0157970406032991,-0.0230000086266577));
#12497=CARTESIAN_POINT('',(0.0757653279244777,0.0157969950235861,-0.0230000086266577));
#12498=CARTESIAN_POINT('',(0.0757653641182756,0.0157969494438731,-0.0230000086266577));
#12499=CARTESIAN_POINT('',(0.0789810823256085,0.0242738752987763,-0.0238000086266577));
#12500=CARTESIAN_POINT('',(0.0791880111539576,0.024226843807972,-0.0238000086266577));
#12501=CARTESIAN_POINT('',(0.0796249495983259,0.0241263998171902,-0.0238000086266577));
#12502=CARTESIAN_POINT('',(0.0801147791450353,0.0239762425636118,-0.0238000086266577));
#12503=CARTESIAN_POINT('',(0.0804400545282998,0.0238238014459388,-0.0238000086266577));
#12504=CARTESIAN_POINT('',(0.0806298489212085,0.023696866176522,-0.0238000086266577));
#12505=CARTESIAN_POINT('',(0.0807573462389998,0.0235614602024308,-0.0238000086266577));
#12506=CARTESIAN_POINT('',(0.0808264766683224,0.0234201210166107,-0.0238000086266577));
#12507=CARTESIAN_POINT('',(0.080847700065719,0.0232518411619415,-0.0238000086266577));
#12508=CARTESIAN_POINT('',(0.0808040380346979,0.0230251392729715,-0.0238000086266577));
#12509=CARTESIAN_POINT('',(0.0806769433980304,0.02273286035762,-0.0238000086266577));
#12510=CARTESIAN_POINT('',(0.0804078851300556,0.02228386992899,-0.0238000086266577));
#12511=CARTESIAN_POINT('',(0.0799093292422591,0.021636037075758,-0.0238000086266577));
#12512=CARTESIAN_POINT('',(0.0791362875772229,0.0207792586748475,-0.0238000086266577));
#12513=CARTESIAN_POINT('',(0.0782704935129685,0.0198891396017875,-0.0238000086266577));
#12514=CARTESIAN_POINT('',(0.0773926229742773,0.0190097852207931,-0.0238000086266577));
#12515=CARTESIAN_POINT('',(0.0765821966485722,0.0181833903921689,-0.0238000086266577));
#12516=CARTESIAN_POINT('',(0.0760284159606382,0.0175729549377935,-0.0238000086266577));
#12517=CARTESIAN_POINT('',(0.0756949562088312,0.0171473796787509,-0.0238000086266577));
#12518=CARTESIAN_POINT('',(0.0755086276073494,0.0168611442896685,-0.0238000086266577));
#12519=CARTESIAN_POINT('',(0.0753905600535939,0.0165985053968495,-0.0238000086266577));
#12520=CARTESIAN_POINT('',(0.0753698866751976,0.0163384580016111,-0.0238000086266577));
#12521=CARTESIAN_POINT('',(0.0754553788201639,0.0161232597682829,-0.0238000086266577));
#12522=CARTESIAN_POINT('',(0.0755783750657586,0.0159799550244843,-0.0238000086266577));
#12523=CARTESIAN_POINT('',(0.0756926477579393,0.0158755760838465,-0.0238000086266577));
#12524=CARTESIAN_POINT('',(0.075746708223305,0.0158204432573916,-0.0238000086266577));
#12525=CARTESIAN_POINT('',(0.0757652555368819,0.0157970861830121,-0.0238000086266577));
#12526=CARTESIAN_POINT('',(0.0757652917306798,0.0157970406032991,-0.0238000086266577));
#12527=CARTESIAN_POINT('',(0.0757653279244777,0.0157969950235861,-0.0238000086266577));
#12528=CARTESIAN_POINT('',(0.0757653641182756,0.0157969494438731,-0.0238000086266577));
#12529=CARTESIAN_POINT('',(0.0844857986068248,-0.00201795985596449,-0.0238000086266577));
#12530=CARTESIAN_POINT('',(0.0844857986068248,-0.00201795985596449,-0.0230000086266577));
#12531=MECHANICAL_DESIGN_GEOMETRIC_PRESENTATION_REPRESENTATION('',(#6612),
#12532);
#12532=(
GEOMETRIC_REPRESENTATION_CONTEXT(3)
GLOBAL_UNCERTAINTY_ASSIGNED_CONTEXT((#12533))
GLOBAL_UNIT_ASSIGNED_CONTEXT((#12536,#12535,#12534))
REPRESENTATION_CONTEXT('HackclubFlag','TOP_LEVEL_ASSEMBLY_PART')
);
#12533=UNCERTAINTY_MEASURE_WITH_UNIT(LENGTH_MEASURE(2.E-5),#12536,
'DISTANCE_ACCURACY_VALUE','Maximum Tolerance applied to model');
#12534=(
NAMED_UNIT(*)
SI_UNIT($,.STERADIAN.)
SOLID_ANGLE_UNIT()
);
#12535=(
NAMED_UNIT(*)
PLANE_ANGLE_UNIT()
SI_UNIT($,.RADIAN.)
);
#12536=(
LENGTH_UNIT()
NAMED_UNIT(*)
SI_UNIT($,.METRE.)
);
#12537=PRODUCT_DEFINITION_SHAPE('','',#12538);
#12538=PRODUCT_DEFINITION('','',#12540,#12539);
#12539=PRODUCT_DEFINITION_CONTEXT('',#12546,'design');
#12540=PRODUCT_DEFINITION_FORMATION_WITH_SPECIFIED_SOURCE('','',#12542,
 .NOT_KNOWN.);
#12541=PRODUCT_RELATED_PRODUCT_CATEGORY('','',(#12542));
#12542=PRODUCT('HackclubFlag','HackclubFlag','HackclubFlag',(#12544));
#12543=PRODUCT_CATEGORY('','');
#12544=PRODUCT_CONTEXT('',#12546,'mechanical');
#12545=APPLICATION_PROTOCOL_DEFINITION('international standard',
'ap242_managed_model_based_3d_engineering',2020,#12546);
#12546=APPLICATION_CONTEXT('managed model based 3d engineering');
ENDSEC;
END-ISO-10303-21;
