ISO-10303-21;
HEADER;
/* Generated by software containing ST-Developer
 * from STEP Tools, Inc. (www.steptools.com) 
 */
/* OPTION: using custom renumber hook */

FILE_DESCRIPTION(
/* description */ ('STEP AP242 Edition 2',
'CAx-IF Rec.Pracs.---Representation and Presentation of Product Manufa
cturing Information (PMI)---4.0---2014-10-13',
'CAx-IF Rec.Pracs.---3D Tessellated Geometry---0.4---2014-09-14','2;1',
'CAx-IF Rec.Pracs.---User Defined Attributes---1.5---2016-08-15'),
/* implementation_level */ '2;1');

FILE_NAME(
/* name */ 'M_BUTTONS - SelectButton',
/* time_stamp */ '2026-09-23T14:39:54Z',
/* author */ (''),
/* organization */ (''),
/* preprocessor_version */ 'ST-DEVELOPER v20',
/* originating_system */ 'ONSHAPE BY PTC INC, 1.221',
/* authorisation */ '  ');

FILE_SCHEMA (('AP242_MANAGED_MODEL_BASED_3D_ENGINEERING_MIM_LF { 1 0 10303 442 3 1 4 }'));
ENDSEC;

DATA;
#10=SHAPE_REPRESENTATION_RELATIONSHIP('','',#2158,#11);
#11=ADVANCED_BREP_SHAPE_REPRESENTATION('',(#2156),#3824);
#12=B_SPLINE_SURFACE_WITH_KNOTS('',2,3,((#3081,#3082,#3083,#3084,#3085,
#3086),(#3087,#3088,#3089,#3090,#3091,#3092),(#3093,#3094,#3095,#3096,#3097,
#3098)),.UNSPECIFIED.,.F.,.F.,.F.,(3,3),(4,2,4),(0.,1.),(3.1415926535898,
3.92699081698724,4.71238898038469),.UNSPECIFIED.);
#13=B_SPLINE_SURFACE_WITH_KNOTS('',3,1,((#3107,#3108),(#3109,#3110),(#3111,
#3112),(#3113,#3114)),.SURF_OF_LINEAR_EXTRUSION.,.F.,.F.,.F.,(4,4),(2,2),
(-4.58805867547883E-16,1.00000000000041),(0.,1.),
 .PIECEWISE_BEZIER_KNOTS.);
#14=B_SPLINE_SURFACE_WITH_KNOTS('',3,1,((#3119,#3120),(#3121,#3122),(#3123,
#3124),(#3125,#3126)),.SURF_OF_LINEAR_EXTRUSION.,.F.,.F.,.F.,(4,4),(2,2),
(-6.01227986903628E-16,0.999999999999999),(0.,1.),
 .PIECEWISE_BEZIER_KNOTS.);
#15=B_SPLINE_SURFACE_WITH_KNOTS('',2,3,((#3131,#3132,#3133,#3134,#3135,
#3136),(#3137,#3138,#3139,#3140,#3141,#3142),(#3143,#3144,#3145,#3146,#3147,
#3148)),.UNSPECIFIED.,.F.,.F.,.F.,(3,3),(4,2,4),(0.,1.),(4.71238898038469,
5.49778714378214,6.28318530717959),.UNSPECIFIED.);
#16=B_SPLINE_SURFACE_WITH_KNOTS('',2,3,((#3153,#3154,#3155,#3156,#3157,
#3158),(#3159,#3160,#3161,#3162,#3163,#3164),(#3165,#3166,#3167,#3168,#3169,
#3170)),.UNSPECIFIED.,.F.,.F.,.F.,(3,3),(4,2,4),(0.,1.),(1.5707963267949,
2.35619449019234,3.1415926535898),.UNSPECIFIED.);
#17=B_SPLINE_SURFACE_WITH_KNOTS('',3,1,((#3175,#3176),(#3177,#3178),(#3179,
#3180),(#3181,#3182)),.SURF_OF_LINEAR_EXTRUSION.,.F.,.F.,.F.,(4,4),(2,2),
(-1.00839491482977E-15,1.),(0.,1.),.PIECEWISE_BEZIER_KNOTS.);
#18=B_SPLINE_SURFACE_WITH_KNOTS('',3,1,((#3187,#3188),(#3189,#3190),(#3191,
#3192),(#3193,#3194)),.SURF_OF_LINEAR_EXTRUSION.,.F.,.F.,.F.,(4,4),(2,2),
(2.71595125258318E-16,0.999999999999593),(0.,1.),
 .PIECEWISE_BEZIER_KNOTS.);
#19=B_SPLINE_SURFACE_WITH_KNOTS('',2,3,((#3199,#3200,#3201,#3202,#3203,
#3204),(#3205,#3206,#3207,#3208,#3209,#3210),(#3211,#3212,#3213,#3214,#3215,
#3216)),.UNSPECIFIED.,.F.,.F.,.F.,(3,3),(4,2,4),(0.,1.),(0.,0.785398163397448,
1.5707963267949),.UNSPECIFIED.);
#20=B_SPLINE_SURFACE_WITH_KNOTS('',3,1,((#3250,#3251),(#3252,#3253),(#3254,
#3255),(#3256,#3257)),.SURF_OF_LINEAR_EXTRUSION.,.F.,.F.,.F.,(4,4),(2,2),
(0.,1.),(0.,1.),.PIECEWISE_BEZIER_KNOTS.);
#21=B_SPLINE_SURFACE_WITH_KNOTS('',3,1,((#3269,#3270),(#3271,#3272),(#3273,
#3274),(#3275,#3276)),.SURF_OF_LINEAR_EXTRUSION.,.F.,.F.,.F.,(4,4),(2,2),
(0.,1.),(0.,1.),.PIECEWISE_BEZIER_KNOTS.);
#22=B_SPLINE_SURFACE_WITH_KNOTS('',3,1,((#3282,#3283),(#3284,#3285),(#3286,
#3287),(#3288,#3289)),.SURF_OF_LINEAR_EXTRUSION.,.F.,.F.,.F.,(4,4),(2,2),
(0.,1.),(0.,1.),.PIECEWISE_BEZIER_KNOTS.);
#23=B_SPLINE_SURFACE_WITH_KNOTS('',3,1,((#3295,#3296),(#3297,#3298),(#3299,
#3300),(#3301,#3302)),.SURF_OF_LINEAR_EXTRUSION.,.F.,.F.,.F.,(4,4),(2,2),
(0.,1.),(0.,1.),.PIECEWISE_BEZIER_KNOTS.);
#24=B_SPLINE_SURFACE_WITH_KNOTS('',3,1,((#3308,#3309),(#3310,#3311),(#3312,
#3313),(#3314,#3315)),.SURF_OF_LINEAR_EXTRUSION.,.F.,.F.,.F.,(4,4),(2,2),
(0.,1.),(0.,1.),.PIECEWISE_BEZIER_KNOTS.);
#25=B_SPLINE_SURFACE_WITH_KNOTS('',3,1,((#3325,#3326),(#3327,#3328),(#3329,
#3330),(#3331,#3332)),.SURF_OF_LINEAR_EXTRUSION.,.F.,.F.,.F.,(4,4),(2,2),
(0.,1.),(0.,1.),.PIECEWISE_BEZIER_KNOTS.);
#26=B_SPLINE_SURFACE_WITH_KNOTS('',3,1,((#3338,#3339),(#3340,#3341),(#3342,
#3343),(#3344,#3345)),.SURF_OF_LINEAR_EXTRUSION.,.F.,.F.,.F.,(4,4),(2,2),
(0.,1.),(0.,1.),.PIECEWISE_BEZIER_KNOTS.);
#27=B_SPLINE_SURFACE_WITH_KNOTS('',3,1,((#3351,#3352),(#3353,#3354),(#3355,
#3356),(#3357,#3358)),.SURF_OF_LINEAR_EXTRUSION.,.F.,.F.,.F.,(4,4),(2,2),
(0.,1.),(0.,1.),.PIECEWISE_BEZIER_KNOTS.);
#28=B_SPLINE_SURFACE_WITH_KNOTS('',3,1,((#3364,#3365),(#3366,#3367),(#3368,
#3369),(#3370,#3371)),.SURF_OF_LINEAR_EXTRUSION.,.F.,.F.,.F.,(4,4),(2,2),
(0.,1.),(0.,1.),.PIECEWISE_BEZIER_KNOTS.);
#29=B_SPLINE_SURFACE_WITH_KNOTS('',3,1,((#3381,#3382),(#3383,#3384),(#3385,
#3386),(#3387,#3388)),.SURF_OF_LINEAR_EXTRUSION.,.F.,.F.,.F.,(4,4),(2,2),
(0.,1.),(0.,1.),.PIECEWISE_BEZIER_KNOTS.);
#30=B_SPLINE_SURFACE_WITH_KNOTS('',3,1,((#3394,#3395),(#3396,#3397),(#3398,
#3399),(#3400,#3401)),.SURF_OF_LINEAR_EXTRUSION.,.F.,.F.,.F.,(4,4),(2,2),
(0.,1.),(0.,1.),.PIECEWISE_BEZIER_KNOTS.);
#31=B_SPLINE_SURFACE_WITH_KNOTS('',3,1,((#3415,#3416),(#3417,#3418),(#3419,
#3420),(#3421,#3422)),.SURF_OF_LINEAR_EXTRUSION.,.F.,.F.,.F.,(4,4),(2,2),
(0.,1.),(0.,1.),.PIECEWISE_BEZIER_KNOTS.);
#32=B_SPLINE_SURFACE_WITH_KNOTS('',3,1,((#3432,#3433),(#3434,#3435),(#3436,
#3437),(#3438,#3439)),.SURF_OF_LINEAR_EXTRUSION.,.F.,.F.,.F.,(4,4),(2,2),
(0.,1.),(0.,1.),.PIECEWISE_BEZIER_KNOTS.);
#33=B_SPLINE_SURFACE_WITH_KNOTS('',3,1,((#3445,#3446),(#3447,#3448),(#3449,
#3450),(#3451,#3452)),.SURF_OF_LINEAR_EXTRUSION.,.F.,.F.,.F.,(4,4),(2,2),
(0.,1.),(0.,1.),.PIECEWISE_BEZIER_KNOTS.);
#34=B_SPLINE_SURFACE_WITH_KNOTS('',3,1,((#3458,#3459),(#3460,#3461),(#3462,
#3463),(#3464,#3465)),.SURF_OF_LINEAR_EXTRUSION.,.F.,.F.,.F.,(4,4),(2,2),
(0.,1.),(0.,1.),.PIECEWISE_BEZIER_KNOTS.);
#35=B_SPLINE_SURFACE_WITH_KNOTS('',3,1,((#3603,#3604),(#3605,#3606),(#3607,
#3608),(#3609,#3610)),.SURF_OF_LINEAR_EXTRUSION.,.F.,.F.,.F.,(4,4),(2,2),
(0.,1.),(0.,1.),.PIECEWISE_BEZIER_KNOTS.);
#36=B_SPLINE_SURFACE_WITH_KNOTS('',3,1,((#3616,#3617),(#3618,#3619),(#3620,
#3621),(#3622,#3623)),.SURF_OF_LINEAR_EXTRUSION.,.F.,.F.,.F.,(4,4),(2,2),
(0.,1.),(0.,1.),.PIECEWISE_BEZIER_KNOTS.);
#37=B_SPLINE_SURFACE_WITH_KNOTS('',3,1,((#3645,#3646),(#3647,#3648),(#3649,
#3650),(#3651,#3652)),.SURF_OF_LINEAR_EXTRUSION.,.F.,.F.,.F.,(4,4),(2,2),
(0.,1.),(0.,1.),.PIECEWISE_BEZIER_KNOTS.);
#38=B_SPLINE_SURFACE_WITH_KNOTS('',3,1,((#3658,#3659),(#3660,#3661),(#3662,
#3663),(#3664,#3665)),.SURF_OF_LINEAR_EXTRUSION.,.F.,.F.,.F.,(4,4),(2,2),
(0.,1.),(0.,1.),.PIECEWISE_BEZIER_KNOTS.);
#39=B_SPLINE_SURFACE_WITH_KNOTS('',3,1,((#3675,#3676),(#3677,#3678),(#3679,
#3680),(#3681,#3682)),.SURF_OF_LINEAR_EXTRUSION.,.F.,.F.,.F.,(4,4),(2,2),
(0.,1.),(0.,1.),.PIECEWISE_BEZIER_KNOTS.);
#40=B_SPLINE_SURFACE_WITH_KNOTS('',3,1,((#3688,#3689),(#3690,#3691),(#3692,
#3693),(#3694,#3695)),.SURF_OF_LINEAR_EXTRUSION.,.F.,.F.,.F.,(4,4),(2,2),
(0.,1.),(0.,1.),.PIECEWISE_BEZIER_KNOTS.);
#41=B_SPLINE_SURFACE_WITH_KNOTS('',3,1,((#3701,#3702),(#3703,#3704),(#3705,
#3706),(#3707,#3708)),.SURF_OF_LINEAR_EXTRUSION.,.F.,.F.,.F.,(4,4),(2,2),
(0.,1.),(0.,1.),.PIECEWISE_BEZIER_KNOTS.);
#42=B_SPLINE_SURFACE_WITH_KNOTS('',3,1,((#3718,#3719),(#3720,#3721),(#3722,
#3723),(#3724,#3725)),.SURF_OF_LINEAR_EXTRUSION.,.F.,.F.,.F.,(4,4),(2,2),
(0.,1.),(0.,1.),.PIECEWISE_BEZIER_KNOTS.);
#43=B_SPLINE_SURFACE_WITH_KNOTS('',3,1,((#3731,#3732),(#3733,#3734),(#3735,
#3736),(#3737,#3738)),.SURF_OF_LINEAR_EXTRUSION.,.F.,.F.,.F.,(4,4),(2,2),
(0.,1.),(0.,1.),.PIECEWISE_BEZIER_KNOTS.);
#44=B_SPLINE_SURFACE_WITH_KNOTS('',3,1,((#3744,#3745),(#3746,#3747),(#3748,
#3749),(#3750,#3751)),.SURF_OF_LINEAR_EXTRUSION.,.F.,.F.,.F.,(4,4),(2,2),
(0.,1.),(0.,1.),.PIECEWISE_BEZIER_KNOTS.);
#45=B_SPLINE_SURFACE_WITH_KNOTS('',3,1,((#3777,#3778),(#3779,#3780),(#3781,
#3782),(#3783,#3784)),.SURF_OF_LINEAR_EXTRUSION.,.F.,.F.,.F.,(4,4),(2,2),
(0.,1.),(0.,1.),.PIECEWISE_BEZIER_KNOTS.);
#46=B_SPLINE_SURFACE_WITH_KNOTS('',3,1,((#3794,#3795),(#3796,#3797),(#3798,
#3799),(#3800,#3801)),.SURF_OF_LINEAR_EXTRUSION.,.F.,.F.,.F.,(4,4),(2,2),
(0.,1.),(0.,1.),.PIECEWISE_BEZIER_KNOTS.);
#47=B_SPLINE_SURFACE_WITH_KNOTS('',3,1,((#3811,#3812),(#3813,#3814),(#3815,
#3816),(#3817,#3818)),.SURF_OF_LINEAR_EXTRUSION.,.F.,.F.,.F.,(4,4),(2,2),
(0.,1.),(0.,1.),.PIECEWISE_BEZIER_KNOTS.);
#48=CYLINDRICAL_SURFACE('',#2187,0.002);
#49=CYLINDRICAL_SURFACE('',#2189,0.002);
#50=CYLINDRICAL_SURFACE('',#2191,0.002);
#51=CYLINDRICAL_SURFACE('',#2193,0.002);
#52=CYLINDRICAL_SURFACE('',#2206,0.000902178966715037);
#53=CYLINDRICAL_SURFACE('',#2208,0.000844279062640428);
#54=CYLINDRICAL_SURFACE('',#2245,0.000234149399566602);
#55=CYLINDRICAL_SURFACE('',#2247,0.000214977266461501);
#56=CYLINDRICAL_SURFACE('',#2250,0.000656924277819308);
#57=CYLINDRICAL_SURFACE('',#2252,0.000739592429822982);
#58=CYLINDRICAL_SURFACE('',#2254,0.00113088186743096);
#59=CYLINDRICAL_SURFACE('',#2256,0.000578338985429097);
#60=CYLINDRICAL_SURFACE('',#2258,0.000222629884578222);
#61=CYLINDRICAL_SURFACE('',#2261,0.000634788021607209);
#62=CYLINDRICAL_SURFACE('',#2263,0.000676378584883483);
#63=CYLINDRICAL_SURFACE('',#2265,0.000996387109119639);
#64=CYLINDRICAL_SURFACE('',#2267,0.00109620323129134);
#65=CYLINDRICAL_SURFACE('',#2269,0.000534897500765471);
#66=CYLINDRICAL_SURFACE('',#2271,0.00235949294327755);
#67=CIRCLE('',#2161,0.000844279062640428);
#68=CIRCLE('',#2162,0.000902178966715037);
#69=CIRCLE('',#2163,0.000214977266461501);
#70=CIRCLE('',#2164,0.000234149399566602);
#71=CIRCLE('',#2165,0.00235949294327755);
#72=CIRCLE('',#2166,0.000534897500765471);
#73=CIRCLE('',#2167,0.00109620323129134);
#74=CIRCLE('',#2168,0.000996387109119639);
#75=CIRCLE('',#2169,0.000676378584883483);
#76=CIRCLE('',#2170,0.000634788021607209);
#77=CIRCLE('',#2171,0.000222629884578222);
#78=CIRCLE('',#2172,0.000578338985429097);
#79=CIRCLE('',#2173,0.00113088186743096);
#80=CIRCLE('',#2174,0.000739592429822982);
#81=CIRCLE('',#2175,0.000656924277819308);
#82=CIRCLE('',#2177,0.002);
#83=CIRCLE('',#2178,0.002);
#84=CIRCLE('',#2179,0.002);
#85=CIRCLE('',#2180,0.002);
#86=CIRCLE('',#2207,0.000902178966715037);
#87=CIRCLE('',#2209,0.000844279062640428);
#88=CIRCLE('',#2246,0.000234149399566602);
#89=CIRCLE('',#2248,0.000214977266461501);
#90=CIRCLE('',#2251,0.000656924277819308);
#91=CIRCLE('',#2253,0.000739592429822982);
#92=CIRCLE('',#2255,0.00113088186743096);
#93=CIRCLE('',#2257,0.000578338985429097);
#94=CIRCLE('',#2259,0.000222629884578222);
#95=CIRCLE('',#2262,0.000634788021607209);
#96=CIRCLE('',#2264,0.000676378584883483);
#97=CIRCLE('',#2266,0.000996387109119639);
#98=CIRCLE('',#2268,0.00109620323129134);
#99=CIRCLE('',#2270,0.000534897500765471);
#100=CIRCLE('',#2272,0.00235949294327755);
#101=LINE('',#2749,#300);
#102=LINE('',#2752,#301);
#103=LINE('',#2754,#302);
#104=LINE('',#2756,#303);
#105=LINE('',#2758,#304);
#106=LINE('',#2760,#305);
#107=LINE('',#2762,#306);
#108=LINE('',#2764,#307);
#109=LINE('',#2765,#308);
#110=LINE('',#2784,#309);
#111=LINE('',#2802,#310);
#112=LINE('',#2820,#311);
#113=LINE('',#2837,#312);
#114=LINE('',#2840,#313);
#115=LINE('',#2842,#314);
#116=LINE('',#2844,#315);
#117=LINE('',#2846,#316);
#118=LINE('',#2848,#317);
#119=LINE('',#2850,#318);
#120=LINE('',#2852,#319);
#121=LINE('',#2854,#320);
#122=LINE('',#2856,#321);
#123=LINE('',#2858,#322);
#124=LINE('',#2860,#323);
#125=LINE('',#2861,#324);
#126=LINE('',#2864,#325);
#127=LINE('',#2866,#326);
#128=LINE('',#2868,#327);
#129=LINE('',#2870,#328);
#130=LINE('',#2872,#329);
#131=LINE('',#2873,#330);
#132=LINE('',#2876,#331);
#133=LINE('',#2878,#332);
#134=LINE('',#2880,#333);
#135=LINE('',#2882,#334);
#136=LINE('',#2884,#335);
#137=LINE('',#2886,#336);
#138=LINE('',#2888,#337);
#139=LINE('',#2890,#338);
#140=LINE('',#2892,#339);
#141=LINE('',#2894,#340);
#142=LINE('',#2896,#341);
#143=LINE('',#2926,#342);
#144=LINE('',#2970,#343);
#145=LINE('',#2980,#344);
#146=LINE('',#2983,#345);
#147=LINE('',#2985,#346);
#148=LINE('',#2987,#347);
#149=LINE('',#2991,#348);
#150=LINE('',#2995,#349);
#151=LINE('',#2999,#350);
#152=LINE('',#3003,#351);
#153=LINE('',#3005,#352);
#154=LINE('',#3008,#353);
#155=LINE('',#3009,#354);
#156=LINE('',#3011,#355);
#157=LINE('',#3013,#356);
#158=LINE('',#3015,#357);
#159=LINE('',#3017,#358);
#160=LINE('',#3019,#359);
#161=LINE('',#3022,#360);
#162=LINE('',#3024,#361);
#163=LINE('',#3031,#362);
#164=LINE('',#3039,#363);
#165=LINE('',#3046,#364);
#166=LINE('',#3054,#365);
#167=LINE('',#3061,#366);
#168=LINE('',#3069,#367);
#169=LINE('',#3218,#368);
#170=LINE('',#3220,#369);
#171=LINE('',#3222,#370);
#172=LINE('',#3224,#371);
#173=LINE('',#3226,#372);
#174=LINE('',#3228,#373);
#175=LINE('',#3230,#374);
#176=LINE('',#3232,#375);
#177=LINE('',#3234,#376);
#178=LINE('',#3236,#377);
#179=LINE('',#3238,#378);
#180=LINE('',#3240,#379);
#181=LINE('',#3242,#380);
#182=LINE('',#3244,#381);
#183=LINE('',#3246,#382);
#184=LINE('',#3248,#383);
#185=LINE('',#3258,#384);
#186=LINE('',#3264,#385);
#187=LINE('',#3266,#386);
#188=LINE('',#3268,#387);
#189=LINE('',#3277,#388);
#190=LINE('',#3290,#389);
#191=LINE('',#3303,#390);
#192=LINE('',#3316,#391);
#193=LINE('',#3322,#392);
#194=LINE('',#3324,#393);
#195=LINE('',#3333,#394);
#196=LINE('',#3346,#395);
#197=LINE('',#3359,#396);
#198=LINE('',#3372,#397);
#199=LINE('',#3378,#398);
#200=LINE('',#3380,#399);
#201=LINE('',#3389,#400);
#202=LINE('',#3402,#401);
#203=LINE('',#3408,#402);
#204=LINE('',#3412,#403);
#205=LINE('',#3423,#404);
#206=LINE('',#3429,#405);
#207=LINE('',#3431,#406);
#208=LINE('',#3440,#407);
#209=LINE('',#3453,#408);
#210=LINE('',#3471,#409);
#211=LINE('',#3473,#410);
#212=LINE('',#3475,#411);
#213=LINE('',#3477,#412);
#214=LINE('',#3479,#413);
#215=LINE('',#3481,#414);
#216=LINE('',#3483,#415);
#217=LINE('',#3485,#416);
#218=LINE('',#3487,#417);
#219=LINE('',#3489,#418);
#220=LINE('',#3491,#419);
#221=LINE('',#3493,#420);
#222=LINE('',#3495,#421);
#223=LINE('',#3497,#422);
#224=LINE('',#3499,#423);
#225=LINE('',#3501,#424);
#226=LINE('',#3503,#425);
#227=LINE('',#3505,#426);
#228=LINE('',#3507,#427);
#229=LINE('',#3509,#428);
#230=LINE('',#3511,#429);
#231=LINE('',#3513,#430);
#232=LINE('',#3515,#431);
#233=LINE('',#3517,#432);
#234=LINE('',#3520,#433);
#235=LINE('',#3522,#434);
#236=LINE('',#3524,#435);
#237=LINE('',#3526,#436);
#238=LINE('',#3528,#437);
#239=LINE('',#3530,#438);
#240=LINE('',#3532,#439);
#241=LINE('',#3534,#440);
#242=LINE('',#3536,#441);
#243=LINE('',#3538,#442);
#244=LINE('',#3540,#443);
#245=LINE('',#3542,#444);
#246=LINE('',#3545,#445);
#247=LINE('',#3547,#446);
#248=LINE('',#3549,#447);
#249=LINE('',#3551,#448);
#250=LINE('',#3553,#449);
#251=LINE('',#3555,#450);
#252=LINE('',#3557,#451);
#253=LINE('',#3559,#452);
#254=LINE('',#3561,#453);
#255=LINE('',#3563,#454);
#256=LINE('',#3565,#455);
#257=LINE('',#3567,#456);
#258=LINE('',#3569,#457);
#259=LINE('',#3571,#458);
#260=LINE('',#3573,#459);
#261=LINE('',#3575,#460);
#262=LINE('',#3577,#461);
#263=LINE('',#3579,#462);
#264=LINE('',#3581,#463);
#265=LINE('',#3583,#464);
#266=LINE('',#3585,#465);
#267=LINE('',#3587,#466);
#268=LINE('',#3589,#467);
#269=LINE('',#3591,#468);
#270=LINE('',#3594,#469);
#271=LINE('',#3598,#470);
#272=LINE('',#3600,#471);
#273=LINE('',#3611,#472);
#274=LINE('',#3624,#473);
#275=LINE('',#3630,#474);
#276=LINE('',#3632,#475);
#277=LINE('',#3634,#476);
#278=LINE('',#3638,#477);
#279=LINE('',#3642,#478);
#280=LINE('',#3653,#479);
#281=LINE('',#3666,#480);
#282=LINE('',#3672,#481);
#283=LINE('',#3683,#482);
#284=LINE('',#3696,#483);
#285=LINE('',#3709,#484);
#286=LINE('',#3715,#485);
#287=LINE('',#3726,#486);
#288=LINE('',#3739,#487);
#289=LINE('',#3752,#488);
#290=LINE('',#3758,#489);
#291=LINE('',#3760,#490);
#292=LINE('',#3762,#491);
#293=LINE('',#3766,#492);
#294=LINE('',#3770,#493);
#295=LINE('',#3774,#494);
#296=LINE('',#3785,#495);
#297=LINE('',#3791,#496);
#298=LINE('',#3802,#497);
#299=LINE('',#3808,#498);
#300=VECTOR('',#2278,1.);
#301=VECTOR('',#2279,1.);
#302=VECTOR('',#2280,1.);
#303=VECTOR('',#2281,1.);
#304=VECTOR('',#2282,1.);
#305=VECTOR('',#2283,1.);
#306=VECTOR('',#2284,1.);
#307=VECTOR('',#2285,1.);
#308=VECTOR('',#2286,1.);
#309=VECTOR('',#2287,1.);
#310=VECTOR('',#2292,1.);
#311=VECTOR('',#2293,1.);
#312=VECTOR('',#2294,1.);
#313=VECTOR('',#2295,1.);
#314=VECTOR('',#2296,1.);
#315=VECTOR('',#2297,1.);
#316=VECTOR('',#2298,1.);
#317=VECTOR('',#2299,1.);
#318=VECTOR('',#2300,1.);
#319=VECTOR('',#2301,1.);
#320=VECTOR('',#2302,1.);
#321=VECTOR('',#2303,1.);
#322=VECTOR('',#2304,1.);
#323=VECTOR('',#2305,1.);
#324=VECTOR('',#2306,1.);
#325=VECTOR('',#2307,1.);
#326=VECTOR('',#2308,1.);
#327=VECTOR('',#2309,1.);
#328=VECTOR('',#2310,1.);
#329=VECTOR('',#2311,1.);
#330=VECTOR('',#2312,1.);
#331=VECTOR('',#2313,1.);
#332=VECTOR('',#2314,1.);
#333=VECTOR('',#2315,1.);
#334=VECTOR('',#2316,1.);
#335=VECTOR('',#2317,1.);
#336=VECTOR('',#2318,1.);
#337=VECTOR('',#2319,1.);
#338=VECTOR('',#2320,1.);
#339=VECTOR('',#2321,1.);
#340=VECTOR('',#2322,1.);
#341=VECTOR('',#2323,1.);
#342=VECTOR('',#2340,1.);
#343=VECTOR('',#2351,1.);
#344=VECTOR('',#2354,1.);
#345=VECTOR('',#2355,1.);
#346=VECTOR('',#2356,1.);
#347=VECTOR('',#2357,1.);
#348=VECTOR('',#2360,1.);
#349=VECTOR('',#2363,1.);
#350=VECTOR('',#2366,1.);
#351=VECTOR('',#2369,1.);
#352=VECTOR('',#2372,1.);
#353=VECTOR('',#2373,1.);
#354=VECTOR('',#2374,1.);
#355=VECTOR('',#2377,1.);
#356=VECTOR('',#2378,1.);
#357=VECTOR('',#2381,1.);
#358=VECTOR('',#2382,1.);
#359=VECTOR('',#2385,1.);
#360=VECTOR('',#2390,1.);
#361=VECTOR('',#2391,1.);
#362=VECTOR('',#2394,1.);
#363=VECTOR('',#2397,1.);
#364=VECTOR('',#2400,1.);
#365=VECTOR('',#2403,1.);
#366=VECTOR('',#2406,1.);
#367=VECTOR('',#2409,1.);
#368=VECTOR('',#2414,1.);
#369=VECTOR('',#2415,1.);
#370=VECTOR('',#2416,1.);
#371=VECTOR('',#2419,1.);
#372=VECTOR('',#2420,1.);
#373=VECTOR('',#2423,1.);
#374=VECTOR('',#2424,1.);
#375=VECTOR('',#2427,1.);
#376=VECTOR('',#2428,1.);
#377=VECTOR('',#2431,1.);
#378=VECTOR('',#2432,1.);
#379=VECTOR('',#2435,1.);
#380=VECTOR('',#2436,1.);
#381=VECTOR('',#2439,1.);
#382=VECTOR('',#2440,1.);
#383=VECTOR('',#2443,1.);
#384=VECTOR('',#2446,1.);
#385=VECTOR('',#2447,1.);
#386=VECTOR('',#2450,1.);
#387=VECTOR('',#2451,1.);
#388=VECTOR('',#2452,1.);
#389=VECTOR('',#2453,1.);
#390=VECTOR('',#2454,1.);
#391=VECTOR('',#2455,1.);
#392=VECTOR('',#2458,1.);
#393=VECTOR('',#2459,1.);
#394=VECTOR('',#2460,1.);
#395=VECTOR('',#2461,1.);
#396=VECTOR('',#2462,1.);
#397=VECTOR('',#2463,1.);
#398=VECTOR('',#2466,1.);
#399=VECTOR('',#2467,1.);
#400=VECTOR('',#2468,1.);
#401=VECTOR('',#2469,1.);
#402=VECTOR('',#2472,1.);
#403=VECTOR('',#2477,1.);
#404=VECTOR('',#2480,1.);
#405=VECTOR('',#2483,1.);
#406=VECTOR('',#2484,1.);
#407=VECTOR('',#2485,1.);
#408=VECTOR('',#2486,1.);
#409=VECTOR('',#2491,1.);
#410=VECTOR('',#2492,1.);
#411=VECTOR('',#2493,1.);
#412=VECTOR('',#2496,1.);
#413=VECTOR('',#2497,1.);
#414=VECTOR('',#2500,1.);
#415=VECTOR('',#2501,1.);
#416=VECTOR('',#2504,1.);
#417=VECTOR('',#2505,1.);
#418=VECTOR('',#2508,1.);
#419=VECTOR('',#2509,1.);
#420=VECTOR('',#2512,1.);
#421=VECTOR('',#2513,1.);
#422=VECTOR('',#2516,1.);
#423=VECTOR('',#2517,1.);
#424=VECTOR('',#2520,1.);
#425=VECTOR('',#2521,1.);
#426=VECTOR('',#2524,1.);
#427=VECTOR('',#2525,1.);
#428=VECTOR('',#2528,1.);
#429=VECTOR('',#2529,1.);
#430=VECTOR('',#2532,1.);
#431=VECTOR('',#2533,1.);
#432=VECTOR('',#2536,1.);
#433=VECTOR('',#2541,1.);
#434=VECTOR('',#2542,1.);
#435=VECTOR('',#2543,1.);
#436=VECTOR('',#2546,1.);
#437=VECTOR('',#2547,1.);
#438=VECTOR('',#2550,1.);
#439=VECTOR('',#2551,1.);
#440=VECTOR('',#2554,1.);
#441=VECTOR('',#2555,1.);
#442=VECTOR('',#2558,1.);
#443=VECTOR('',#2559,1.);
#444=VECTOR('',#2562,1.);
#445=VECTOR('',#2567,1.);
#446=VECTOR('',#2568,1.);
#447=VECTOR('',#2569,1.);
#448=VECTOR('',#2572,1.);
#449=VECTOR('',#2573,1.);
#450=VECTOR('',#2576,1.);
#451=VECTOR('',#2577,1.);
#452=VECTOR('',#2580,1.);
#453=VECTOR('',#2581,1.);
#454=VECTOR('',#2584,1.);
#455=VECTOR('',#2585,1.);
#456=VECTOR('',#2588,1.);
#457=VECTOR('',#2589,1.);
#458=VECTOR('',#2592,1.);
#459=VECTOR('',#2593,1.);
#460=VECTOR('',#2596,1.);
#461=VECTOR('',#2597,1.);
#462=VECTOR('',#2600,1.);
#463=VECTOR('',#2601,1.);
#464=VECTOR('',#2604,1.);
#465=VECTOR('',#2605,1.);
#466=VECTOR('',#2608,1.);
#467=VECTOR('',#2609,1.);
#468=VECTOR('',#2612,1.);
#469=VECTOR('',#2617,1.);
#470=VECTOR('',#2620,1.);
#471=VECTOR('',#2623,1.);
#472=VECTOR('',#2626,1.);
#473=VECTOR('',#2627,1.);
#474=VECTOR('',#2630,1.);
#475=VECTOR('',#2631,1.);
#476=VECTOR('',#2634,1.);
#477=VECTOR('',#2639,1.);
#478=VECTOR('',#2644,1.);
#479=VECTOR('',#2647,1.);
#480=VECTOR('',#2648,1.);
#481=VECTOR('',#2651,1.);
#482=VECTOR('',#2654,1.);
#483=VECTOR('',#2655,1.);
#484=VECTOR('',#2656,1.);
#485=VECTOR('',#2659,1.);
#486=VECTOR('',#2662,1.);
#487=VECTOR('',#2663,1.);
#488=VECTOR('',#2664,1.);
#489=VECTOR('',#2667,1.);
#490=VECTOR('',#2668,1.);
#491=VECTOR('',#2671,1.);
#492=VECTOR('',#2676,1.);
#493=VECTOR('',#2681,1.);
#494=VECTOR('',#2686,1.);
#495=VECTOR('',#2689,1.);
#496=VECTOR('',#2692,1.);
#497=VECTOR('',#2695,1.);
#498=VECTOR('',#2698,1.);
#499=ORIENTED_EDGE('',*,*,#1125,.F.);
#500=ORIENTED_EDGE('',*,*,#1126,.F.);
#501=ORIENTED_EDGE('',*,*,#1127,.F.);
#502=ORIENTED_EDGE('',*,*,#1128,.F.);
#503=ORIENTED_EDGE('',*,*,#1129,.F.);
#504=ORIENTED_EDGE('',*,*,#1130,.F.);
#505=ORIENTED_EDGE('',*,*,#1131,.F.);
#506=ORIENTED_EDGE('',*,*,#1132,.F.);
#507=ORIENTED_EDGE('',*,*,#1133,.T.);
#508=ORIENTED_EDGE('',*,*,#1134,.T.);
#509=ORIENTED_EDGE('',*,*,#1135,.T.);
#510=ORIENTED_EDGE('',*,*,#1136,.T.);
#511=ORIENTED_EDGE('',*,*,#1137,.T.);
#512=ORIENTED_EDGE('',*,*,#1138,.T.);
#513=ORIENTED_EDGE('',*,*,#1139,.T.);
#514=ORIENTED_EDGE('',*,*,#1140,.T.);
#515=ORIENTED_EDGE('',*,*,#1141,.T.);
#516=ORIENTED_EDGE('',*,*,#1142,.T.);
#517=ORIENTED_EDGE('',*,*,#1143,.T.);
#518=ORIENTED_EDGE('',*,*,#1144,.T.);
#519=ORIENTED_EDGE('',*,*,#1145,.T.);
#520=ORIENTED_EDGE('',*,*,#1146,.T.);
#521=ORIENTED_EDGE('',*,*,#1147,.T.);
#522=ORIENTED_EDGE('',*,*,#1148,.T.);
#523=ORIENTED_EDGE('',*,*,#1149,.T.);
#524=ORIENTED_EDGE('',*,*,#1150,.T.);
#525=ORIENTED_EDGE('',*,*,#1151,.T.);
#526=ORIENTED_EDGE('',*,*,#1152,.T.);
#527=ORIENTED_EDGE('',*,*,#1153,.T.);
#528=ORIENTED_EDGE('',*,*,#1154,.T.);
#529=ORIENTED_EDGE('',*,*,#1155,.T.);
#530=ORIENTED_EDGE('',*,*,#1156,.T.);
#531=ORIENTED_EDGE('',*,*,#1157,.T.);
#532=ORIENTED_EDGE('',*,*,#1158,.T.);
#533=ORIENTED_EDGE('',*,*,#1159,.T.);
#534=ORIENTED_EDGE('',*,*,#1160,.T.);
#535=ORIENTED_EDGE('',*,*,#1161,.T.);
#536=ORIENTED_EDGE('',*,*,#1162,.T.);
#537=ORIENTED_EDGE('',*,*,#1163,.T.);
#538=ORIENTED_EDGE('',*,*,#1164,.T.);
#539=ORIENTED_EDGE('',*,*,#1165,.T.);
#540=ORIENTED_EDGE('',*,*,#1166,.T.);
#541=ORIENTED_EDGE('',*,*,#1167,.T.);
#542=ORIENTED_EDGE('',*,*,#1168,.T.);
#543=ORIENTED_EDGE('',*,*,#1169,.T.);
#544=ORIENTED_EDGE('',*,*,#1170,.T.);
#545=ORIENTED_EDGE('',*,*,#1171,.T.);
#546=ORIENTED_EDGE('',*,*,#1172,.T.);
#547=ORIENTED_EDGE('',*,*,#1173,.T.);
#548=ORIENTED_EDGE('',*,*,#1174,.T.);
#549=ORIENTED_EDGE('',*,*,#1175,.T.);
#550=ORIENTED_EDGE('',*,*,#1176,.T.);
#551=ORIENTED_EDGE('',*,*,#1177,.T.);
#552=ORIENTED_EDGE('',*,*,#1178,.T.);
#553=ORIENTED_EDGE('',*,*,#1179,.T.);
#554=ORIENTED_EDGE('',*,*,#1180,.T.);
#555=ORIENTED_EDGE('',*,*,#1181,.T.);
#556=ORIENTED_EDGE('',*,*,#1182,.T.);
#557=ORIENTED_EDGE('',*,*,#1183,.T.);
#558=ORIENTED_EDGE('',*,*,#1184,.T.);
#559=ORIENTED_EDGE('',*,*,#1185,.T.);
#560=ORIENTED_EDGE('',*,*,#1186,.T.);
#561=ORIENTED_EDGE('',*,*,#1187,.T.);
#562=ORIENTED_EDGE('',*,*,#1188,.T.);
#563=ORIENTED_EDGE('',*,*,#1189,.T.);
#564=ORIENTED_EDGE('',*,*,#1190,.T.);
#565=ORIENTED_EDGE('',*,*,#1191,.T.);
#566=ORIENTED_EDGE('',*,*,#1192,.T.);
#567=ORIENTED_EDGE('',*,*,#1193,.T.);
#568=ORIENTED_EDGE('',*,*,#1194,.T.);
#569=ORIENTED_EDGE('',*,*,#1195,.T.);
#570=ORIENTED_EDGE('',*,*,#1196,.T.);
#571=ORIENTED_EDGE('',*,*,#1197,.T.);
#572=ORIENTED_EDGE('',*,*,#1198,.T.);
#573=ORIENTED_EDGE('',*,*,#1199,.T.);
#574=ORIENTED_EDGE('',*,*,#1200,.T.);
#575=ORIENTED_EDGE('',*,*,#1201,.T.);
#576=ORIENTED_EDGE('',*,*,#1202,.T.);
#577=ORIENTED_EDGE('',*,*,#1203,.T.);
#578=ORIENTED_EDGE('',*,*,#1204,.T.);
#579=ORIENTED_EDGE('',*,*,#1205,.T.);
#580=ORIENTED_EDGE('',*,*,#1206,.T.);
#581=ORIENTED_EDGE('',*,*,#1207,.T.);
#582=ORIENTED_EDGE('',*,*,#1208,.T.);
#583=ORIENTED_EDGE('',*,*,#1209,.T.);
#584=ORIENTED_EDGE('',*,*,#1210,.T.);
#585=ORIENTED_EDGE('',*,*,#1211,.T.);
#586=ORIENTED_EDGE('',*,*,#1212,.T.);
#587=ORIENTED_EDGE('',*,*,#1213,.T.);
#588=ORIENTED_EDGE('',*,*,#1214,.T.);
#589=ORIENTED_EDGE('',*,*,#1215,.T.);
#590=ORIENTED_EDGE('',*,*,#1216,.T.);
#591=ORIENTED_EDGE('',*,*,#1217,.T.);
#592=ORIENTED_EDGE('',*,*,#1218,.T.);
#593=ORIENTED_EDGE('',*,*,#1219,.T.);
#594=ORIENTED_EDGE('',*,*,#1220,.T.);
#595=ORIENTED_EDGE('',*,*,#1221,.T.);
#596=ORIENTED_EDGE('',*,*,#1222,.F.);
#597=ORIENTED_EDGE('',*,*,#1223,.F.);
#598=ORIENTED_EDGE('',*,*,#1224,.T.);
#599=ORIENTED_EDGE('',*,*,#1225,.F.);
#600=ORIENTED_EDGE('',*,*,#1226,.T.);
#601=ORIENTED_EDGE('',*,*,#1227,.T.);
#602=ORIENTED_EDGE('',*,*,#1228,.T.);
#603=ORIENTED_EDGE('',*,*,#1229,.T.);
#604=ORIENTED_EDGE('',*,*,#1230,.T.);
#605=ORIENTED_EDGE('',*,*,#1231,.F.);
#606=ORIENTED_EDGE('',*,*,#1232,.T.);
#607=ORIENTED_EDGE('',*,*,#1233,.F.);
#608=ORIENTED_EDGE('',*,*,#1220,.F.);
#609=ORIENTED_EDGE('',*,*,#1234,.T.);
#610=ORIENTED_EDGE('',*,*,#1235,.F.);
#611=ORIENTED_EDGE('',*,*,#1234,.F.);
#612=ORIENTED_EDGE('',*,*,#1223,.T.);
#613=ORIENTED_EDGE('',*,*,#1236,.T.);
#614=ORIENTED_EDGE('',*,*,#1237,.F.);
#615=ORIENTED_EDGE('',*,*,#1236,.F.);
#616=ORIENTED_EDGE('',*,*,#1222,.T.);
#617=ORIENTED_EDGE('',*,*,#1238,.T.);
#618=ORIENTED_EDGE('',*,*,#1239,.T.);
#619=ORIENTED_EDGE('',*,*,#1238,.F.);
#620=ORIENTED_EDGE('',*,*,#1221,.F.);
#621=ORIENTED_EDGE('',*,*,#1233,.T.);
#622=ORIENTED_EDGE('',*,*,#1232,.F.);
#623=ORIENTED_EDGE('',*,*,#1235,.T.);
#624=ORIENTED_EDGE('',*,*,#1237,.T.);
#625=ORIENTED_EDGE('',*,*,#1239,.F.);
#626=ORIENTED_EDGE('',*,*,#1240,.T.);
#627=ORIENTED_EDGE('',*,*,#1231,.T.);
#628=ORIENTED_EDGE('',*,*,#1241,.F.);
#629=ORIENTED_EDGE('',*,*,#1242,.F.);
#630=ORIENTED_EDGE('',*,*,#1243,.T.);
#631=ORIENTED_EDGE('',*,*,#1224,.F.);
#632=ORIENTED_EDGE('',*,*,#1240,.F.);
#633=ORIENTED_EDGE('',*,*,#1244,.F.);
#634=ORIENTED_EDGE('',*,*,#1245,.T.);
#635=ORIENTED_EDGE('',*,*,#1225,.T.);
#636=ORIENTED_EDGE('',*,*,#1243,.F.);
#637=ORIENTED_EDGE('',*,*,#1246,.F.);
#638=ORIENTED_EDGE('',*,*,#1247,.T.);
#639=ORIENTED_EDGE('',*,*,#1226,.F.);
#640=ORIENTED_EDGE('',*,*,#1245,.F.);
#641=ORIENTED_EDGE('',*,*,#1248,.F.);
#642=ORIENTED_EDGE('',*,*,#1249,.T.);
#643=ORIENTED_EDGE('',*,*,#1227,.F.);
#644=ORIENTED_EDGE('',*,*,#1247,.F.);
#645=ORIENTED_EDGE('',*,*,#1250,.F.);
#646=ORIENTED_EDGE('',*,*,#1251,.T.);
#647=ORIENTED_EDGE('',*,*,#1228,.F.);
#648=ORIENTED_EDGE('',*,*,#1249,.F.);
#649=ORIENTED_EDGE('',*,*,#1252,.F.);
#650=ORIENTED_EDGE('',*,*,#1253,.T.);
#651=ORIENTED_EDGE('',*,*,#1229,.F.);
#652=ORIENTED_EDGE('',*,*,#1251,.F.);
#653=ORIENTED_EDGE('',*,*,#1254,.F.);
#654=ORIENTED_EDGE('',*,*,#1241,.T.);
#655=ORIENTED_EDGE('',*,*,#1230,.F.);
#656=ORIENTED_EDGE('',*,*,#1253,.F.);
#657=ORIENTED_EDGE('',*,*,#1255,.F.);
#658=ORIENTED_EDGE('',*,*,#1256,.T.);
#659=ORIENTED_EDGE('',*,*,#1128,.T.);
#660=ORIENTED_EDGE('',*,*,#1257,.T.);
#661=ORIENTED_EDGE('',*,*,#1244,.T.);
#662=ORIENTED_EDGE('',*,*,#1257,.F.);
#663=ORIENTED_EDGE('',*,*,#1127,.T.);
#664=ORIENTED_EDGE('',*,*,#1258,.T.);
#665=ORIENTED_EDGE('',*,*,#1246,.T.);
#666=ORIENTED_EDGE('',*,*,#1256,.F.);
#667=ORIENTED_EDGE('',*,*,#1242,.T.);
#668=ORIENTED_EDGE('',*,*,#1259,.T.);
#669=ORIENTED_EDGE('',*,*,#1129,.T.);
#670=ORIENTED_EDGE('',*,*,#1258,.F.);
#671=ORIENTED_EDGE('',*,*,#1126,.T.);
#672=ORIENTED_EDGE('',*,*,#1260,.T.);
#673=ORIENTED_EDGE('',*,*,#1248,.T.);
#674=ORIENTED_EDGE('',*,*,#1259,.F.);
#675=ORIENTED_EDGE('',*,*,#1255,.T.);
#676=ORIENTED_EDGE('',*,*,#1261,.T.);
#677=ORIENTED_EDGE('',*,*,#1130,.T.);
#678=ORIENTED_EDGE('',*,*,#1260,.F.);
#679=ORIENTED_EDGE('',*,*,#1125,.T.);
#680=ORIENTED_EDGE('',*,*,#1262,.T.);
#681=ORIENTED_EDGE('',*,*,#1250,.T.);
#682=ORIENTED_EDGE('',*,*,#1261,.F.);
#683=ORIENTED_EDGE('',*,*,#1254,.T.);
#684=ORIENTED_EDGE('',*,*,#1263,.T.);
#685=ORIENTED_EDGE('',*,*,#1131,.T.);
#686=ORIENTED_EDGE('',*,*,#1262,.F.);
#687=ORIENTED_EDGE('',*,*,#1132,.T.);
#688=ORIENTED_EDGE('',*,*,#1263,.F.);
#689=ORIENTED_EDGE('',*,*,#1252,.T.);
#690=ORIENTED_EDGE('',*,*,#1134,.F.);
#691=ORIENTED_EDGE('',*,*,#1264,.F.);
#692=ORIENTED_EDGE('',*,*,#1265,.T.);
#693=ORIENTED_EDGE('',*,*,#1266,.T.);
#694=ORIENTED_EDGE('',*,*,#1133,.F.);
#695=ORIENTED_EDGE('',*,*,#1267,.F.);
#696=ORIENTED_EDGE('',*,*,#1268,.T.);
#697=ORIENTED_EDGE('',*,*,#1264,.T.);
#698=ORIENTED_EDGE('',*,*,#1140,.F.);
#699=ORIENTED_EDGE('',*,*,#1269,.F.);
#700=ORIENTED_EDGE('',*,*,#1270,.T.);
#701=ORIENTED_EDGE('',*,*,#1267,.T.);
#702=ORIENTED_EDGE('',*,*,#1139,.F.);
#703=ORIENTED_EDGE('',*,*,#1271,.F.);
#704=ORIENTED_EDGE('',*,*,#1272,.T.);
#705=ORIENTED_EDGE('',*,*,#1269,.T.);
#706=ORIENTED_EDGE('',*,*,#1138,.F.);
#707=ORIENTED_EDGE('',*,*,#1273,.F.);
#708=ORIENTED_EDGE('',*,*,#1274,.T.);
#709=ORIENTED_EDGE('',*,*,#1271,.T.);
#710=ORIENTED_EDGE('',*,*,#1137,.F.);
#711=ORIENTED_EDGE('',*,*,#1275,.F.);
#712=ORIENTED_EDGE('',*,*,#1276,.T.);
#713=ORIENTED_EDGE('',*,*,#1273,.T.);
#714=ORIENTED_EDGE('',*,*,#1136,.F.);
#715=ORIENTED_EDGE('',*,*,#1277,.F.);
#716=ORIENTED_EDGE('',*,*,#1278,.T.);
#717=ORIENTED_EDGE('',*,*,#1275,.T.);
#718=ORIENTED_EDGE('',*,*,#1135,.F.);
#719=ORIENTED_EDGE('',*,*,#1266,.F.);
#720=ORIENTED_EDGE('',*,*,#1279,.T.);
#721=ORIENTED_EDGE('',*,*,#1277,.T.);
#722=ORIENTED_EDGE('',*,*,#1265,.F.);
#723=ORIENTED_EDGE('',*,*,#1268,.F.);
#724=ORIENTED_EDGE('',*,*,#1270,.F.);
#725=ORIENTED_EDGE('',*,*,#1272,.F.);
#726=ORIENTED_EDGE('',*,*,#1274,.F.);
#727=ORIENTED_EDGE('',*,*,#1276,.F.);
#728=ORIENTED_EDGE('',*,*,#1278,.F.);
#729=ORIENTED_EDGE('',*,*,#1279,.F.);
#730=ORIENTED_EDGE('',*,*,#1142,.F.);
#731=ORIENTED_EDGE('',*,*,#1280,.F.);
#732=ORIENTED_EDGE('',*,*,#1281,.T.);
#733=ORIENTED_EDGE('',*,*,#1282,.T.);
#734=ORIENTED_EDGE('',*,*,#1141,.F.);
#735=ORIENTED_EDGE('',*,*,#1283,.F.);
#736=ORIENTED_EDGE('',*,*,#1284,.T.);
#737=ORIENTED_EDGE('',*,*,#1280,.T.);
#738=ORIENTED_EDGE('',*,*,#1161,.F.);
#739=ORIENTED_EDGE('',*,*,#1285,.F.);
#740=ORIENTED_EDGE('',*,*,#1286,.T.);
#741=ORIENTED_EDGE('',*,*,#1283,.T.);
#742=ORIENTED_EDGE('',*,*,#1160,.F.);
#743=ORIENTED_EDGE('',*,*,#1287,.F.);
#744=ORIENTED_EDGE('',*,*,#1288,.T.);
#745=ORIENTED_EDGE('',*,*,#1285,.T.);
#746=ORIENTED_EDGE('',*,*,#1159,.F.);
#747=ORIENTED_EDGE('',*,*,#1289,.F.);
#748=ORIENTED_EDGE('',*,*,#1290,.T.);
#749=ORIENTED_EDGE('',*,*,#1287,.T.);
#750=ORIENTED_EDGE('',*,*,#1158,.F.);
#751=ORIENTED_EDGE('',*,*,#1291,.F.);
#752=ORIENTED_EDGE('',*,*,#1292,.T.);
#753=ORIENTED_EDGE('',*,*,#1289,.T.);
#754=ORIENTED_EDGE('',*,*,#1157,.F.);
#755=ORIENTED_EDGE('',*,*,#1293,.F.);
#756=ORIENTED_EDGE('',*,*,#1294,.T.);
#757=ORIENTED_EDGE('',*,*,#1291,.T.);
#758=ORIENTED_EDGE('',*,*,#1156,.F.);
#759=ORIENTED_EDGE('',*,*,#1295,.F.);
#760=ORIENTED_EDGE('',*,*,#1296,.T.);
#761=ORIENTED_EDGE('',*,*,#1293,.T.);
#762=ORIENTED_EDGE('',*,*,#1155,.F.);
#763=ORIENTED_EDGE('',*,*,#1297,.F.);
#764=ORIENTED_EDGE('',*,*,#1298,.T.);
#765=ORIENTED_EDGE('',*,*,#1295,.T.);
#766=ORIENTED_EDGE('',*,*,#1154,.F.);
#767=ORIENTED_EDGE('',*,*,#1299,.F.);
#768=ORIENTED_EDGE('',*,*,#1300,.T.);
#769=ORIENTED_EDGE('',*,*,#1297,.T.);
#770=ORIENTED_EDGE('',*,*,#1153,.F.);
#771=ORIENTED_EDGE('',*,*,#1301,.F.);
#772=ORIENTED_EDGE('',*,*,#1302,.T.);
#773=ORIENTED_EDGE('',*,*,#1299,.T.);
#774=ORIENTED_EDGE('',*,*,#1152,.F.);
#775=ORIENTED_EDGE('',*,*,#1303,.F.);
#776=ORIENTED_EDGE('',*,*,#1304,.T.);
#777=ORIENTED_EDGE('',*,*,#1301,.T.);
#778=ORIENTED_EDGE('',*,*,#1151,.F.);
#779=ORIENTED_EDGE('',*,*,#1305,.F.);
#780=ORIENTED_EDGE('',*,*,#1306,.T.);
#781=ORIENTED_EDGE('',*,*,#1303,.T.);
#782=ORIENTED_EDGE('',*,*,#1150,.F.);
#783=ORIENTED_EDGE('',*,*,#1307,.F.);
#784=ORIENTED_EDGE('',*,*,#1308,.T.);
#785=ORIENTED_EDGE('',*,*,#1305,.T.);
#786=ORIENTED_EDGE('',*,*,#1149,.F.);
#787=ORIENTED_EDGE('',*,*,#1309,.F.);
#788=ORIENTED_EDGE('',*,*,#1310,.T.);
#789=ORIENTED_EDGE('',*,*,#1307,.T.);
#790=ORIENTED_EDGE('',*,*,#1148,.F.);
#791=ORIENTED_EDGE('',*,*,#1311,.F.);
#792=ORIENTED_EDGE('',*,*,#1312,.T.);
#793=ORIENTED_EDGE('',*,*,#1309,.T.);
#794=ORIENTED_EDGE('',*,*,#1147,.F.);
#795=ORIENTED_EDGE('',*,*,#1313,.F.);
#796=ORIENTED_EDGE('',*,*,#1314,.T.);
#797=ORIENTED_EDGE('',*,*,#1311,.T.);
#798=ORIENTED_EDGE('',*,*,#1146,.F.);
#799=ORIENTED_EDGE('',*,*,#1315,.F.);
#800=ORIENTED_EDGE('',*,*,#1316,.T.);
#801=ORIENTED_EDGE('',*,*,#1313,.T.);
#802=ORIENTED_EDGE('',*,*,#1145,.F.);
#803=ORIENTED_EDGE('',*,*,#1317,.F.);
#804=ORIENTED_EDGE('',*,*,#1318,.T.);
#805=ORIENTED_EDGE('',*,*,#1315,.T.);
#806=ORIENTED_EDGE('',*,*,#1144,.F.);
#807=ORIENTED_EDGE('',*,*,#1319,.F.);
#808=ORIENTED_EDGE('',*,*,#1320,.T.);
#809=ORIENTED_EDGE('',*,*,#1317,.T.);
#810=ORIENTED_EDGE('',*,*,#1143,.F.);
#811=ORIENTED_EDGE('',*,*,#1282,.F.);
#812=ORIENTED_EDGE('',*,*,#1321,.T.);
#813=ORIENTED_EDGE('',*,*,#1319,.T.);
#814=ORIENTED_EDGE('',*,*,#1281,.F.);
#815=ORIENTED_EDGE('',*,*,#1284,.F.);
#816=ORIENTED_EDGE('',*,*,#1286,.F.);
#817=ORIENTED_EDGE('',*,*,#1288,.F.);
#818=ORIENTED_EDGE('',*,*,#1290,.F.);
#819=ORIENTED_EDGE('',*,*,#1292,.F.);
#820=ORIENTED_EDGE('',*,*,#1294,.F.);
#821=ORIENTED_EDGE('',*,*,#1296,.F.);
#822=ORIENTED_EDGE('',*,*,#1298,.F.);
#823=ORIENTED_EDGE('',*,*,#1300,.F.);
#824=ORIENTED_EDGE('',*,*,#1302,.F.);
#825=ORIENTED_EDGE('',*,*,#1304,.F.);
#826=ORIENTED_EDGE('',*,*,#1306,.F.);
#827=ORIENTED_EDGE('',*,*,#1308,.F.);
#828=ORIENTED_EDGE('',*,*,#1310,.F.);
#829=ORIENTED_EDGE('',*,*,#1312,.F.);
#830=ORIENTED_EDGE('',*,*,#1314,.F.);
#831=ORIENTED_EDGE('',*,*,#1316,.F.);
#832=ORIENTED_EDGE('',*,*,#1318,.F.);
#833=ORIENTED_EDGE('',*,*,#1320,.F.);
#834=ORIENTED_EDGE('',*,*,#1321,.F.);
#835=ORIENTED_EDGE('',*,*,#1163,.F.);
#836=ORIENTED_EDGE('',*,*,#1322,.F.);
#837=ORIENTED_EDGE('',*,*,#1323,.T.);
#838=ORIENTED_EDGE('',*,*,#1324,.T.);
#839=ORIENTED_EDGE('',*,*,#1162,.F.);
#840=ORIENTED_EDGE('',*,*,#1325,.F.);
#841=ORIENTED_EDGE('',*,*,#1326,.T.);
#842=ORIENTED_EDGE('',*,*,#1322,.T.);
#843=ORIENTED_EDGE('',*,*,#1173,.F.);
#844=ORIENTED_EDGE('',*,*,#1327,.F.);
#845=ORIENTED_EDGE('',*,*,#1328,.T.);
#846=ORIENTED_EDGE('',*,*,#1325,.T.);
#847=ORIENTED_EDGE('',*,*,#1172,.F.);
#848=ORIENTED_EDGE('',*,*,#1329,.F.);
#849=ORIENTED_EDGE('',*,*,#1330,.T.);
#850=ORIENTED_EDGE('',*,*,#1327,.T.);
#851=ORIENTED_EDGE('',*,*,#1171,.F.);
#852=ORIENTED_EDGE('',*,*,#1331,.F.);
#853=ORIENTED_EDGE('',*,*,#1332,.T.);
#854=ORIENTED_EDGE('',*,*,#1329,.T.);
#855=ORIENTED_EDGE('',*,*,#1170,.F.);
#856=ORIENTED_EDGE('',*,*,#1333,.F.);
#857=ORIENTED_EDGE('',*,*,#1334,.T.);
#858=ORIENTED_EDGE('',*,*,#1331,.T.);
#859=ORIENTED_EDGE('',*,*,#1169,.F.);
#860=ORIENTED_EDGE('',*,*,#1335,.F.);
#861=ORIENTED_EDGE('',*,*,#1336,.T.);
#862=ORIENTED_EDGE('',*,*,#1333,.T.);
#863=ORIENTED_EDGE('',*,*,#1168,.F.);
#864=ORIENTED_EDGE('',*,*,#1337,.F.);
#865=ORIENTED_EDGE('',*,*,#1338,.T.);
#866=ORIENTED_EDGE('',*,*,#1335,.T.);
#867=ORIENTED_EDGE('',*,*,#1167,.F.);
#868=ORIENTED_EDGE('',*,*,#1339,.F.);
#869=ORIENTED_EDGE('',*,*,#1340,.T.);
#870=ORIENTED_EDGE('',*,*,#1337,.T.);
#871=ORIENTED_EDGE('',*,*,#1166,.F.);
#872=ORIENTED_EDGE('',*,*,#1341,.F.);
#873=ORIENTED_EDGE('',*,*,#1342,.T.);
#874=ORIENTED_EDGE('',*,*,#1339,.T.);
#875=ORIENTED_EDGE('',*,*,#1165,.F.);
#876=ORIENTED_EDGE('',*,*,#1343,.F.);
#877=ORIENTED_EDGE('',*,*,#1344,.T.);
#878=ORIENTED_EDGE('',*,*,#1341,.T.);
#879=ORIENTED_EDGE('',*,*,#1164,.F.);
#880=ORIENTED_EDGE('',*,*,#1324,.F.);
#881=ORIENTED_EDGE('',*,*,#1345,.T.);
#882=ORIENTED_EDGE('',*,*,#1343,.T.);
#883=ORIENTED_EDGE('',*,*,#1323,.F.);
#884=ORIENTED_EDGE('',*,*,#1326,.F.);
#885=ORIENTED_EDGE('',*,*,#1328,.F.);
#886=ORIENTED_EDGE('',*,*,#1330,.F.);
#887=ORIENTED_EDGE('',*,*,#1332,.F.);
#888=ORIENTED_EDGE('',*,*,#1334,.F.);
#889=ORIENTED_EDGE('',*,*,#1336,.F.);
#890=ORIENTED_EDGE('',*,*,#1338,.F.);
#891=ORIENTED_EDGE('',*,*,#1340,.F.);
#892=ORIENTED_EDGE('',*,*,#1342,.F.);
#893=ORIENTED_EDGE('',*,*,#1344,.F.);
#894=ORIENTED_EDGE('',*,*,#1345,.F.);
#895=ORIENTED_EDGE('',*,*,#1175,.F.);
#896=ORIENTED_EDGE('',*,*,#1346,.F.);
#897=ORIENTED_EDGE('',*,*,#1347,.T.);
#898=ORIENTED_EDGE('',*,*,#1348,.T.);
#899=ORIENTED_EDGE('',*,*,#1174,.F.);
#900=ORIENTED_EDGE('',*,*,#1349,.F.);
#901=ORIENTED_EDGE('',*,*,#1350,.T.);
#902=ORIENTED_EDGE('',*,*,#1346,.T.);
#903=ORIENTED_EDGE('',*,*,#1179,.F.);
#904=ORIENTED_EDGE('',*,*,#1351,.F.);
#905=ORIENTED_EDGE('',*,*,#1352,.T.);
#906=ORIENTED_EDGE('',*,*,#1349,.T.);
#907=ORIENTED_EDGE('',*,*,#1178,.F.);
#908=ORIENTED_EDGE('',*,*,#1353,.F.);
#909=ORIENTED_EDGE('',*,*,#1354,.T.);
#910=ORIENTED_EDGE('',*,*,#1351,.T.);
#911=ORIENTED_EDGE('',*,*,#1177,.F.);
#912=ORIENTED_EDGE('',*,*,#1355,.F.);
#913=ORIENTED_EDGE('',*,*,#1356,.T.);
#914=ORIENTED_EDGE('',*,*,#1353,.T.);
#915=ORIENTED_EDGE('',*,*,#1176,.F.);
#916=ORIENTED_EDGE('',*,*,#1348,.F.);
#917=ORIENTED_EDGE('',*,*,#1357,.T.);
#918=ORIENTED_EDGE('',*,*,#1355,.T.);
#919=ORIENTED_EDGE('',*,*,#1347,.F.);
#920=ORIENTED_EDGE('',*,*,#1350,.F.);
#921=ORIENTED_EDGE('',*,*,#1352,.F.);
#922=ORIENTED_EDGE('',*,*,#1354,.F.);
#923=ORIENTED_EDGE('',*,*,#1356,.F.);
#924=ORIENTED_EDGE('',*,*,#1357,.F.);
#925=ORIENTED_EDGE('',*,*,#1181,.F.);
#926=ORIENTED_EDGE('',*,*,#1358,.F.);
#927=ORIENTED_EDGE('',*,*,#1359,.T.);
#928=ORIENTED_EDGE('',*,*,#1360,.T.);
#929=ORIENTED_EDGE('',*,*,#1180,.F.);
#930=ORIENTED_EDGE('',*,*,#1361,.F.);
#931=ORIENTED_EDGE('',*,*,#1362,.T.);
#932=ORIENTED_EDGE('',*,*,#1358,.T.);
#933=ORIENTED_EDGE('',*,*,#1191,.F.);
#934=ORIENTED_EDGE('',*,*,#1363,.F.);
#935=ORIENTED_EDGE('',*,*,#1364,.T.);
#936=ORIENTED_EDGE('',*,*,#1361,.T.);
#937=ORIENTED_EDGE('',*,*,#1190,.F.);
#938=ORIENTED_EDGE('',*,*,#1365,.F.);
#939=ORIENTED_EDGE('',*,*,#1366,.T.);
#940=ORIENTED_EDGE('',*,*,#1363,.T.);
#941=ORIENTED_EDGE('',*,*,#1189,.F.);
#942=ORIENTED_EDGE('',*,*,#1367,.F.);
#943=ORIENTED_EDGE('',*,*,#1368,.T.);
#944=ORIENTED_EDGE('',*,*,#1365,.T.);
#945=ORIENTED_EDGE('',*,*,#1188,.F.);
#946=ORIENTED_EDGE('',*,*,#1369,.F.);
#947=ORIENTED_EDGE('',*,*,#1370,.T.);
#948=ORIENTED_EDGE('',*,*,#1367,.T.);
#949=ORIENTED_EDGE('',*,*,#1187,.F.);
#950=ORIENTED_EDGE('',*,*,#1371,.F.);
#951=ORIENTED_EDGE('',*,*,#1372,.T.);
#952=ORIENTED_EDGE('',*,*,#1369,.T.);
#953=ORIENTED_EDGE('',*,*,#1186,.F.);
#954=ORIENTED_EDGE('',*,*,#1373,.F.);
#955=ORIENTED_EDGE('',*,*,#1374,.T.);
#956=ORIENTED_EDGE('',*,*,#1371,.T.);
#957=ORIENTED_EDGE('',*,*,#1185,.F.);
#958=ORIENTED_EDGE('',*,*,#1375,.F.);
#959=ORIENTED_EDGE('',*,*,#1376,.T.);
#960=ORIENTED_EDGE('',*,*,#1373,.T.);
#961=ORIENTED_EDGE('',*,*,#1184,.F.);
#962=ORIENTED_EDGE('',*,*,#1377,.F.);
#963=ORIENTED_EDGE('',*,*,#1378,.T.);
#964=ORIENTED_EDGE('',*,*,#1375,.T.);
#965=ORIENTED_EDGE('',*,*,#1183,.F.);
#966=ORIENTED_EDGE('',*,*,#1379,.F.);
#967=ORIENTED_EDGE('',*,*,#1380,.T.);
#968=ORIENTED_EDGE('',*,*,#1377,.T.);
#969=ORIENTED_EDGE('',*,*,#1182,.F.);
#970=ORIENTED_EDGE('',*,*,#1360,.F.);
#971=ORIENTED_EDGE('',*,*,#1381,.T.);
#972=ORIENTED_EDGE('',*,*,#1379,.T.);
#973=ORIENTED_EDGE('',*,*,#1359,.F.);
#974=ORIENTED_EDGE('',*,*,#1362,.F.);
#975=ORIENTED_EDGE('',*,*,#1364,.F.);
#976=ORIENTED_EDGE('',*,*,#1366,.F.);
#977=ORIENTED_EDGE('',*,*,#1368,.F.);
#978=ORIENTED_EDGE('',*,*,#1370,.F.);
#979=ORIENTED_EDGE('',*,*,#1372,.F.);
#980=ORIENTED_EDGE('',*,*,#1374,.F.);
#981=ORIENTED_EDGE('',*,*,#1376,.F.);
#982=ORIENTED_EDGE('',*,*,#1378,.F.);
#983=ORIENTED_EDGE('',*,*,#1380,.F.);
#984=ORIENTED_EDGE('',*,*,#1381,.F.);
#985=ORIENTED_EDGE('',*,*,#1193,.F.);
#986=ORIENTED_EDGE('',*,*,#1382,.F.);
#987=ORIENTED_EDGE('',*,*,#1383,.T.);
#988=ORIENTED_EDGE('',*,*,#1384,.T.);
#989=ORIENTED_EDGE('',*,*,#1192,.F.);
#990=ORIENTED_EDGE('',*,*,#1385,.F.);
#991=ORIENTED_EDGE('',*,*,#1386,.T.);
#992=ORIENTED_EDGE('',*,*,#1382,.T.);
#993=ORIENTED_EDGE('',*,*,#1219,.F.);
#994=ORIENTED_EDGE('',*,*,#1387,.F.);
#995=ORIENTED_EDGE('',*,*,#1388,.T.);
#996=ORIENTED_EDGE('',*,*,#1385,.T.);
#997=ORIENTED_EDGE('',*,*,#1218,.F.);
#998=ORIENTED_EDGE('',*,*,#1389,.F.);
#999=ORIENTED_EDGE('',*,*,#1390,.T.);
#1000=ORIENTED_EDGE('',*,*,#1387,.T.);
#1001=ORIENTED_EDGE('',*,*,#1217,.F.);
#1002=ORIENTED_EDGE('',*,*,#1391,.F.);
#1003=ORIENTED_EDGE('',*,*,#1392,.T.);
#1004=ORIENTED_EDGE('',*,*,#1389,.T.);
#1005=ORIENTED_EDGE('',*,*,#1216,.F.);
#1006=ORIENTED_EDGE('',*,*,#1393,.F.);
#1007=ORIENTED_EDGE('',*,*,#1394,.T.);
#1008=ORIENTED_EDGE('',*,*,#1391,.T.);
#1009=ORIENTED_EDGE('',*,*,#1215,.F.);
#1010=ORIENTED_EDGE('',*,*,#1395,.F.);
#1011=ORIENTED_EDGE('',*,*,#1396,.T.);
#1012=ORIENTED_EDGE('',*,*,#1393,.T.);
#1013=ORIENTED_EDGE('',*,*,#1214,.F.);
#1014=ORIENTED_EDGE('',*,*,#1397,.F.);
#1015=ORIENTED_EDGE('',*,*,#1398,.T.);
#1016=ORIENTED_EDGE('',*,*,#1395,.T.);
#1017=ORIENTED_EDGE('',*,*,#1213,.F.);
#1018=ORIENTED_EDGE('',*,*,#1399,.F.);
#1019=ORIENTED_EDGE('',*,*,#1400,.T.);
#1020=ORIENTED_EDGE('',*,*,#1397,.T.);
#1021=ORIENTED_EDGE('',*,*,#1212,.F.);
#1022=ORIENTED_EDGE('',*,*,#1401,.F.);
#1023=ORIENTED_EDGE('',*,*,#1402,.T.);
#1024=ORIENTED_EDGE('',*,*,#1399,.T.);
#1025=ORIENTED_EDGE('',*,*,#1211,.F.);
#1026=ORIENTED_EDGE('',*,*,#1403,.F.);
#1027=ORIENTED_EDGE('',*,*,#1404,.T.);
#1028=ORIENTED_EDGE('',*,*,#1401,.T.);
#1029=ORIENTED_EDGE('',*,*,#1210,.F.);
#1030=ORIENTED_EDGE('',*,*,#1405,.F.);
#1031=ORIENTED_EDGE('',*,*,#1406,.T.);
#1032=ORIENTED_EDGE('',*,*,#1403,.T.);
#1033=ORIENTED_EDGE('',*,*,#1209,.F.);
#1034=ORIENTED_EDGE('',*,*,#1407,.F.);
#1035=ORIENTED_EDGE('',*,*,#1408,.T.);
#1036=ORIENTED_EDGE('',*,*,#1405,.T.);
#1037=ORIENTED_EDGE('',*,*,#1208,.F.);
#1038=ORIENTED_EDGE('',*,*,#1409,.F.);
#1039=ORIENTED_EDGE('',*,*,#1410,.T.);
#1040=ORIENTED_EDGE('',*,*,#1407,.T.);
#1041=ORIENTED_EDGE('',*,*,#1207,.F.);
#1042=ORIENTED_EDGE('',*,*,#1411,.F.);
#1043=ORIENTED_EDGE('',*,*,#1412,.T.);
#1044=ORIENTED_EDGE('',*,*,#1409,.T.);
#1045=ORIENTED_EDGE('',*,*,#1206,.F.);
#1046=ORIENTED_EDGE('',*,*,#1413,.F.);
#1047=ORIENTED_EDGE('',*,*,#1414,.T.);
#1048=ORIENTED_EDGE('',*,*,#1411,.T.);
#1049=ORIENTED_EDGE('',*,*,#1205,.F.);
#1050=ORIENTED_EDGE('',*,*,#1415,.F.);
#1051=ORIENTED_EDGE('',*,*,#1416,.T.);
#1052=ORIENTED_EDGE('',*,*,#1413,.T.);
#1053=ORIENTED_EDGE('',*,*,#1204,.F.);
#1054=ORIENTED_EDGE('',*,*,#1417,.F.);
#1055=ORIENTED_EDGE('',*,*,#1418,.T.);
#1056=ORIENTED_EDGE('',*,*,#1415,.T.);
#1057=ORIENTED_EDGE('',*,*,#1203,.F.);
#1058=ORIENTED_EDGE('',*,*,#1419,.F.);
#1059=ORIENTED_EDGE('',*,*,#1420,.T.);
#1060=ORIENTED_EDGE('',*,*,#1417,.T.);
#1061=ORIENTED_EDGE('',*,*,#1202,.F.);
#1062=ORIENTED_EDGE('',*,*,#1421,.F.);
#1063=ORIENTED_EDGE('',*,*,#1422,.T.);
#1064=ORIENTED_EDGE('',*,*,#1419,.T.);
#1065=ORIENTED_EDGE('',*,*,#1201,.F.);
#1066=ORIENTED_EDGE('',*,*,#1423,.F.);
#1067=ORIENTED_EDGE('',*,*,#1424,.T.);
#1068=ORIENTED_EDGE('',*,*,#1421,.T.);
#1069=ORIENTED_EDGE('',*,*,#1200,.F.);
#1070=ORIENTED_EDGE('',*,*,#1425,.F.);
#1071=ORIENTED_EDGE('',*,*,#1426,.T.);
#1072=ORIENTED_EDGE('',*,*,#1423,.T.);
#1073=ORIENTED_EDGE('',*,*,#1199,.F.);
#1074=ORIENTED_EDGE('',*,*,#1427,.F.);
#1075=ORIENTED_EDGE('',*,*,#1428,.T.);
#1076=ORIENTED_EDGE('',*,*,#1425,.T.);
#1077=ORIENTED_EDGE('',*,*,#1198,.F.);
#1078=ORIENTED_EDGE('',*,*,#1429,.F.);
#1079=ORIENTED_EDGE('',*,*,#1430,.T.);
#1080=ORIENTED_EDGE('',*,*,#1427,.T.);
#1081=ORIENTED_EDGE('',*,*,#1197,.F.);
#1082=ORIENTED_EDGE('',*,*,#1431,.F.);
#1083=ORIENTED_EDGE('',*,*,#1432,.T.);
#1084=ORIENTED_EDGE('',*,*,#1429,.T.);
#1085=ORIENTED_EDGE('',*,*,#1196,.F.);
#1086=ORIENTED_EDGE('',*,*,#1433,.F.);
#1087=ORIENTED_EDGE('',*,*,#1434,.T.);
#1088=ORIENTED_EDGE('',*,*,#1431,.T.);
#1089=ORIENTED_EDGE('',*,*,#1195,.F.);
#1090=ORIENTED_EDGE('',*,*,#1435,.F.);
#1091=ORIENTED_EDGE('',*,*,#1436,.T.);
#1092=ORIENTED_EDGE('',*,*,#1433,.T.);
#1093=ORIENTED_EDGE('',*,*,#1194,.F.);
#1094=ORIENTED_EDGE('',*,*,#1384,.F.);
#1095=ORIENTED_EDGE('',*,*,#1437,.T.);
#1096=ORIENTED_EDGE('',*,*,#1435,.T.);
#1097=ORIENTED_EDGE('',*,*,#1383,.F.);
#1098=ORIENTED_EDGE('',*,*,#1386,.F.);
#1099=ORIENTED_EDGE('',*,*,#1388,.F.);
#1100=ORIENTED_EDGE('',*,*,#1390,.F.);
#1101=ORIENTED_EDGE('',*,*,#1392,.F.);
#1102=ORIENTED_EDGE('',*,*,#1394,.F.);
#1103=ORIENTED_EDGE('',*,*,#1396,.F.);
#1104=ORIENTED_EDGE('',*,*,#1398,.F.);
#1105=ORIENTED_EDGE('',*,*,#1400,.F.);
#1106=ORIENTED_EDGE('',*,*,#1402,.F.);
#1107=ORIENTED_EDGE('',*,*,#1404,.F.);
#1108=ORIENTED_EDGE('',*,*,#1406,.F.);
#1109=ORIENTED_EDGE('',*,*,#1408,.F.);
#1110=ORIENTED_EDGE('',*,*,#1410,.F.);
#1111=ORIENTED_EDGE('',*,*,#1412,.F.);
#1112=ORIENTED_EDGE('',*,*,#1414,.F.);
#1113=ORIENTED_EDGE('',*,*,#1416,.F.);
#1114=ORIENTED_EDGE('',*,*,#1418,.F.);
#1115=ORIENTED_EDGE('',*,*,#1420,.F.);
#1116=ORIENTED_EDGE('',*,*,#1422,.F.);
#1117=ORIENTED_EDGE('',*,*,#1424,.F.);
#1118=ORIENTED_EDGE('',*,*,#1426,.F.);
#1119=ORIENTED_EDGE('',*,*,#1428,.F.);
#1120=ORIENTED_EDGE('',*,*,#1430,.F.);
#1121=ORIENTED_EDGE('',*,*,#1432,.F.);
#1122=ORIENTED_EDGE('',*,*,#1434,.F.);
#1123=ORIENTED_EDGE('',*,*,#1436,.F.);
#1124=ORIENTED_EDGE('',*,*,#1437,.F.);
#1125=EDGE_CURVE('',#1438,#1439,#1644,.T.);
#1126=EDGE_CURVE('',#1440,#1438,#1645,.T.);
#1127=EDGE_CURVE('',#1441,#1440,#1646,.T.);
#1128=EDGE_CURVE('',#1442,#1441,#1647,.T.);
#1129=EDGE_CURVE('',#1443,#1442,#1648,.T.);
#1130=EDGE_CURVE('',#1444,#1443,#1649,.T.);
#1131=EDGE_CURVE('',#1445,#1444,#1650,.T.);
#1132=EDGE_CURVE('',#1439,#1445,#1651,.T.);
#1133=EDGE_CURVE('',#1446,#1447,#101,.T.);
#1134=EDGE_CURVE('',#1447,#1448,#102,.T.);
#1135=EDGE_CURVE('',#1448,#1449,#103,.T.);
#1136=EDGE_CURVE('',#1449,#1450,#104,.T.);
#1137=EDGE_CURVE('',#1450,#1451,#105,.T.);
#1138=EDGE_CURVE('',#1451,#1452,#106,.T.);
#1139=EDGE_CURVE('',#1452,#1453,#107,.T.);
#1140=EDGE_CURVE('',#1453,#1446,#108,.T.);
#1141=EDGE_CURVE('',#1454,#1455,#109,.T.);
#1142=EDGE_CURVE('',#1455,#1456,#1652,.T.);
#1143=EDGE_CURVE('',#1456,#1457,#1653,.T.);
#1144=EDGE_CURVE('',#1457,#1458,#1654,.T.);
#1145=EDGE_CURVE('',#1458,#1459,#1655,.T.);
#1146=EDGE_CURVE('',#1459,#1460,#110,.T.);
#1147=EDGE_CURVE('',#1460,#1461,#1656,.T.);
#1148=EDGE_CURVE('',#1461,#1462,#67,.F.);
#1149=EDGE_CURVE('',#1462,#1463,#68,.F.);
#1150=EDGE_CURVE('',#1463,#1464,#1657,.T.);
#1151=EDGE_CURVE('',#1464,#1465,#1658,.T.);
#1152=EDGE_CURVE('',#1465,#1466,#111,.T.);
#1153=EDGE_CURVE('',#1466,#1467,#1659,.T.);
#1154=EDGE_CURVE('',#1467,#1468,#1660,.T.);
#1155=EDGE_CURVE('',#1468,#1469,#1661,.T.);
#1156=EDGE_CURVE('',#1469,#1470,#1662,.T.);
#1157=EDGE_CURVE('',#1470,#1471,#112,.T.);
#1158=EDGE_CURVE('',#1471,#1472,#1663,.T.);
#1159=EDGE_CURVE('',#1472,#1473,#1664,.T.);
#1160=EDGE_CURVE('',#1473,#1474,#1665,.T.);
#1161=EDGE_CURVE('',#1474,#1454,#1666,.T.);
#1162=EDGE_CURVE('',#1475,#1476,#113,.T.);
#1163=EDGE_CURVE('',#1476,#1477,#114,.T.);
#1164=EDGE_CURVE('',#1477,#1478,#115,.T.);
#1165=EDGE_CURVE('',#1478,#1479,#116,.T.);
#1166=EDGE_CURVE('',#1479,#1480,#117,.T.);
#1167=EDGE_CURVE('',#1480,#1481,#118,.T.);
#1168=EDGE_CURVE('',#1481,#1482,#119,.T.);
#1169=EDGE_CURVE('',#1482,#1483,#120,.T.);
#1170=EDGE_CURVE('',#1483,#1484,#121,.T.);
#1171=EDGE_CURVE('',#1484,#1485,#122,.T.);
#1172=EDGE_CURVE('',#1485,#1486,#123,.T.);
#1173=EDGE_CURVE('',#1486,#1475,#124,.T.);
#1174=EDGE_CURVE('',#1487,#1488,#125,.T.);
#1175=EDGE_CURVE('',#1488,#1489,#126,.T.);
#1176=EDGE_CURVE('',#1489,#1490,#127,.T.);
#1177=EDGE_CURVE('',#1490,#1491,#128,.T.);
#1178=EDGE_CURVE('',#1491,#1492,#129,.T.);
#1179=EDGE_CURVE('',#1492,#1487,#130,.T.);
#1180=EDGE_CURVE('',#1493,#1494,#131,.T.);
#1181=EDGE_CURVE('',#1494,#1495,#132,.T.);
#1182=EDGE_CURVE('',#1495,#1496,#133,.T.);
#1183=EDGE_CURVE('',#1496,#1497,#134,.T.);
#1184=EDGE_CURVE('',#1497,#1498,#135,.T.);
#1185=EDGE_CURVE('',#1498,#1499,#136,.T.);
#1186=EDGE_CURVE('',#1499,#1500,#137,.T.);
#1187=EDGE_CURVE('',#1500,#1501,#138,.T.);
#1188=EDGE_CURVE('',#1501,#1502,#139,.T.);
#1189=EDGE_CURVE('',#1502,#1503,#140,.T.);
#1190=EDGE_CURVE('',#1503,#1504,#141,.T.);
#1191=EDGE_CURVE('',#1504,#1493,#142,.T.);
#1192=EDGE_CURVE('',#1505,#1506,#69,.T.);
#1193=EDGE_CURVE('',#1506,#1507,#70,.T.);
#1194=EDGE_CURVE('',#1507,#1508,#1667,.T.);
#1195=EDGE_CURVE('',#1508,#1509,#71,.F.);
#1196=EDGE_CURVE('',#1509,#1510,#1668,.T.);
#1197=EDGE_CURVE('',#1510,#1511,#72,.F.);
#1198=EDGE_CURVE('',#1511,#1512,#1669,.T.);
#1199=EDGE_CURVE('',#1512,#1513,#73,.F.);
#1200=EDGE_CURVE('',#1513,#1514,#74,.F.);
#1201=EDGE_CURVE('',#1514,#1515,#75,.F.);
#1202=EDGE_CURVE('',#1515,#1516,#76,.F.);
#1203=EDGE_CURVE('',#1516,#1517,#143,.T.);
#1204=EDGE_CURVE('',#1517,#1518,#1670,.T.);
#1205=EDGE_CURVE('',#1518,#1519,#1671,.T.);
#1206=EDGE_CURVE('',#1519,#1520,#1672,.T.);
#1207=EDGE_CURVE('',#1520,#1521,#77,.T.);
#1208=EDGE_CURVE('',#1521,#1522,#1673,.T.);
#1209=EDGE_CURVE('',#1522,#1523,#1674,.T.);
#1210=EDGE_CURVE('',#1523,#1524,#1675,.T.);
#1211=EDGE_CURVE('',#1524,#1525,#78,.F.);
#1212=EDGE_CURVE('',#1525,#1526,#1676,.T.);
#1213=EDGE_CURVE('',#1526,#1527,#1677,.T.);
#1214=EDGE_CURVE('',#1527,#1528,#79,.F.);
#1215=EDGE_CURVE('',#1528,#1529,#80,.F.);
#1216=EDGE_CURVE('',#1529,#1530,#81,.F.);
#1217=EDGE_CURVE('',#1530,#1531,#144,.T.);
#1218=EDGE_CURVE('',#1531,#1532,#1678,.T.);
#1219=EDGE_CURVE('',#1532,#1505,#1679,.T.);
#1220=EDGE_CURVE('',#1533,#1534,#145,.T.);
#1221=EDGE_CURVE('',#1534,#1535,#146,.T.);
#1222=EDGE_CURVE('',#1536,#1535,#147,.T.);
#1223=EDGE_CURVE('',#1533,#1536,#148,.T.);
#1224=EDGE_CURVE('',#1537,#1538,#82,.T.);
#1225=EDGE_CURVE('',#1539,#1538,#149,.T.);
#1226=EDGE_CURVE('',#1539,#1540,#83,.T.);
#1227=EDGE_CURVE('',#1540,#1541,#150,.T.);
#1228=EDGE_CURVE('',#1541,#1542,#84,.T.);
#1229=EDGE_CURVE('',#1542,#1543,#151,.T.);
#1230=EDGE_CURVE('',#1543,#1544,#85,.T.);
#1231=EDGE_CURVE('',#1537,#1544,#152,.T.);
#1232=EDGE_CURVE('',#1545,#1546,#153,.T.);
#1233=EDGE_CURVE('',#1534,#1546,#154,.T.);
#1234=EDGE_CURVE('',#1533,#1545,#155,.T.);
#1235=EDGE_CURVE('',#1545,#1547,#156,.T.);
#1236=EDGE_CURVE('',#1536,#1547,#157,.T.);
#1237=EDGE_CURVE('',#1547,#1548,#158,.T.);
#1238=EDGE_CURVE('',#1535,#1548,#159,.T.);
#1239=EDGE_CURVE('',#1546,#1548,#160,.T.);
#1240=EDGE_CURVE('',#1549,#1537,#161,.T.);
#1241=EDGE_CURVE('',#1550,#1544,#162,.T.);
#1242=EDGE_CURVE('',#1549,#1550,#1680,.T.);
#1243=EDGE_CURVE('',#1551,#1538,#163,.T.);
#1244=EDGE_CURVE('',#1551,#1549,#1681,.T.);
#1245=EDGE_CURVE('',#1552,#1539,#164,.T.);
#1246=EDGE_CURVE('',#1552,#1551,#1682,.T.);
#1247=EDGE_CURVE('',#1553,#1540,#165,.T.);
#1248=EDGE_CURVE('',#1553,#1552,#1683,.T.);
#1249=EDGE_CURVE('',#1554,#1541,#166,.T.);
#1250=EDGE_CURVE('',#1554,#1553,#1684,.T.);
#1251=EDGE_CURVE('',#1555,#1542,#167,.T.);
#1252=EDGE_CURVE('',#1555,#1554,#1685,.T.);
#1253=EDGE_CURVE('',#1556,#1543,#168,.T.);
#1254=EDGE_CURVE('',#1556,#1555,#1686,.T.);
#1255=EDGE_CURVE('',#1550,#1556,#1687,.T.);
#1256=EDGE_CURVE('',#1549,#1442,#1688,.F.);
#1257=EDGE_CURVE('',#1441,#1551,#1689,.F.);
#1258=EDGE_CURVE('',#1440,#1552,#1690,.T.);
#1259=EDGE_CURVE('',#1550,#1443,#1691,.T.);
#1260=EDGE_CURVE('',#1438,#1553,#1692,.F.);
#1261=EDGE_CURVE('',#1556,#1444,#1693,.F.);
#1262=EDGE_CURVE('',#1439,#1554,#1694,.T.);
#1263=EDGE_CURVE('',#1555,#1445,#1695,.T.);
#1264=EDGE_CURVE('',#1557,#1447,#169,.T.);
#1265=EDGE_CURVE('',#1557,#1558,#170,.T.);
#1266=EDGE_CURVE('',#1558,#1448,#171,.T.);
#1267=EDGE_CURVE('',#1559,#1446,#172,.T.);
#1268=EDGE_CURVE('',#1559,#1557,#173,.T.);
#1269=EDGE_CURVE('',#1560,#1453,#174,.T.);
#1270=EDGE_CURVE('',#1560,#1559,#175,.T.);
#1271=EDGE_CURVE('',#1561,#1452,#176,.T.);
#1272=EDGE_CURVE('',#1561,#1560,#177,.T.);
#1273=EDGE_CURVE('',#1562,#1451,#178,.T.);
#1274=EDGE_CURVE('',#1562,#1561,#179,.T.);
#1275=EDGE_CURVE('',#1563,#1450,#180,.T.);
#1276=EDGE_CURVE('',#1563,#1562,#181,.T.);
#1277=EDGE_CURVE('',#1564,#1449,#182,.T.);
#1278=EDGE_CURVE('',#1564,#1563,#183,.T.);
#1279=EDGE_CURVE('',#1558,#1564,#184,.T.);
#1280=EDGE_CURVE('',#1565,#1455,#185,.T.);
#1281=EDGE_CURVE('',#1565,#1566,#1696,.T.);
#1282=EDGE_CURVE('',#1566,#1456,#186,.T.);
#1283=EDGE_CURVE('',#1567,#1454,#187,.T.);
#1284=EDGE_CURVE('',#1567,#1565,#188,.T.);
#1285=EDGE_CURVE('',#1568,#1474,#189,.T.);
#1286=EDGE_CURVE('',#1568,#1567,#1697,.T.);
#1287=EDGE_CURVE('',#1569,#1473,#190,.T.);
#1288=EDGE_CURVE('',#1569,#1568,#1698,.T.);
#1289=EDGE_CURVE('',#1570,#1472,#191,.T.);
#1290=EDGE_CURVE('',#1570,#1569,#1699,.T.);
#1291=EDGE_CURVE('',#1571,#1471,#192,.T.);
#1292=EDGE_CURVE('',#1571,#1570,#1700,.T.);
#1293=EDGE_CURVE('',#1572,#1470,#193,.T.);
#1294=EDGE_CURVE('',#1572,#1571,#194,.T.);
#1295=EDGE_CURVE('',#1573,#1469,#195,.T.);
#1296=EDGE_CURVE('',#1573,#1572,#1701,.T.);
#1297=EDGE_CURVE('',#1574,#1468,#196,.T.);
#1298=EDGE_CURVE('',#1574,#1573,#1702,.T.);
#1299=EDGE_CURVE('',#1575,#1467,#197,.T.);
#1300=EDGE_CURVE('',#1575,#1574,#1703,.T.);
#1301=EDGE_CURVE('',#1576,#1466,#198,.T.);
#1302=EDGE_CURVE('',#1576,#1575,#1704,.T.);
#1303=EDGE_CURVE('',#1577,#1465,#199,.T.);
#1304=EDGE_CURVE('',#1577,#1576,#200,.T.);
#1305=EDGE_CURVE('',#1578,#1464,#201,.T.);
#1306=EDGE_CURVE('',#1578,#1577,#1705,.T.);
#1307=EDGE_CURVE('',#1579,#1463,#202,.T.);
#1308=EDGE_CURVE('',#1579,#1578,#1706,.T.);
#1309=EDGE_CURVE('',#1580,#1462,#203,.T.);
#1310=EDGE_CURVE('',#1580,#1579,#86,.F.);
#1311=EDGE_CURVE('',#1581,#1461,#204,.T.);
#1312=EDGE_CURVE('',#1581,#1580,#87,.F.);
#1313=EDGE_CURVE('',#1582,#1460,#205,.T.);
#1314=EDGE_CURVE('',#1582,#1581,#1707,.T.);
#1315=EDGE_CURVE('',#1583,#1459,#206,.T.);
#1316=EDGE_CURVE('',#1583,#1582,#207,.T.);
#1317=EDGE_CURVE('',#1584,#1458,#208,.T.);
#1318=EDGE_CURVE('',#1584,#1583,#1708,.T.);
#1319=EDGE_CURVE('',#1585,#1457,#209,.T.);
#1320=EDGE_CURVE('',#1585,#1584,#1709,.T.);
#1321=EDGE_CURVE('',#1566,#1585,#1710,.T.);
#1322=EDGE_CURVE('',#1586,#1476,#210,.T.);
#1323=EDGE_CURVE('',#1586,#1587,#211,.T.);
#1324=EDGE_CURVE('',#1587,#1477,#212,.T.);
#1325=EDGE_CURVE('',#1588,#1475,#213,.T.);
#1326=EDGE_CURVE('',#1588,#1586,#214,.T.);
#1327=EDGE_CURVE('',#1589,#1486,#215,.T.);
#1328=EDGE_CURVE('',#1589,#1588,#216,.T.);
#1329=EDGE_CURVE('',#1590,#1485,#217,.T.);
#1330=EDGE_CURVE('',#1590,#1589,#218,.T.);
#1331=EDGE_CURVE('',#1591,#1484,#219,.T.);
#1332=EDGE_CURVE('',#1591,#1590,#220,.T.);
#1333=EDGE_CURVE('',#1592,#1483,#221,.T.);
#1334=EDGE_CURVE('',#1592,#1591,#222,.T.);
#1335=EDGE_CURVE('',#1593,#1482,#223,.T.);
#1336=EDGE_CURVE('',#1593,#1592,#224,.T.);
#1337=EDGE_CURVE('',#1594,#1481,#225,.T.);
#1338=EDGE_CURVE('',#1594,#1593,#226,.T.);
#1339=EDGE_CURVE('',#1595,#1480,#227,.T.);
#1340=EDGE_CURVE('',#1595,#1594,#228,.T.);
#1341=EDGE_CURVE('',#1596,#1479,#229,.T.);
#1342=EDGE_CURVE('',#1596,#1595,#230,.T.);
#1343=EDGE_CURVE('',#1597,#1478,#231,.T.);
#1344=EDGE_CURVE('',#1597,#1596,#232,.T.);
#1345=EDGE_CURVE('',#1587,#1597,#233,.T.);
#1346=EDGE_CURVE('',#1598,#1488,#234,.T.);
#1347=EDGE_CURVE('',#1598,#1599,#235,.T.);
#1348=EDGE_CURVE('',#1599,#1489,#236,.T.);
#1349=EDGE_CURVE('',#1600,#1487,#237,.T.);
#1350=EDGE_CURVE('',#1600,#1598,#238,.T.);
#1351=EDGE_CURVE('',#1601,#1492,#239,.T.);
#1352=EDGE_CURVE('',#1601,#1600,#240,.T.);
#1353=EDGE_CURVE('',#1602,#1491,#241,.T.);
#1354=EDGE_CURVE('',#1602,#1601,#242,.T.);
#1355=EDGE_CURVE('',#1603,#1490,#243,.T.);
#1356=EDGE_CURVE('',#1603,#1602,#244,.T.);
#1357=EDGE_CURVE('',#1599,#1603,#245,.T.);
#1358=EDGE_CURVE('',#1604,#1494,#246,.T.);
#1359=EDGE_CURVE('',#1604,#1605,#247,.T.);
#1360=EDGE_CURVE('',#1605,#1495,#248,.T.);
#1361=EDGE_CURVE('',#1606,#1493,#249,.T.);
#1362=EDGE_CURVE('',#1606,#1604,#250,.T.);
#1363=EDGE_CURVE('',#1607,#1504,#251,.T.);
#1364=EDGE_CURVE('',#1607,#1606,#252,.T.);
#1365=EDGE_CURVE('',#1608,#1503,#253,.T.);
#1366=EDGE_CURVE('',#1608,#1607,#254,.T.);
#1367=EDGE_CURVE('',#1609,#1502,#255,.T.);
#1368=EDGE_CURVE('',#1609,#1608,#256,.T.);
#1369=EDGE_CURVE('',#1610,#1501,#257,.T.);
#1370=EDGE_CURVE('',#1610,#1609,#258,.T.);
#1371=EDGE_CURVE('',#1611,#1500,#259,.T.);
#1372=EDGE_CURVE('',#1611,#1610,#260,.T.);
#1373=EDGE_CURVE('',#1612,#1499,#261,.T.);
#1374=EDGE_CURVE('',#1612,#1611,#262,.T.);
#1375=EDGE_CURVE('',#1613,#1498,#263,.T.);
#1376=EDGE_CURVE('',#1613,#1612,#264,.T.);
#1377=EDGE_CURVE('',#1614,#1497,#265,.T.);
#1378=EDGE_CURVE('',#1614,#1613,#266,.T.);
#1379=EDGE_CURVE('',#1615,#1496,#267,.T.);
#1380=EDGE_CURVE('',#1615,#1614,#268,.T.);
#1381=EDGE_CURVE('',#1605,#1615,#269,.T.);
#1382=EDGE_CURVE('',#1616,#1506,#270,.T.);
#1383=EDGE_CURVE('',#1616,#1617,#88,.T.);
#1384=EDGE_CURVE('',#1617,#1507,#271,.T.);
#1385=EDGE_CURVE('',#1618,#1505,#272,.T.);
#1386=EDGE_CURVE('',#1618,#1616,#89,.T.);
#1387=EDGE_CURVE('',#1619,#1532,#273,.T.);
#1388=EDGE_CURVE('',#1619,#1618,#1711,.T.);
#1389=EDGE_CURVE('',#1620,#1531,#274,.T.);
#1390=EDGE_CURVE('',#1620,#1619,#1712,.T.);
#1391=EDGE_CURVE('',#1621,#1530,#275,.T.);
#1392=EDGE_CURVE('',#1621,#1620,#276,.T.);
#1393=EDGE_CURVE('',#1622,#1529,#277,.T.);
#1394=EDGE_CURVE('',#1622,#1621,#90,.F.);
#1395=EDGE_CURVE('',#1623,#1528,#278,.T.);
#1396=EDGE_CURVE('',#1623,#1622,#91,.F.);
#1397=EDGE_CURVE('',#1624,#1527,#279,.T.);
#1398=EDGE_CURVE('',#1624,#1623,#92,.F.);
#1399=EDGE_CURVE('',#1625,#1526,#280,.T.);
#1400=EDGE_CURVE('',#1625,#1624,#1713,.T.);
#1401=EDGE_CURVE('',#1626,#1525,#281,.T.);
#1402=EDGE_CURVE('',#1626,#1625,#1714,.T.);
#1403=EDGE_CURVE('',#1627,#1524,#282,.T.);
#1404=EDGE_CURVE('',#1627,#1626,#93,.F.);
#1405=EDGE_CURVE('',#1628,#1523,#283,.T.);
#1406=EDGE_CURVE('',#1628,#1627,#1715,.T.);
#1407=EDGE_CURVE('',#1629,#1522,#284,.T.);
#1408=EDGE_CURVE('',#1629,#1628,#1716,.T.);
#1409=EDGE_CURVE('',#1630,#1521,#285,.T.);
#1410=EDGE_CURVE('',#1630,#1629,#1717,.T.);
#1411=EDGE_CURVE('',#1631,#1520,#286,.T.);
#1412=EDGE_CURVE('',#1631,#1630,#94,.T.);
#1413=EDGE_CURVE('',#1632,#1519,#287,.T.);
#1414=EDGE_CURVE('',#1632,#1631,#1718,.T.);
#1415=EDGE_CURVE('',#1633,#1518,#288,.T.);
#1416=EDGE_CURVE('',#1633,#1632,#1719,.T.);
#1417=EDGE_CURVE('',#1634,#1517,#289,.T.);
#1418=EDGE_CURVE('',#1634,#1633,#1720,.T.);
#1419=EDGE_CURVE('',#1635,#1516,#290,.T.);
#1420=EDGE_CURVE('',#1635,#1634,#291,.T.);
#1421=EDGE_CURVE('',#1636,#1515,#292,.T.);
#1422=EDGE_CURVE('',#1636,#1635,#95,.F.);
#1423=EDGE_CURVE('',#1637,#1514,#293,.T.);
#1424=EDGE_CURVE('',#1637,#1636,#96,.F.);
#1425=EDGE_CURVE('',#1638,#1513,#294,.T.);
#1426=EDGE_CURVE('',#1638,#1637,#97,.F.);
#1427=EDGE_CURVE('',#1639,#1512,#295,.T.);
#1428=EDGE_CURVE('',#1639,#1638,#98,.F.);
#1429=EDGE_CURVE('',#1640,#1511,#296,.T.);
#1430=EDGE_CURVE('',#1640,#1639,#1721,.T.);
#1431=EDGE_CURVE('',#1641,#1510,#297,.T.);
#1432=EDGE_CURVE('',#1641,#1640,#99,.F.);
#1433=EDGE_CURVE('',#1642,#1509,#298,.T.);
#1434=EDGE_CURVE('',#1642,#1641,#1722,.T.);
#1435=EDGE_CURVE('',#1643,#1508,#299,.T.);
#1436=EDGE_CURVE('',#1643,#1642,#100,.F.);
#1437=EDGE_CURVE('',#1617,#1643,#1723,.T.);
#1438=VERTEX_POINT('',#2709);
#1439=VERTEX_POINT('',#2710);
#1440=VERTEX_POINT('',#2716);
#1441=VERTEX_POINT('',#2721);
#1442=VERTEX_POINT('',#2727);
#1443=VERTEX_POINT('',#2732);
#1444=VERTEX_POINT('',#2738);
#1445=VERTEX_POINT('',#2743);
#1446=VERTEX_POINT('',#2750);
#1447=VERTEX_POINT('',#2751);
#1448=VERTEX_POINT('',#2753);
#1449=VERTEX_POINT('',#2755);
#1450=VERTEX_POINT('',#2757);
#1451=VERTEX_POINT('',#2759);
#1452=VERTEX_POINT('',#2761);
#1453=VERTEX_POINT('',#2763);
#1454=VERTEX_POINT('',#2766);
#1455=VERTEX_POINT('',#2767);
#1456=VERTEX_POINT('',#2771);
#1457=VERTEX_POINT('',#2775);
#1458=VERTEX_POINT('',#2779);
#1459=VERTEX_POINT('',#2783);
#1460=VERTEX_POINT('',#2785);
#1461=VERTEX_POINT('',#2789);
#1462=VERTEX_POINT('',#2791);
#1463=VERTEX_POINT('',#2793);
#1464=VERTEX_POINT('',#2797);
#1465=VERTEX_POINT('',#2801);
#1466=VERTEX_POINT('',#2803);
#1467=VERTEX_POINT('',#2807);
#1468=VERTEX_POINT('',#2811);
#1469=VERTEX_POINT('',#2815);
#1470=VERTEX_POINT('',#2819);
#1471=VERTEX_POINT('',#2821);
#1472=VERTEX_POINT('',#2825);
#1473=VERTEX_POINT('',#2829);
#1474=VERTEX_POINT('',#2833);
#1475=VERTEX_POINT('',#2838);
#1476=VERTEX_POINT('',#2839);
#1477=VERTEX_POINT('',#2841);
#1478=VERTEX_POINT('',#2843);
#1479=VERTEX_POINT('',#2845);
#1480=VERTEX_POINT('',#2847);
#1481=VERTEX_POINT('',#2849);
#1482=VERTEX_POINT('',#2851);
#1483=VERTEX_POINT('',#2853);
#1484=VERTEX_POINT('',#2855);
#1485=VERTEX_POINT('',#2857);
#1486=VERTEX_POINT('',#2859);
#1487=VERTEX_POINT('',#2862);
#1488=VERTEX_POINT('',#2863);
#1489=VERTEX_POINT('',#2865);
#1490=VERTEX_POINT('',#2867);
#1491=VERTEX_POINT('',#2869);
#1492=VERTEX_POINT('',#2871);
#1493=VERTEX_POINT('',#2874);
#1494=VERTEX_POINT('',#2875);
#1495=VERTEX_POINT('',#2877);
#1496=VERTEX_POINT('',#2879);
#1497=VERTEX_POINT('',#2881);
#1498=VERTEX_POINT('',#2883);
#1499=VERTEX_POINT('',#2885);
#1500=VERTEX_POINT('',#2887);
#1501=VERTEX_POINT('',#2889);
#1502=VERTEX_POINT('',#2891);
#1503=VERTEX_POINT('',#2893);
#1504=VERTEX_POINT('',#2895);
#1505=VERTEX_POINT('',#2898);
#1506=VERTEX_POINT('',#2899);
#1507=VERTEX_POINT('',#2901);
#1508=VERTEX_POINT('',#2905);
#1509=VERTEX_POINT('',#2907);
#1510=VERTEX_POINT('',#2911);
#1511=VERTEX_POINT('',#2913);
#1512=VERTEX_POINT('',#2917);
#1513=VERTEX_POINT('',#2919);
#1514=VERTEX_POINT('',#2921);
#1515=VERTEX_POINT('',#2923);
#1516=VERTEX_POINT('',#2925);
#1517=VERTEX_POINT('',#2927);
#1518=VERTEX_POINT('',#2931);
#1519=VERTEX_POINT('',#2935);
#1520=VERTEX_POINT('',#2939);
#1521=VERTEX_POINT('',#2941);
#1522=VERTEX_POINT('',#2945);
#1523=VERTEX_POINT('',#2949);
#1524=VERTEX_POINT('',#2953);
#1525=VERTEX_POINT('',#2955);
#1526=VERTEX_POINT('',#2959);
#1527=VERTEX_POINT('',#2963);
#1528=VERTEX_POINT('',#2965);
#1529=VERTEX_POINT('',#2967);
#1530=VERTEX_POINT('',#2969);
#1531=VERTEX_POINT('',#2971);
#1532=VERTEX_POINT('',#2975);
#1533=VERTEX_POINT('',#2981);
#1534=VERTEX_POINT('',#2982);
#1535=VERTEX_POINT('',#2984);
#1536=VERTEX_POINT('',#2986);
#1537=VERTEX_POINT('',#2989);
#1538=VERTEX_POINT('',#2990);
#1539=VERTEX_POINT('',#2992);
#1540=VERTEX_POINT('',#2994);
#1541=VERTEX_POINT('',#2996);
#1542=VERTEX_POINT('',#2998);
#1543=VERTEX_POINT('',#3000);
#1544=VERTEX_POINT('',#3002);
#1545=VERTEX_POINT('',#3006);
#1546=VERTEX_POINT('',#3007);
#1547=VERTEX_POINT('',#3012);
#1548=VERTEX_POINT('',#3016);
#1549=VERTEX_POINT('',#3023);
#1550=VERTEX_POINT('',#3025);
#1551=VERTEX_POINT('',#3032);
#1552=VERTEX_POINT('',#3040);
#1553=VERTEX_POINT('',#3047);
#1554=VERTEX_POINT('',#3055);
#1555=VERTEX_POINT('',#3062);
#1556=VERTEX_POINT('',#3070);
#1557=VERTEX_POINT('',#3219);
#1558=VERTEX_POINT('',#3221);
#1559=VERTEX_POINT('',#3225);
#1560=VERTEX_POINT('',#3229);
#1561=VERTEX_POINT('',#3233);
#1562=VERTEX_POINT('',#3237);
#1563=VERTEX_POINT('',#3241);
#1564=VERTEX_POINT('',#3245);
#1565=VERTEX_POINT('',#3259);
#1566=VERTEX_POINT('',#3263);
#1567=VERTEX_POINT('',#3267);
#1568=VERTEX_POINT('',#3278);
#1569=VERTEX_POINT('',#3291);
#1570=VERTEX_POINT('',#3304);
#1571=VERTEX_POINT('',#3317);
#1572=VERTEX_POINT('',#3323);
#1573=VERTEX_POINT('',#3334);
#1574=VERTEX_POINT('',#3347);
#1575=VERTEX_POINT('',#3360);
#1576=VERTEX_POINT('',#3373);
#1577=VERTEX_POINT('',#3379);
#1578=VERTEX_POINT('',#3390);
#1579=VERTEX_POINT('',#3403);
#1580=VERTEX_POINT('',#3409);
#1581=VERTEX_POINT('',#3413);
#1582=VERTEX_POINT('',#3424);
#1583=VERTEX_POINT('',#3430);
#1584=VERTEX_POINT('',#3441);
#1585=VERTEX_POINT('',#3454);
#1586=VERTEX_POINT('',#3472);
#1587=VERTEX_POINT('',#3474);
#1588=VERTEX_POINT('',#3478);
#1589=VERTEX_POINT('',#3482);
#1590=VERTEX_POINT('',#3486);
#1591=VERTEX_POINT('',#3490);
#1592=VERTEX_POINT('',#3494);
#1593=VERTEX_POINT('',#3498);
#1594=VERTEX_POINT('',#3502);
#1595=VERTEX_POINT('',#3506);
#1596=VERTEX_POINT('',#3510);
#1597=VERTEX_POINT('',#3514);
#1598=VERTEX_POINT('',#3521);
#1599=VERTEX_POINT('',#3523);
#1600=VERTEX_POINT('',#3527);
#1601=VERTEX_POINT('',#3531);
#1602=VERTEX_POINT('',#3535);
#1603=VERTEX_POINT('',#3539);
#1604=VERTEX_POINT('',#3546);
#1605=VERTEX_POINT('',#3548);
#1606=VERTEX_POINT('',#3552);
#1607=VERTEX_POINT('',#3556);
#1608=VERTEX_POINT('',#3560);
#1609=VERTEX_POINT('',#3564);
#1610=VERTEX_POINT('',#3568);
#1611=VERTEX_POINT('',#3572);
#1612=VERTEX_POINT('',#3576);
#1613=VERTEX_POINT('',#3580);
#1614=VERTEX_POINT('',#3584);
#1615=VERTEX_POINT('',#3588);
#1616=VERTEX_POINT('',#3595);
#1617=VERTEX_POINT('',#3597);
#1618=VERTEX_POINT('',#3601);
#1619=VERTEX_POINT('',#3612);
#1620=VERTEX_POINT('',#3625);
#1621=VERTEX_POINT('',#3631);
#1622=VERTEX_POINT('',#3635);
#1623=VERTEX_POINT('',#3639);
#1624=VERTEX_POINT('',#3643);
#1625=VERTEX_POINT('',#3654);
#1626=VERTEX_POINT('',#3667);
#1627=VERTEX_POINT('',#3673);
#1628=VERTEX_POINT('',#3684);
#1629=VERTEX_POINT('',#3697);
#1630=VERTEX_POINT('',#3710);
#1631=VERTEX_POINT('',#3716);
#1632=VERTEX_POINT('',#3727);
#1633=VERTEX_POINT('',#3740);
#1634=VERTEX_POINT('',#3753);
#1635=VERTEX_POINT('',#3759);
#1636=VERTEX_POINT('',#3763);
#1637=VERTEX_POINT('',#3767);
#1638=VERTEX_POINT('',#3771);
#1639=VERTEX_POINT('',#3775);
#1640=VERTEX_POINT('',#3786);
#1641=VERTEX_POINT('',#3792);
#1642=VERTEX_POINT('',#3803);
#1643=VERTEX_POINT('',#3809);
#1644=B_SPLINE_CURVE_WITH_KNOTS('',3,(#2705,#2706,#2707,#2708),
 .UNSPECIFIED.,.F.,.F.,(4,4),(0.,1.),.UNSPECIFIED.);
#1645=B_SPLINE_CURVE_WITH_KNOTS('',3,(#2711,#2712,#2713,#2714,#2715),
 .UNSPECIFIED.,.F.,.F.,(4,1,4),(0.,0.5,1.),.UNSPECIFIED.);
#1646=B_SPLINE_CURVE_WITH_KNOTS('',3,(#2717,#2718,#2719,#2720),
 .UNSPECIFIED.,.F.,.F.,(4,4),(0.,1.),.UNSPECIFIED.);
#1647=B_SPLINE_CURVE_WITH_KNOTS('',3,(#2722,#2723,#2724,#2725,#2726),
 .UNSPECIFIED.,.F.,.F.,(4,1,4),(0.,0.5,1.),.UNSPECIFIED.);
#1648=B_SPLINE_CURVE_WITH_KNOTS('',3,(#2728,#2729,#2730,#2731),
 .UNSPECIFIED.,.F.,.F.,(4,4),(0.,1.),.UNSPECIFIED.);
#1649=B_SPLINE_CURVE_WITH_KNOTS('',3,(#2733,#2734,#2735,#2736,#2737),
 .UNSPECIFIED.,.F.,.F.,(4,1,4),(0.,0.5,1.),.UNSPECIFIED.);
#1650=B_SPLINE_CURVE_WITH_KNOTS('',3,(#2739,#2740,#2741,#2742),
 .UNSPECIFIED.,.F.,.F.,(4,4),(0.,1.),.UNSPECIFIED.);
#1651=B_SPLINE_CURVE_WITH_KNOTS('',3,(#2744,#2745,#2746,#2747,#2748),
 .UNSPECIFIED.,.F.,.F.,(4,1,4),(0.,0.5,1.),.UNSPECIFIED.);
#1652=B_SPLINE_CURVE_WITH_KNOTS('',2,(#2768,#2769,#2770),.UNSPECIFIED.,
 .F.,.F.,(3,3),(0.,1.),.PIECEWISE_BEZIER_KNOTS.);
#1653=B_SPLINE_CURVE_WITH_KNOTS('',2,(#2772,#2773,#2774),.UNSPECIFIED.,
 .F.,.F.,(3,3),(0.,1.),.PIECEWISE_BEZIER_KNOTS.);
#1654=B_SPLINE_CURVE_WITH_KNOTS('',2,(#2776,#2777,#2778),.UNSPECIFIED.,
 .F.,.F.,(3,3),(0.,1.),.PIECEWISE_BEZIER_KNOTS.);
#1655=B_SPLINE_CURVE_WITH_KNOTS('',2,(#2780,#2781,#2782),.UNSPECIFIED.,
 .F.,.F.,(3,3),(0.,1.),.PIECEWISE_BEZIER_KNOTS.);
#1656=B_SPLINE_CURVE_WITH_KNOTS('',2,(#2786,#2787,#2788),.UNSPECIFIED.,
 .F.,.F.,(3,3),(0.,1.),.PIECEWISE_BEZIER_KNOTS.);
#1657=B_SPLINE_CURVE_WITH_KNOTS('',2,(#2794,#2795,#2796),.UNSPECIFIED.,
 .F.,.F.,(3,3),(0.,1.),.PIECEWISE_BEZIER_KNOTS.);
#1658=B_SPLINE_CURVE_WITH_KNOTS('',2,(#2798,#2799,#2800),.UNSPECIFIED.,
 .F.,.F.,(3,3),(0.,1.),.PIECEWISE_BEZIER_KNOTS.);
#1659=B_SPLINE_CURVE_WITH_KNOTS('',2,(#2804,#2805,#2806),.UNSPECIFIED.,
 .F.,.F.,(3,3),(0.,1.),.PIECEWISE_BEZIER_KNOTS.);
#1660=B_SPLINE_CURVE_WITH_KNOTS('',2,(#2808,#2809,#2810),.UNSPECIFIED.,
 .F.,.F.,(3,3),(0.,1.),.PIECEWISE_BEZIER_KNOTS.);
#1661=B_SPLINE_CURVE_WITH_KNOTS('',2,(#2812,#2813,#2814),.UNSPECIFIED.,
 .F.,.F.,(3,3),(0.,1.),.PIECEWISE_BEZIER_KNOTS.);
#1662=B_SPLINE_CURVE_WITH_KNOTS('',2,(#2816,#2817,#2818),.UNSPECIFIED.,
 .F.,.F.,(3,3),(0.,1.),.PIECEWISE_BEZIER_KNOTS.);
#1663=B_SPLINE_CURVE_WITH_KNOTS('',2,(#2822,#2823,#2824),.UNSPECIFIED.,
 .F.,.F.,(3,3),(0.,1.),.PIECEWISE_BEZIER_KNOTS.);
#1664=B_SPLINE_CURVE_WITH_KNOTS('',2,(#2826,#2827,#2828),.UNSPECIFIED.,
 .F.,.F.,(3,3),(0.,1.),.PIECEWISE_BEZIER_KNOTS.);
#1665=B_SPLINE_CURVE_WITH_KNOTS('',2,(#2830,#2831,#2832),.UNSPECIFIED.,
 .F.,.F.,(3,3),(0.,1.),.PIECEWISE_BEZIER_KNOTS.);
#1666=B_SPLINE_CURVE_WITH_KNOTS('',2,(#2834,#2835,#2836),.UNSPECIFIED.,
 .F.,.F.,(3,3),(0.,1.),.PIECEWISE_BEZIER_KNOTS.);
#1667=B_SPLINE_CURVE_WITH_KNOTS('',2,(#2902,#2903,#2904),.UNSPECIFIED.,
 .F.,.F.,(3,3),(0.,1.),.PIECEWISE_BEZIER_KNOTS.);
#1668=B_SPLINE_CURVE_WITH_KNOTS('',2,(#2908,#2909,#2910),.UNSPECIFIED.,
 .F.,.F.,(3,3),(0.,1.),.PIECEWISE_BEZIER_KNOTS.);
#1669=B_SPLINE_CURVE_WITH_KNOTS('',2,(#2914,#2915,#2916),.UNSPECIFIED.,
 .F.,.F.,(3,3),(0.,1.),.PIECEWISE_BEZIER_KNOTS.);
#1670=B_SPLINE_CURVE_WITH_KNOTS('',2,(#2928,#2929,#2930),.UNSPECIFIED.,
 .F.,.F.,(3,3),(0.,1.),.PIECEWISE_BEZIER_KNOTS.);
#1671=B_SPLINE_CURVE_WITH_KNOTS('',2,(#2932,#2933,#2934),.UNSPECIFIED.,
 .F.,.F.,(3,3),(0.,1.),.PIECEWISE_BEZIER_KNOTS.);
#1672=B_SPLINE_CURVE_WITH_KNOTS('',2,(#2936,#2937,#2938),.UNSPECIFIED.,
 .F.,.F.,(3,3),(0.,1.),.PIECEWISE_BEZIER_KNOTS.);
#1673=B_SPLINE_CURVE_WITH_KNOTS('',2,(#2942,#2943,#2944),.UNSPECIFIED.,
 .F.,.F.,(3,3),(0.,1.),.PIECEWISE_BEZIER_KNOTS.);
#1674=B_SPLINE_CURVE_WITH_KNOTS('',2,(#2946,#2947,#2948),.UNSPECIFIED.,
 .F.,.F.,(3,3),(0.,1.),.PIECEWISE_BEZIER_KNOTS.);
#1675=B_SPLINE_CURVE_WITH_KNOTS('',2,(#2950,#2951,#2952),.UNSPECIFIED.,
 .F.,.F.,(3,3),(0.,1.),.PIECEWISE_BEZIER_KNOTS.);
#1676=B_SPLINE_CURVE_WITH_KNOTS('',2,(#2956,#2957,#2958),.UNSPECIFIED.,
 .F.,.F.,(3,3),(0.,1.),.PIECEWISE_BEZIER_KNOTS.);
#1677=B_SPLINE_CURVE_WITH_KNOTS('',2,(#2960,#2961,#2962),.UNSPECIFIED.,
 .F.,.F.,(3,3),(0.,1.),.PIECEWISE_BEZIER_KNOTS.);
#1678=B_SPLINE_CURVE_WITH_KNOTS('',2,(#2972,#2973,#2974),.UNSPECIFIED.,
 .F.,.F.,(3,3),(0.,1.),.PIECEWISE_BEZIER_KNOTS.);
#1679=B_SPLINE_CURVE_WITH_KNOTS('',2,(#2976,#2977,#2978),.UNSPECIFIED.,
 .F.,.F.,(3,3),(0.,1.),.PIECEWISE_BEZIER_KNOTS.);
#1680=B_SPLINE_CURVE_WITH_KNOTS('',3,(#3026,#3027,#3028,#3029),
 .UNSPECIFIED.,.F.,.F.,(4,4),(0.,1.),.UNSPECIFIED.);
#1681=B_SPLINE_CURVE_WITH_KNOTS('',3,(#3033,#3034,#3035,#3036,#3037),
 .UNSPECIFIED.,.F.,.F.,(4,1,4),(0.,0.5,1.),.UNSPECIFIED.);
#1682=B_SPLINE_CURVE_WITH_KNOTS('',3,(#3041,#3042,#3043,#3044),
 .UNSPECIFIED.,.F.,.F.,(4,4),(0.,1.),.UNSPECIFIED.);
#1683=B_SPLINE_CURVE_WITH_KNOTS('',3,(#3048,#3049,#3050,#3051,#3052),
 .UNSPECIFIED.,.F.,.F.,(4,1,4),(0.,0.5,1.),.UNSPECIFIED.);
#1684=B_SPLINE_CURVE_WITH_KNOTS('',3,(#3056,#3057,#3058,#3059),
 .UNSPECIFIED.,.F.,.F.,(4,4),(0.,1.),.UNSPECIFIED.);
#1685=B_SPLINE_CURVE_WITH_KNOTS('',3,(#3063,#3064,#3065,#3066,#3067),
 .UNSPECIFIED.,.F.,.F.,(4,1,4),(0.,0.5,1.),.UNSPECIFIED.);
#1686=B_SPLINE_CURVE_WITH_KNOTS('',3,(#3071,#3072,#3073,#3074),
 .UNSPECIFIED.,.F.,.F.,(4,4),(0.,1.),.UNSPECIFIED.);
#1687=B_SPLINE_CURVE_WITH_KNOTS('',3,(#3076,#3077,#3078,#3079,#3080),
 .UNSPECIFIED.,.F.,.F.,(4,1,4),(0.,0.5,1.),.UNSPECIFIED.);
#1688=B_SPLINE_CURVE_WITH_KNOTS('',3,(#3099,#3100,#3101,#3102),
 .UNSPECIFIED.,.F.,.F.,(4,4),(0.,1.),.UNSPECIFIED.);
#1689=B_SPLINE_CURVE_WITH_KNOTS('',3,(#3103,#3104,#3105,#3106),
 .UNSPECIFIED.,.F.,.F.,(4,4),(0.,1.),.UNSPECIFIED.);
#1690=B_SPLINE_CURVE_WITH_KNOTS('',3,(#3115,#3116,#3117,#3118),
 .UNSPECIFIED.,.F.,.F.,(4,4),(0.,1.),.UNSPECIFIED.);
#1691=B_SPLINE_CURVE_WITH_KNOTS('',3,(#3127,#3128,#3129,#3130),
 .UNSPECIFIED.,.F.,.F.,(4,4),(0.,1.),.UNSPECIFIED.);
#1692=B_SPLINE_CURVE_WITH_KNOTS('',3,(#3149,#3150,#3151,#3152),
 .UNSPECIFIED.,.F.,.F.,(4,4),(0.,1.),.UNSPECIFIED.);
#1693=B_SPLINE_CURVE_WITH_KNOTS('',3,(#3171,#3172,#3173,#3174),
 .UNSPECIFIED.,.F.,.F.,(4,4),(0.,1.),.UNSPECIFIED.);
#1694=B_SPLINE_CURVE_WITH_KNOTS('',3,(#3183,#3184,#3185,#3186),
 .UNSPECIFIED.,.F.,.F.,(4,4),(0.,1.),.UNSPECIFIED.);
#1695=B_SPLINE_CURVE_WITH_KNOTS('',3,(#3195,#3196,#3197,#3198),
 .UNSPECIFIED.,.F.,.F.,(4,4),(0.,1.),.UNSPECIFIED.);
#1696=B_SPLINE_CURVE_WITH_KNOTS('',2,(#3260,#3261,#3262),.UNSPECIFIED.,
 .F.,.F.,(3,3),(0.,1.),.PIECEWISE_BEZIER_KNOTS.);
#1697=B_SPLINE_CURVE_WITH_KNOTS('',2,(#3279,#3280,#3281),.UNSPECIFIED.,
 .F.,.F.,(3,3),(0.,1.),.PIECEWISE_BEZIER_KNOTS.);
#1698=B_SPLINE_CURVE_WITH_KNOTS('',2,(#3292,#3293,#3294),.UNSPECIFIED.,
 .F.,.F.,(3,3),(0.,1.),.PIECEWISE_BEZIER_KNOTS.);
#1699=B_SPLINE_CURVE_WITH_KNOTS('',2,(#3305,#3306,#3307),.UNSPECIFIED.,
 .F.,.F.,(3,3),(0.,1.),.PIECEWISE_BEZIER_KNOTS.);
#1700=B_SPLINE_CURVE_WITH_KNOTS('',2,(#3318,#3319,#3320),.UNSPECIFIED.,
 .F.,.F.,(3,3),(0.,1.),.PIECEWISE_BEZIER_KNOTS.);
#1701=B_SPLINE_CURVE_WITH_KNOTS('',2,(#3335,#3336,#3337),.UNSPECIFIED.,
 .F.,.F.,(3,3),(0.,1.),.PIECEWISE_BEZIER_KNOTS.);
#1702=B_SPLINE_CURVE_WITH_KNOTS('',2,(#3348,#3349,#3350),.UNSPECIFIED.,
 .F.,.F.,(3,3),(0.,1.),.PIECEWISE_BEZIER_KNOTS.);
#1703=B_SPLINE_CURVE_WITH_KNOTS('',2,(#3361,#3362,#3363),.UNSPECIFIED.,
 .F.,.F.,(3,3),(0.,1.),.PIECEWISE_BEZIER_KNOTS.);
#1704=B_SPLINE_CURVE_WITH_KNOTS('',2,(#3374,#3375,#3376),.UNSPECIFIED.,
 .F.,.F.,(3,3),(0.,1.),.PIECEWISE_BEZIER_KNOTS.);
#1705=B_SPLINE_CURVE_WITH_KNOTS('',2,(#3391,#3392,#3393),.UNSPECIFIED.,
 .F.,.F.,(3,3),(0.,1.),.PIECEWISE_BEZIER_KNOTS.);
#1706=B_SPLINE_CURVE_WITH_KNOTS('',2,(#3404,#3405,#3406),.UNSPECIFIED.,
 .F.,.F.,(3,3),(0.,1.),.PIECEWISE_BEZIER_KNOTS.);
#1707=B_SPLINE_CURVE_WITH_KNOTS('',2,(#3425,#3426,#3427),.UNSPECIFIED.,
 .F.,.F.,(3,3),(0.,1.),.PIECEWISE_BEZIER_KNOTS.);
#1708=B_SPLINE_CURVE_WITH_KNOTS('',2,(#3442,#3443,#3444),.UNSPECIFIED.,
 .F.,.F.,(3,3),(0.,1.),.PIECEWISE_BEZIER_KNOTS.);
#1709=B_SPLINE_CURVE_WITH_KNOTS('',2,(#3455,#3456,#3457),.UNSPECIFIED.,
 .F.,.F.,(3,3),(0.,1.),.PIECEWISE_BEZIER_KNOTS.);
#1710=B_SPLINE_CURVE_WITH_KNOTS('',2,(#3466,#3467,#3468),.UNSPECIFIED.,
 .F.,.F.,(3,3),(0.,1.),.PIECEWISE_BEZIER_KNOTS.);
#1711=B_SPLINE_CURVE_WITH_KNOTS('',2,(#3613,#3614,#3615),.UNSPECIFIED.,
 .F.,.F.,(3,3),(0.,1.),.PIECEWISE_BEZIER_KNOTS.);
#1712=B_SPLINE_CURVE_WITH_KNOTS('',2,(#3626,#3627,#3628),.UNSPECIFIED.,
 .F.,.F.,(3,3),(0.,1.),.PIECEWISE_BEZIER_KNOTS.);
#1713=B_SPLINE_CURVE_WITH_KNOTS('',2,(#3655,#3656,#3657),.UNSPECIFIED.,
 .F.,.F.,(3,3),(0.,1.),.PIECEWISE_BEZIER_KNOTS.);
#1714=B_SPLINE_CURVE_WITH_KNOTS('',2,(#3668,#3669,#3670),.UNSPECIFIED.,
 .F.,.F.,(3,3),(0.,1.),.PIECEWISE_BEZIER_KNOTS.);
#1715=B_SPLINE_CURVE_WITH_KNOTS('',2,(#3685,#3686,#3687),.UNSPECIFIED.,
 .F.,.F.,(3,3),(0.,1.),.PIECEWISE_BEZIER_KNOTS.);
#1716=B_SPLINE_CURVE_WITH_KNOTS('',2,(#3698,#3699,#3700),.UNSPECIFIED.,
 .F.,.F.,(3,3),(0.,1.),.PIECEWISE_BEZIER_KNOTS.);
#1717=B_SPLINE_CURVE_WITH_KNOTS('',2,(#3711,#3712,#3713),.UNSPECIFIED.,
 .F.,.F.,(3,3),(0.,1.),.PIECEWISE_BEZIER_KNOTS.);
#1718=B_SPLINE_CURVE_WITH_KNOTS('',2,(#3728,#3729,#3730),.UNSPECIFIED.,
 .F.,.F.,(3,3),(0.,1.),.PIECEWISE_BEZIER_KNOTS.);
#1719=B_SPLINE_CURVE_WITH_KNOTS('',2,(#3741,#3742,#3743),.UNSPECIFIED.,
 .F.,.F.,(3,3),(0.,1.),.PIECEWISE_BEZIER_KNOTS.);
#1720=B_SPLINE_CURVE_WITH_KNOTS('',2,(#3754,#3755,#3756),.UNSPECIFIED.,
 .F.,.F.,(3,3),(0.,1.),.PIECEWISE_BEZIER_KNOTS.);
#1721=B_SPLINE_CURVE_WITH_KNOTS('',2,(#3787,#3788,#3789),.UNSPECIFIED.,
 .F.,.F.,(3,3),(0.,1.),.PIECEWISE_BEZIER_KNOTS.);
#1722=B_SPLINE_CURVE_WITH_KNOTS('',2,(#3804,#3805,#3806),.UNSPECIFIED.,
 .F.,.F.,(3,3),(0.,1.),.PIECEWISE_BEZIER_KNOTS.);
#1723=B_SPLINE_CURVE_WITH_KNOTS('',2,(#3819,#3820,#3821),.UNSPECIFIED.,
 .F.,.F.,(3,3),(0.,1.),.PIECEWISE_BEZIER_KNOTS.);
#1724=EDGE_LOOP('',(#499,#500,#501,#502,#503,#504,#505,#506));
#1725=EDGE_LOOP('',(#507,#508,#509,#510,#511,#512,#513,#514));
#1726=EDGE_LOOP('',(#515,#516,#517,#518,#519,#520,#521,#522,#523,#524,#525,
#526,#527,#528,#529,#530,#531,#532,#533,#534,#535));
#1727=EDGE_LOOP('',(#536,#537,#538,#539,#540,#541,#542,#543,#544,#545,#546,
#547));
#1728=EDGE_LOOP('',(#548,#549,#550,#551,#552,#553));
#1729=EDGE_LOOP('',(#554,#555,#556,#557,#558,#559,#560,#561,#562,#563,#564,
#565));
#1730=EDGE_LOOP('',(#566,#567,#568,#569,#570,#571,#572,#573,#574,#575,#576,
#577,#578,#579,#580,#581,#582,#583,#584,#585,#586,#587,#588,#589,#590,#591,
#592,#593));
#1731=EDGE_LOOP('',(#594,#595,#596,#597));
#1732=EDGE_LOOP('',(#598,#599,#600,#601,#602,#603,#604,#605));
#1733=EDGE_LOOP('',(#606,#607,#608,#609));
#1734=EDGE_LOOP('',(#610,#611,#612,#613));
#1735=EDGE_LOOP('',(#614,#615,#616,#617));
#1736=EDGE_LOOP('',(#618,#619,#620,#621));
#1737=EDGE_LOOP('',(#622,#623,#624,#625));
#1738=EDGE_LOOP('',(#626,#627,#628,#629));
#1739=EDGE_LOOP('',(#630,#631,#632,#633));
#1740=EDGE_LOOP('',(#634,#635,#636,#637));
#1741=EDGE_LOOP('',(#638,#639,#640,#641));
#1742=EDGE_LOOP('',(#642,#643,#644,#645));
#1743=EDGE_LOOP('',(#646,#647,#648,#649));
#1744=EDGE_LOOP('',(#650,#651,#652,#653));
#1745=EDGE_LOOP('',(#654,#655,#656,#657));
#1746=EDGE_LOOP('',(#658,#659,#660,#661));
#1747=EDGE_LOOP('',(#662,#663,#664,#665));
#1748=EDGE_LOOP('',(#666,#667,#668,#669));
#1749=EDGE_LOOP('',(#670,#671,#672,#673));
#1750=EDGE_LOOP('',(#674,#675,#676,#677));
#1751=EDGE_LOOP('',(#678,#679,#680,#681));
#1752=EDGE_LOOP('',(#682,#683,#684,#685));
#1753=EDGE_LOOP('',(#686,#687,#688,#689));
#1754=EDGE_LOOP('',(#690,#691,#692,#693));
#1755=EDGE_LOOP('',(#694,#695,#696,#697));
#1756=EDGE_LOOP('',(#698,#699,#700,#701));
#1757=EDGE_LOOP('',(#702,#703,#704,#705));
#1758=EDGE_LOOP('',(#706,#707,#708,#709));
#1759=EDGE_LOOP('',(#710,#711,#712,#713));
#1760=EDGE_LOOP('',(#714,#715,#716,#717));
#1761=EDGE_LOOP('',(#718,#719,#720,#721));
#1762=EDGE_LOOP('',(#722,#723,#724,#725,#726,#727,#728,#729));
#1763=EDGE_LOOP('',(#730,#731,#732,#733));
#1764=EDGE_LOOP('',(#734,#735,#736,#737));
#1765=EDGE_LOOP('',(#738,#739,#740,#741));
#1766=EDGE_LOOP('',(#742,#743,#744,#745));
#1767=EDGE_LOOP('',(#746,#747,#748,#749));
#1768=EDGE_LOOP('',(#750,#751,#752,#753));
#1769=EDGE_LOOP('',(#754,#755,#756,#757));
#1770=EDGE_LOOP('',(#758,#759,#760,#761));
#1771=EDGE_LOOP('',(#762,#763,#764,#765));
#1772=EDGE_LOOP('',(#766,#767,#768,#769));
#1773=EDGE_LOOP('',(#770,#771,#772,#773));
#1774=EDGE_LOOP('',(#774,#775,#776,#777));
#1775=EDGE_LOOP('',(#778,#779,#780,#781));
#1776=EDGE_LOOP('',(#782,#783,#784,#785));
#1777=EDGE_LOOP('',(#786,#787,#788,#789));
#1778=EDGE_LOOP('',(#790,#791,#792,#793));
#1779=EDGE_LOOP('',(#794,#795,#796,#797));
#1780=EDGE_LOOP('',(#798,#799,#800,#801));
#1781=EDGE_LOOP('',(#802,#803,#804,#805));
#1782=EDGE_LOOP('',(#806,#807,#808,#809));
#1783=EDGE_LOOP('',(#810,#811,#812,#813));
#1784=EDGE_LOOP('',(#814,#815,#816,#817,#818,#819,#820,#821,#822,#823,#824,
#825,#826,#827,#828,#829,#830,#831,#832,#833,#834));
#1785=EDGE_LOOP('',(#835,#836,#837,#838));
#1786=EDGE_LOOP('',(#839,#840,#841,#842));
#1787=EDGE_LOOP('',(#843,#844,#845,#846));
#1788=EDGE_LOOP('',(#847,#848,#849,#850));
#1789=EDGE_LOOP('',(#851,#852,#853,#854));
#1790=EDGE_LOOP('',(#855,#856,#857,#858));
#1791=EDGE_LOOP('',(#859,#860,#861,#862));
#1792=EDGE_LOOP('',(#863,#864,#865,#866));
#1793=EDGE_LOOP('',(#867,#868,#869,#870));
#1794=EDGE_LOOP('',(#871,#872,#873,#874));
#1795=EDGE_LOOP('',(#875,#876,#877,#878));
#1796=EDGE_LOOP('',(#879,#880,#881,#882));
#1797=EDGE_LOOP('',(#883,#884,#885,#886,#887,#888,#889,#890,#891,#892,#893,
#894));
#1798=EDGE_LOOP('',(#895,#896,#897,#898));
#1799=EDGE_LOOP('',(#899,#900,#901,#902));
#1800=EDGE_LOOP('',(#903,#904,#905,#906));
#1801=EDGE_LOOP('',(#907,#908,#909,#910));
#1802=EDGE_LOOP('',(#911,#912,#913,#914));
#1803=EDGE_LOOP('',(#915,#916,#917,#918));
#1804=EDGE_LOOP('',(#919,#920,#921,#922,#923,#924));
#1805=EDGE_LOOP('',(#925,#926,#927,#928));
#1806=EDGE_LOOP('',(#929,#930,#931,#932));
#1807=EDGE_LOOP('',(#933,#934,#935,#936));
#1808=EDGE_LOOP('',(#937,#938,#939,#940));
#1809=EDGE_LOOP('',(#941,#942,#943,#944));
#1810=EDGE_LOOP('',(#945,#946,#947,#948));
#1811=EDGE_LOOP('',(#949,#950,#951,#952));
#1812=EDGE_LOOP('',(#953,#954,#955,#956));
#1813=EDGE_LOOP('',(#957,#958,#959,#960));
#1814=EDGE_LOOP('',(#961,#962,#963,#964));
#1815=EDGE_LOOP('',(#965,#966,#967,#968));
#1816=EDGE_LOOP('',(#969,#970,#971,#972));
#1817=EDGE_LOOP('',(#973,#974,#975,#976,#977,#978,#979,#980,#981,#982,#983,
#984));
#1818=EDGE_LOOP('',(#985,#986,#987,#988));
#1819=EDGE_LOOP('',(#989,#990,#991,#992));
#1820=EDGE_LOOP('',(#993,#994,#995,#996));
#1821=EDGE_LOOP('',(#997,#998,#999,#1000));
#1822=EDGE_LOOP('',(#1001,#1002,#1003,#1004));
#1823=EDGE_LOOP('',(#1005,#1006,#1007,#1008));
#1824=EDGE_LOOP('',(#1009,#1010,#1011,#1012));
#1825=EDGE_LOOP('',(#1013,#1014,#1015,#1016));
#1826=EDGE_LOOP('',(#1017,#1018,#1019,#1020));
#1827=EDGE_LOOP('',(#1021,#1022,#1023,#1024));
#1828=EDGE_LOOP('',(#1025,#1026,#1027,#1028));
#1829=EDGE_LOOP('',(#1029,#1030,#1031,#1032));
#1830=EDGE_LOOP('',(#1033,#1034,#1035,#1036));
#1831=EDGE_LOOP('',(#1037,#1038,#1039,#1040));
#1832=EDGE_LOOP('',(#1041,#1042,#1043,#1044));
#1833=EDGE_LOOP('',(#1045,#1046,#1047,#1048));
#1834=EDGE_LOOP('',(#1049,#1050,#1051,#1052));
#1835=EDGE_LOOP('',(#1053,#1054,#1055,#1056));
#1836=EDGE_LOOP('',(#1057,#1058,#1059,#1060));
#1837=EDGE_LOOP('',(#1061,#1062,#1063,#1064));
#1838=EDGE_LOOP('',(#1065,#1066,#1067,#1068));
#1839=EDGE_LOOP('',(#1069,#1070,#1071,#1072));
#1840=EDGE_LOOP('',(#1073,#1074,#1075,#1076));
#1841=EDGE_LOOP('',(#1077,#1078,#1079,#1080));
#1842=EDGE_LOOP('',(#1081,#1082,#1083,#1084));
#1843=EDGE_LOOP('',(#1085,#1086,#1087,#1088));
#1844=EDGE_LOOP('',(#1089,#1090,#1091,#1092));
#1845=EDGE_LOOP('',(#1093,#1094,#1095,#1096));
#1846=EDGE_LOOP('',(#1097,#1098,#1099,#1100,#1101,#1102,#1103,#1104,#1105,
#1106,#1107,#1108,#1109,#1110,#1111,#1112,#1113,#1114,#1115,#1116,#1117,
#1118,#1119,#1120,#1121,#1122,#1123,#1124));
#1847=FACE_BOUND('',#1724,.T.);
#1848=FACE_BOUND('',#1725,.T.);
#1849=FACE_BOUND('',#1726,.T.);
#1850=FACE_BOUND('',#1727,.T.);
#1851=FACE_BOUND('',#1728,.T.);
#1852=FACE_BOUND('',#1729,.T.);
#1853=FACE_BOUND('',#1730,.T.);
#1854=FACE_BOUND('',#1731,.T.);
#1855=FACE_BOUND('',#1732,.T.);
#1856=FACE_BOUND('',#1733,.T.);
#1857=FACE_BOUND('',#1734,.T.);
#1858=FACE_BOUND('',#1735,.T.);
#1859=FACE_BOUND('',#1736,.T.);
#1860=FACE_BOUND('',#1737,.T.);
#1861=FACE_BOUND('',#1738,.T.);
#1862=FACE_BOUND('',#1739,.T.);
#1863=FACE_BOUND('',#1740,.T.);
#1864=FACE_BOUND('',#1741,.T.);
#1865=FACE_BOUND('',#1742,.T.);
#1866=FACE_BOUND('',#1743,.T.);
#1867=FACE_BOUND('',#1744,.T.);
#1868=FACE_BOUND('',#1745,.T.);
#1869=FACE_BOUND('',#1746,.T.);
#1870=FACE_BOUND('',#1747,.T.);
#1871=FACE_BOUND('',#1748,.T.);
#1872=FACE_BOUND('',#1749,.T.);
#1873=FACE_BOUND('',#1750,.T.);
#1874=FACE_BOUND('',#1751,.T.);
#1875=FACE_BOUND('',#1752,.T.);
#1876=FACE_BOUND('',#1753,.T.);
#1877=FACE_BOUND('',#1754,.T.);
#1878=FACE_BOUND('',#1755,.T.);
#1879=FACE_BOUND('',#1756,.T.);
#1880=FACE_BOUND('',#1757,.T.);
#1881=FACE_BOUND('',#1758,.T.);
#1882=FACE_BOUND('',#1759,.T.);
#1883=FACE_BOUND('',#1760,.T.);
#1884=FACE_BOUND('',#1761,.T.);
#1885=FACE_BOUND('',#1762,.T.);
#1886=FACE_BOUND('',#1763,.T.);
#1887=FACE_BOUND('',#1764,.T.);
#1888=FACE_BOUND('',#1765,.T.);
#1889=FACE_BOUND('',#1766,.T.);
#1890=FACE_BOUND('',#1767,.T.);
#1891=FACE_BOUND('',#1768,.T.);
#1892=FACE_BOUND('',#1769,.T.);
#1893=FACE_BOUND('',#1770,.T.);
#1894=FACE_BOUND('',#1771,.T.);
#1895=FACE_BOUND('',#1772,.T.);
#1896=FACE_BOUND('',#1773,.T.);
#1897=FACE_BOUND('',#1774,.T.);
#1898=FACE_BOUND('',#1775,.T.);
#1899=FACE_BOUND('',#1776,.T.);
#1900=FACE_BOUND('',#1777,.T.);
#1901=FACE_BOUND('',#1778,.T.);
#1902=FACE_BOUND('',#1779,.T.);
#1903=FACE_BOUND('',#1780,.T.);
#1904=FACE_BOUND('',#1781,.T.);
#1905=FACE_BOUND('',#1782,.T.);
#1906=FACE_BOUND('',#1783,.T.);
#1907=FACE_BOUND('',#1784,.T.);
#1908=FACE_BOUND('',#1785,.T.);
#1909=FACE_BOUND('',#1786,.T.);
#1910=FACE_BOUND('',#1787,.T.);
#1911=FACE_BOUND('',#1788,.T.);
#1912=FACE_BOUND('',#1789,.T.);
#1913=FACE_BOUND('',#1790,.T.);
#1914=FACE_BOUND('',#1791,.T.);
#1915=FACE_BOUND('',#1792,.T.);
#1916=FACE_BOUND('',#1793,.T.);
#1917=FACE_BOUND('',#1794,.T.);
#1918=FACE_BOUND('',#1795,.T.);
#1919=FACE_BOUND('',#1796,.T.);
#1920=FACE_BOUND('',#1797,.T.);
#1921=FACE_BOUND('',#1798,.T.);
#1922=FACE_BOUND('',#1799,.T.);
#1923=FACE_BOUND('',#1800,.T.);
#1924=FACE_BOUND('',#1801,.T.);
#1925=FACE_BOUND('',#1802,.T.);
#1926=FACE_BOUND('',#1803,.T.);
#1927=FACE_BOUND('',#1804,.T.);
#1928=FACE_BOUND('',#1805,.T.);
#1929=FACE_BOUND('',#1806,.T.);
#1930=FACE_BOUND('',#1807,.T.);
#1931=FACE_BOUND('',#1808,.T.);
#1932=FACE_BOUND('',#1809,.T.);
#1933=FACE_BOUND('',#1810,.T.);
#1934=FACE_BOUND('',#1811,.T.);
#1935=FACE_BOUND('',#1812,.T.);
#1936=FACE_BOUND('',#1813,.T.);
#1937=FACE_BOUND('',#1814,.T.);
#1938=FACE_BOUND('',#1815,.T.);
#1939=FACE_BOUND('',#1816,.T.);
#1940=FACE_BOUND('',#1817,.T.);
#1941=FACE_BOUND('',#1818,.T.);
#1942=FACE_BOUND('',#1819,.T.);
#1943=FACE_BOUND('',#1820,.T.);
#1944=FACE_BOUND('',#1821,.T.);
#1945=FACE_BOUND('',#1822,.T.);
#1946=FACE_BOUND('',#1823,.T.);
#1947=FACE_BOUND('',#1824,.T.);
#1948=FACE_BOUND('',#1825,.T.);
#1949=FACE_BOUND('',#1826,.T.);
#1950=FACE_BOUND('',#1827,.T.);
#1951=FACE_BOUND('',#1828,.T.);
#1952=FACE_BOUND('',#1829,.T.);
#1953=FACE_BOUND('',#1830,.T.);
#1954=FACE_BOUND('',#1831,.T.);
#1955=FACE_BOUND('',#1832,.T.);
#1956=FACE_BOUND('',#1833,.T.);
#1957=FACE_BOUND('',#1834,.T.);
#1958=FACE_BOUND('',#1835,.T.);
#1959=FACE_BOUND('',#1836,.T.);
#1960=FACE_BOUND('',#1837,.T.);
#1961=FACE_BOUND('',#1838,.T.);
#1962=FACE_BOUND('',#1839,.T.);
#1963=FACE_BOUND('',#1840,.T.);
#1964=FACE_BOUND('',#1841,.T.);
#1965=FACE_BOUND('',#1842,.T.);
#1966=FACE_BOUND('',#1843,.T.);
#1967=FACE_BOUND('',#1844,.T.);
#1968=FACE_BOUND('',#1845,.T.);
#1969=FACE_BOUND('',#1846,.T.);
#1970=PLANE('',#2160);
#1971=PLANE('',#2176);
#1972=PLANE('',#2181);
#1973=PLANE('',#2182);
#1974=PLANE('',#2183);
#1975=PLANE('',#2184);
#1976=PLANE('',#2185);
#1977=PLANE('',#2186);
#1978=PLANE('',#2188);
#1979=PLANE('',#2190);
#1980=PLANE('',#2192);
#1981=PLANE('',#2194);
#1982=PLANE('',#2195);
#1983=PLANE('',#2196);
#1984=PLANE('',#2197);
#1985=PLANE('',#2198);
#1986=PLANE('',#2199);
#1987=PLANE('',#2200);
#1988=PLANE('',#2201);
#1989=PLANE('',#2202);
#1990=PLANE('',#2203);
#1991=PLANE('',#2204);
#1992=PLANE('',#2205);
#1993=PLANE('',#2210);
#1994=PLANE('',#2211);
#1995=PLANE('',#2212);
#1996=PLANE('',#2213);
#1997=PLANE('',#2214);
#1998=PLANE('',#2215);
#1999=PLANE('',#2216);
#2000=PLANE('',#2217);
#2001=PLANE('',#2218);
#2002=PLANE('',#2219);
#2003=PLANE('',#2220);
#2004=PLANE('',#2221);
#2005=PLANE('',#2222);
#2006=PLANE('',#2223);
#2007=PLANE('',#2224);
#2008=PLANE('',#2225);
#2009=PLANE('',#2226);
#2010=PLANE('',#2227);
#2011=PLANE('',#2228);
#2012=PLANE('',#2229);
#2013=PLANE('',#2230);
#2014=PLANE('',#2231);
#2015=PLANE('',#2232);
#2016=PLANE('',#2233);
#2017=PLANE('',#2234);
#2018=PLANE('',#2235);
#2019=PLANE('',#2236);
#2020=PLANE('',#2237);
#2021=PLANE('',#2238);
#2022=PLANE('',#2239);
#2023=PLANE('',#2240);
#2024=PLANE('',#2241);
#2025=PLANE('',#2242);
#2026=PLANE('',#2243);
#2027=PLANE('',#2244);
#2028=PLANE('',#2249);
#2029=PLANE('',#2260);
#2030=PLANE('',#2273);
#2031=ADVANCED_FACE('',(#1847,#1848,#1849,#1850,#1851,#1852,#1853),#1970,
 .T.);
#2032=ADVANCED_FACE('',(#1854,#1855),#1971,.T.);
#2033=ADVANCED_FACE('',(#1856),#1972,.T.);
#2034=ADVANCED_FACE('',(#1857),#1973,.F.);
#2035=ADVANCED_FACE('',(#1858),#1974,.F.);
#2036=ADVANCED_FACE('',(#1859),#1975,.T.);
#2037=ADVANCED_FACE('',(#1860),#1976,.F.);
#2038=ADVANCED_FACE('',(#1861),#1977,.T.);
#2039=ADVANCED_FACE('',(#1862),#48,.T.);
#2040=ADVANCED_FACE('',(#1863),#1978,.T.);
#2041=ADVANCED_FACE('',(#1864),#49,.T.);
#2042=ADVANCED_FACE('',(#1865),#1979,.F.);
#2043=ADVANCED_FACE('',(#1866),#50,.T.);
#2044=ADVANCED_FACE('',(#1867),#1980,.F.);
#2045=ADVANCED_FACE('',(#1868),#51,.T.);
#2046=ADVANCED_FACE('',(#1869),#12,.F.);
#2047=ADVANCED_FACE('',(#1870),#13,.T.);
#2048=ADVANCED_FACE('',(#1871),#14,.T.);
#2049=ADVANCED_FACE('',(#1872),#15,.F.);
#2050=ADVANCED_FACE('',(#1873),#16,.F.);
#2051=ADVANCED_FACE('',(#1874),#17,.T.);
#2052=ADVANCED_FACE('',(#1875),#18,.T.);
#2053=ADVANCED_FACE('',(#1876),#19,.F.);
#2054=ADVANCED_FACE('',(#1877),#1981,.T.);
#2055=ADVANCED_FACE('',(#1878),#1982,.T.);
#2056=ADVANCED_FACE('',(#1879),#1983,.T.);
#2057=ADVANCED_FACE('',(#1880),#1984,.T.);
#2058=ADVANCED_FACE('',(#1881),#1985,.T.);
#2059=ADVANCED_FACE('',(#1882),#1986,.T.);
#2060=ADVANCED_FACE('',(#1883),#1987,.T.);
#2061=ADVANCED_FACE('',(#1884),#1988,.T.);
#2062=ADVANCED_FACE('',(#1885),#1989,.T.);
#2063=ADVANCED_FACE('',(#1886),#20,.T.);
#2064=ADVANCED_FACE('',(#1887),#1990,.T.);
#2065=ADVANCED_FACE('',(#1888),#21,.T.);
#2066=ADVANCED_FACE('',(#1889),#22,.T.);
#2067=ADVANCED_FACE('',(#1890),#23,.T.);
#2068=ADVANCED_FACE('',(#1891),#24,.T.);
#2069=ADVANCED_FACE('',(#1892),#1991,.T.);
#2070=ADVANCED_FACE('',(#1893),#25,.T.);
#2071=ADVANCED_FACE('',(#1894),#26,.T.);
#2072=ADVANCED_FACE('',(#1895),#27,.T.);
#2073=ADVANCED_FACE('',(#1896),#28,.T.);
#2074=ADVANCED_FACE('',(#1897),#1992,.T.);
#2075=ADVANCED_FACE('',(#1898),#29,.T.);
#2076=ADVANCED_FACE('',(#1899),#30,.T.);
#2077=ADVANCED_FACE('',(#1900),#52,.F.);
#2078=ADVANCED_FACE('',(#1901),#53,.F.);
#2079=ADVANCED_FACE('',(#1902),#31,.T.);
#2080=ADVANCED_FACE('',(#1903),#1993,.T.);
#2081=ADVANCED_FACE('',(#1904),#32,.T.);
#2082=ADVANCED_FACE('',(#1905),#33,.T.);
#2083=ADVANCED_FACE('',(#1906),#34,.T.);
#2084=ADVANCED_FACE('',(#1907),#1994,.T.);
#2085=ADVANCED_FACE('',(#1908),#1995,.T.);
#2086=ADVANCED_FACE('',(#1909),#1996,.T.);
#2087=ADVANCED_FACE('',(#1910),#1997,.T.);
#2088=ADVANCED_FACE('',(#1911),#1998,.T.);
#2089=ADVANCED_FACE('',(#1912),#1999,.T.);
#2090=ADVANCED_FACE('',(#1913),#2000,.T.);
#2091=ADVANCED_FACE('',(#1914),#2001,.T.);
#2092=ADVANCED_FACE('',(#1915),#2002,.T.);
#2093=ADVANCED_FACE('',(#1916),#2003,.T.);
#2094=ADVANCED_FACE('',(#1917),#2004,.T.);
#2095=ADVANCED_FACE('',(#1918),#2005,.T.);
#2096=ADVANCED_FACE('',(#1919),#2006,.T.);
#2097=ADVANCED_FACE('',(#1920),#2007,.T.);
#2098=ADVANCED_FACE('',(#1921),#2008,.T.);
#2099=ADVANCED_FACE('',(#1922),#2009,.T.);
#2100=ADVANCED_FACE('',(#1923),#2010,.T.);
#2101=ADVANCED_FACE('',(#1924),#2011,.T.);
#2102=ADVANCED_FACE('',(#1925),#2012,.T.);
#2103=ADVANCED_FACE('',(#1926),#2013,.T.);
#2104=ADVANCED_FACE('',(#1927),#2014,.T.);
#2105=ADVANCED_FACE('',(#1928),#2015,.T.);
#2106=ADVANCED_FACE('',(#1929),#2016,.T.);
#2107=ADVANCED_FACE('',(#1930),#2017,.T.);
#2108=ADVANCED_FACE('',(#1931),#2018,.T.);
#2109=ADVANCED_FACE('',(#1932),#2019,.T.);
#2110=ADVANCED_FACE('',(#1933),#2020,.T.);
#2111=ADVANCED_FACE('',(#1934),#2021,.T.);
#2112=ADVANCED_FACE('',(#1935),#2022,.T.);
#2113=ADVANCED_FACE('',(#1936),#2023,.T.);
#2114=ADVANCED_FACE('',(#1937),#2024,.T.);
#2115=ADVANCED_FACE('',(#1938),#2025,.T.);
#2116=ADVANCED_FACE('',(#1939),#2026,.T.);
#2117=ADVANCED_FACE('',(#1940),#2027,.T.);
#2118=ADVANCED_FACE('',(#1941),#54,.T.);
#2119=ADVANCED_FACE('',(#1942),#55,.T.);
#2120=ADVANCED_FACE('',(#1943),#35,.T.);
#2121=ADVANCED_FACE('',(#1944),#36,.T.);
#2122=ADVANCED_FACE('',(#1945),#2028,.T.);
#2123=ADVANCED_FACE('',(#1946),#56,.F.);
#2124=ADVANCED_FACE('',(#1947),#57,.F.);
#2125=ADVANCED_FACE('',(#1948),#58,.F.);
#2126=ADVANCED_FACE('',(#1949),#37,.T.);
#2127=ADVANCED_FACE('',(#1950),#38,.T.);
#2128=ADVANCED_FACE('',(#1951),#59,.F.);
#2129=ADVANCED_FACE('',(#1952),#39,.T.);
#2130=ADVANCED_FACE('',(#1953),#40,.T.);
#2131=ADVANCED_FACE('',(#1954),#41,.T.);
#2132=ADVANCED_FACE('',(#1955),#60,.T.);
#2133=ADVANCED_FACE('',(#1956),#42,.T.);
#2134=ADVANCED_FACE('',(#1957),#43,.T.);
#2135=ADVANCED_FACE('',(#1958),#44,.T.);
#2136=ADVANCED_FACE('',(#1959),#2029,.T.);
#2137=ADVANCED_FACE('',(#1960),#61,.F.);
#2138=ADVANCED_FACE('',(#1961),#62,.F.);
#2139=ADVANCED_FACE('',(#1962),#63,.F.);
#2140=ADVANCED_FACE('',(#1963),#64,.F.);
#2141=ADVANCED_FACE('',(#1964),#45,.T.);
#2142=ADVANCED_FACE('',(#1965),#65,.F.);
#2143=ADVANCED_FACE('',(#1966),#46,.T.);
#2144=ADVANCED_FACE('',(#1967),#66,.F.);
#2145=ADVANCED_FACE('',(#1968),#47,.T.);
#2146=ADVANCED_FACE('',(#1969),#2030,.T.);
#2147=CLOSED_SHELL('',(#2031,#2032,#2033,#2034,#2035,#2036,#2037,#2038,
#2039,#2040,#2041,#2042,#2043,#2044,#2045,#2046,#2047,#2048,#2049,#2050,
#2051,#2052,#2053,#2054,#2055,#2056,#2057,#2058,#2059,#2060,#2061,#2062,
#2063,#2064,#2065,#2066,#2067,#2068,#2069,#2070,#2071,#2072,#2073,#2074,
#2075,#2076,#2077,#2078,#2079,#2080,#2081,#2082,#2083,#2084,#2085,#2086,
#2087,#2088,#2089,#2090,#2091,#2092,#2093,#2094,#2095,#2096,#2097,#2098,
#2099,#2100,#2101,#2102,#2103,#2104,#2105,#2106,#2107,#2108,#2109,#2110,
#2111,#2112,#2113,#2114,#2115,#2116,#2117,#2118,#2119,#2120,#2121,#2122,
#2123,#2124,#2125,#2126,#2127,#2128,#2129,#2130,#2131,#2132,#2133,#2134,
#2135,#2136,#2137,#2138,#2139,#2140,#2141,#2142,#2143,#2144,#2145,#2146));
#2148=STYLED_ITEM('',(#2149),#2156);
#2149=PRESENTATION_STYLE_ASSIGNMENT((#2150));
#2150=SURFACE_STYLE_USAGE(.BOTH.,#2151);
#2151=SURFACE_SIDE_STYLE('',(#2152));
#2152=SURFACE_STYLE_FILL_AREA(#2153);
#2153=FILL_AREA_STYLE('',(#2154));
#2154=FILL_AREA_STYLE_COLOUR('',#2155);
#2155=COLOUR_RGB('',0.682352941176471,0.333333333333334,0.737254901960784);
#2156=MANIFOLD_SOLID_BREP('SelectButton',#2147);
#2157=SHAPE_DEFINITION_REPRESENTATION(#3829,#2158);
#2158=SHAPE_REPRESENTATION('SelectButton',(#2159),#3824);
#2159=AXIS2_PLACEMENT_3D('',#2703,#2274,#2275);
#2160=AXIS2_PLACEMENT_3D('',#2704,#2276,#2277);
#2161=AXIS2_PLACEMENT_3D('',#2790,#2288,#2289);
#2162=AXIS2_PLACEMENT_3D('',#2792,#2290,#2291);
#2163=AXIS2_PLACEMENT_3D('',#2897,#2324,#2325);
#2164=AXIS2_PLACEMENT_3D('',#2900,#2326,#2327);
#2165=AXIS2_PLACEMENT_3D('',#2906,#2328,#2329);
#2166=AXIS2_PLACEMENT_3D('',#2912,#2330,#2331);
#2167=AXIS2_PLACEMENT_3D('',#2918,#2332,#2333);
#2168=AXIS2_PLACEMENT_3D('',#2920,#2334,#2335);
#2169=AXIS2_PLACEMENT_3D('',#2922,#2336,#2337);
#2170=AXIS2_PLACEMENT_3D('',#2924,#2338,#2339);
#2171=AXIS2_PLACEMENT_3D('',#2940,#2341,#2342);
#2172=AXIS2_PLACEMENT_3D('',#2954,#2343,#2344);
#2173=AXIS2_PLACEMENT_3D('',#2964,#2345,#2346);
#2174=AXIS2_PLACEMENT_3D('',#2966,#2347,#2348);
#2175=AXIS2_PLACEMENT_3D('',#2968,#2349,#2350);
#2176=AXIS2_PLACEMENT_3D('',#2979,#2352,#2353);
#2177=AXIS2_PLACEMENT_3D('',#2988,#2358,#2359);
#2178=AXIS2_PLACEMENT_3D('',#2993,#2361,#2362);
#2179=AXIS2_PLACEMENT_3D('',#2997,#2364,#2365);
#2180=AXIS2_PLACEMENT_3D('',#3001,#2367,#2368);
#2181=AXIS2_PLACEMENT_3D('',#3004,#2370,#2371);
#2182=AXIS2_PLACEMENT_3D('',#3010,#2375,#2376);
#2183=AXIS2_PLACEMENT_3D('',#3014,#2379,#2380);
#2184=AXIS2_PLACEMENT_3D('',#3018,#2383,#2384);
#2185=AXIS2_PLACEMENT_3D('',#3020,#2386,#2387);
#2186=AXIS2_PLACEMENT_3D('',#3021,#2388,#2389);
#2187=AXIS2_PLACEMENT_3D('',#3030,#2392,#2393);
#2188=AXIS2_PLACEMENT_3D('',#3038,#2395,#2396);
#2189=AXIS2_PLACEMENT_3D('',#3045,#2398,#2399);
#2190=AXIS2_PLACEMENT_3D('',#3053,#2401,#2402);
#2191=AXIS2_PLACEMENT_3D('',#3060,#2404,#2405);
#2192=AXIS2_PLACEMENT_3D('',#3068,#2407,#2408);
#2193=AXIS2_PLACEMENT_3D('',#3075,#2410,#2411);
#2194=AXIS2_PLACEMENT_3D('',#3217,#2412,#2413);
#2195=AXIS2_PLACEMENT_3D('',#3223,#2417,#2418);
#2196=AXIS2_PLACEMENT_3D('',#3227,#2421,#2422);
#2197=AXIS2_PLACEMENT_3D('',#3231,#2425,#2426);
#2198=AXIS2_PLACEMENT_3D('',#3235,#2429,#2430);
#2199=AXIS2_PLACEMENT_3D('',#3239,#2433,#2434);
#2200=AXIS2_PLACEMENT_3D('',#3243,#2437,#2438);
#2201=AXIS2_PLACEMENT_3D('',#3247,#2441,#2442);
#2202=AXIS2_PLACEMENT_3D('',#3249,#2444,#2445);
#2203=AXIS2_PLACEMENT_3D('',#3265,#2448,#2449);
#2204=AXIS2_PLACEMENT_3D('',#3321,#2456,#2457);
#2205=AXIS2_PLACEMENT_3D('',#3377,#2464,#2465);
#2206=AXIS2_PLACEMENT_3D('',#3407,#2470,#2471);
#2207=AXIS2_PLACEMENT_3D('',#3410,#2473,#2474);
#2208=AXIS2_PLACEMENT_3D('',#3411,#2475,#2476);
#2209=AXIS2_PLACEMENT_3D('',#3414,#2478,#2479);
#2210=AXIS2_PLACEMENT_3D('',#3428,#2481,#2482);
#2211=AXIS2_PLACEMENT_3D('',#3469,#2487,#2488);
#2212=AXIS2_PLACEMENT_3D('',#3470,#2489,#2490);
#2213=AXIS2_PLACEMENT_3D('',#3476,#2494,#2495);
#2214=AXIS2_PLACEMENT_3D('',#3480,#2498,#2499);
#2215=AXIS2_PLACEMENT_3D('',#3484,#2502,#2503);
#2216=AXIS2_PLACEMENT_3D('',#3488,#2506,#2507);
#2217=AXIS2_PLACEMENT_3D('',#3492,#2510,#2511);
#2218=AXIS2_PLACEMENT_3D('',#3496,#2514,#2515);
#2219=AXIS2_PLACEMENT_3D('',#3500,#2518,#2519);
#2220=AXIS2_PLACEMENT_3D('',#3504,#2522,#2523);
#2221=AXIS2_PLACEMENT_3D('',#3508,#2526,#2527);
#2222=AXIS2_PLACEMENT_3D('',#3512,#2530,#2531);
#2223=AXIS2_PLACEMENT_3D('',#3516,#2534,#2535);
#2224=AXIS2_PLACEMENT_3D('',#3518,#2537,#2538);
#2225=AXIS2_PLACEMENT_3D('',#3519,#2539,#2540);
#2226=AXIS2_PLACEMENT_3D('',#3525,#2544,#2545);
#2227=AXIS2_PLACEMENT_3D('',#3529,#2548,#2549);
#2228=AXIS2_PLACEMENT_3D('',#3533,#2552,#2553);
#2229=AXIS2_PLACEMENT_3D('',#3537,#2556,#2557);
#2230=AXIS2_PLACEMENT_3D('',#3541,#2560,#2561);
#2231=AXIS2_PLACEMENT_3D('',#3543,#2563,#2564);
#2232=AXIS2_PLACEMENT_3D('',#3544,#2565,#2566);
#2233=AXIS2_PLACEMENT_3D('',#3550,#2570,#2571);
#2234=AXIS2_PLACEMENT_3D('',#3554,#2574,#2575);
#2235=AXIS2_PLACEMENT_3D('',#3558,#2578,#2579);
#2236=AXIS2_PLACEMENT_3D('',#3562,#2582,#2583);
#2237=AXIS2_PLACEMENT_3D('',#3566,#2586,#2587);
#2238=AXIS2_PLACEMENT_3D('',#3570,#2590,#2591);
#2239=AXIS2_PLACEMENT_3D('',#3574,#2594,#2595);
#2240=AXIS2_PLACEMENT_3D('',#3578,#2598,#2599);
#2241=AXIS2_PLACEMENT_3D('',#3582,#2602,#2603);
#2242=AXIS2_PLACEMENT_3D('',#3586,#2606,#2607);
#2243=AXIS2_PLACEMENT_3D('',#3590,#2610,#2611);
#2244=AXIS2_PLACEMENT_3D('',#3592,#2613,#2614);
#2245=AXIS2_PLACEMENT_3D('',#3593,#2615,#2616);
#2246=AXIS2_PLACEMENT_3D('',#3596,#2618,#2619);
#2247=AXIS2_PLACEMENT_3D('',#3599,#2621,#2622);
#2248=AXIS2_PLACEMENT_3D('',#3602,#2624,#2625);
#2249=AXIS2_PLACEMENT_3D('',#3629,#2628,#2629);
#2250=AXIS2_PLACEMENT_3D('',#3633,#2632,#2633);
#2251=AXIS2_PLACEMENT_3D('',#3636,#2635,#2636);
#2252=AXIS2_PLACEMENT_3D('',#3637,#2637,#2638);
#2253=AXIS2_PLACEMENT_3D('',#3640,#2640,#2641);
#2254=AXIS2_PLACEMENT_3D('',#3641,#2642,#2643);
#2255=AXIS2_PLACEMENT_3D('',#3644,#2645,#2646);
#2256=AXIS2_PLACEMENT_3D('',#3671,#2649,#2650);
#2257=AXIS2_PLACEMENT_3D('',#3674,#2652,#2653);
#2258=AXIS2_PLACEMENT_3D('',#3714,#2657,#2658);
#2259=AXIS2_PLACEMENT_3D('',#3717,#2660,#2661);
#2260=AXIS2_PLACEMENT_3D('',#3757,#2665,#2666);
#2261=AXIS2_PLACEMENT_3D('',#3761,#2669,#2670);
#2262=AXIS2_PLACEMENT_3D('',#3764,#2672,#2673);
#2263=AXIS2_PLACEMENT_3D('',#3765,#2674,#2675);
#2264=AXIS2_PLACEMENT_3D('',#3768,#2677,#2678);
#2265=AXIS2_PLACEMENT_3D('',#3769,#2679,#2680);
#2266=AXIS2_PLACEMENT_3D('',#3772,#2682,#2683);
#2267=AXIS2_PLACEMENT_3D('',#3773,#2684,#2685);
#2268=AXIS2_PLACEMENT_3D('',#3776,#2687,#2688);
#2269=AXIS2_PLACEMENT_3D('',#3790,#2690,#2691);
#2270=AXIS2_PLACEMENT_3D('',#3793,#2693,#2694);
#2271=AXIS2_PLACEMENT_3D('',#3807,#2696,#2697);
#2272=AXIS2_PLACEMENT_3D('',#3810,#2699,#2700);
#2273=AXIS2_PLACEMENT_3D('',#3822,#2701,#2702);
#2274=DIRECTION('',(0.,0.,1.));
#2275=DIRECTION('',(1.,0.,0.));
#2276=DIRECTION('',(0.,0.,1.));
#2277=DIRECTION('',(-1.,0.,0.));
#2278=DIRECTION('',(0.,-1.,0.));
#2279=DIRECTION('',(-1.,0.,0.));
#2280=DIRECTION('',(0.,-1.,0.));
#2281=DIRECTION('',(-1.,0.,0.));
#2282=DIRECTION('',(0.,1.,0.));
#2283=DIRECTION('',(-1.,0.,0.));
#2284=DIRECTION('',(0.,1.,0.));
#2285=DIRECTION('',(1.,0.,0.));
#2286=DIRECTION('',(1.,0.,0.));
#2287=DIRECTION('',(0.,1.,0.));
#2288=DIRECTION('',(0.,0.,1.));
#2289=DIRECTION('',(1.,0.,0.));
#2290=DIRECTION('',(0.,0.,1.));
#2291=DIRECTION('',(1.,0.,0.));
#2292=DIRECTION('',(-1.,0.,0.));
#2293=DIRECTION('',(0.,-1.,0.));
#2294=DIRECTION('',(0.,-1.,0.));
#2295=DIRECTION('',(-1.,0.,0.));
#2296=DIRECTION('',(0.,-1.,0.));
#2297=DIRECTION('',(1.,0.,0.));
#2298=DIRECTION('',(0.,-1.,0.));
#2299=DIRECTION('',(-1.,0.,0.));
#2300=DIRECTION('',(0.,1.,0.));
#2301=DIRECTION('',(1.,0.,0.));
#2302=DIRECTION('',(0.,-1.,0.));
#2303=DIRECTION('',(-1.,0.,0.));
#2304=DIRECTION('',(0.,-1.,0.));
#2305=DIRECTION('',(1.,0.,0.));
#2306=DIRECTION('',(0.,-1.,0.));
#2307=DIRECTION('',(1.,0.,0.));
#2308=DIRECTION('',(0.,-1.,0.));
#2309=DIRECTION('',(-1.,0.,0.));
#2310=DIRECTION('',(0.,1.,0.));
#2311=DIRECTION('',(1.,0.,0.));
#2312=DIRECTION('',(0.,-1.,0.));
#2313=DIRECTION('',(-1.,0.,0.));
#2314=DIRECTION('',(0.,-1.,0.));
#2315=DIRECTION('',(1.,0.,0.));
#2316=DIRECTION('',(0.,-1.,0.));
#2317=DIRECTION('',(-1.,0.,0.));
#2318=DIRECTION('',(0.,1.,0.));
#2319=DIRECTION('',(1.,0.,0.));
#2320=DIRECTION('',(0.,-1.,0.));
#2321=DIRECTION('',(-1.,0.,0.));
#2322=DIRECTION('',(0.,-1.,0.));
#2323=DIRECTION('',(1.,0.,0.));
#2324=DIRECTION('',(0.,0.,1.));
#2325=DIRECTION('',(1.,0.,0.));
#2326=DIRECTION('',(0.,0.,1.));
#2327=DIRECTION('',(1.,0.,0.));
#2328=DIRECTION('',(0.,0.,1.));
#2329=DIRECTION('',(1.,0.,0.));
#2330=DIRECTION('',(0.,0.,1.));
#2331=DIRECTION('',(1.,0.,0.));
#2332=DIRECTION('',(0.,0.,1.));
#2333=DIRECTION('',(1.,0.,0.));
#2334=DIRECTION('',(0.,0.,1.));
#2335=DIRECTION('',(1.,0.,0.));
#2336=DIRECTION('',(0.,0.,1.));
#2337=DIRECTION('',(1.,0.,0.));
#2338=DIRECTION('',(0.,0.,1.));
#2339=DIRECTION('',(1.,0.,0.));
#2340=DIRECTION('',(-1.,0.,0.));
#2341=DIRECTION('',(0.,0.,1.));
#2342=DIRECTION('',(1.,0.,0.));
#2343=DIRECTION('',(0.,0.,1.));
#2344=DIRECTION('',(1.,0.,0.));
#2345=DIRECTION('',(0.,0.,1.));
#2346=DIRECTION('',(1.,0.,0.));
#2347=DIRECTION('',(0.,0.,1.));
#2348=DIRECTION('',(1.,0.,0.));
#2349=DIRECTION('',(0.,0.,1.));
#2350=DIRECTION('',(1.,0.,0.));
#2351=DIRECTION('',(1.,0.,0.));
#2352=DIRECTION('',(0.,0.,1.));
#2353=DIRECTION('',(-1.,0.,0.));
#2354=DIRECTION('',(1.,1.15648231731787E-16,0.));
#2355=DIRECTION('',(0.,1.,0.));
#2356=DIRECTION('',(1.,1.15648231731787E-16,0.));
#2357=DIRECTION('',(-2.47817639425258E-16,1.,0.));
#2358=DIRECTION('',(0.,0.,-1.));
#2359=DIRECTION('',(-1.,0.,0.));
#2360=DIRECTION('',(1.,-1.30104260698261E-16,0.));
#2361=DIRECTION('',(0.,0.,-1.));
#2362=DIRECTION('',(-1.,0.,0.));
#2363=DIRECTION('',(0.,1.,0.));
#2364=DIRECTION('',(0.,0.,-1.));
#2365=DIRECTION('',(-1.,0.,0.));
#2366=DIRECTION('',(1.,-1.30104260698261E-16,0.));
#2367=DIRECTION('',(0.,0.,-1.));
#2368=DIRECTION('',(-1.,0.,0.));
#2369=DIRECTION('',(0.,1.,0.));
#2370=DIRECTION('',(1.15648231731787E-16,-1.,0.));
#2371=DIRECTION('',(-1.,-1.15648231731787E-16,0.));
#2372=DIRECTION('',(1.,1.15648231731787E-16,0.));
#2373=DIRECTION('',(0.,0.,-1.));
#2374=DIRECTION('',(0.,0.,-1.));
#2375=DIRECTION('',(1.,2.47817639425258E-16,0.));
#2376=DIRECTION('',(2.47817639425258E-16,-1.,0.));
#2377=DIRECTION('',(-2.47817639425258E-16,1.,0.));
#2378=DIRECTION('',(0.,0.,-1.));
#2379=DIRECTION('',(1.15648231731787E-16,-1.,0.));
#2380=DIRECTION('',(-1.,-1.15648231731787E-16,0.));
#2381=DIRECTION('',(1.,1.15648231731787E-16,0.));
#2382=DIRECTION('',(0.,0.,-1.));
#2383=DIRECTION('',(1.,0.,0.));
#2384=DIRECTION('',(0.,0.,1.));
#2385=DIRECTION('',(0.,1.,0.));
#2386=DIRECTION('',(0.,0.,1.));
#2387=DIRECTION('',(-1.,0.,0.));
#2388=DIRECTION('',(1.,0.,0.));
#2389=DIRECTION('',(0.,0.,1.));
#2390=DIRECTION('',(0.,0.,-1.));
#2391=DIRECTION('',(0.,0.,-1.));
#2392=DIRECTION('',(0.,0.,-1.));
#2393=DIRECTION('',(1.,0.,0.));
#2394=DIRECTION('',(0.,0.,-1.));
#2395=DIRECTION('',(-1.30104260698261E-16,-1.,0.));
#2396=DIRECTION('',(-1.,1.30104260698261E-16,0.));
#2397=DIRECTION('',(0.,0.,-1.));
#2398=DIRECTION('',(0.,0.,-1.));
#2399=DIRECTION('',(1.,0.,0.));
#2400=DIRECTION('',(0.,0.,-1.));
#2401=DIRECTION('',(1.,0.,0.));
#2402=DIRECTION('',(0.,0.,1.));
#2403=DIRECTION('',(0.,0.,-1.));
#2404=DIRECTION('',(0.,0.,-1.));
#2405=DIRECTION('',(1.,0.,0.));
#2406=DIRECTION('',(0.,0.,-1.));
#2407=DIRECTION('',(-1.30104260698261E-16,-1.,0.));
#2408=DIRECTION('',(-1.,1.30104260698261E-16,0.));
#2409=DIRECTION('',(0.,0.,-1.));
#2410=DIRECTION('',(0.,0.,-1.));
#2411=DIRECTION('',(1.,0.,0.));
#2412=DIRECTION('',(0.,1.,0.));
#2413=DIRECTION('',(0.,0.,1.));
#2414=DIRECTION('',(0.,0.,1.));
#2415=DIRECTION('',(-1.,0.,0.));
#2416=DIRECTION('',(0.,0.,1.));
#2417=DIRECTION('',(-1.,0.,0.));
#2418=DIRECTION('',(0.,0.,1.));
#2419=DIRECTION('',(0.,0.,1.));
#2420=DIRECTION('',(0.,-1.,0.));
#2421=DIRECTION('',(0.,-1.,0.));
#2422=DIRECTION('',(0.,0.,-1.));
#2423=DIRECTION('',(0.,0.,1.));
#2424=DIRECTION('',(1.,0.,0.));
#2425=DIRECTION('',(1.,0.,0.));
#2426=DIRECTION('',(0.,0.,-1.));
#2427=DIRECTION('',(0.,0.,1.));
#2428=DIRECTION('',(0.,1.,0.));
#2429=DIRECTION('',(0.,1.,0.));
#2430=DIRECTION('',(0.,0.,1.));
#2431=DIRECTION('',(0.,0.,1.));
#2432=DIRECTION('',(-1.,0.,0.));
#2433=DIRECTION('',(1.,0.,0.));
#2434=DIRECTION('',(0.,0.,-1.));
#2435=DIRECTION('',(0.,0.,1.));
#2436=DIRECTION('',(0.,1.,0.));
#2437=DIRECTION('',(0.,1.,0.));
#2438=DIRECTION('',(0.,0.,1.));
#2439=DIRECTION('',(0.,0.,1.));
#2440=DIRECTION('',(-1.,0.,0.));
#2441=DIRECTION('',(-1.,0.,0.));
#2442=DIRECTION('',(0.,0.,1.));
#2443=DIRECTION('',(0.,-1.,0.));
#2444=DIRECTION('',(0.,0.,1.));
#2445=DIRECTION('',(1.,0.,0.));
#2446=DIRECTION('',(0.,0.,1.));
#2447=DIRECTION('',(0.,0.,1.));
#2448=DIRECTION('',(0.,-1.,0.));
#2449=DIRECTION('',(0.,0.,-1.));
#2450=DIRECTION('',(0.,0.,1.));
#2451=DIRECTION('',(1.,0.,0.));
#2452=DIRECTION('',(0.,0.,1.));
#2453=DIRECTION('',(0.,0.,1.));
#2454=DIRECTION('',(0.,0.,1.));
#2455=DIRECTION('',(0.,0.,1.));
#2456=DIRECTION('',(-1.,0.,0.));
#2457=DIRECTION('',(0.,0.,1.));
#2458=DIRECTION('',(0.,0.,1.));
#2459=DIRECTION('',(0.,-1.,0.));
#2460=DIRECTION('',(0.,0.,1.));
#2461=DIRECTION('',(0.,0.,1.));
#2462=DIRECTION('',(0.,0.,1.));
#2463=DIRECTION('',(0.,0.,1.));
#2464=DIRECTION('',(0.,1.,0.));
#2465=DIRECTION('',(0.,0.,1.));
#2466=DIRECTION('',(0.,0.,1.));
#2467=DIRECTION('',(-1.,0.,0.));
#2468=DIRECTION('',(0.,0.,1.));
#2469=DIRECTION('',(0.,0.,1.));
#2470=DIRECTION('',(0.,0.,1.));
#2471=DIRECTION('',(-0.264414050676398,0.964409254313178,0.));
#2472=DIRECTION('',(0.,0.,1.));
#2473=DIRECTION('',(0.,0.,1.));
#2474=DIRECTION('',(1.,0.,0.));
#2475=DIRECTION('',(0.,0.,1.));
#2476=DIRECTION('',(-0.754831595999957,0.655918639527921,0.));
#2477=DIRECTION('',(0.,0.,1.));
#2478=DIRECTION('',(0.,0.,1.));
#2479=DIRECTION('',(1.,0.,0.));
#2480=DIRECTION('',(0.,0.,1.));
#2481=DIRECTION('',(1.,0.,0.));
#2482=DIRECTION('',(0.,0.,-1.));
#2483=DIRECTION('',(0.,0.,1.));
#2484=DIRECTION('',(0.,1.,0.));
#2485=DIRECTION('',(0.,0.,1.));
#2486=DIRECTION('',(0.,0.,1.));
#2487=DIRECTION('',(0.,0.,1.));
#2488=DIRECTION('',(1.,0.,0.));
#2489=DIRECTION('',(0.,1.,0.));
#2490=DIRECTION('',(0.,0.,1.));
#2491=DIRECTION('',(0.,0.,1.));
#2492=DIRECTION('',(-1.,0.,0.));
#2493=DIRECTION('',(0.,0.,1.));
#2494=DIRECTION('',(-1.,0.,0.));
#2495=DIRECTION('',(0.,0.,1.));
#2496=DIRECTION('',(0.,0.,1.));
#2497=DIRECTION('',(0.,-1.,0.));
#2498=DIRECTION('',(0.,-1.,0.));
#2499=DIRECTION('',(0.,0.,-1.));
#2500=DIRECTION('',(0.,0.,1.));
#2501=DIRECTION('',(1.,0.,0.));
#2502=DIRECTION('',(-1.,0.,0.));
#2503=DIRECTION('',(0.,0.,1.));
#2504=DIRECTION('',(0.,0.,1.));
#2505=DIRECTION('',(0.,-1.,0.));
#2506=DIRECTION('',(0.,1.,0.));
#2507=DIRECTION('',(0.,0.,1.));
#2508=DIRECTION('',(0.,0.,1.));
#2509=DIRECTION('',(-1.,0.,0.));
#2510=DIRECTION('',(-1.,0.,0.));
#2511=DIRECTION('',(0.,0.,1.));
#2512=DIRECTION('',(0.,0.,1.));
#2513=DIRECTION('',(0.,-1.,0.));
#2514=DIRECTION('',(0.,-1.,0.));
#2515=DIRECTION('',(0.,0.,-1.));
#2516=DIRECTION('',(0.,0.,1.));
#2517=DIRECTION('',(1.,0.,0.));
#2518=DIRECTION('',(1.,0.,0.));
#2519=DIRECTION('',(0.,0.,-1.));
#2520=DIRECTION('',(0.,0.,1.));
#2521=DIRECTION('',(0.,1.,0.));
#2522=DIRECTION('',(0.,1.,0.));
#2523=DIRECTION('',(0.,0.,1.));
#2524=DIRECTION('',(0.,0.,1.));
#2525=DIRECTION('',(-1.,0.,0.));
#2526=DIRECTION('',(-1.,0.,0.));
#2527=DIRECTION('',(0.,0.,1.));
#2528=DIRECTION('',(0.,0.,1.));
#2529=DIRECTION('',(0.,-1.,0.));
#2530=DIRECTION('',(0.,-1.,0.));
#2531=DIRECTION('',(0.,0.,-1.));
#2532=DIRECTION('',(0.,0.,1.));
#2533=DIRECTION('',(1.,0.,0.));
#2534=DIRECTION('',(-1.,0.,0.));
#2535=DIRECTION('',(0.,0.,1.));
#2536=DIRECTION('',(0.,-1.,0.));
#2537=DIRECTION('',(0.,0.,1.));
#2538=DIRECTION('',(1.,0.,0.));
#2539=DIRECTION('',(0.,-1.,0.));
#2540=DIRECTION('',(0.,0.,-1.));
#2541=DIRECTION('',(0.,0.,1.));
#2542=DIRECTION('',(1.,0.,0.));
#2543=DIRECTION('',(0.,0.,1.));
#2544=DIRECTION('',(-1.,0.,0.));
#2545=DIRECTION('',(0.,0.,1.));
#2546=DIRECTION('',(0.,0.,1.));
#2547=DIRECTION('',(0.,-1.,0.));
#2548=DIRECTION('',(0.,-1.,0.));
#2549=DIRECTION('',(0.,0.,-1.));
#2550=DIRECTION('',(0.,0.,1.));
#2551=DIRECTION('',(1.,0.,0.));
#2552=DIRECTION('',(1.,0.,0.));
#2553=DIRECTION('',(0.,0.,-1.));
#2554=DIRECTION('',(0.,0.,1.));
#2555=DIRECTION('',(0.,1.,0.));
#2556=DIRECTION('',(0.,1.,0.));
#2557=DIRECTION('',(0.,0.,1.));
#2558=DIRECTION('',(0.,0.,1.));
#2559=DIRECTION('',(-1.,0.,0.));
#2560=DIRECTION('',(-1.,0.,0.));
#2561=DIRECTION('',(0.,0.,1.));
#2562=DIRECTION('',(0.,-1.,0.));
#2563=DIRECTION('',(0.,0.,1.));
#2564=DIRECTION('',(1.,0.,0.));
#2565=DIRECTION('',(0.,1.,0.));
#2566=DIRECTION('',(0.,0.,1.));
#2567=DIRECTION('',(0.,0.,1.));
#2568=DIRECTION('',(-1.,0.,0.));
#2569=DIRECTION('',(0.,0.,1.));
#2570=DIRECTION('',(-1.,0.,0.));
#2571=DIRECTION('',(0.,0.,1.));
#2572=DIRECTION('',(0.,0.,1.));
#2573=DIRECTION('',(0.,-1.,0.));
#2574=DIRECTION('',(0.,-1.,0.));
#2575=DIRECTION('',(0.,0.,-1.));
#2576=DIRECTION('',(0.,0.,1.));
#2577=DIRECTION('',(1.,0.,0.));
#2578=DIRECTION('',(-1.,0.,0.));
#2579=DIRECTION('',(0.,0.,1.));
#2580=DIRECTION('',(0.,0.,1.));
#2581=DIRECTION('',(0.,-1.,0.));
#2582=DIRECTION('',(0.,1.,0.));
#2583=DIRECTION('',(0.,0.,1.));
#2584=DIRECTION('',(0.,0.,1.));
#2585=DIRECTION('',(-1.,0.,0.));
#2586=DIRECTION('',(-1.,0.,0.));
#2587=DIRECTION('',(0.,0.,1.));
#2588=DIRECTION('',(0.,0.,1.));
#2589=DIRECTION('',(0.,-1.,0.));
#2590=DIRECTION('',(0.,-1.,0.));
#2591=DIRECTION('',(0.,0.,-1.));
#2592=DIRECTION('',(0.,0.,1.));
#2593=DIRECTION('',(1.,0.,0.));
#2594=DIRECTION('',(1.,0.,0.));
#2595=DIRECTION('',(0.,0.,-1.));
#2596=DIRECTION('',(0.,0.,1.));
#2597=DIRECTION('',(0.,1.,0.));
#2598=DIRECTION('',(0.,1.,0.));
#2599=DIRECTION('',(0.,0.,1.));
#2600=DIRECTION('',(0.,0.,1.));
#2601=DIRECTION('',(-1.,0.,0.));
#2602=DIRECTION('',(-1.,0.,0.));
#2603=DIRECTION('',(0.,0.,1.));
#2604=DIRECTION('',(0.,0.,1.));
#2605=DIRECTION('',(0.,-1.,0.));
#2606=DIRECTION('',(0.,-1.,0.));
#2607=DIRECTION('',(0.,0.,-1.));
#2608=DIRECTION('',(0.,0.,1.));
#2609=DIRECTION('',(1.,0.,0.));
#2610=DIRECTION('',(-1.,0.,0.));
#2611=DIRECTION('',(0.,0.,1.));
#2612=DIRECTION('',(0.,-1.,0.));
#2613=DIRECTION('',(0.,0.,1.));
#2614=DIRECTION('',(1.,0.,0.));
#2615=DIRECTION('',(0.,0.,1.));
#2616=DIRECTION('',(0.903665541873511,0.428238938479972,0.));
#2617=DIRECTION('',(0.,0.,1.));
#2618=DIRECTION('',(0.,0.,1.));
#2619=DIRECTION('',(1.,0.,0.));
#2620=DIRECTION('',(0.,0.,1.));
#2621=DIRECTION('',(0.,0.,1.));
#2622=DIRECTION('',(0.894464070076429,-0.447139829742675,0.));
#2623=DIRECTION('',(0.,0.,1.));
#2624=DIRECTION('',(0.,0.,1.));
#2625=DIRECTION('',(1.,0.,0.));
#2626=DIRECTION('',(0.,0.,1.));
#2627=DIRECTION('',(0.,0.,1.));
#2628=DIRECTION('',(0.,-1.,0.));
#2629=DIRECTION('',(0.,0.,-1.));
#2630=DIRECTION('',(0.,0.,1.));
#2631=DIRECTION('',(1.,0.,0.));
#2632=DIRECTION('',(0.,0.,1.));
#2633=DIRECTION('',(-0.958491699181169,-0.285120435256394,0.));
#2634=DIRECTION('',(0.,0.,1.));
#2635=DIRECTION('',(0.,0.,1.));
#2636=DIRECTION('',(1.,0.,0.));
#2637=DIRECTION('',(0.,0.,1.));
#2638=DIRECTION('',(-0.631410034663239,-0.775449139613017,0.));
#2639=DIRECTION('',(0.,0.,1.));
#2640=DIRECTION('',(0.,0.,1.));
#2641=DIRECTION('',(1.,0.,0.));
#2642=DIRECTION('',(0.,0.,1.));
#2643=DIRECTION('',(-0.201176824289131,-0.979554942496305,0.));
#2644=DIRECTION('',(0.,0.,1.));
#2645=DIRECTION('',(0.,0.,1.));
#2646=DIRECTION('',(1.,0.,0.));
#2647=DIRECTION('',(0.,0.,1.));
#2648=DIRECTION('',(0.,0.,1.));
#2649=DIRECTION('',(0.,0.,1.));
#2650=DIRECTION('',(0.923477169099295,0.38365338282407,0.));
#2651=DIRECTION('',(0.,0.,1.));
#2652=DIRECTION('',(0.,0.,1.));
#2653=DIRECTION('',(1.,0.,0.));
#2654=DIRECTION('',(0.,0.,1.));
#2655=DIRECTION('',(0.,0.,1.));
#2656=DIRECTION('',(0.,0.,1.));
#2657=DIRECTION('',(0.,0.,1.));
#2658=DIRECTION('',(-0.895614466950113,0.444831121426621,0.));
#2659=DIRECTION('',(0.,0.,1.));
#2660=DIRECTION('',(0.,0.,1.));
#2661=DIRECTION('',(1.,0.,0.));
#2662=DIRECTION('',(0.,0.,1.));
#2663=DIRECTION('',(0.,0.,1.));
#2664=DIRECTION('',(0.,0.,1.));
#2665=DIRECTION('',(0.,1.,0.));
#2666=DIRECTION('',(0.,0.,1.));
#2667=DIRECTION('',(0.,0.,1.));
#2668=DIRECTION('',(-1.,0.,0.));
#2669=DIRECTION('',(0.,0.,1.));
#2670=DIRECTION('',(0.95988781204152,0.28038435814814,0.));
#2671=DIRECTION('',(0.,0.,1.));
#2672=DIRECTION('',(0.,0.,1.));
#2673=DIRECTION('',(1.,0.,0.));
#2674=DIRECTION('',(0.,0.,1.));
#2675=DIRECTION('',(0.647475975737377,0.762085861857397,0.));
#2676=DIRECTION('',(0.,0.,1.));
#2677=DIRECTION('',(0.,0.,1.));
#2678=DIRECTION('',(1.,0.,0.));
#2679=DIRECTION('',(0.,0.,1.));
#2680=DIRECTION('',(0.205086384711192,0.978743875999279,0.));
#2681=DIRECTION('',(0.,0.,1.));
#2682=DIRECTION('',(0.,0.,1.));
#2683=DIRECTION('',(1.,0.,0.));
#2684=DIRECTION('',(0.,0.,1.));
#2685=DIRECTION('',(-0.187591906271212,0.982247054819475,0.));
#2686=DIRECTION('',(0.,0.,1.));
#2687=DIRECTION('',(0.,0.,1.));
#2688=DIRECTION('',(1.,0.,0.));
#2689=DIRECTION('',(0.,0.,1.));
#2690=DIRECTION('',(0.,0.,1.));
#2691=DIRECTION('',(-0.952877726724382,0.303354640499488,0.));
#2692=DIRECTION('',(0.,0.,1.));
#2693=DIRECTION('',(0.,0.,1.));
#2694=DIRECTION('',(1.,0.,0.));
#2695=DIRECTION('',(0.,0.,1.));
#2696=DIRECTION('',(0.,0.,1.));
#2697=DIRECTION('',(-0.379937876102623,-0.925012005491079,0.));
#2698=DIRECTION('',(0.,0.,1.));
#2699=DIRECTION('',(0.,0.,1.));
#2700=DIRECTION('',(1.,0.,0.));
#2701=DIRECTION('',(0.,0.,1.));
#2702=DIRECTION('',(1.,0.,0.));
#2703=CARTESIAN_POINT('',(0.,0.,0.));
#2704=CARTESIAN_POINT('',(0.0175,0.,0.005));
#2705=CARTESIAN_POINT('',(0.0115,-0.000999999999999985,0.005));
#2706=CARTESIAN_POINT('',(0.0115,-0.000333333333333328,0.005));
#2707=CARTESIAN_POINT('',(0.0115,0.00033333333333333,0.005));
#2708=CARTESIAN_POINT('',(0.0115,0.000999999999999987,0.005));
#2709=CARTESIAN_POINT('',(0.0115,-0.000999999999999985,0.005));
#2710=CARTESIAN_POINT('',(0.0115,0.000999999999999987,0.005));
#2711=CARTESIAN_POINT('',(0.0125,-0.002,0.005));
#2712=CARTESIAN_POINT('',(0.012224081712311,-0.0019999999999312,0.005));
#2713=CARTESIAN_POINT('',(0.0117237455814382,-0.00178284801169021,0.005));
#2714=CARTESIAN_POINT('',(0.0115000000000663,-0.00126273110143457,0.005));
#2715=CARTESIAN_POINT('',(0.0115,-0.000999999999999987,0.005));
#2716=CARTESIAN_POINT('',(0.0125,-0.002,0.005));
#2717=CARTESIAN_POINT('',(0.0225,-0.002,0.005));
#2718=CARTESIAN_POINT('',(0.0191666666666667,-0.002,0.005));
#2719=CARTESIAN_POINT('',(0.0158333333333333,-0.002,0.005));
#2720=CARTESIAN_POINT('',(0.0125,-0.002,0.005));
#2721=CARTESIAN_POINT('',(0.0225,-0.002,0.005));
#2722=CARTESIAN_POINT('',(0.0235,-0.000999999999999989,0.005));
#2723=CARTESIAN_POINT('',(0.0234999999999311,-0.0012759182876888,0.005));
#2724=CARTESIAN_POINT('',(0.0232828480116901,-0.00177625441856159,0.005));
#2725=CARTESIAN_POINT('',(0.0227627311014349,-0.0019999999999342,0.005));
#2726=CARTESIAN_POINT('',(0.0225,-0.002,0.005));
#2727=CARTESIAN_POINT('',(0.0235,-0.000999999999999989,0.005));
#2728=CARTESIAN_POINT('',(0.0235,0.000999999999999985,0.005));
#2729=CARTESIAN_POINT('',(0.0235,0.000333333333333327,0.005));
#2730=CARTESIAN_POINT('',(0.0235,-0.000333333333333331,0.005));
#2731=CARTESIAN_POINT('',(0.0235,-0.000999999999999989,0.005));
#2732=CARTESIAN_POINT('',(0.0235,0.000999999999999985,0.005));
#2733=CARTESIAN_POINT('',(0.0225,0.002,0.005));
#2734=CARTESIAN_POINT('',(0.0227759182876894,0.0019999999999309,0.005));
#2735=CARTESIAN_POINT('',(0.0232762544185612,0.00178284801168739,0.005));
#2736=CARTESIAN_POINT('',(0.0234999999999344,0.00126273110144049,0.005));
#2737=CARTESIAN_POINT('',(0.0235,0.000999999999999986,0.005));
#2738=CARTESIAN_POINT('',(0.0225,0.002,0.005));
#2739=CARTESIAN_POINT('',(0.0125,0.002,0.005));
#2740=CARTESIAN_POINT('',(0.0158333333333333,0.002,0.005));
#2741=CARTESIAN_POINT('',(0.0191666666666667,0.002,0.005));
#2742=CARTESIAN_POINT('',(0.0225,0.002,0.005));
#2743=CARTESIAN_POINT('',(0.0125,0.002,0.005));
#2744=CARTESIAN_POINT('',(0.0115,0.000999999999999987,0.005));
#2745=CARTESIAN_POINT('',(0.0115000000000687,0.00127591828768872,0.005));
#2746=CARTESIAN_POINT('',(0.0117171519883104,0.00177625441856149,0.005));
#2747=CARTESIAN_POINT('',(0.0122372688985643,0.00199999999993449,0.005));
#2748=CARTESIAN_POINT('',(0.0125,0.002,0.005));
#2749=CARTESIAN_POINT('',(0.0229165854134165,0.000909955148205926,0.005));
#2750=CARTESIAN_POINT('',(0.0229165854134165,0.00109496879875195,0.005));
#2751=CARTESIAN_POINT('',(0.0229165854134165,0.000724941497659905,0.005));
#2752=CARTESIAN_POINT('',(0.0225770280811232,0.000724941497659905,0.005));
#2753=CARTESIAN_POINT('',(0.02223747074883,0.000724941497659905,0.005));
#2754=CARTESIAN_POINT('',(0.02223747074883,-0.000199151716068642,0.005));
#2755=CARTESIAN_POINT('',(0.02223747074883,-0.00112324492979719,0.005));
#2756=CARTESIAN_POINT('',(0.0220088241029641,-0.00112324492979719,0.005));
#2757=CARTESIAN_POINT('',(0.0217801774570982,-0.00112324492979719,0.005));
#2758=CARTESIAN_POINT('',(0.0217801774570982,-0.000199151716068642,0.005));
#2759=CARTESIAN_POINT('',(0.0217801774570982,0.000724941497659905,0.005));
#2760=CARTESIAN_POINT('',(0.021445007800312,0.000724941497659905,0.005));
#2761=CARTESIAN_POINT('',(0.0211098381435257,0.000724941497659905,0.005));
#2762=CARTESIAN_POINT('',(0.0211098381435257,0.000909955148205926,0.005));
#2763=CARTESIAN_POINT('',(0.0211098381435257,0.00109496879875195,0.005));
#2764=CARTESIAN_POINT('',(0.0220132117784711,0.00109496879875195,0.005));
#2765=CARTESIAN_POINT('',(0.020718116224649,-0.000384165366614664,0.005));
#2766=CARTESIAN_POINT('',(0.0204897133385335,-0.000384165366614664,0.005));
#2767=CARTESIAN_POINT('',(0.0209465191107644,-0.000384165366614664,0.005));
#2768=CARTESIAN_POINT('',(0.0209465191107644,-0.000384165366614664,0.005));
#2769=CARTESIAN_POINT('',(0.0209206805772231,-0.000742492199687986,0.005));
#2770=CARTESIAN_POINT('',(0.0206822835413416,-0.000948225429017159,0.005));
#2771=CARTESIAN_POINT('',(0.0206822835413416,-0.000948225429017159,0.005));
#2772=CARTESIAN_POINT('',(0.0206822835413416,-0.000948225429017159,0.005));
#2773=CARTESIAN_POINT('',(0.0204438865054602,-0.00115395865834633,0.005));
#2774=CARTESIAN_POINT('',(0.0200538709048362,-0.00115395865834633,0.005));
#2775=CARTESIAN_POINT('',(0.0200538709048362,-0.00115395865834633,0.005));
#2776=CARTESIAN_POINT('',(0.0200538709048362,-0.00115395865834633,0.005));
#2777=CARTESIAN_POINT('',(0.0196272913416536,-0.00115395865834633,0.005));
#2778=CARTESIAN_POINT('',(0.0193828003120124,-0.000866565912636504,0.005));
#2779=CARTESIAN_POINT('',(0.0193828003120124,-0.000866565912636504,0.005));
#2780=CARTESIAN_POINT('',(0.0193828003120124,-0.000866565912636504,0.005));
#2781=CARTESIAN_POINT('',(0.0191383092823713,-0.000579173166926676,0.005));
#2782=CARTESIAN_POINT('',(0.0191383092823713,-7.80031201248047E-5,0.005));
#2783=CARTESIAN_POINT('',(0.0191383092823713,-7.80031201248047E-5,0.005));
#2784=CARTESIAN_POINT('',(0.0191383092823713,-1.02379095163806E-5,0.005));
#2785=CARTESIAN_POINT('',(0.0191383092823713,5.75273010920436E-5,0.005));
#2786=CARTESIAN_POINT('',(0.0191383092823713,5.75273010920436E-5,0.005));
#2787=CARTESIAN_POINT('',(0.0191383092823713,0.000377340093603744,0.005));
#2788=CARTESIAN_POINT('',(0.0192509262870515,0.000621099843993759,0.005));
#2789=CARTESIAN_POINT('',(0.0192509262870515,0.000621099843993759,0.005));
#2790=CARTESIAN_POINT('',(0.0200251556923643,0.000282683501783001,0.005));
#2791=CARTESIAN_POINT('',(0.0195730104788872,0.000995545504751769,0.005));
#2792=CARTESIAN_POINT('',(0.0200382021548606,0.000222922837029802,0.005));
#2793=CARTESIAN_POINT('',(0.0200597211388455,0.00112568252730109,0.005));
#2794=CARTESIAN_POINT('',(0.0200597211388455,0.00112568252730109,0.005));
#2795=CARTESIAN_POINT('',(0.0204438865054602,0.00112568252730109,0.005));
#2796=CARTESIAN_POINT('',(0.0206783833853354,0.000919949297971917,0.005));
#2797=CARTESIAN_POINT('',(0.0206783833853354,0.000919949297971917,0.005));
#2798=CARTESIAN_POINT('',(0.0206783833853354,0.000919949297971917,0.005));
#2799=CARTESIAN_POINT('',(0.0209128802652106,0.000714216068642744,0.005));
#2800=CARTESIAN_POINT('',(0.0209494442277691,0.000342238689547581,0.005));
#2801=CARTESIAN_POINT('',(0.0209494442277691,0.000342238689547581,0.005));
#2802=CARTESIAN_POINT('',(0.0207210413416536,0.000342238689547581,0.005));
#2803=CARTESIAN_POINT('',(0.0204926384555382,0.000342238689547581,0.005));
#2804=CARTESIAN_POINT('',(0.0204926384555382,0.000342238689547581,0.005));
#2805=CARTESIAN_POINT('',(0.0204760627925117,0.000557234789391574,0.005));
#2806=CARTESIAN_POINT('',(0.0203731961778471,0.000654007410296411,0.005));
#2807=CARTESIAN_POINT('',(0.0203731961778471,0.000654007410296411,0.005));
#2808=CARTESIAN_POINT('',(0.0203731961778471,0.000654007410296411,0.005));
#2809=CARTESIAN_POINT('',(0.0202703295631825,0.000750780031201247,0.005));
#2810=CARTESIAN_POINT('',(0.0200597211388455,0.000750780031201247,0.005));
#2811=CARTESIAN_POINT('',(0.0200597211388455,0.000750780031201247,0.005));
#2812=CARTESIAN_POINT('',(0.0200597211388455,0.000750780031201247,0.005));
#2813=CARTESIAN_POINT('',(0.0198315620124805,0.000750780031201247,0.005));
#2814=CARTESIAN_POINT('',(0.0197179699687988,0.000586973478939156,0.005));
#2815=CARTESIAN_POINT('',(0.0197179699687988,0.000586973478939156,0.005));
#2816=CARTESIAN_POINT('',(0.0197179699687988,0.000586973478939156,0.005));
#2817=CARTESIAN_POINT('',(0.019604377925117,0.000423166926677066,0.005));
#2818=CARTESIAN_POINT('',(0.0196014528081123,7.8978159126365E-5,0.005));
#2819=CARTESIAN_POINT('',(0.0196014528081123,7.8978159126365E-5,0.005));
#2820=CARTESIAN_POINT('',(0.0196014528081123,-4.87519500780027E-6,0.005));
#2821=CARTESIAN_POINT('',(0.0196014528081123,-8.87285491419656E-5,0.005));
#2822=CARTESIAN_POINT('',(0.0196014528081123,-8.87285491419656E-5,0.005));
#2823=CARTESIAN_POINT('',(0.0196014528081123,-0.000448517940717628,0.005));
#2824=CARTESIAN_POINT('',(0.0197104134165366,-0.000614518330733228,0.005));
#2825=CARTESIAN_POINT('',(0.0197104134165366,-0.000614518330733228,0.005));
#2826=CARTESIAN_POINT('',(0.0197104134165366,-0.000614518330733228,0.005));
#2827=CARTESIAN_POINT('',(0.019819374024961,-0.000780518720748828,0.005));
#2828=CARTESIAN_POINT('',(0.0200538709048362,-0.000780518720748828,0.005));
#2829=CARTESIAN_POINT('',(0.0200538709048362,-0.000780518720748828,0.005));
#2830=CARTESIAN_POINT('',(0.0200538709048362,-0.000780518720748828,0.005));
#2831=CARTESIAN_POINT('',(0.0202654543681747,-0.000780518720748828,0.005));
#2832=CARTESIAN_POINT('',(0.0203697835413416,-0.000683746099843992,0.005));
#2833=CARTESIAN_POINT('',(0.0203697835413416,-0.000683746099843992,0.005));
#2834=CARTESIAN_POINT('',(0.0203697835413416,-0.000683746099843992,0.005));
#2835=CARTESIAN_POINT('',(0.0204741127145085,-0.000586973478939156,0.005));
#2836=CARTESIAN_POINT('',(0.0204897133385335,-0.000384165366614664,0.005));
#2837=CARTESIAN_POINT('',(0.0187848576443057,1.70631825273011E-5,0.005));
#2838=CARTESIAN_POINT('',(0.0187848576443057,0.000195982839313572,0.005));
#2839=CARTESIAN_POINT('',(0.0187848576443057,-0.00016185647425897,0.005));
#2840=CARTESIAN_POINT('',(0.0183460900936037,-0.00016185647425897,0.005));
#2841=CARTESIAN_POINT('',(0.0179073225429017,-0.00016185647425897,0.005));
#2842=CARTESIAN_POINT('',(0.0179073225429017,-0.000458999609984398,0.005));
#2843=CARTESIAN_POINT('',(0.0179073225429017,-0.000756142745709827,0.005));
#2844=CARTESIAN_POINT('',(0.0184221431357254,-0.000756142745709827,0.005));
#2845=CARTESIAN_POINT('',(0.0189369637285492,-0.000756142745709827,0.005));
#2846=CARTESIAN_POINT('',(0.0189369637285492,-0.000939693837753508,0.005));
#2847=CARTESIAN_POINT('',(0.0189369637285492,-0.00112324492979719,0.005));
#2848=CARTESIAN_POINT('',(0.0181934964898596,-0.00112324492979719,0.005));
#2849=CARTESIAN_POINT('',(0.01745002925117,-0.00112324492979719,0.005));
#2850=CARTESIAN_POINT('',(0.01745002925117,-1.41380655226209E-5,0.005));
#2851=CARTESIAN_POINT('',(0.01745002925117,0.00109496879875195,0.005));
#2852=CARTESIAN_POINT('',(0.0181920339313573,0.00109496879875195,0.005));
#2853=CARTESIAN_POINT('',(0.0189340386115444,0.00109496879875195,0.005));
#2854=CARTESIAN_POINT('',(0.0189340386115444,0.000909955148205926,0.005));
#2855=CARTESIAN_POINT('',(0.0189340386115444,0.000724941497659905,0.005));
#2856=CARTESIAN_POINT('',(0.0184206805772231,0.000724941497659905,0.005));
#2857=CARTESIAN_POINT('',(0.0179073225429017,0.000724941497659905,0.005));
#2858=CARTESIAN_POINT('',(0.0179073225429017,0.000460462168486739,0.005));
#2859=CARTESIAN_POINT('',(0.0179073225429017,0.000195982839313572,0.005));
#2860=CARTESIAN_POINT('',(0.0183460900936037,0.000195982839313572,0.005));
#2861=CARTESIAN_POINT('',(0.0162175799531982,0.00016941302652106,0.005));
#2862=CARTESIAN_POINT('',(0.0162175799531982,0.00109496879875195,0.005));
#2863=CARTESIAN_POINT('',(0.0162175799531982,-0.000756142745709827,0.005));
#2864=CARTESIAN_POINT('',(0.0167026618564743,-0.000756142745709827,0.005));
#2865=CARTESIAN_POINT('',(0.0171877437597504,-0.000756142745709827,0.005));
#2866=CARTESIAN_POINT('',(0.0171877437597504,-0.000939693837753508,0.005));
#2867=CARTESIAN_POINT('',(0.0171877437597504,-0.00112324492979719,0.005));
#2868=CARTESIAN_POINT('',(0.0164740152106084,-0.00112324492979719,0.005));
#2869=CARTESIAN_POINT('',(0.0157602866614664,-0.00112324492979719,0.005));
#2870=CARTESIAN_POINT('',(0.0157602866614664,-1.41380655226209E-5,0.005));
#2871=CARTESIAN_POINT('',(0.0157602866614664,0.00109496879875195,0.005));
#2872=CARTESIAN_POINT('',(0.0159889333073323,0.00109496879875195,0.005));
#2873=CARTESIAN_POINT('',(0.015340044851794,1.70631825273011E-5,0.005));
#2874=CARTESIAN_POINT('',(0.015340044851794,0.000195982839313572,0.005));
#2875=CARTESIAN_POINT('',(0.015340044851794,-0.00016185647425897,0.005));
#2876=CARTESIAN_POINT('',(0.014901277301092,-0.00016185647425897,0.005));
#2877=CARTESIAN_POINT('',(0.01446250975039,-0.00016185647425897,0.005));
#2878=CARTESIAN_POINT('',(0.01446250975039,-0.000458999609984398,0.005));
#2879=CARTESIAN_POINT('',(0.01446250975039,-0.000756142745709827,0.005));
#2880=CARTESIAN_POINT('',(0.0149773303432137,-0.000756142745709827,0.005));
#2881=CARTESIAN_POINT('',(0.0154921509360375,-0.000756142745709827,0.005));
#2882=CARTESIAN_POINT('',(0.0154921509360375,-0.000939693837753508,0.005));
#2883=CARTESIAN_POINT('',(0.0154921509360375,-0.00112324492979719,0.005));
#2884=CARTESIAN_POINT('',(0.0147486836973479,-0.00112324492979719,0.005));
#2885=CARTESIAN_POINT('',(0.0140052164586583,-0.00112324492979719,0.005));
#2886=CARTESIAN_POINT('',(0.0140052164586583,-1.41380655226209E-5,0.005));
#2887=CARTESIAN_POINT('',(0.0140052164586583,0.00109496879875195,0.005));
#2888=CARTESIAN_POINT('',(0.0147472211388456,0.00109496879875195,0.005));
#2889=CARTESIAN_POINT('',(0.0154892258190328,0.00109496879875195,0.005));
#2890=CARTESIAN_POINT('',(0.0154892258190328,0.000909955148205926,0.005));
#2891=CARTESIAN_POINT('',(0.0154892258190328,0.000724941497659905,0.005));
#2892=CARTESIAN_POINT('',(0.0149758677847114,0.000724941497659905,0.005));
#2893=CARTESIAN_POINT('',(0.01446250975039,0.000724941497659905,0.005));
#2894=CARTESIAN_POINT('',(0.01446250975039,0.000460462168486739,0.005));
#2895=CARTESIAN_POINT('',(0.01446250975039,0.000195982839313572,0.005));
#2896=CARTESIAN_POINT('',(0.014901277301092,0.000195982839313572,0.005));
#2897=CARTESIAN_POINT('',(0.0130225659426463,-0.000550737042746944,0.005));
#2898=CARTESIAN_POINT('',(0.0131464508580343,-0.000726404056162245,0.005));
#2899=CARTESIAN_POINT('',(0.013237426743876,-0.000541114418071472,0.005));
#2900=CARTESIAN_POINT('',(0.0130032544449778,-0.000527232496460045,0.005));
#2901=CARTESIAN_POINT('',(0.0131464508580343,-0.000342482449297971,0.005));
#2902=CARTESIAN_POINT('',(0.0131464508580343,-0.000342482449297971,0.005));
#2903=CARTESIAN_POINT('',(0.0130550409516381,-0.000273010920436817,0.005));
#2904=CARTESIAN_POINT('',(0.0128173751950078,-0.000196226599063962,0.005));
#2905=CARTESIAN_POINT('',(0.0128173751950078,-0.000196226599063962,0.005));
#2906=CARTESIAN_POINT('',(0.0135008734835484,0.00206274554510573,0.005));
#2907=CARTESIAN_POINT('',(0.0124407663806552,-4.43642745709828E-5,0.005));
#2908=CARTESIAN_POINT('',(0.0124407663806552,-4.43642745709828E-5,0.005));
#2909=CARTESIAN_POINT('',(0.0120629387675507,0.00015941887675507,0.005));
#2910=CARTESIAN_POINT('',(0.0120629387675507,0.000505557722308891,0.005));
#2911=CARTESIAN_POINT('',(0.0120629387675507,0.000505557722308891,0.005));
#2912=CARTESIAN_POINT('',(0.012598050002536,0.000513111943575491,0.005));
#2913=CARTESIAN_POINT('',(0.012164342823713,0.000826101794071761,0.005));
#2914=CARTESIAN_POINT('',(0.012164342823713,0.000826101794071761,0.005));
#2915=CARTESIAN_POINT('',(0.0122657468798752,0.00096723868954758,0.005));
#2916=CARTESIAN_POINT('',(0.0124553919656786,0.00104646060842433,0.005));
#2917=CARTESIAN_POINT('',(0.0124553919656786,0.00104646060842433,0.005));
#2918=CARTESIAN_POINT('',(0.0128622612033512,2.90995185227969E-5,0.005));
#2919=CARTESIAN_POINT('',(0.0128810029343429,0.00112535715105155,0.005));
#2920=CARTESIAN_POINT('',(0.0129015097299137,0.000128855717866303,0.005));
#2921=CARTESIAN_POINT('',(0.0133046699912372,0.00103943352747656,0.005));
#2922=CARTESIAN_POINT('',(0.0130316970532106,0.000419982933333475,0.005));
#2923=CARTESIAN_POINT('',(0.013593407754354,0.000796458653218768,0.005));
#2924=CARTESIAN_POINT('',(0.0130610233565184,0.00045083594807111,0.005));
#2925=CARTESIAN_POINT('',(0.0136957144386805,0.000439742589703588,0.005));
#2926=CARTESIAN_POINT('',(0.0134677262090484,0.000439742589703588,0.005));
#2927=CARTESIAN_POINT('',(0.0132393233229329,0.000439742589703588,0.005));
#2928=CARTESIAN_POINT('',(0.0132393233229329,0.000439742589703588,0.005));
#2929=CARTESIAN_POINT('',(0.0132393233229329,0.000592336193447737,0.005));
#2930=CARTESIAN_POINT('',(0.0131432819812793,0.000676920826833072,0.005));
#2931=CARTESIAN_POINT('',(0.0131432819812793,0.000676920826833072,0.005));
#2932=CARTESIAN_POINT('',(0.0131432819812793,0.000676920826833072,0.005));
#2933=CARTESIAN_POINT('',(0.0130472406396256,0.000761505460218407,0.005));
#2934=CARTESIAN_POINT('',(0.0128736836973479,0.000761505460218407,0.005));
#2935=CARTESIAN_POINT('',(0.0128736836973479,0.000761505460218407,0.005));
#2936=CARTESIAN_POINT('',(0.0128736836973479,0.000761505460218407,0.005));
#2937=CARTESIAN_POINT('',(0.0127059769890796,0.000761505460218407,0.005));
#2938=CARTESIAN_POINT('',(0.012613104524181,0.000690571372854913,0.005));
#2939=CARTESIAN_POINT('',(0.012613104524181,0.000690571372854913,0.005));
#2940=CARTESIAN_POINT('',(0.0127429797324668,0.000509383531846133,0.005));
#2941=CARTESIAN_POINT('',(0.0125202320592824,0.000504095163806551,0.005));
#2942=CARTESIAN_POINT('',(0.0125202320592824,0.000504095163806551,0.005));
#2943=CARTESIAN_POINT('',(0.0125202320592824,0.000395865834633385,0.005));
#2944=CARTESIAN_POINT('',(0.0126291926677067,0.00032273790951638,0.005));
#2945=CARTESIAN_POINT('',(0.0126291926677067,0.00032273790951638,0.005));
#2946=CARTESIAN_POINT('',(0.0126291926677067,0.00032273790951638,0.005));
#2947=CARTESIAN_POINT('',(0.012738153276131,0.000249609984399376,0.005));
#2948=CARTESIAN_POINT('',(0.0129497367394696,0.000185257410296412,0.005));
#2949=CARTESIAN_POINT('',(0.0129497367394696,0.000185257410296412,0.005));
#2950=CARTESIAN_POINT('',(0.0129497367394696,0.000185257410296412,0.005));
#2951=CARTESIAN_POINT('',(0.0133397523400936,6.82527301092042E-5,0.005));
#2952=CARTESIAN_POINT('',(0.0135179407176287,-0.000105547971918876,0.005));
#2953=CARTESIAN_POINT('',(0.0135179407176287,-0.000105547971918876,0.005));
#2954=CARTESIAN_POINT('',(0.0131172951468939,-0.000522583173008828,0.005));
#2955=CARTESIAN_POINT('',(0.0136961290951638,-0.000538221528861153,0.005));
#2956=CARTESIAN_POINT('',(0.0136961290951638,-0.000538221528861153,0.005));
#2957=CARTESIAN_POINT('',(0.0136961290951638,-0.000826345553822151,0.005));
#2958=CARTESIAN_POINT('',(0.0134784516380655,-0.000990152106084241,0.005));
#2959=CARTESIAN_POINT('',(0.0134784516380655,-0.000990152106084241,0.005));
#2960=CARTESIAN_POINT('',(0.0134784516380655,-0.000990152106084241,0.005));
#2961=CARTESIAN_POINT('',(0.0132607741809672,-0.00115395865834633,0.005));
#2962=CARTESIAN_POINT('',(0.0128917219188768,-0.00115395865834633,0.005));
#2963=CARTESIAN_POINT('',(0.0128917219188768,-0.00115395865834633,0.005));
#2964=CARTESIAN_POINT('',(0.0128747459103527,-2.26978884630441E-5,0.005));
#2965=CARTESIAN_POINT('',(0.0124257342823489,-0.00105990403038263,0.005));
#2966=CARTESIAN_POINT('',(0.0127074959955992,-0.00037537517165238,0.005));
#2967=CARTESIAN_POINT('',(0.0121048016962058,-0.00080339974906665,0.005));
#2968=CARTESIAN_POINT('',(0.0126520241888913,-0.000439929666110838,0.005));
#2969=CARTESIAN_POINT('',(0.0119952561194047,-0.000425604524180967,0.005));
#2970=CARTESIAN_POINT('',(0.0122238202028081,-0.000425604524180967,0.005));
#2971=CARTESIAN_POINT('',(0.0124529543681747,-0.000425604524180967,0.005));
#2972=CARTESIAN_POINT('',(0.0124529543681747,-0.000425604524180967,0.005));
#2973=CARTESIAN_POINT('',(0.0124529543681747,-0.000792706708268329,0.005));
#2974=CARTESIAN_POINT('',(0.0128917219188768,-0.000792706708268329,0.005));
#2975=CARTESIAN_POINT('',(0.0128917219188768,-0.000792706708268329,0.005));
#2976=CARTESIAN_POINT('',(0.0128917219188768,-0.000792706708268329,0.005));
#2977=CARTESIAN_POINT('',(0.0130550409516381,-0.000792706708268329,0.005));
#2978=CARTESIAN_POINT('',(0.0131464508580343,-0.000726404056162245,0.005));
#2979=CARTESIAN_POINT('',(0.0175,0.,0.001));
#2980=CARTESIAN_POINT('',(0.0175,-0.0035,0.001));
#2981=CARTESIAN_POINT('',(0.01,-0.0035,0.001));
#2982=CARTESIAN_POINT('',(0.025,-0.0035,0.001));
#2983=CARTESIAN_POINT('',(0.025,4.33680868994202E-19,0.001));
#2984=CARTESIAN_POINT('',(0.025,0.0035,0.001));
#2985=CARTESIAN_POINT('',(0.0175,0.0035,0.001));
#2986=CARTESIAN_POINT('',(0.01,0.0035,0.001));
#2987=CARTESIAN_POINT('',(0.01,-1.51788304147971E-18,0.001));
#2988=CARTESIAN_POINT('',(0.0225,-0.000999999999999989,0.001));
#2989=CARTESIAN_POINT('',(0.0245,-0.000999999999999989,0.001));
#2990=CARTESIAN_POINT('',(0.0225,-0.003,0.001));
#2991=CARTESIAN_POINT('',(0.0175,-0.003,0.001));
#2992=CARTESIAN_POINT('',(0.0125,-0.003,0.001));
#2993=CARTESIAN_POINT('',(0.0125,-0.000999999999999989,0.001));
#2994=CARTESIAN_POINT('',(0.0105,-0.000999999999999989,0.001));
#2995=CARTESIAN_POINT('',(0.0105,-6.50521303491303E-19,0.001));
#2996=CARTESIAN_POINT('',(0.0105,0.000999999999999987,0.001));
#2997=CARTESIAN_POINT('',(0.0125,0.000999999999999987,0.001));
#2998=CARTESIAN_POINT('',(0.0125,0.003,0.001));
#2999=CARTESIAN_POINT('',(0.0175,0.003,0.001));
#3000=CARTESIAN_POINT('',(0.0225,0.003,0.001));
#3001=CARTESIAN_POINT('',(0.0225,0.000999999999999987,0.001));
#3002=CARTESIAN_POINT('',(0.0245,0.000999999999999987,0.001));
#3003=CARTESIAN_POINT('',(0.0245,-1.3010426069826E-18,0.001));
#3004=CARTESIAN_POINT('',(0.0175,-0.0035,0.001));
#3005=CARTESIAN_POINT('',(0.0175,-0.0035,0.));
#3006=CARTESIAN_POINT('',(0.01,-0.0035,0.));
#3007=CARTESIAN_POINT('',(0.025,-0.0035,0.));
#3008=CARTESIAN_POINT('',(0.025,-0.0035,0.001));
#3009=CARTESIAN_POINT('',(0.01,-0.0035,0.001));
#3010=CARTESIAN_POINT('',(0.01,-1.51788304147971E-18,0.001));
#3011=CARTESIAN_POINT('',(0.01,-1.51788304147971E-18,0.));
#3012=CARTESIAN_POINT('',(0.01,0.0035,0.));
#3013=CARTESIAN_POINT('',(0.01,0.0035,0.001));
#3014=CARTESIAN_POINT('',(0.0175,0.0035,0.001));
#3015=CARTESIAN_POINT('',(0.0175,0.0035,0.));
#3016=CARTESIAN_POINT('',(0.025,0.0035,0.));
#3017=CARTESIAN_POINT('',(0.025,0.0035,0.001));
#3018=CARTESIAN_POINT('',(0.025,4.33680868994202E-19,0.001));
#3019=CARTESIAN_POINT('',(0.025,4.33680868994202E-19,0.));
#3020=CARTESIAN_POINT('',(0.0175,0.,0.));
#3021=CARTESIAN_POINT('',(0.0245,-1.3010426069826E-18,0.005));
#3022=CARTESIAN_POINT('',(0.0245,-0.000999999999999989,0.005));
#3023=CARTESIAN_POINT('',(0.0245,-0.000999999999999989,0.004));
#3024=CARTESIAN_POINT('',(0.0245,0.000999999999999987,0.005));
#3025=CARTESIAN_POINT('',(0.0245,0.000999999999999987,0.004));
#3026=CARTESIAN_POINT('',(0.0245,-0.000999999999999989,0.004));
#3027=CARTESIAN_POINT('',(0.0245,-0.000333333333333331,0.004));
#3028=CARTESIAN_POINT('',(0.0245,0.000333333333333327,0.004));
#3029=CARTESIAN_POINT('',(0.0245,0.000999999999999985,0.004));
#3030=CARTESIAN_POINT('',(0.0225,-0.000999999999999989,0.005));
#3031=CARTESIAN_POINT('',(0.0225,-0.003,0.005));
#3032=CARTESIAN_POINT('',(0.0225,-0.003,0.004));
#3033=CARTESIAN_POINT('',(0.0225,-0.00299999999999999,0.004));
#3034=CARTESIAN_POINT('',(0.0230235987755983,-0.00299999999999999,0.004));
#3035=CARTESIAN_POINT('',(0.024066627736947,-0.00256662773694703,0.004));
#3036=CARTESIAN_POINT('',(0.0245,-0.00152359877559829,0.004));
#3037=CARTESIAN_POINT('',(0.0245,-0.000999999999999989,0.004));
#3038=CARTESIAN_POINT('',(0.0175,-0.003,0.005));
#3039=CARTESIAN_POINT('',(0.0125,-0.003,0.005));
#3040=CARTESIAN_POINT('',(0.0125,-0.003,0.004));
#3041=CARTESIAN_POINT('',(0.0125,-0.003,0.004));
#3042=CARTESIAN_POINT('',(0.0158333333333333,-0.003,0.004));
#3043=CARTESIAN_POINT('',(0.0191666666666667,-0.003,0.004));
#3044=CARTESIAN_POINT('',(0.0225,-0.003,0.004));
#3045=CARTESIAN_POINT('',(0.0125,-0.000999999999999989,0.005));
#3046=CARTESIAN_POINT('',(0.0105,-0.000999999999999989,0.005));
#3047=CARTESIAN_POINT('',(0.0105,-0.000999999999999989,0.004));
#3048=CARTESIAN_POINT('',(0.0105,-0.000999999999999985,0.004));
#3049=CARTESIAN_POINT('',(0.0105,-0.00152359877559829,0.004));
#3050=CARTESIAN_POINT('',(0.010933372263053,-0.00256662773694703,0.004));
#3051=CARTESIAN_POINT('',(0.0119764012244017,-0.00299999999999999,0.004));
#3052=CARTESIAN_POINT('',(0.0125,-0.00299999999999999,0.004));
#3053=CARTESIAN_POINT('',(0.0105,-6.50521303491303E-19,0.005));
#3054=CARTESIAN_POINT('',(0.0105,0.000999999999999987,0.005));
#3055=CARTESIAN_POINT('',(0.0105,0.000999999999999987,0.004));
#3056=CARTESIAN_POINT('',(0.0105,0.000999999999999987,0.004));
#3057=CARTESIAN_POINT('',(0.0105,0.00033333333333333,0.004));
#3058=CARTESIAN_POINT('',(0.0105,-0.000333333333333327,0.004));
#3059=CARTESIAN_POINT('',(0.0105,-0.000999999999999985,0.004));
#3060=CARTESIAN_POINT('',(0.0125,0.000999999999999987,0.005));
#3061=CARTESIAN_POINT('',(0.0125,0.003,0.005));
#3062=CARTESIAN_POINT('',(0.0125,0.003,0.004));
#3063=CARTESIAN_POINT('',(0.0125,0.00299999999999999,0.004));
#3064=CARTESIAN_POINT('',(0.0119764012244017,0.00299999999999999,0.004));
#3065=CARTESIAN_POINT('',(0.010933372263053,0.00256662773694703,0.004));
#3066=CARTESIAN_POINT('',(0.0105,0.00152359877559829,0.004));
#3067=CARTESIAN_POINT('',(0.0105,0.000999999999999991,0.004));
#3068=CARTESIAN_POINT('',(0.0175,0.003,0.005));
#3069=CARTESIAN_POINT('',(0.0225,0.003,0.005));
#3070=CARTESIAN_POINT('',(0.0225,0.003,0.004));
#3071=CARTESIAN_POINT('',(0.0225,0.003,0.004));
#3072=CARTESIAN_POINT('',(0.0191666666666667,0.003,0.004));
#3073=CARTESIAN_POINT('',(0.0158333333333333,0.003,0.004));
#3074=CARTESIAN_POINT('',(0.0125,0.003,0.004));
#3075=CARTESIAN_POINT('',(0.0225,0.000999999999999987,0.005));
#3076=CARTESIAN_POINT('',(0.0245,0.000999999999999979,0.004));
#3077=CARTESIAN_POINT('',(0.0245,0.00152359877559828,0.004));
#3078=CARTESIAN_POINT('',(0.024066627736947,0.00256662773694702,0.004));
#3079=CARTESIAN_POINT('',(0.0230235987755983,0.00299999999999999,0.004));
#3080=CARTESIAN_POINT('',(0.0225,0.00299999999999999,0.004));
#3081=CARTESIAN_POINT('',(0.0235,-0.000999999999999989,0.005));
#3082=CARTESIAN_POINT('',(0.0234999999999344,-0.00126253469129837,0.005));
#3083=CARTESIAN_POINT('',(0.0233922268727564,-0.00152198668961663,0.005));
#3084=CARTESIAN_POINT('',(0.0230219866896166,-0.00189222687275646,0.005));
#3085=CARTESIAN_POINT('',(0.0227625346912983,-0.00199999999993425,0.005));
#3086=CARTESIAN_POINT('',(0.0225,-0.002,0.005));
#3087=CARTESIAN_POINT('',(0.0245,-0.000999999999999989,0.005));
#3088=CARTESIAN_POINT('',(0.0244999999998688,-0.00152506938259653,0.005));
#3089=CARTESIAN_POINT('',(0.0242844537455129,-0.00204397337923354,0.00500000000000034));
#3090=CARTESIAN_POINT('',(0.0235439733792333,-0.00278445374551264,0.00499999999999966));
#3091=CARTESIAN_POINT('',(0.0230250693825967,-0.00299999999986878,0.005));
#3092=CARTESIAN_POINT('',(0.0225,-0.003,0.005));
#3093=CARTESIAN_POINT('',(0.0245,-0.000999999999999989,0.004));
#3094=CARTESIAN_POINT('',(0.0245,-0.00152506938259762,0.004));
#3095=CARTESIAN_POINT('',(0.0242844537455129,-0.00204397337923332,0.004));
#3096=CARTESIAN_POINT('',(0.0235439733792333,-0.00278445374551287,0.004));
#3097=CARTESIAN_POINT('',(0.0230250693825976,-0.003,0.004));
#3098=CARTESIAN_POINT('',(0.0225,-0.003,0.004));
#3099=CARTESIAN_POINT('',(0.0235,-0.000999999999999989,0.005));
#3100=CARTESIAN_POINT('',(0.0241666666666667,-0.000999999999999989,0.00500000000000057));
#3101=CARTESIAN_POINT('',(0.0245,-0.000999999999999989,0.00466666666666725));
#3102=CARTESIAN_POINT('',(0.0245,-0.000999999999999989,0.004));
#3103=CARTESIAN_POINT('',(0.0225,-0.003,0.004));
#3104=CARTESIAN_POINT('',(0.0225,-0.00300000000000037,0.00466666666666657));
#3105=CARTESIAN_POINT('',(0.0225,-0.00266666666666703,0.00499999999999991));
#3106=CARTESIAN_POINT('',(0.0225,-0.002,0.005));
#3107=CARTESIAN_POINT('',(0.0225,-0.003,0.004));
#3108=CARTESIAN_POINT('',(0.0125,-0.003,0.004));
#3109=CARTESIAN_POINT('',(0.0225,-0.00300000000000037,0.00466666666666657));
#3110=CARTESIAN_POINT('',(0.0125,-0.00300000000000037,0.00466666666666657));
#3111=CARTESIAN_POINT('',(0.0225,-0.00266666666666703,0.00499999999999991));
#3112=CARTESIAN_POINT('',(0.0125,-0.00266666666666703,0.00499999999999991));
#3113=CARTESIAN_POINT('',(0.0225,-0.002,0.005));
#3114=CARTESIAN_POINT('',(0.0125,-0.002,0.005));
#3115=CARTESIAN_POINT('',(0.0125,-0.002,0.005));
#3116=CARTESIAN_POINT('',(0.0125,-0.00266666666666703,0.0049999999999999));
#3117=CARTESIAN_POINT('',(0.0125,-0.00300000000000037,0.00466666666666657));
#3118=CARTESIAN_POINT('',(0.0125,-0.003,0.004));
#3119=CARTESIAN_POINT('',(0.0245,0.000999999999999986,0.004));
#3120=CARTESIAN_POINT('',(0.0245,-0.000999999999999989,0.004));
#3121=CARTESIAN_POINT('',(0.0245,0.000999999999999986,0.00466666666666725));
#3122=CARTESIAN_POINT('',(0.0245,-0.000999999999999989,0.00466666666666725));
#3123=CARTESIAN_POINT('',(0.0241666666666667,0.000999999999999986,0.00500000000000057));
#3124=CARTESIAN_POINT('',(0.0241666666666667,-0.000999999999999989,0.00500000000000057));
#3125=CARTESIAN_POINT('',(0.0235,0.000999999999999986,0.005));
#3126=CARTESIAN_POINT('',(0.0235,-0.000999999999999989,0.005));
#3127=CARTESIAN_POINT('',(0.0245,0.000999999999999985,0.004));
#3128=CARTESIAN_POINT('',(0.0245,0.000999999999999985,0.00466666666666725));
#3129=CARTESIAN_POINT('',(0.0241666666666667,0.000999999999999985,0.00500000000000057));
#3130=CARTESIAN_POINT('',(0.0235,0.000999999999999986,0.005));
#3131=CARTESIAN_POINT('',(0.0125,-0.002,0.005));
#3132=CARTESIAN_POINT('',(0.0122374653087015,-0.00199999999993454,0.005));
#3133=CARTESIAN_POINT('',(0.0119780133103835,-0.00189222687275647,0.005));
#3134=CARTESIAN_POINT('',(0.0116077731272434,-0.00152198668961663,0.005));
#3135=CARTESIAN_POINT('',(0.0115000000000663,-0.00126253469129837,0.005));
#3136=CARTESIAN_POINT('',(0.0115,-0.000999999999999987,0.005));
#3137=CARTESIAN_POINT('',(0.0125,-0.003,0.005));
#3138=CARTESIAN_POINT('',(0.0119749306174031,-0.00299999999986901,0.005));
#3139=CARTESIAN_POINT('',(0.011456026620767,-0.00278445374551294,0.005));
#3140=CARTESIAN_POINT('',(0.0107155462544868,-0.00204397337923326,0.005));
#3141=CARTESIAN_POINT('',(0.0105000000001325,-0.00152506938259675,0.005));
#3142=CARTESIAN_POINT('',(0.0105,-0.000999999999999985,0.005));
#3143=CARTESIAN_POINT('',(0.0125,-0.003,0.004));
#3144=CARTESIAN_POINT('',(0.0119749306174022,-0.003,0.004));
#3145=CARTESIAN_POINT('',(0.0114560266207669,-0.00278445374551307,0.004));
#3146=CARTESIAN_POINT('',(0.0107155462544869,-0.00204397337923312,0.004));
#3147=CARTESIAN_POINT('',(0.0105,-0.00152506938259777,0.004));
#3148=CARTESIAN_POINT('',(0.0105,-0.000999999999999985,0.004));
#3149=CARTESIAN_POINT('',(0.0105,-0.000999999999999985,0.004));
#3150=CARTESIAN_POINT('',(0.0105,-0.000999999999999985,0.00466666666666689));
#3151=CARTESIAN_POINT('',(0.0108333333333333,-0.000999999999999986,0.00500000000000023));
#3152=CARTESIAN_POINT('',(0.0115,-0.000999999999999987,0.005));
#3153=CARTESIAN_POINT('',(0.0225,0.002,0.005));
#3154=CARTESIAN_POINT('',(0.0227625346912983,0.00199999999993424,0.005));
#3155=CARTESIAN_POINT('',(0.0230219866896166,0.00189222687275646,0.005));
#3156=CARTESIAN_POINT('',(0.0233922268727564,0.00152198668961663,0.005));
#3157=CARTESIAN_POINT('',(0.0234999999999344,0.00126253469129837,0.005));
#3158=CARTESIAN_POINT('',(0.0235,0.000999999999999986,0.005));
#3159=CARTESIAN_POINT('',(0.0225,0.003,0.005));
#3160=CARTESIAN_POINT('',(0.0230250693825967,0.00299999999986878,0.005));
#3161=CARTESIAN_POINT('',(0.0235439733792333,0.00278445374551287,0.005));
#3162=CARTESIAN_POINT('',(0.0242844537455129,0.00204397337923332,0.005));
#3163=CARTESIAN_POINT('',(0.0244999999998688,0.0015250693825967,0.005));
#3164=CARTESIAN_POINT('',(0.0245,0.000999999999999985,0.005));
#3165=CARTESIAN_POINT('',(0.0225,0.003,0.004));
#3166=CARTESIAN_POINT('',(0.0230250693825976,0.003,0.004));
#3167=CARTESIAN_POINT('',(0.0235439733792333,0.00278445374551287,0.004));
#3168=CARTESIAN_POINT('',(0.0242844537455129,0.00204397337923332,0.004));
#3169=CARTESIAN_POINT('',(0.0245,0.00152506938259762,0.004));
#3170=CARTESIAN_POINT('',(0.0245,0.000999999999999985,0.004));
#3171=CARTESIAN_POINT('',(0.0225,0.002,0.005));
#3172=CARTESIAN_POINT('',(0.0225,0.00266666666666576,0.00499999999999899));
#3173=CARTESIAN_POINT('',(0.0225,0.0029999999999991,0.00466666666666566));
#3174=CARTESIAN_POINT('',(0.0225,0.003,0.004));
#3175=CARTESIAN_POINT('',(0.0105,-0.000999999999999987,0.004));
#3176=CARTESIAN_POINT('',(0.0105,0.000999999999999987,0.004));
#3177=CARTESIAN_POINT('',(0.0105,-0.000999999999999987,0.00466666666666689));
#3178=CARTESIAN_POINT('',(0.0105,0.000999999999999987,0.00466666666666689));
#3179=CARTESIAN_POINT('',(0.0108333333333333,-0.000999999999999987,0.00500000000000023));
#3180=CARTESIAN_POINT('',(0.0108333333333333,0.000999999999999987,0.00500000000000023));
#3181=CARTESIAN_POINT('',(0.0115,-0.000999999999999987,0.005));
#3182=CARTESIAN_POINT('',(0.0115,0.000999999999999988,0.005));
#3183=CARTESIAN_POINT('',(0.0115,0.000999999999999987,0.005));
#3184=CARTESIAN_POINT('',(0.0108333333333333,0.000999999999999987,0.00500000000000023));
#3185=CARTESIAN_POINT('',(0.0105,0.000999999999999987,0.00466666666666689));
#3186=CARTESIAN_POINT('',(0.0105,0.000999999999999987,0.004));
#3187=CARTESIAN_POINT('',(0.0125,0.003,0.004));
#3188=CARTESIAN_POINT('',(0.0225,0.003,0.004));
#3189=CARTESIAN_POINT('',(0.0125,0.0029999999999991,0.00466666666666566));
#3190=CARTESIAN_POINT('',(0.0225,0.0029999999999991,0.00466666666666566));
#3191=CARTESIAN_POINT('',(0.0125,0.00266666666666576,0.00499999999999899));
#3192=CARTESIAN_POINT('',(0.0225,0.00266666666666576,0.00499999999999899));
#3193=CARTESIAN_POINT('',(0.0125,0.002,0.005));
#3194=CARTESIAN_POINT('',(0.0225,0.002,0.005));
#3195=CARTESIAN_POINT('',(0.0125,0.003,0.004));
#3196=CARTESIAN_POINT('',(0.0125,0.0029999999999991,0.00466666666666566));
#3197=CARTESIAN_POINT('',(0.0125,0.00266666666666576,0.00499999999999899));
#3198=CARTESIAN_POINT('',(0.0125,0.002,0.005));
#3199=CARTESIAN_POINT('',(0.0115,0.000999999999999987,0.005));
#3200=CARTESIAN_POINT('',(0.0115000000000653,0.00126253469129838,0.005));
#3201=CARTESIAN_POINT('',(0.0116077731272436,0.00152198668961662,0.005));
#3202=CARTESIAN_POINT('',(0.0119780133103833,0.00189222687275647,0.005));
#3203=CARTESIAN_POINT('',(0.0122374653087017,0.00199999999993454,0.005));
#3204=CARTESIAN_POINT('',(0.0125,0.002,0.005));
#3205=CARTESIAN_POINT('',(0.0105,0.000999999999999987,0.005));
#3206=CARTESIAN_POINT('',(0.0105000000001309,0.00152506938259672,0.005));
#3207=CARTESIAN_POINT('',(0.0107155462544872,0.0020439733792333,0.005));
#3208=CARTESIAN_POINT('',(0.0114560266207666,0.00278445374551288,0.005));
#3209=CARTESIAN_POINT('',(0.0119749306174033,0.00299999999986901,0.005));
#3210=CARTESIAN_POINT('',(0.0125,0.003,0.005));
#3211=CARTESIAN_POINT('',(0.0105,0.000999999999999987,0.004));
#3212=CARTESIAN_POINT('',(0.0105,0.00152506938259761,0.004));
#3213=CARTESIAN_POINT('',(0.0107155462544871,0.00204397337923333,0.004));
#3214=CARTESIAN_POINT('',(0.0114560266207667,0.00278445374551286,0.004));
#3215=CARTESIAN_POINT('',(0.0119749306174024,0.003,0.004));
#3216=CARTESIAN_POINT('',(0.0125,0.003,0.004));
#3217=CARTESIAN_POINT('',(0.0225770280811232,0.000724941497659905,0.004));
#3218=CARTESIAN_POINT('',(0.0229165854134165,0.000724941497659905,0.004));
#3219=CARTESIAN_POINT('',(0.0229165854134165,0.000724941497659905,0.004));
#3220=CARTESIAN_POINT('',(0.0225770280811232,0.000724941497659905,0.004));
#3221=CARTESIAN_POINT('',(0.02223747074883,0.000724941497659905,0.004));
#3222=CARTESIAN_POINT('',(0.02223747074883,0.000724941497659905,0.004));
#3223=CARTESIAN_POINT('',(0.0229165854134165,0.000909955148205926,0.004));
#3224=CARTESIAN_POINT('',(0.0229165854134165,0.00109496879875195,0.004));
#3225=CARTESIAN_POINT('',(0.0229165854134165,0.00109496879875195,0.004));
#3226=CARTESIAN_POINT('',(0.0229165854134165,0.000909955148205926,0.004));
#3227=CARTESIAN_POINT('',(0.0220132117784711,0.00109496879875195,0.004));
#3228=CARTESIAN_POINT('',(0.0211098381435257,0.00109496879875195,0.004));
#3229=CARTESIAN_POINT('',(0.0211098381435257,0.00109496879875195,0.004));
#3230=CARTESIAN_POINT('',(0.0220132117784711,0.00109496879875195,0.004));
#3231=CARTESIAN_POINT('',(0.0211098381435257,0.000909955148205926,0.004));
#3232=CARTESIAN_POINT('',(0.0211098381435257,0.000724941497659905,0.004));
#3233=CARTESIAN_POINT('',(0.0211098381435257,0.000724941497659905,0.004));
#3234=CARTESIAN_POINT('',(0.0211098381435257,0.000909955148205926,0.004));
#3235=CARTESIAN_POINT('',(0.021445007800312,0.000724941497659905,0.004));
#3236=CARTESIAN_POINT('',(0.0217801774570982,0.000724941497659905,0.004));
#3237=CARTESIAN_POINT('',(0.0217801774570982,0.000724941497659905,0.004));
#3238=CARTESIAN_POINT('',(0.021445007800312,0.000724941497659905,0.004));
#3239=CARTESIAN_POINT('',(0.0217801774570982,-0.000199151716068642,0.004));
#3240=CARTESIAN_POINT('',(0.0217801774570982,-0.00112324492979719,0.004));
#3241=CARTESIAN_POINT('',(0.0217801774570982,-0.00112324492979719,0.004));
#3242=CARTESIAN_POINT('',(0.0217801774570982,-0.000199151716068642,0.004));
#3243=CARTESIAN_POINT('',(0.0220088241029641,-0.00112324492979719,0.004));
#3244=CARTESIAN_POINT('',(0.02223747074883,-0.00112324492979719,0.004));
#3245=CARTESIAN_POINT('',(0.02223747074883,-0.00112324492979719,0.004));
#3246=CARTESIAN_POINT('',(0.0220088241029641,-0.00112324492979719,0.004));
#3247=CARTESIAN_POINT('',(0.02223747074883,-0.000199151716068642,0.004));
#3248=CARTESIAN_POINT('',(0.02223747074883,-0.000199151716068642,0.004));
#3249=CARTESIAN_POINT('',(-0.000219690912636513,-8.67361737988404E-19,0.004));
#3250=CARTESIAN_POINT('',(0.0209465191107644,-0.000384165366614664,0.004));
#3251=CARTESIAN_POINT('',(0.0209465191107644,-0.000384165366614664,0.005));
#3252=CARTESIAN_POINT('',(0.0209292934217369,-0.000623049921996879,0.004));
#3253=CARTESIAN_POINT('',(0.0209292934217369,-0.000623049921996879,0.005));
#3254=CARTESIAN_POINT('',(0.0208412148985959,-0.00081106994279771,0.004));
#3255=CARTESIAN_POINT('',(0.0208412148985959,-0.00081106994279771,0.005));
#3256=CARTESIAN_POINT('',(0.0206822835413416,-0.000948225429017159,0.004));
#3257=CARTESIAN_POINT('',(0.0206822835413416,-0.000948225429017159,0.005));
#3258=CARTESIAN_POINT('',(0.0209465191107644,-0.000384165366614664,0.004));
#3259=CARTESIAN_POINT('',(0.0209465191107644,-0.000384165366614664,0.004));
#3260=CARTESIAN_POINT('',(0.0209465191107644,-0.000384165366614664,0.004));
#3261=CARTESIAN_POINT('',(0.0209206805772231,-0.000742492199687986,0.004));
#3262=CARTESIAN_POINT('',(0.0206822835413416,-0.000948225429017159,0.004));
#3263=CARTESIAN_POINT('',(0.0206822835413416,-0.000948225429017159,0.004));
#3264=CARTESIAN_POINT('',(0.0206822835413416,-0.000948225429017159,0.004));
#3265=CARTESIAN_POINT('',(0.020718116224649,-0.000384165366614664,0.004));
#3266=CARTESIAN_POINT('',(0.0204897133385335,-0.000384165366614664,0.004));
#3267=CARTESIAN_POINT('',(0.0204897133385335,-0.000384165366614664,0.004));
#3268=CARTESIAN_POINT('',(0.020718116224649,-0.000384165366614664,0.004));
#3269=CARTESIAN_POINT('',(0.0203697835413416,-0.000683746099843992,0.004));
#3270=CARTESIAN_POINT('',(0.0203697835413416,-0.000683746099843992,0.005));
#3271=CARTESIAN_POINT('',(0.0204393363234529,-0.000619231019240768,0.004));
#3272=CARTESIAN_POINT('',(0.0204393363234529,-0.000619231019240768,0.005));
#3273=CARTESIAN_POINT('',(0.0204793129225169,-0.000519370774830992,0.004));
#3274=CARTESIAN_POINT('',(0.0204793129225169,-0.000519370774830992,0.005));
#3275=CARTESIAN_POINT('',(0.0204897133385335,-0.000384165366614664,0.004));
#3276=CARTESIAN_POINT('',(0.0204897133385335,-0.000384165366614664,0.005));
#3277=CARTESIAN_POINT('',(0.0203697835413416,-0.000683746099843992,0.004));
#3278=CARTESIAN_POINT('',(0.0203697835413416,-0.000683746099843992,0.004));
#3279=CARTESIAN_POINT('',(0.0203697835413416,-0.000683746099843992,0.004));
#3280=CARTESIAN_POINT('',(0.0204741127145085,-0.000586973478939156,0.004));
#3281=CARTESIAN_POINT('',(0.0204897133385335,-0.000384165366614664,0.004));
#3282=CARTESIAN_POINT('',(0.0200538709048362,-0.000780518720748828,0.004));
#3283=CARTESIAN_POINT('',(0.0200538709048362,-0.000780518720748828,0.005));
#3284=CARTESIAN_POINT('',(0.0201949265470619,-0.000780518720748828,0.004));
#3285=CARTESIAN_POINT('',(0.0201949265470619,-0.000780518720748828,0.005));
#3286=CARTESIAN_POINT('',(0.0203002307592304,-0.000748261180447216,0.004));
#3287=CARTESIAN_POINT('',(0.0203002307592304,-0.000748261180447216,0.005));
#3288=CARTESIAN_POINT('',(0.0203697835413416,-0.000683746099843992,0.004));
#3289=CARTESIAN_POINT('',(0.0203697835413416,-0.000683746099843992,0.005));
#3290=CARTESIAN_POINT('',(0.0200538709048362,-0.000780518720748828,0.004));
#3291=CARTESIAN_POINT('',(0.0200538709048362,-0.000780518720748828,0.004));
#3292=CARTESIAN_POINT('',(0.0200538709048362,-0.000780518720748828,0.004));
#3293=CARTESIAN_POINT('',(0.0202654543681747,-0.000780518720748828,0.004));
#3294=CARTESIAN_POINT('',(0.0203697835413416,-0.000683746099843992,0.004));
#3295=CARTESIAN_POINT('',(0.0197104134165366,-0.000614518330733228,0.004));
#3296=CARTESIAN_POINT('',(0.0197104134165366,-0.000614518330733228,0.005));
#3297=CARTESIAN_POINT('',(0.0197830538221529,-0.000725185257410295,0.004));
#3298=CARTESIAN_POINT('',(0.0197830538221529,-0.000725185257410295,0.005));
#3299=CARTESIAN_POINT('',(0.0198975396515861,-0.000780518720748828,0.004));
#3300=CARTESIAN_POINT('',(0.0198975396515861,-0.000780518720748828,0.005));
#3301=CARTESIAN_POINT('',(0.0200538709048362,-0.000780518720748828,0.004));
#3302=CARTESIAN_POINT('',(0.0200538709048362,-0.000780518720748828,0.005));
#3303=CARTESIAN_POINT('',(0.0197104134165366,-0.000614518330733228,0.004));
#3304=CARTESIAN_POINT('',(0.0197104134165366,-0.000614518330733228,0.004));
#3305=CARTESIAN_POINT('',(0.0197104134165366,-0.000614518330733228,0.004));
#3306=CARTESIAN_POINT('',(0.019819374024961,-0.000780518720748828,0.004));
#3307=CARTESIAN_POINT('',(0.0200538709048362,-0.000780518720748828,0.004));
#3308=CARTESIAN_POINT('',(0.0196014528081123,-8.87285491419656E-5,0.004));
#3309=CARTESIAN_POINT('',(0.0196014528081123,-8.87285491419656E-5,0.005));
#3310=CARTESIAN_POINT('',(0.0196014528081123,-0.00032858814352574,0.004));
#3311=CARTESIAN_POINT('',(0.0196014528081123,-0.00032858814352574,0.005));
#3312=CARTESIAN_POINT('',(0.0196377730109204,-0.000503851404056161,0.004));
#3313=CARTESIAN_POINT('',(0.0196377730109204,-0.000503851404056161,0.005));
#3314=CARTESIAN_POINT('',(0.0197104134165366,-0.000614518330733228,0.004));
#3315=CARTESIAN_POINT('',(0.0197104134165366,-0.000614518330733228,0.005));
#3316=CARTESIAN_POINT('',(0.0196014528081123,-8.87285491419656E-5,0.004));
#3317=CARTESIAN_POINT('',(0.0196014528081123,-8.87285491419656E-5,0.004));
#3318=CARTESIAN_POINT('',(0.0196014528081123,-8.87285491419656E-5,0.004));
#3319=CARTESIAN_POINT('',(0.0196014528081123,-0.000448517940717628,0.004));
#3320=CARTESIAN_POINT('',(0.0197104134165366,-0.000614518330733228,0.004));
#3321=CARTESIAN_POINT('',(0.0196014528081123,-4.87519500780027E-6,0.004));
#3322=CARTESIAN_POINT('',(0.0196014528081123,7.8978159126365E-5,0.004));
#3323=CARTESIAN_POINT('',(0.0196014528081123,7.8978159126365E-5,0.004));
#3324=CARTESIAN_POINT('',(0.0196014528081123,-4.87519500780027E-6,0.004));
#3325=CARTESIAN_POINT('',(0.0197179699687988,0.000586973478939156,0.004));
#3326=CARTESIAN_POINT('',(0.0197179699687988,0.000586973478939156,0.005));
#3327=CARTESIAN_POINT('',(0.0196422419396776,0.00047776911076443,0.004));
#3328=CARTESIAN_POINT('',(0.0196422419396776,0.00047776911076443,0.005));
#3329=CARTESIAN_POINT('',(0.0196034028861154,0.000308437337493499,0.004));
#3330=CARTESIAN_POINT('',(0.0196034028861154,0.000308437337493499,0.005));
#3331=CARTESIAN_POINT('',(0.0196014528081123,7.8978159126365E-5,0.004));
#3332=CARTESIAN_POINT('',(0.0196014528081123,7.8978159126365E-5,0.005));
#3333=CARTESIAN_POINT('',(0.0197179699687988,0.000586973478939156,0.004));
#3334=CARTESIAN_POINT('',(0.0197179699687988,0.000586973478939156,0.004));
#3335=CARTESIAN_POINT('',(0.0197179699687988,0.000586973478939156,0.004));
#3336=CARTESIAN_POINT('',(0.019604377925117,0.000423166926677066,0.004));
#3337=CARTESIAN_POINT('',(0.0196014528081123,7.8978159126365E-5,0.004));
#3338=CARTESIAN_POINT('',(0.0200597211388455,0.000750780031201247,0.004));
#3339=CARTESIAN_POINT('',(0.0200597211388455,0.000750780031201247,0.005));
#3340=CARTESIAN_POINT('',(0.0199076150546022,0.000750780031201247,0.004));
#3341=CARTESIAN_POINT('',(0.0199076150546022,0.000750780031201247,0.005));
#3342=CARTESIAN_POINT('',(0.0197936979979199,0.000696177847113883,0.004));
#3343=CARTESIAN_POINT('',(0.0197936979979199,0.000696177847113883,0.005));
#3344=CARTESIAN_POINT('',(0.0197179699687988,0.000586973478939156,0.004));
#3345=CARTESIAN_POINT('',(0.0197179699687988,0.000586973478939156,0.005));
#3346=CARTESIAN_POINT('',(0.0200597211388455,0.000750780031201247,0.004));
#3347=CARTESIAN_POINT('',(0.0200597211388455,0.000750780031201247,0.004));
#3348=CARTESIAN_POINT('',(0.0200597211388455,0.000750780031201247,0.004));
#3349=CARTESIAN_POINT('',(0.0198315620124805,0.000750780031201247,0.004));
#3350=CARTESIAN_POINT('',(0.0197179699687988,0.000586973478939156,0.004));
#3351=CARTESIAN_POINT('',(0.0203731961778471,0.000654007410296411,0.004));
#3352=CARTESIAN_POINT('',(0.0203731961778471,0.000654007410296411,0.005));
#3353=CARTESIAN_POINT('',(0.0203046184347374,0.000718522490899635,0.004));
#3354=CARTESIAN_POINT('',(0.0203046184347374,0.000718522490899635,0.005));
#3355=CARTESIAN_POINT('',(0.0202001267550702,0.000750780031201247,0.004));
#3356=CARTESIAN_POINT('',(0.0202001267550702,0.000750780031201247,0.005));
#3357=CARTESIAN_POINT('',(0.0200597211388455,0.000750780031201247,0.004));
#3358=CARTESIAN_POINT('',(0.0200597211388455,0.000750780031201247,0.005));
#3359=CARTESIAN_POINT('',(0.0203731961778471,0.000654007410296411,0.004));
#3360=CARTESIAN_POINT('',(0.0203731961778471,0.000654007410296411,0.004));
#3361=CARTESIAN_POINT('',(0.0203731961778471,0.000654007410296411,0.004));
#3362=CARTESIAN_POINT('',(0.0202703295631825,0.000750780031201247,0.004));
#3363=CARTESIAN_POINT('',(0.0200597211388455,0.000750780031201247,0.004));
#3364=CARTESIAN_POINT('',(0.0204926384555382,0.000342238689547581,0.004));
#3365=CARTESIAN_POINT('',(0.0204926384555382,0.000342238689547581,0.005));
#3366=CARTESIAN_POINT('',(0.0204815880135205,0.00048556942277691,0.004));
#3367=CARTESIAN_POINT('',(0.0204815880135205,0.00048556942277691,0.005));
#3368=CARTESIAN_POINT('',(0.0204417739209568,0.000589492329693186,0.004));
#3369=CARTESIAN_POINT('',(0.0204417739209568,0.000589492329693186,0.005));
#3370=CARTESIAN_POINT('',(0.0203731961778471,0.000654007410296411,0.004));
#3371=CARTESIAN_POINT('',(0.0203731961778471,0.000654007410296411,0.005));
#3372=CARTESIAN_POINT('',(0.0204926384555382,0.000342238689547581,0.004));
#3373=CARTESIAN_POINT('',(0.0204926384555382,0.000342238689547581,0.004));
#3374=CARTESIAN_POINT('',(0.0204926384555382,0.000342238689547581,0.004));
#3375=CARTESIAN_POINT('',(0.0204760627925117,0.000557234789391574,0.004));
#3376=CARTESIAN_POINT('',(0.0203731961778471,0.000654007410296411,0.004));
#3377=CARTESIAN_POINT('',(0.0207210413416536,0.000342238689547581,0.004));
#3378=CARTESIAN_POINT('',(0.0209494442277691,0.000342238689547581,0.004));
#3379=CARTESIAN_POINT('',(0.0209494442277691,0.000342238689547581,0.004));
#3380=CARTESIAN_POINT('',(0.0207210413416536,0.000342238689547581,0.004));
#3381=CARTESIAN_POINT('',(0.0206783833853354,0.000919949297971917,0.004));
#3382=CARTESIAN_POINT('',(0.0206783833853354,0.000919949297971917,0.005));
#3383=CARTESIAN_POINT('',(0.0208347146385855,0.000782793811752468,0.004));
#3384=CARTESIAN_POINT('',(0.0208347146385855,0.000782793811752468,0.005));
#3385=CARTESIAN_POINT('',(0.0209250682527301,0.000590223608944356,0.004));
#3386=CARTESIAN_POINT('',(0.0209250682527301,0.000590223608944356,0.005));
#3387=CARTESIAN_POINT('',(0.0209494442277691,0.000342238689547581,0.004));
#3388=CARTESIAN_POINT('',(0.0209494442277691,0.000342238689547581,0.005));
#3389=CARTESIAN_POINT('',(0.0206783833853354,0.000919949297971917,0.004));
#3390=CARTESIAN_POINT('',(0.0206783833853354,0.000919949297971917,0.004));
#3391=CARTESIAN_POINT('',(0.0206783833853354,0.000919949297971917,0.004));
#3392=CARTESIAN_POINT('',(0.0209128802652106,0.000714216068642744,0.004));
#3393=CARTESIAN_POINT('',(0.0209494442277691,0.000342238689547581,0.004));
#3394=CARTESIAN_POINT('',(0.0200597211388455,0.00112568252730109,0.004));
#3395=CARTESIAN_POINT('',(0.0200597211388455,0.00112568252730109,0.005));
#3396=CARTESIAN_POINT('',(0.0203158313832553,0.00112568252730109,0.004));
#3397=CARTESIAN_POINT('',(0.0203158313832553,0.00112568252730109,0.005));
#3398=CARTESIAN_POINT('',(0.0205220521320853,0.00105710478419137,0.004));
#3399=CARTESIAN_POINT('',(0.0205220521320853,0.00105710478419137,0.005));
#3400=CARTESIAN_POINT('',(0.0206783833853354,0.000919949297971917,0.004));
#3401=CARTESIAN_POINT('',(0.0206783833853354,0.000919949297971917,0.005));
#3402=CARTESIAN_POINT('',(0.0200597211388455,0.00112568252730109,0.004));
#3403=CARTESIAN_POINT('',(0.0200597211388455,0.00112568252730109,0.004));
#3404=CARTESIAN_POINT('',(0.0200597211388455,0.00112568252730109,0.004));
#3405=CARTESIAN_POINT('',(0.0204438865054602,0.00112568252730109,0.004));
#3406=CARTESIAN_POINT('',(0.0206783833853354,0.000919949297971917,0.004));
#3407=CARTESIAN_POINT('',(0.0200382021548606,0.000222922837029802,0.004));
#3408=CARTESIAN_POINT('',(0.019573176677067,0.000995271060842432,0.004));
#3409=CARTESIAN_POINT('',(0.0195730104788872,0.000995545504751769,0.004));
#3410=CARTESIAN_POINT('',(0.0200382021548606,0.000222922837029802,0.004));
#3411=CARTESIAN_POINT('',(0.0200251556923643,0.000282683501783001,0.004));
#3412=CARTESIAN_POINT('',(0.0192509262870515,0.000621099843993759,0.004));
#3413=CARTESIAN_POINT('',(0.0192509262870515,0.000621099843993759,0.004));
#3414=CARTESIAN_POINT('',(0.0200251556923643,0.000282683501783001,0.004));
#3415=CARTESIAN_POINT('',(0.0191383092823713,5.75273010920436E-5,0.004));
#3416=CARTESIAN_POINT('',(0.0191383092823713,5.75273010920436E-5,0.005));
#3417=CARTESIAN_POINT('',(0.0191383092823713,0.000270735829433177,0.004));
#3418=CARTESIAN_POINT('',(0.0191383092823713,0.000270735829433177,0.005));
#3419=CARTESIAN_POINT('',(0.0191758482839314,0.000458593343733749,0.004));
#3420=CARTESIAN_POINT('',(0.0191758482839314,0.000458593343733749,0.005));
#3421=CARTESIAN_POINT('',(0.0192509262870515,0.000621099843993759,0.004));
#3422=CARTESIAN_POINT('',(0.0192509262870515,0.000621099843993759,0.005));
#3423=CARTESIAN_POINT('',(0.0191383092823713,5.75273010920436E-5,0.004));
#3424=CARTESIAN_POINT('',(0.0191383092823713,5.75273010920436E-5,0.004));
#3425=CARTESIAN_POINT('',(0.0191383092823713,5.75273010920436E-5,0.004));
#3426=CARTESIAN_POINT('',(0.0191383092823713,0.000377340093603744,0.004));
#3427=CARTESIAN_POINT('',(0.0192509262870515,0.000621099843993759,0.004));
#3428=CARTESIAN_POINT('',(0.0191383092823713,-1.02379095163806E-5,0.004));
#3429=CARTESIAN_POINT('',(0.0191383092823713,-7.80031201248047E-5,0.004));
#3430=CARTESIAN_POINT('',(0.0191383092823713,-7.80031201248047E-5,0.004));
#3431=CARTESIAN_POINT('',(0.0191383092823713,-1.02379095163806E-5,0.004));
#3432=CARTESIAN_POINT('',(0.0193828003120124,-0.000866565912636504,0.004));
#3433=CARTESIAN_POINT('',(0.0193828003120124,-0.000866565912636504,0.005));
#3434=CARTESIAN_POINT('',(0.0192198062922517,-0.000674970748829952,0.004));
#3435=CARTESIAN_POINT('',(0.0192198062922517,-0.000674970748829952,0.005));
#3436=CARTESIAN_POINT('',(0.0191383092823713,-0.000412116484659386,0.004));
#3437=CARTESIAN_POINT('',(0.0191383092823713,-0.000412116484659386,0.005));
#3438=CARTESIAN_POINT('',(0.0191383092823713,-7.80031201248047E-5,0.004));
#3439=CARTESIAN_POINT('',(0.0191383092823713,-7.80031201248047E-5,0.005));
#3440=CARTESIAN_POINT('',(0.0193828003120124,-0.000866565912636504,0.004));
#3441=CARTESIAN_POINT('',(0.0193828003120124,-0.000866565912636504,0.004));
#3442=CARTESIAN_POINT('',(0.0193828003120124,-0.000866565912636504,0.004));
#3443=CARTESIAN_POINT('',(0.0191383092823713,-0.000579173166926676,0.004));
#3444=CARTESIAN_POINT('',(0.0191383092823713,-7.80031201248047E-5,0.004));
#3445=CARTESIAN_POINT('',(0.0200538709048362,-0.00115395865834633,0.004));
#3446=CARTESIAN_POINT('',(0.0200538709048362,-0.00115395865834633,0.005));
#3447=CARTESIAN_POINT('',(0.0197694845293812,-0.00115395865834633,0.004));
#3448=CARTESIAN_POINT('',(0.0197694845293812,-0.00115395865834633,0.005));
#3449=CARTESIAN_POINT('',(0.0195457943317732,-0.00105816107644306,0.004));
#3450=CARTESIAN_POINT('',(0.0195457943317732,-0.00105816107644306,0.005));
#3451=CARTESIAN_POINT('',(0.0193828003120124,-0.000866565912636504,0.004));
#3452=CARTESIAN_POINT('',(0.0193828003120124,-0.000866565912636504,0.005));
#3453=CARTESIAN_POINT('',(0.0200538709048362,-0.00115395865834633,0.004));
#3454=CARTESIAN_POINT('',(0.0200538709048362,-0.00115395865834633,0.004));
#3455=CARTESIAN_POINT('',(0.0200538709048362,-0.00115395865834633,0.004));
#3456=CARTESIAN_POINT('',(0.0196272913416536,-0.00115395865834633,0.004));
#3457=CARTESIAN_POINT('',(0.0193828003120124,-0.000866565912636504,0.004));
#3458=CARTESIAN_POINT('',(0.0206822835413416,-0.000948225429017159,0.004));
#3459=CARTESIAN_POINT('',(0.0206822835413416,-0.000948225429017159,0.005));
#3460=CARTESIAN_POINT('',(0.0205233521840873,-0.00108538091523661,0.004));
#3461=CARTESIAN_POINT('',(0.0205233521840873,-0.00108538091523661,0.005));
#3462=CARTESIAN_POINT('',(0.0203138813052522,-0.00115395865834633,0.004));
#3463=CARTESIAN_POINT('',(0.0203138813052522,-0.00115395865834633,0.005));
#3464=CARTESIAN_POINT('',(0.0200538709048362,-0.00115395865834633,0.004));
#3465=CARTESIAN_POINT('',(0.0200538709048362,-0.00115395865834633,0.005));
#3466=CARTESIAN_POINT('',(0.0206822835413416,-0.000948225429017159,0.004));
#3467=CARTESIAN_POINT('',(0.0204438865054602,-0.00115395865834633,0.004));
#3468=CARTESIAN_POINT('',(0.0200538709048362,-0.00115395865834633,0.004));
#3469=CARTESIAN_POINT('',(-0.000219690912636513,-8.67361737988404E-19,0.004));
#3470=CARTESIAN_POINT('',(0.0183460900936037,-0.00016185647425897,0.004));
#3471=CARTESIAN_POINT('',(0.0187848576443057,-0.00016185647425897,0.004));
#3472=CARTESIAN_POINT('',(0.0187848576443057,-0.00016185647425897,0.004));
#3473=CARTESIAN_POINT('',(0.0183460900936037,-0.00016185647425897,0.004));
#3474=CARTESIAN_POINT('',(0.0179073225429017,-0.00016185647425897,0.004));
#3475=CARTESIAN_POINT('',(0.0179073225429017,-0.00016185647425897,0.004));
#3476=CARTESIAN_POINT('',(0.0187848576443057,1.70631825273011E-5,0.004));
#3477=CARTESIAN_POINT('',(0.0187848576443057,0.000195982839313572,0.004));
#3478=CARTESIAN_POINT('',(0.0187848576443057,0.000195982839313572,0.004));
#3479=CARTESIAN_POINT('',(0.0187848576443057,1.70631825273011E-5,0.004));
#3480=CARTESIAN_POINT('',(0.0183460900936037,0.000195982839313572,0.004));
#3481=CARTESIAN_POINT('',(0.0179073225429017,0.000195982839313572,0.004));
#3482=CARTESIAN_POINT('',(0.0179073225429017,0.000195982839313572,0.004));
#3483=CARTESIAN_POINT('',(0.0183460900936037,0.000195982839313572,0.004));
#3484=CARTESIAN_POINT('',(0.0179073225429017,0.000460462168486739,0.004));
#3485=CARTESIAN_POINT('',(0.0179073225429017,0.000724941497659905,0.004));
#3486=CARTESIAN_POINT('',(0.0179073225429017,0.000724941497659905,0.004));
#3487=CARTESIAN_POINT('',(0.0179073225429017,0.000460462168486739,0.004));
#3488=CARTESIAN_POINT('',(0.0184206805772231,0.000724941497659905,0.004));
#3489=CARTESIAN_POINT('',(0.0189340386115444,0.000724941497659905,0.004));
#3490=CARTESIAN_POINT('',(0.0189340386115444,0.000724941497659905,0.004));
#3491=CARTESIAN_POINT('',(0.0184206805772231,0.000724941497659905,0.004));
#3492=CARTESIAN_POINT('',(0.0189340386115444,0.000909955148205926,0.004));
#3493=CARTESIAN_POINT('',(0.0189340386115444,0.00109496879875195,0.004));
#3494=CARTESIAN_POINT('',(0.0189340386115444,0.00109496879875195,0.004));
#3495=CARTESIAN_POINT('',(0.0189340386115444,0.000909955148205926,0.004));
#3496=CARTESIAN_POINT('',(0.0181920339313573,0.00109496879875195,0.004));
#3497=CARTESIAN_POINT('',(0.01745002925117,0.00109496879875195,0.004));
#3498=CARTESIAN_POINT('',(0.01745002925117,0.00109496879875195,0.004));
#3499=CARTESIAN_POINT('',(0.0181920339313573,0.00109496879875195,0.004));
#3500=CARTESIAN_POINT('',(0.01745002925117,-1.41380655226209E-5,0.004));
#3501=CARTESIAN_POINT('',(0.01745002925117,-0.00112324492979719,0.004));
#3502=CARTESIAN_POINT('',(0.01745002925117,-0.00112324492979719,0.004));
#3503=CARTESIAN_POINT('',(0.01745002925117,-1.41380655226209E-5,0.004));
#3504=CARTESIAN_POINT('',(0.0181934964898596,-0.00112324492979719,0.004));
#3505=CARTESIAN_POINT('',(0.0189369637285492,-0.00112324492979719,0.004));
#3506=CARTESIAN_POINT('',(0.0189369637285492,-0.00112324492979719,0.004));
#3507=CARTESIAN_POINT('',(0.0181934964898596,-0.00112324492979719,0.004));
#3508=CARTESIAN_POINT('',(0.0189369637285492,-0.000939693837753508,0.004));
#3509=CARTESIAN_POINT('',(0.0189369637285492,-0.000756142745709827,0.004));
#3510=CARTESIAN_POINT('',(0.0189369637285492,-0.000756142745709827,0.004));
#3511=CARTESIAN_POINT('',(0.0189369637285492,-0.000939693837753508,0.004));
#3512=CARTESIAN_POINT('',(0.0184221431357254,-0.000756142745709827,0.004));
#3513=CARTESIAN_POINT('',(0.0179073225429017,-0.000756142745709827,0.004));
#3514=CARTESIAN_POINT('',(0.0179073225429017,-0.000756142745709827,0.004));
#3515=CARTESIAN_POINT('',(0.0184221431357254,-0.000756142745709827,0.004));
#3516=CARTESIAN_POINT('',(0.0179073225429017,-0.000458999609984398,0.004));
#3517=CARTESIAN_POINT('',(0.0179073225429017,-0.000458999609984398,0.004));
#3518=CARTESIAN_POINT('',(-0.000219690912636513,-8.67361737988404E-19,0.004));
#3519=CARTESIAN_POINT('',(0.0167026618564743,-0.000756142745709827,0.004));
#3520=CARTESIAN_POINT('',(0.0162175799531982,-0.000756142745709827,0.004));
#3521=CARTESIAN_POINT('',(0.0162175799531982,-0.000756142745709827,0.004));
#3522=CARTESIAN_POINT('',(0.0167026618564743,-0.000756142745709827,0.004));
#3523=CARTESIAN_POINT('',(0.0171877437597504,-0.000756142745709827,0.004));
#3524=CARTESIAN_POINT('',(0.0171877437597504,-0.000756142745709827,0.004));
#3525=CARTESIAN_POINT('',(0.0162175799531982,0.00016941302652106,0.004));
#3526=CARTESIAN_POINT('',(0.0162175799531982,0.00109496879875195,0.004));
#3527=CARTESIAN_POINT('',(0.0162175799531982,0.00109496879875195,0.004));
#3528=CARTESIAN_POINT('',(0.0162175799531982,0.00016941302652106,0.004));
#3529=CARTESIAN_POINT('',(0.0159889333073323,0.00109496879875195,0.004));
#3530=CARTESIAN_POINT('',(0.0157602866614664,0.00109496879875195,0.004));
#3531=CARTESIAN_POINT('',(0.0157602866614664,0.00109496879875195,0.004));
#3532=CARTESIAN_POINT('',(0.0159889333073323,0.00109496879875195,0.004));
#3533=CARTESIAN_POINT('',(0.0157602866614664,-1.41380655226209E-5,0.004));
#3534=CARTESIAN_POINT('',(0.0157602866614664,-0.00112324492979719,0.004));
#3535=CARTESIAN_POINT('',(0.0157602866614664,-0.00112324492979719,0.004));
#3536=CARTESIAN_POINT('',(0.0157602866614664,-1.41380655226209E-5,0.004));
#3537=CARTESIAN_POINT('',(0.0164740152106084,-0.00112324492979719,0.004));
#3538=CARTESIAN_POINT('',(0.0171877437597504,-0.00112324492979719,0.004));
#3539=CARTESIAN_POINT('',(0.0171877437597504,-0.00112324492979719,0.004));
#3540=CARTESIAN_POINT('',(0.0164740152106084,-0.00112324492979719,0.004));
#3541=CARTESIAN_POINT('',(0.0171877437597504,-0.000939693837753508,0.004));
#3542=CARTESIAN_POINT('',(0.0171877437597504,-0.000939693837753508,0.004));
#3543=CARTESIAN_POINT('',(-0.000219690912636513,-8.67361737988404E-19,0.004));
#3544=CARTESIAN_POINT('',(0.014901277301092,-0.00016185647425897,0.004));
#3545=CARTESIAN_POINT('',(0.015340044851794,-0.00016185647425897,0.004));
#3546=CARTESIAN_POINT('',(0.015340044851794,-0.00016185647425897,0.004));
#3547=CARTESIAN_POINT('',(0.014901277301092,-0.00016185647425897,0.004));
#3548=CARTESIAN_POINT('',(0.01446250975039,-0.00016185647425897,0.004));
#3549=CARTESIAN_POINT('',(0.01446250975039,-0.00016185647425897,0.004));
#3550=CARTESIAN_POINT('',(0.015340044851794,1.70631825273011E-5,0.004));
#3551=CARTESIAN_POINT('',(0.015340044851794,0.000195982839313572,0.004));
#3552=CARTESIAN_POINT('',(0.015340044851794,0.000195982839313572,0.004));
#3553=CARTESIAN_POINT('',(0.015340044851794,1.70631825273011E-5,0.004));
#3554=CARTESIAN_POINT('',(0.014901277301092,0.000195982839313572,0.004));
#3555=CARTESIAN_POINT('',(0.01446250975039,0.000195982839313572,0.004));
#3556=CARTESIAN_POINT('',(0.01446250975039,0.000195982839313572,0.004));
#3557=CARTESIAN_POINT('',(0.014901277301092,0.000195982839313572,0.004));
#3558=CARTESIAN_POINT('',(0.01446250975039,0.000460462168486739,0.004));
#3559=CARTESIAN_POINT('',(0.01446250975039,0.000724941497659905,0.004));
#3560=CARTESIAN_POINT('',(0.01446250975039,0.000724941497659905,0.004));
#3561=CARTESIAN_POINT('',(0.01446250975039,0.000460462168486739,0.004));
#3562=CARTESIAN_POINT('',(0.0149758677847114,0.000724941497659905,0.004));
#3563=CARTESIAN_POINT('',(0.0154892258190328,0.000724941497659905,0.004));
#3564=CARTESIAN_POINT('',(0.0154892258190328,0.000724941497659905,0.004));
#3565=CARTESIAN_POINT('',(0.0149758677847114,0.000724941497659905,0.004));
#3566=CARTESIAN_POINT('',(0.0154892258190328,0.000909955148205926,0.004));
#3567=CARTESIAN_POINT('',(0.0154892258190328,0.00109496879875195,0.004));
#3568=CARTESIAN_POINT('',(0.0154892258190328,0.00109496879875195,0.004));
#3569=CARTESIAN_POINT('',(0.0154892258190328,0.000909955148205926,0.004));
#3570=CARTESIAN_POINT('',(0.0147472211388456,0.00109496879875195,0.004));
#3571=CARTESIAN_POINT('',(0.0140052164586583,0.00109496879875195,0.004));
#3572=CARTESIAN_POINT('',(0.0140052164586583,0.00109496879875195,0.004));
#3573=CARTESIAN_POINT('',(0.0147472211388456,0.00109496879875195,0.004));
#3574=CARTESIAN_POINT('',(0.0140052164586583,-1.41380655226209E-5,0.004));
#3575=CARTESIAN_POINT('',(0.0140052164586583,-0.00112324492979719,0.004));
#3576=CARTESIAN_POINT('',(0.0140052164586583,-0.00112324492979719,0.004));
#3577=CARTESIAN_POINT('',(0.0140052164586583,-1.41380655226209E-5,0.004));
#3578=CARTESIAN_POINT('',(0.0147486836973479,-0.00112324492979719,0.004));
#3579=CARTESIAN_POINT('',(0.0154921509360375,-0.00112324492979719,0.004));
#3580=CARTESIAN_POINT('',(0.0154921509360375,-0.00112324492979719,0.004));
#3581=CARTESIAN_POINT('',(0.0147486836973479,-0.00112324492979719,0.004));
#3582=CARTESIAN_POINT('',(0.0154921509360375,-0.000939693837753508,0.004));
#3583=CARTESIAN_POINT('',(0.0154921509360375,-0.000756142745709827,0.004));
#3584=CARTESIAN_POINT('',(0.0154921509360375,-0.000756142745709827,0.004));
#3585=CARTESIAN_POINT('',(0.0154921509360375,-0.000939693837753508,0.004));
#3586=CARTESIAN_POINT('',(0.0149773303432137,-0.000756142745709827,0.004));
#3587=CARTESIAN_POINT('',(0.01446250975039,-0.000756142745709827,0.004));
#3588=CARTESIAN_POINT('',(0.01446250975039,-0.000756142745709827,0.004));
#3589=CARTESIAN_POINT('',(0.0149773303432137,-0.000756142745709827,0.004));
#3590=CARTESIAN_POINT('',(0.01446250975039,-0.000458999609984398,0.004));
#3591=CARTESIAN_POINT('',(0.01446250975039,-0.000458999609984398,0.004));
#3592=CARTESIAN_POINT('',(-0.000219690912636513,-8.67361737988404E-19,0.004));
#3593=CARTESIAN_POINT('',(0.0130032544449778,-0.000527232496460045,0.004));
#3594=CARTESIAN_POINT('',(0.0132378607644306,-0.000541146645865834,0.004));
#3595=CARTESIAN_POINT('',(0.013237426743876,-0.000541114418071472,0.004));
#3596=CARTESIAN_POINT('',(0.0130032544449778,-0.000527232496460045,0.004));
#3597=CARTESIAN_POINT('',(0.0131464508580343,-0.000342482449297971,0.004));
#3598=CARTESIAN_POINT('',(0.0131464508580343,-0.000342482449297971,0.004));
#3599=CARTESIAN_POINT('',(0.0130225659426463,-0.000550737042746944,0.004));
#3600=CARTESIAN_POINT('',(0.0131464508580343,-0.000726404056162245,0.004));
#3601=CARTESIAN_POINT('',(0.0131464508580343,-0.000726404056162245,0.004));
#3602=CARTESIAN_POINT('',(0.0130225659426463,-0.000550737042746944,0.004));
#3603=CARTESIAN_POINT('',(0.0128917219188768,-0.000792706708268329,0.004));
#3604=CARTESIAN_POINT('',(0.0128917219188768,-0.000792706708268329,0.005));
#3605=CARTESIAN_POINT('',(0.013000601274051,-0.000792706708268329,0.004));
#3606=CARTESIAN_POINT('',(0.013000601274051,-0.000792706708268329,0.005));
#3607=CARTESIAN_POINT('',(0.0130855109204368,-0.000770605824232968,0.004));
#3608=CARTESIAN_POINT('',(0.0130855109204368,-0.000770605824232968,0.005));
#3609=CARTESIAN_POINT('',(0.0131464508580343,-0.000726404056162245,0.004));
#3610=CARTESIAN_POINT('',(0.0131464508580343,-0.000726404056162245,0.005));
#3611=CARTESIAN_POINT('',(0.0128917219188768,-0.000792706708268329,0.004));
#3612=CARTESIAN_POINT('',(0.0128917219188768,-0.000792706708268329,0.004));
#3613=CARTESIAN_POINT('',(0.0128917219188768,-0.000792706708268329,0.004));
#3614=CARTESIAN_POINT('',(0.0130550409516381,-0.000792706708268329,0.004));
#3615=CARTESIAN_POINT('',(0.0131464508580343,-0.000726404056162245,0.004));
#3616=CARTESIAN_POINT('',(0.0124529543681747,-0.000425604524180967,0.004));
#3617=CARTESIAN_POINT('',(0.0124529543681747,-0.000425604524180967,0.005));
#3618=CARTESIAN_POINT('',(0.0124529543681747,-0.000670339313572542,0.004));
#3619=CARTESIAN_POINT('',(0.0124529543681747,-0.000670339313572542,0.005));
#3620=CARTESIAN_POINT('',(0.0125992102184087,-0.000792706708268329,0.004));
#3621=CARTESIAN_POINT('',(0.0125992102184087,-0.000792706708268329,0.005));
#3622=CARTESIAN_POINT('',(0.0128917219188768,-0.000792706708268329,0.004));
#3623=CARTESIAN_POINT('',(0.0128917219188768,-0.000792706708268329,0.005));
#3624=CARTESIAN_POINT('',(0.0124529543681747,-0.000425604524180967,0.004));
#3625=CARTESIAN_POINT('',(0.0124529543681747,-0.000425604524180967,0.004));
#3626=CARTESIAN_POINT('',(0.0124529543681747,-0.000425604524180967,0.004));
#3627=CARTESIAN_POINT('',(0.0124529543681747,-0.000792706708268329,0.004));
#3628=CARTESIAN_POINT('',(0.0128917219188768,-0.000792706708268329,0.004));
#3629=CARTESIAN_POINT('',(0.0122238202028081,-0.000425604524180967,0.004));
#3630=CARTESIAN_POINT('',(0.0119952561194047,-0.000425604524180967,0.004));
#3631=CARTESIAN_POINT('',(0.0119952561194047,-0.000425604524180967,0.004));
#3632=CARTESIAN_POINT('',(0.0122238202028081,-0.000425604524180967,0.004));
#3633=CARTESIAN_POINT('',(0.0126520241888913,-0.000439929666110838,0.004));
#3634=CARTESIAN_POINT('',(0.0121051092043682,-0.0008031883775351,0.004));
#3635=CARTESIAN_POINT('',(0.0121048016962058,-0.000803399749066649,0.004));
#3636=CARTESIAN_POINT('',(0.0126520241888913,-0.000439929666110838,0.004));
#3637=CARTESIAN_POINT('',(0.0127074959955992,-0.00037537517165238,0.004));
#3638=CARTESIAN_POINT('',(0.012425653276131,-0.00106011115444618,0.004));
#3639=CARTESIAN_POINT('',(0.0124257342823489,-0.00105990403038263,0.004));
#3640=CARTESIAN_POINT('',(0.0127074959955992,-0.00037537517165238,0.004));
#3641=CARTESIAN_POINT('',(0.0128747459103527,-2.26978884630441E-5,0.004));
#3642=CARTESIAN_POINT('',(0.0128917219188768,-0.00115395865834633,0.004));
#3643=CARTESIAN_POINT('',(0.0128917219188768,-0.00115395865834633,0.004));
#3644=CARTESIAN_POINT('',(0.0128747459103527,-2.26978884630441E-5,0.004));
#3645=CARTESIAN_POINT('',(0.0134784516380655,-0.000990152106084241,0.004));
#3646=CARTESIAN_POINT('',(0.0134784516380655,-0.000990152106084241,0.005));
#3647=CARTESIAN_POINT('',(0.0133333333333333,-0.00109935647425897,0.004));
#3648=CARTESIAN_POINT('',(0.0133333333333333,-0.00109935647425897,0.005));
#3649=CARTESIAN_POINT('',(0.0131377567602704,-0.00115395865834633,0.004));
#3650=CARTESIAN_POINT('',(0.0131377567602704,-0.00115395865834633,0.005));
#3651=CARTESIAN_POINT('',(0.0128917219188768,-0.00115395865834633,0.004));
#3652=CARTESIAN_POINT('',(0.0128917219188768,-0.00115395865834633,0.005));
#3653=CARTESIAN_POINT('',(0.0134784516380655,-0.000990152106084241,0.004));
#3654=CARTESIAN_POINT('',(0.0134784516380655,-0.000990152106084241,0.004));
#3655=CARTESIAN_POINT('',(0.0134784516380655,-0.000990152106084241,0.004));
#3656=CARTESIAN_POINT('',(0.0132607741809672,-0.00115395865834633,0.004));
#3657=CARTESIAN_POINT('',(0.0128917219188768,-0.00115395865834633,0.004));
#3658=CARTESIAN_POINT('',(0.0136961290951638,-0.000538221528861153,0.004));
#3659=CARTESIAN_POINT('',(0.0136961290951638,-0.000538221528861153,0.005));
#3660=CARTESIAN_POINT('',(0.0136961290951638,-0.000730304212168485,0.004));
#3661=CARTESIAN_POINT('',(0.0136961290951638,-0.000730304212168485,0.005));
#3662=CARTESIAN_POINT('',(0.0136235699427977,-0.000880947737909514,0.004));
#3663=CARTESIAN_POINT('',(0.0136235699427977,-0.000880947737909514,0.005));
#3664=CARTESIAN_POINT('',(0.0134784516380655,-0.000990152106084241,0.004));
#3665=CARTESIAN_POINT('',(0.0134784516380655,-0.000990152106084241,0.005));
#3666=CARTESIAN_POINT('',(0.0136961290951638,-0.000538221528861153,0.004));
#3667=CARTESIAN_POINT('',(0.0136961290951638,-0.000538221528861153,0.004));
#3668=CARTESIAN_POINT('',(0.0136961290951638,-0.000538221528861153,0.004));
#3669=CARTESIAN_POINT('',(0.0136961290951638,-0.000826345553822151,0.004));
#3670=CARTESIAN_POINT('',(0.0134784516380655,-0.000990152106084241,0.004));
#3671=CARTESIAN_POINT('',(0.0131172951468939,-0.000522583173008828,0.004));
#3672=CARTESIAN_POINT('',(0.0135179407176287,-0.000105547971918876,0.004));
#3673=CARTESIAN_POINT('',(0.0135179407176287,-0.000105547971918876,0.004));
#3674=CARTESIAN_POINT('',(0.0131172951468939,-0.000522583173008828,0.004));
#3675=CARTESIAN_POINT('',(0.0129497367394696,0.000185257410296412,0.004));
#3676=CARTESIAN_POINT('',(0.0129497367394696,0.000185257410296412,0.005));
#3677=CARTESIAN_POINT('',(0.0132097471398856,0.000107254290171607,0.004));
#3678=CARTESIAN_POINT('',(0.0132097471398856,0.000107254290171607,0.005));
#3679=CARTESIAN_POINT('',(0.0133991484659386,1.03191627665107E-5,0.004));
#3680=CARTESIAN_POINT('',(0.0133991484659386,1.03191627665107E-5,0.005));
#3681=CARTESIAN_POINT('',(0.0135179407176287,-0.000105547971918876,0.004));
#3682=CARTESIAN_POINT('',(0.0135179407176287,-0.000105547971918876,0.005));
#3683=CARTESIAN_POINT('',(0.0129497367394696,0.000185257410296412,0.004));
#3684=CARTESIAN_POINT('',(0.0129497367394696,0.000185257410296412,0.004));
#3685=CARTESIAN_POINT('',(0.0129497367394696,0.000185257410296412,0.004));
#3686=CARTESIAN_POINT('',(0.0133397523400936,6.82527301092042E-5,0.004));
#3687=CARTESIAN_POINT('',(0.0135179407176287,-0.000105547971918876,0.004));
#3688=CARTESIAN_POINT('',(0.0126291926677067,0.00032273790951638,0.004));
#3689=CARTESIAN_POINT('',(0.0126291926677067,0.00032273790951638,0.005));
#3690=CARTESIAN_POINT('',(0.0127018330733229,0.000273985959438377,0.004));
#3691=CARTESIAN_POINT('',(0.0127018330733229,0.000273985959438377,0.005));
#3692=CARTESIAN_POINT('',(0.0128086810972439,0.000228159126365054,0.004));
#3693=CARTESIAN_POINT('',(0.0128086810972439,0.000228159126365054,0.005));
#3694=CARTESIAN_POINT('',(0.0129497367394696,0.000185257410296412,0.004));
#3695=CARTESIAN_POINT('',(0.0129497367394696,0.000185257410296412,0.005));
#3696=CARTESIAN_POINT('',(0.0126291926677067,0.00032273790951638,0.004));
#3697=CARTESIAN_POINT('',(0.0126291926677067,0.00032273790951638,0.004));
#3698=CARTESIAN_POINT('',(0.0126291926677067,0.00032273790951638,0.004));
#3699=CARTESIAN_POINT('',(0.012738153276131,0.000249609984399376,0.004));
#3700=CARTESIAN_POINT('',(0.0129497367394696,0.000185257410296412,0.004));
#3701=CARTESIAN_POINT('',(0.0125202320592824,0.000504095163806551,0.004));
#3702=CARTESIAN_POINT('',(0.0125202320592824,0.000504095163806551,0.005));
#3703=CARTESIAN_POINT('',(0.0125202320592824,0.000431942277691107,0.004));
#3704=CARTESIAN_POINT('',(0.0125202320592824,0.000431942277691107,0.005));
#3705=CARTESIAN_POINT('',(0.0125565522620905,0.000371489859594383,0.004));
#3706=CARTESIAN_POINT('',(0.0125565522620905,0.000371489859594383,0.005));
#3707=CARTESIAN_POINT('',(0.0126291926677067,0.00032273790951638,0.004));
#3708=CARTESIAN_POINT('',(0.0126291926677067,0.00032273790951638,0.005));
#3709=CARTESIAN_POINT('',(0.0125202320592824,0.000504095163806551,0.004));
#3710=CARTESIAN_POINT('',(0.0125202320592824,0.000504095163806551,0.004));
#3711=CARTESIAN_POINT('',(0.0125202320592824,0.000504095163806551,0.004));
#3712=CARTESIAN_POINT('',(0.0125202320592824,0.000395865834633385,0.004));
#3713=CARTESIAN_POINT('',(0.0126291926677067,0.00032273790951638,0.004));
#3714=CARTESIAN_POINT('',(0.0127429797324668,0.000509383531846133,0.004));
#3715=CARTESIAN_POINT('',(0.012613104524181,0.000690571372854913,0.004));
#3716=CARTESIAN_POINT('',(0.012613104524181,0.000690571372854913,0.004));
#3717=CARTESIAN_POINT('',(0.0127429797324668,0.000509383531846133,0.004));
#3718=CARTESIAN_POINT('',(0.0128736836973479,0.000761505460218407,0.004));
#3719=CARTESIAN_POINT('',(0.0128736836973479,0.000761505460218407,0.005));
#3720=CARTESIAN_POINT('',(0.012761879225169,0.000761505460218407,0.004));
#3721=CARTESIAN_POINT('',(0.012761879225169,0.000761505460218407,0.005));
#3722=CARTESIAN_POINT('',(0.01267501950078,0.000737860764430576,0.004));
#3723=CARTESIAN_POINT('',(0.01267501950078,0.000737860764430576,0.005));
#3724=CARTESIAN_POINT('',(0.012613104524181,0.000690571372854913,0.004));
#3725=CARTESIAN_POINT('',(0.012613104524181,0.000690571372854913,0.005));
#3726=CARTESIAN_POINT('',(0.0128736836973479,0.000761505460218407,0.004));
#3727=CARTESIAN_POINT('',(0.0128736836973479,0.000761505460218407,0.004));
#3728=CARTESIAN_POINT('',(0.0128736836973479,0.000761505460218407,0.004));
#3729=CARTESIAN_POINT('',(0.0127059769890796,0.000761505460218407,0.004));
#3730=CARTESIAN_POINT('',(0.012613104524181,0.000690571372854913,0.004));
#3731=CARTESIAN_POINT('',(0.0131432819812793,0.000676920826833072,0.004));
#3732=CARTESIAN_POINT('',(0.0131432819812793,0.000676920826833072,0.005));
#3733=CARTESIAN_POINT('',(0.0130792544201768,0.000733310582423295,0.004));
#3734=CARTESIAN_POINT('',(0.0130792544201768,0.000733310582423295,0.005));
#3735=CARTESIAN_POINT('',(0.012989388325533,0.000761505460218407,0.004));
#3736=CARTESIAN_POINT('',(0.012989388325533,0.000761505460218407,0.005));
#3737=CARTESIAN_POINT('',(0.0128736836973479,0.000761505460218407,0.004));
#3738=CARTESIAN_POINT('',(0.0128736836973479,0.000761505460218407,0.005));
#3739=CARTESIAN_POINT('',(0.0131432819812793,0.000676920826833072,0.004));
#3740=CARTESIAN_POINT('',(0.0131432819812793,0.000676920826833072,0.004));
#3741=CARTESIAN_POINT('',(0.0131432819812793,0.000676920826833072,0.004));
#3742=CARTESIAN_POINT('',(0.0130472406396256,0.000761505460218407,0.004));
#3743=CARTESIAN_POINT('',(0.0128736836973479,0.000761505460218407,0.004));
#3744=CARTESIAN_POINT('',(0.0132393233229329,0.000439742589703588,0.004));
#3745=CARTESIAN_POINT('',(0.0132393233229329,0.000439742589703588,0.005));
#3746=CARTESIAN_POINT('',(0.0132393233229329,0.000541471658866354,0.004));
#3747=CARTESIAN_POINT('',(0.0132393233229329,0.000541471658866354,0.005));
#3748=CARTESIAN_POINT('',(0.0132073095423817,0.000620531071242849,0.004));
#3749=CARTESIAN_POINT('',(0.0132073095423817,0.000620531071242849,0.005));
#3750=CARTESIAN_POINT('',(0.0131432819812793,0.000676920826833072,0.004));
#3751=CARTESIAN_POINT('',(0.0131432819812793,0.000676920826833072,0.005));
#3752=CARTESIAN_POINT('',(0.0132393233229329,0.000439742589703588,0.004));
#3753=CARTESIAN_POINT('',(0.0132393233229329,0.000439742589703588,0.004));
#3754=CARTESIAN_POINT('',(0.0132393233229329,0.000439742589703588,0.004));
#3755=CARTESIAN_POINT('',(0.0132393233229329,0.000592336193447737,0.004));
#3756=CARTESIAN_POINT('',(0.0131432819812793,0.000676920826833072,0.004));
#3757=CARTESIAN_POINT('',(0.0134677262090484,0.000439742589703588,0.004));
#3758=CARTESIAN_POINT('',(0.0136957144386805,0.000439742589703588,0.004));
#3759=CARTESIAN_POINT('',(0.0136957144386805,0.000439742589703588,0.004));
#3760=CARTESIAN_POINT('',(0.0134677262090484,0.000439742589703588,0.004));
#3761=CARTESIAN_POINT('',(0.0130610233565184,0.00045083594807111,0.004));
#3762=CARTESIAN_POINT('',(0.0135932624804992,0.000796363104524179,0.004));
#3763=CARTESIAN_POINT('',(0.013593407754354,0.000796458653218768,0.004));
#3764=CARTESIAN_POINT('',(0.0130610233565184,0.00045083594807111,0.004));
#3765=CARTESIAN_POINT('',(0.0130316970532106,0.000419982933333475,0.004));
#3766=CARTESIAN_POINT('',(0.0133046509360374,0.00103939157566302,0.004));
#3767=CARTESIAN_POINT('',(0.0133046699912372,0.00103943352747656,0.004));
#3768=CARTESIAN_POINT('',(0.0130316970532106,0.000419982933333475,0.004));
#3769=CARTESIAN_POINT('',(0.0129015097299137,0.000128855717866303,0.004));
#3770=CARTESIAN_POINT('',(0.0128809964898596,0.00112568252730109,0.004));
#3771=CARTESIAN_POINT('',(0.0128810029343429,0.00112535715105155,0.004));
#3772=CARTESIAN_POINT('',(0.0129015097299137,0.000128855717866303,0.004));
#3773=CARTESIAN_POINT('',(0.0128622612033512,2.90995185227969E-5,0.004));
#3774=CARTESIAN_POINT('',(0.0124553919656786,0.00104646060842433,0.004));
#3775=CARTESIAN_POINT('',(0.0124553919656786,0.00104646060842433,0.004));
#3776=CARTESIAN_POINT('',(0.0128622612033512,2.90995185227969E-5,0.004));
#3777=CARTESIAN_POINT('',(0.012164342823713,0.000826101794071761,0.004));
#3778=CARTESIAN_POINT('',(0.012164342823713,0.000826101794071761,0.005));
#3779=CARTESIAN_POINT('',(0.0122319455278211,0.000920193057722307,0.004));
#3780=CARTESIAN_POINT('',(0.0122319455278211,0.000920193057722307,0.005));
#3781=CARTESIAN_POINT('',(0.0123289619084763,0.000993645995839831,0.004));
#3782=CARTESIAN_POINT('',(0.0123289619084763,0.000993645995839831,0.005));
#3783=CARTESIAN_POINT('',(0.0124553919656786,0.00104646060842433,0.004));
#3784=CARTESIAN_POINT('',(0.0124553919656786,0.00104646060842433,0.005));
#3785=CARTESIAN_POINT('',(0.012164342823713,0.000826101794071761,0.004));
#3786=CARTESIAN_POINT('',(0.012164342823713,0.000826101794071761,0.004));
#3787=CARTESIAN_POINT('',(0.012164342823713,0.000826101794071761,0.004));
#3788=CARTESIAN_POINT('',(0.0122657468798752,0.00096723868954758,0.004));
#3789=CARTESIAN_POINT('',(0.0124553919656786,0.00104646060842433,0.004));
#3790=CARTESIAN_POINT('',(0.012598050002536,0.000513111943575491,0.004));
#3791=CARTESIAN_POINT('',(0.0120629387675507,0.000505557722308891,0.004));
#3792=CARTESIAN_POINT('',(0.0120629387675507,0.000505557722308891,0.004));
#3793=CARTESIAN_POINT('',(0.012598050002536,0.000513111943575491,0.004));
#3794=CARTESIAN_POINT('',(0.0124407663806552,-4.43642745709828E-5,0.004));
#3795=CARTESIAN_POINT('',(0.0124407663806552,-4.43642745709828E-5,0.005));
#3796=CARTESIAN_POINT('',(0.0121888813052522,9.14911596463857E-5,0.004));
#3797=CARTESIAN_POINT('',(0.0121888813052522,9.14911596463857E-5,0.005));
#3798=CARTESIAN_POINT('',(0.0120629387675507,0.000274798491939677,0.004));
#3799=CARTESIAN_POINT('',(0.0120629387675507,0.000274798491939677,0.005));
#3800=CARTESIAN_POINT('',(0.0120629387675507,0.000505557722308891,0.004));
#3801=CARTESIAN_POINT('',(0.0120629387675507,0.000505557722308891,0.005));
#3802=CARTESIAN_POINT('',(0.0124407663806552,-4.43642745709828E-5,0.004));
#3803=CARTESIAN_POINT('',(0.0124407663806552,-4.43642745709828E-5,0.004));
#3804=CARTESIAN_POINT('',(0.0124407663806552,-4.43642745709828E-5,0.004));
#3805=CARTESIAN_POINT('',(0.0120629387675507,0.00015941887675507,0.004));
#3806=CARTESIAN_POINT('',(0.0120629387675507,0.000505557722308891,0.004));
#3807=CARTESIAN_POINT('',(0.0135008734835484,0.00206274554510573,0.004));
#3808=CARTESIAN_POINT('',(0.0128173751950078,-0.000196226599063962,0.004));
#3809=CARTESIAN_POINT('',(0.0128173751950078,-0.000196226599063962,0.004));
#3810=CARTESIAN_POINT('',(0.0135008734835484,0.00206274554510573,0.004));
#3811=CARTESIAN_POINT('',(0.0131464508580343,-0.000342482449297971,0.004));
#3812=CARTESIAN_POINT('',(0.0131464508580343,-0.000342482449297971,0.005));
#3813=CARTESIAN_POINT('',(0.0130855109204368,-0.000296168096723868,0.004));
#3814=CARTESIAN_POINT('',(0.0130855109204368,-0.000296168096723868,0.005));
#3815=CARTESIAN_POINT('',(0.0129758190327613,-0.000247416146645865,0.004));
#3816=CARTESIAN_POINT('',(0.0129758190327613,-0.000247416146645865,0.005));
#3817=CARTESIAN_POINT('',(0.0128173751950078,-0.000196226599063962,0.004));
#3818=CARTESIAN_POINT('',(0.0128173751950078,-0.000196226599063962,0.005));
#3819=CARTESIAN_POINT('',(0.0131464508580343,-0.000342482449297971,0.004));
#3820=CARTESIAN_POINT('',(0.0130550409516381,-0.000273010920436817,0.004));
#3821=CARTESIAN_POINT('',(0.0128173751950078,-0.000196226599063962,0.004));
#3822=CARTESIAN_POINT('',(-0.000219690912636513,-8.67361737988404E-19,0.004));
#3823=MECHANICAL_DESIGN_GEOMETRIC_PRESENTATION_REPRESENTATION('',(#2148),
#3824);
#3824=(
GEOMETRIC_REPRESENTATION_CONTEXT(3)
GLOBAL_UNCERTAINTY_ASSIGNED_CONTEXT((#3825))
GLOBAL_UNIT_ASSIGNED_CONTEXT((#3828,#3827,#3826))
REPRESENTATION_CONTEXT('SelectButton','TOP_LEVEL_ASSEMBLY_PART')
);
#3825=UNCERTAINTY_MEASURE_WITH_UNIT(LENGTH_MEASURE(2.E-5),#3828,
'DISTANCE_ACCURACY_VALUE','Maximum Tolerance applied to model');
#3826=(
NAMED_UNIT(*)
SI_UNIT($,.STERADIAN.)
SOLID_ANGLE_UNIT()
);
#3827=(
NAMED_UNIT(*)
PLANE_ANGLE_UNIT()
SI_UNIT($,.RADIAN.)
);
#3828=(
LENGTH_UNIT()
NAMED_UNIT(*)
SI_UNIT($,.METRE.)
);
#3829=PRODUCT_DEFINITION_SHAPE('','',#3830);
#3830=PRODUCT_DEFINITION('','',#3832,#3831);
#3831=PRODUCT_DEFINITION_CONTEXT('',#3838,'design');
#3832=PRODUCT_DEFINITION_FORMATION_WITH_SPECIFIED_SOURCE('','',#3834,
 .NOT_KNOWN.);
#3833=PRODUCT_RELATED_PRODUCT_CATEGORY('','',(#3834));
#3834=PRODUCT('SelectButton','SelectButton','SelectButton',(#3836));
#3835=PRODUCT_CATEGORY('','');
#3836=PRODUCT_CONTEXT('',#3838,'mechanical');
#3837=APPLICATION_PROTOCOL_DEFINITION('international standard',
'ap242_managed_model_based_3d_engineering',2020,#3838);
#3838=APPLICATION_CONTEXT('managed model based 3d engineering');
ENDSEC;
END-ISO-10303-21;
