ISO-10303-21;
HEADER;
/* Generated by software containing ST-Developer
 * from STEP Tools, Inc. (www.steptools.com) 
 */
/* OPTION: using custom renumber hook */

FILE_DESCRIPTION(
/* description */ ('STEP AP242 Edition 2',
'CAx-IF Rec.Pracs.---Representation and Presentation of Product Manufa
cturing Information (PMI)---4.0---2014-10-13',
'CAx-IF Rec.Pracs.---3D Tessellated Geometry---0.4---2014-09-14','2;1',
'CAx-IF Rec.Pracs.---User Defined Attributes---1.5---2016-08-15'),
/* implementation_level */ '2;1');

FILE_NAME(
/* name */ 'S_TOP - Star',
/* time_stamp */ '2026-09-22T20:44:03Z',
/* author */ (''),
/* organization */ (''),
/* preprocessor_version */ 'ST-DEVELOPER v20',
/* originating_system */ 'ONSHAPE BY PTC INC, 1.221',
/* authorisation */ '  ');

FILE_SCHEMA (('AP242_MANAGED_MODEL_BASED_3D_ENGINEERING_MIM_LF { 1 0 10303 442 3 1 4 }'));
ENDSEC;

DATA;
#10=SHAPE_REPRESENTATION_RELATIONSHIP('','',#1492,#11);
#11=ADVANCED_BREP_SHAPE_REPRESENTATION('',(#1490),#2334);
#12=ORIENTED_EDGE('',*,*,#426,.T.);
#13=ORIENTED_EDGE('',*,*,#427,.F.);
#14=ORIENTED_EDGE('',*,*,#428,.F.);
#15=ORIENTED_EDGE('',*,*,#429,.T.);
#16=ORIENTED_EDGE('',*,*,#430,.T.);
#17=ORIENTED_EDGE('',*,*,#431,.F.);
#18=ORIENTED_EDGE('',*,*,#432,.F.);
#19=ORIENTED_EDGE('',*,*,#427,.T.);
#20=ORIENTED_EDGE('',*,*,#433,.T.);
#21=ORIENTED_EDGE('',*,*,#434,.F.);
#22=ORIENTED_EDGE('',*,*,#435,.F.);
#23=ORIENTED_EDGE('',*,*,#431,.T.);
#24=ORIENTED_EDGE('',*,*,#436,.T.);
#25=ORIENTED_EDGE('',*,*,#437,.F.);
#26=ORIENTED_EDGE('',*,*,#438,.F.);
#27=ORIENTED_EDGE('',*,*,#434,.T.);
#28=ORIENTED_EDGE('',*,*,#439,.T.);
#29=ORIENTED_EDGE('',*,*,#440,.F.);
#30=ORIENTED_EDGE('',*,*,#441,.F.);
#31=ORIENTED_EDGE('',*,*,#437,.T.);
#32=ORIENTED_EDGE('',*,*,#442,.T.);
#33=ORIENTED_EDGE('',*,*,#443,.F.);
#34=ORIENTED_EDGE('',*,*,#444,.F.);
#35=ORIENTED_EDGE('',*,*,#440,.T.);
#36=ORIENTED_EDGE('',*,*,#445,.T.);
#37=ORIENTED_EDGE('',*,*,#446,.F.);
#38=ORIENTED_EDGE('',*,*,#447,.F.);
#39=ORIENTED_EDGE('',*,*,#443,.T.);
#40=ORIENTED_EDGE('',*,*,#448,.T.);
#41=ORIENTED_EDGE('',*,*,#449,.F.);
#42=ORIENTED_EDGE('',*,*,#450,.F.);
#43=ORIENTED_EDGE('',*,*,#446,.T.);
#44=ORIENTED_EDGE('',*,*,#451,.T.);
#45=ORIENTED_EDGE('',*,*,#452,.F.);
#46=ORIENTED_EDGE('',*,*,#453,.F.);
#47=ORIENTED_EDGE('',*,*,#449,.T.);
#48=ORIENTED_EDGE('',*,*,#454,.T.);
#49=ORIENTED_EDGE('',*,*,#455,.F.);
#50=ORIENTED_EDGE('',*,*,#456,.F.);
#51=ORIENTED_EDGE('',*,*,#452,.T.);
#52=ORIENTED_EDGE('',*,*,#457,.T.);
#53=ORIENTED_EDGE('',*,*,#458,.F.);
#54=ORIENTED_EDGE('',*,*,#459,.F.);
#55=ORIENTED_EDGE('',*,*,#455,.T.);
#56=ORIENTED_EDGE('',*,*,#460,.T.);
#57=ORIENTED_EDGE('',*,*,#461,.F.);
#58=ORIENTED_EDGE('',*,*,#462,.F.);
#59=ORIENTED_EDGE('',*,*,#458,.T.);
#60=ORIENTED_EDGE('',*,*,#463,.T.);
#61=ORIENTED_EDGE('',*,*,#464,.F.);
#62=ORIENTED_EDGE('',*,*,#465,.F.);
#63=ORIENTED_EDGE('',*,*,#461,.T.);
#64=ORIENTED_EDGE('',*,*,#466,.T.);
#65=ORIENTED_EDGE('',*,*,#467,.F.);
#66=ORIENTED_EDGE('',*,*,#468,.F.);
#67=ORIENTED_EDGE('',*,*,#464,.T.);
#68=ORIENTED_EDGE('',*,*,#469,.T.);
#69=ORIENTED_EDGE('',*,*,#470,.F.);
#70=ORIENTED_EDGE('',*,*,#471,.F.);
#71=ORIENTED_EDGE('',*,*,#467,.T.);
#72=ORIENTED_EDGE('',*,*,#472,.T.);
#73=ORIENTED_EDGE('',*,*,#473,.F.);
#74=ORIENTED_EDGE('',*,*,#474,.F.);
#75=ORIENTED_EDGE('',*,*,#470,.T.);
#76=ORIENTED_EDGE('',*,*,#475,.T.);
#77=ORIENTED_EDGE('',*,*,#476,.F.);
#78=ORIENTED_EDGE('',*,*,#477,.F.);
#79=ORIENTED_EDGE('',*,*,#473,.T.);
#80=ORIENTED_EDGE('',*,*,#478,.T.);
#81=ORIENTED_EDGE('',*,*,#479,.F.);
#82=ORIENTED_EDGE('',*,*,#480,.F.);
#83=ORIENTED_EDGE('',*,*,#476,.T.);
#84=ORIENTED_EDGE('',*,*,#481,.T.);
#85=ORIENTED_EDGE('',*,*,#482,.F.);
#86=ORIENTED_EDGE('',*,*,#483,.F.);
#87=ORIENTED_EDGE('',*,*,#479,.T.);
#88=ORIENTED_EDGE('',*,*,#484,.T.);
#89=ORIENTED_EDGE('',*,*,#485,.F.);
#90=ORIENTED_EDGE('',*,*,#486,.F.);
#91=ORIENTED_EDGE('',*,*,#482,.T.);
#92=ORIENTED_EDGE('',*,*,#487,.T.);
#93=ORIENTED_EDGE('',*,*,#488,.F.);
#94=ORIENTED_EDGE('',*,*,#489,.F.);
#95=ORIENTED_EDGE('',*,*,#485,.T.);
#96=ORIENTED_EDGE('',*,*,#490,.T.);
#97=ORIENTED_EDGE('',*,*,#491,.F.);
#98=ORIENTED_EDGE('',*,*,#492,.F.);
#99=ORIENTED_EDGE('',*,*,#488,.T.);
#100=ORIENTED_EDGE('',*,*,#493,.T.);
#101=ORIENTED_EDGE('',*,*,#494,.F.);
#102=ORIENTED_EDGE('',*,*,#495,.F.);
#103=ORIENTED_EDGE('',*,*,#491,.T.);
#104=ORIENTED_EDGE('',*,*,#496,.T.);
#105=ORIENTED_EDGE('',*,*,#497,.F.);
#106=ORIENTED_EDGE('',*,*,#498,.F.);
#107=ORIENTED_EDGE('',*,*,#494,.T.);
#108=ORIENTED_EDGE('',*,*,#499,.T.);
#109=ORIENTED_EDGE('',*,*,#500,.F.);
#110=ORIENTED_EDGE('',*,*,#501,.F.);
#111=ORIENTED_EDGE('',*,*,#497,.T.);
#112=ORIENTED_EDGE('',*,*,#502,.T.);
#113=ORIENTED_EDGE('',*,*,#503,.F.);
#114=ORIENTED_EDGE('',*,*,#504,.F.);
#115=ORIENTED_EDGE('',*,*,#500,.T.);
#116=ORIENTED_EDGE('',*,*,#505,.T.);
#117=ORIENTED_EDGE('',*,*,#506,.F.);
#118=ORIENTED_EDGE('',*,*,#507,.F.);
#119=ORIENTED_EDGE('',*,*,#503,.T.);
#120=ORIENTED_EDGE('',*,*,#508,.T.);
#121=ORIENTED_EDGE('',*,*,#509,.F.);
#122=ORIENTED_EDGE('',*,*,#510,.F.);
#123=ORIENTED_EDGE('',*,*,#506,.T.);
#124=ORIENTED_EDGE('',*,*,#511,.T.);
#125=ORIENTED_EDGE('',*,*,#512,.F.);
#126=ORIENTED_EDGE('',*,*,#513,.F.);
#127=ORIENTED_EDGE('',*,*,#509,.T.);
#128=ORIENTED_EDGE('',*,*,#514,.T.);
#129=ORIENTED_EDGE('',*,*,#515,.F.);
#130=ORIENTED_EDGE('',*,*,#516,.F.);
#131=ORIENTED_EDGE('',*,*,#512,.T.);
#132=ORIENTED_EDGE('',*,*,#517,.T.);
#133=ORIENTED_EDGE('',*,*,#518,.F.);
#134=ORIENTED_EDGE('',*,*,#519,.F.);
#135=ORIENTED_EDGE('',*,*,#515,.T.);
#136=ORIENTED_EDGE('',*,*,#520,.T.);
#137=ORIENTED_EDGE('',*,*,#521,.F.);
#138=ORIENTED_EDGE('',*,*,#522,.F.);
#139=ORIENTED_EDGE('',*,*,#518,.T.);
#140=ORIENTED_EDGE('',*,*,#523,.T.);
#141=ORIENTED_EDGE('',*,*,#524,.F.);
#142=ORIENTED_EDGE('',*,*,#525,.F.);
#143=ORIENTED_EDGE('',*,*,#521,.T.);
#144=ORIENTED_EDGE('',*,*,#526,.T.);
#145=ORIENTED_EDGE('',*,*,#527,.F.);
#146=ORIENTED_EDGE('',*,*,#528,.F.);
#147=ORIENTED_EDGE('',*,*,#524,.T.);
#148=ORIENTED_EDGE('',*,*,#529,.T.);
#149=ORIENTED_EDGE('',*,*,#530,.F.);
#150=ORIENTED_EDGE('',*,*,#531,.F.);
#151=ORIENTED_EDGE('',*,*,#527,.T.);
#152=ORIENTED_EDGE('',*,*,#532,.T.);
#153=ORIENTED_EDGE('',*,*,#533,.F.);
#154=ORIENTED_EDGE('',*,*,#534,.F.);
#155=ORIENTED_EDGE('',*,*,#530,.T.);
#156=ORIENTED_EDGE('',*,*,#535,.T.);
#157=ORIENTED_EDGE('',*,*,#536,.F.);
#158=ORIENTED_EDGE('',*,*,#537,.F.);
#159=ORIENTED_EDGE('',*,*,#533,.T.);
#160=ORIENTED_EDGE('',*,*,#538,.T.);
#161=ORIENTED_EDGE('',*,*,#539,.F.);
#162=ORIENTED_EDGE('',*,*,#540,.F.);
#163=ORIENTED_EDGE('',*,*,#536,.T.);
#164=ORIENTED_EDGE('',*,*,#541,.T.);
#165=ORIENTED_EDGE('',*,*,#542,.F.);
#166=ORIENTED_EDGE('',*,*,#543,.F.);
#167=ORIENTED_EDGE('',*,*,#539,.T.);
#168=ORIENTED_EDGE('',*,*,#544,.T.);
#169=ORIENTED_EDGE('',*,*,#545,.F.);
#170=ORIENTED_EDGE('',*,*,#546,.F.);
#171=ORIENTED_EDGE('',*,*,#542,.T.);
#172=ORIENTED_EDGE('',*,*,#547,.T.);
#173=ORIENTED_EDGE('',*,*,#548,.F.);
#174=ORIENTED_EDGE('',*,*,#549,.F.);
#175=ORIENTED_EDGE('',*,*,#545,.T.);
#176=ORIENTED_EDGE('',*,*,#550,.T.);
#177=ORIENTED_EDGE('',*,*,#551,.F.);
#178=ORIENTED_EDGE('',*,*,#552,.F.);
#179=ORIENTED_EDGE('',*,*,#548,.T.);
#180=ORIENTED_EDGE('',*,*,#553,.T.);
#181=ORIENTED_EDGE('',*,*,#554,.F.);
#182=ORIENTED_EDGE('',*,*,#555,.F.);
#183=ORIENTED_EDGE('',*,*,#551,.T.);
#184=ORIENTED_EDGE('',*,*,#556,.T.);
#185=ORIENTED_EDGE('',*,*,#557,.F.);
#186=ORIENTED_EDGE('',*,*,#558,.F.);
#187=ORIENTED_EDGE('',*,*,#554,.T.);
#188=ORIENTED_EDGE('',*,*,#559,.T.);
#189=ORIENTED_EDGE('',*,*,#560,.F.);
#190=ORIENTED_EDGE('',*,*,#561,.F.);
#191=ORIENTED_EDGE('',*,*,#557,.T.);
#192=ORIENTED_EDGE('',*,*,#562,.T.);
#193=ORIENTED_EDGE('',*,*,#563,.F.);
#194=ORIENTED_EDGE('',*,*,#564,.F.);
#195=ORIENTED_EDGE('',*,*,#560,.T.);
#196=ORIENTED_EDGE('',*,*,#565,.T.);
#197=ORIENTED_EDGE('',*,*,#566,.F.);
#198=ORIENTED_EDGE('',*,*,#567,.F.);
#199=ORIENTED_EDGE('',*,*,#563,.T.);
#200=ORIENTED_EDGE('',*,*,#568,.T.);
#201=ORIENTED_EDGE('',*,*,#569,.F.);
#202=ORIENTED_EDGE('',*,*,#570,.F.);
#203=ORIENTED_EDGE('',*,*,#566,.T.);
#204=ORIENTED_EDGE('',*,*,#571,.T.);
#205=ORIENTED_EDGE('',*,*,#572,.F.);
#206=ORIENTED_EDGE('',*,*,#573,.F.);
#207=ORIENTED_EDGE('',*,*,#569,.T.);
#208=ORIENTED_EDGE('',*,*,#574,.T.);
#209=ORIENTED_EDGE('',*,*,#575,.F.);
#210=ORIENTED_EDGE('',*,*,#576,.F.);
#211=ORIENTED_EDGE('',*,*,#572,.T.);
#212=ORIENTED_EDGE('',*,*,#577,.T.);
#213=ORIENTED_EDGE('',*,*,#578,.F.);
#214=ORIENTED_EDGE('',*,*,#579,.F.);
#215=ORIENTED_EDGE('',*,*,#575,.T.);
#216=ORIENTED_EDGE('',*,*,#580,.T.);
#217=ORIENTED_EDGE('',*,*,#581,.F.);
#218=ORIENTED_EDGE('',*,*,#582,.F.);
#219=ORIENTED_EDGE('',*,*,#578,.T.);
#220=ORIENTED_EDGE('',*,*,#583,.F.);
#221=ORIENTED_EDGE('',*,*,#584,.F.);
#222=ORIENTED_EDGE('',*,*,#585,.T.);
#223=ORIENTED_EDGE('',*,*,#586,.T.);
#224=ORIENTED_EDGE('',*,*,#587,.F.);
#225=ORIENTED_EDGE('',*,*,#588,.F.);
#226=ORIENTED_EDGE('',*,*,#589,.T.);
#227=ORIENTED_EDGE('',*,*,#584,.T.);
#228=ORIENTED_EDGE('',*,*,#590,.F.);
#229=ORIENTED_EDGE('',*,*,#591,.F.);
#230=ORIENTED_EDGE('',*,*,#592,.T.);
#231=ORIENTED_EDGE('',*,*,#588,.T.);
#232=ORIENTED_EDGE('',*,*,#593,.F.);
#233=ORIENTED_EDGE('',*,*,#594,.F.);
#234=ORIENTED_EDGE('',*,*,#595,.T.);
#235=ORIENTED_EDGE('',*,*,#591,.T.);
#236=ORIENTED_EDGE('',*,*,#596,.F.);
#237=ORIENTED_EDGE('',*,*,#597,.F.);
#238=ORIENTED_EDGE('',*,*,#598,.T.);
#239=ORIENTED_EDGE('',*,*,#594,.T.);
#240=ORIENTED_EDGE('',*,*,#599,.F.);
#241=ORIENTED_EDGE('',*,*,#600,.F.);
#242=ORIENTED_EDGE('',*,*,#601,.T.);
#243=ORIENTED_EDGE('',*,*,#597,.T.);
#244=ORIENTED_EDGE('',*,*,#602,.F.);
#245=ORIENTED_EDGE('',*,*,#603,.F.);
#246=ORIENTED_EDGE('',*,*,#604,.T.);
#247=ORIENTED_EDGE('',*,*,#600,.T.);
#248=ORIENTED_EDGE('',*,*,#605,.F.);
#249=ORIENTED_EDGE('',*,*,#606,.F.);
#250=ORIENTED_EDGE('',*,*,#607,.T.);
#251=ORIENTED_EDGE('',*,*,#608,.T.);
#252=ORIENTED_EDGE('',*,*,#609,.F.);
#253=ORIENTED_EDGE('',*,*,#610,.F.);
#254=ORIENTED_EDGE('',*,*,#611,.T.);
#255=ORIENTED_EDGE('',*,*,#606,.T.);
#256=ORIENTED_EDGE('',*,*,#612,.F.);
#257=ORIENTED_EDGE('',*,*,#613,.F.);
#258=ORIENTED_EDGE('',*,*,#614,.T.);
#259=ORIENTED_EDGE('',*,*,#610,.T.);
#260=ORIENTED_EDGE('',*,*,#615,.F.);
#261=ORIENTED_EDGE('',*,*,#616,.F.);
#262=ORIENTED_EDGE('',*,*,#617,.T.);
#263=ORIENTED_EDGE('',*,*,#618,.T.);
#264=ORIENTED_EDGE('',*,*,#619,.F.);
#265=ORIENTED_EDGE('',*,*,#620,.F.);
#266=ORIENTED_EDGE('',*,*,#621,.T.);
#267=ORIENTED_EDGE('',*,*,#616,.T.);
#268=ORIENTED_EDGE('',*,*,#622,.F.);
#269=ORIENTED_EDGE('',*,*,#623,.F.);
#270=ORIENTED_EDGE('',*,*,#624,.T.);
#271=ORIENTED_EDGE('',*,*,#620,.T.);
#272=ORIENTED_EDGE('',*,*,#625,.F.);
#273=ORIENTED_EDGE('',*,*,#586,.F.);
#274=ORIENTED_EDGE('',*,*,#626,.T.);
#275=ORIENTED_EDGE('',*,*,#603,.T.);
#276=ORIENTED_EDGE('',*,*,#627,.F.);
#277=ORIENTED_EDGE('',*,*,#608,.F.);
#278=ORIENTED_EDGE('',*,*,#628,.T.);
#279=ORIENTED_EDGE('',*,*,#613,.T.);
#280=ORIENTED_EDGE('',*,*,#629,.F.);
#281=ORIENTED_EDGE('',*,*,#618,.F.);
#282=ORIENTED_EDGE('',*,*,#630,.T.);
#283=ORIENTED_EDGE('',*,*,#623,.T.);
#284=ORIENTED_EDGE('',*,*,#631,.T.);
#285=ORIENTED_EDGE('',*,*,#429,.F.);
#286=ORIENTED_EDGE('',*,*,#632,.F.);
#287=ORIENTED_EDGE('',*,*,#581,.T.);
#288=ORIENTED_EDGE('',*,*,#617,.F.);
#289=ORIENTED_EDGE('',*,*,#621,.F.);
#290=ORIENTED_EDGE('',*,*,#624,.F.);
#291=ORIENTED_EDGE('',*,*,#630,.F.);
#292=ORIENTED_EDGE('',*,*,#607,.F.);
#293=ORIENTED_EDGE('',*,*,#611,.F.);
#294=ORIENTED_EDGE('',*,*,#614,.F.);
#295=ORIENTED_EDGE('',*,*,#628,.F.);
#296=ORIENTED_EDGE('',*,*,#585,.F.);
#297=ORIENTED_EDGE('',*,*,#589,.F.);
#298=ORIENTED_EDGE('',*,*,#592,.F.);
#299=ORIENTED_EDGE('',*,*,#595,.F.);
#300=ORIENTED_EDGE('',*,*,#598,.F.);
#301=ORIENTED_EDGE('',*,*,#601,.F.);
#302=ORIENTED_EDGE('',*,*,#604,.F.);
#303=ORIENTED_EDGE('',*,*,#626,.F.);
#304=ORIENTED_EDGE('',*,*,#428,.T.);
#305=ORIENTED_EDGE('',*,*,#432,.T.);
#306=ORIENTED_EDGE('',*,*,#435,.T.);
#307=ORIENTED_EDGE('',*,*,#438,.T.);
#308=ORIENTED_EDGE('',*,*,#441,.T.);
#309=ORIENTED_EDGE('',*,*,#444,.T.);
#310=ORIENTED_EDGE('',*,*,#447,.T.);
#311=ORIENTED_EDGE('',*,*,#450,.T.);
#312=ORIENTED_EDGE('',*,*,#453,.T.);
#313=ORIENTED_EDGE('',*,*,#456,.T.);
#314=ORIENTED_EDGE('',*,*,#459,.T.);
#315=ORIENTED_EDGE('',*,*,#462,.T.);
#316=ORIENTED_EDGE('',*,*,#465,.T.);
#317=ORIENTED_EDGE('',*,*,#468,.T.);
#318=ORIENTED_EDGE('',*,*,#471,.T.);
#319=ORIENTED_EDGE('',*,*,#474,.T.);
#320=ORIENTED_EDGE('',*,*,#477,.T.);
#321=ORIENTED_EDGE('',*,*,#480,.T.);
#322=ORIENTED_EDGE('',*,*,#483,.T.);
#323=ORIENTED_EDGE('',*,*,#486,.T.);
#324=ORIENTED_EDGE('',*,*,#489,.T.);
#325=ORIENTED_EDGE('',*,*,#492,.T.);
#326=ORIENTED_EDGE('',*,*,#495,.T.);
#327=ORIENTED_EDGE('',*,*,#498,.T.);
#328=ORIENTED_EDGE('',*,*,#501,.T.);
#329=ORIENTED_EDGE('',*,*,#504,.T.);
#330=ORIENTED_EDGE('',*,*,#507,.T.);
#331=ORIENTED_EDGE('',*,*,#510,.T.);
#332=ORIENTED_EDGE('',*,*,#513,.T.);
#333=ORIENTED_EDGE('',*,*,#516,.T.);
#334=ORIENTED_EDGE('',*,*,#519,.T.);
#335=ORIENTED_EDGE('',*,*,#522,.T.);
#336=ORIENTED_EDGE('',*,*,#525,.T.);
#337=ORIENTED_EDGE('',*,*,#528,.T.);
#338=ORIENTED_EDGE('',*,*,#531,.T.);
#339=ORIENTED_EDGE('',*,*,#534,.T.);
#340=ORIENTED_EDGE('',*,*,#537,.T.);
#341=ORIENTED_EDGE('',*,*,#540,.T.);
#342=ORIENTED_EDGE('',*,*,#543,.T.);
#343=ORIENTED_EDGE('',*,*,#546,.T.);
#344=ORIENTED_EDGE('',*,*,#549,.T.);
#345=ORIENTED_EDGE('',*,*,#552,.T.);
#346=ORIENTED_EDGE('',*,*,#555,.T.);
#347=ORIENTED_EDGE('',*,*,#558,.T.);
#348=ORIENTED_EDGE('',*,*,#561,.T.);
#349=ORIENTED_EDGE('',*,*,#564,.T.);
#350=ORIENTED_EDGE('',*,*,#567,.T.);
#351=ORIENTED_EDGE('',*,*,#570,.T.);
#352=ORIENTED_EDGE('',*,*,#573,.T.);
#353=ORIENTED_EDGE('',*,*,#576,.T.);
#354=ORIENTED_EDGE('',*,*,#579,.T.);
#355=ORIENTED_EDGE('',*,*,#582,.T.);
#356=ORIENTED_EDGE('',*,*,#632,.T.);
#357=ORIENTED_EDGE('',*,*,#615,.T.);
#358=ORIENTED_EDGE('',*,*,#629,.T.);
#359=ORIENTED_EDGE('',*,*,#622,.T.);
#360=ORIENTED_EDGE('',*,*,#619,.T.);
#361=ORIENTED_EDGE('',*,*,#605,.T.);
#362=ORIENTED_EDGE('',*,*,#627,.T.);
#363=ORIENTED_EDGE('',*,*,#612,.T.);
#364=ORIENTED_EDGE('',*,*,#609,.T.);
#365=ORIENTED_EDGE('',*,*,#583,.T.);
#366=ORIENTED_EDGE('',*,*,#625,.T.);
#367=ORIENTED_EDGE('',*,*,#602,.T.);
#368=ORIENTED_EDGE('',*,*,#599,.T.);
#369=ORIENTED_EDGE('',*,*,#596,.T.);
#370=ORIENTED_EDGE('',*,*,#593,.T.);
#371=ORIENTED_EDGE('',*,*,#590,.T.);
#372=ORIENTED_EDGE('',*,*,#587,.T.);
#373=ORIENTED_EDGE('',*,*,#426,.F.);
#374=ORIENTED_EDGE('',*,*,#631,.F.);
#375=ORIENTED_EDGE('',*,*,#580,.F.);
#376=ORIENTED_EDGE('',*,*,#577,.F.);
#377=ORIENTED_EDGE('',*,*,#574,.F.);
#378=ORIENTED_EDGE('',*,*,#571,.F.);
#379=ORIENTED_EDGE('',*,*,#568,.F.);
#380=ORIENTED_EDGE('',*,*,#565,.F.);
#381=ORIENTED_EDGE('',*,*,#562,.F.);
#382=ORIENTED_EDGE('',*,*,#559,.F.);
#383=ORIENTED_EDGE('',*,*,#556,.F.);
#384=ORIENTED_EDGE('',*,*,#553,.F.);
#385=ORIENTED_EDGE('',*,*,#550,.F.);
#386=ORIENTED_EDGE('',*,*,#547,.F.);
#387=ORIENTED_EDGE('',*,*,#544,.F.);
#388=ORIENTED_EDGE('',*,*,#541,.F.);
#389=ORIENTED_EDGE('',*,*,#538,.F.);
#390=ORIENTED_EDGE('',*,*,#535,.F.);
#391=ORIENTED_EDGE('',*,*,#532,.F.);
#392=ORIENTED_EDGE('',*,*,#529,.F.);
#393=ORIENTED_EDGE('',*,*,#526,.F.);
#394=ORIENTED_EDGE('',*,*,#523,.F.);
#395=ORIENTED_EDGE('',*,*,#520,.F.);
#396=ORIENTED_EDGE('',*,*,#517,.F.);
#397=ORIENTED_EDGE('',*,*,#514,.F.);
#398=ORIENTED_EDGE('',*,*,#511,.F.);
#399=ORIENTED_EDGE('',*,*,#508,.F.);
#400=ORIENTED_EDGE('',*,*,#505,.F.);
#401=ORIENTED_EDGE('',*,*,#502,.F.);
#402=ORIENTED_EDGE('',*,*,#499,.F.);
#403=ORIENTED_EDGE('',*,*,#496,.F.);
#404=ORIENTED_EDGE('',*,*,#493,.F.);
#405=ORIENTED_EDGE('',*,*,#490,.F.);
#406=ORIENTED_EDGE('',*,*,#487,.F.);
#407=ORIENTED_EDGE('',*,*,#484,.F.);
#408=ORIENTED_EDGE('',*,*,#481,.F.);
#409=ORIENTED_EDGE('',*,*,#478,.F.);
#410=ORIENTED_EDGE('',*,*,#475,.F.);
#411=ORIENTED_EDGE('',*,*,#472,.F.);
#412=ORIENTED_EDGE('',*,*,#469,.F.);
#413=ORIENTED_EDGE('',*,*,#466,.F.);
#414=ORIENTED_EDGE('',*,*,#463,.F.);
#415=ORIENTED_EDGE('',*,*,#460,.F.);
#416=ORIENTED_EDGE('',*,*,#457,.F.);
#417=ORIENTED_EDGE('',*,*,#454,.F.);
#418=ORIENTED_EDGE('',*,*,#451,.F.);
#419=ORIENTED_EDGE('',*,*,#448,.F.);
#420=ORIENTED_EDGE('',*,*,#445,.F.);
#421=ORIENTED_EDGE('',*,*,#442,.F.);
#422=ORIENTED_EDGE('',*,*,#439,.F.);
#423=ORIENTED_EDGE('',*,*,#436,.F.);
#424=ORIENTED_EDGE('',*,*,#433,.F.);
#425=ORIENTED_EDGE('',*,*,#430,.F.);
#426=EDGE_CURVE('',#633,#634,#771,.T.);
#427=EDGE_CURVE('',#635,#634,#772,.T.);
#428=EDGE_CURVE('',#636,#635,#773,.T.);
#429=EDGE_CURVE('',#636,#633,#774,.T.);
#430=EDGE_CURVE('',#634,#637,#775,.T.);
#431=EDGE_CURVE('',#638,#637,#776,.T.);
#432=EDGE_CURVE('',#635,#638,#777,.T.);
#433=EDGE_CURVE('',#637,#639,#778,.T.);
#434=EDGE_CURVE('',#640,#639,#779,.T.);
#435=EDGE_CURVE('',#638,#640,#780,.T.);
#436=EDGE_CURVE('',#639,#641,#781,.T.);
#437=EDGE_CURVE('',#642,#641,#782,.T.);
#438=EDGE_CURVE('',#640,#642,#783,.T.);
#439=EDGE_CURVE('',#641,#643,#784,.T.);
#440=EDGE_CURVE('',#644,#643,#785,.T.);
#441=EDGE_CURVE('',#642,#644,#786,.T.);
#442=EDGE_CURVE('',#643,#645,#787,.T.);
#443=EDGE_CURVE('',#646,#645,#788,.T.);
#444=EDGE_CURVE('',#644,#646,#789,.T.);
#445=EDGE_CURVE('',#645,#647,#790,.T.);
#446=EDGE_CURVE('',#648,#647,#791,.T.);
#447=EDGE_CURVE('',#646,#648,#792,.T.);
#448=EDGE_CURVE('',#647,#649,#793,.T.);
#449=EDGE_CURVE('',#650,#649,#794,.T.);
#450=EDGE_CURVE('',#648,#650,#795,.T.);
#451=EDGE_CURVE('',#649,#651,#796,.T.);
#452=EDGE_CURVE('',#652,#651,#797,.T.);
#453=EDGE_CURVE('',#650,#652,#798,.T.);
#454=EDGE_CURVE('',#651,#653,#799,.T.);
#455=EDGE_CURVE('',#654,#653,#800,.T.);
#456=EDGE_CURVE('',#652,#654,#801,.T.);
#457=EDGE_CURVE('',#653,#655,#802,.T.);
#458=EDGE_CURVE('',#656,#655,#803,.T.);
#459=EDGE_CURVE('',#654,#656,#804,.T.);
#460=EDGE_CURVE('',#655,#657,#805,.T.);
#461=EDGE_CURVE('',#658,#657,#806,.T.);
#462=EDGE_CURVE('',#656,#658,#807,.T.);
#463=EDGE_CURVE('',#657,#659,#808,.T.);
#464=EDGE_CURVE('',#660,#659,#809,.T.);
#465=EDGE_CURVE('',#658,#660,#810,.T.);
#466=EDGE_CURVE('',#659,#661,#811,.T.);
#467=EDGE_CURVE('',#662,#661,#812,.T.);
#468=EDGE_CURVE('',#660,#662,#813,.T.);
#469=EDGE_CURVE('',#661,#663,#814,.T.);
#470=EDGE_CURVE('',#664,#663,#815,.T.);
#471=EDGE_CURVE('',#662,#664,#816,.T.);
#472=EDGE_CURVE('',#663,#665,#817,.T.);
#473=EDGE_CURVE('',#666,#665,#818,.T.);
#474=EDGE_CURVE('',#664,#666,#819,.T.);
#475=EDGE_CURVE('',#665,#667,#820,.T.);
#476=EDGE_CURVE('',#668,#667,#821,.T.);
#477=EDGE_CURVE('',#666,#668,#822,.T.);
#478=EDGE_CURVE('',#667,#669,#823,.T.);
#479=EDGE_CURVE('',#670,#669,#824,.T.);
#480=EDGE_CURVE('',#668,#670,#825,.T.);
#481=EDGE_CURVE('',#669,#671,#826,.T.);
#482=EDGE_CURVE('',#672,#671,#827,.T.);
#483=EDGE_CURVE('',#670,#672,#828,.T.);
#484=EDGE_CURVE('',#671,#673,#829,.T.);
#485=EDGE_CURVE('',#674,#673,#830,.T.);
#486=EDGE_CURVE('',#672,#674,#831,.T.);
#487=EDGE_CURVE('',#673,#675,#832,.T.);
#488=EDGE_CURVE('',#676,#675,#833,.T.);
#489=EDGE_CURVE('',#674,#676,#834,.T.);
#490=EDGE_CURVE('',#675,#677,#835,.T.);
#491=EDGE_CURVE('',#678,#677,#836,.T.);
#492=EDGE_CURVE('',#676,#678,#837,.T.);
#493=EDGE_CURVE('',#677,#679,#838,.T.);
#494=EDGE_CURVE('',#680,#679,#839,.T.);
#495=EDGE_CURVE('',#678,#680,#840,.T.);
#496=EDGE_CURVE('',#679,#681,#841,.T.);
#497=EDGE_CURVE('',#682,#681,#842,.T.);
#498=EDGE_CURVE('',#680,#682,#843,.T.);
#499=EDGE_CURVE('',#681,#683,#844,.T.);
#500=EDGE_CURVE('',#684,#683,#845,.T.);
#501=EDGE_CURVE('',#682,#684,#846,.T.);
#502=EDGE_CURVE('',#683,#685,#847,.T.);
#503=EDGE_CURVE('',#686,#685,#848,.T.);
#504=EDGE_CURVE('',#684,#686,#849,.T.);
#505=EDGE_CURVE('',#685,#687,#850,.T.);
#506=EDGE_CURVE('',#688,#687,#851,.T.);
#507=EDGE_CURVE('',#686,#688,#852,.T.);
#508=EDGE_CURVE('',#687,#689,#853,.T.);
#509=EDGE_CURVE('',#690,#689,#854,.T.);
#510=EDGE_CURVE('',#688,#690,#855,.T.);
#511=EDGE_CURVE('',#689,#691,#856,.T.);
#512=EDGE_CURVE('',#692,#691,#857,.T.);
#513=EDGE_CURVE('',#690,#692,#858,.T.);
#514=EDGE_CURVE('',#691,#693,#859,.T.);
#515=EDGE_CURVE('',#694,#693,#860,.T.);
#516=EDGE_CURVE('',#692,#694,#861,.T.);
#517=EDGE_CURVE('',#693,#695,#862,.T.);
#518=EDGE_CURVE('',#696,#695,#863,.T.);
#519=EDGE_CURVE('',#694,#696,#864,.T.);
#520=EDGE_CURVE('',#695,#697,#865,.T.);
#521=EDGE_CURVE('',#698,#697,#866,.T.);
#522=EDGE_CURVE('',#696,#698,#867,.T.);
#523=EDGE_CURVE('',#697,#699,#868,.T.);
#524=EDGE_CURVE('',#700,#699,#869,.T.);
#525=EDGE_CURVE('',#698,#700,#870,.T.);
#526=EDGE_CURVE('',#699,#701,#871,.T.);
#527=EDGE_CURVE('',#702,#701,#872,.T.);
#528=EDGE_CURVE('',#700,#702,#873,.T.);
#529=EDGE_CURVE('',#701,#703,#874,.T.);
#530=EDGE_CURVE('',#704,#703,#875,.T.);
#531=EDGE_CURVE('',#702,#704,#876,.T.);
#532=EDGE_CURVE('',#703,#705,#877,.T.);
#533=EDGE_CURVE('',#706,#705,#878,.T.);
#534=EDGE_CURVE('',#704,#706,#879,.T.);
#535=EDGE_CURVE('',#705,#707,#880,.T.);
#536=EDGE_CURVE('',#708,#707,#881,.T.);
#537=EDGE_CURVE('',#706,#708,#882,.T.);
#538=EDGE_CURVE('',#707,#709,#883,.T.);
#539=EDGE_CURVE('',#710,#709,#884,.T.);
#540=EDGE_CURVE('',#708,#710,#885,.T.);
#541=EDGE_CURVE('',#709,#711,#886,.T.);
#542=EDGE_CURVE('',#712,#711,#887,.T.);
#543=EDGE_CURVE('',#710,#712,#888,.T.);
#544=EDGE_CURVE('',#711,#713,#889,.T.);
#545=EDGE_CURVE('',#714,#713,#890,.T.);
#546=EDGE_CURVE('',#712,#714,#891,.T.);
#547=EDGE_CURVE('',#713,#715,#892,.T.);
#548=EDGE_CURVE('',#716,#715,#893,.T.);
#549=EDGE_CURVE('',#714,#716,#894,.T.);
#550=EDGE_CURVE('',#715,#717,#895,.T.);
#551=EDGE_CURVE('',#718,#717,#896,.T.);
#552=EDGE_CURVE('',#716,#718,#897,.T.);
#553=EDGE_CURVE('',#717,#719,#898,.T.);
#554=EDGE_CURVE('',#720,#719,#899,.T.);
#555=EDGE_CURVE('',#718,#720,#900,.T.);
#556=EDGE_CURVE('',#719,#721,#901,.T.);
#557=EDGE_CURVE('',#722,#721,#902,.T.);
#558=EDGE_CURVE('',#720,#722,#903,.T.);
#559=EDGE_CURVE('',#721,#723,#904,.T.);
#560=EDGE_CURVE('',#724,#723,#905,.T.);
#561=EDGE_CURVE('',#722,#724,#906,.T.);
#562=EDGE_CURVE('',#723,#725,#907,.T.);
#563=EDGE_CURVE('',#726,#725,#908,.T.);
#564=EDGE_CURVE('',#724,#726,#909,.T.);
#565=EDGE_CURVE('',#725,#727,#910,.T.);
#566=EDGE_CURVE('',#728,#727,#911,.T.);
#567=EDGE_CURVE('',#726,#728,#912,.T.);
#568=EDGE_CURVE('',#727,#729,#913,.T.);
#569=EDGE_CURVE('',#730,#729,#914,.T.);
#570=EDGE_CURVE('',#728,#730,#915,.T.);
#571=EDGE_CURVE('',#729,#731,#916,.T.);
#572=EDGE_CURVE('',#732,#731,#917,.T.);
#573=EDGE_CURVE('',#730,#732,#918,.T.);
#574=EDGE_CURVE('',#731,#733,#919,.T.);
#575=EDGE_CURVE('',#734,#733,#920,.T.);
#576=EDGE_CURVE('',#732,#734,#921,.T.);
#577=EDGE_CURVE('',#733,#735,#922,.T.);
#578=EDGE_CURVE('',#736,#735,#923,.T.);
#579=EDGE_CURVE('',#734,#736,#924,.T.);
#580=EDGE_CURVE('',#735,#737,#925,.T.);
#581=EDGE_CURVE('',#738,#737,#926,.T.);
#582=EDGE_CURVE('',#736,#738,#927,.T.);
#583=EDGE_CURVE('',#739,#740,#928,.T.);
#584=EDGE_CURVE('',#741,#739,#929,.T.);
#585=EDGE_CURVE('',#741,#742,#930,.T.);
#586=EDGE_CURVE('',#742,#740,#931,.T.);
#587=EDGE_CURVE('',#743,#739,#932,.T.);
#588=EDGE_CURVE('',#744,#743,#933,.T.);
#589=EDGE_CURVE('',#744,#741,#934,.T.);
#590=EDGE_CURVE('',#745,#743,#935,.T.);
#591=EDGE_CURVE('',#746,#745,#936,.T.);
#592=EDGE_CURVE('',#746,#744,#937,.T.);
#593=EDGE_CURVE('',#747,#745,#938,.T.);
#594=EDGE_CURVE('',#748,#747,#939,.T.);
#595=EDGE_CURVE('',#748,#746,#940,.T.);
#596=EDGE_CURVE('',#749,#747,#941,.T.);
#597=EDGE_CURVE('',#750,#749,#942,.T.);
#598=EDGE_CURVE('',#750,#748,#943,.T.);
#599=EDGE_CURVE('',#751,#749,#944,.T.);
#600=EDGE_CURVE('',#752,#751,#945,.T.);
#601=EDGE_CURVE('',#752,#750,#946,.T.);
#602=EDGE_CURVE('',#753,#751,#947,.T.);
#603=EDGE_CURVE('',#754,#753,#948,.T.);
#604=EDGE_CURVE('',#754,#752,#949,.T.);
#605=EDGE_CURVE('',#755,#756,#950,.T.);
#606=EDGE_CURVE('',#757,#755,#951,.T.);
#607=EDGE_CURVE('',#757,#758,#952,.T.);
#608=EDGE_CURVE('',#758,#756,#953,.T.);
#609=EDGE_CURVE('',#759,#755,#954,.T.);
#610=EDGE_CURVE('',#760,#759,#955,.T.);
#611=EDGE_CURVE('',#760,#757,#956,.T.);
#612=EDGE_CURVE('',#761,#759,#957,.T.);
#613=EDGE_CURVE('',#762,#761,#958,.T.);
#614=EDGE_CURVE('',#762,#760,#959,.T.);
#615=EDGE_CURVE('',#763,#764,#960,.T.);
#616=EDGE_CURVE('',#765,#763,#961,.T.);
#617=EDGE_CURVE('',#765,#766,#962,.T.);
#618=EDGE_CURVE('',#766,#764,#963,.T.);
#619=EDGE_CURVE('',#767,#763,#964,.T.);
#620=EDGE_CURVE('',#768,#767,#965,.T.);
#621=EDGE_CURVE('',#768,#765,#966,.T.);
#622=EDGE_CURVE('',#769,#767,#967,.T.);
#623=EDGE_CURVE('',#770,#769,#968,.T.);
#624=EDGE_CURVE('',#770,#768,#969,.T.);
#625=EDGE_CURVE('',#740,#753,#970,.T.);
#626=EDGE_CURVE('',#742,#754,#971,.T.);
#627=EDGE_CURVE('',#756,#761,#972,.T.);
#628=EDGE_CURVE('',#758,#762,#973,.T.);
#629=EDGE_CURVE('',#764,#769,#974,.T.);
#630=EDGE_CURVE('',#766,#770,#975,.T.);
#631=EDGE_CURVE('',#737,#633,#976,.T.);
#632=EDGE_CURVE('',#738,#636,#977,.T.);
#633=VERTEX_POINT('',#1919);
#634=VERTEX_POINT('',#1920);
#635=VERTEX_POINT('',#1922);
#636=VERTEX_POINT('',#1924);
#637=VERTEX_POINT('',#1928);
#638=VERTEX_POINT('',#1930);
#639=VERTEX_POINT('',#1934);
#640=VERTEX_POINT('',#1936);
#641=VERTEX_POINT('',#1940);
#642=VERTEX_POINT('',#1942);
#643=VERTEX_POINT('',#1946);
#644=VERTEX_POINT('',#1948);
#645=VERTEX_POINT('',#1952);
#646=VERTEX_POINT('',#1954);
#647=VERTEX_POINT('',#1958);
#648=VERTEX_POINT('',#1960);
#649=VERTEX_POINT('',#1964);
#650=VERTEX_POINT('',#1966);
#651=VERTEX_POINT('',#1970);
#652=VERTEX_POINT('',#1972);
#653=VERTEX_POINT('',#1976);
#654=VERTEX_POINT('',#1978);
#655=VERTEX_POINT('',#1982);
#656=VERTEX_POINT('',#1984);
#657=VERTEX_POINT('',#1988);
#658=VERTEX_POINT('',#1990);
#659=VERTEX_POINT('',#1994);
#660=VERTEX_POINT('',#1996);
#661=VERTEX_POINT('',#2000);
#662=VERTEX_POINT('',#2002);
#663=VERTEX_POINT('',#2006);
#664=VERTEX_POINT('',#2008);
#665=VERTEX_POINT('',#2012);
#666=VERTEX_POINT('',#2014);
#667=VERTEX_POINT('',#2018);
#668=VERTEX_POINT('',#2020);
#669=VERTEX_POINT('',#2024);
#670=VERTEX_POINT('',#2026);
#671=VERTEX_POINT('',#2030);
#672=VERTEX_POINT('',#2032);
#673=VERTEX_POINT('',#2036);
#674=VERTEX_POINT('',#2038);
#675=VERTEX_POINT('',#2042);
#676=VERTEX_POINT('',#2044);
#677=VERTEX_POINT('',#2048);
#678=VERTEX_POINT('',#2050);
#679=VERTEX_POINT('',#2054);
#680=VERTEX_POINT('',#2056);
#681=VERTEX_POINT('',#2060);
#682=VERTEX_POINT('',#2062);
#683=VERTEX_POINT('',#2066);
#684=VERTEX_POINT('',#2068);
#685=VERTEX_POINT('',#2072);
#686=VERTEX_POINT('',#2074);
#687=VERTEX_POINT('',#2078);
#688=VERTEX_POINT('',#2080);
#689=VERTEX_POINT('',#2084);
#690=VERTEX_POINT('',#2086);
#691=VERTEX_POINT('',#2090);
#692=VERTEX_POINT('',#2092);
#693=VERTEX_POINT('',#2096);
#694=VERTEX_POINT('',#2098);
#695=VERTEX_POINT('',#2102);
#696=VERTEX_POINT('',#2104);
#697=VERTEX_POINT('',#2108);
#698=VERTEX_POINT('',#2110);
#699=VERTEX_POINT('',#2114);
#700=VERTEX_POINT('',#2116);
#701=VERTEX_POINT('',#2120);
#702=VERTEX_POINT('',#2122);
#703=VERTEX_POINT('',#2126);
#704=VERTEX_POINT('',#2128);
#705=VERTEX_POINT('',#2132);
#706=VERTEX_POINT('',#2134);
#707=VERTEX_POINT('',#2138);
#708=VERTEX_POINT('',#2140);
#709=VERTEX_POINT('',#2144);
#710=VERTEX_POINT('',#2146);
#711=VERTEX_POINT('',#2150);
#712=VERTEX_POINT('',#2152);
#713=VERTEX_POINT('',#2156);
#714=VERTEX_POINT('',#2158);
#715=VERTEX_POINT('',#2162);
#716=VERTEX_POINT('',#2164);
#717=VERTEX_POINT('',#2168);
#718=VERTEX_POINT('',#2170);
#719=VERTEX_POINT('',#2174);
#720=VERTEX_POINT('',#2176);
#721=VERTEX_POINT('',#2180);
#722=VERTEX_POINT('',#2182);
#723=VERTEX_POINT('',#2186);
#724=VERTEX_POINT('',#2188);
#725=VERTEX_POINT('',#2192);
#726=VERTEX_POINT('',#2194);
#727=VERTEX_POINT('',#2198);
#728=VERTEX_POINT('',#2200);
#729=VERTEX_POINT('',#2204);
#730=VERTEX_POINT('',#2206);
#731=VERTEX_POINT('',#2210);
#732=VERTEX_POINT('',#2212);
#733=VERTEX_POINT('',#2216);
#734=VERTEX_POINT('',#2218);
#735=VERTEX_POINT('',#2222);
#736=VERTEX_POINT('',#2224);
#737=VERTEX_POINT('',#2228);
#738=VERTEX_POINT('',#2230);
#739=VERTEX_POINT('',#2234);
#740=VERTEX_POINT('',#2235);
#741=VERTEX_POINT('',#2237);
#742=VERTEX_POINT('',#2239);
#743=VERTEX_POINT('',#2243);
#744=VERTEX_POINT('',#2245);
#745=VERTEX_POINT('',#2249);
#746=VERTEX_POINT('',#2251);
#747=VERTEX_POINT('',#2255);
#748=VERTEX_POINT('',#2257);
#749=VERTEX_POINT('',#2261);
#750=VERTEX_POINT('',#2263);
#751=VERTEX_POINT('',#2267);
#752=VERTEX_POINT('',#2269);
#753=VERTEX_POINT('',#2273);
#754=VERTEX_POINT('',#2275);
#755=VERTEX_POINT('',#2279);
#756=VERTEX_POINT('',#2280);
#757=VERTEX_POINT('',#2282);
#758=VERTEX_POINT('',#2284);
#759=VERTEX_POINT('',#2288);
#760=VERTEX_POINT('',#2290);
#761=VERTEX_POINT('',#2294);
#762=VERTEX_POINT('',#2296);
#763=VERTEX_POINT('',#2300);
#764=VERTEX_POINT('',#2301);
#765=VERTEX_POINT('',#2303);
#766=VERTEX_POINT('',#2305);
#767=VERTEX_POINT('',#2309);
#768=VERTEX_POINT('',#2311);
#769=VERTEX_POINT('',#2315);
#770=VERTEX_POINT('',#2317);
#771=LINE('',#1918,#978);
#772=LINE('',#1921,#979);
#773=LINE('',#1923,#980);
#774=LINE('',#1925,#981);
#775=LINE('',#1927,#982);
#776=LINE('',#1929,#983);
#777=LINE('',#1931,#984);
#778=LINE('',#1933,#985);
#779=LINE('',#1935,#986);
#780=LINE('',#1937,#987);
#781=LINE('',#1939,#988);
#782=LINE('',#1941,#989);
#783=LINE('',#1943,#990);
#784=LINE('',#1945,#991);
#785=LINE('',#1947,#992);
#786=LINE('',#1949,#993);
#787=LINE('',#1951,#994);
#788=LINE('',#1953,#995);
#789=LINE('',#1955,#996);
#790=LINE('',#1957,#997);
#791=LINE('',#1959,#998);
#792=LINE('',#1961,#999);
#793=LINE('',#1963,#1000);
#794=LINE('',#1965,#1001);
#795=LINE('',#1967,#1002);
#796=LINE('',#1969,#1003);
#797=LINE('',#1971,#1004);
#798=LINE('',#1973,#1005);
#799=LINE('',#1975,#1006);
#800=LINE('',#1977,#1007);
#801=LINE('',#1979,#1008);
#802=LINE('',#1981,#1009);
#803=LINE('',#1983,#1010);
#804=LINE('',#1985,#1011);
#805=LINE('',#1987,#1012);
#806=LINE('',#1989,#1013);
#807=LINE('',#1991,#1014);
#808=LINE('',#1993,#1015);
#809=LINE('',#1995,#1016);
#810=LINE('',#1997,#1017);
#811=LINE('',#1999,#1018);
#812=LINE('',#2001,#1019);
#813=LINE('',#2003,#1020);
#814=LINE('',#2005,#1021);
#815=LINE('',#2007,#1022);
#816=LINE('',#2009,#1023);
#817=LINE('',#2011,#1024);
#818=LINE('',#2013,#1025);
#819=LINE('',#2015,#1026);
#820=LINE('',#2017,#1027);
#821=LINE('',#2019,#1028);
#822=LINE('',#2021,#1029);
#823=LINE('',#2023,#1030);
#824=LINE('',#2025,#1031);
#825=LINE('',#2027,#1032);
#826=LINE('',#2029,#1033);
#827=LINE('',#2031,#1034);
#828=LINE('',#2033,#1035);
#829=LINE('',#2035,#1036);
#830=LINE('',#2037,#1037);
#831=LINE('',#2039,#1038);
#832=LINE('',#2041,#1039);
#833=LINE('',#2043,#1040);
#834=LINE('',#2045,#1041);
#835=LINE('',#2047,#1042);
#836=LINE('',#2049,#1043);
#837=LINE('',#2051,#1044);
#838=LINE('',#2053,#1045);
#839=LINE('',#2055,#1046);
#840=LINE('',#2057,#1047);
#841=LINE('',#2059,#1048);
#842=LINE('',#2061,#1049);
#843=LINE('',#2063,#1050);
#844=LINE('',#2065,#1051);
#845=LINE('',#2067,#1052);
#846=LINE('',#2069,#1053);
#847=LINE('',#2071,#1054);
#848=LINE('',#2073,#1055);
#849=LINE('',#2075,#1056);
#850=LINE('',#2077,#1057);
#851=LINE('',#2079,#1058);
#852=LINE('',#2081,#1059);
#853=LINE('',#2083,#1060);
#854=LINE('',#2085,#1061);
#855=LINE('',#2087,#1062);
#856=LINE('',#2089,#1063);
#857=LINE('',#2091,#1064);
#858=LINE('',#2093,#1065);
#859=LINE('',#2095,#1066);
#860=LINE('',#2097,#1067);
#861=LINE('',#2099,#1068);
#862=LINE('',#2101,#1069);
#863=LINE('',#2103,#1070);
#864=LINE('',#2105,#1071);
#865=LINE('',#2107,#1072);
#866=LINE('',#2109,#1073);
#867=LINE('',#2111,#1074);
#868=LINE('',#2113,#1075);
#869=LINE('',#2115,#1076);
#870=LINE('',#2117,#1077);
#871=LINE('',#2119,#1078);
#872=LINE('',#2121,#1079);
#873=LINE('',#2123,#1080);
#874=LINE('',#2125,#1081);
#875=LINE('',#2127,#1082);
#876=LINE('',#2129,#1083);
#877=LINE('',#2131,#1084);
#878=LINE('',#2133,#1085);
#879=LINE('',#2135,#1086);
#880=LINE('',#2137,#1087);
#881=LINE('',#2139,#1088);
#882=LINE('',#2141,#1089);
#883=LINE('',#2143,#1090);
#884=LINE('',#2145,#1091);
#885=LINE('',#2147,#1092);
#886=LINE('',#2149,#1093);
#887=LINE('',#2151,#1094);
#888=LINE('',#2153,#1095);
#889=LINE('',#2155,#1096);
#890=LINE('',#2157,#1097);
#891=LINE('',#2159,#1098);
#892=LINE('',#2161,#1099);
#893=LINE('',#2163,#1100);
#894=LINE('',#2165,#1101);
#895=LINE('',#2167,#1102);
#896=LINE('',#2169,#1103);
#897=LINE('',#2171,#1104);
#898=LINE('',#2173,#1105);
#899=LINE('',#2175,#1106);
#900=LINE('',#2177,#1107);
#901=LINE('',#2179,#1108);
#902=LINE('',#2181,#1109);
#903=LINE('',#2183,#1110);
#904=LINE('',#2185,#1111);
#905=LINE('',#2187,#1112);
#906=LINE('',#2189,#1113);
#907=LINE('',#2191,#1114);
#908=LINE('',#2193,#1115);
#909=LINE('',#2195,#1116);
#910=LINE('',#2197,#1117);
#911=LINE('',#2199,#1118);
#912=LINE('',#2201,#1119);
#913=LINE('',#2203,#1120);
#914=LINE('',#2205,#1121);
#915=LINE('',#2207,#1122);
#916=LINE('',#2209,#1123);
#917=LINE('',#2211,#1124);
#918=LINE('',#2213,#1125);
#919=LINE('',#2215,#1126);
#920=LINE('',#2217,#1127);
#921=LINE('',#2219,#1128);
#922=LINE('',#2221,#1129);
#923=LINE('',#2223,#1130);
#924=LINE('',#2225,#1131);
#925=LINE('',#2227,#1132);
#926=LINE('',#2229,#1133);
#927=LINE('',#2231,#1134);
#928=LINE('',#2233,#1135);
#929=LINE('',#2236,#1136);
#930=LINE('',#2238,#1137);
#931=LINE('',#2240,#1138);
#932=LINE('',#2242,#1139);
#933=LINE('',#2244,#1140);
#934=LINE('',#2246,#1141);
#935=LINE('',#2248,#1142);
#936=LINE('',#2250,#1143);
#937=LINE('',#2252,#1144);
#938=LINE('',#2254,#1145);
#939=LINE('',#2256,#1146);
#940=LINE('',#2258,#1147);
#941=LINE('',#2260,#1148);
#942=LINE('',#2262,#1149);
#943=LINE('',#2264,#1150);
#944=LINE('',#2266,#1151);
#945=LINE('',#2268,#1152);
#946=LINE('',#2270,#1153);
#947=LINE('',#2272,#1154);
#948=LINE('',#2274,#1155);
#949=LINE('',#2276,#1156);
#950=LINE('',#2278,#1157);
#951=LINE('',#2281,#1158);
#952=LINE('',#2283,#1159);
#953=LINE('',#2285,#1160);
#954=LINE('',#2287,#1161);
#955=LINE('',#2289,#1162);
#956=LINE('',#2291,#1163);
#957=LINE('',#2293,#1164);
#958=LINE('',#2295,#1165);
#959=LINE('',#2297,#1166);
#960=LINE('',#2299,#1167);
#961=LINE('',#2302,#1168);
#962=LINE('',#2304,#1169);
#963=LINE('',#2306,#1170);
#964=LINE('',#2308,#1171);
#965=LINE('',#2310,#1172);
#966=LINE('',#2312,#1173);
#967=LINE('',#2314,#1174);
#968=LINE('',#2316,#1175);
#969=LINE('',#2318,#1176);
#970=LINE('',#2320,#1177);
#971=LINE('',#2321,#1178);
#972=LINE('',#2323,#1179);
#973=LINE('',#2324,#1180);
#974=LINE('',#2326,#1181);
#975=LINE('',#2327,#1182);
#976=LINE('',#2329,#1183);
#977=LINE('',#2330,#1184);
#978=VECTOR('',#1569,1.);
#979=VECTOR('',#1570,1.);
#980=VECTOR('',#1571,1.);
#981=VECTOR('',#1572,1.);
#982=VECTOR('',#1575,1.);
#983=VECTOR('',#1576,1.);
#984=VECTOR('',#1577,1.);
#985=VECTOR('',#1580,1.);
#986=VECTOR('',#1581,1.);
#987=VECTOR('',#1582,1.);
#988=VECTOR('',#1585,1.);
#989=VECTOR('',#1586,1.);
#990=VECTOR('',#1587,1.);
#991=VECTOR('',#1590,1.);
#992=VECTOR('',#1591,1.);
#993=VECTOR('',#1592,1.);
#994=VECTOR('',#1595,1.);
#995=VECTOR('',#1596,1.);
#996=VECTOR('',#1597,1.);
#997=VECTOR('',#1600,1.);
#998=VECTOR('',#1601,1.);
#999=VECTOR('',#1602,1.);
#1000=VECTOR('',#1605,1.);
#1001=VECTOR('',#1606,1.);
#1002=VECTOR('',#1607,1.);
#1003=VECTOR('',#1610,1.);
#1004=VECTOR('',#1611,1.);
#1005=VECTOR('',#1612,1.);
#1006=VECTOR('',#1615,1.);
#1007=VECTOR('',#1616,1.);
#1008=VECTOR('',#1617,1.);
#1009=VECTOR('',#1620,1.);
#1010=VECTOR('',#1621,1.);
#1011=VECTOR('',#1622,1.);
#1012=VECTOR('',#1625,1.);
#1013=VECTOR('',#1626,1.);
#1014=VECTOR('',#1627,1.);
#1015=VECTOR('',#1630,1.);
#1016=VECTOR('',#1631,1.);
#1017=VECTOR('',#1632,1.);
#1018=VECTOR('',#1635,1.);
#1019=VECTOR('',#1636,1.);
#1020=VECTOR('',#1637,1.);
#1021=VECTOR('',#1640,1.);
#1022=VECTOR('',#1641,1.);
#1023=VECTOR('',#1642,1.);
#1024=VECTOR('',#1645,1.);
#1025=VECTOR('',#1646,1.);
#1026=VECTOR('',#1647,1.);
#1027=VECTOR('',#1650,1.);
#1028=VECTOR('',#1651,1.);
#1029=VECTOR('',#1652,1.);
#1030=VECTOR('',#1655,1.);
#1031=VECTOR('',#1656,1.);
#1032=VECTOR('',#1657,1.);
#1033=VECTOR('',#1660,1.);
#1034=VECTOR('',#1661,1.);
#1035=VECTOR('',#1662,1.);
#1036=VECTOR('',#1665,1.);
#1037=VECTOR('',#1666,1.);
#1038=VECTOR('',#1667,1.);
#1039=VECTOR('',#1670,1.);
#1040=VECTOR('',#1671,1.);
#1041=VECTOR('',#1672,1.);
#1042=VECTOR('',#1675,1.);
#1043=VECTOR('',#1676,1.);
#1044=VECTOR('',#1677,1.);
#1045=VECTOR('',#1680,1.);
#1046=VECTOR('',#1681,1.);
#1047=VECTOR('',#1682,1.);
#1048=VECTOR('',#1685,1.);
#1049=VECTOR('',#1686,1.);
#1050=VECTOR('',#1687,1.);
#1051=VECTOR('',#1690,1.);
#1052=VECTOR('',#1691,1.);
#1053=VECTOR('',#1692,1.);
#1054=VECTOR('',#1695,1.);
#1055=VECTOR('',#1696,1.);
#1056=VECTOR('',#1697,1.);
#1057=VECTOR('',#1700,1.);
#1058=VECTOR('',#1701,1.);
#1059=VECTOR('',#1702,1.);
#1060=VECTOR('',#1705,1.);
#1061=VECTOR('',#1706,1.);
#1062=VECTOR('',#1707,1.);
#1063=VECTOR('',#1710,1.);
#1064=VECTOR('',#1711,1.);
#1065=VECTOR('',#1712,1.);
#1066=VECTOR('',#1715,1.);
#1067=VECTOR('',#1716,1.);
#1068=VECTOR('',#1717,1.);
#1069=VECTOR('',#1720,1.);
#1070=VECTOR('',#1721,1.);
#1071=VECTOR('',#1722,1.);
#1072=VECTOR('',#1725,1.);
#1073=VECTOR('',#1726,1.);
#1074=VECTOR('',#1727,1.);
#1075=VECTOR('',#1730,1.);
#1076=VECTOR('',#1731,1.);
#1077=VECTOR('',#1732,1.);
#1078=VECTOR('',#1735,1.);
#1079=VECTOR('',#1736,1.);
#1080=VECTOR('',#1737,1.);
#1081=VECTOR('',#1740,1.);
#1082=VECTOR('',#1741,1.);
#1083=VECTOR('',#1742,1.);
#1084=VECTOR('',#1745,1.);
#1085=VECTOR('',#1746,1.);
#1086=VECTOR('',#1747,1.);
#1087=VECTOR('',#1750,1.);
#1088=VECTOR('',#1751,1.);
#1089=VECTOR('',#1752,1.);
#1090=VECTOR('',#1755,1.);
#1091=VECTOR('',#1756,1.);
#1092=VECTOR('',#1757,1.);
#1093=VECTOR('',#1760,1.);
#1094=VECTOR('',#1761,1.);
#1095=VECTOR('',#1762,1.);
#1096=VECTOR('',#1765,1.);
#1097=VECTOR('',#1766,1.);
#1098=VECTOR('',#1767,1.);
#1099=VECTOR('',#1770,1.);
#1100=VECTOR('',#1771,1.);
#1101=VECTOR('',#1772,1.);
#1102=VECTOR('',#1775,1.);
#1103=VECTOR('',#1776,1.);
#1104=VECTOR('',#1777,1.);
#1105=VECTOR('',#1780,1.);
#1106=VECTOR('',#1781,1.);
#1107=VECTOR('',#1782,1.);
#1108=VECTOR('',#1785,1.);
#1109=VECTOR('',#1786,1.);
#1110=VECTOR('',#1787,1.);
#1111=VECTOR('',#1790,1.);
#1112=VECTOR('',#1791,1.);
#1113=VECTOR('',#1792,1.);
#1114=VECTOR('',#1795,1.);
#1115=VECTOR('',#1796,1.);
#1116=VECTOR('',#1797,1.);
#1117=VECTOR('',#1800,1.);
#1118=VECTOR('',#1801,1.);
#1119=VECTOR('',#1802,1.);
#1120=VECTOR('',#1805,1.);
#1121=VECTOR('',#1806,1.);
#1122=VECTOR('',#1807,1.);
#1123=VECTOR('',#1810,1.);
#1124=VECTOR('',#1811,1.);
#1125=VECTOR('',#1812,1.);
#1126=VECTOR('',#1815,1.);
#1127=VECTOR('',#1816,1.);
#1128=VECTOR('',#1817,1.);
#1129=VECTOR('',#1820,1.);
#1130=VECTOR('',#1821,1.);
#1131=VECTOR('',#1822,1.);
#1132=VECTOR('',#1825,1.);
#1133=VECTOR('',#1826,1.);
#1134=VECTOR('',#1827,1.);
#1135=VECTOR('',#1830,1.);
#1136=VECTOR('',#1831,1.);
#1137=VECTOR('',#1832,1.);
#1138=VECTOR('',#1833,1.);
#1139=VECTOR('',#1836,1.);
#1140=VECTOR('',#1837,1.);
#1141=VECTOR('',#1838,1.);
#1142=VECTOR('',#1841,1.);
#1143=VECTOR('',#1842,1.);
#1144=VECTOR('',#1843,1.);
#1145=VECTOR('',#1846,1.);
#1146=VECTOR('',#1847,1.);
#1147=VECTOR('',#1848,1.);
#1148=VECTOR('',#1851,1.);
#1149=VECTOR('',#1852,1.);
#1150=VECTOR('',#1853,1.);
#1151=VECTOR('',#1856,1.);
#1152=VECTOR('',#1857,1.);
#1153=VECTOR('',#1858,1.);
#1154=VECTOR('',#1861,1.);
#1155=VECTOR('',#1862,1.);
#1156=VECTOR('',#1863,1.);
#1157=VECTOR('',#1866,1.);
#1158=VECTOR('',#1867,1.);
#1159=VECTOR('',#1868,1.);
#1160=VECTOR('',#1869,1.);
#1161=VECTOR('',#1872,1.);
#1162=VECTOR('',#1873,1.);
#1163=VECTOR('',#1874,1.);
#1164=VECTOR('',#1877,1.);
#1165=VECTOR('',#1878,1.);
#1166=VECTOR('',#1879,1.);
#1167=VECTOR('',#1882,1.);
#1168=VECTOR('',#1883,1.);
#1169=VECTOR('',#1884,1.);
#1170=VECTOR('',#1885,1.);
#1171=VECTOR('',#1888,1.);
#1172=VECTOR('',#1889,1.);
#1173=VECTOR('',#1890,1.);
#1174=VECTOR('',#1893,1.);
#1175=VECTOR('',#1894,1.);
#1176=VECTOR('',#1895,1.);
#1177=VECTOR('',#1898,1.);
#1178=VECTOR('',#1899,1.);
#1179=VECTOR('',#1902,1.);
#1180=VECTOR('',#1903,1.);
#1181=VECTOR('',#1906,1.);
#1182=VECTOR('',#1907,1.);
#1183=VECTOR('',#1910,1.);
#1184=VECTOR('',#1911,1.);
#1185=EDGE_LOOP('',(#12,#13,#14,#15));
#1186=EDGE_LOOP('',(#16,#17,#18,#19));
#1187=EDGE_LOOP('',(#20,#21,#22,#23));
#1188=EDGE_LOOP('',(#24,#25,#26,#27));
#1189=EDGE_LOOP('',(#28,#29,#30,#31));
#1190=EDGE_LOOP('',(#32,#33,#34,#35));
#1191=EDGE_LOOP('',(#36,#37,#38,#39));
#1192=EDGE_LOOP('',(#40,#41,#42,#43));
#1193=EDGE_LOOP('',(#44,#45,#46,#47));
#1194=EDGE_LOOP('',(#48,#49,#50,#51));
#1195=EDGE_LOOP('',(#52,#53,#54,#55));
#1196=EDGE_LOOP('',(#56,#57,#58,#59));
#1197=EDGE_LOOP('',(#60,#61,#62,#63));
#1198=EDGE_LOOP('',(#64,#65,#66,#67));
#1199=EDGE_LOOP('',(#68,#69,#70,#71));
#1200=EDGE_LOOP('',(#72,#73,#74,#75));
#1201=EDGE_LOOP('',(#76,#77,#78,#79));
#1202=EDGE_LOOP('',(#80,#81,#82,#83));
#1203=EDGE_LOOP('',(#84,#85,#86,#87));
#1204=EDGE_LOOP('',(#88,#89,#90,#91));
#1205=EDGE_LOOP('',(#92,#93,#94,#95));
#1206=EDGE_LOOP('',(#96,#97,#98,#99));
#1207=EDGE_LOOP('',(#100,#101,#102,#103));
#1208=EDGE_LOOP('',(#104,#105,#106,#107));
#1209=EDGE_LOOP('',(#108,#109,#110,#111));
#1210=EDGE_LOOP('',(#112,#113,#114,#115));
#1211=EDGE_LOOP('',(#116,#117,#118,#119));
#1212=EDGE_LOOP('',(#120,#121,#122,#123));
#1213=EDGE_LOOP('',(#124,#125,#126,#127));
#1214=EDGE_LOOP('',(#128,#129,#130,#131));
#1215=EDGE_LOOP('',(#132,#133,#134,#135));
#1216=EDGE_LOOP('',(#136,#137,#138,#139));
#1217=EDGE_LOOP('',(#140,#141,#142,#143));
#1218=EDGE_LOOP('',(#144,#145,#146,#147));
#1219=EDGE_LOOP('',(#148,#149,#150,#151));
#1220=EDGE_LOOP('',(#152,#153,#154,#155));
#1221=EDGE_LOOP('',(#156,#157,#158,#159));
#1222=EDGE_LOOP('',(#160,#161,#162,#163));
#1223=EDGE_LOOP('',(#164,#165,#166,#167));
#1224=EDGE_LOOP('',(#168,#169,#170,#171));
#1225=EDGE_LOOP('',(#172,#173,#174,#175));
#1226=EDGE_LOOP('',(#176,#177,#178,#179));
#1227=EDGE_LOOP('',(#180,#181,#182,#183));
#1228=EDGE_LOOP('',(#184,#185,#186,#187));
#1229=EDGE_LOOP('',(#188,#189,#190,#191));
#1230=EDGE_LOOP('',(#192,#193,#194,#195));
#1231=EDGE_LOOP('',(#196,#197,#198,#199));
#1232=EDGE_LOOP('',(#200,#201,#202,#203));
#1233=EDGE_LOOP('',(#204,#205,#206,#207));
#1234=EDGE_LOOP('',(#208,#209,#210,#211));
#1235=EDGE_LOOP('',(#212,#213,#214,#215));
#1236=EDGE_LOOP('',(#216,#217,#218,#219));
#1237=EDGE_LOOP('',(#220,#221,#222,#223));
#1238=EDGE_LOOP('',(#224,#225,#226,#227));
#1239=EDGE_LOOP('',(#228,#229,#230,#231));
#1240=EDGE_LOOP('',(#232,#233,#234,#235));
#1241=EDGE_LOOP('',(#236,#237,#238,#239));
#1242=EDGE_LOOP('',(#240,#241,#242,#243));
#1243=EDGE_LOOP('',(#244,#245,#246,#247));
#1244=EDGE_LOOP('',(#248,#249,#250,#251));
#1245=EDGE_LOOP('',(#252,#253,#254,#255));
#1246=EDGE_LOOP('',(#256,#257,#258,#259));
#1247=EDGE_LOOP('',(#260,#261,#262,#263));
#1248=EDGE_LOOP('',(#264,#265,#266,#267));
#1249=EDGE_LOOP('',(#268,#269,#270,#271));
#1250=EDGE_LOOP('',(#272,#273,#274,#275));
#1251=EDGE_LOOP('',(#276,#277,#278,#279));
#1252=EDGE_LOOP('',(#280,#281,#282,#283));
#1253=EDGE_LOOP('',(#284,#285,#286,#287));
#1254=EDGE_LOOP('',(#288,#289,#290,#291));
#1255=EDGE_LOOP('',(#292,#293,#294,#295));
#1256=EDGE_LOOP('',(#296,#297,#298,#299,#300,#301,#302,#303));
#1257=EDGE_LOOP('',(#304,#305,#306,#307,#308,#309,#310,#311,#312,#313,#314,
#315,#316,#317,#318,#319,#320,#321,#322,#323,#324,#325,#326,#327,#328,#329,
#330,#331,#332,#333,#334,#335,#336,#337,#338,#339,#340,#341,#342,#343,#344,
#345,#346,#347,#348,#349,#350,#351,#352,#353,#354,#355,#356));
#1258=EDGE_LOOP('',(#357,#358,#359,#360));
#1259=EDGE_LOOP('',(#361,#362,#363,#364));
#1260=EDGE_LOOP('',(#365,#366,#367,#368,#369,#370,#371,#372));
#1261=EDGE_LOOP('',(#373,#374,#375,#376,#377,#378,#379,#380,#381,#382,#383,
#384,#385,#386,#387,#388,#389,#390,#391,#392,#393,#394,#395,#396,#397,#398,
#399,#400,#401,#402,#403,#404,#405,#406,#407,#408,#409,#410,#411,#412,#413,
#414,#415,#416,#417,#418,#419,#420,#421,#422,#423,#424,#425));
#1262=FACE_BOUND('',#1185,.T.);
#1263=FACE_BOUND('',#1186,.T.);
#1264=FACE_BOUND('',#1187,.T.);
#1265=FACE_BOUND('',#1188,.T.);
#1266=FACE_BOUND('',#1189,.T.);
#1267=FACE_BOUND('',#1190,.T.);
#1268=FACE_BOUND('',#1191,.T.);
#1269=FACE_BOUND('',#1192,.T.);
#1270=FACE_BOUND('',#1193,.T.);
#1271=FACE_BOUND('',#1194,.T.);
#1272=FACE_BOUND('',#1195,.T.);
#1273=FACE_BOUND('',#1196,.T.);
#1274=FACE_BOUND('',#1197,.T.);
#1275=FACE_BOUND('',#1198,.T.);
#1276=FACE_BOUND('',#1199,.T.);
#1277=FACE_BOUND('',#1200,.T.);
#1278=FACE_BOUND('',#1201,.T.);
#1279=FACE_BOUND('',#1202,.T.);
#1280=FACE_BOUND('',#1203,.T.);
#1281=FACE_BOUND('',#1204,.T.);
#1282=FACE_BOUND('',#1205,.T.);
#1283=FACE_BOUND('',#1206,.T.);
#1284=FACE_BOUND('',#1207,.T.);
#1285=FACE_BOUND('',#1208,.T.);
#1286=FACE_BOUND('',#1209,.T.);
#1287=FACE_BOUND('',#1210,.T.);
#1288=FACE_BOUND('',#1211,.T.);
#1289=FACE_BOUND('',#1212,.T.);
#1290=FACE_BOUND('',#1213,.T.);
#1291=FACE_BOUND('',#1214,.T.);
#1292=FACE_BOUND('',#1215,.T.);
#1293=FACE_BOUND('',#1216,.T.);
#1294=FACE_BOUND('',#1217,.T.);
#1295=FACE_BOUND('',#1218,.T.);
#1296=FACE_BOUND('',#1219,.T.);
#1297=FACE_BOUND('',#1220,.T.);
#1298=FACE_BOUND('',#1221,.T.);
#1299=FACE_BOUND('',#1222,.T.);
#1300=FACE_BOUND('',#1223,.T.);
#1301=FACE_BOUND('',#1224,.T.);
#1302=FACE_BOUND('',#1225,.T.);
#1303=FACE_BOUND('',#1226,.T.);
#1304=FACE_BOUND('',#1227,.T.);
#1305=FACE_BOUND('',#1228,.T.);
#1306=FACE_BOUND('',#1229,.T.);
#1307=FACE_BOUND('',#1230,.T.);
#1308=FACE_BOUND('',#1231,.T.);
#1309=FACE_BOUND('',#1232,.T.);
#1310=FACE_BOUND('',#1233,.T.);
#1311=FACE_BOUND('',#1234,.T.);
#1312=FACE_BOUND('',#1235,.T.);
#1313=FACE_BOUND('',#1236,.T.);
#1314=FACE_BOUND('',#1237,.T.);
#1315=FACE_BOUND('',#1238,.T.);
#1316=FACE_BOUND('',#1239,.T.);
#1317=FACE_BOUND('',#1240,.T.);
#1318=FACE_BOUND('',#1241,.T.);
#1319=FACE_BOUND('',#1242,.T.);
#1320=FACE_BOUND('',#1243,.T.);
#1321=FACE_BOUND('',#1244,.T.);
#1322=FACE_BOUND('',#1245,.T.);
#1323=FACE_BOUND('',#1246,.T.);
#1324=FACE_BOUND('',#1247,.T.);
#1325=FACE_BOUND('',#1248,.T.);
#1326=FACE_BOUND('',#1249,.T.);
#1327=FACE_BOUND('',#1250,.T.);
#1328=FACE_BOUND('',#1251,.T.);
#1329=FACE_BOUND('',#1252,.T.);
#1330=FACE_BOUND('',#1253,.T.);
#1331=FACE_BOUND('',#1254,.T.);
#1332=FACE_BOUND('',#1255,.T.);
#1333=FACE_BOUND('',#1256,.T.);
#1334=FACE_BOUND('',#1257,.T.);
#1335=FACE_BOUND('',#1258,.T.);
#1336=FACE_BOUND('',#1259,.T.);
#1337=FACE_BOUND('',#1260,.T.);
#1338=FACE_BOUND('',#1261,.T.);
#1339=PLANE('',#1494);
#1340=PLANE('',#1495);
#1341=PLANE('',#1496);
#1342=PLANE('',#1497);
#1343=PLANE('',#1498);
#1344=PLANE('',#1499);
#1345=PLANE('',#1500);
#1346=PLANE('',#1501);
#1347=PLANE('',#1502);
#1348=PLANE('',#1503);
#1349=PLANE('',#1504);
#1350=PLANE('',#1505);
#1351=PLANE('',#1506);
#1352=PLANE('',#1507);
#1353=PLANE('',#1508);
#1354=PLANE('',#1509);
#1355=PLANE('',#1510);
#1356=PLANE('',#1511);
#1357=PLANE('',#1512);
#1358=PLANE('',#1513);
#1359=PLANE('',#1514);
#1360=PLANE('',#1515);
#1361=PLANE('',#1516);
#1362=PLANE('',#1517);
#1363=PLANE('',#1518);
#1364=PLANE('',#1519);
#1365=PLANE('',#1520);
#1366=PLANE('',#1521);
#1367=PLANE('',#1522);
#1368=PLANE('',#1523);
#1369=PLANE('',#1524);
#1370=PLANE('',#1525);
#1371=PLANE('',#1526);
#1372=PLANE('',#1527);
#1373=PLANE('',#1528);
#1374=PLANE('',#1529);
#1375=PLANE('',#1530);
#1376=PLANE('',#1531);
#1377=PLANE('',#1532);
#1378=PLANE('',#1533);
#1379=PLANE('',#1534);
#1380=PLANE('',#1535);
#1381=PLANE('',#1536);
#1382=PLANE('',#1537);
#1383=PLANE('',#1538);
#1384=PLANE('',#1539);
#1385=PLANE('',#1540);
#1386=PLANE('',#1541);
#1387=PLANE('',#1542);
#1388=PLANE('',#1543);
#1389=PLANE('',#1544);
#1390=PLANE('',#1545);
#1391=PLANE('',#1546);
#1392=PLANE('',#1547);
#1393=PLANE('',#1548);
#1394=PLANE('',#1549);
#1395=PLANE('',#1550);
#1396=PLANE('',#1551);
#1397=PLANE('',#1552);
#1398=PLANE('',#1553);
#1399=PLANE('',#1554);
#1400=PLANE('',#1555);
#1401=PLANE('',#1556);
#1402=PLANE('',#1557);
#1403=PLANE('',#1558);
#1404=PLANE('',#1559);
#1405=PLANE('',#1560);
#1406=PLANE('',#1561);
#1407=PLANE('',#1562);
#1408=PLANE('',#1563);
#1409=PLANE('',#1564);
#1410=ADVANCED_FACE('',(#1262),#1339,.F.);
#1411=ADVANCED_FACE('',(#1263),#1340,.F.);
#1412=ADVANCED_FACE('',(#1264),#1341,.F.);
#1413=ADVANCED_FACE('',(#1265),#1342,.F.);
#1414=ADVANCED_FACE('',(#1266),#1343,.F.);
#1415=ADVANCED_FACE('',(#1267),#1344,.F.);
#1416=ADVANCED_FACE('',(#1268),#1345,.F.);
#1417=ADVANCED_FACE('',(#1269),#1346,.F.);
#1418=ADVANCED_FACE('',(#1270),#1347,.F.);
#1419=ADVANCED_FACE('',(#1271),#1348,.F.);
#1420=ADVANCED_FACE('',(#1272),#1349,.F.);
#1421=ADVANCED_FACE('',(#1273),#1350,.F.);
#1422=ADVANCED_FACE('',(#1274),#1351,.F.);
#1423=ADVANCED_FACE('',(#1275),#1352,.F.);
#1424=ADVANCED_FACE('',(#1276),#1353,.F.);
#1425=ADVANCED_FACE('',(#1277),#1354,.F.);
#1426=ADVANCED_FACE('',(#1278),#1355,.F.);
#1427=ADVANCED_FACE('',(#1279),#1356,.F.);
#1428=ADVANCED_FACE('',(#1280),#1357,.F.);
#1429=ADVANCED_FACE('',(#1281),#1358,.F.);
#1430=ADVANCED_FACE('',(#1282),#1359,.F.);
#1431=ADVANCED_FACE('',(#1283),#1360,.F.);
#1432=ADVANCED_FACE('',(#1284),#1361,.F.);
#1433=ADVANCED_FACE('',(#1285),#1362,.F.);
#1434=ADVANCED_FACE('',(#1286),#1363,.F.);
#1435=ADVANCED_FACE('',(#1287),#1364,.F.);
#1436=ADVANCED_FACE('',(#1288),#1365,.F.);
#1437=ADVANCED_FACE('',(#1289),#1366,.F.);
#1438=ADVANCED_FACE('',(#1290),#1367,.F.);
#1439=ADVANCED_FACE('',(#1291),#1368,.F.);
#1440=ADVANCED_FACE('',(#1292),#1369,.F.);
#1441=ADVANCED_FACE('',(#1293),#1370,.F.);
#1442=ADVANCED_FACE('',(#1294),#1371,.F.);
#1443=ADVANCED_FACE('',(#1295),#1372,.F.);
#1444=ADVANCED_FACE('',(#1296),#1373,.F.);
#1445=ADVANCED_FACE('',(#1297),#1374,.F.);
#1446=ADVANCED_FACE('',(#1298),#1375,.F.);
#1447=ADVANCED_FACE('',(#1299),#1376,.F.);
#1448=ADVANCED_FACE('',(#1300),#1377,.F.);
#1449=ADVANCED_FACE('',(#1301),#1378,.F.);
#1450=ADVANCED_FACE('',(#1302),#1379,.F.);
#1451=ADVANCED_FACE('',(#1303),#1380,.F.);
#1452=ADVANCED_FACE('',(#1304),#1381,.F.);
#1453=ADVANCED_FACE('',(#1305),#1382,.F.);
#1454=ADVANCED_FACE('',(#1306),#1383,.F.);
#1455=ADVANCED_FACE('',(#1307),#1384,.F.);
#1456=ADVANCED_FACE('',(#1308),#1385,.F.);
#1457=ADVANCED_FACE('',(#1309),#1386,.F.);
#1458=ADVANCED_FACE('',(#1310),#1387,.F.);
#1459=ADVANCED_FACE('',(#1311),#1388,.F.);
#1460=ADVANCED_FACE('',(#1312),#1389,.F.);
#1461=ADVANCED_FACE('',(#1313),#1390,.F.);
#1462=ADVANCED_FACE('',(#1314),#1391,.T.);
#1463=ADVANCED_FACE('',(#1315),#1392,.T.);
#1464=ADVANCED_FACE('',(#1316),#1393,.T.);
#1465=ADVANCED_FACE('',(#1317),#1394,.T.);
#1466=ADVANCED_FACE('',(#1318),#1395,.T.);
#1467=ADVANCED_FACE('',(#1319),#1396,.T.);
#1468=ADVANCED_FACE('',(#1320),#1397,.T.);
#1469=ADVANCED_FACE('',(#1321),#1398,.T.);
#1470=ADVANCED_FACE('',(#1322),#1399,.T.);
#1471=ADVANCED_FACE('',(#1323),#1400,.T.);
#1472=ADVANCED_FACE('',(#1324),#1401,.T.);
#1473=ADVANCED_FACE('',(#1325),#1402,.T.);
#1474=ADVANCED_FACE('',(#1326),#1403,.T.);
#1475=ADVANCED_FACE('',(#1327),#1404,.T.);
#1476=ADVANCED_FACE('',(#1328),#1405,.T.);
#1477=ADVANCED_FACE('',(#1329),#1406,.T.);
#1478=ADVANCED_FACE('',(#1330),#1407,.F.);
#1479=ADVANCED_FACE('',(#1331,#1332,#1333,#1334),#1408,.T.);
#1480=ADVANCED_FACE('',(#1335,#1336,#1337,#1338),#1409,.F.);
#1481=CLOSED_SHELL('',(#1410,#1411,#1412,#1413,#1414,#1415,#1416,#1417,
#1418,#1419,#1420,#1421,#1422,#1423,#1424,#1425,#1426,#1427,#1428,#1429,
#1430,#1431,#1432,#1433,#1434,#1435,#1436,#1437,#1438,#1439,#1440,#1441,
#1442,#1443,#1444,#1445,#1446,#1447,#1448,#1449,#1450,#1451,#1452,#1453,
#1454,#1455,#1456,#1457,#1458,#1459,#1460,#1461,#1462,#1463,#1464,#1465,
#1466,#1467,#1468,#1469,#1470,#1471,#1472,#1473,#1474,#1475,#1476,#1477,
#1478,#1479,#1480));
#1482=STYLED_ITEM('',(#1483),#1490);
#1483=PRESENTATION_STYLE_ASSIGNMENT((#1484));
#1484=SURFACE_STYLE_USAGE(.BOTH.,#1485);
#1485=SURFACE_SIDE_STYLE('',(#1486));
#1486=SURFACE_STYLE_FILL_AREA(#1487);
#1487=FILL_AREA_STYLE('',(#1488));
#1488=FILL_AREA_STYLE_COLOUR('',#1489);
#1489=COLOUR_RGB('',0.682352941176471,0.333333333333334,0.737254901960784);
#1490=MANIFOLD_SOLID_BREP('Star',#1481);
#1491=SHAPE_DEFINITION_REPRESENTATION(#2339,#1492);
#1492=SHAPE_REPRESENTATION('Star',(#1493),#2334);
#1493=AXIS2_PLACEMENT_3D('',#1916,#1565,#1566);
#1494=AXIS2_PLACEMENT_3D('',#1917,#1567,#1568);
#1495=AXIS2_PLACEMENT_3D('',#1926,#1573,#1574);
#1496=AXIS2_PLACEMENT_3D('',#1932,#1578,#1579);
#1497=AXIS2_PLACEMENT_3D('',#1938,#1583,#1584);
#1498=AXIS2_PLACEMENT_3D('',#1944,#1588,#1589);
#1499=AXIS2_PLACEMENT_3D('',#1950,#1593,#1594);
#1500=AXIS2_PLACEMENT_3D('',#1956,#1598,#1599);
#1501=AXIS2_PLACEMENT_3D('',#1962,#1603,#1604);
#1502=AXIS2_PLACEMENT_3D('',#1968,#1608,#1609);
#1503=AXIS2_PLACEMENT_3D('',#1974,#1613,#1614);
#1504=AXIS2_PLACEMENT_3D('',#1980,#1618,#1619);
#1505=AXIS2_PLACEMENT_3D('',#1986,#1623,#1624);
#1506=AXIS2_PLACEMENT_3D('',#1992,#1628,#1629);
#1507=AXIS2_PLACEMENT_3D('',#1998,#1633,#1634);
#1508=AXIS2_PLACEMENT_3D('',#2004,#1638,#1639);
#1509=AXIS2_PLACEMENT_3D('',#2010,#1643,#1644);
#1510=AXIS2_PLACEMENT_3D('',#2016,#1648,#1649);
#1511=AXIS2_PLACEMENT_3D('',#2022,#1653,#1654);
#1512=AXIS2_PLACEMENT_3D('',#2028,#1658,#1659);
#1513=AXIS2_PLACEMENT_3D('',#2034,#1663,#1664);
#1514=AXIS2_PLACEMENT_3D('',#2040,#1668,#1669);
#1515=AXIS2_PLACEMENT_3D('',#2046,#1673,#1674);
#1516=AXIS2_PLACEMENT_3D('',#2052,#1678,#1679);
#1517=AXIS2_PLACEMENT_3D('',#2058,#1683,#1684);
#1518=AXIS2_PLACEMENT_3D('',#2064,#1688,#1689);
#1519=AXIS2_PLACEMENT_3D('',#2070,#1693,#1694);
#1520=AXIS2_PLACEMENT_3D('',#2076,#1698,#1699);
#1521=AXIS2_PLACEMENT_3D('',#2082,#1703,#1704);
#1522=AXIS2_PLACEMENT_3D('',#2088,#1708,#1709);
#1523=AXIS2_PLACEMENT_3D('',#2094,#1713,#1714);
#1524=AXIS2_PLACEMENT_3D('',#2100,#1718,#1719);
#1525=AXIS2_PLACEMENT_3D('',#2106,#1723,#1724);
#1526=AXIS2_PLACEMENT_3D('',#2112,#1728,#1729);
#1527=AXIS2_PLACEMENT_3D('',#2118,#1733,#1734);
#1528=AXIS2_PLACEMENT_3D('',#2124,#1738,#1739);
#1529=AXIS2_PLACEMENT_3D('',#2130,#1743,#1744);
#1530=AXIS2_PLACEMENT_3D('',#2136,#1748,#1749);
#1531=AXIS2_PLACEMENT_3D('',#2142,#1753,#1754);
#1532=AXIS2_PLACEMENT_3D('',#2148,#1758,#1759);
#1533=AXIS2_PLACEMENT_3D('',#2154,#1763,#1764);
#1534=AXIS2_PLACEMENT_3D('',#2160,#1768,#1769);
#1535=AXIS2_PLACEMENT_3D('',#2166,#1773,#1774);
#1536=AXIS2_PLACEMENT_3D('',#2172,#1778,#1779);
#1537=AXIS2_PLACEMENT_3D('',#2178,#1783,#1784);
#1538=AXIS2_PLACEMENT_3D('',#2184,#1788,#1789);
#1539=AXIS2_PLACEMENT_3D('',#2190,#1793,#1794);
#1540=AXIS2_PLACEMENT_3D('',#2196,#1798,#1799);
#1541=AXIS2_PLACEMENT_3D('',#2202,#1803,#1804);
#1542=AXIS2_PLACEMENT_3D('',#2208,#1808,#1809);
#1543=AXIS2_PLACEMENT_3D('',#2214,#1813,#1814);
#1544=AXIS2_PLACEMENT_3D('',#2220,#1818,#1819);
#1545=AXIS2_PLACEMENT_3D('',#2226,#1823,#1824);
#1546=AXIS2_PLACEMENT_3D('',#2232,#1828,#1829);
#1547=AXIS2_PLACEMENT_3D('',#2241,#1834,#1835);
#1548=AXIS2_PLACEMENT_3D('',#2247,#1839,#1840);
#1549=AXIS2_PLACEMENT_3D('',#2253,#1844,#1845);
#1550=AXIS2_PLACEMENT_3D('',#2259,#1849,#1850);
#1551=AXIS2_PLACEMENT_3D('',#2265,#1854,#1855);
#1552=AXIS2_PLACEMENT_3D('',#2271,#1859,#1860);
#1553=AXIS2_PLACEMENT_3D('',#2277,#1864,#1865);
#1554=AXIS2_PLACEMENT_3D('',#2286,#1870,#1871);
#1555=AXIS2_PLACEMENT_3D('',#2292,#1875,#1876);
#1556=AXIS2_PLACEMENT_3D('',#2298,#1880,#1881);
#1557=AXIS2_PLACEMENT_3D('',#2307,#1886,#1887);
#1558=AXIS2_PLACEMENT_3D('',#2313,#1891,#1892);
#1559=AXIS2_PLACEMENT_3D('',#2319,#1896,#1897);
#1560=AXIS2_PLACEMENT_3D('',#2322,#1900,#1901);
#1561=AXIS2_PLACEMENT_3D('',#2325,#1904,#1905);
#1562=AXIS2_PLACEMENT_3D('',#2328,#1908,#1909);
#1563=AXIS2_PLACEMENT_3D('',#2331,#1912,#1913);
#1564=AXIS2_PLACEMENT_3D('',#2332,#1914,#1915);
#1565=DIRECTION('',(0.,0.,1.));
#1566=DIRECTION('',(1.,0.,0.));
#1567=DIRECTION('',(-0.64278760968654,-0.766044443118978,0.));
#1568=DIRECTION('',(0.766044443118978,-0.64278760968654,0.));
#1569=DIRECTION('',(-0.766044443118978,0.64278760968654,0.));
#1570=DIRECTION('',(0.,0.,-1.));
#1571=DIRECTION('',(-0.766044443118978,0.64278760968654,0.));
#1572=DIRECTION('',(0.,0.,-1.));
#1573=DIRECTION('',(-0.996194698091746,-0.0871557427476581,0.));
#1574=DIRECTION('',(0.0871557427476581,-0.996194698091746,0.));
#1575=DIRECTION('',(-0.0871557427476581,0.996194698091746,0.));
#1576=DIRECTION('',(0.,0.,-1.));
#1577=DIRECTION('',(-0.0871557427476581,0.996194698091746,0.));
#1578=DIRECTION('',(0.0871557427476598,-0.996194698091745,0.));
#1579=DIRECTION('',(0.996194698091746,0.0871557427476599,0.));
#1580=DIRECTION('',(-0.996194698091745,-0.0871557427476598,0.));
#1581=DIRECTION('',(0.,0.,-1.));
#1582=DIRECTION('',(-0.996194698091745,-0.0871557427476598,0.));
#1583=DIRECTION('',(-0.996194698091745,-0.0871557427476597,0.));
#1584=DIRECTION('',(0.0871557427476597,-0.996194698091746,0.));
#1585=DIRECTION('',(-0.0871557427476597,0.996194698091746,0.));
#1586=DIRECTION('',(0.,0.,-1.));
#1587=DIRECTION('',(-0.0871557427476597,0.996194698091746,0.));
#1588=DIRECTION('',(0.0871557427476586,-0.996194698091746,0.));
#1589=DIRECTION('',(0.996194698091746,0.0871557427476586,0.));
#1590=DIRECTION('',(-0.996194698091746,-0.0871557427476586,0.));
#1591=DIRECTION('',(0.,0.,-1.));
#1592=DIRECTION('',(-0.996194698091746,-0.0871557427476586,0.));
#1593=DIRECTION('',(-0.996194698091745,-0.0871557427476611,0.));
#1594=DIRECTION('',(0.0871557427476611,-0.996194698091745,0.));
#1595=DIRECTION('',(-0.0871557427476611,0.996194698091745,0.));
#1596=DIRECTION('',(0.,0.,-1.));
#1597=DIRECTION('',(-0.0871557427476611,0.996194698091745,0.));
#1598=DIRECTION('',(0.0871557427476599,-0.996194698091745,0.));
#1599=DIRECTION('',(0.996194698091746,0.0871557427476599,0.));
#1600=DIRECTION('',(-0.996194698091745,-0.0871557427476599,0.));
#1601=DIRECTION('',(0.,0.,-1.));
#1602=DIRECTION('',(-0.996194698091745,-0.0871557427476599,0.));
#1603=DIRECTION('',(0.996194698091746,0.0871557427476568,0.));
#1604=DIRECTION('',(-0.0871557427476568,0.996194698091746,0.));
#1605=DIRECTION('',(0.0871557427476568,-0.996194698091746,0.));
#1606=DIRECTION('',(0.,0.,-1.));
#1607=DIRECTION('',(0.0871557427476568,-0.996194698091746,0.));
#1608=DIRECTION('',(0.0871557427476585,-0.996194698091746,0.));
#1609=DIRECTION('',(0.996194698091746,0.0871557427476585,0.));
#1610=DIRECTION('',(-0.996194698091746,-0.0871557427476585,0.));
#1611=DIRECTION('',(0.,0.,-1.));
#1612=DIRECTION('',(-0.996194698091746,-0.0871557427476585,0.));
#1613=DIRECTION('',(0.996194698091746,0.0871557427476556,0.));
#1614=DIRECTION('',(-0.0871557427476556,0.996194698091746,0.));
#1615=DIRECTION('',(0.0871557427476556,-0.996194698091746,0.));
#1616=DIRECTION('',(0.,0.,-1.));
#1617=DIRECTION('',(0.0871557427476556,-0.996194698091746,0.));
#1618=DIRECTION('',(0.0871557427476598,-0.996194698091745,0.));
#1619=DIRECTION('',(0.996194698091746,0.0871557427476599,0.));
#1620=DIRECTION('',(-0.996194698091745,-0.0871557427476598,0.));
#1621=DIRECTION('',(0.,0.,-1.));
#1622=DIRECTION('',(-0.996194698091745,-0.0871557427476598,0.));
#1623=DIRECTION('',(0.996194698091746,0.0871557427476568,0.));
#1624=DIRECTION('',(-0.0871557427476568,0.996194698091746,0.));
#1625=DIRECTION('',(0.0871557427476568,-0.996194698091746,0.));
#1626=DIRECTION('',(0.,0.,-1.));
#1627=DIRECTION('',(0.0871557427476568,-0.996194698091746,0.));
#1628=DIRECTION('',(0.0871557427476573,-0.996194698091746,0.));
#1629=DIRECTION('',(0.996194698091746,0.0871557427476574,0.));
#1630=DIRECTION('',(-0.996194698091746,-0.0871557427476573,0.));
#1631=DIRECTION('',(0.,0.,-1.));
#1632=DIRECTION('',(-0.996194698091746,-0.0871557427476573,0.));
#1633=DIRECTION('',(0.996194698091746,0.0871557427476566,0.));
#1634=DIRECTION('',(-0.0871557427476566,0.996194698091746,0.));
#1635=DIRECTION('',(0.0871557427476566,-0.996194698091746,0.));
#1636=DIRECTION('',(0.,0.,-1.));
#1637=DIRECTION('',(0.0871557427476566,-0.996194698091746,0.));
#1638=DIRECTION('',(0.0871557427476583,-0.996194698091746,0.));
#1639=DIRECTION('',(0.996194698091746,0.0871557427476583,0.));
#1640=DIRECTION('',(-0.996194698091746,-0.0871557427476583,0.));
#1641=DIRECTION('',(0.,0.,-1.));
#1642=DIRECTION('',(-0.996194698091746,-0.0871557427476583,0.));
#1643=DIRECTION('',(0.996194698091746,0.0871557427476571,0.));
#1644=DIRECTION('',(-0.0871557427476571,0.996194698091746,0.));
#1645=DIRECTION('',(0.0871557427476571,-0.996194698091746,0.));
#1646=DIRECTION('',(0.,0.,-1.));
#1647=DIRECTION('',(0.0871557427476571,-0.996194698091746,0.));
#1648=DIRECTION('',(0.0871557427476568,-0.996194698091746,0.));
#1649=DIRECTION('',(0.996194698091746,0.0871557427476568,0.));
#1650=DIRECTION('',(-0.996194698091746,-0.0871557427476568,0.));
#1651=DIRECTION('',(0.,0.,-1.));
#1652=DIRECTION('',(-0.996194698091746,-0.0871557427476568,0.));
#1653=DIRECTION('',(0.996194698091746,0.0871557427476559,0.));
#1654=DIRECTION('',(-0.0871557427476559,0.996194698091746,0.));
#1655=DIRECTION('',(0.0871557427476559,-0.996194698091746,0.));
#1656=DIRECTION('',(0.,0.,-1.));
#1657=DIRECTION('',(0.0871557427476559,-0.996194698091746,0.));
#1658=DIRECTION('',(-0.087155742747656,0.996194698091746,0.));
#1659=DIRECTION('',(-0.996194698091746,-0.087155742747656,0.));
#1660=DIRECTION('',(0.996194698091746,0.087155742747656,0.));
#1661=DIRECTION('',(0.,0.,-1.));
#1662=DIRECTION('',(0.996194698091746,0.087155742747656,0.));
#1663=DIRECTION('',(0.996194698091746,0.0871557427476573,0.));
#1664=DIRECTION('',(-0.0871557427476574,0.996194698091746,0.));
#1665=DIRECTION('',(0.0871557427476573,-0.996194698091746,0.));
#1666=DIRECTION('',(0.,0.,-1.));
#1667=DIRECTION('',(0.0871557427476573,-0.996194698091746,0.));
#1668=DIRECTION('',(-0.0871557427476568,0.996194698091746,0.));
#1669=DIRECTION('',(-0.996194698091746,-0.0871557427476568,0.));
#1670=DIRECTION('',(0.996194698091746,0.0871557427476568,0.));
#1671=DIRECTION('',(0.,0.,-1.));
#1672=DIRECTION('',(0.996194698091746,0.0871557427476568,0.));
#1673=DIRECTION('',(0.996194698091746,0.0871557427476568,0.));
#1674=DIRECTION('',(-0.0871557427476568,0.996194698091746,0.));
#1675=DIRECTION('',(0.0871557427476568,-0.996194698091746,0.));
#1676=DIRECTION('',(0.,0.,-1.));
#1677=DIRECTION('',(0.0871557427476568,-0.996194698091746,0.));
#1678=DIRECTION('',(-0.0871557427476571,0.996194698091746,0.));
#1679=DIRECTION('',(-0.996194698091746,-0.0871557427476571,0.));
#1680=DIRECTION('',(0.996194698091746,0.0871557427476571,0.));
#1681=DIRECTION('',(0.,0.,-1.));
#1682=DIRECTION('',(0.996194698091746,0.0871557427476571,0.));
#1683=DIRECTION('',(0.996194698091746,0.0871557427476575,0.));
#1684=DIRECTION('',(-0.0871557427476575,0.996194698091746,0.));
#1685=DIRECTION('',(0.0871557427476575,-0.996194698091746,0.));
#1686=DIRECTION('',(0.,0.,-1.));
#1687=DIRECTION('',(0.0871557427476575,-0.996194698091746,0.));
#1688=DIRECTION('',(0.0871557427476571,-0.996194698091746,0.));
#1689=DIRECTION('',(0.996194698091746,0.0871557427476571,0.));
#1690=DIRECTION('',(-0.996194698091746,-0.0871557427476571,0.));
#1691=DIRECTION('',(0.,0.,-1.));
#1692=DIRECTION('',(-0.996194698091746,-0.0871557427476571,0.));
#1693=DIRECTION('',(0.996194698091746,0.0871557427476588,0.));
#1694=DIRECTION('',(-0.0871557427476588,0.996194698091746,0.));
#1695=DIRECTION('',(0.0871557427476588,-0.996194698091746,0.));
#1696=DIRECTION('',(0.,0.,-1.));
#1697=DIRECTION('',(0.0871557427476588,-0.996194698091746,0.));
#1698=DIRECTION('',(-0.0871557427476631,0.996194698091745,0.));
#1699=DIRECTION('',(-0.996194698091745,-0.0871557427476631,0.));
#1700=DIRECTION('',(0.996194698091745,0.0871557427476631,0.));
#1701=DIRECTION('',(0.,0.,-1.));
#1702=DIRECTION('',(0.996194698091745,0.0871557427476631,0.));
#1703=DIRECTION('',(0.996194698091746,0.0871557427476568,0.));
#1704=DIRECTION('',(-0.0871557427476568,0.996194698091746,0.));
#1705=DIRECTION('',(0.0871557427476568,-0.996194698091746,0.));
#1706=DIRECTION('',(0.,0.,-1.));
#1707=DIRECTION('',(0.0871557427476568,-0.996194698091746,0.));
#1708=DIRECTION('',(-0.0871557427476565,0.996194698091746,0.));
#1709=DIRECTION('',(-0.996194698091746,-0.0871557427476565,0.));
#1710=DIRECTION('',(0.996194698091746,0.0871557427476565,0.));
#1711=DIRECTION('',(0.,0.,-1.));
#1712=DIRECTION('',(0.996194698091746,0.0871557427476565,0.));
#1713=DIRECTION('',(-0.996194698091745,-0.0871557427476593,0.));
#1714=DIRECTION('',(0.0871557427476593,-0.996194698091746,0.));
#1715=DIRECTION('',(-0.0871557427476593,0.996194698091745,0.));
#1716=DIRECTION('',(0.,0.,-1.));
#1717=DIRECTION('',(-0.0871557427476593,0.996194698091745,0.));
#1718=DIRECTION('',(-0.0871557427476553,0.996194698091746,0.));
#1719=DIRECTION('',(-0.996194698091746,-0.0871557427476553,0.));
#1720=DIRECTION('',(0.996194698091746,0.0871557427476553,0.));
#1721=DIRECTION('',(0.,0.,-1.));
#1722=DIRECTION('',(0.996194698091746,0.0871557427476553,0.));
#1723=DIRECTION('',(-0.996194698091746,-0.0871557427476578,0.));
#1724=DIRECTION('',(0.0871557427476578,-0.996194698091746,0.));
#1725=DIRECTION('',(-0.0871557427476578,0.996194698091746,0.));
#1726=DIRECTION('',(0.,0.,-1.));
#1727=DIRECTION('',(-0.0871557427476578,0.996194698091746,0.));
#1728=DIRECTION('',(-0.0871557427476574,0.996194698091746,0.));
#1729=DIRECTION('',(-0.996194698091746,-0.0871557427476574,0.));
#1730=DIRECTION('',(0.996194698091746,0.0871557427476574,0.));
#1731=DIRECTION('',(0.,0.,-1.));
#1732=DIRECTION('',(0.996194698091746,0.0871557427476574,0.));
#1733=DIRECTION('',(0.996194698091746,0.0871557427476568,0.));
#1734=DIRECTION('',(-0.0871557427476568,0.996194698091746,0.));
#1735=DIRECTION('',(0.0871557427476568,-0.996194698091746,0.));
#1736=DIRECTION('',(0.,0.,-1.));
#1737=DIRECTION('',(0.0871557427476568,-0.996194698091746,0.));
#1738=DIRECTION('',(-0.0871557427476566,0.996194698091746,0.));
#1739=DIRECTION('',(-0.996194698091746,-0.0871557427476566,0.));
#1740=DIRECTION('',(0.996194698091746,0.0871557427476566,0.));
#1741=DIRECTION('',(0.,0.,-1.));
#1742=DIRECTION('',(0.996194698091746,0.0871557427476566,0.));
#1743=DIRECTION('',(0.996194698091746,0.0871557427476566,0.));
#1744=DIRECTION('',(-0.0871557427476566,0.996194698091746,0.));
#1745=DIRECTION('',(0.0871557427476566,-0.996194698091746,0.));
#1746=DIRECTION('',(0.,0.,-1.));
#1747=DIRECTION('',(0.0871557427476566,-0.996194698091746,0.));
#1748=DIRECTION('',(-0.0871557427476565,0.996194698091746,0.));
#1749=DIRECTION('',(-0.996194698091746,-0.0871557427476565,0.));
#1750=DIRECTION('',(0.996194698091746,0.0871557427476565,0.));
#1751=DIRECTION('',(0.,0.,-1.));
#1752=DIRECTION('',(0.996194698091746,0.0871557427476565,0.));
#1753=DIRECTION('',(-0.996194698091746,-0.0871557427476584,0.));
#1754=DIRECTION('',(0.0871557427476584,-0.996194698091746,0.));
#1755=DIRECTION('',(-0.0871557427476584,0.996194698091746,0.));
#1756=DIRECTION('',(0.,0.,-1.));
#1757=DIRECTION('',(-0.0871557427476584,0.996194698091746,0.));
#1758=DIRECTION('',(-0.0871557427476567,0.996194698091746,0.));
#1759=DIRECTION('',(-0.996194698091746,-0.0871557427476567,0.));
#1760=DIRECTION('',(0.996194698091746,0.0871557427476567,0.));
#1761=DIRECTION('',(0.,0.,-1.));
#1762=DIRECTION('',(0.996194698091746,0.0871557427476567,0.));
#1763=DIRECTION('',(-0.996194698091746,-0.0871557427476584,0.));
#1764=DIRECTION('',(0.0871557427476584,-0.996194698091746,0.));
#1765=DIRECTION('',(-0.0871557427476584,0.996194698091746,0.));
#1766=DIRECTION('',(0.,0.,-1.));
#1767=DIRECTION('',(-0.0871557427476584,0.996194698091746,0.));
#1768=DIRECTION('',(0.0871557427476597,-0.996194698091745,0.));
#1769=DIRECTION('',(0.996194698091746,0.0871557427476597,0.));
#1770=DIRECTION('',(-0.996194698091746,-0.0871557427476597,0.));
#1771=DIRECTION('',(0.,0.,-1.));
#1772=DIRECTION('',(-0.996194698091746,-0.0871557427476597,0.));
#1773=DIRECTION('',(-0.996194698091746,-0.0871557427476583,0.));
#1774=DIRECTION('',(0.0871557427476583,-0.996194698091746,0.));
#1775=DIRECTION('',(-0.0871557427476583,0.996194698091746,0.));
#1776=DIRECTION('',(0.,0.,-1.));
#1777=DIRECTION('',(-0.0871557427476583,0.996194698091746,0.));
#1778=DIRECTION('',(-0.0871557427476568,0.996194698091746,0.));
#1779=DIRECTION('',(-0.996194698091746,-0.0871557427476568,0.));
#1780=DIRECTION('',(0.996194698091746,0.0871557427476568,0.));
#1781=DIRECTION('',(0.,0.,-1.));
#1782=DIRECTION('',(0.996194698091746,0.0871557427476568,0.));
#1783=DIRECTION('',(-0.996194698091746,-0.0871557427476583,0.));
#1784=DIRECTION('',(0.0871557427476583,-0.996194698091746,0.));
#1785=DIRECTION('',(-0.0871557427476583,0.996194698091746,0.));
#1786=DIRECTION('',(0.,0.,-1.));
#1787=DIRECTION('',(-0.0871557427476583,0.996194698091746,0.));
#1788=DIRECTION('',(-0.0871557427476568,0.996194698091746,0.));
#1789=DIRECTION('',(-0.996194698091746,-0.0871557427476568,0.));
#1790=DIRECTION('',(0.996194698091746,0.0871557427476568,0.));
#1791=DIRECTION('',(0.,0.,-1.));
#1792=DIRECTION('',(0.996194698091746,0.0871557427476568,0.));
#1793=DIRECTION('',(-0.996194698091746,-0.0871557427476583,0.));
#1794=DIRECTION('',(0.0871557427476583,-0.996194698091746,0.));
#1795=DIRECTION('',(-0.0871557427476583,0.996194698091746,0.));
#1796=DIRECTION('',(0.,0.,-1.));
#1797=DIRECTION('',(-0.0871557427476583,0.996194698091746,0.));
#1798=DIRECTION('',(-0.0871557427476566,0.996194698091746,0.));
#1799=DIRECTION('',(-0.996194698091746,-0.0871557427476566,0.));
#1800=DIRECTION('',(0.996194698091746,0.0871557427476566,0.));
#1801=DIRECTION('',(0.,0.,-1.));
#1802=DIRECTION('',(0.996194698091746,0.0871557427476566,0.));
#1803=DIRECTION('',(-0.996194698091746,-0.0871557427476583,0.));
#1804=DIRECTION('',(0.0871557427476583,-0.996194698091746,0.));
#1805=DIRECTION('',(-0.0871557427476583,0.996194698091746,0.));
#1806=DIRECTION('',(0.,0.,-1.));
#1807=DIRECTION('',(-0.0871557427476583,0.996194698091746,0.));
#1808=DIRECTION('',(0.0871557427476568,-0.996194698091746,0.));
#1809=DIRECTION('',(0.996194698091746,0.0871557427476568,0.));
#1810=DIRECTION('',(-0.996194698091746,-0.0871557427476568,0.));
#1811=DIRECTION('',(0.,0.,-1.));
#1812=DIRECTION('',(-0.996194698091746,-0.0871557427476568,0.));
#1813=DIRECTION('',(-0.996194698091746,-0.0871557427476582,0.));
#1814=DIRECTION('',(0.0871557427476582,-0.996194698091746,0.));
#1815=DIRECTION('',(-0.0871557427476582,0.996194698091746,0.));
#1816=DIRECTION('',(0.,0.,-1.));
#1817=DIRECTION('',(-0.0871557427476582,0.996194698091746,0.));
#1818=DIRECTION('',(0.0871557427476592,-0.996194698091745,0.));
#1819=DIRECTION('',(0.996194698091746,0.0871557427476592,0.));
#1820=DIRECTION('',(-0.996194698091745,-0.0871557427476592,0.));
#1821=DIRECTION('',(0.,0.,-1.));
#1822=DIRECTION('',(-0.996194698091745,-0.0871557427476592,0.));
#1823=DIRECTION('',(-0.996194698091746,-0.0871557427476566,0.));
#1824=DIRECTION('',(0.0871557427476566,-0.996194698091746,0.));
#1825=DIRECTION('',(-0.0871557427476566,0.996194698091746,0.));
#1826=DIRECTION('',(0.,0.,-1.));
#1827=DIRECTION('',(-0.0871557427476566,0.996194698091746,0.));
#1828=DIRECTION('',(0.996194698091746,0.0871557427476575,0.));
#1829=DIRECTION('',(-0.0871557427476575,0.996194698091746,0.));
#1830=DIRECTION('',(0.0871557427476575,-0.996194698091746,0.));
#1831=DIRECTION('',(0.,0.,-1.));
#1832=DIRECTION('',(0.0871557427476575,-0.996194698091746,0.));
#1833=DIRECTION('',(0.,0.,-1.));
#1834=DIRECTION('',(0.0871557427476584,-0.996194698091746,0.));
#1835=DIRECTION('',(0.996194698091746,0.0871557427476584,0.));
#1836=DIRECTION('',(-0.996194698091746,-0.0871557427476584,0.));
#1837=DIRECTION('',(0.,0.,-1.));
#1838=DIRECTION('',(-0.996194698091746,-0.0871557427476584,0.));
#1839=DIRECTION('',(-0.996194698091746,-0.0871557427476583,0.));
#1840=DIRECTION('',(0.0871557427476583,-0.996194698091746,0.));
#1841=DIRECTION('',(-0.0871557427476583,0.996194698091746,0.));
#1842=DIRECTION('',(0.,0.,-1.));
#1843=DIRECTION('',(-0.0871557427476583,0.996194698091746,0.));
#1844=DIRECTION('',(-0.0871557427476567,0.996194698091746,0.));
#1845=DIRECTION('',(-0.996194698091746,-0.0871557427476567,0.));
#1846=DIRECTION('',(0.996194698091746,0.0871557427476567,0.));
#1847=DIRECTION('',(0.,0.,-1.));
#1848=DIRECTION('',(0.996194698091746,0.0871557427476567,0.));
#1849=DIRECTION('',(-0.996194698091745,-0.0871557427476611,0.));
#1850=DIRECTION('',(0.0871557427476611,-0.996194698091745,0.));
#1851=DIRECTION('',(-0.0871557427476611,0.996194698091745,0.));
#1852=DIRECTION('',(0.,0.,-1.));
#1853=DIRECTION('',(-0.0871557427476611,0.996194698091745,0.));
#1854=DIRECTION('',(-0.0871557427476577,0.996194698091746,0.));
#1855=DIRECTION('',(-0.996194698091746,-0.0871557427476577,0.));
#1856=DIRECTION('',(0.996194698091746,0.0871557427476577,0.));
#1857=DIRECTION('',(0.,0.,-1.));
#1858=DIRECTION('',(0.996194698091746,0.0871557427476577,0.));
#1859=DIRECTION('',(0.996194698091746,0.0871557427476556,0.));
#1860=DIRECTION('',(-0.0871557427476556,0.996194698091746,0.));
#1861=DIRECTION('',(0.0871557427476556,-0.996194698091746,0.));
#1862=DIRECTION('',(0.,0.,-1.));
#1863=DIRECTION('',(0.0871557427476556,-0.996194698091746,0.));
#1864=DIRECTION('',(0.996194698091745,0.0871557427476589,0.));
#1865=DIRECTION('',(-0.0871557427476589,0.996194698091746,0.));
#1866=DIRECTION('',(0.0871557427476589,-0.996194698091746,0.));
#1867=DIRECTION('',(0.,0.,-1.));
#1868=DIRECTION('',(0.0871557427476589,-0.996194698091746,0.));
#1869=DIRECTION('',(0.,0.,-1.));
#1870=DIRECTION('',(0.0871557427476554,-0.996194698091746,0.));
#1871=DIRECTION('',(0.996194698091746,0.0871557427476554,0.));
#1872=DIRECTION('',(-0.996194698091746,-0.0871557427476554,0.));
#1873=DIRECTION('',(0.,0.,-1.));
#1874=DIRECTION('',(-0.996194698091746,-0.0871557427476554,0.));
#1875=DIRECTION('',(-0.996194698091746,-0.0871557427476576,0.));
#1876=DIRECTION('',(0.0871557427476576,-0.996194698091746,0.));
#1877=DIRECTION('',(-0.0871557427476576,0.996194698091746,0.));
#1878=DIRECTION('',(0.,0.,-1.));
#1879=DIRECTION('',(-0.0871557427476576,0.996194698091746,0.));
#1880=DIRECTION('',(0.996194698091746,0.087155742747658,0.));
#1881=DIRECTION('',(-0.087155742747658,0.996194698091746,0.));
#1882=DIRECTION('',(0.087155742747658,-0.996194698091746,0.));
#1883=DIRECTION('',(0.,0.,-1.));
#1884=DIRECTION('',(0.087155742747658,-0.996194698091746,0.));
#1885=DIRECTION('',(0.,0.,-1.));
#1886=DIRECTION('',(0.0871557427476553,-0.996194698091746,0.));
#1887=DIRECTION('',(0.996194698091746,0.0871557427476553,0.));
#1888=DIRECTION('',(-0.996194698091746,-0.0871557427476553,0.));
#1889=DIRECTION('',(0.,0.,-1.));
#1890=DIRECTION('',(-0.996194698091746,-0.0871557427476553,0.));
#1891=DIRECTION('',(-0.996194698091746,-0.0871557427476576,0.));
#1892=DIRECTION('',(0.0871557427476576,-0.996194698091746,0.));
#1893=DIRECTION('',(-0.0871557427476576,0.996194698091746,0.));
#1894=DIRECTION('',(0.,0.,-1.));
#1895=DIRECTION('',(-0.0871557427476576,0.996194698091746,0.));
#1896=DIRECTION('',(-0.0871557427476567,0.996194698091746,0.));
#1897=DIRECTION('',(-0.996194698091746,-0.0871557427476567,0.));
#1898=DIRECTION('',(0.996194698091746,0.0871557427476567,0.));
#1899=DIRECTION('',(0.996194698091746,0.0871557427476567,0.));
#1900=DIRECTION('',(-0.0871557427476557,0.996194698091746,0.));
#1901=DIRECTION('',(-0.996194698091746,-0.0871557427476557,0.));
#1902=DIRECTION('',(0.996194698091746,0.0871557427476557,0.));
#1903=DIRECTION('',(0.996194698091746,0.0871557427476557,0.));
#1904=DIRECTION('',(-0.0871557427476554,0.996194698091746,0.));
#1905=DIRECTION('',(-0.996194698091746,-0.0871557427476554,0.));
#1906=DIRECTION('',(0.996194698091746,0.0871557427476554,0.));
#1907=DIRECTION('',(0.996194698091746,0.0871557427476554,0.));
#1908=DIRECTION('',(0.0871557427476617,-0.996194698091745,0.));
#1909=DIRECTION('',(0.996194698091745,0.0871557427476617,0.));
#1910=DIRECTION('',(-0.996194698091745,-0.0871557427476617,0.));
#1911=DIRECTION('',(-0.996194698091745,-0.0871557427476617,0.));
#1912=DIRECTION('',(0.,0.,1.));
#1913=DIRECTION('',(1.,0.,0.));
#1914=DIRECTION('',(0.,0.,1.));
#1915=DIRECTION('',(1.,0.,0.));
#1916=CARTESIAN_POINT('',(0.,0.,0.));
#1917=CARTESIAN_POINT('',(-0.00919014898057556,-0.0171160651062448,0.0028));
#1918=CARTESIAN_POINT('',(-0.00919014898057556,-0.0171160651062448,0.0018));
#1919=CARTESIAN_POINT('',(-0.00881516713677489,-0.0174307122330761,0.0018));
#1920=CARTESIAN_POINT('',(-0.00956513082437622,-0.0168014179794134,0.0018));
#1921=CARTESIAN_POINT('',(-0.00956513082437622,-0.0168014179794134,0.0028));
#1922=CARTESIAN_POINT('',(-0.00956513082437622,-0.0168014179794134,0.0028));
#1923=CARTESIAN_POINT('',(-0.00919014898057556,-0.0171160651062448,0.0028));
#1924=CARTESIAN_POINT('',(-0.00881516713677489,-0.0174307122330761,0.0028));
#1925=CARTESIAN_POINT('',(-0.00881516713677489,-0.0174307122330761,0.0028));
#1926=CARTESIAN_POINT('',(-0.0096352110390051,-0.0160003974608167,0.0028));
#1927=CARTESIAN_POINT('',(-0.0096352110390051,-0.0160003974608167,0.0018));
#1928=CARTESIAN_POINT('',(-0.00970529125363397,-0.01519937694222,0.0018));
#1929=CARTESIAN_POINT('',(-0.00970529125363397,-0.01519937694222,0.0028));
#1930=CARTESIAN_POINT('',(-0.00970529125363397,-0.01519937694222,0.0028));
#1931=CARTESIAN_POINT('',(-0.0096352110390051,-0.0160003974608167,0.0028));
#1932=CARTESIAN_POINT('',(-0.0102782087555903,-0.0152495007287767,0.0028));
#1933=CARTESIAN_POINT('',(-0.0102782087555903,-0.0152495007287767,0.0018));
#1934=CARTESIAN_POINT('',(-0.0108511262575467,-0.0152996245153335,0.0018));
#1935=CARTESIAN_POINT('',(-0.0108511262575467,-0.0152996245153335,0.0028));
#1936=CARTESIAN_POINT('',(-0.0108511262575467,-0.0152996245153335,0.0028));
#1937=CARTESIAN_POINT('',(-0.0102782087555903,-0.0152495007287767,0.0028));
#1938=CARTESIAN_POINT('',(-0.0109012500441035,-0.0147267070133771,0.0028));
#1939=CARTESIAN_POINT('',(-0.0109012500441035,-0.0147267070133771,0.0018));
#1940=CARTESIAN_POINT('',(-0.0109513738306603,-0.0141537895114207,0.0018));
#1941=CARTESIAN_POINT('',(-0.0109513738306603,-0.0141537895114207,0.0028));
#1942=CARTESIAN_POINT('',(-0.0109513738306603,-0.0141537895114207,0.0028));
#1943=CARTESIAN_POINT('',(-0.0109012500441035,-0.0147267070133771,0.0028));
#1944=CARTESIAN_POINT('',(-0.0115242913326166,-0.0142039132979775,0.0028));
#1945=CARTESIAN_POINT('',(-0.0115242913326166,-0.0142039132979775,0.0018));
#1946=CARTESIAN_POINT('',(-0.012097208834573,-0.0142540370845343,0.0018));
#1947=CARTESIAN_POINT('',(-0.012097208834573,-0.0142540370845343,0.0028));
#1948=CARTESIAN_POINT('',(-0.012097208834573,-0.0142540370845343,0.0028));
#1949=CARTESIAN_POINT('',(-0.0115242913326166,-0.0142039132979775,0.0028));
#1950=CARTESIAN_POINT('',(-0.0121473326211298,-0.0136811195825779,0.0028));
#1951=CARTESIAN_POINT('',(-0.0121473326211298,-0.0136811195825779,0.0018));
#1952=CARTESIAN_POINT('',(-0.0121974564076866,-0.0131082020806215,0.0018));
#1953=CARTESIAN_POINT('',(-0.0121974564076866,-0.0131082020806215,0.0028));
#1954=CARTESIAN_POINT('',(-0.0121974564076866,-0.0131082020806215,0.0028));
#1955=CARTESIAN_POINT('',(-0.0121473326211298,-0.0136811195825779,0.0028));
#1956=CARTESIAN_POINT('',(-0.013144052471981,-0.0131910185051855,0.0028));
#1957=CARTESIAN_POINT('',(-0.013144052471981,-0.0131910185051855,0.0018));
#1958=CARTESIAN_POINT('',(-0.0140906485362754,-0.0132738349297495,0.0018));
#1959=CARTESIAN_POINT('',(-0.0140906485362754,-0.0132738349297495,0.0028));
#1960=CARTESIAN_POINT('',(-0.0140906485362754,-0.0132738349297495,0.0028));
#1961=CARTESIAN_POINT('',(-0.013144052471981,-0.0131910185051855,0.0028));
#1962=CARTESIAN_POINT('',(-0.0140405247497186,-0.0138467524317059,0.0028));
#1963=CARTESIAN_POINT('',(-0.0140405247497186,-0.0138467524317059,0.0018));
#1964=CARTESIAN_POINT('',(-0.0139904009631618,-0.0144196699336623,0.0018));
#1965=CARTESIAN_POINT('',(-0.0139904009631618,-0.0144196699336623,0.0028));
#1966=CARTESIAN_POINT('',(-0.0139904009631618,-0.0144196699336623,0.0028));
#1967=CARTESIAN_POINT('',(-0.0140405247497186,-0.0138467524317059,0.0028));
#1968=CARTESIAN_POINT('',(-0.0145633184651182,-0.0144697937202191,0.0028));
#1969=CARTESIAN_POINT('',(-0.0145633184651182,-0.0144697937202191,0.0018));
#1970=CARTESIAN_POINT('',(-0.0151362359670746,-0.0145199175067759,0.0018));
#1971=CARTESIAN_POINT('',(-0.0151362359670746,-0.0145199175067759,0.0028));
#1972=CARTESIAN_POINT('',(-0.0151362359670746,-0.0145199175067759,0.0028));
#1973=CARTESIAN_POINT('',(-0.0145633184651182,-0.0144697937202191,0.0028));
#1974=CARTESIAN_POINT('',(-0.0150861121805178,-0.0150928350087322,0.0028));
#1975=CARTESIAN_POINT('',(-0.0150861121805178,-0.0150928350087322,0.0018));
#1976=CARTESIAN_POINT('',(-0.015035988393961,-0.0156657525106886,0.0018));
#1977=CARTESIAN_POINT('',(-0.015035988393961,-0.0156657525106886,0.0028));
#1978=CARTESIAN_POINT('',(-0.015035988393961,-0.0156657525106886,0.0028));
#1979=CARTESIAN_POINT('',(-0.0150861121805178,-0.0150928350087322,0.0028));
#1980=CARTESIAN_POINT('',(-0.0156089058959175,-0.0157158762972454,0.0028));
#1981=CARTESIAN_POINT('',(-0.0156089058959175,-0.0157158762972454,0.0018));
#1982=CARTESIAN_POINT('',(-0.0161818233978738,-0.0157660000838021,0.0018));
#1983=CARTESIAN_POINT('',(-0.0161818233978738,-0.0157660000838021,0.0028));
#1984=CARTESIAN_POINT('',(-0.0161818233978738,-0.0157660000838021,0.0028));
#1985=CARTESIAN_POINT('',(-0.0156089058959175,-0.0157158762972454,0.0028));
#1986=CARTESIAN_POINT('',(-0.0160815758247603,-0.0169118350877149,0.0028));
#1987=CARTESIAN_POINT('',(-0.0160815758247603,-0.0169118350877149,0.0018));
#1988=CARTESIAN_POINT('',(-0.0159813282516467,-0.0180576700916277,0.0018));
#1989=CARTESIAN_POINT('',(-0.0159813282516467,-0.0180576700916277,0.0028));
#1990=CARTESIAN_POINT('',(-0.0159813282516467,-0.0180576700916277,0.0028));
#1991=CARTESIAN_POINT('',(-0.0160815758247603,-0.0169118350877149,0.0028));
#1992=CARTESIAN_POINT('',(-0.0165542457536031,-0.0181077938781844,0.0028));
#1993=CARTESIAN_POINT('',(-0.0165542457536031,-0.0181077938781844,0.0018));
#1994=CARTESIAN_POINT('',(-0.0171271632555594,-0.0181579176647412,0.0018));
#1995=CARTESIAN_POINT('',(-0.0171271632555594,-0.0181579176647412,0.0028));
#1996=CARTESIAN_POINT('',(-0.0171271632555594,-0.0181579176647412,0.0028));
#1997=CARTESIAN_POINT('',(-0.0165542457536031,-0.0181077938781844,0.0028));
#1998=CARTESIAN_POINT('',(-0.0170770394690027,-0.0187308351666976,0.0028));
#1999=CARTESIAN_POINT('',(-0.0170770394690027,-0.0187308351666976,0.0018));
#2000=CARTESIAN_POINT('',(-0.0170269156824459,-0.019303752668654,0.0018));
#2001=CARTESIAN_POINT('',(-0.0170269156824459,-0.019303752668654,0.0028));
#2002=CARTESIAN_POINT('',(-0.0170269156824459,-0.019303752668654,0.0028));
#2003=CARTESIAN_POINT('',(-0.0170770394690027,-0.0187308351666976,0.0028));
#2004=CARTESIAN_POINT('',(-0.0193185856902715,-0.0195042478148811,0.0028));
#2005=CARTESIAN_POINT('',(-0.0193185856902715,-0.0195042478148811,0.0018));
#2006=CARTESIAN_POINT('',(-0.021610255698097,-0.0197047429611082,0.0018));
#2007=CARTESIAN_POINT('',(-0.021610255698097,-0.0197047429611082,0.0028));
#2008=CARTESIAN_POINT('',(-0.021610255698097,-0.0197047429611082,0.0028));
#2009=CARTESIAN_POINT('',(-0.0193185856902715,-0.0195042478148811,0.0028));
#2010=CARTESIAN_POINT('',(-0.0215601319115402,-0.0202776604630645,0.0028));
#2011=CARTESIAN_POINT('',(-0.0215601319115402,-0.0202776604630645,0.0018));
#2012=CARTESIAN_POINT('',(-0.0215100081249834,-0.020850577965021,0.0018));
#2013=CARTESIAN_POINT('',(-0.0215100081249834,-0.020850577965021,0.0028));
#2014=CARTESIAN_POINT('',(-0.0215100081249834,-0.020850577965021,0.0028));
#2015=CARTESIAN_POINT('',(-0.0215601319115402,-0.0202776604630645,0.0028));
#2016=CARTESIAN_POINT('',(-0.0220829256269398,-0.0209007017515777,0.0028));
#2017=CARTESIAN_POINT('',(-0.0220829256269398,-0.0209007017515777,0.0018));
#2018=CARTESIAN_POINT('',(-0.0226558431288961,-0.0209508255381345,0.0018));
#2019=CARTESIAN_POINT('',(-0.0226558431288961,-0.0209508255381345,0.0028));
#2020=CARTESIAN_POINT('',(-0.0226558431288961,-0.0209508255381345,0.0028));
#2021=CARTESIAN_POINT('',(-0.0220829256269398,-0.0209007017515777,0.0028));
#2022=CARTESIAN_POINT('',(-0.0225730267043321,-0.0218974216024289,0.0028));
#2023=CARTESIAN_POINT('',(-0.0225730267043321,-0.0218974216024289,0.0018));
#2024=CARTESIAN_POINT('',(-0.0224902102797681,-0.0228440176667233,0.0018));
#2025=CARTESIAN_POINT('',(-0.0224902102797681,-0.0228440176667233,0.0028));
#2026=CARTESIAN_POINT('',(-0.0224902102797681,-0.0228440176667233,0.0028));
#2027=CARTESIAN_POINT('',(-0.0225730267043321,-0.0218974216024289,0.0028));
#2028=CARTESIAN_POINT('',(-0.0219172927778118,-0.0227938938801665,0.0028));
#2029=CARTESIAN_POINT('',(-0.0219172927778118,-0.0227938938801665,0.0018));
#2030=CARTESIAN_POINT('',(-0.0213443752758554,-0.0227437700936097,0.0018));
#2031=CARTESIAN_POINT('',(-0.0213443752758554,-0.0227437700936097,0.0028));
#2032=CARTESIAN_POINT('',(-0.0213443752758554,-0.0227437700936097,0.0028));
#2033=CARTESIAN_POINT('',(-0.0219172927778118,-0.0227938938801665,0.0028));
#2034=CARTESIAN_POINT('',(-0.0212942514892986,-0.0233166875955661,0.0028));
#2035=CARTESIAN_POINT('',(-0.0212942514892986,-0.0233166875955661,0.0018));
#2036=CARTESIAN_POINT('',(-0.0212441277027418,-0.0238896050975225,0.0018));
#2037=CARTESIAN_POINT('',(-0.0212441277027418,-0.0238896050975225,0.0028));
#2038=CARTESIAN_POINT('',(-0.0212441277027418,-0.0238896050975225,0.0028));
#2039=CARTESIAN_POINT('',(-0.0212942514892986,-0.0233166875955661,0.0028));
#2040=CARTESIAN_POINT('',(-0.0206712102007855,-0.0238394813109657,0.0028));
#2041=CARTESIAN_POINT('',(-0.0206712102007855,-0.0238394813109657,0.0018));
#2042=CARTESIAN_POINT('',(-0.020098292698829,-0.023789357524409,0.0018));
#2043=CARTESIAN_POINT('',(-0.020098292698829,-0.023789357524409,0.0028));
#2044=CARTESIAN_POINT('',(-0.020098292698829,-0.023789357524409,0.0028));
#2045=CARTESIAN_POINT('',(-0.0206712102007855,-0.0238394813109657,0.0028));
#2046=CARTESIAN_POINT('',(-0.0200481689122723,-0.0243622750263654,0.0028));
#2047=CARTESIAN_POINT('',(-0.0200481689122723,-0.0243622750263654,0.0018));
#2048=CARTESIAN_POINT('',(-0.0199980451257155,-0.0249351925283217,0.0018));
#2049=CARTESIAN_POINT('',(-0.0199980451257155,-0.0249351925283217,0.0028));
#2050=CARTESIAN_POINT('',(-0.0199980451257155,-0.0249351925283217,0.0028));
#2051=CARTESIAN_POINT('',(-0.0200481689122723,-0.0243622750263654,0.0028));
#2052=CARTESIAN_POINT('',(-0.0194251276237591,-0.0248850687417649,0.0028));
#2053=CARTESIAN_POINT('',(-0.0194251276237591,-0.0248850687417649,0.0018));
#2054=CARTESIAN_POINT('',(-0.0188522101218027,-0.0248349449552081,0.0018));
#2055=CARTESIAN_POINT('',(-0.0188522101218027,-0.0248349449552081,0.0028));
#2056=CARTESIAN_POINT('',(-0.0188522101218027,-0.0248349449552081,0.0028));
#2057=CARTESIAN_POINT('',(-0.0194251276237591,-0.0248850687417649,0.0028));
#2058=CARTESIAN_POINT('',(-0.0187345314001396,-0.0261800188987392,0.0028));
#2059=CARTESIAN_POINT('',(-0.0187345314001396,-0.0261800188987392,0.0018));
#2060=CARTESIAN_POINT('',(-0.0186168526784766,-0.0275250928422704,0.0018));
#2061=CARTESIAN_POINT('',(-0.0186168526784766,-0.0275250928422704,0.0028));
#2062=CARTESIAN_POINT('',(-0.0186168526784766,-0.0275250928422704,0.0028));
#2063=CARTESIAN_POINT('',(-0.0187345314001396,-0.0261800188987392,0.0028));
#2064=CARTESIAN_POINT('',(-0.0191897701804329,-0.0275752166288271,0.0028));
#2065=CARTESIAN_POINT('',(-0.0191897701804329,-0.0275752166288271,0.0018));
#2066=CARTESIAN_POINT('',(-0.0197626876823893,-0.0276253404153839,0.0018));
#2067=CARTESIAN_POINT('',(-0.0197626876823893,-0.0276253404153839,0.0028));
#2068=CARTESIAN_POINT('',(-0.0197626876823893,-0.0276253404153839,0.0028));
#2069=CARTESIAN_POINT('',(-0.0191897701804329,-0.0275752166288271,0.0028));
#2070=CARTESIAN_POINT('',(-0.0195796236847118,-0.0297177714835911,0.0028));
#2071=CARTESIAN_POINT('',(-0.0195796236847118,-0.0297177714835911,0.0018));
#2072=CARTESIAN_POINT('',(-0.0193965596870342,-0.0318102025517983,0.0018));
#2073=CARTESIAN_POINT('',(-0.0193965596870342,-0.0318102025517983,0.0028));
#2074=CARTESIAN_POINT('',(-0.0193965596870342,-0.0318102025517983,0.0028));
#2075=CARTESIAN_POINT('',(-0.0195796236847118,-0.0297177714835911,0.0028));
#2076=CARTESIAN_POINT('',(-0.0188236421850779,-0.0317600787652415,0.0028));
#2077=CARTESIAN_POINT('',(-0.0188236421850779,-0.0317600787652415,0.0018));
#2078=CARTESIAN_POINT('',(-0.0182507246831215,-0.0317099549786847,0.0018));
#2079=CARTESIAN_POINT('',(-0.0182507246831215,-0.0317099549786847,0.0028));
#2080=CARTESIAN_POINT('',(-0.0182507246831215,-0.0317099549786847,0.0028));
#2081=CARTESIAN_POINT('',(-0.0188236421850779,-0.0317600787652415,0.0028));
#2082=CARTESIAN_POINT('',(-0.0182006008965647,-0.0322828724806411,0.0028));
#2083=CARTESIAN_POINT('',(-0.0182006008965647,-0.0322828724806411,0.0018));
#2084=CARTESIAN_POINT('',(-0.0181504771100079,-0.0328557899825975,0.0018));
#2085=CARTESIAN_POINT('',(-0.0181504771100079,-0.0328557899825975,0.0028));
#2086=CARTESIAN_POINT('',(-0.0181504771100079,-0.0328557899825975,0.0028));
#2087=CARTESIAN_POINT('',(-0.0182006008965647,-0.0322828724806411,0.0028));
#2088=CARTESIAN_POINT('',(-0.0160580460418007,-0.0326727259849199,0.0028));
#2089=CARTESIAN_POINT('',(-0.0160580460418007,-0.0326727259849199,0.0018));
#2090=CARTESIAN_POINT('',(-0.0139656149735936,-0.0324896619872424,0.0018));
#2091=CARTESIAN_POINT('',(-0.0139656149735936,-0.0324896619872424,0.0028));
#2092=CARTESIAN_POINT('',(-0.0139656149735936,-0.0324896619872424,0.0028));
#2093=CARTESIAN_POINT('',(-0.0160580460418007,-0.0326727259849199,0.0028));
#2094=CARTESIAN_POINT('',(-0.0140157387601504,-0.031916744485286,0.0028));
#2095=CARTESIAN_POINT('',(-0.0140157387601504,-0.031916744485286,0.0018));
#2096=CARTESIAN_POINT('',(-0.0140658625467071,-0.0313438269833296,0.0018));
#2097=CARTESIAN_POINT('',(-0.0140658625467071,-0.0313438269833296,0.0028));
#2098=CARTESIAN_POINT('',(-0.0140658625467071,-0.0313438269833296,0.0028));
#2099=CARTESIAN_POINT('',(-0.0140157387601504,-0.031916744485286,0.0028));
#2100=CARTESIAN_POINT('',(-0.0129200275427944,-0.031243579410216,0.0028));
#2101=CARTESIAN_POINT('',(-0.0129200275427944,-0.031243579410216,0.0018));
#2102=CARTESIAN_POINT('',(-0.0117741925388816,-0.0311433318371025,0.0018));
#2103=CARTESIAN_POINT('',(-0.0117741925388816,-0.0311433318371025,0.0028));
#2104=CARTESIAN_POINT('',(-0.0117741925388816,-0.0311433318371025,0.0028));
#2105=CARTESIAN_POINT('',(-0.0129200275427944,-0.031243579410216,0.0028));
#2106=CARTESIAN_POINT('',(-0.0118243163254384,-0.0305704143351461,0.0028));
#2107=CARTESIAN_POINT('',(-0.0118243163254384,-0.0305704143351461,0.0018));
#2108=CARTESIAN_POINT('',(-0.0118744401119952,-0.0299974968331897,0.0018));
#2109=CARTESIAN_POINT('',(-0.0118744401119952,-0.0299974968331897,0.0028));
#2110=CARTESIAN_POINT('',(-0.0118744401119952,-0.0299974968331897,0.0028));
#2111=CARTESIAN_POINT('',(-0.0118243163254384,-0.0305704143351461,0.0028));
#2112=CARTESIAN_POINT('',(-0.0105293661684641,-0.0298798181115267,0.0028));
#2113=CARTESIAN_POINT('',(-0.0105293661684641,-0.0298798181115267,0.0018));
#2114=CARTESIAN_POINT('',(-0.00918429222493296,-0.0297621393898636,0.0018));
#2115=CARTESIAN_POINT('',(-0.00918429222493296,-0.0297621393898636,0.0028));
#2116=CARTESIAN_POINT('',(-0.00918429222493296,-0.0297621393898636,0.0028));
#2117=CARTESIAN_POINT('',(-0.0105293661684641,-0.0298798181115267,0.0028));
#2118=CARTESIAN_POINT('',(-0.00913416843837618,-0.03033505689182,0.0028));
#2119=CARTESIAN_POINT('',(-0.00913416843837618,-0.03033505689182,0.0018));
#2120=CARTESIAN_POINT('',(-0.00908404465181941,-0.0309079743937763,0.0018));
#2121=CARTESIAN_POINT('',(-0.00908404465181941,-0.0309079743937763,0.0028));
#2122=CARTESIAN_POINT('',(-0.00908404465181941,-0.0309079743937763,0.0028));
#2123=CARTESIAN_POINT('',(-0.00913416843837618,-0.03033505689182,0.0028));
#2124=CARTESIAN_POINT('',(-0.00851112714986303,-0.0308578506072196,0.0028));
#2125=CARTESIAN_POINT('',(-0.00851112714986303,-0.0308578506072196,0.0018));
#2126=CARTESIAN_POINT('',(-0.00793820964790665,-0.0308077268206628,0.0018));
#2127=CARTESIAN_POINT('',(-0.00793820964790665,-0.0308077268206628,0.0028));
#2128=CARTESIAN_POINT('',(-0.00793820964790665,-0.0308077268206628,0.0028));
#2129=CARTESIAN_POINT('',(-0.00851112714986303,-0.0308578506072196,0.0028));
#2130=CARTESIAN_POINT('',(-0.00788808586134988,-0.0313806443226192,0.0028));
#2131=CARTESIAN_POINT('',(-0.00788808586134988,-0.0313806443226192,0.0018));
#2132=CARTESIAN_POINT('',(-0.0078379620747931,-0.0319535618245756,0.0018));
#2133=CARTESIAN_POINT('',(-0.0078379620747931,-0.0319535618245756,0.0028));
#2134=CARTESIAN_POINT('',(-0.0078379620747931,-0.0319535618245756,0.0028));
#2135=CARTESIAN_POINT('',(-0.00788808586134988,-0.0313806443226192,0.0028));
#2136=CARTESIAN_POINT('',(-0.00574553100658594,-0.0317704978268979,0.0028));
#2137=CARTESIAN_POINT('',(-0.00574553100658594,-0.0317704978268979,0.0018));
#2138=CARTESIAN_POINT('',(-0.00365309993837877,-0.0315874338292204,0.0018));
#2139=CARTESIAN_POINT('',(-0.00365309993837877,-0.0315874338292204,0.0028));
#2140=CARTESIAN_POINT('',(-0.00365309993837877,-0.0315874338292204,0.0028));
#2141=CARTESIAN_POINT('',(-0.00574553100658594,-0.0317704978268979,0.0028));
#2142=CARTESIAN_POINT('',(-0.00370322372493555,-0.031014516327264,0.0028));
#2143=CARTESIAN_POINT('',(-0.00370322372493555,-0.031014516327264,0.0018));
#2144=CARTESIAN_POINT('',(-0.00375334751149232,-0.0304415988253076,0.0018));
#2145=CARTESIAN_POINT('',(-0.00375334751149232,-0.0304415988253076,0.0028));
#2146=CARTESIAN_POINT('',(-0.00375334751149232,-0.0304415988253076,0.0028));
#2147=CARTESIAN_POINT('',(-0.00370322372493555,-0.031014516327264,0.0028));
#2148=CARTESIAN_POINT('',(-0.00318043000953595,-0.0303914750387509,0.0028));
#2149=CARTESIAN_POINT('',(-0.00318043000953595,-0.0303914750387509,0.0018));
#2150=CARTESIAN_POINT('',(-0.00260751250757956,-0.0303413512521941,0.0018));
#2151=CARTESIAN_POINT('',(-0.00260751250757956,-0.0303413512521941,0.0028));
#2152=CARTESIAN_POINT('',(-0.00260751250757956,-0.0303413512521941,0.0028));
#2153=CARTESIAN_POINT('',(-0.00318043000953595,-0.0303914750387509,0.0028));
#2154=CARTESIAN_POINT('',(-0.00279057650525713,-0.0282489201839869,0.0028));
#2155=CARTESIAN_POINT('',(-0.00279057650525713,-0.0282489201839869,0.0018));
#2156=CARTESIAN_POINT('',(-0.00297364050293469,-0.0261564891157797,0.0018));
#2157=CARTESIAN_POINT('',(-0.00297364050293469,-0.0261564891157797,0.0028));
#2158=CARTESIAN_POINT('',(-0.00297364050293469,-0.0261564891157797,0.0028));
#2159=CARTESIAN_POINT('',(-0.00279057650525713,-0.0282489201839869,0.0028));
#2160=CARTESIAN_POINT('',(-0.00354655800489107,-0.0262066129023365,0.0028));
#2161=CARTESIAN_POINT('',(-0.00354655800489107,-0.0262066129023365,0.0018));
#2162=CARTESIAN_POINT('',(-0.00411947550684745,-0.0262567366888933,0.0018));
#2163=CARTESIAN_POINT('',(-0.00411947550684745,-0.0262567366888933,0.0028));
#2164=CARTESIAN_POINT('',(-0.00411947550684745,-0.0262567366888933,0.0028));
#2165=CARTESIAN_POINT('',(-0.00354655800489107,-0.0262066129023365,0.0028));
#2166=CARTESIAN_POINT('',(-0.00423715422851054,-0.0249116627453622,0.0028));
#2167=CARTESIAN_POINT('',(-0.00423715422851054,-0.0249116627453622,0.0018));
#2168=CARTESIAN_POINT('',(-0.00435483295017361,-0.0235665888018311,0.0018));
#2169=CARTESIAN_POINT('',(-0.00435483295017361,-0.0235665888018311,0.0028));
#2170=CARTESIAN_POINT('',(-0.00435483295017361,-0.0235665888018311,0.0028));
#2171=CARTESIAN_POINT('',(-0.00423715422851054,-0.0249116627453622,0.0028));
#2172=CARTESIAN_POINT('',(-0.00378191544821724,-0.0235164650152743,0.0028));
#2173=CARTESIAN_POINT('',(-0.00378191544821724,-0.0235164650152743,0.0018));
#2174=CARTESIAN_POINT('',(-0.00320899794626086,-0.0234663412287176,0.0018));
#2175=CARTESIAN_POINT('',(-0.00320899794626086,-0.0234663412287176,0.0028));
#2176=CARTESIAN_POINT('',(-0.00320899794626086,-0.0234663412287176,0.0028));
#2177=CARTESIAN_POINT('',(-0.00378191544821724,-0.0235164650152743,0.0028));
#2178=CARTESIAN_POINT('',(-0.00325912173281763,-0.0228934237267611,0.0028));
#2179=CARTESIAN_POINT('',(-0.00325912173281763,-0.0228934237267611,0.0018));
#2180=CARTESIAN_POINT('',(-0.00330924551937441,-0.0223205062248048,0.0018));
#2181=CARTESIAN_POINT('',(-0.00330924551937441,-0.0223205062248048,0.0028));
#2182=CARTESIAN_POINT('',(-0.00330924551937441,-0.0223205062248048,0.0028));
#2183=CARTESIAN_POINT('',(-0.00325912173281763,-0.0228934237267611,0.0028));
#2184=CARTESIAN_POINT('',(-0.00273632801741803,-0.022270382438248,0.0028));
#2185=CARTESIAN_POINT('',(-0.00273632801741803,-0.022270382438248,0.0018));
#2186=CARTESIAN_POINT('',(-0.00216341051546165,-0.0222202586516912,0.0018));
#2187=CARTESIAN_POINT('',(-0.00216341051546165,-0.0222202586516912,0.0028));
#2188=CARTESIAN_POINT('',(-0.00216341051546165,-0.0222202586516912,0.0028));
#2189=CARTESIAN_POINT('',(-0.00273632801741803,-0.022270382438248,0.0028));
#2190=CARTESIAN_POINT('',(-0.00221353430201843,-0.0216473411497349,0.0028));
#2191=CARTESIAN_POINT('',(-0.00221353430201843,-0.0216473411497349,0.0018));
#2192=CARTESIAN_POINT('',(-0.0022636580885752,-0.0210744236477785,0.0018));
#2193=CARTESIAN_POINT('',(-0.0022636580885752,-0.0210744236477785,0.0028));
#2194=CARTESIAN_POINT('',(-0.0022636580885752,-0.0210744236477785,0.0028));
#2195=CARTESIAN_POINT('',(-0.00221353430201843,-0.0216473411497349,0.0028));
#2196=CARTESIAN_POINT('',(-0.00169074058661882,-0.0210242998612217,0.0028));
#2197=CARTESIAN_POINT('',(-0.00169074058661882,-0.0210242998612217,0.0018));
#2198=CARTESIAN_POINT('',(-0.00111782308466244,-0.0209741760746649,0.0018));
#2199=CARTESIAN_POINT('',(-0.00111782308466244,-0.0209741760746649,0.0028));
#2200=CARTESIAN_POINT('',(-0.00111782308466244,-0.0209741760746649,0.0028));
#2201=CARTESIAN_POINT('',(-0.00169074058661882,-0.0210242998612217,0.0028));
#2202=CARTESIAN_POINT('',(-0.00120063950922646,-0.0200275800103705,0.0028));
#2203=CARTESIAN_POINT('',(-0.00120063950922646,-0.0200275800103705,0.0018));
#2204=CARTESIAN_POINT('',(-0.00128345593379048,-0.0190809839460761,0.0018));
#2205=CARTESIAN_POINT('',(-0.00128345593379048,-0.0190809839460761,0.0028));
#2206=CARTESIAN_POINT('',(-0.00128345593379048,-0.0190809839460761,0.0028));
#2207=CARTESIAN_POINT('',(-0.00120063950922646,-0.0200275800103705,0.0028));
#2208=CARTESIAN_POINT('',(-0.00185637343574685,-0.0191311077326329,0.0028));
#2209=CARTESIAN_POINT('',(-0.00185637343574685,-0.0191311077326329,0.0018));
#2210=CARTESIAN_POINT('',(-0.00242929093770324,-0.0191812315191896,0.0018));
#2211=CARTESIAN_POINT('',(-0.00242929093770324,-0.0191812315191896,0.0028));
#2212=CARTESIAN_POINT('',(-0.00242929093770324,-0.0191812315191896,0.0028));
#2213=CARTESIAN_POINT('',(-0.00185637343574685,-0.0191311077326329,0.0028));
#2214=CARTESIAN_POINT('',(-0.00247941472426001,-0.0186083140172333,0.0028));
#2215=CARTESIAN_POINT('',(-0.00247941472426001,-0.0186083140172333,0.0018));
#2216=CARTESIAN_POINT('',(-0.00252953851081679,-0.0180353965152769,0.0018));
#2217=CARTESIAN_POINT('',(-0.00252953851081679,-0.0180353965152769,0.0028));
#2218=CARTESIAN_POINT('',(-0.00252953851081679,-0.0180353965152769,0.0028));
#2219=CARTESIAN_POINT('',(-0.00247941472426001,-0.0186083140172333,0.0028));
#2220=CARTESIAN_POINT('',(-0.00539412602059868,-0.0182860154480608,0.0028));
#2221=CARTESIAN_POINT('',(-0.00539412602059868,-0.0182860154480608,0.0018));
#2222=CARTESIAN_POINT('',(-0.00825871353038057,-0.0185366343808447,0.0018));
#2223=CARTESIAN_POINT('',(-0.00825871353038057,-0.0185366343808447,0.0028));
#2224=CARTESIAN_POINT('',(-0.00825871353038057,-0.0185366343808447,0.0028));
#2225=CARTESIAN_POINT('',(-0.00539412602059868,-0.0182860154480608,0.0028));
#2226=CARTESIAN_POINT('',(-0.00830883731693734,-0.0179637168788883,0.0028));
#2227=CARTESIAN_POINT('',(-0.00830883731693734,-0.0179637168788883,0.0018));
#2228=CARTESIAN_POINT('',(-0.00835896110349411,-0.0173907993769319,0.0018));
#2229=CARTESIAN_POINT('',(-0.00835896110349411,-0.0173907993769319,0.0028));
#2230=CARTESIAN_POINT('',(-0.00835896110349411,-0.0173907993769319,0.0028));
#2231=CARTESIAN_POINT('',(-0.00830883731693734,-0.0179637168788883,0.0028));
#2232=CARTESIAN_POINT('',(-0.0168413392715508,-0.0260143860496112,0.0028));
#2233=CARTESIAN_POINT('',(-0.0168413392715508,-0.0260143860496112,0.0018));
#2234=CARTESIAN_POINT('',(-0.0169590179932139,-0.0246693121060802,0.0018));
#2235=CARTESIAN_POINT('',(-0.0167236605498878,-0.0273594599931424,0.0018));
#2236=CARTESIAN_POINT('',(-0.0169590179932139,-0.0246693121060802,0.0028));
#2237=CARTESIAN_POINT('',(-0.0169590179932139,-0.0246693121060802,0.0028));
#2238=CARTESIAN_POINT('',(-0.0168413392715508,-0.0260143860496112,0.0028));
#2239=CARTESIAN_POINT('',(-0.0167236605498878,-0.0273594599931424,0.0028));
#2240=CARTESIAN_POINT('',(-0.0167236605498878,-0.0273594599931424,0.0028));
#2241=CARTESIAN_POINT('',(-0.0121764390379446,-0.0242508906650764,0.0028));
#2242=CARTESIAN_POINT('',(-0.0121764390379446,-0.0242508906650764,0.0018));
#2243=CARTESIAN_POINT('',(-0.00739386008267519,-0.0238324692240727,0.0018));
#2244=CARTESIAN_POINT('',(-0.00739386008267519,-0.0238324692240727,0.0028));
#2245=CARTESIAN_POINT('',(-0.00739386008267519,-0.0238324692240727,0.0028));
#2246=CARTESIAN_POINT('',(-0.0121764390379446,-0.0242508906650764,0.0028));
#2247=CARTESIAN_POINT('',(-0.00727618136101211,-0.0251775431676038,0.0028));
#2248=CARTESIAN_POINT('',(-0.00727618136101211,-0.0251775431676038,0.0018));
#2249=CARTESIAN_POINT('',(-0.00715850263934902,-0.0265226171111349,0.0018));
#2250=CARTESIAN_POINT('',(-0.00715850263934902,-0.0265226171111349,0.0028));
#2251=CARTESIAN_POINT('',(-0.00715850263934902,-0.0265226171111349,0.0028));
#2252=CARTESIAN_POINT('',(-0.00727618136101211,-0.0251775431676038,0.0028));
#2253=CARTESIAN_POINT('',(-0.00830433764326178,-0.0266228646842484,0.0028));
#2254=CARTESIAN_POINT('',(-0.00830433764326178,-0.0266228646842484,0.0018));
#2255=CARTESIAN_POINT('',(-0.00945017264717454,-0.026723112257362,0.0018));
#2256=CARTESIAN_POINT('',(-0.00945017264717454,-0.026723112257362,0.0028));
#2257=CARTESIAN_POINT('',(-0.00945017264717454,-0.026723112257362,0.0028));
#2258=CARTESIAN_POINT('',(-0.00830433764326178,-0.0266228646842484,0.0028));
#2259=CARTESIAN_POINT('',(-0.00940004886061776,-0.0272960297593183,0.0028));
#2260=CARTESIAN_POINT('',(-0.00940004886061776,-0.0272960297593183,0.0018));
#2261=CARTESIAN_POINT('',(-0.00934992507406099,-0.0278689472612747,0.0018));
#2262=CARTESIAN_POINT('',(-0.00934992507406099,-0.0278689472612747,0.0028));
#2263=CARTESIAN_POINT('',(-0.00934992507406099,-0.0278689472612747,0.0028));
#2264=CARTESIAN_POINT('',(-0.00940004886061776,-0.0272960297593183,0.0028));
#2265=CARTESIAN_POINT('',(-0.0118408340215048,-0.0280868735560514,0.0028));
#2266=CARTESIAN_POINT('',(-0.0118408340215048,-0.0280868735560514,0.0018));
#2267=CARTESIAN_POINT('',(-0.0143317429689487,-0.028304799850828,0.0018));
#2268=CARTESIAN_POINT('',(-0.0143317429689487,-0.028304799850828,0.0028));
#2269=CARTESIAN_POINT('',(-0.0143317429689487,-0.028304799850828,0.0028));
#2270=CARTESIAN_POINT('',(-0.0118408340215048,-0.0280868735560514,0.0028));
#2271=CARTESIAN_POINT('',(-0.0143818667555055,-0.0277318823488716,0.0028));
#2272=CARTESIAN_POINT('',(-0.0143818667555055,-0.0277318823488716,0.0018));
#2273=CARTESIAN_POINT('',(-0.0144319905420623,-0.0271589648469153,0.0018));
#2274=CARTESIAN_POINT('',(-0.0144319905420623,-0.0271589648469153,0.0028));
#2275=CARTESIAN_POINT('',(-0.0144319905420623,-0.0271589648469153,0.0028));
#2276=CARTESIAN_POINT('',(-0.0143818667555055,-0.0277318823488716,0.0028));
#2277=CARTESIAN_POINT('',(-0.0160463707735355,-0.021903715962803,0.0028));
#2278=CARTESIAN_POINT('',(-0.0160463707735355,-0.021903715962803,0.0018));
#2279=CARTESIAN_POINT('',(-0.0162141732817554,-0.0199857245173156,0.0018));
#2280=CARTESIAN_POINT('',(-0.0158785682653157,-0.0238217074082905,0.0018));
#2281=CARTESIAN_POINT('',(-0.0162141732817554,-0.0199857245173156,0.0028));
#2282=CARTESIAN_POINT('',(-0.0162141732817554,-0.0199857245173156,0.0028));
#2283=CARTESIAN_POINT('',(-0.0160463707735355,-0.021903715962803,0.0028));
#2284=CARTESIAN_POINT('',(-0.0158785682653157,-0.0238217074082905,0.0028));
#2285=CARTESIAN_POINT('',(-0.0158785682653157,-0.0238217074082905,0.0028));
#2286=CARTESIAN_POINT('',(-0.0154420168401807,-0.0199181695822092,0.0028));
#2287=CARTESIAN_POINT('',(-0.0154420168401807,-0.0199181695822092,0.0018));
#2288=CARTESIAN_POINT('',(-0.0146698603986059,-0.019850614647103,0.0018));
#2289=CARTESIAN_POINT('',(-0.0146698603986059,-0.019850614647103,0.0028));
#2290=CARTESIAN_POINT('',(-0.0146698603986059,-0.019850614647103,0.0028));
#2291=CARTESIAN_POINT('',(-0.0154420168401807,-0.0199181695822092,0.0028));
#2292=CARTESIAN_POINT('',(-0.0145020578903861,-0.0217686060925904,0.0028));
#2293=CARTESIAN_POINT('',(-0.0145020578903861,-0.0217686060925904,0.0018));
#2294=CARTESIAN_POINT('',(-0.0143342553821662,-0.0236865975380779,0.0018));
#2295=CARTESIAN_POINT('',(-0.0143342553821662,-0.0236865975380779,0.0028));
#2296=CARTESIAN_POINT('',(-0.0143342553821662,-0.0236865975380779,0.0028));
#2297=CARTESIAN_POINT('',(-0.0145020578903861,-0.0217686060925904,0.0028));
#2298=CARTESIAN_POINT('',(-0.0114630307578845,-0.0215027256703488,0.0028));
#2299=CARTESIAN_POINT('',(-0.0114630307578845,-0.0215027256703488,0.0018));
#2300=CARTESIAN_POINT('',(-0.0116308332661043,-0.0195847342248614,0.0018));
#2301=CARTESIAN_POINT('',(-0.0112952282496646,-0.0234207171158363,0.0018));
#2302=CARTESIAN_POINT('',(-0.0116308332661043,-0.0195847342248614,0.0028));
#2303=CARTESIAN_POINT('',(-0.0116308332661043,-0.0195847342248614,0.0028));
#2304=CARTESIAN_POINT('',(-0.0114630307578845,-0.0215027256703488,0.0028));
#2305=CARTESIAN_POINT('',(-0.0112952282496646,-0.0234207171158363,0.0028));
#2306=CARTESIAN_POINT('',(-0.0112952282496646,-0.0234207171158363,0.0028));
#2307=CARTESIAN_POINT('',(-0.0108586768245296,-0.0195171792897551,0.0028));
#2308=CARTESIAN_POINT('',(-0.0108586768245296,-0.0195171792897551,0.0018));
#2309=CARTESIAN_POINT('',(-0.0100865203829549,-0.0194496243546488,0.0018));
#2310=CARTESIAN_POINT('',(-0.0100865203829549,-0.0194496243546488,0.0028));
#2311=CARTESIAN_POINT('',(-0.0100865203829549,-0.0194496243546488,0.0028));
#2312=CARTESIAN_POINT('',(-0.0108586768245296,-0.0195171792897551,0.0028));
#2313=CARTESIAN_POINT('',(-0.00991871787473504,-0.0213676158001362,0.0028));
#2314=CARTESIAN_POINT('',(-0.00991871787473504,-0.0213676158001362,0.0018));
#2315=CARTESIAN_POINT('',(-0.00975091536651519,-0.0232856072456237,0.0018));
#2316=CARTESIAN_POINT('',(-0.00975091536651519,-0.0232856072456237,0.0028));
#2317=CARTESIAN_POINT('',(-0.00975091536651519,-0.0232856072456237,0.0028));
#2318=CARTESIAN_POINT('',(-0.00991871787473504,-0.0213676158001362,0.0028));
#2319=CARTESIAN_POINT('',(-0.015577825545975,-0.0272592124200288,0.0028));
#2320=CARTESIAN_POINT('',(-0.015577825545975,-0.0272592124200288,0.0018));
#2321=CARTESIAN_POINT('',(-0.015577825545975,-0.0272592124200288,0.0028));
#2322=CARTESIAN_POINT('',(-0.015106411823741,-0.0237541524731842,0.0028));
#2323=CARTESIAN_POINT('',(-0.015106411823741,-0.0237541524731842,0.0018));
#2324=CARTESIAN_POINT('',(-0.015106411823741,-0.0237541524731842,0.0028));
#2325=CARTESIAN_POINT('',(-0.0105230718080899,-0.02335316218073,0.0028));
#2326=CARTESIAN_POINT('',(-0.0105230718080899,-0.02335316218073,0.0018));
#2327=CARTESIAN_POINT('',(-0.0105230718080899,-0.02335316218073,0.0028));
#2328=CARTESIAN_POINT('',(-0.00858706412013451,-0.017410755805004,0.0028));
#2329=CARTESIAN_POINT('',(-0.00858706412013451,-0.017410755805004,0.0018));
#2330=CARTESIAN_POINT('',(-0.00858706412013451,-0.017410755805004,0.0028));
#2331=CARTESIAN_POINT('',(-0.0118868331067793,-0.0229819960316095,0.0028));
#2332=CARTESIAN_POINT('',(-0.0118868331067793,-0.0229819960316095,0.0018));
#2333=MECHANICAL_DESIGN_GEOMETRIC_PRESENTATION_REPRESENTATION('',(#1482),
#2334);
#2334=(
GEOMETRIC_REPRESENTATION_CONTEXT(3)
GLOBAL_UNCERTAINTY_ASSIGNED_CONTEXT((#2335))
GLOBAL_UNIT_ASSIGNED_CONTEXT((#2338,#2337,#2336))
REPRESENTATION_CONTEXT('Star','TOP_LEVEL_ASSEMBLY_PART')
);
#2335=UNCERTAINTY_MEASURE_WITH_UNIT(LENGTH_MEASURE(1.E-8),#2338,
'DISTANCE_ACCURACY_VALUE','Maximum Tolerance applied to model');
#2336=(
NAMED_UNIT(*)
SI_UNIT($,.STERADIAN.)
SOLID_ANGLE_UNIT()
);
#2337=(
NAMED_UNIT(*)
PLANE_ANGLE_UNIT()
SI_UNIT($,.RADIAN.)
);
#2338=(
LENGTH_UNIT()
NAMED_UNIT(*)
SI_UNIT($,.METRE.)
);
#2339=PRODUCT_DEFINITION_SHAPE('','',#2340);
#2340=PRODUCT_DEFINITION('','',#2342,#2341);
#2341=PRODUCT_DEFINITION_CONTEXT('',#2348,'design');
#2342=PRODUCT_DEFINITION_FORMATION_WITH_SPECIFIED_SOURCE('','',#2344,
 .NOT_KNOWN.);
#2343=PRODUCT_RELATED_PRODUCT_CATEGORY('','',(#2344));
#2344=PRODUCT('Star','Star','Star',(#2346));
#2345=PRODUCT_CATEGORY('','');
#2346=PRODUCT_CONTEXT('',#2348,'mechanical');
#2347=APPLICATION_PROTOCOL_DEFINITION('international standard',
'ap242_managed_model_based_3d_engineering',2020,#2348);
#2348=APPLICATION_CONTEXT('managed model based 3d engineering');
ENDSEC;
END-ISO-10303-21;
