ISO-10303-21;
HEADER;
/* Generated by software containing ST-Developer
 * from STEP Tools, Inc. (www.steptools.com) 
 */
/* OPTION: using custom renumber hook */

FILE_DESCRIPTION(
/* description */ ('STEP AP242 Edition 2',
'CAx-IF Rec.Pracs.---Representation and Presentation of Product Manufa
cturing Information (PMI)---4.0---2014-10-13',
'CAx-IF Rec.Pracs.---3D Tessellated Geometry---0.4---2014-09-14','2;1',
'CAx-IF Rec.Pracs.---User Defined Attributes---1.5---2016-08-15'),
/* implementation_level */ '2;1');

FILE_NAME(
/* name */ 'CompleteShell - BatteryCoverL',
/* time_stamp */ '2026-09-23T14:41:01Z',
/* author */ (''),
/* organization */ (''),
/* preprocessor_version */ 'ST-DEVELOPER v20',
/* originating_system */ 'ONSHAPE BY PTC INC, 1.221',
/* authorisation */ '  ');

FILE_SCHEMA (('AP242_MANAGED_MODEL_BASED_3D_ENGINEERING_MIM_LF { 1 0 10303 442 3 1 4 }'));
ENDSEC;

DATA;
#10=SHAPE_REPRESENTATION_RELATIONSHIP('','',#6654,#11);
#11=ADVANCED_BREP_SHAPE_REPRESENTATION('',(#6652),#12000);
#12=CYLINDRICAL_SURFACE('',#6714,0.0011);
#13=CYLINDRICAL_SURFACE('',#6985,0.000320075753777705);
#14=CYLINDRICAL_SURFACE('',#6986,0.000667121237836088);
#15=CYLINDRICAL_SURFACE('',#6987,0.00289907545436355);
#16=CYLINDRICAL_SURFACE('',#6988,0.00422205533264169);
#17=CYLINDRICAL_SURFACE('',#6989,0.0022929870651916);
#18=CYLINDRICAL_SURFACE('',#6990,0.0111821129667148);
#19=CYLINDRICAL_SURFACE('',#6991,0.0020203625239256);
#20=CYLINDRICAL_SURFACE('',#6993,0.00130948274778388);
#21=CYLINDRICAL_SURFACE('',#6995,0.00197272743242778);
#22=CYLINDRICAL_SURFACE('',#6997,0.00298572165551997);
#23=CYLINDRICAL_SURFACE('',#6999,0.00222422095348472);
#24=CYLINDRICAL_SURFACE('',#7001,0.00166219048161892);
#25=CYLINDRICAL_SURFACE('',#7003,0.00131760394549487);
#26=CYLINDRICAL_SURFACE('',#7005,0.0044104823475599);
#27=CYLINDRICAL_SURFACE('',#7007,0.00618101608489743);
#28=CYLINDRICAL_SURFACE('',#7009,0.0101846816507115);
#29=CYLINDRICAL_SURFACE('',#7011,0.00654035664304277);
#30=CYLINDRICAL_SURFACE('',#7013,0.00423449884740068);
#31=CYLINDRICAL_SURFACE('',#7015,0.00424830699232438);
#32=CYLINDRICAL_SURFACE('',#7017,0.00662532482576892);
#33=CYLINDRICAL_SURFACE('',#7019,0.00459011264954871);
#34=CYLINDRICAL_SURFACE('',#7021,0.00368385990986568);
#35=CYLINDRICAL_SURFACE('',#7023,0.00340616018723344);
#36=CYLINDRICAL_SURFACE('',#7025,0.000265646365277879);
#37=CYLINDRICAL_SURFACE('',#7027,0.000395427195466268);
#38=CYLINDRICAL_SURFACE('',#7029,0.0289399365840357);
#39=CYLINDRICAL_SURFACE('',#7031,0.0168581616069003);
#40=CYLINDRICAL_SURFACE('',#7033,0.00513045039117107);
#41=CYLINDRICAL_SURFACE('',#7035,0.0120650069964669);
#42=CYLINDRICAL_SURFACE('',#7037,0.00163082020870327);
#43=CYLINDRICAL_SURFACE('',#7039,0.0018307609487637);
#44=CYLINDRICAL_SURFACE('',#7041,0.0174527263541083);
#45=CYLINDRICAL_SURFACE('',#7043,0.00871139781738781);
#46=CYLINDRICAL_SURFACE('',#7045,0.00943663945083104);
#47=CYLINDRICAL_SURFACE('',#7047,0.00831989524935662);
#48=CYLINDRICAL_SURFACE('',#7049,0.00165493599651388);
#49=CYLINDRICAL_SURFACE('',#7051,0.0059183455741975);
#50=CYLINDRICAL_SURFACE('',#7053,0.00629264439544915);
#51=CYLINDRICAL_SURFACE('',#7055,0.00538054355098349);
#52=CYLINDRICAL_SURFACE('',#7057,0.0057738977915633);
#53=CYLINDRICAL_SURFACE('',#7059,0.0114392722950316);
#54=CYLINDRICAL_SURFACE('',#7061,0.0113832873020882);
#55=CYLINDRICAL_SURFACE('',#7063,0.00548717202565721);
#56=CYLINDRICAL_SURFACE('',#7065,0.00226202460071058);
#57=CYLINDRICAL_SURFACE('',#7067,0.00528056230699962);
#58=CYLINDRICAL_SURFACE('',#7069,0.00525110626285026);
#59=CYLINDRICAL_SURFACE('',#7071,0.00217511953914026);
#60=CYLINDRICAL_SURFACE('',#7073,0.00182313903592601);
#61=CYLINDRICAL_SURFACE('',#7075,0.00531073252884737);
#62=CYLINDRICAL_SURFACE('',#7077,0.00527695522311687);
#63=CYLINDRICAL_SURFACE('',#7079,0.0016123518874789);
#64=CYLINDRICAL_SURFACE('',#7081,0.00304708905416981);
#65=CYLINDRICAL_SURFACE('',#7083,0.00317079948934231);
#66=CYLINDRICAL_SURFACE('',#7086,0.000529551217076821);
#67=CYLINDRICAL_SURFACE('',#7087,0.00250049249772219);
#68=CYLINDRICAL_SURFACE('',#7088,0.0248208527165102);
#69=CYLINDRICAL_SURFACE('',#7090,0.0888693533597881);
#70=CYLINDRICAL_SURFACE('',#7092,0.000789080285670335);
#71=CYLINDRICAL_SURFACE('',#7094,0.00187584840433092);
#72=CYLINDRICAL_SURFACE('',#7191,0.0291579237298476);
#73=CYLINDRICAL_SURFACE('',#7192,0.00130890359376898);
#74=CYLINDRICAL_SURFACE('',#7193,0.0832685656586061);
#75=CYLINDRICAL_SURFACE('',#7194,0.00152308133037559);
#76=CYLINDRICAL_SURFACE('',#7195,0.000257750505966045);
#77=CYLINDRICAL_SURFACE('',#7196,0.00110625916888632);
#78=CYLINDRICAL_SURFACE('',#7197,0.00126836817754218);
#79=CYLINDRICAL_SURFACE('',#7198,0.000485684719084867);
#80=CYLINDRICAL_SURFACE('',#7199,0.000318583418129916);
#81=CYLINDRICAL_SURFACE('',#7200,0.0010745944479807);
#82=CYLINDRICAL_SURFACE('',#7201,0.00191560526396583);
#83=CYLINDRICAL_SURFACE('',#7202,0.0054843487011919);
#84=CYLINDRICAL_SURFACE('',#7203,0.00834859623841703);
#85=CYLINDRICAL_SURFACE('',#7204,0.00191703527407411);
#86=CYLINDRICAL_SURFACE('',#7205,0.00269798318440888);
#87=CYLINDRICAL_SURFACE('',#7206,0.00562767616785543);
#88=CYLINDRICAL_SURFACE('',#7207,0.0120051829117319);
#89=CYLINDRICAL_SURFACE('',#7208,0.00936244044231116);
#90=CYLINDRICAL_SURFACE('',#7209,0.008817794771191);
#91=CYLINDRICAL_SURFACE('',#7210,0.000602449722616286);
#92=CYLINDRICAL_SURFACE('',#7211,0.000882799773332735);
#93=CYLINDRICAL_SURFACE('',#7212,0.0140009968936564);
#94=CYLINDRICAL_SURFACE('',#7213,0.014491599681586);
#95=CYLINDRICAL_SURFACE('',#7214,0.0185587313215194);
#96=CYLINDRICAL_SURFACE('',#7215,0.0207631791264163);
#97=CYLINDRICAL_SURFACE('',#7216,0.00235024080006046);
#98=CYLINDRICAL_SURFACE('',#7217,0.00163908807962973);
#99=CYLINDRICAL_SURFACE('',#7218,0.00647713575680508);
#100=CYLINDRICAL_SURFACE('',#7219,0.00428853063625514);
#101=CYLINDRICAL_SURFACE('',#7220,0.0054482713974367);
#102=CYLINDRICAL_SURFACE('',#7221,0.00476749331697315);
#103=CYLINDRICAL_SURFACE('',#7222,0.000997732111351076);
#104=CYLINDRICAL_SURFACE('',#7223,0.00748044248925141);
#105=CYLINDRICAL_SURFACE('',#7224,0.0219386874305483);
#106=CYLINDRICAL_SURFACE('',#7225,0.0234392525490477);
#107=CYLINDRICAL_SURFACE('',#7226,0.015571709822186);
#108=CYLINDRICAL_SURFACE('',#7227,0.00180392196422175);
#109=CYLINDRICAL_SURFACE('',#7228,0.00120816066174837);
#110=CYLINDRICAL_SURFACE('',#7229,0.00145950196444464);
#111=CYLINDRICAL_SURFACE('',#7230,0.00360316754518079);
#112=CYLINDRICAL_SURFACE('',#7231,0.00714856088731471);
#113=CYLINDRICAL_SURFACE('',#7232,0.0012976670407169);
#114=CYLINDRICAL_SURFACE('',#7233,0.00154698817373836);
#115=CYLINDRICAL_SURFACE('',#7234,0.0124631530597581);
#116=CYLINDRICAL_SURFACE('',#7235,0.00500408757206381);
#117=CYLINDRICAL_SURFACE('',#7236,0.00150284526532414);
#118=CYLINDRICAL_SURFACE('',#7237,0.000618955898396012);
#119=CYLINDRICAL_SURFACE('',#7238,0.000374619088911375);
#120=CYLINDRICAL_SURFACE('',#7239,0.000586320558470969);
#121=CYLINDRICAL_SURFACE('',#7240,0.00030610043338);
#122=CYLINDRICAL_SURFACE('',#7241,0.00039586576109043);
#123=CYLINDRICAL_SURFACE('',#7242,0.00130158006373201);
#124=CYLINDRICAL_SURFACE('',#7243,0.00140199827668566);
#125=CYLINDRICAL_SURFACE('',#7244,0.00830525500212477);
#126=CYLINDRICAL_SURFACE('',#7245,0.00939098523657489);
#127=CYLINDRICAL_SURFACE('',#7246,0.0091474369121167);
#128=CYLINDRICAL_SURFACE('',#7247,0.00822740215970228);
#129=CYLINDRICAL_SURFACE('',#7248,0.000857096069067195);
#130=CYLINDRICAL_SURFACE('',#7249,0.000285183650151772);
#131=CYLINDRICAL_SURFACE('',#7250,0.00102571869889296);
#132=CYLINDRICAL_SURFACE('',#7251,0.000883821590377497);
#133=CYLINDRICAL_SURFACE('',#7252,0.000313136110513168);
#134=CYLINDRICAL_SURFACE('',#7253,0.000774589429808474);
#135=CYLINDRICAL_SURFACE('',#7254,0.0133583310080259);
#136=CYLINDRICAL_SURFACE('',#7255,0.00470875584092299);
#137=CYLINDRICAL_SURFACE('',#7256,0.00359302672763375);
#138=CYLINDRICAL_SURFACE('',#7257,0.0047099313981964);
#139=CYLINDRICAL_SURFACE('',#7258,0.013013158641531);
#140=CYLINDRICAL_SURFACE('',#7259,0.0050098298599863);
#141=CYLINDRICAL_SURFACE('',#7260,0.0053078942863613);
#142=CYLINDRICAL_SURFACE('',#7261,0.00537080130586019);
#143=CYLINDRICAL_SURFACE('',#7262,0.00527522572314267);
#144=CYLINDRICAL_SURFACE('',#7263,0.003669481000718);
#145=CYLINDRICAL_SURFACE('',#7264,0.00182370984041354);
#146=CYLINDRICAL_SURFACE('',#7265,0.00328416243553521);
#147=CYLINDRICAL_SURFACE('',#7266,0.0262688732769908);
#148=CYLINDRICAL_SURFACE('',#7267,0.0132354392444732);
#149=CYLINDRICAL_SURFACE('',#7268,0.0082369263853638);
#150=CYLINDRICAL_SURFACE('',#7269,0.00895178476951054);
#151=CYLINDRICAL_SURFACE('',#7270,0.000233072242135495);
#152=CYLINDRICAL_SURFACE('',#7271,0.000465063071826122);
#153=CYLINDRICAL_SURFACE('',#7272,0.000674578987260541);
#154=CYLINDRICAL_SURFACE('',#7273,0.000632584602693925);
#155=CYLINDRICAL_SURFACE('',#7274,0.000293890026020736);
#156=CYLINDRICAL_SURFACE('',#7275,0.000408636709185307);
#157=CYLINDRICAL_SURFACE('',#7276,0.0232759201689214);
#158=CYLINDRICAL_SURFACE('',#7277,0.0143311486325169);
#159=CYLINDRICAL_SURFACE('',#7278,0.00269182390769796);
#160=CYLINDRICAL_SURFACE('',#7279,0.000918528503699919);
#161=CYLINDRICAL_SURFACE('',#7280,0.0096868607532195);
#162=CYLINDRICAL_SURFACE('',#7281,0.0106385757054902);
#163=CYLINDRICAL_SURFACE('',#7282,0.0124958475945243);
#164=CYLINDRICAL_SURFACE('',#7283,0.0105553936281467);
#165=CYLINDRICAL_SURFACE('',#7284,0.00292020139960707);
#166=CYLINDRICAL_SURFACE('',#7285,0.00378607030730184);
#167=CYLINDRICAL_SURFACE('',#7286,0.0168200128635209);
#168=CYLINDRICAL_SURFACE('',#7312,0.0314708144327672);
#169=CYLINDRICAL_SURFACE('',#7313,0.0488260116506863);
#170=CYLINDRICAL_SURFACE('',#7314,0.0030769766290698);
#171=CYLINDRICAL_SURFACE('',#7315,0.0316654817915901);
#172=CYLINDRICAL_SURFACE('',#7316,0.034461009411286);
#173=CYLINDRICAL_SURFACE('',#7317,0.0394530435927362);
#174=CYLINDRICAL_SURFACE('',#7318,0.0334919067520826);
#175=CYLINDRICAL_SURFACE('',#7319,0.00260820911708912);
#176=CYLINDRICAL_SURFACE('',#7320,0.000749309723192737);
#177=CYLINDRICAL_SURFACE('',#7321,0.000388351078267873);
#178=CYLINDRICAL_SURFACE('',#7322,0.000657168224363522);
#179=CYLINDRICAL_SURFACE('',#7323,0.000308292092551156);
#180=CYLINDRICAL_SURFACE('',#7324,0.000383596249088207);
#181=CYLINDRICAL_SURFACE('',#7325,0.00129131638497911);
#182=CYLINDRICAL_SURFACE('',#7326,0.000664559412598189);
#183=CYLINDRICAL_SURFACE('',#7327,0.000492724976640457);
#184=CYLINDRICAL_SURFACE('',#7328,0.000896164873391491);
#185=CYLINDRICAL_SURFACE('',#7329,0.00461804786491823);
#186=CYLINDRICAL_SURFACE('',#7330,0.00358337965961438);
#187=CYLINDRICAL_SURFACE('',#7331,0.00279453629644609);
#188=CYLINDRICAL_SURFACE('',#7332,0.00237826642478878);
#189=CYLINDRICAL_SURFACE('',#7333,0.000233795782501388);
#190=CYLINDRICAL_SURFACE('',#7334,0.000234752708450079);
#191=CYLINDRICAL_SURFACE('',#7335,0.0233096789672083);
#192=CYLINDRICAL_SURFACE('',#7336,0.00208417511215182);
#193=CYLINDRICAL_SURFACE('',#7338,0.0013882998620932);
#194=CYLINDRICAL_SURFACE('',#7340,0.000229645786110125);
#195=CYLINDRICAL_SURFACE('',#7342,0.000318253011995929);
#196=CYLINDRICAL_SURFACE('',#7344,0.00229960453755156);
#197=CYLINDRICAL_SURFACE('',#7346,0.00245925366708172);
#198=CYLINDRICAL_SURFACE('',#7348,0.000731578987370456);
#199=CYLINDRICAL_SURFACE('',#7350,0.00318871845650114);
#200=CYLINDRICAL_SURFACE('',#7352,0.191197426877447);
#201=CYLINDRICAL_SURFACE('',#7354,0.205261942808539);
#202=CYLINDRICAL_SURFACE('',#7356,0.0125409486124338);
#203=CYLINDRICAL_SURFACE('',#7358,0.00312372626985385);
#204=CYLINDRICAL_SURFACE('',#7360,0.000206012059664853);
#205=CYLINDRICAL_SURFACE('',#7362,0.000381366644741524);
#206=CYLINDRICAL_SURFACE('',#7364,0.00227600007145685);
#207=CYLINDRICAL_SURFACE('',#7366,0.00262964237562842);
#208=CYLINDRICAL_SURFACE('',#7368,0.00268771118433091);
#209=CYLINDRICAL_SURFACE('',#7370,0.00158396292184031);
#210=CYLINDRICAL_SURFACE('',#7372,0.000492945291718964);
#211=CYLINDRICAL_SURFACE('',#7374,0.00032766181385568);
#212=CYLINDRICAL_SURFACE('',#7376,0.000436955548106574);
#213=CYLINDRICAL_SURFACE('',#7378,0.000297579346616662);
#214=CYLINDRICAL_SURFACE('',#7380,0.000312380055893194);
#215=CYLINDRICAL_SURFACE('',#7382,0.00194120086480632);
#216=CYLINDRICAL_SURFACE('',#7384,0.0691654961515971);
#217=CYLINDRICAL_SURFACE('',#7386,0.0158651129552684);
#218=CYLINDRICAL_SURFACE('',#7388,0.0154963450305287);
#219=CYLINDRICAL_SURFACE('',#7390,0.0137215333959126);
#220=CYLINDRICAL_SURFACE('',#7392,0.00203105695693212);
#221=CYLINDRICAL_SURFACE('',#7394,0.00265584916916255);
#222=CYLINDRICAL_SURFACE('',#7396,0.00144089943669746);
#223=CYLINDRICAL_SURFACE('',#7398,0.000946585831624885);
#224=CYLINDRICAL_SURFACE('',#7400,0.000541353685991035);
#225=CYLINDRICAL_SURFACE('',#7402,0.00292317342593371);
#226=CYLINDRICAL_SURFACE('',#7404,0.000208139366547878);
#227=CYLINDRICAL_SURFACE('',#7406,0.000199912603600292);
#228=CYLINDRICAL_SURFACE('',#7408,0.00261465305083331);
#229=CYLINDRICAL_SURFACE('',#7410,0.00045717403718257);
#230=CYLINDRICAL_SURFACE('',#7412,0.00111121033878613);
#231=CYLINDRICAL_SURFACE('',#7414,0.00122322498316548);
#232=CYLINDRICAL_SURFACE('',#7416,0.000921328300173019);
#233=CYLINDRICAL_SURFACE('',#7418,0.00112244466000565);
#234=CYLINDRICAL_SURFACE('',#7420,0.00246168273686354);
#235=CYLINDRICAL_SURFACE('',#7422,0.00253970124721523);
#236=CYLINDRICAL_SURFACE('',#7424,0.00148530349606024);
#237=CYLINDRICAL_SURFACE('',#7428,0.41452485008796);
#238=CYLINDRICAL_SURFACE('',#7430,0.297933698412461);
#239=CYLINDRICAL_SURFACE('',#7432,0.325333091468497);
#240=CYLINDRICAL_SURFACE('',#7434,0.011536158890685);
#241=CYLINDRICAL_SURFACE('',#7436,0.000258540343506942);
#242=CYLINDRICAL_SURFACE('',#7438,0.000248392930414224);
#243=CYLINDRICAL_SURFACE('',#7440,0.00023043412272291);
#244=CYLINDRICAL_SURFACE('',#7442,0.000198430620327336);
#245=CYLINDRICAL_SURFACE('',#7444,0.000856349191711112);
#246=CYLINDRICAL_SURFACE('',#7446,0.00353916514459199);
#247=CYLINDRICAL_SURFACE('',#7448,0.00371514689211292);
#248=CYLINDRICAL_SURFACE('',#7450,0.00039770983103861);
#249=CYLINDRICAL_SURFACE('',#7452,0.00059333602217756);
#250=CYLINDRICAL_SURFACE('',#7454,0.00692439259633784);
#251=CYLINDRICAL_SURFACE('',#7456,0.00752410007212721);
#252=CYLINDRICAL_SURFACE('',#7458,0.00907397029194406);
#253=CYLINDRICAL_SURFACE('',#7460,0.00662141630024495);
#254=CYLINDRICAL_SURFACE('',#7462,0.00927097376551173);
#255=CYLINDRICAL_SURFACE('',#7464,0.00854205297953292);
#256=CYLINDRICAL_SURFACE('',#7466,0.00268649611029169);
#257=CYLINDRICAL_SURFACE('',#7468,0.00499394545764185);
#258=CYLINDRICAL_SURFACE('',#7470,0.00482411567254314);
#259=CYLINDRICAL_SURFACE('',#7472,0.00417417512455);
#260=CYLINDRICAL_SURFACE('',#7474,0.00213967916752938);
#261=CYLINDRICAL_SURFACE('',#7476,0.00208624955843425);
#262=CYLINDRICAL_SURFACE('',#7478,0.0074224740816683);
#263=CYLINDRICAL_SURFACE('',#7480,0.00876738173363268);
#264=CYLINDRICAL_SURFACE('',#7482,0.000323006661188358);
#265=CYLINDRICAL_SURFACE('',#7484,0.000419419526961088);
#266=CYLINDRICAL_SURFACE('',#7486,0.000558479895331609);
#267=CYLINDRICAL_SURFACE('',#7488,0.00107297554232875);
#268=CYLINDRICAL_SURFACE('',#7490,0.00341597504538631);
#269=CYLINDRICAL_SURFACE('',#7492,0.00340409347842741);
#270=CYLINDRICAL_SURFACE('',#7494,0.00739512434539248);
#271=CYLINDRICAL_SURFACE('',#7496,0.0109285143572461);
#272=CYLINDRICAL_SURFACE('',#7498,0.0234605624031843);
#273=CYLINDRICAL_SURFACE('',#7500,0.0143873076080968);
#274=CYLINDRICAL_SURFACE('',#7502,0.00244813581304907);
#275=CYLINDRICAL_SURFACE('',#7504,0.000769932924278359);
#276=CYLINDRICAL_SURFACE('',#7506,7.13054031084262E-5);
#277=CYLINDRICAL_SURFACE('',#7508,0.00108433109636669);
#278=CYLINDRICAL_SURFACE('',#7510,0.00341681857937927);
#279=CYLINDRICAL_SURFACE('',#7512,0.00351405719254675);
#280=CYLINDRICAL_SURFACE('',#7514,0.00154323397468906);
#281=CYLINDRICAL_SURFACE('',#7516,0.00314262590037693);
#282=CYLINDRICAL_SURFACE('',#7518,0.00212528040772302);
#283=CYLINDRICAL_SURFACE('',#7520,0.00233030057436885);
#284=CYLINDRICAL_SURFACE('',#7522,0.00407719709055678);
#285=CYLINDRICAL_SURFACE('',#7524,0.00611268953160217);
#286=CYLINDRICAL_SURFACE('',#7526,0.052882168211992);
#287=CYLINDRICAL_SURFACE('',#7528,0.00922065525712333);
#288=CYLINDRICAL_SURFACE('',#7533,0.00238747259998814);
#289=CYLINDRICAL_SURFACE('',#7536,0.00272382733835604);
#290=CYLINDRICAL_SURFACE('',#7539,0.00227496902286082);
#291=CYLINDRICAL_SURFACE('',#7542,0.000633384377502307);
#292=CYLINDRICAL_SURFACE('',#7545,0.000796509399900878);
#293=CYLINDRICAL_SURFACE('',#7548,0.00428174961876296);
#294=CYLINDRICAL_SURFACE('',#7551,0.00487198139657011);
#295=CYLINDRICAL_SURFACE('',#7554,0.00463965393744406);
#296=CYLINDRICAL_SURFACE('',#7557,0.00157803329136135);
#297=CYLINDRICAL_SURFACE('',#7560,0.00139620885739614);
#298=CYLINDRICAL_SURFACE('',#7563,0.00198892590401882);
#299=CYLINDRICAL_SURFACE('',#7566,0.00431894331093948);
#300=CYLINDRICAL_SURFACE('',#7569,0.000682385381074005);
#301=CYLINDRICAL_SURFACE('',#7572,0.000138756342194072);
#302=CYLINDRICAL_SURFACE('',#7575,0.000501950563202376);
#303=CYLINDRICAL_SURFACE('',#7578,0.0179433096581445);
#304=CYLINDRICAL_SURFACE('',#7581,0.00688976204926579);
#305=CYLINDRICAL_SURFACE('',#7584,0.0160125860632002);
#306=CYLINDRICAL_SURFACE('',#7587,0.0164667786909426);
#307=CYLINDRICAL_SURFACE('',#7590,0.0718712295031285);
#308=CIRCLE('',#6658,0.000320075753777705);
#309=CIRCLE('',#6659,0.000667121237836088);
#310=CIRCLE('',#6660,0.0020203625239256);
#311=CIRCLE('',#6669,0.0168200128635209);
#312=CIRCLE('',#6670,0.0314708144327672);
#313=CIRCLE('',#6671,0.00130890359376898);
#314=CIRCLE('',#6672,0.0888693533597881);
#315=CIRCLE('',#6674,0.0011);
#316=CIRCLE('',#6675,0.0488260116506863);
#317=CIRCLE('',#6676,0.00130948274778388);
#318=CIRCLE('',#6677,0.00289907545436355);
#319=CIRCLE('',#6678,0.0111821129667148);
#320=CIRCLE('',#6680,0.0248208527165102);
#321=CIRCLE('',#6681,0.0291579237298476);
#322=CIRCLE('',#6683,0.000789080285670335);
#323=CIRCLE('',#6684,0.000529551217076821);
#324=CIRCLE('',#6685,0.00250049249772219);
#325=CIRCLE('',#6686,0.00187584840433092);
#326=CIRCLE('',#6688,0.00197272743242778);
#327=CIRCLE('',#6689,0.00422205533264169);
#328=CIRCLE('',#6690,0.0022929870651916);
#329=CIRCLE('',#6691,0.00298572165551997);
#330=CIRCLE('',#6692,0.00317079948934231);
#331=CIRCLE('',#6693,0.00304708905416981);
#332=CIRCLE('',#6694,0.0016123518874789);
#333=CIRCLE('',#6695,0.00527695522311687);
#334=CIRCLE('',#6696,0.00531073252884737);
#335=CIRCLE('',#6697,0.00182313903592601);
#336=CIRCLE('',#6698,0.00217511953914026);
#337=CIRCLE('',#6699,0.00525110626285026);
#338=CIRCLE('',#6700,0.00528056230699962);
#339=CIRCLE('',#6701,0.00226202460071058);
#340=CIRCLE('',#6702,0.00548717202565721);
#341=CIRCLE('',#6703,0.0113832873020882);
#342=CIRCLE('',#6704,0.0114392722950316);
#343=CIRCLE('',#6705,0.0057738977915633);
#344=CIRCLE('',#6715,0.0011);
#345=CIRCLE('',#6717,0.00422205533264169);
#346=CIRCLE('',#6718,0.00197272743242778);
#347=CIRCLE('',#6719,0.00298572165551997);
#348=CIRCLE('',#6720,0.0022929870651916);
#349=CIRCLE('',#6722,0.0488260116506863);
#350=CIRCLE('',#6723,0.0111821129667148);
#351=CIRCLE('',#6724,0.00289907545436355);
#352=CIRCLE('',#6725,0.00130948274778388);
#353=CIRCLE('',#6726,0.00538054355098349);
#354=CIRCLE('',#6727,0.00629264439544915);
#355=CIRCLE('',#6728,0.0059183455741975);
#356=CIRCLE('',#6729,0.00165493599651388);
#357=CIRCLE('',#6730,0.00831989524935662);
#358=CIRCLE('',#6731,0.00943663945083104);
#359=CIRCLE('',#6732,0.00871139781738781);
#360=CIRCLE('',#6733,0.0174527263541083);
#361=CIRCLE('',#6734,0.0018307609487637);
#362=CIRCLE('',#6735,0.00163082020870327);
#363=CIRCLE('',#6736,0.0120650069964669);
#364=CIRCLE('',#6737,0.00513045039117107);
#365=CIRCLE('',#6738,0.0168581616069003);
#366=CIRCLE('',#6739,0.0289399365840357);
#367=CIRCLE('',#6740,0.000395427195466268);
#368=CIRCLE('',#6741,0.000265646365277879);
#369=CIRCLE('',#6742,0.00340616018723344);
#370=CIRCLE('',#6743,0.00368385990986568);
#371=CIRCLE('',#6744,0.00459011264954871);
#372=CIRCLE('',#6745,0.00662532482576892);
#373=CIRCLE('',#6746,0.00424830699232438);
#374=CIRCLE('',#6747,0.00423449884740068);
#375=CIRCLE('',#6748,0.00654035664304277);
#376=CIRCLE('',#6749,0.0101846816507115);
#377=CIRCLE('',#6750,0.00618101608489743);
#378=CIRCLE('',#6751,0.0044104823475599);
#379=CIRCLE('',#6752,0.00131760394549487);
#380=CIRCLE('',#6753,0.00166219048161892);
#381=CIRCLE('',#6754,0.00222422095348472);
#382=CIRCLE('',#6755,0.0020203625239256);
#383=CIRCLE('',#6756,0.000667121237836088);
#384=CIRCLE('',#6757,0.000320075753777705);
#385=CIRCLE('',#6758,0.0291579237298476);
#386=CIRCLE('',#6759,0.0248208527165102);
#387=CIRCLE('',#6760,0.00378607030730184);
#388=CIRCLE('',#6761,0.00292020139960707);
#389=CIRCLE('',#6762,0.0105553936281467);
#390=CIRCLE('',#6763,0.0124958475945243);
#391=CIRCLE('',#6764,0.0106385757054902);
#392=CIRCLE('',#6765,0.0096868607532195);
#393=CIRCLE('',#6766,0.000918528503699919);
#394=CIRCLE('',#6767,0.00269182390769796);
#395=CIRCLE('',#6768,0.0143311486325169);
#396=CIRCLE('',#6769,0.0232759201689214);
#397=CIRCLE('',#6770,0.000408636709185307);
#398=CIRCLE('',#6771,0.000293890026020736);
#399=CIRCLE('',#6772,0.000632584602693925);
#400=CIRCLE('',#6773,0.000674578987260541);
#401=CIRCLE('',#6774,0.000465063071826122);
#402=CIRCLE('',#6775,0.000233072242135495);
#403=CIRCLE('',#6776,0.00895178476951054);
#404=CIRCLE('',#6777,0.0082369263853638);
#405=CIRCLE('',#6778,0.0132354392444732);
#406=CIRCLE('',#6779,0.0262688732769908);
#407=CIRCLE('',#6780,0.00328416243553521);
#408=CIRCLE('',#6781,0.00182370984041354);
#409=CIRCLE('',#6782,0.003669481000718);
#410=CIRCLE('',#6783,0.00527522572314267);
#411=CIRCLE('',#6784,0.00537080130586019);
#412=CIRCLE('',#6785,0.0053078942863613);
#413=CIRCLE('',#6786,0.0050098298599863);
#414=CIRCLE('',#6787,0.013013158641531);
#415=CIRCLE('',#6788,0.0047099313981964);
#416=CIRCLE('',#6789,0.00359302672763375);
#417=CIRCLE('',#6790,0.00470875584092299);
#418=CIRCLE('',#6791,0.0133583310080259);
#419=CIRCLE('',#6792,0.000774589429808474);
#420=CIRCLE('',#6793,0.000313136110513168);
#421=CIRCLE('',#6794,0.000883821590377497);
#422=CIRCLE('',#6795,0.00102571869889296);
#423=CIRCLE('',#6796,0.000285183650151772);
#424=CIRCLE('',#6797,0.000857096069067195);
#425=CIRCLE('',#6798,0.00822740215970228);
#426=CIRCLE('',#6799,0.0091474369121167);
#427=CIRCLE('',#6800,0.00939098523657489);
#428=CIRCLE('',#6801,0.00830525500212477);
#429=CIRCLE('',#6802,0.00140199827668566);
#430=CIRCLE('',#6803,0.00130158006373201);
#431=CIRCLE('',#6804,0.00039586576109043);
#432=CIRCLE('',#6805,0.00030610043338);
#433=CIRCLE('',#6806,0.000586320558470969);
#434=CIRCLE('',#6807,0.000374619088911375);
#435=CIRCLE('',#6808,0.000618955898396012);
#436=CIRCLE('',#6809,0.00150284526532414);
#437=CIRCLE('',#6810,0.00500408757206381);
#438=CIRCLE('',#6811,0.0124631530597581);
#439=CIRCLE('',#6812,0.00154698817373836);
#440=CIRCLE('',#6813,0.0012976670407169);
#441=CIRCLE('',#6814,0.00714856088731471);
#442=CIRCLE('',#6815,0.00360316754518079);
#443=CIRCLE('',#6816,0.00145950196444464);
#444=CIRCLE('',#6817,0.00120816066174837);
#445=CIRCLE('',#6818,0.00180392196422175);
#446=CIRCLE('',#6819,0.015571709822186);
#447=CIRCLE('',#6820,0.0234392525490477);
#448=CIRCLE('',#6821,0.0219386874305483);
#449=CIRCLE('',#6822,0.00748044248925141);
#450=CIRCLE('',#6823,0.000997732111351076);
#451=CIRCLE('',#6824,0.00476749331697315);
#452=CIRCLE('',#6825,0.0054482713974367);
#453=CIRCLE('',#6826,0.00428853063625514);
#454=CIRCLE('',#6827,0.00647713575680508);
#455=CIRCLE('',#6828,0.00163908807962973);
#456=CIRCLE('',#6829,0.00235024080006046);
#457=CIRCLE('',#6830,0.0207631791264163);
#458=CIRCLE('',#6831,0.0185587313215194);
#459=CIRCLE('',#6832,0.014491599681586);
#460=CIRCLE('',#6833,0.0140009968936564);
#461=CIRCLE('',#6834,0.000882799773332735);
#462=CIRCLE('',#6835,0.000602449722616286);
#463=CIRCLE('',#6836,0.008817794771191);
#464=CIRCLE('',#6837,0.00936244044231116);
#465=CIRCLE('',#6838,0.0120051829117319);
#466=CIRCLE('',#6839,0.00562767616785543);
#467=CIRCLE('',#6840,0.00269798318440888);
#468=CIRCLE('',#6841,0.00191703527407411);
#469=CIRCLE('',#6842,0.00187584840433092);
#470=CIRCLE('',#6843,0.00250049249772219);
#471=CIRCLE('',#6844,0.000529551217076821);
#472=CIRCLE('',#6845,0.000789080285670335);
#473=CIRCLE('',#6846,0.00834859623841703);
#474=CIRCLE('',#6847,0.0054843487011919);
#475=CIRCLE('',#6848,0.00191560526396583);
#476=CIRCLE('',#6849,0.0010745944479807);
#477=CIRCLE('',#6850,0.000318583418129916);
#478=CIRCLE('',#6851,0.000485684719084867);
#479=CIRCLE('',#6852,0.00126836817754218);
#480=CIRCLE('',#6853,0.00110625916888632);
#481=CIRCLE('',#6854,0.000257750505966045);
#482=CIRCLE('',#6855,0.00152308133037559);
#483=CIRCLE('',#6856,0.0832685656586061);
#484=CIRCLE('',#6857,0.0888693533597881);
#485=CIRCLE('',#6858,0.00130890359376898);
#486=CIRCLE('',#6859,0.0314708144327672);
#487=CIRCLE('',#6860,0.0168200128635209);
#488=CIRCLE('',#6861,0.0233096789672083);
#489=CIRCLE('',#6862,0.000234752708450079);
#490=CIRCLE('',#6863,0.000233795782501388);
#491=CIRCLE('',#6864,0.00237826642478878);
#492=CIRCLE('',#6865,0.00279453629644609);
#493=CIRCLE('',#6866,0.00358337965961438);
#494=CIRCLE('',#6867,0.00461804786491823);
#495=CIRCLE('',#6868,0.000896164873391491);
#496=CIRCLE('',#6869,0.000492724976640457);
#497=CIRCLE('',#6870,0.000664559412598189);
#498=CIRCLE('',#6871,0.00129131638497911);
#499=CIRCLE('',#6872,0.000383596249088207);
#500=CIRCLE('',#6873,0.000308292092551156);
#501=CIRCLE('',#6874,0.000657168224363522);
#502=CIRCLE('',#6875,0.000388351078267873);
#503=CIRCLE('',#6876,0.000749309723192737);
#504=CIRCLE('',#6877,0.00260820911708912);
#505=CIRCLE('',#6878,0.0334919067520826);
#506=CIRCLE('',#6879,0.0394530435927362);
#507=CIRCLE('',#6880,0.034461009411286);
#508=CIRCLE('',#6881,0.0316654817915901);
#509=CIRCLE('',#6882,0.0030769766290698);
#510=CIRCLE('',#6883,0.00208417511215182);
#511=CIRCLE('',#6884,0.0718712295031285);
#512=CIRCLE('',#6885,0.052882168211992);
#513=CIRCLE('',#6886,0.00611268953160217);
#514=CIRCLE('',#6887,0.00407719709055678);
#515=CIRCLE('',#6888,0.00233030057436885);
#516=CIRCLE('',#6889,0.00212528040772302);
#517=CIRCLE('',#6890,0.00314262590037693);
#518=CIRCLE('',#6891,0.00154323397468906);
#519=CIRCLE('',#6892,0.00351405719254675);
#520=CIRCLE('',#6893,0.00341681857937927);
#521=CIRCLE('',#6894,0.00108433109636669);
#522=CIRCLE('',#6895,7.13054031084262E-5);
#523=CIRCLE('',#6896,0.000769932924278359);
#524=CIRCLE('',#6897,0.00244813581304907);
#525=CIRCLE('',#6898,0.0143873076080968);
#526=CIRCLE('',#6899,0.0234605624031843);
#527=CIRCLE('',#6900,0.0109285143572461);
#528=CIRCLE('',#6901,0.00739512434539248);
#529=CIRCLE('',#6902,0.00340409347842741);
#530=CIRCLE('',#6903,0.00341597504538631);
#531=CIRCLE('',#6904,0.00107297554232875);
#532=CIRCLE('',#6905,0.000558479895331609);
#533=CIRCLE('',#6906,0.000419419526961088);
#534=CIRCLE('',#6907,0.000323006661188358);
#535=CIRCLE('',#6908,0.00876738173363268);
#536=CIRCLE('',#6909,0.0074224740816683);
#537=CIRCLE('',#6910,0.00208624955843425);
#538=CIRCLE('',#6911,0.00213967916752938);
#539=CIRCLE('',#6912,0.00417417512455);
#540=CIRCLE('',#6913,0.00482411567254314);
#541=CIRCLE('',#6914,0.00499394545764185);
#542=CIRCLE('',#6915,0.00268649611029169);
#543=CIRCLE('',#6916,0.00854205297953292);
#544=CIRCLE('',#6917,0.00927097376551173);
#545=CIRCLE('',#6918,0.00662141630024495);
#546=CIRCLE('',#6919,0.00907397029194406);
#547=CIRCLE('',#6920,0.00752410007212721);
#548=CIRCLE('',#6921,0.00692439259633784);
#549=CIRCLE('',#6922,0.00059333602217756);
#550=CIRCLE('',#6923,0.00039770983103861);
#551=CIRCLE('',#6924,0.00371514689211292);
#552=CIRCLE('',#6925,0.00353916514459199);
#553=CIRCLE('',#6926,0.000856349191711112);
#554=CIRCLE('',#6927,0.000198430620327336);
#555=CIRCLE('',#6928,0.00023043412272291);
#556=CIRCLE('',#6929,0.000248392930414224);
#557=CIRCLE('',#6930,0.000258540343506942);
#558=CIRCLE('',#6931,0.011536158890685);
#559=CIRCLE('',#6932,0.325333091468497);
#560=CIRCLE('',#6933,0.297933698412461);
#561=CIRCLE('',#6934,0.41452485008796);
#562=CIRCLE('',#6935,0.00148530349606024);
#563=CIRCLE('',#6936,0.00253970124721523);
#564=CIRCLE('',#6937,0.00246168273686354);
#565=CIRCLE('',#6938,0.00112244466000565);
#566=CIRCLE('',#6939,0.000921328300173019);
#567=CIRCLE('',#6940,0.00122322498316548);
#568=CIRCLE('',#6941,0.00111121033878613);
#569=CIRCLE('',#6942,0.00045717403718257);
#570=CIRCLE('',#6943,0.00261465305083331);
#571=CIRCLE('',#6944,0.000199912603600292);
#572=CIRCLE('',#6945,0.000208139366547878);
#573=CIRCLE('',#6946,0.00292317342593371);
#574=CIRCLE('',#6947,0.000541353685991035);
#575=CIRCLE('',#6948,0.000946585831624885);
#576=CIRCLE('',#6949,0.00144089943669746);
#577=CIRCLE('',#6950,0.00265584916916255);
#578=CIRCLE('',#6951,0.00203105695693212);
#579=CIRCLE('',#6952,0.0137215333959126);
#580=CIRCLE('',#6953,0.0154963450305287);
#581=CIRCLE('',#6954,0.0158651129552684);
#582=CIRCLE('',#6955,0.0691654961515971);
#583=CIRCLE('',#6956,0.00194120086480632);
#584=CIRCLE('',#6957,0.000312380055893194);
#585=CIRCLE('',#6958,0.000297579346616662);
#586=CIRCLE('',#6959,0.000436955548106574);
#587=CIRCLE('',#6960,0.00032766181385568);
#588=CIRCLE('',#6961,0.000492945291718964);
#589=CIRCLE('',#6962,0.00158396292184031);
#590=CIRCLE('',#6963,0.00268771118433091);
#591=CIRCLE('',#6964,0.00262964237562842);
#592=CIRCLE('',#6965,0.00227600007145685);
#593=CIRCLE('',#6966,0.000381366644741524);
#594=CIRCLE('',#6967,0.000206012059664853);
#595=CIRCLE('',#6968,0.00312372626985385);
#596=CIRCLE('',#6969,0.0125409486124338);
#597=CIRCLE('',#6970,0.205261942808539);
#598=CIRCLE('',#6971,0.191197426877447);
#599=CIRCLE('',#6972,0.00318871845650114);
#600=CIRCLE('',#6973,0.000731578987370456);
#601=CIRCLE('',#6974,0.00245925366708172);
#602=CIRCLE('',#6975,0.00229960453755156);
#603=CIRCLE('',#6976,0.000318253011995929);
#604=CIRCLE('',#6977,0.000229645786110125);
#605=CIRCLE('',#6978,0.0013882998620932);
#606=CIRCLE('',#6992,0.0020203625239256);
#607=CIRCLE('',#6994,0.00130948274778388);
#608=CIRCLE('',#6996,0.00197272743242778);
#609=CIRCLE('',#6998,0.00298572165551997);
#610=CIRCLE('',#7000,0.00222422095348472);
#611=CIRCLE('',#7002,0.00166219048161892);
#612=CIRCLE('',#7004,0.00131760394549487);
#613=CIRCLE('',#7006,0.0044104823475599);
#614=CIRCLE('',#7008,0.00618101608489743);
#615=CIRCLE('',#7010,0.0101846816507115);
#616=CIRCLE('',#7012,0.00654035664304277);
#617=CIRCLE('',#7014,0.00423449884740068);
#618=CIRCLE('',#7016,0.00424830699232438);
#619=CIRCLE('',#7018,0.00662532482576892);
#620=CIRCLE('',#7020,0.00459011264954871);
#621=CIRCLE('',#7022,0.00368385990986568);
#622=CIRCLE('',#7024,0.00340616018723344);
#623=CIRCLE('',#7026,0.000265646365277879);
#624=CIRCLE('',#7028,0.000395427195466268);
#625=CIRCLE('',#7030,0.0289399365840357);
#626=CIRCLE('',#7032,0.0168581616069003);
#627=CIRCLE('',#7034,0.00513045039117107);
#628=CIRCLE('',#7036,0.0120650069964669);
#629=CIRCLE('',#7038,0.00163082020870327);
#630=CIRCLE('',#7040,0.0018307609487637);
#631=CIRCLE('',#7042,0.0174527263541083);
#632=CIRCLE('',#7044,0.00871139781738781);
#633=CIRCLE('',#7046,0.00943663945083104);
#634=CIRCLE('',#7048,0.00831989524935662);
#635=CIRCLE('',#7050,0.00165493599651388);
#636=CIRCLE('',#7052,0.0059183455741975);
#637=CIRCLE('',#7054,0.00629264439544915);
#638=CIRCLE('',#7056,0.00538054355098349);
#639=CIRCLE('',#7058,0.0057738977915633);
#640=CIRCLE('',#7060,0.0114392722950316);
#641=CIRCLE('',#7062,0.0113832873020882);
#642=CIRCLE('',#7064,0.00548717202565721);
#643=CIRCLE('',#7066,0.00226202460071058);
#644=CIRCLE('',#7068,0.00528056230699962);
#645=CIRCLE('',#7070,0.00525110626285026);
#646=CIRCLE('',#7072,0.00217511953914026);
#647=CIRCLE('',#7074,0.00182313903592601);
#648=CIRCLE('',#7076,0.00531073252884737);
#649=CIRCLE('',#7078,0.00527695522311687);
#650=CIRCLE('',#7080,0.0016123518874789);
#651=CIRCLE('',#7082,0.00304708905416981);
#652=CIRCLE('',#7084,0.00317079948934231);
#653=CIRCLE('',#7089,0.0248208527165102);
#654=CIRCLE('',#7091,0.0888693533597881);
#655=CIRCLE('',#7093,0.000789080285670335);
#656=CIRCLE('',#7095,0.00187584840433092);
#657=CIRCLE('',#7097,0.00191703527407411);
#658=CIRCLE('',#7098,0.00269798318440888);
#659=CIRCLE('',#7099,0.00562767616785543);
#660=CIRCLE('',#7100,0.0120051829117319);
#661=CIRCLE('',#7101,0.00936244044231116);
#662=CIRCLE('',#7102,0.008817794771191);
#663=CIRCLE('',#7103,0.000602449722616286);
#664=CIRCLE('',#7104,0.000882799773332735);
#665=CIRCLE('',#7105,0.0140009968936564);
#666=CIRCLE('',#7106,0.014491599681586);
#667=CIRCLE('',#7107,0.0185587313215194);
#668=CIRCLE('',#7108,0.0207631791264163);
#669=CIRCLE('',#7109,0.00235024080006046);
#670=CIRCLE('',#7110,0.00163908807962973);
#671=CIRCLE('',#7111,0.00647713575680508);
#672=CIRCLE('',#7112,0.00428853063625514);
#673=CIRCLE('',#7113,0.0054482713974367);
#674=CIRCLE('',#7114,0.00476749331697315);
#675=CIRCLE('',#7115,0.000997732111351076);
#676=CIRCLE('',#7116,0.00748044248925141);
#677=CIRCLE('',#7117,0.0219386874305483);
#678=CIRCLE('',#7118,0.0234392525490477);
#679=CIRCLE('',#7119,0.015571709822186);
#680=CIRCLE('',#7120,0.00180392196422175);
#681=CIRCLE('',#7121,0.00120816066174837);
#682=CIRCLE('',#7122,0.00145950196444464);
#683=CIRCLE('',#7123,0.00360316754518079);
#684=CIRCLE('',#7124,0.00714856088731471);
#685=CIRCLE('',#7125,0.0012976670407169);
#686=CIRCLE('',#7126,0.00154698817373836);
#687=CIRCLE('',#7127,0.0124631530597581);
#688=CIRCLE('',#7128,0.00500408757206381);
#689=CIRCLE('',#7129,0.00150284526532414);
#690=CIRCLE('',#7130,0.000618955898396012);
#691=CIRCLE('',#7131,0.000374619088911375);
#692=CIRCLE('',#7132,0.000586320558470969);
#693=CIRCLE('',#7133,0.00030610043338);
#694=CIRCLE('',#7134,0.00039586576109043);
#695=CIRCLE('',#7135,0.00130158006373201);
#696=CIRCLE('',#7136,0.00140199827668566);
#697=CIRCLE('',#7137,0.00830525500212477);
#698=CIRCLE('',#7138,0.00939098523657489);
#699=CIRCLE('',#7139,0.0091474369121167);
#700=CIRCLE('',#7140,0.00822740215970228);
#701=CIRCLE('',#7141,0.000857096069067195);
#702=CIRCLE('',#7142,0.000285183650151772);
#703=CIRCLE('',#7143,0.00102571869889296);
#704=CIRCLE('',#7144,0.000883821590377497);
#705=CIRCLE('',#7145,0.000313136110513168);
#706=CIRCLE('',#7146,0.000774589429808474);
#707=CIRCLE('',#7147,0.0133583310080259);
#708=CIRCLE('',#7148,0.00470875584092299);
#709=CIRCLE('',#7149,0.00359302672763375);
#710=CIRCLE('',#7150,0.0047099313981964);
#711=CIRCLE('',#7151,0.013013158641531);
#712=CIRCLE('',#7152,0.0050098298599863);
#713=CIRCLE('',#7153,0.0053078942863613);
#714=CIRCLE('',#7154,0.00537080130586019);
#715=CIRCLE('',#7155,0.00527522572314267);
#716=CIRCLE('',#7156,0.003669481000718);
#717=CIRCLE('',#7157,0.00182370984041354);
#718=CIRCLE('',#7158,0.00328416243553521);
#719=CIRCLE('',#7159,0.0262688732769908);
#720=CIRCLE('',#7160,0.0132354392444732);
#721=CIRCLE('',#7161,0.0082369263853638);
#722=CIRCLE('',#7162,0.00895178476951054);
#723=CIRCLE('',#7163,0.000233072242135495);
#724=CIRCLE('',#7164,0.000465063071826122);
#725=CIRCLE('',#7165,0.000674578987260541);
#726=CIRCLE('',#7166,0.000632584602693925);
#727=CIRCLE('',#7167,0.000293890026020736);
#728=CIRCLE('',#7168,0.000408636709185307);
#729=CIRCLE('',#7169,0.0232759201689214);
#730=CIRCLE('',#7170,0.0143311486325169);
#731=CIRCLE('',#7171,0.00269182390769796);
#732=CIRCLE('',#7172,0.000918528503699919);
#733=CIRCLE('',#7173,0.0096868607532195);
#734=CIRCLE('',#7174,0.0106385757054902);
#735=CIRCLE('',#7175,0.0124958475945243);
#736=CIRCLE('',#7176,0.0105553936281467);
#737=CIRCLE('',#7177,0.00292020139960707);
#738=CIRCLE('',#7178,0.00378607030730184);
#739=CIRCLE('',#7180,0.0832685656586061);
#740=CIRCLE('',#7181,0.00152308133037559);
#741=CIRCLE('',#7182,0.000257750505966045);
#742=CIRCLE('',#7183,0.00110625916888632);
#743=CIRCLE('',#7184,0.00126836817754218);
#744=CIRCLE('',#7185,0.000485684719084867);
#745=CIRCLE('',#7186,0.000318583418129916);
#746=CIRCLE('',#7187,0.0010745944479807);
#747=CIRCLE('',#7188,0.00191560526396583);
#748=CIRCLE('',#7189,0.0054843487011919);
#749=CIRCLE('',#7190,0.00834859623841703);
#750=CIRCLE('',#7287,0.0168200128635209);
#751=CIRCLE('',#7289,0.0488260116506863);
#752=CIRCLE('',#7290,0.0030769766290698);
#753=CIRCLE('',#7291,0.0316654817915901);
#754=CIRCLE('',#7292,0.034461009411286);
#755=CIRCLE('',#7293,0.0394530435927362);
#756=CIRCLE('',#7294,0.0334919067520826);
#757=CIRCLE('',#7295,0.00260820911708912);
#758=CIRCLE('',#7296,0.000749309723192737);
#759=CIRCLE('',#7297,0.000388351078267873);
#760=CIRCLE('',#7298,0.000657168224363522);
#761=CIRCLE('',#7299,0.000308292092551156);
#762=CIRCLE('',#7300,0.000383596249088207);
#763=CIRCLE('',#7301,0.00129131638497911);
#764=CIRCLE('',#7302,0.000664559412598189);
#765=CIRCLE('',#7303,0.000492724976640457);
#766=CIRCLE('',#7304,0.000896164873391491);
#767=CIRCLE('',#7305,0.00461804786491823);
#768=CIRCLE('',#7306,0.00358337965961438);
#769=CIRCLE('',#7307,0.00279453629644609);
#770=CIRCLE('',#7308,0.00237826642478878);
#771=CIRCLE('',#7309,0.000233795782501388);
#772=CIRCLE('',#7310,0.000234752708450079);
#773=CIRCLE('',#7311,0.0233096789672083);
#774=CIRCLE('',#7337,0.00208417511215182);
#775=CIRCLE('',#7339,0.0013882998620932);
#776=CIRCLE('',#7341,0.000229645786110125);
#777=CIRCLE('',#7343,0.000318253011995929);
#778=CIRCLE('',#7345,0.00229960453755156);
#779=CIRCLE('',#7347,0.00245925366708172);
#780=CIRCLE('',#7349,0.000731578987370456);
#781=CIRCLE('',#7351,0.00318871845650114);
#782=CIRCLE('',#7353,0.191197426877447);
#783=CIRCLE('',#7355,0.205261942808539);
#784=CIRCLE('',#7357,0.0125409486124338);
#785=CIRCLE('',#7359,0.00312372626985385);
#786=CIRCLE('',#7361,0.000206012059664853);
#787=CIRCLE('',#7363,0.000381366644741524);
#788=CIRCLE('',#7365,0.00227600007145685);
#789=CIRCLE('',#7367,0.00262964237562842);
#790=CIRCLE('',#7369,0.00268771118433091);
#791=CIRCLE('',#7371,0.00158396292184031);
#792=CIRCLE('',#7373,0.000492945291718964);
#793=CIRCLE('',#7375,0.00032766181385568);
#794=CIRCLE('',#7377,0.000436955548106574);
#795=CIRCLE('',#7379,0.000297579346616662);
#796=CIRCLE('',#7381,0.000312380055893194);
#797=CIRCLE('',#7383,0.00194120086480632);
#798=CIRCLE('',#7385,0.0691654961515971);
#799=CIRCLE('',#7387,0.0158651129552684);
#800=CIRCLE('',#7389,0.0154963450305287);
#801=CIRCLE('',#7391,0.0137215333959126);
#802=CIRCLE('',#7393,0.00203105695693212);
#803=CIRCLE('',#7395,0.00265584916916255);
#804=CIRCLE('',#7397,0.00144089943669746);
#805=CIRCLE('',#7399,0.000946585831624885);
#806=CIRCLE('',#7401,0.000541353685991035);
#807=CIRCLE('',#7403,0.00292317342593371);
#808=CIRCLE('',#7405,0.000208139366547878);
#809=CIRCLE('',#7407,0.000199912603600292);
#810=CIRCLE('',#7409,0.00261465305083331);
#811=CIRCLE('',#7411,0.00045717403718257);
#812=CIRCLE('',#7413,0.00111121033878613);
#813=CIRCLE('',#7415,0.00122322498316548);
#814=CIRCLE('',#7417,0.000921328300173019);
#815=CIRCLE('',#7419,0.00112244466000565);
#816=CIRCLE('',#7421,0.00246168273686354);
#817=CIRCLE('',#7423,0.00253970124721523);
#818=CIRCLE('',#7425,0.00148530349606024);
#819=CIRCLE('',#7429,0.41452485008796);
#820=CIRCLE('',#7431,0.297933698412461);
#821=CIRCLE('',#7433,0.325333091468497);
#822=CIRCLE('',#7435,0.011536158890685);
#823=CIRCLE('',#7437,0.000258540343506942);
#824=CIRCLE('',#7439,0.000248392930414224);
#825=CIRCLE('',#7441,0.00023043412272291);
#826=CIRCLE('',#7443,0.000198430620327336);
#827=CIRCLE('',#7445,0.000856349191711112);
#828=CIRCLE('',#7447,0.00353916514459199);
#829=CIRCLE('',#7449,0.00371514689211292);
#830=CIRCLE('',#7451,0.00039770983103861);
#831=CIRCLE('',#7453,0.00059333602217756);
#832=CIRCLE('',#7455,0.00692439259633784);
#833=CIRCLE('',#7457,0.00752410007212721);
#834=CIRCLE('',#7459,0.00907397029194406);
#835=CIRCLE('',#7461,0.00662141630024495);
#836=CIRCLE('',#7463,0.00927097376551173);
#837=CIRCLE('',#7465,0.00854205297953292);
#838=CIRCLE('',#7467,0.00268649611029169);
#839=CIRCLE('',#7469,0.00499394545764185);
#840=CIRCLE('',#7471,0.00482411567254314);
#841=CIRCLE('',#7473,0.00417417512455);
#842=CIRCLE('',#7475,0.00213967916752938);
#843=CIRCLE('',#7477,0.00208624955843425);
#844=CIRCLE('',#7479,0.0074224740816683);
#845=CIRCLE('',#7481,0.00876738173363268);
#846=CIRCLE('',#7483,0.000323006661188358);
#847=CIRCLE('',#7485,0.000419419526961088);
#848=CIRCLE('',#7487,0.000558479895331609);
#849=CIRCLE('',#7489,0.00107297554232875);
#850=CIRCLE('',#7491,0.00341597504538631);
#851=CIRCLE('',#7493,0.00340409347842741);
#852=CIRCLE('',#7495,0.00739512434539248);
#853=CIRCLE('',#7497,0.0109285143572461);
#854=CIRCLE('',#7499,0.0234605624031843);
#855=CIRCLE('',#7501,0.0143873076080968);
#856=CIRCLE('',#7503,0.00244813581304907);
#857=CIRCLE('',#7505,0.000769932924278359);
#858=CIRCLE('',#7507,7.13054031084262E-5);
#859=CIRCLE('',#7509,0.00108433109636669);
#860=CIRCLE('',#7511,0.00341681857937927);
#861=CIRCLE('',#7513,0.00351405719254675);
#862=CIRCLE('',#7515,0.00154323397468906);
#863=CIRCLE('',#7517,0.00314262590037693);
#864=CIRCLE('',#7519,0.00212528040772302);
#865=CIRCLE('',#7521,0.00233030057436885);
#866=CIRCLE('',#7523,0.00407719709055678);
#867=CIRCLE('',#7525,0.00611268953160217);
#868=CIRCLE('',#7527,0.052882168211992);
#869=CIRCLE('',#7529,0.00922065525712333);
#870=CIRCLE('',#7530,0.00922065525712333);
#871=CIRCLE('',#7534,0.00238747259998814);
#872=CIRCLE('',#7535,0.00238747259998814);
#873=CIRCLE('',#7537,0.00272382733835604);
#874=CIRCLE('',#7538,0.00272382733835604);
#875=CIRCLE('',#7540,0.00227496902286082);
#876=CIRCLE('',#7541,0.00227496902286082);
#877=CIRCLE('',#7543,0.000633384377502307);
#878=CIRCLE('',#7544,0.000633384377502307);
#879=CIRCLE('',#7546,0.000796509399900878);
#880=CIRCLE('',#7547,0.000796509399900878);
#881=CIRCLE('',#7549,0.00428174961876296);
#882=CIRCLE('',#7550,0.00428174961876296);
#883=CIRCLE('',#7552,0.00487198139657011);
#884=CIRCLE('',#7553,0.00487198139657011);
#885=CIRCLE('',#7555,0.00463965393744406);
#886=CIRCLE('',#7556,0.00463965393744406);
#887=CIRCLE('',#7558,0.00157803329136135);
#888=CIRCLE('',#7559,0.00157803329136135);
#889=CIRCLE('',#7561,0.00139620885739614);
#890=CIRCLE('',#7562,0.00139620885739614);
#891=CIRCLE('',#7564,0.00198892590401882);
#892=CIRCLE('',#7565,0.00198892590401882);
#893=CIRCLE('',#7567,0.00431894331093948);
#894=CIRCLE('',#7568,0.00431894331093948);
#895=CIRCLE('',#7570,0.000682385381074005);
#896=CIRCLE('',#7571,0.000682385381074005);
#897=CIRCLE('',#7573,0.000138756342194072);
#898=CIRCLE('',#7574,0.000138756342194072);
#899=CIRCLE('',#7576,0.000501950563202376);
#900=CIRCLE('',#7577,0.000501950563202376);
#901=CIRCLE('',#7579,0.0179433096581445);
#902=CIRCLE('',#7580,0.0179433096581445);
#903=CIRCLE('',#7582,0.00688976204926579);
#904=CIRCLE('',#7583,0.00688976204926579);
#905=CIRCLE('',#7585,0.0160125860632002);
#906=CIRCLE('',#7586,0.0160125860632002);
#907=CIRCLE('',#7588,0.0164667786909426);
#908=CIRCLE('',#7589,0.0164667786909426);
#909=CIRCLE('',#7591,0.0718712295031285);
#910=ORIENTED_EDGE('',*,*,#2968,.F.);
#911=ORIENTED_EDGE('',*,*,#2969,.T.);
#912=ORIENTED_EDGE('',*,*,#2970,.T.);
#913=ORIENTED_EDGE('',*,*,#2971,.F.);
#914=ORIENTED_EDGE('',*,*,#2972,.F.);
#915=ORIENTED_EDGE('',*,*,#2973,.F.);
#916=ORIENTED_EDGE('',*,*,#2974,.T.);
#917=ORIENTED_EDGE('',*,*,#2975,.T.);
#918=ORIENTED_EDGE('',*,*,#2976,.T.);
#919=ORIENTED_EDGE('',*,*,#2977,.T.);
#920=ORIENTED_EDGE('',*,*,#2978,.F.);
#921=ORIENTED_EDGE('',*,*,#2971,.T.);
#922=ORIENTED_EDGE('',*,*,#2979,.T.);
#923=ORIENTED_EDGE('',*,*,#2980,.F.);
#924=ORIENTED_EDGE('',*,*,#2981,.T.);
#925=ORIENTED_EDGE('',*,*,#2982,.T.);
#926=ORIENTED_EDGE('',*,*,#2977,.F.);
#927=ORIENTED_EDGE('',*,*,#2983,.F.);
#928=ORIENTED_EDGE('',*,*,#2984,.T.);
#929=ORIENTED_EDGE('',*,*,#2985,.T.);
#930=ORIENTED_EDGE('',*,*,#2986,.F.);
#931=ORIENTED_EDGE('',*,*,#2987,.T.);
#932=ORIENTED_EDGE('',*,*,#2988,.T.);
#933=ORIENTED_EDGE('',*,*,#2989,.F.);
#934=ORIENTED_EDGE('',*,*,#2990,.F.);
#935=ORIENTED_EDGE('',*,*,#2991,.F.);
#936=ORIENTED_EDGE('',*,*,#2992,.F.);
#937=ORIENTED_EDGE('',*,*,#2993,.T.);
#938=ORIENTED_EDGE('',*,*,#2980,.T.);
#939=ORIENTED_EDGE('',*,*,#2994,.F.);
#940=ORIENTED_EDGE('',*,*,#2995,.T.);
#941=ORIENTED_EDGE('',*,*,#2981,.F.);
#942=ORIENTED_EDGE('',*,*,#2996,.F.);
#943=ORIENTED_EDGE('',*,*,#2997,.T.);
#944=ORIENTED_EDGE('',*,*,#2998,.T.);
#945=ORIENTED_EDGE('',*,*,#2999,.T.);
#946=ORIENTED_EDGE('',*,*,#3000,.F.);
#947=ORIENTED_EDGE('',*,*,#3001,.T.);
#948=ORIENTED_EDGE('',*,*,#3002,.F.);
#949=ORIENTED_EDGE('',*,*,#3003,.T.);
#950=ORIENTED_EDGE('',*,*,#3004,.F.);
#951=ORIENTED_EDGE('',*,*,#3005,.F.);
#952=ORIENTED_EDGE('',*,*,#3006,.F.);
#953=ORIENTED_EDGE('',*,*,#3007,.T.);
#954=ORIENTED_EDGE('',*,*,#3008,.F.);
#955=ORIENTED_EDGE('',*,*,#3009,.F.);
#956=ORIENTED_EDGE('',*,*,#3010,.T.);
#957=ORIENTED_EDGE('',*,*,#3011,.F.);
#958=ORIENTED_EDGE('',*,*,#3012,.F.);
#959=ORIENTED_EDGE('',*,*,#3013,.T.);
#960=ORIENTED_EDGE('',*,*,#3014,.F.);
#961=ORIENTED_EDGE('',*,*,#3015,.F.);
#962=ORIENTED_EDGE('',*,*,#3016,.T.);
#963=ORIENTED_EDGE('',*,*,#3017,.F.);
#964=ORIENTED_EDGE('',*,*,#3018,.F.);
#965=ORIENTED_EDGE('',*,*,#3019,.F.);
#966=ORIENTED_EDGE('',*,*,#3020,.T.);
#967=ORIENTED_EDGE('',*,*,#2973,.T.);
#968=ORIENTED_EDGE('',*,*,#3021,.F.);
#969=ORIENTED_EDGE('',*,*,#3022,.T.);
#970=ORIENTED_EDGE('',*,*,#3023,.T.);
#971=ORIENTED_EDGE('',*,*,#3024,.F.);
#972=ORIENTED_EDGE('',*,*,#3025,.T.);
#973=ORIENTED_EDGE('',*,*,#3026,.T.);
#974=ORIENTED_EDGE('',*,*,#3027,.F.);
#975=ORIENTED_EDGE('',*,*,#3028,.T.);
#976=ORIENTED_EDGE('',*,*,#3029,.T.);
#977=ORIENTED_EDGE('',*,*,#3005,.T.);
#978=ORIENTED_EDGE('',*,*,#3030,.T.);
#979=ORIENTED_EDGE('',*,*,#3031,.T.);
#980=ORIENTED_EDGE('',*,*,#3032,.F.);
#981=ORIENTED_EDGE('',*,*,#3033,.T.);
#982=ORIENTED_EDGE('',*,*,#3034,.T.);
#983=ORIENTED_EDGE('',*,*,#3035,.F.);
#984=ORIENTED_EDGE('',*,*,#3036,.T.);
#985=ORIENTED_EDGE('',*,*,#3037,.F.);
#986=ORIENTED_EDGE('',*,*,#3038,.F.);
#987=ORIENTED_EDGE('',*,*,#3039,.F.);
#988=ORIENTED_EDGE('',*,*,#3040,.T.);
#989=ORIENTED_EDGE('',*,*,#2990,.T.);
#990=ORIENTED_EDGE('',*,*,#3041,.T.);
#991=ORIENTED_EDGE('',*,*,#3042,.T.);
#992=ORIENTED_EDGE('',*,*,#3043,.T.);
#993=ORIENTED_EDGE('',*,*,#3044,.F.);
#994=ORIENTED_EDGE('',*,*,#3045,.F.);
#995=ORIENTED_EDGE('',*,*,#3046,.T.);
#996=ORIENTED_EDGE('',*,*,#3047,.T.);
#997=ORIENTED_EDGE('',*,*,#3048,.F.);
#998=ORIENTED_EDGE('',*,*,#3049,.F.);
#999=ORIENTED_EDGE('',*,*,#3014,.T.);
#1000=ORIENTED_EDGE('',*,*,#3050,.T.);
#1001=ORIENTED_EDGE('',*,*,#3051,.F.);
#1002=ORIENTED_EDGE('',*,*,#3052,.T.);
#1003=ORIENTED_EDGE('',*,*,#3053,.T.);
#1004=ORIENTED_EDGE('',*,*,#3054,.F.);
#1005=ORIENTED_EDGE('',*,*,#3055,.T.);
#1006=ORIENTED_EDGE('',*,*,#3056,.T.);
#1007=ORIENTED_EDGE('',*,*,#3057,.T.);
#1008=ORIENTED_EDGE('',*,*,#3058,.T.);
#1009=ORIENTED_EDGE('',*,*,#3059,.T.);
#1010=ORIENTED_EDGE('',*,*,#3060,.T.);
#1011=ORIENTED_EDGE('',*,*,#3018,.T.);
#1012=ORIENTED_EDGE('',*,*,#3061,.T.);
#1013=ORIENTED_EDGE('',*,*,#3062,.T.);
#1014=ORIENTED_EDGE('',*,*,#3063,.T.);
#1015=ORIENTED_EDGE('',*,*,#3064,.T.);
#1016=ORIENTED_EDGE('',*,*,#3065,.T.);
#1017=ORIENTED_EDGE('',*,*,#3066,.T.);
#1018=ORIENTED_EDGE('',*,*,#3067,.T.);
#1019=ORIENTED_EDGE('',*,*,#3068,.T.);
#1020=ORIENTED_EDGE('',*,*,#3069,.T.);
#1021=ORIENTED_EDGE('',*,*,#3070,.T.);
#1022=ORIENTED_EDGE('',*,*,#3071,.T.);
#1023=ORIENTED_EDGE('',*,*,#3072,.T.);
#1024=ORIENTED_EDGE('',*,*,#3073,.T.);
#1025=ORIENTED_EDGE('',*,*,#3074,.T.);
#1026=ORIENTED_EDGE('',*,*,#3075,.T.);
#1027=ORIENTED_EDGE('',*,*,#3076,.T.);
#1028=ORIENTED_EDGE('',*,*,#3077,.F.);
#1029=ORIENTED_EDGE('',*,*,#3078,.F.);
#1030=ORIENTED_EDGE('',*,*,#3045,.T.);
#1031=ORIENTED_EDGE('',*,*,#3079,.T.);
#1032=ORIENTED_EDGE('',*,*,#3080,.T.);
#1033=ORIENTED_EDGE('',*,*,#3081,.F.);
#1034=ORIENTED_EDGE('',*,*,#3046,.F.);
#1035=ORIENTED_EDGE('',*,*,#3078,.T.);
#1036=ORIENTED_EDGE('',*,*,#3082,.T.);
#1037=ORIENTED_EDGE('',*,*,#3083,.F.);
#1038=ORIENTED_EDGE('',*,*,#3047,.F.);
#1039=ORIENTED_EDGE('',*,*,#3081,.T.);
#1040=ORIENTED_EDGE('',*,*,#3084,.F.);
#1041=ORIENTED_EDGE('',*,*,#3085,.F.);
#1042=ORIENTED_EDGE('',*,*,#3048,.T.);
#1043=ORIENTED_EDGE('',*,*,#3083,.T.);
#1044=ORIENTED_EDGE('',*,*,#3086,.F.);
#1045=ORIENTED_EDGE('',*,*,#3087,.F.);
#1046=ORIENTED_EDGE('',*,*,#3049,.T.);
#1047=ORIENTED_EDGE('',*,*,#3085,.T.);
#1048=ORIENTED_EDGE('',*,*,#3088,.F.);
#1049=ORIENTED_EDGE('',*,*,#3033,.F.);
#1050=ORIENTED_EDGE('',*,*,#3087,.T.);
#1051=ORIENTED_EDGE('',*,*,#3089,.T.);
#1052=ORIENTED_EDGE('',*,*,#3090,.T.);
#1053=ORIENTED_EDGE('',*,*,#3026,.F.);
#1054=ORIENTED_EDGE('',*,*,#3091,.T.);
#1055=ORIENTED_EDGE('',*,*,#2969,.F.);
#1056=ORIENTED_EDGE('',*,*,#3092,.F.);
#1057=ORIENTED_EDGE('',*,*,#3008,.T.);
#1058=ORIENTED_EDGE('',*,*,#3044,.T.);
#1059=ORIENTED_EDGE('',*,*,#3093,.T.);
#1060=ORIENTED_EDGE('',*,*,#3094,.F.);
#1061=ORIENTED_EDGE('',*,*,#3079,.F.);
#1062=ORIENTED_EDGE('',*,*,#3032,.T.);
#1063=ORIENTED_EDGE('',*,*,#3095,.F.);
#1064=ORIENTED_EDGE('',*,*,#3096,.F.);
#1065=ORIENTED_EDGE('',*,*,#3097,.F.);
#1066=ORIENTED_EDGE('',*,*,#2986,.T.);
#1067=ORIENTED_EDGE('',*,*,#3098,.F.);
#1068=ORIENTED_EDGE('',*,*,#3099,.F.);
#1069=ORIENTED_EDGE('',*,*,#3016,.F.);
#1070=ORIENTED_EDGE('',*,*,#3100,.F.);
#1071=ORIENTED_EDGE('',*,*,#3089,.F.);
#1072=ORIENTED_EDGE('',*,*,#3086,.T.);
#1073=ORIENTED_EDGE('',*,*,#3084,.T.);
#1074=ORIENTED_EDGE('',*,*,#3082,.F.);
#1075=ORIENTED_EDGE('',*,*,#3080,.F.);
#1076=ORIENTED_EDGE('',*,*,#3077,.T.);
#1077=ORIENTED_EDGE('',*,*,#3094,.T.);
#1078=ORIENTED_EDGE('',*,*,#3101,.F.);
#1079=ORIENTED_EDGE('',*,*,#3102,.F.);
#1080=ORIENTED_EDGE('',*,*,#3103,.F.);
#1081=ORIENTED_EDGE('',*,*,#3104,.F.);
#1082=ORIENTED_EDGE('',*,*,#3105,.F.);
#1083=ORIENTED_EDGE('',*,*,#3106,.F.);
#1084=ORIENTED_EDGE('',*,*,#3107,.F.);
#1085=ORIENTED_EDGE('',*,*,#3108,.F.);
#1086=ORIENTED_EDGE('',*,*,#3109,.F.);
#1087=ORIENTED_EDGE('',*,*,#3110,.F.);
#1088=ORIENTED_EDGE('',*,*,#3111,.F.);
#1089=ORIENTED_EDGE('',*,*,#3112,.F.);
#1090=ORIENTED_EDGE('',*,*,#3113,.F.);
#1091=ORIENTED_EDGE('',*,*,#3114,.F.);
#1092=ORIENTED_EDGE('',*,*,#3115,.F.);
#1093=ORIENTED_EDGE('',*,*,#3116,.F.);
#1094=ORIENTED_EDGE('',*,*,#3117,.F.);
#1095=ORIENTED_EDGE('',*,*,#3118,.F.);
#1096=ORIENTED_EDGE('',*,*,#3119,.F.);
#1097=ORIENTED_EDGE('',*,*,#3120,.F.);
#1098=ORIENTED_EDGE('',*,*,#3121,.F.);
#1099=ORIENTED_EDGE('',*,*,#3122,.F.);
#1100=ORIENTED_EDGE('',*,*,#3123,.F.);
#1101=ORIENTED_EDGE('',*,*,#3124,.F.);
#1102=ORIENTED_EDGE('',*,*,#3125,.F.);
#1103=ORIENTED_EDGE('',*,*,#3126,.F.);
#1104=ORIENTED_EDGE('',*,*,#3127,.F.);
#1105=ORIENTED_EDGE('',*,*,#3128,.F.);
#1106=ORIENTED_EDGE('',*,*,#3129,.F.);
#1107=ORIENTED_EDGE('',*,*,#3130,.F.);
#1108=ORIENTED_EDGE('',*,*,#3131,.F.);
#1109=ORIENTED_EDGE('',*,*,#3132,.F.);
#1110=ORIENTED_EDGE('',*,*,#3133,.F.);
#1111=ORIENTED_EDGE('',*,*,#3134,.F.);
#1112=ORIENTED_EDGE('',*,*,#3135,.F.);
#1113=ORIENTED_EDGE('',*,*,#3019,.T.);
#1114=ORIENTED_EDGE('',*,*,#3090,.F.);
#1115=ORIENTED_EDGE('',*,*,#3007,.F.);
#1116=ORIENTED_EDGE('',*,*,#3136,.F.);
#1117=ORIENTED_EDGE('',*,*,#3137,.F.);
#1118=ORIENTED_EDGE('',*,*,#3138,.F.);
#1119=ORIENTED_EDGE('',*,*,#3139,.F.);
#1120=ORIENTED_EDGE('',*,*,#3140,.F.);
#1121=ORIENTED_EDGE('',*,*,#3141,.F.);
#1122=ORIENTED_EDGE('',*,*,#3142,.F.);
#1123=ORIENTED_EDGE('',*,*,#3143,.F.);
#1124=ORIENTED_EDGE('',*,*,#3144,.F.);
#1125=ORIENTED_EDGE('',*,*,#3145,.F.);
#1126=ORIENTED_EDGE('',*,*,#3146,.F.);
#1127=ORIENTED_EDGE('',*,*,#3147,.F.);
#1128=ORIENTED_EDGE('',*,*,#3148,.F.);
#1129=ORIENTED_EDGE('',*,*,#3149,.F.);
#1130=ORIENTED_EDGE('',*,*,#3150,.F.);
#1131=ORIENTED_EDGE('',*,*,#3151,.F.);
#1132=ORIENTED_EDGE('',*,*,#3152,.F.);
#1133=ORIENTED_EDGE('',*,*,#3153,.F.);
#1134=ORIENTED_EDGE('',*,*,#3154,.F.);
#1135=ORIENTED_EDGE('',*,*,#3155,.F.);
#1136=ORIENTED_EDGE('',*,*,#3156,.F.);
#1137=ORIENTED_EDGE('',*,*,#3157,.F.);
#1138=ORIENTED_EDGE('',*,*,#3158,.F.);
#1139=ORIENTED_EDGE('',*,*,#3159,.F.);
#1140=ORIENTED_EDGE('',*,*,#3160,.F.);
#1141=ORIENTED_EDGE('',*,*,#3161,.F.);
#1142=ORIENTED_EDGE('',*,*,#3162,.F.);
#1143=ORIENTED_EDGE('',*,*,#3163,.F.);
#1144=ORIENTED_EDGE('',*,*,#3164,.F.);
#1145=ORIENTED_EDGE('',*,*,#3165,.F.);
#1146=ORIENTED_EDGE('',*,*,#3166,.F.);
#1147=ORIENTED_EDGE('',*,*,#3167,.F.);
#1148=ORIENTED_EDGE('',*,*,#3168,.F.);
#1149=ORIENTED_EDGE('',*,*,#3169,.F.);
#1150=ORIENTED_EDGE('',*,*,#3170,.F.);
#1151=ORIENTED_EDGE('',*,*,#3171,.F.);
#1152=ORIENTED_EDGE('',*,*,#3172,.F.);
#1153=ORIENTED_EDGE('',*,*,#3173,.F.);
#1154=ORIENTED_EDGE('',*,*,#3174,.F.);
#1155=ORIENTED_EDGE('',*,*,#3175,.F.);
#1156=ORIENTED_EDGE('',*,*,#3176,.F.);
#1157=ORIENTED_EDGE('',*,*,#3177,.F.);
#1158=ORIENTED_EDGE('',*,*,#3178,.F.);
#1159=ORIENTED_EDGE('',*,*,#3179,.F.);
#1160=ORIENTED_EDGE('',*,*,#3180,.F.);
#1161=ORIENTED_EDGE('',*,*,#3181,.F.);
#1162=ORIENTED_EDGE('',*,*,#3182,.F.);
#1163=ORIENTED_EDGE('',*,*,#3183,.F.);
#1164=ORIENTED_EDGE('',*,*,#3184,.F.);
#1165=ORIENTED_EDGE('',*,*,#3185,.F.);
#1166=ORIENTED_EDGE('',*,*,#3186,.F.);
#1167=ORIENTED_EDGE('',*,*,#3187,.F.);
#1168=ORIENTED_EDGE('',*,*,#3188,.F.);
#1169=ORIENTED_EDGE('',*,*,#3189,.F.);
#1170=ORIENTED_EDGE('',*,*,#3190,.F.);
#1171=ORIENTED_EDGE('',*,*,#3191,.F.);
#1172=ORIENTED_EDGE('',*,*,#3192,.F.);
#1173=ORIENTED_EDGE('',*,*,#3193,.F.);
#1174=ORIENTED_EDGE('',*,*,#3194,.F.);
#1175=ORIENTED_EDGE('',*,*,#3195,.F.);
#1176=ORIENTED_EDGE('',*,*,#3196,.F.);
#1177=ORIENTED_EDGE('',*,*,#3197,.F.);
#1178=ORIENTED_EDGE('',*,*,#3198,.F.);
#1179=ORIENTED_EDGE('',*,*,#3199,.F.);
#1180=ORIENTED_EDGE('',*,*,#3200,.F.);
#1181=ORIENTED_EDGE('',*,*,#3201,.F.);
#1182=ORIENTED_EDGE('',*,*,#3202,.F.);
#1183=ORIENTED_EDGE('',*,*,#3203,.F.);
#1184=ORIENTED_EDGE('',*,*,#3204,.F.);
#1185=ORIENTED_EDGE('',*,*,#3205,.F.);
#1186=ORIENTED_EDGE('',*,*,#3206,.F.);
#1187=ORIENTED_EDGE('',*,*,#3207,.F.);
#1188=ORIENTED_EDGE('',*,*,#3208,.F.);
#1189=ORIENTED_EDGE('',*,*,#3209,.F.);
#1190=ORIENTED_EDGE('',*,*,#3210,.F.);
#1191=ORIENTED_EDGE('',*,*,#3211,.F.);
#1192=ORIENTED_EDGE('',*,*,#3212,.F.);
#1193=ORIENTED_EDGE('',*,*,#3213,.F.);
#1194=ORIENTED_EDGE('',*,*,#3214,.F.);
#1195=ORIENTED_EDGE('',*,*,#3215,.F.);
#1196=ORIENTED_EDGE('',*,*,#3216,.F.);
#1197=ORIENTED_EDGE('',*,*,#3217,.F.);
#1198=ORIENTED_EDGE('',*,*,#3218,.F.);
#1199=ORIENTED_EDGE('',*,*,#3219,.F.);
#1200=ORIENTED_EDGE('',*,*,#3220,.F.);
#1201=ORIENTED_EDGE('',*,*,#3221,.F.);
#1202=ORIENTED_EDGE('',*,*,#3222,.F.);
#1203=ORIENTED_EDGE('',*,*,#3223,.F.);
#1204=ORIENTED_EDGE('',*,*,#3224,.F.);
#1205=ORIENTED_EDGE('',*,*,#3225,.F.);
#1206=ORIENTED_EDGE('',*,*,#3226,.F.);
#1207=ORIENTED_EDGE('',*,*,#3227,.F.);
#1208=ORIENTED_EDGE('',*,*,#3228,.F.);
#1209=ORIENTED_EDGE('',*,*,#3229,.F.);
#1210=ORIENTED_EDGE('',*,*,#3230,.F.);
#1211=ORIENTED_EDGE('',*,*,#3231,.F.);
#1212=ORIENTED_EDGE('',*,*,#3232,.F.);
#1213=ORIENTED_EDGE('',*,*,#3233,.F.);
#1214=ORIENTED_EDGE('',*,*,#3234,.F.);
#1215=ORIENTED_EDGE('',*,*,#3235,.F.);
#1216=ORIENTED_EDGE('',*,*,#3236,.F.);
#1217=ORIENTED_EDGE('',*,*,#3003,.F.);
#1218=ORIENTED_EDGE('',*,*,#3237,.F.);
#1219=ORIENTED_EDGE('',*,*,#3238,.F.);
#1220=ORIENTED_EDGE('',*,*,#3239,.F.);
#1221=ORIENTED_EDGE('',*,*,#3240,.F.);
#1222=ORIENTED_EDGE('',*,*,#3241,.F.);
#1223=ORIENTED_EDGE('',*,*,#3242,.F.);
#1224=ORIENTED_EDGE('',*,*,#3243,.F.);
#1225=ORIENTED_EDGE('',*,*,#3244,.F.);
#1226=ORIENTED_EDGE('',*,*,#3245,.F.);
#1227=ORIENTED_EDGE('',*,*,#3246,.F.);
#1228=ORIENTED_EDGE('',*,*,#3247,.F.);
#1229=ORIENTED_EDGE('',*,*,#3248,.F.);
#1230=ORIENTED_EDGE('',*,*,#3249,.F.);
#1231=ORIENTED_EDGE('',*,*,#3250,.F.);
#1232=ORIENTED_EDGE('',*,*,#3251,.F.);
#1233=ORIENTED_EDGE('',*,*,#3252,.F.);
#1234=ORIENTED_EDGE('',*,*,#3253,.F.);
#1235=ORIENTED_EDGE('',*,*,#3254,.F.);
#1236=ORIENTED_EDGE('',*,*,#3255,.F.);
#1237=ORIENTED_EDGE('',*,*,#3256,.F.);
#1238=ORIENTED_EDGE('',*,*,#3257,.F.);
#1239=ORIENTED_EDGE('',*,*,#3258,.F.);
#1240=ORIENTED_EDGE('',*,*,#3259,.F.);
#1241=ORIENTED_EDGE('',*,*,#3260,.F.);
#1242=ORIENTED_EDGE('',*,*,#3261,.F.);
#1243=ORIENTED_EDGE('',*,*,#3262,.F.);
#1244=ORIENTED_EDGE('',*,*,#3263,.F.);
#1245=ORIENTED_EDGE('',*,*,#3264,.F.);
#1246=ORIENTED_EDGE('',*,*,#3265,.F.);
#1247=ORIENTED_EDGE('',*,*,#3266,.F.);
#1248=ORIENTED_EDGE('',*,*,#3267,.F.);
#1249=ORIENTED_EDGE('',*,*,#3268,.F.);
#1250=ORIENTED_EDGE('',*,*,#3269,.F.);
#1251=ORIENTED_EDGE('',*,*,#3270,.F.);
#1252=ORIENTED_EDGE('',*,*,#3271,.F.);
#1253=ORIENTED_EDGE('',*,*,#3272,.F.);
#1254=ORIENTED_EDGE('',*,*,#3273,.F.);
#1255=ORIENTED_EDGE('',*,*,#3274,.F.);
#1256=ORIENTED_EDGE('',*,*,#3275,.F.);
#1257=ORIENTED_EDGE('',*,*,#3276,.F.);
#1258=ORIENTED_EDGE('',*,*,#3277,.F.);
#1259=ORIENTED_EDGE('',*,*,#3278,.F.);
#1260=ORIENTED_EDGE('',*,*,#3279,.F.);
#1261=ORIENTED_EDGE('',*,*,#3280,.F.);
#1262=ORIENTED_EDGE('',*,*,#3281,.F.);
#1263=ORIENTED_EDGE('',*,*,#3282,.F.);
#1264=ORIENTED_EDGE('',*,*,#3283,.F.);
#1265=ORIENTED_EDGE('',*,*,#3284,.F.);
#1266=ORIENTED_EDGE('',*,*,#3285,.F.);
#1267=ORIENTED_EDGE('',*,*,#3286,.F.);
#1268=ORIENTED_EDGE('',*,*,#3287,.F.);
#1269=ORIENTED_EDGE('',*,*,#3288,.F.);
#1270=ORIENTED_EDGE('',*,*,#3289,.F.);
#1271=ORIENTED_EDGE('',*,*,#3290,.F.);
#1272=ORIENTED_EDGE('',*,*,#3291,.F.);
#1273=ORIENTED_EDGE('',*,*,#3292,.F.);
#1274=ORIENTED_EDGE('',*,*,#3293,.F.);
#1275=ORIENTED_EDGE('',*,*,#3294,.F.);
#1276=ORIENTED_EDGE('',*,*,#3295,.F.);
#1277=ORIENTED_EDGE('',*,*,#3296,.F.);
#1278=ORIENTED_EDGE('',*,*,#3297,.F.);
#1279=ORIENTED_EDGE('',*,*,#3298,.F.);
#1280=ORIENTED_EDGE('',*,*,#3299,.F.);
#1281=ORIENTED_EDGE('',*,*,#3300,.F.);
#1282=ORIENTED_EDGE('',*,*,#3301,.F.);
#1283=ORIENTED_EDGE('',*,*,#3302,.F.);
#1284=ORIENTED_EDGE('',*,*,#3303,.F.);
#1285=ORIENTED_EDGE('',*,*,#3304,.F.);
#1286=ORIENTED_EDGE('',*,*,#3305,.F.);
#1287=ORIENTED_EDGE('',*,*,#3306,.F.);
#1288=ORIENTED_EDGE('',*,*,#3307,.F.);
#1289=ORIENTED_EDGE('',*,*,#3308,.F.);
#1290=ORIENTED_EDGE('',*,*,#3309,.F.);
#1291=ORIENTED_EDGE('',*,*,#3310,.F.);
#1292=ORIENTED_EDGE('',*,*,#3311,.F.);
#1293=ORIENTED_EDGE('',*,*,#3312,.F.);
#1294=ORIENTED_EDGE('',*,*,#3313,.F.);
#1295=ORIENTED_EDGE('',*,*,#3314,.F.);
#1296=ORIENTED_EDGE('',*,*,#3315,.F.);
#1297=ORIENTED_EDGE('',*,*,#3316,.F.);
#1298=ORIENTED_EDGE('',*,*,#3317,.F.);
#1299=ORIENTED_EDGE('',*,*,#3318,.F.);
#1300=ORIENTED_EDGE('',*,*,#3319,.F.);
#1301=ORIENTED_EDGE('',*,*,#3320,.F.);
#1302=ORIENTED_EDGE('',*,*,#3321,.F.);
#1303=ORIENTED_EDGE('',*,*,#3322,.F.);
#1304=ORIENTED_EDGE('',*,*,#3323,.F.);
#1305=ORIENTED_EDGE('',*,*,#3324,.F.);
#1306=ORIENTED_EDGE('',*,*,#3325,.F.);
#1307=ORIENTED_EDGE('',*,*,#3326,.F.);
#1308=ORIENTED_EDGE('',*,*,#3327,.F.);
#1309=ORIENTED_EDGE('',*,*,#3328,.F.);
#1310=ORIENTED_EDGE('',*,*,#3329,.F.);
#1311=ORIENTED_EDGE('',*,*,#3330,.F.);
#1312=ORIENTED_EDGE('',*,*,#3331,.F.);
#1313=ORIENTED_EDGE('',*,*,#3332,.F.);
#1314=ORIENTED_EDGE('',*,*,#3333,.F.);
#1315=ORIENTED_EDGE('',*,*,#3334,.F.);
#1316=ORIENTED_EDGE('',*,*,#3335,.F.);
#1317=ORIENTED_EDGE('',*,*,#3336,.F.);
#1318=ORIENTED_EDGE('',*,*,#3337,.F.);
#1319=ORIENTED_EDGE('',*,*,#3338,.F.);
#1320=ORIENTED_EDGE('',*,*,#3339,.F.);
#1321=ORIENTED_EDGE('',*,*,#3340,.F.);
#1322=ORIENTED_EDGE('',*,*,#3341,.F.);
#1323=ORIENTED_EDGE('',*,*,#3342,.F.);
#1324=ORIENTED_EDGE('',*,*,#3343,.F.);
#1325=ORIENTED_EDGE('',*,*,#3344,.F.);
#1326=ORIENTED_EDGE('',*,*,#3345,.F.);
#1327=ORIENTED_EDGE('',*,*,#3346,.F.);
#1328=ORIENTED_EDGE('',*,*,#3347,.F.);
#1329=ORIENTED_EDGE('',*,*,#3348,.F.);
#1330=ORIENTED_EDGE('',*,*,#3349,.F.);
#1331=ORIENTED_EDGE('',*,*,#3350,.F.);
#1332=ORIENTED_EDGE('',*,*,#3351,.F.);
#1333=ORIENTED_EDGE('',*,*,#3352,.F.);
#1334=ORIENTED_EDGE('',*,*,#3353,.F.);
#1335=ORIENTED_EDGE('',*,*,#3354,.F.);
#1336=ORIENTED_EDGE('',*,*,#3355,.F.);
#1337=ORIENTED_EDGE('',*,*,#3356,.F.);
#1338=ORIENTED_EDGE('',*,*,#3357,.F.);
#1339=ORIENTED_EDGE('',*,*,#3358,.F.);
#1340=ORIENTED_EDGE('',*,*,#3095,.T.);
#1341=ORIENTED_EDGE('',*,*,#3040,.F.);
#1342=ORIENTED_EDGE('',*,*,#3359,.F.);
#1343=ORIENTED_EDGE('',*,*,#2996,.T.);
#1344=ORIENTED_EDGE('',*,*,#2991,.T.);
#1345=ORIENTED_EDGE('',*,*,#3039,.T.);
#1346=ORIENTED_EDGE('',*,*,#3360,.F.);
#1347=ORIENTED_EDGE('',*,*,#2997,.F.);
#1348=ORIENTED_EDGE('',*,*,#3359,.T.);
#1349=ORIENTED_EDGE('',*,*,#3038,.T.);
#1350=ORIENTED_EDGE('',*,*,#3361,.F.);
#1351=ORIENTED_EDGE('',*,*,#2998,.F.);
#1352=ORIENTED_EDGE('',*,*,#3360,.T.);
#1353=ORIENTED_EDGE('',*,*,#3037,.T.);
#1354=ORIENTED_EDGE('',*,*,#3362,.F.);
#1355=ORIENTED_EDGE('',*,*,#2999,.F.);
#1356=ORIENTED_EDGE('',*,*,#3361,.T.);
#1357=ORIENTED_EDGE('',*,*,#3036,.F.);
#1358=ORIENTED_EDGE('',*,*,#3363,.F.);
#1359=ORIENTED_EDGE('',*,*,#3000,.T.);
#1360=ORIENTED_EDGE('',*,*,#3362,.T.);
#1361=ORIENTED_EDGE('',*,*,#3051,.T.);
#1362=ORIENTED_EDGE('',*,*,#3364,.T.);
#1363=ORIENTED_EDGE('',*,*,#3001,.F.);
#1364=ORIENTED_EDGE('',*,*,#3363,.T.);
#1365=ORIENTED_EDGE('',*,*,#3035,.T.);
#1366=ORIENTED_EDGE('',*,*,#3365,.T.);
#1367=ORIENTED_EDGE('',*,*,#3366,.F.);
#1368=ORIENTED_EDGE('',*,*,#3367,.T.);
#1369=ORIENTED_EDGE('',*,*,#3027,.T.);
#1370=ORIENTED_EDGE('',*,*,#3368,.T.);
#1371=ORIENTED_EDGE('',*,*,#3369,.F.);
#1372=ORIENTED_EDGE('',*,*,#3370,.T.);
#1373=ORIENTED_EDGE('',*,*,#3054,.T.);
#1374=ORIENTED_EDGE('',*,*,#3371,.T.);
#1375=ORIENTED_EDGE('',*,*,#3372,.F.);
#1376=ORIENTED_EDGE('',*,*,#3373,.T.);
#1377=ORIENTED_EDGE('',*,*,#3135,.T.);
#1378=ORIENTED_EDGE('',*,*,#3374,.F.);
#1379=ORIENTED_EDGE('',*,*,#2974,.F.);
#1380=ORIENTED_EDGE('',*,*,#3020,.F.);
#1381=ORIENTED_EDGE('',*,*,#3374,.T.);
#1382=ORIENTED_EDGE('',*,*,#3134,.T.);
#1383=ORIENTED_EDGE('',*,*,#3375,.F.);
#1384=ORIENTED_EDGE('',*,*,#2975,.F.);
#1385=ORIENTED_EDGE('',*,*,#3376,.T.);
#1386=ORIENTED_EDGE('',*,*,#3102,.T.);
#1387=ORIENTED_EDGE('',*,*,#3377,.F.);
#1388=ORIENTED_EDGE('',*,*,#3042,.F.);
#1389=ORIENTED_EDGE('',*,*,#3015,.T.);
#1390=ORIENTED_EDGE('',*,*,#3060,.F.);
#1391=ORIENTED_EDGE('',*,*,#3378,.F.);
#1392=ORIENTED_EDGE('',*,*,#3096,.T.);
#1393=ORIENTED_EDGE('',*,*,#3017,.T.);
#1394=ORIENTED_EDGE('',*,*,#3099,.T.);
#1395=ORIENTED_EDGE('',*,*,#3379,.T.);
#1396=ORIENTED_EDGE('',*,*,#3061,.F.);
#1397=ORIENTED_EDGE('',*,*,#3043,.F.);
#1398=ORIENTED_EDGE('',*,*,#3377,.T.);
#1399=ORIENTED_EDGE('',*,*,#3101,.T.);
#1400=ORIENTED_EDGE('',*,*,#3093,.F.);
#1401=ORIENTED_EDGE('',*,*,#3375,.T.);
#1402=ORIENTED_EDGE('',*,*,#3133,.T.);
#1403=ORIENTED_EDGE('',*,*,#3380,.F.);
#1404=ORIENTED_EDGE('',*,*,#3381,.F.);
#1405=ORIENTED_EDGE('',*,*,#2983,.T.);
#1406=ORIENTED_EDGE('',*,*,#2976,.F.);
#1407=ORIENTED_EDGE('',*,*,#2989,.T.);
#1408=ORIENTED_EDGE('',*,*,#3382,.F.);
#1409=ORIENTED_EDGE('',*,*,#3383,.T.);
#1410=ORIENTED_EDGE('',*,*,#3103,.T.);
#1411=ORIENTED_EDGE('',*,*,#3376,.F.);
#1412=ORIENTED_EDGE('',*,*,#3041,.F.);
#1413=ORIENTED_EDGE('',*,*,#3097,.T.);
#1414=ORIENTED_EDGE('',*,*,#3378,.T.);
#1415=ORIENTED_EDGE('',*,*,#3059,.F.);
#1416=ORIENTED_EDGE('',*,*,#3384,.F.);
#1417=ORIENTED_EDGE('',*,*,#3385,.T.);
#1418=ORIENTED_EDGE('',*,*,#2987,.F.);
#1419=ORIENTED_EDGE('',*,*,#3098,.T.);
#1420=ORIENTED_EDGE('',*,*,#2985,.F.);
#1421=ORIENTED_EDGE('',*,*,#3386,.T.);
#1422=ORIENTED_EDGE('',*,*,#3387,.T.);
#1423=ORIENTED_EDGE('',*,*,#3062,.F.);
#1424=ORIENTED_EDGE('',*,*,#3379,.F.);
#1425=ORIENTED_EDGE('',*,*,#3132,.T.);
#1426=ORIENTED_EDGE('',*,*,#3388,.F.);
#1427=ORIENTED_EDGE('',*,*,#3389,.F.);
#1428=ORIENTED_EDGE('',*,*,#3380,.T.);
#1429=ORIENTED_EDGE('',*,*,#3131,.T.);
#1430=ORIENTED_EDGE('',*,*,#3390,.F.);
#1431=ORIENTED_EDGE('',*,*,#3391,.F.);
#1432=ORIENTED_EDGE('',*,*,#3388,.T.);
#1433=ORIENTED_EDGE('',*,*,#3130,.T.);
#1434=ORIENTED_EDGE('',*,*,#3392,.F.);
#1435=ORIENTED_EDGE('',*,*,#3393,.F.);
#1436=ORIENTED_EDGE('',*,*,#3390,.T.);
#1437=ORIENTED_EDGE('',*,*,#3129,.T.);
#1438=ORIENTED_EDGE('',*,*,#3394,.F.);
#1439=ORIENTED_EDGE('',*,*,#3395,.F.);
#1440=ORIENTED_EDGE('',*,*,#3392,.T.);
#1441=ORIENTED_EDGE('',*,*,#3128,.T.);
#1442=ORIENTED_EDGE('',*,*,#3396,.F.);
#1443=ORIENTED_EDGE('',*,*,#3397,.F.);
#1444=ORIENTED_EDGE('',*,*,#3394,.T.);
#1445=ORIENTED_EDGE('',*,*,#3127,.T.);
#1446=ORIENTED_EDGE('',*,*,#3398,.F.);
#1447=ORIENTED_EDGE('',*,*,#3399,.F.);
#1448=ORIENTED_EDGE('',*,*,#3396,.T.);
#1449=ORIENTED_EDGE('',*,*,#3126,.T.);
#1450=ORIENTED_EDGE('',*,*,#3400,.F.);
#1451=ORIENTED_EDGE('',*,*,#3401,.F.);
#1452=ORIENTED_EDGE('',*,*,#3398,.T.);
#1453=ORIENTED_EDGE('',*,*,#3125,.T.);
#1454=ORIENTED_EDGE('',*,*,#3402,.F.);
#1455=ORIENTED_EDGE('',*,*,#3403,.F.);
#1456=ORIENTED_EDGE('',*,*,#3400,.T.);
#1457=ORIENTED_EDGE('',*,*,#3124,.T.);
#1458=ORIENTED_EDGE('',*,*,#3404,.F.);
#1459=ORIENTED_EDGE('',*,*,#3405,.F.);
#1460=ORIENTED_EDGE('',*,*,#3402,.T.);
#1461=ORIENTED_EDGE('',*,*,#3123,.T.);
#1462=ORIENTED_EDGE('',*,*,#3406,.F.);
#1463=ORIENTED_EDGE('',*,*,#3407,.F.);
#1464=ORIENTED_EDGE('',*,*,#3404,.T.);
#1465=ORIENTED_EDGE('',*,*,#3122,.T.);
#1466=ORIENTED_EDGE('',*,*,#3408,.F.);
#1467=ORIENTED_EDGE('',*,*,#3409,.F.);
#1468=ORIENTED_EDGE('',*,*,#3406,.T.);
#1469=ORIENTED_EDGE('',*,*,#3121,.T.);
#1470=ORIENTED_EDGE('',*,*,#3410,.F.);
#1471=ORIENTED_EDGE('',*,*,#3411,.F.);
#1472=ORIENTED_EDGE('',*,*,#3408,.T.);
#1473=ORIENTED_EDGE('',*,*,#3120,.T.);
#1474=ORIENTED_EDGE('',*,*,#3412,.F.);
#1475=ORIENTED_EDGE('',*,*,#3413,.F.);
#1476=ORIENTED_EDGE('',*,*,#3410,.T.);
#1477=ORIENTED_EDGE('',*,*,#3119,.T.);
#1478=ORIENTED_EDGE('',*,*,#3414,.F.);
#1479=ORIENTED_EDGE('',*,*,#3415,.F.);
#1480=ORIENTED_EDGE('',*,*,#3412,.T.);
#1481=ORIENTED_EDGE('',*,*,#3118,.T.);
#1482=ORIENTED_EDGE('',*,*,#3416,.F.);
#1483=ORIENTED_EDGE('',*,*,#3417,.F.);
#1484=ORIENTED_EDGE('',*,*,#3414,.T.);
#1485=ORIENTED_EDGE('',*,*,#3117,.T.);
#1486=ORIENTED_EDGE('',*,*,#3418,.F.);
#1487=ORIENTED_EDGE('',*,*,#3419,.F.);
#1488=ORIENTED_EDGE('',*,*,#3416,.T.);
#1489=ORIENTED_EDGE('',*,*,#3116,.T.);
#1490=ORIENTED_EDGE('',*,*,#3420,.F.);
#1491=ORIENTED_EDGE('',*,*,#3421,.F.);
#1492=ORIENTED_EDGE('',*,*,#3418,.T.);
#1493=ORIENTED_EDGE('',*,*,#3115,.T.);
#1494=ORIENTED_EDGE('',*,*,#3422,.F.);
#1495=ORIENTED_EDGE('',*,*,#3423,.F.);
#1496=ORIENTED_EDGE('',*,*,#3420,.T.);
#1497=ORIENTED_EDGE('',*,*,#3114,.T.);
#1498=ORIENTED_EDGE('',*,*,#3424,.F.);
#1499=ORIENTED_EDGE('',*,*,#3425,.F.);
#1500=ORIENTED_EDGE('',*,*,#3422,.T.);
#1501=ORIENTED_EDGE('',*,*,#3113,.T.);
#1502=ORIENTED_EDGE('',*,*,#3426,.F.);
#1503=ORIENTED_EDGE('',*,*,#3427,.F.);
#1504=ORIENTED_EDGE('',*,*,#3424,.T.);
#1505=ORIENTED_EDGE('',*,*,#3112,.T.);
#1506=ORIENTED_EDGE('',*,*,#3428,.F.);
#1507=ORIENTED_EDGE('',*,*,#3429,.F.);
#1508=ORIENTED_EDGE('',*,*,#3426,.T.);
#1509=ORIENTED_EDGE('',*,*,#3111,.T.);
#1510=ORIENTED_EDGE('',*,*,#3430,.F.);
#1511=ORIENTED_EDGE('',*,*,#3431,.F.);
#1512=ORIENTED_EDGE('',*,*,#3428,.T.);
#1513=ORIENTED_EDGE('',*,*,#3110,.T.);
#1514=ORIENTED_EDGE('',*,*,#3432,.F.);
#1515=ORIENTED_EDGE('',*,*,#3433,.F.);
#1516=ORIENTED_EDGE('',*,*,#3430,.T.);
#1517=ORIENTED_EDGE('',*,*,#3109,.T.);
#1518=ORIENTED_EDGE('',*,*,#3434,.F.);
#1519=ORIENTED_EDGE('',*,*,#3435,.F.);
#1520=ORIENTED_EDGE('',*,*,#3432,.T.);
#1521=ORIENTED_EDGE('',*,*,#3108,.T.);
#1522=ORIENTED_EDGE('',*,*,#3436,.F.);
#1523=ORIENTED_EDGE('',*,*,#3437,.F.);
#1524=ORIENTED_EDGE('',*,*,#3434,.T.);
#1525=ORIENTED_EDGE('',*,*,#3107,.T.);
#1526=ORIENTED_EDGE('',*,*,#3438,.F.);
#1527=ORIENTED_EDGE('',*,*,#3439,.F.);
#1528=ORIENTED_EDGE('',*,*,#3436,.T.);
#1529=ORIENTED_EDGE('',*,*,#3106,.T.);
#1530=ORIENTED_EDGE('',*,*,#3440,.F.);
#1531=ORIENTED_EDGE('',*,*,#3441,.F.);
#1532=ORIENTED_EDGE('',*,*,#3438,.T.);
#1533=ORIENTED_EDGE('',*,*,#3105,.T.);
#1534=ORIENTED_EDGE('',*,*,#3442,.F.);
#1535=ORIENTED_EDGE('',*,*,#3443,.F.);
#1536=ORIENTED_EDGE('',*,*,#3440,.T.);
#1537=ORIENTED_EDGE('',*,*,#3104,.T.);
#1538=ORIENTED_EDGE('',*,*,#3383,.F.);
#1539=ORIENTED_EDGE('',*,*,#3444,.F.);
#1540=ORIENTED_EDGE('',*,*,#3442,.T.);
#1541=ORIENTED_EDGE('',*,*,#3076,.F.);
#1542=ORIENTED_EDGE('',*,*,#3445,.F.);
#1543=ORIENTED_EDGE('',*,*,#3446,.T.);
#1544=ORIENTED_EDGE('',*,*,#3384,.T.);
#1545=ORIENTED_EDGE('',*,*,#3075,.F.);
#1546=ORIENTED_EDGE('',*,*,#3447,.F.);
#1547=ORIENTED_EDGE('',*,*,#3448,.T.);
#1548=ORIENTED_EDGE('',*,*,#3445,.T.);
#1549=ORIENTED_EDGE('',*,*,#3074,.F.);
#1550=ORIENTED_EDGE('',*,*,#3449,.F.);
#1551=ORIENTED_EDGE('',*,*,#3450,.T.);
#1552=ORIENTED_EDGE('',*,*,#3447,.T.);
#1553=ORIENTED_EDGE('',*,*,#3073,.F.);
#1554=ORIENTED_EDGE('',*,*,#3451,.F.);
#1555=ORIENTED_EDGE('',*,*,#3452,.T.);
#1556=ORIENTED_EDGE('',*,*,#3449,.T.);
#1557=ORIENTED_EDGE('',*,*,#3072,.F.);
#1558=ORIENTED_EDGE('',*,*,#3453,.F.);
#1559=ORIENTED_EDGE('',*,*,#3454,.T.);
#1560=ORIENTED_EDGE('',*,*,#3451,.T.);
#1561=ORIENTED_EDGE('',*,*,#3071,.F.);
#1562=ORIENTED_EDGE('',*,*,#3455,.F.);
#1563=ORIENTED_EDGE('',*,*,#3456,.T.);
#1564=ORIENTED_EDGE('',*,*,#3453,.T.);
#1565=ORIENTED_EDGE('',*,*,#3070,.F.);
#1566=ORIENTED_EDGE('',*,*,#3457,.F.);
#1567=ORIENTED_EDGE('',*,*,#3458,.T.);
#1568=ORIENTED_EDGE('',*,*,#3455,.T.);
#1569=ORIENTED_EDGE('',*,*,#3069,.F.);
#1570=ORIENTED_EDGE('',*,*,#3459,.F.);
#1571=ORIENTED_EDGE('',*,*,#3460,.T.);
#1572=ORIENTED_EDGE('',*,*,#3457,.T.);
#1573=ORIENTED_EDGE('',*,*,#3068,.F.);
#1574=ORIENTED_EDGE('',*,*,#3461,.F.);
#1575=ORIENTED_EDGE('',*,*,#3462,.T.);
#1576=ORIENTED_EDGE('',*,*,#3459,.T.);
#1577=ORIENTED_EDGE('',*,*,#3067,.F.);
#1578=ORIENTED_EDGE('',*,*,#3463,.F.);
#1579=ORIENTED_EDGE('',*,*,#3464,.T.);
#1580=ORIENTED_EDGE('',*,*,#3461,.T.);
#1581=ORIENTED_EDGE('',*,*,#3066,.F.);
#1582=ORIENTED_EDGE('',*,*,#3465,.F.);
#1583=ORIENTED_EDGE('',*,*,#3466,.T.);
#1584=ORIENTED_EDGE('',*,*,#3463,.T.);
#1585=ORIENTED_EDGE('',*,*,#3065,.F.);
#1586=ORIENTED_EDGE('',*,*,#3467,.F.);
#1587=ORIENTED_EDGE('',*,*,#3468,.T.);
#1588=ORIENTED_EDGE('',*,*,#3465,.T.);
#1589=ORIENTED_EDGE('',*,*,#3064,.F.);
#1590=ORIENTED_EDGE('',*,*,#3469,.F.);
#1591=ORIENTED_EDGE('',*,*,#3470,.T.);
#1592=ORIENTED_EDGE('',*,*,#3467,.T.);
#1593=ORIENTED_EDGE('',*,*,#3063,.F.);
#1594=ORIENTED_EDGE('',*,*,#3387,.F.);
#1595=ORIENTED_EDGE('',*,*,#3471,.T.);
#1596=ORIENTED_EDGE('',*,*,#3469,.T.);
#1597=ORIENTED_EDGE('',*,*,#3381,.T.);
#1598=ORIENTED_EDGE('',*,*,#3389,.T.);
#1599=ORIENTED_EDGE('',*,*,#3391,.T.);
#1600=ORIENTED_EDGE('',*,*,#3393,.T.);
#1601=ORIENTED_EDGE('',*,*,#3395,.T.);
#1602=ORIENTED_EDGE('',*,*,#3397,.T.);
#1603=ORIENTED_EDGE('',*,*,#3399,.T.);
#1604=ORIENTED_EDGE('',*,*,#3401,.T.);
#1605=ORIENTED_EDGE('',*,*,#3403,.T.);
#1606=ORIENTED_EDGE('',*,*,#3405,.T.);
#1607=ORIENTED_EDGE('',*,*,#3407,.T.);
#1608=ORIENTED_EDGE('',*,*,#3409,.T.);
#1609=ORIENTED_EDGE('',*,*,#3411,.T.);
#1610=ORIENTED_EDGE('',*,*,#3413,.T.);
#1611=ORIENTED_EDGE('',*,*,#3415,.T.);
#1612=ORIENTED_EDGE('',*,*,#3417,.T.);
#1613=ORIENTED_EDGE('',*,*,#3419,.T.);
#1614=ORIENTED_EDGE('',*,*,#3421,.T.);
#1615=ORIENTED_EDGE('',*,*,#3423,.T.);
#1616=ORIENTED_EDGE('',*,*,#3425,.T.);
#1617=ORIENTED_EDGE('',*,*,#3427,.T.);
#1618=ORIENTED_EDGE('',*,*,#3429,.T.);
#1619=ORIENTED_EDGE('',*,*,#3431,.T.);
#1620=ORIENTED_EDGE('',*,*,#3433,.T.);
#1621=ORIENTED_EDGE('',*,*,#3435,.T.);
#1622=ORIENTED_EDGE('',*,*,#3437,.T.);
#1623=ORIENTED_EDGE('',*,*,#3439,.T.);
#1624=ORIENTED_EDGE('',*,*,#3441,.T.);
#1625=ORIENTED_EDGE('',*,*,#3443,.T.);
#1626=ORIENTED_EDGE('',*,*,#3444,.T.);
#1627=ORIENTED_EDGE('',*,*,#3382,.T.);
#1628=ORIENTED_EDGE('',*,*,#2988,.F.);
#1629=ORIENTED_EDGE('',*,*,#3385,.F.);
#1630=ORIENTED_EDGE('',*,*,#3446,.F.);
#1631=ORIENTED_EDGE('',*,*,#3448,.F.);
#1632=ORIENTED_EDGE('',*,*,#3450,.F.);
#1633=ORIENTED_EDGE('',*,*,#3452,.F.);
#1634=ORIENTED_EDGE('',*,*,#3454,.F.);
#1635=ORIENTED_EDGE('',*,*,#3456,.F.);
#1636=ORIENTED_EDGE('',*,*,#3458,.F.);
#1637=ORIENTED_EDGE('',*,*,#3460,.F.);
#1638=ORIENTED_EDGE('',*,*,#3462,.F.);
#1639=ORIENTED_EDGE('',*,*,#3464,.F.);
#1640=ORIENTED_EDGE('',*,*,#3466,.F.);
#1641=ORIENTED_EDGE('',*,*,#3468,.F.);
#1642=ORIENTED_EDGE('',*,*,#3470,.F.);
#1643=ORIENTED_EDGE('',*,*,#3471,.F.);
#1644=ORIENTED_EDGE('',*,*,#3386,.F.);
#1645=ORIENTED_EDGE('',*,*,#2984,.F.);
#1646=ORIENTED_EDGE('',*,*,#3472,.T.);
#1647=ORIENTED_EDGE('',*,*,#3222,.T.);
#1648=ORIENTED_EDGE('',*,*,#3473,.F.);
#1649=ORIENTED_EDGE('',*,*,#3056,.F.);
#1650=ORIENTED_EDGE('',*,*,#3473,.T.);
#1651=ORIENTED_EDGE('',*,*,#3221,.T.);
#1652=ORIENTED_EDGE('',*,*,#3474,.F.);
#1653=ORIENTED_EDGE('',*,*,#3057,.F.);
#1654=ORIENTED_EDGE('',*,*,#3373,.F.);
#1655=ORIENTED_EDGE('',*,*,#3475,.F.);
#1656=ORIENTED_EDGE('',*,*,#3476,.T.);
#1657=ORIENTED_EDGE('',*,*,#3137,.T.);
#1658=ORIENTED_EDGE('',*,*,#3477,.F.);
#1659=ORIENTED_EDGE('',*,*,#3052,.F.);
#1660=ORIENTED_EDGE('',*,*,#3478,.T.);
#1661=ORIENTED_EDGE('',*,*,#3235,.T.);
#1662=ORIENTED_EDGE('',*,*,#3479,.F.);
#1663=ORIENTED_EDGE('',*,*,#3480,.F.);
#1664=ORIENTED_EDGE('',*,*,#3368,.F.);
#1665=ORIENTED_EDGE('',*,*,#3031,.F.);
#1666=ORIENTED_EDGE('',*,*,#3370,.F.);
#1667=ORIENTED_EDGE('',*,*,#3481,.F.);
#1668=ORIENTED_EDGE('',*,*,#3482,.T.);
#1669=ORIENTED_EDGE('',*,*,#3223,.T.);
#1670=ORIENTED_EDGE('',*,*,#3472,.F.);
#1671=ORIENTED_EDGE('',*,*,#3055,.F.);
#1672=ORIENTED_EDGE('',*,*,#3474,.T.);
#1673=ORIENTED_EDGE('',*,*,#3220,.T.);
#1674=ORIENTED_EDGE('',*,*,#3483,.F.);
#1675=ORIENTED_EDGE('',*,*,#3484,.F.);
#1676=ORIENTED_EDGE('',*,*,#3371,.F.);
#1677=ORIENTED_EDGE('',*,*,#3058,.F.);
#1678=ORIENTED_EDGE('',*,*,#3372,.T.);
#1679=ORIENTED_EDGE('',*,*,#3484,.T.);
#1680=ORIENTED_EDGE('',*,*,#3485,.T.);
#1681=ORIENTED_EDGE('',*,*,#3486,.T.);
#1682=ORIENTED_EDGE('',*,*,#3487,.T.);
#1683=ORIENTED_EDGE('',*,*,#3488,.T.);
#1684=ORIENTED_EDGE('',*,*,#3489,.T.);
#1685=ORIENTED_EDGE('',*,*,#3490,.T.);
#1686=ORIENTED_EDGE('',*,*,#3491,.T.);
#1687=ORIENTED_EDGE('',*,*,#3492,.T.);
#1688=ORIENTED_EDGE('',*,*,#3493,.T.);
#1689=ORIENTED_EDGE('',*,*,#3494,.T.);
#1690=ORIENTED_EDGE('',*,*,#3495,.T.);
#1691=ORIENTED_EDGE('',*,*,#3496,.T.);
#1692=ORIENTED_EDGE('',*,*,#3497,.T.);
#1693=ORIENTED_EDGE('',*,*,#3498,.T.);
#1694=ORIENTED_EDGE('',*,*,#3499,.T.);
#1695=ORIENTED_EDGE('',*,*,#3500,.T.);
#1696=ORIENTED_EDGE('',*,*,#3501,.T.);
#1697=ORIENTED_EDGE('',*,*,#3502,.T.);
#1698=ORIENTED_EDGE('',*,*,#3503,.T.);
#1699=ORIENTED_EDGE('',*,*,#3504,.T.);
#1700=ORIENTED_EDGE('',*,*,#3505,.T.);
#1701=ORIENTED_EDGE('',*,*,#3506,.T.);
#1702=ORIENTED_EDGE('',*,*,#3507,.T.);
#1703=ORIENTED_EDGE('',*,*,#3508,.T.);
#1704=ORIENTED_EDGE('',*,*,#3509,.T.);
#1705=ORIENTED_EDGE('',*,*,#3510,.T.);
#1706=ORIENTED_EDGE('',*,*,#3511,.T.);
#1707=ORIENTED_EDGE('',*,*,#3512,.T.);
#1708=ORIENTED_EDGE('',*,*,#3513,.T.);
#1709=ORIENTED_EDGE('',*,*,#3514,.T.);
#1710=ORIENTED_EDGE('',*,*,#3515,.T.);
#1711=ORIENTED_EDGE('',*,*,#3516,.T.);
#1712=ORIENTED_EDGE('',*,*,#3517,.T.);
#1713=ORIENTED_EDGE('',*,*,#3518,.T.);
#1714=ORIENTED_EDGE('',*,*,#3519,.T.);
#1715=ORIENTED_EDGE('',*,*,#3520,.T.);
#1716=ORIENTED_EDGE('',*,*,#3521,.T.);
#1717=ORIENTED_EDGE('',*,*,#3522,.T.);
#1718=ORIENTED_EDGE('',*,*,#3523,.T.);
#1719=ORIENTED_EDGE('',*,*,#3524,.T.);
#1720=ORIENTED_EDGE('',*,*,#3525,.T.);
#1721=ORIENTED_EDGE('',*,*,#3526,.T.);
#1722=ORIENTED_EDGE('',*,*,#3527,.T.);
#1723=ORIENTED_EDGE('',*,*,#3528,.T.);
#1724=ORIENTED_EDGE('',*,*,#3529,.T.);
#1725=ORIENTED_EDGE('',*,*,#3530,.T.);
#1726=ORIENTED_EDGE('',*,*,#3531,.T.);
#1727=ORIENTED_EDGE('',*,*,#3532,.T.);
#1728=ORIENTED_EDGE('',*,*,#3533,.T.);
#1729=ORIENTED_EDGE('',*,*,#3534,.T.);
#1730=ORIENTED_EDGE('',*,*,#3535,.T.);
#1731=ORIENTED_EDGE('',*,*,#3536,.T.);
#1732=ORIENTED_EDGE('',*,*,#3537,.T.);
#1733=ORIENTED_EDGE('',*,*,#3538,.T.);
#1734=ORIENTED_EDGE('',*,*,#3539,.T.);
#1735=ORIENTED_EDGE('',*,*,#3540,.T.);
#1736=ORIENTED_EDGE('',*,*,#3541,.T.);
#1737=ORIENTED_EDGE('',*,*,#3542,.T.);
#1738=ORIENTED_EDGE('',*,*,#3543,.T.);
#1739=ORIENTED_EDGE('',*,*,#3544,.T.);
#1740=ORIENTED_EDGE('',*,*,#3545,.T.);
#1741=ORIENTED_EDGE('',*,*,#3546,.T.);
#1742=ORIENTED_EDGE('',*,*,#3547,.T.);
#1743=ORIENTED_EDGE('',*,*,#3548,.T.);
#1744=ORIENTED_EDGE('',*,*,#3549,.T.);
#1745=ORIENTED_EDGE('',*,*,#3550,.T.);
#1746=ORIENTED_EDGE('',*,*,#3551,.T.);
#1747=ORIENTED_EDGE('',*,*,#3552,.T.);
#1748=ORIENTED_EDGE('',*,*,#3553,.T.);
#1749=ORIENTED_EDGE('',*,*,#3554,.T.);
#1750=ORIENTED_EDGE('',*,*,#3555,.T.);
#1751=ORIENTED_EDGE('',*,*,#3556,.T.);
#1752=ORIENTED_EDGE('',*,*,#3557,.T.);
#1753=ORIENTED_EDGE('',*,*,#3558,.T.);
#1754=ORIENTED_EDGE('',*,*,#3559,.T.);
#1755=ORIENTED_EDGE('',*,*,#3560,.T.);
#1756=ORIENTED_EDGE('',*,*,#3561,.T.);
#1757=ORIENTED_EDGE('',*,*,#3562,.T.);
#1758=ORIENTED_EDGE('',*,*,#3563,.T.);
#1759=ORIENTED_EDGE('',*,*,#3564,.T.);
#1760=ORIENTED_EDGE('',*,*,#3565,.T.);
#1761=ORIENTED_EDGE('',*,*,#3566,.T.);
#1762=ORIENTED_EDGE('',*,*,#3475,.T.);
#1763=ORIENTED_EDGE('',*,*,#3369,.T.);
#1764=ORIENTED_EDGE('',*,*,#3480,.T.);
#1765=ORIENTED_EDGE('',*,*,#3567,.T.);
#1766=ORIENTED_EDGE('',*,*,#3568,.T.);
#1767=ORIENTED_EDGE('',*,*,#3569,.T.);
#1768=ORIENTED_EDGE('',*,*,#3570,.T.);
#1769=ORIENTED_EDGE('',*,*,#3571,.T.);
#1770=ORIENTED_EDGE('',*,*,#3572,.T.);
#1771=ORIENTED_EDGE('',*,*,#3573,.T.);
#1772=ORIENTED_EDGE('',*,*,#3574,.T.);
#1773=ORIENTED_EDGE('',*,*,#3575,.T.);
#1774=ORIENTED_EDGE('',*,*,#3576,.T.);
#1775=ORIENTED_EDGE('',*,*,#3577,.T.);
#1776=ORIENTED_EDGE('',*,*,#3481,.T.);
#1777=ORIENTED_EDGE('',*,*,#3006,.T.);
#1778=ORIENTED_EDGE('',*,*,#3053,.F.);
#1779=ORIENTED_EDGE('',*,*,#3477,.T.);
#1780=ORIENTED_EDGE('',*,*,#3136,.T.);
#1781=ORIENTED_EDGE('',*,*,#3004,.T.);
#1782=ORIENTED_EDGE('',*,*,#3236,.T.);
#1783=ORIENTED_EDGE('',*,*,#3478,.F.);
#1784=ORIENTED_EDGE('',*,*,#3030,.F.);
#1785=ORIENTED_EDGE('',*,*,#3234,.T.);
#1786=ORIENTED_EDGE('',*,*,#3578,.F.);
#1787=ORIENTED_EDGE('',*,*,#3567,.F.);
#1788=ORIENTED_EDGE('',*,*,#3479,.T.);
#1789=ORIENTED_EDGE('',*,*,#3233,.T.);
#1790=ORIENTED_EDGE('',*,*,#3579,.F.);
#1791=ORIENTED_EDGE('',*,*,#3568,.F.);
#1792=ORIENTED_EDGE('',*,*,#3578,.T.);
#1793=ORIENTED_EDGE('',*,*,#3232,.T.);
#1794=ORIENTED_EDGE('',*,*,#3580,.F.);
#1795=ORIENTED_EDGE('',*,*,#3569,.F.);
#1796=ORIENTED_EDGE('',*,*,#3579,.T.);
#1797=ORIENTED_EDGE('',*,*,#3231,.T.);
#1798=ORIENTED_EDGE('',*,*,#3581,.F.);
#1799=ORIENTED_EDGE('',*,*,#3570,.F.);
#1800=ORIENTED_EDGE('',*,*,#3580,.T.);
#1801=ORIENTED_EDGE('',*,*,#3230,.T.);
#1802=ORIENTED_EDGE('',*,*,#3582,.F.);
#1803=ORIENTED_EDGE('',*,*,#3571,.F.);
#1804=ORIENTED_EDGE('',*,*,#3581,.T.);
#1805=ORIENTED_EDGE('',*,*,#3229,.T.);
#1806=ORIENTED_EDGE('',*,*,#3583,.F.);
#1807=ORIENTED_EDGE('',*,*,#3572,.F.);
#1808=ORIENTED_EDGE('',*,*,#3582,.T.);
#1809=ORIENTED_EDGE('',*,*,#3228,.T.);
#1810=ORIENTED_EDGE('',*,*,#3584,.F.);
#1811=ORIENTED_EDGE('',*,*,#3573,.F.);
#1812=ORIENTED_EDGE('',*,*,#3583,.T.);
#1813=ORIENTED_EDGE('',*,*,#3227,.T.);
#1814=ORIENTED_EDGE('',*,*,#3585,.F.);
#1815=ORIENTED_EDGE('',*,*,#3574,.F.);
#1816=ORIENTED_EDGE('',*,*,#3584,.T.);
#1817=ORIENTED_EDGE('',*,*,#3226,.T.);
#1818=ORIENTED_EDGE('',*,*,#3586,.F.);
#1819=ORIENTED_EDGE('',*,*,#3575,.F.);
#1820=ORIENTED_EDGE('',*,*,#3585,.T.);
#1821=ORIENTED_EDGE('',*,*,#3225,.T.);
#1822=ORIENTED_EDGE('',*,*,#3587,.F.);
#1823=ORIENTED_EDGE('',*,*,#3576,.F.);
#1824=ORIENTED_EDGE('',*,*,#3586,.T.);
#1825=ORIENTED_EDGE('',*,*,#3224,.T.);
#1826=ORIENTED_EDGE('',*,*,#3482,.F.);
#1827=ORIENTED_EDGE('',*,*,#3577,.F.);
#1828=ORIENTED_EDGE('',*,*,#3587,.T.);
#1829=ORIENTED_EDGE('',*,*,#3219,.T.);
#1830=ORIENTED_EDGE('',*,*,#3588,.F.);
#1831=ORIENTED_EDGE('',*,*,#3485,.F.);
#1832=ORIENTED_EDGE('',*,*,#3483,.T.);
#1833=ORIENTED_EDGE('',*,*,#3218,.T.);
#1834=ORIENTED_EDGE('',*,*,#3589,.F.);
#1835=ORIENTED_EDGE('',*,*,#3486,.F.);
#1836=ORIENTED_EDGE('',*,*,#3588,.T.);
#1837=ORIENTED_EDGE('',*,*,#3217,.T.);
#1838=ORIENTED_EDGE('',*,*,#3590,.F.);
#1839=ORIENTED_EDGE('',*,*,#3487,.F.);
#1840=ORIENTED_EDGE('',*,*,#3589,.T.);
#1841=ORIENTED_EDGE('',*,*,#3216,.T.);
#1842=ORIENTED_EDGE('',*,*,#3591,.F.);
#1843=ORIENTED_EDGE('',*,*,#3488,.F.);
#1844=ORIENTED_EDGE('',*,*,#3590,.T.);
#1845=ORIENTED_EDGE('',*,*,#3215,.T.);
#1846=ORIENTED_EDGE('',*,*,#3592,.F.);
#1847=ORIENTED_EDGE('',*,*,#3489,.F.);
#1848=ORIENTED_EDGE('',*,*,#3591,.T.);
#1849=ORIENTED_EDGE('',*,*,#3214,.T.);
#1850=ORIENTED_EDGE('',*,*,#3593,.F.);
#1851=ORIENTED_EDGE('',*,*,#3490,.F.);
#1852=ORIENTED_EDGE('',*,*,#3592,.T.);
#1853=ORIENTED_EDGE('',*,*,#3213,.T.);
#1854=ORIENTED_EDGE('',*,*,#3594,.F.);
#1855=ORIENTED_EDGE('',*,*,#3491,.F.);
#1856=ORIENTED_EDGE('',*,*,#3593,.T.);
#1857=ORIENTED_EDGE('',*,*,#3212,.T.);
#1858=ORIENTED_EDGE('',*,*,#3595,.F.);
#1859=ORIENTED_EDGE('',*,*,#3492,.F.);
#1860=ORIENTED_EDGE('',*,*,#3594,.T.);
#1861=ORIENTED_EDGE('',*,*,#3211,.T.);
#1862=ORIENTED_EDGE('',*,*,#3596,.F.);
#1863=ORIENTED_EDGE('',*,*,#3493,.F.);
#1864=ORIENTED_EDGE('',*,*,#3595,.T.);
#1865=ORIENTED_EDGE('',*,*,#3210,.T.);
#1866=ORIENTED_EDGE('',*,*,#3597,.F.);
#1867=ORIENTED_EDGE('',*,*,#3494,.F.);
#1868=ORIENTED_EDGE('',*,*,#3596,.T.);
#1869=ORIENTED_EDGE('',*,*,#3209,.T.);
#1870=ORIENTED_EDGE('',*,*,#3598,.F.);
#1871=ORIENTED_EDGE('',*,*,#3495,.F.);
#1872=ORIENTED_EDGE('',*,*,#3597,.T.);
#1873=ORIENTED_EDGE('',*,*,#3208,.T.);
#1874=ORIENTED_EDGE('',*,*,#3599,.F.);
#1875=ORIENTED_EDGE('',*,*,#3496,.F.);
#1876=ORIENTED_EDGE('',*,*,#3598,.T.);
#1877=ORIENTED_EDGE('',*,*,#3207,.T.);
#1878=ORIENTED_EDGE('',*,*,#3600,.F.);
#1879=ORIENTED_EDGE('',*,*,#3497,.F.);
#1880=ORIENTED_EDGE('',*,*,#3599,.T.);
#1881=ORIENTED_EDGE('',*,*,#3206,.T.);
#1882=ORIENTED_EDGE('',*,*,#3601,.F.);
#1883=ORIENTED_EDGE('',*,*,#3498,.F.);
#1884=ORIENTED_EDGE('',*,*,#3600,.T.);
#1885=ORIENTED_EDGE('',*,*,#3205,.T.);
#1886=ORIENTED_EDGE('',*,*,#3602,.F.);
#1887=ORIENTED_EDGE('',*,*,#3499,.F.);
#1888=ORIENTED_EDGE('',*,*,#3601,.T.);
#1889=ORIENTED_EDGE('',*,*,#3204,.T.);
#1890=ORIENTED_EDGE('',*,*,#3603,.F.);
#1891=ORIENTED_EDGE('',*,*,#3500,.F.);
#1892=ORIENTED_EDGE('',*,*,#3602,.T.);
#1893=ORIENTED_EDGE('',*,*,#3203,.T.);
#1894=ORIENTED_EDGE('',*,*,#3604,.F.);
#1895=ORIENTED_EDGE('',*,*,#3501,.F.);
#1896=ORIENTED_EDGE('',*,*,#3603,.T.);
#1897=ORIENTED_EDGE('',*,*,#3202,.T.);
#1898=ORIENTED_EDGE('',*,*,#3605,.F.);
#1899=ORIENTED_EDGE('',*,*,#3502,.F.);
#1900=ORIENTED_EDGE('',*,*,#3604,.T.);
#1901=ORIENTED_EDGE('',*,*,#3201,.T.);
#1902=ORIENTED_EDGE('',*,*,#3606,.F.);
#1903=ORIENTED_EDGE('',*,*,#3503,.F.);
#1904=ORIENTED_EDGE('',*,*,#3605,.T.);
#1905=ORIENTED_EDGE('',*,*,#3200,.T.);
#1906=ORIENTED_EDGE('',*,*,#3607,.F.);
#1907=ORIENTED_EDGE('',*,*,#3504,.F.);
#1908=ORIENTED_EDGE('',*,*,#3606,.T.);
#1909=ORIENTED_EDGE('',*,*,#3199,.T.);
#1910=ORIENTED_EDGE('',*,*,#3608,.F.);
#1911=ORIENTED_EDGE('',*,*,#3505,.F.);
#1912=ORIENTED_EDGE('',*,*,#3607,.T.);
#1913=ORIENTED_EDGE('',*,*,#3198,.T.);
#1914=ORIENTED_EDGE('',*,*,#3609,.F.);
#1915=ORIENTED_EDGE('',*,*,#3506,.F.);
#1916=ORIENTED_EDGE('',*,*,#3608,.T.);
#1917=ORIENTED_EDGE('',*,*,#3197,.T.);
#1918=ORIENTED_EDGE('',*,*,#3610,.F.);
#1919=ORIENTED_EDGE('',*,*,#3507,.F.);
#1920=ORIENTED_EDGE('',*,*,#3609,.T.);
#1921=ORIENTED_EDGE('',*,*,#3196,.T.);
#1922=ORIENTED_EDGE('',*,*,#3611,.F.);
#1923=ORIENTED_EDGE('',*,*,#3508,.F.);
#1924=ORIENTED_EDGE('',*,*,#3610,.T.);
#1925=ORIENTED_EDGE('',*,*,#3195,.T.);
#1926=ORIENTED_EDGE('',*,*,#3612,.F.);
#1927=ORIENTED_EDGE('',*,*,#3509,.F.);
#1928=ORIENTED_EDGE('',*,*,#3611,.T.);
#1929=ORIENTED_EDGE('',*,*,#3194,.T.);
#1930=ORIENTED_EDGE('',*,*,#3613,.F.);
#1931=ORIENTED_EDGE('',*,*,#3510,.F.);
#1932=ORIENTED_EDGE('',*,*,#3612,.T.);
#1933=ORIENTED_EDGE('',*,*,#3193,.T.);
#1934=ORIENTED_EDGE('',*,*,#3614,.F.);
#1935=ORIENTED_EDGE('',*,*,#3511,.F.);
#1936=ORIENTED_EDGE('',*,*,#3613,.T.);
#1937=ORIENTED_EDGE('',*,*,#3192,.T.);
#1938=ORIENTED_EDGE('',*,*,#3615,.F.);
#1939=ORIENTED_EDGE('',*,*,#3512,.F.);
#1940=ORIENTED_EDGE('',*,*,#3614,.T.);
#1941=ORIENTED_EDGE('',*,*,#3191,.T.);
#1942=ORIENTED_EDGE('',*,*,#3616,.F.);
#1943=ORIENTED_EDGE('',*,*,#3513,.F.);
#1944=ORIENTED_EDGE('',*,*,#3615,.T.);
#1945=ORIENTED_EDGE('',*,*,#3190,.T.);
#1946=ORIENTED_EDGE('',*,*,#3617,.F.);
#1947=ORIENTED_EDGE('',*,*,#3514,.F.);
#1948=ORIENTED_EDGE('',*,*,#3616,.T.);
#1949=ORIENTED_EDGE('',*,*,#3189,.T.);
#1950=ORIENTED_EDGE('',*,*,#3618,.F.);
#1951=ORIENTED_EDGE('',*,*,#3515,.F.);
#1952=ORIENTED_EDGE('',*,*,#3617,.T.);
#1953=ORIENTED_EDGE('',*,*,#3188,.T.);
#1954=ORIENTED_EDGE('',*,*,#3619,.F.);
#1955=ORIENTED_EDGE('',*,*,#3516,.F.);
#1956=ORIENTED_EDGE('',*,*,#3618,.T.);
#1957=ORIENTED_EDGE('',*,*,#3187,.T.);
#1958=ORIENTED_EDGE('',*,*,#3620,.F.);
#1959=ORIENTED_EDGE('',*,*,#3517,.F.);
#1960=ORIENTED_EDGE('',*,*,#3619,.T.);
#1961=ORIENTED_EDGE('',*,*,#3186,.T.);
#1962=ORIENTED_EDGE('',*,*,#3621,.F.);
#1963=ORIENTED_EDGE('',*,*,#3518,.F.);
#1964=ORIENTED_EDGE('',*,*,#3620,.T.);
#1965=ORIENTED_EDGE('',*,*,#3185,.T.);
#1966=ORIENTED_EDGE('',*,*,#3622,.F.);
#1967=ORIENTED_EDGE('',*,*,#3519,.F.);
#1968=ORIENTED_EDGE('',*,*,#3621,.T.);
#1969=ORIENTED_EDGE('',*,*,#3184,.T.);
#1970=ORIENTED_EDGE('',*,*,#3623,.F.);
#1971=ORIENTED_EDGE('',*,*,#3520,.F.);
#1972=ORIENTED_EDGE('',*,*,#3622,.T.);
#1973=ORIENTED_EDGE('',*,*,#3183,.T.);
#1974=ORIENTED_EDGE('',*,*,#3624,.F.);
#1975=ORIENTED_EDGE('',*,*,#3521,.F.);
#1976=ORIENTED_EDGE('',*,*,#3623,.T.);
#1977=ORIENTED_EDGE('',*,*,#3182,.T.);
#1978=ORIENTED_EDGE('',*,*,#3625,.F.);
#1979=ORIENTED_EDGE('',*,*,#3522,.F.);
#1980=ORIENTED_EDGE('',*,*,#3624,.T.);
#1981=ORIENTED_EDGE('',*,*,#3181,.T.);
#1982=ORIENTED_EDGE('',*,*,#3626,.F.);
#1983=ORIENTED_EDGE('',*,*,#3523,.F.);
#1984=ORIENTED_EDGE('',*,*,#3625,.T.);
#1985=ORIENTED_EDGE('',*,*,#3180,.T.);
#1986=ORIENTED_EDGE('',*,*,#3627,.F.);
#1987=ORIENTED_EDGE('',*,*,#3524,.F.);
#1988=ORIENTED_EDGE('',*,*,#3626,.T.);
#1989=ORIENTED_EDGE('',*,*,#3179,.T.);
#1990=ORIENTED_EDGE('',*,*,#3628,.F.);
#1991=ORIENTED_EDGE('',*,*,#3525,.F.);
#1992=ORIENTED_EDGE('',*,*,#3627,.T.);
#1993=ORIENTED_EDGE('',*,*,#3178,.T.);
#1994=ORIENTED_EDGE('',*,*,#3629,.F.);
#1995=ORIENTED_EDGE('',*,*,#3526,.F.);
#1996=ORIENTED_EDGE('',*,*,#3628,.T.);
#1997=ORIENTED_EDGE('',*,*,#3177,.T.);
#1998=ORIENTED_EDGE('',*,*,#3630,.F.);
#1999=ORIENTED_EDGE('',*,*,#3527,.F.);
#2000=ORIENTED_EDGE('',*,*,#3629,.T.);
#2001=ORIENTED_EDGE('',*,*,#3176,.T.);
#2002=ORIENTED_EDGE('',*,*,#3631,.F.);
#2003=ORIENTED_EDGE('',*,*,#3528,.F.);
#2004=ORIENTED_EDGE('',*,*,#3630,.T.);
#2005=ORIENTED_EDGE('',*,*,#3175,.T.);
#2006=ORIENTED_EDGE('',*,*,#3632,.F.);
#2007=ORIENTED_EDGE('',*,*,#3529,.F.);
#2008=ORIENTED_EDGE('',*,*,#3631,.T.);
#2009=ORIENTED_EDGE('',*,*,#3174,.T.);
#2010=ORIENTED_EDGE('',*,*,#3633,.F.);
#2011=ORIENTED_EDGE('',*,*,#3530,.F.);
#2012=ORIENTED_EDGE('',*,*,#3632,.T.);
#2013=ORIENTED_EDGE('',*,*,#3173,.T.);
#2014=ORIENTED_EDGE('',*,*,#3634,.F.);
#2015=ORIENTED_EDGE('',*,*,#3531,.F.);
#2016=ORIENTED_EDGE('',*,*,#3633,.T.);
#2017=ORIENTED_EDGE('',*,*,#3172,.T.);
#2018=ORIENTED_EDGE('',*,*,#3635,.F.);
#2019=ORIENTED_EDGE('',*,*,#3532,.F.);
#2020=ORIENTED_EDGE('',*,*,#3634,.T.);
#2021=ORIENTED_EDGE('',*,*,#3171,.T.);
#2022=ORIENTED_EDGE('',*,*,#3636,.F.);
#2023=ORIENTED_EDGE('',*,*,#3533,.F.);
#2024=ORIENTED_EDGE('',*,*,#3635,.T.);
#2025=ORIENTED_EDGE('',*,*,#3170,.T.);
#2026=ORIENTED_EDGE('',*,*,#3637,.F.);
#2027=ORIENTED_EDGE('',*,*,#3534,.F.);
#2028=ORIENTED_EDGE('',*,*,#3636,.T.);
#2029=ORIENTED_EDGE('',*,*,#3169,.T.);
#2030=ORIENTED_EDGE('',*,*,#3638,.F.);
#2031=ORIENTED_EDGE('',*,*,#3535,.F.);
#2032=ORIENTED_EDGE('',*,*,#3637,.T.);
#2033=ORIENTED_EDGE('',*,*,#3168,.T.);
#2034=ORIENTED_EDGE('',*,*,#3639,.F.);
#2035=ORIENTED_EDGE('',*,*,#3536,.F.);
#2036=ORIENTED_EDGE('',*,*,#3638,.T.);
#2037=ORIENTED_EDGE('',*,*,#3167,.T.);
#2038=ORIENTED_EDGE('',*,*,#3640,.F.);
#2039=ORIENTED_EDGE('',*,*,#3537,.F.);
#2040=ORIENTED_EDGE('',*,*,#3639,.T.);
#2041=ORIENTED_EDGE('',*,*,#3166,.T.);
#2042=ORIENTED_EDGE('',*,*,#3641,.F.);
#2043=ORIENTED_EDGE('',*,*,#3538,.F.);
#2044=ORIENTED_EDGE('',*,*,#3640,.T.);
#2045=ORIENTED_EDGE('',*,*,#3165,.T.);
#2046=ORIENTED_EDGE('',*,*,#3642,.F.);
#2047=ORIENTED_EDGE('',*,*,#3539,.F.);
#2048=ORIENTED_EDGE('',*,*,#3641,.T.);
#2049=ORIENTED_EDGE('',*,*,#3164,.T.);
#2050=ORIENTED_EDGE('',*,*,#3643,.F.);
#2051=ORIENTED_EDGE('',*,*,#3540,.F.);
#2052=ORIENTED_EDGE('',*,*,#3642,.T.);
#2053=ORIENTED_EDGE('',*,*,#3163,.T.);
#2054=ORIENTED_EDGE('',*,*,#3644,.F.);
#2055=ORIENTED_EDGE('',*,*,#3541,.F.);
#2056=ORIENTED_EDGE('',*,*,#3643,.T.);
#2057=ORIENTED_EDGE('',*,*,#3162,.T.);
#2058=ORIENTED_EDGE('',*,*,#3645,.F.);
#2059=ORIENTED_EDGE('',*,*,#3542,.F.);
#2060=ORIENTED_EDGE('',*,*,#3644,.T.);
#2061=ORIENTED_EDGE('',*,*,#3161,.T.);
#2062=ORIENTED_EDGE('',*,*,#3646,.F.);
#2063=ORIENTED_EDGE('',*,*,#3543,.F.);
#2064=ORIENTED_EDGE('',*,*,#3645,.T.);
#2065=ORIENTED_EDGE('',*,*,#3160,.T.);
#2066=ORIENTED_EDGE('',*,*,#3647,.F.);
#2067=ORIENTED_EDGE('',*,*,#3544,.F.);
#2068=ORIENTED_EDGE('',*,*,#3646,.T.);
#2069=ORIENTED_EDGE('',*,*,#3159,.T.);
#2070=ORIENTED_EDGE('',*,*,#3648,.F.);
#2071=ORIENTED_EDGE('',*,*,#3545,.F.);
#2072=ORIENTED_EDGE('',*,*,#3647,.T.);
#2073=ORIENTED_EDGE('',*,*,#3158,.T.);
#2074=ORIENTED_EDGE('',*,*,#3649,.F.);
#2075=ORIENTED_EDGE('',*,*,#3546,.F.);
#2076=ORIENTED_EDGE('',*,*,#3648,.T.);
#2077=ORIENTED_EDGE('',*,*,#3157,.T.);
#2078=ORIENTED_EDGE('',*,*,#3650,.F.);
#2079=ORIENTED_EDGE('',*,*,#3547,.F.);
#2080=ORIENTED_EDGE('',*,*,#3649,.T.);
#2081=ORIENTED_EDGE('',*,*,#3156,.T.);
#2082=ORIENTED_EDGE('',*,*,#3651,.F.);
#2083=ORIENTED_EDGE('',*,*,#3548,.F.);
#2084=ORIENTED_EDGE('',*,*,#3650,.T.);
#2085=ORIENTED_EDGE('',*,*,#3155,.T.);
#2086=ORIENTED_EDGE('',*,*,#3652,.F.);
#2087=ORIENTED_EDGE('',*,*,#3549,.F.);
#2088=ORIENTED_EDGE('',*,*,#3651,.T.);
#2089=ORIENTED_EDGE('',*,*,#3154,.T.);
#2090=ORIENTED_EDGE('',*,*,#3653,.F.);
#2091=ORIENTED_EDGE('',*,*,#3550,.F.);
#2092=ORIENTED_EDGE('',*,*,#3652,.T.);
#2093=ORIENTED_EDGE('',*,*,#3153,.T.);
#2094=ORIENTED_EDGE('',*,*,#3654,.F.);
#2095=ORIENTED_EDGE('',*,*,#3551,.F.);
#2096=ORIENTED_EDGE('',*,*,#3653,.T.);
#2097=ORIENTED_EDGE('',*,*,#3152,.T.);
#2098=ORIENTED_EDGE('',*,*,#3655,.F.);
#2099=ORIENTED_EDGE('',*,*,#3552,.F.);
#2100=ORIENTED_EDGE('',*,*,#3654,.T.);
#2101=ORIENTED_EDGE('',*,*,#3151,.T.);
#2102=ORIENTED_EDGE('',*,*,#3656,.F.);
#2103=ORIENTED_EDGE('',*,*,#3553,.F.);
#2104=ORIENTED_EDGE('',*,*,#3655,.T.);
#2105=ORIENTED_EDGE('',*,*,#3150,.T.);
#2106=ORIENTED_EDGE('',*,*,#3657,.F.);
#2107=ORIENTED_EDGE('',*,*,#3554,.F.);
#2108=ORIENTED_EDGE('',*,*,#3656,.T.);
#2109=ORIENTED_EDGE('',*,*,#3149,.T.);
#2110=ORIENTED_EDGE('',*,*,#3658,.F.);
#2111=ORIENTED_EDGE('',*,*,#3555,.F.);
#2112=ORIENTED_EDGE('',*,*,#3657,.T.);
#2113=ORIENTED_EDGE('',*,*,#3148,.T.);
#2114=ORIENTED_EDGE('',*,*,#3659,.F.);
#2115=ORIENTED_EDGE('',*,*,#3556,.F.);
#2116=ORIENTED_EDGE('',*,*,#3658,.T.);
#2117=ORIENTED_EDGE('',*,*,#3147,.T.);
#2118=ORIENTED_EDGE('',*,*,#3660,.F.);
#2119=ORIENTED_EDGE('',*,*,#3557,.F.);
#2120=ORIENTED_EDGE('',*,*,#3659,.T.);
#2121=ORIENTED_EDGE('',*,*,#3146,.T.);
#2122=ORIENTED_EDGE('',*,*,#3661,.F.);
#2123=ORIENTED_EDGE('',*,*,#3558,.F.);
#2124=ORIENTED_EDGE('',*,*,#3660,.T.);
#2125=ORIENTED_EDGE('',*,*,#3145,.T.);
#2126=ORIENTED_EDGE('',*,*,#3662,.F.);
#2127=ORIENTED_EDGE('',*,*,#3559,.F.);
#2128=ORIENTED_EDGE('',*,*,#3661,.T.);
#2129=ORIENTED_EDGE('',*,*,#3144,.T.);
#2130=ORIENTED_EDGE('',*,*,#3663,.F.);
#2131=ORIENTED_EDGE('',*,*,#3560,.F.);
#2132=ORIENTED_EDGE('',*,*,#3662,.T.);
#2133=ORIENTED_EDGE('',*,*,#3143,.T.);
#2134=ORIENTED_EDGE('',*,*,#3664,.F.);
#2135=ORIENTED_EDGE('',*,*,#3561,.F.);
#2136=ORIENTED_EDGE('',*,*,#3663,.T.);
#2137=ORIENTED_EDGE('',*,*,#3142,.T.);
#2138=ORIENTED_EDGE('',*,*,#3665,.F.);
#2139=ORIENTED_EDGE('',*,*,#3562,.F.);
#2140=ORIENTED_EDGE('',*,*,#3664,.T.);
#2141=ORIENTED_EDGE('',*,*,#3141,.T.);
#2142=ORIENTED_EDGE('',*,*,#3666,.F.);
#2143=ORIENTED_EDGE('',*,*,#3563,.F.);
#2144=ORIENTED_EDGE('',*,*,#3665,.T.);
#2145=ORIENTED_EDGE('',*,*,#3140,.T.);
#2146=ORIENTED_EDGE('',*,*,#3667,.F.);
#2147=ORIENTED_EDGE('',*,*,#3564,.F.);
#2148=ORIENTED_EDGE('',*,*,#3666,.T.);
#2149=ORIENTED_EDGE('',*,*,#3139,.T.);
#2150=ORIENTED_EDGE('',*,*,#3668,.F.);
#2151=ORIENTED_EDGE('',*,*,#3565,.F.);
#2152=ORIENTED_EDGE('',*,*,#3667,.T.);
#2153=ORIENTED_EDGE('',*,*,#3138,.T.);
#2154=ORIENTED_EDGE('',*,*,#3476,.F.);
#2155=ORIENTED_EDGE('',*,*,#3566,.F.);
#2156=ORIENTED_EDGE('',*,*,#3668,.T.);
#2157=ORIENTED_EDGE('',*,*,#3367,.F.);
#2158=ORIENTED_EDGE('',*,*,#3669,.F.);
#2159=ORIENTED_EDGE('',*,*,#3670,.T.);
#2160=ORIENTED_EDGE('',*,*,#3238,.T.);
#2161=ORIENTED_EDGE('',*,*,#3671,.F.);
#2162=ORIENTED_EDGE('',*,*,#3028,.F.);
#2163=ORIENTED_EDGE('',*,*,#3366,.T.);
#2164=ORIENTED_EDGE('',*,*,#3672,.T.);
#2165=ORIENTED_EDGE('',*,*,#3673,.T.);
#2166=ORIENTED_EDGE('',*,*,#3674,.T.);
#2167=ORIENTED_EDGE('',*,*,#3675,.T.);
#2168=ORIENTED_EDGE('',*,*,#3676,.T.);
#2169=ORIENTED_EDGE('',*,*,#3677,.T.);
#2170=ORIENTED_EDGE('',*,*,#3678,.T.);
#2171=ORIENTED_EDGE('',*,*,#3679,.T.);
#2172=ORIENTED_EDGE('',*,*,#3680,.T.);
#2173=ORIENTED_EDGE('',*,*,#3681,.T.);
#2174=ORIENTED_EDGE('',*,*,#3682,.T.);
#2175=ORIENTED_EDGE('',*,*,#3683,.T.);
#2176=ORIENTED_EDGE('',*,*,#3684,.T.);
#2177=ORIENTED_EDGE('',*,*,#3685,.T.);
#2178=ORIENTED_EDGE('',*,*,#3686,.T.);
#2179=ORIENTED_EDGE('',*,*,#3687,.T.);
#2180=ORIENTED_EDGE('',*,*,#3688,.T.);
#2181=ORIENTED_EDGE('',*,*,#3689,.T.);
#2182=ORIENTED_EDGE('',*,*,#3690,.T.);
#2183=ORIENTED_EDGE('',*,*,#3691,.T.);
#2184=ORIENTED_EDGE('',*,*,#3692,.T.);
#2185=ORIENTED_EDGE('',*,*,#3693,.T.);
#2186=ORIENTED_EDGE('',*,*,#3694,.T.);
#2187=ORIENTED_EDGE('',*,*,#3669,.T.);
#2188=ORIENTED_EDGE('',*,*,#3002,.T.);
#2189=ORIENTED_EDGE('',*,*,#3029,.F.);
#2190=ORIENTED_EDGE('',*,*,#3671,.T.);
#2191=ORIENTED_EDGE('',*,*,#3237,.T.);
#2192=ORIENTED_EDGE('',*,*,#3088,.T.);
#2193=ORIENTED_EDGE('',*,*,#3100,.T.);
#2194=ORIENTED_EDGE('',*,*,#3695,.F.);
#2195=ORIENTED_EDGE('',*,*,#3672,.F.);
#2196=ORIENTED_EDGE('',*,*,#3365,.F.);
#2197=ORIENTED_EDGE('',*,*,#3034,.F.);
#2198=ORIENTED_EDGE('',*,*,#3260,.T.);
#2199=ORIENTED_EDGE('',*,*,#3696,.F.);
#2200=ORIENTED_EDGE('',*,*,#3673,.F.);
#2201=ORIENTED_EDGE('',*,*,#3695,.T.);
#2202=ORIENTED_EDGE('',*,*,#3259,.T.);
#2203=ORIENTED_EDGE('',*,*,#3697,.F.);
#2204=ORIENTED_EDGE('',*,*,#3674,.F.);
#2205=ORIENTED_EDGE('',*,*,#3696,.T.);
#2206=ORIENTED_EDGE('',*,*,#3258,.T.);
#2207=ORIENTED_EDGE('',*,*,#3698,.F.);
#2208=ORIENTED_EDGE('',*,*,#3675,.F.);
#2209=ORIENTED_EDGE('',*,*,#3697,.T.);
#2210=ORIENTED_EDGE('',*,*,#3257,.T.);
#2211=ORIENTED_EDGE('',*,*,#3699,.F.);
#2212=ORIENTED_EDGE('',*,*,#3676,.F.);
#2213=ORIENTED_EDGE('',*,*,#3698,.T.);
#2214=ORIENTED_EDGE('',*,*,#3256,.T.);
#2215=ORIENTED_EDGE('',*,*,#3700,.F.);
#2216=ORIENTED_EDGE('',*,*,#3677,.F.);
#2217=ORIENTED_EDGE('',*,*,#3699,.T.);
#2218=ORIENTED_EDGE('',*,*,#3255,.T.);
#2219=ORIENTED_EDGE('',*,*,#3701,.F.);
#2220=ORIENTED_EDGE('',*,*,#3678,.F.);
#2221=ORIENTED_EDGE('',*,*,#3700,.T.);
#2222=ORIENTED_EDGE('',*,*,#3254,.T.);
#2223=ORIENTED_EDGE('',*,*,#3702,.F.);
#2224=ORIENTED_EDGE('',*,*,#3679,.F.);
#2225=ORIENTED_EDGE('',*,*,#3701,.T.);
#2226=ORIENTED_EDGE('',*,*,#3253,.T.);
#2227=ORIENTED_EDGE('',*,*,#3703,.F.);
#2228=ORIENTED_EDGE('',*,*,#3680,.F.);
#2229=ORIENTED_EDGE('',*,*,#3702,.T.);
#2230=ORIENTED_EDGE('',*,*,#3252,.T.);
#2231=ORIENTED_EDGE('',*,*,#3704,.F.);
#2232=ORIENTED_EDGE('',*,*,#3681,.F.);
#2233=ORIENTED_EDGE('',*,*,#3703,.T.);
#2234=ORIENTED_EDGE('',*,*,#3251,.T.);
#2235=ORIENTED_EDGE('',*,*,#3705,.F.);
#2236=ORIENTED_EDGE('',*,*,#3682,.F.);
#2237=ORIENTED_EDGE('',*,*,#3704,.T.);
#2238=ORIENTED_EDGE('',*,*,#3250,.T.);
#2239=ORIENTED_EDGE('',*,*,#3706,.F.);
#2240=ORIENTED_EDGE('',*,*,#3683,.F.);
#2241=ORIENTED_EDGE('',*,*,#3705,.T.);
#2242=ORIENTED_EDGE('',*,*,#3249,.T.);
#2243=ORIENTED_EDGE('',*,*,#3707,.F.);
#2244=ORIENTED_EDGE('',*,*,#3684,.F.);
#2245=ORIENTED_EDGE('',*,*,#3706,.T.);
#2246=ORIENTED_EDGE('',*,*,#3248,.T.);
#2247=ORIENTED_EDGE('',*,*,#3708,.F.);
#2248=ORIENTED_EDGE('',*,*,#3685,.F.);
#2249=ORIENTED_EDGE('',*,*,#3707,.T.);
#2250=ORIENTED_EDGE('',*,*,#3247,.T.);
#2251=ORIENTED_EDGE('',*,*,#3709,.F.);
#2252=ORIENTED_EDGE('',*,*,#3686,.F.);
#2253=ORIENTED_EDGE('',*,*,#3708,.T.);
#2254=ORIENTED_EDGE('',*,*,#3246,.T.);
#2255=ORIENTED_EDGE('',*,*,#3710,.F.);
#2256=ORIENTED_EDGE('',*,*,#3687,.F.);
#2257=ORIENTED_EDGE('',*,*,#3709,.T.);
#2258=ORIENTED_EDGE('',*,*,#3245,.T.);
#2259=ORIENTED_EDGE('',*,*,#3711,.F.);
#2260=ORIENTED_EDGE('',*,*,#3688,.F.);
#2261=ORIENTED_EDGE('',*,*,#3710,.T.);
#2262=ORIENTED_EDGE('',*,*,#3244,.T.);
#2263=ORIENTED_EDGE('',*,*,#3712,.F.);
#2264=ORIENTED_EDGE('',*,*,#3689,.F.);
#2265=ORIENTED_EDGE('',*,*,#3711,.T.);
#2266=ORIENTED_EDGE('',*,*,#3243,.T.);
#2267=ORIENTED_EDGE('',*,*,#3713,.F.);
#2268=ORIENTED_EDGE('',*,*,#3690,.F.);
#2269=ORIENTED_EDGE('',*,*,#3712,.T.);
#2270=ORIENTED_EDGE('',*,*,#3242,.T.);
#2271=ORIENTED_EDGE('',*,*,#3714,.F.);
#2272=ORIENTED_EDGE('',*,*,#3691,.F.);
#2273=ORIENTED_EDGE('',*,*,#3713,.T.);
#2274=ORIENTED_EDGE('',*,*,#3241,.T.);
#2275=ORIENTED_EDGE('',*,*,#3715,.F.);
#2276=ORIENTED_EDGE('',*,*,#3692,.F.);
#2277=ORIENTED_EDGE('',*,*,#3714,.T.);
#2278=ORIENTED_EDGE('',*,*,#3240,.T.);
#2279=ORIENTED_EDGE('',*,*,#3716,.F.);
#2280=ORIENTED_EDGE('',*,*,#3693,.F.);
#2281=ORIENTED_EDGE('',*,*,#3715,.T.);
#2282=ORIENTED_EDGE('',*,*,#3239,.T.);
#2283=ORIENTED_EDGE('',*,*,#3670,.F.);
#2284=ORIENTED_EDGE('',*,*,#3694,.F.);
#2285=ORIENTED_EDGE('',*,*,#3716,.T.);
#2286=ORIENTED_EDGE('',*,*,#3261,.T.);
#2287=ORIENTED_EDGE('',*,*,#3717,.F.);
#2288=ORIENTED_EDGE('',*,*,#3718,.F.);
#2289=ORIENTED_EDGE('',*,*,#3719,.T.);
#2290=ORIENTED_EDGE('',*,*,#3358,.T.);
#2291=ORIENTED_EDGE('',*,*,#3720,.F.);
#2292=ORIENTED_EDGE('',*,*,#3721,.F.);
#2293=ORIENTED_EDGE('',*,*,#3717,.T.);
#2294=ORIENTED_EDGE('',*,*,#3357,.T.);
#2295=ORIENTED_EDGE('',*,*,#3722,.F.);
#2296=ORIENTED_EDGE('',*,*,#3723,.F.);
#2297=ORIENTED_EDGE('',*,*,#3720,.T.);
#2298=ORIENTED_EDGE('',*,*,#3356,.T.);
#2299=ORIENTED_EDGE('',*,*,#3724,.F.);
#2300=ORIENTED_EDGE('',*,*,#3725,.F.);
#2301=ORIENTED_EDGE('',*,*,#3722,.T.);
#2302=ORIENTED_EDGE('',*,*,#3355,.T.);
#2303=ORIENTED_EDGE('',*,*,#3726,.F.);
#2304=ORIENTED_EDGE('',*,*,#3727,.F.);
#2305=ORIENTED_EDGE('',*,*,#3724,.T.);
#2306=ORIENTED_EDGE('',*,*,#3354,.T.);
#2307=ORIENTED_EDGE('',*,*,#3728,.F.);
#2308=ORIENTED_EDGE('',*,*,#3729,.F.);
#2309=ORIENTED_EDGE('',*,*,#3726,.T.);
#2310=ORIENTED_EDGE('',*,*,#3353,.T.);
#2311=ORIENTED_EDGE('',*,*,#3730,.F.);
#2312=ORIENTED_EDGE('',*,*,#3731,.F.);
#2313=ORIENTED_EDGE('',*,*,#3728,.T.);
#2314=ORIENTED_EDGE('',*,*,#3352,.T.);
#2315=ORIENTED_EDGE('',*,*,#3732,.F.);
#2316=ORIENTED_EDGE('',*,*,#3733,.F.);
#2317=ORIENTED_EDGE('',*,*,#3730,.T.);
#2318=ORIENTED_EDGE('',*,*,#3351,.T.);
#2319=ORIENTED_EDGE('',*,*,#3734,.F.);
#2320=ORIENTED_EDGE('',*,*,#3735,.F.);
#2321=ORIENTED_EDGE('',*,*,#3732,.T.);
#2322=ORIENTED_EDGE('',*,*,#3350,.T.);
#2323=ORIENTED_EDGE('',*,*,#3736,.F.);
#2324=ORIENTED_EDGE('',*,*,#3737,.F.);
#2325=ORIENTED_EDGE('',*,*,#3734,.T.);
#2326=ORIENTED_EDGE('',*,*,#3349,.T.);
#2327=ORIENTED_EDGE('',*,*,#3738,.F.);
#2328=ORIENTED_EDGE('',*,*,#3739,.F.);
#2329=ORIENTED_EDGE('',*,*,#3736,.T.);
#2330=ORIENTED_EDGE('',*,*,#3348,.T.);
#2331=ORIENTED_EDGE('',*,*,#3740,.F.);
#2332=ORIENTED_EDGE('',*,*,#3741,.F.);
#2333=ORIENTED_EDGE('',*,*,#3738,.T.);
#2334=ORIENTED_EDGE('',*,*,#3347,.T.);
#2335=ORIENTED_EDGE('',*,*,#3742,.F.);
#2336=ORIENTED_EDGE('',*,*,#3743,.F.);
#2337=ORIENTED_EDGE('',*,*,#3740,.T.);
#2338=ORIENTED_EDGE('',*,*,#3346,.T.);
#2339=ORIENTED_EDGE('',*,*,#3744,.F.);
#2340=ORIENTED_EDGE('',*,*,#3745,.F.);
#2341=ORIENTED_EDGE('',*,*,#3742,.T.);
#2342=ORIENTED_EDGE('',*,*,#3345,.T.);
#2343=ORIENTED_EDGE('',*,*,#3746,.F.);
#2344=ORIENTED_EDGE('',*,*,#3747,.F.);
#2345=ORIENTED_EDGE('',*,*,#3744,.T.);
#2346=ORIENTED_EDGE('',*,*,#3344,.T.);
#2347=ORIENTED_EDGE('',*,*,#3748,.F.);
#2348=ORIENTED_EDGE('',*,*,#3749,.F.);
#2349=ORIENTED_EDGE('',*,*,#3746,.T.);
#2350=ORIENTED_EDGE('',*,*,#3343,.T.);
#2351=ORIENTED_EDGE('',*,*,#3750,.F.);
#2352=ORIENTED_EDGE('',*,*,#3751,.F.);
#2353=ORIENTED_EDGE('',*,*,#3748,.T.);
#2354=ORIENTED_EDGE('',*,*,#3342,.T.);
#2355=ORIENTED_EDGE('',*,*,#3752,.F.);
#2356=ORIENTED_EDGE('',*,*,#3753,.F.);
#2357=ORIENTED_EDGE('',*,*,#3750,.T.);
#2358=ORIENTED_EDGE('',*,*,#3341,.T.);
#2359=ORIENTED_EDGE('',*,*,#3754,.F.);
#2360=ORIENTED_EDGE('',*,*,#3755,.F.);
#2361=ORIENTED_EDGE('',*,*,#3752,.T.);
#2362=ORIENTED_EDGE('',*,*,#3340,.T.);
#2363=ORIENTED_EDGE('',*,*,#3756,.F.);
#2364=ORIENTED_EDGE('',*,*,#3757,.F.);
#2365=ORIENTED_EDGE('',*,*,#3754,.T.);
#2366=ORIENTED_EDGE('',*,*,#3339,.T.);
#2367=ORIENTED_EDGE('',*,*,#3758,.F.);
#2368=ORIENTED_EDGE('',*,*,#3759,.F.);
#2369=ORIENTED_EDGE('',*,*,#3756,.T.);
#2370=ORIENTED_EDGE('',*,*,#3338,.T.);
#2371=ORIENTED_EDGE('',*,*,#3760,.F.);
#2372=ORIENTED_EDGE('',*,*,#3761,.F.);
#2373=ORIENTED_EDGE('',*,*,#3758,.T.);
#2374=ORIENTED_EDGE('',*,*,#3337,.T.);
#2375=ORIENTED_EDGE('',*,*,#3762,.F.);
#2376=ORIENTED_EDGE('',*,*,#3763,.F.);
#2377=ORIENTED_EDGE('',*,*,#3760,.T.);
#2378=ORIENTED_EDGE('',*,*,#3336,.T.);
#2379=ORIENTED_EDGE('',*,*,#3764,.F.);
#2380=ORIENTED_EDGE('',*,*,#3765,.F.);
#2381=ORIENTED_EDGE('',*,*,#3762,.T.);
#2382=ORIENTED_EDGE('',*,*,#3335,.T.);
#2383=ORIENTED_EDGE('',*,*,#3766,.F.);
#2384=ORIENTED_EDGE('',*,*,#3767,.F.);
#2385=ORIENTED_EDGE('',*,*,#3764,.T.);
#2386=ORIENTED_EDGE('',*,*,#3334,.T.);
#2387=ORIENTED_EDGE('',*,*,#3768,.F.);
#2388=ORIENTED_EDGE('',*,*,#3769,.F.);
#2389=ORIENTED_EDGE('',*,*,#3766,.T.);
#2390=ORIENTED_EDGE('',*,*,#3333,.T.);
#2391=ORIENTED_EDGE('',*,*,#3770,.F.);
#2392=ORIENTED_EDGE('',*,*,#3771,.F.);
#2393=ORIENTED_EDGE('',*,*,#3768,.T.);
#2394=ORIENTED_EDGE('',*,*,#3332,.T.);
#2395=ORIENTED_EDGE('',*,*,#3772,.F.);
#2396=ORIENTED_EDGE('',*,*,#3773,.F.);
#2397=ORIENTED_EDGE('',*,*,#3770,.T.);
#2398=ORIENTED_EDGE('',*,*,#3331,.T.);
#2399=ORIENTED_EDGE('',*,*,#3774,.F.);
#2400=ORIENTED_EDGE('',*,*,#3775,.F.);
#2401=ORIENTED_EDGE('',*,*,#3772,.T.);
#2402=ORIENTED_EDGE('',*,*,#3330,.T.);
#2403=ORIENTED_EDGE('',*,*,#3776,.F.);
#2404=ORIENTED_EDGE('',*,*,#3777,.F.);
#2405=ORIENTED_EDGE('',*,*,#3774,.T.);
#2406=ORIENTED_EDGE('',*,*,#3329,.T.);
#2407=ORIENTED_EDGE('',*,*,#3778,.F.);
#2408=ORIENTED_EDGE('',*,*,#3779,.F.);
#2409=ORIENTED_EDGE('',*,*,#3776,.T.);
#2410=ORIENTED_EDGE('',*,*,#3328,.T.);
#2411=ORIENTED_EDGE('',*,*,#3780,.F.);
#2412=ORIENTED_EDGE('',*,*,#3781,.F.);
#2413=ORIENTED_EDGE('',*,*,#3778,.T.);
#2414=ORIENTED_EDGE('',*,*,#3327,.T.);
#2415=ORIENTED_EDGE('',*,*,#3782,.F.);
#2416=ORIENTED_EDGE('',*,*,#3783,.F.);
#2417=ORIENTED_EDGE('',*,*,#3780,.T.);
#2418=ORIENTED_EDGE('',*,*,#3326,.T.);
#2419=ORIENTED_EDGE('',*,*,#3784,.F.);
#2420=ORIENTED_EDGE('',*,*,#3785,.F.);
#2421=ORIENTED_EDGE('',*,*,#3782,.T.);
#2422=ORIENTED_EDGE('',*,*,#3325,.T.);
#2423=ORIENTED_EDGE('',*,*,#3786,.F.);
#2424=ORIENTED_EDGE('',*,*,#3787,.F.);
#2425=ORIENTED_EDGE('',*,*,#3784,.T.);
#2426=ORIENTED_EDGE('',*,*,#3324,.T.);
#2427=ORIENTED_EDGE('',*,*,#3788,.F.);
#2428=ORIENTED_EDGE('',*,*,#3789,.F.);
#2429=ORIENTED_EDGE('',*,*,#3786,.T.);
#2430=ORIENTED_EDGE('',*,*,#3323,.T.);
#2431=ORIENTED_EDGE('',*,*,#3790,.F.);
#2432=ORIENTED_EDGE('',*,*,#3791,.F.);
#2433=ORIENTED_EDGE('',*,*,#3788,.T.);
#2434=ORIENTED_EDGE('',*,*,#3322,.T.);
#2435=ORIENTED_EDGE('',*,*,#3792,.F.);
#2436=ORIENTED_EDGE('',*,*,#3793,.F.);
#2437=ORIENTED_EDGE('',*,*,#3790,.T.);
#2438=ORIENTED_EDGE('',*,*,#3321,.T.);
#2439=ORIENTED_EDGE('',*,*,#3794,.F.);
#2440=ORIENTED_EDGE('',*,*,#3795,.F.);
#2441=ORIENTED_EDGE('',*,*,#3792,.T.);
#2442=ORIENTED_EDGE('',*,*,#3320,.T.);
#2443=ORIENTED_EDGE('',*,*,#3796,.F.);
#2444=ORIENTED_EDGE('',*,*,#3797,.F.);
#2445=ORIENTED_EDGE('',*,*,#3794,.T.);
#2446=ORIENTED_EDGE('',*,*,#3319,.T.);
#2447=ORIENTED_EDGE('',*,*,#3798,.F.);
#2448=ORIENTED_EDGE('',*,*,#3799,.F.);
#2449=ORIENTED_EDGE('',*,*,#3796,.T.);
#2450=ORIENTED_EDGE('',*,*,#3318,.T.);
#2451=ORIENTED_EDGE('',*,*,#3800,.F.);
#2452=ORIENTED_EDGE('',*,*,#3801,.F.);
#2453=ORIENTED_EDGE('',*,*,#3798,.T.);
#2454=ORIENTED_EDGE('',*,*,#3317,.T.);
#2455=ORIENTED_EDGE('',*,*,#3802,.F.);
#2456=ORIENTED_EDGE('',*,*,#3803,.F.);
#2457=ORIENTED_EDGE('',*,*,#3800,.T.);
#2458=ORIENTED_EDGE('',*,*,#3316,.T.);
#2459=ORIENTED_EDGE('',*,*,#3804,.F.);
#2460=ORIENTED_EDGE('',*,*,#3805,.F.);
#2461=ORIENTED_EDGE('',*,*,#3802,.T.);
#2462=ORIENTED_EDGE('',*,*,#3315,.T.);
#2463=ORIENTED_EDGE('',*,*,#3806,.F.);
#2464=ORIENTED_EDGE('',*,*,#3807,.F.);
#2465=ORIENTED_EDGE('',*,*,#3804,.T.);
#2466=ORIENTED_EDGE('',*,*,#3314,.T.);
#2467=ORIENTED_EDGE('',*,*,#3808,.F.);
#2468=ORIENTED_EDGE('',*,*,#3809,.F.);
#2469=ORIENTED_EDGE('',*,*,#3806,.T.);
#2470=ORIENTED_EDGE('',*,*,#3313,.T.);
#2471=ORIENTED_EDGE('',*,*,#3810,.F.);
#2472=ORIENTED_EDGE('',*,*,#3811,.F.);
#2473=ORIENTED_EDGE('',*,*,#3808,.T.);
#2474=ORIENTED_EDGE('',*,*,#3312,.T.);
#2475=ORIENTED_EDGE('',*,*,#3812,.F.);
#2476=ORIENTED_EDGE('',*,*,#3813,.F.);
#2477=ORIENTED_EDGE('',*,*,#3810,.T.);
#2478=ORIENTED_EDGE('',*,*,#3311,.T.);
#2479=ORIENTED_EDGE('',*,*,#3814,.F.);
#2480=ORIENTED_EDGE('',*,*,#3815,.F.);
#2481=ORIENTED_EDGE('',*,*,#3812,.T.);
#2482=ORIENTED_EDGE('',*,*,#3310,.T.);
#2483=ORIENTED_EDGE('',*,*,#3816,.F.);
#2484=ORIENTED_EDGE('',*,*,#3817,.F.);
#2485=ORIENTED_EDGE('',*,*,#3814,.T.);
#2486=ORIENTED_EDGE('',*,*,#3309,.T.);
#2487=ORIENTED_EDGE('',*,*,#3818,.F.);
#2488=ORIENTED_EDGE('',*,*,#3819,.F.);
#2489=ORIENTED_EDGE('',*,*,#3816,.T.);
#2490=ORIENTED_EDGE('',*,*,#3308,.T.);
#2491=ORIENTED_EDGE('',*,*,#3820,.F.);
#2492=ORIENTED_EDGE('',*,*,#3821,.F.);
#2493=ORIENTED_EDGE('',*,*,#3818,.T.);
#2494=ORIENTED_EDGE('',*,*,#3307,.T.);
#2495=ORIENTED_EDGE('',*,*,#3822,.F.);
#2496=ORIENTED_EDGE('',*,*,#3823,.F.);
#2497=ORIENTED_EDGE('',*,*,#3820,.T.);
#2498=ORIENTED_EDGE('',*,*,#3306,.T.);
#2499=ORIENTED_EDGE('',*,*,#3824,.F.);
#2500=ORIENTED_EDGE('',*,*,#3825,.F.);
#2501=ORIENTED_EDGE('',*,*,#3822,.T.);
#2502=ORIENTED_EDGE('',*,*,#3305,.T.);
#2503=ORIENTED_EDGE('',*,*,#3826,.F.);
#2504=ORIENTED_EDGE('',*,*,#3827,.F.);
#2505=ORIENTED_EDGE('',*,*,#3824,.T.);
#2506=ORIENTED_EDGE('',*,*,#3304,.T.);
#2507=ORIENTED_EDGE('',*,*,#3828,.F.);
#2508=ORIENTED_EDGE('',*,*,#3829,.F.);
#2509=ORIENTED_EDGE('',*,*,#3826,.T.);
#2510=ORIENTED_EDGE('',*,*,#3303,.T.);
#2511=ORIENTED_EDGE('',*,*,#3830,.F.);
#2512=ORIENTED_EDGE('',*,*,#3831,.F.);
#2513=ORIENTED_EDGE('',*,*,#3828,.T.);
#2514=ORIENTED_EDGE('',*,*,#3302,.T.);
#2515=ORIENTED_EDGE('',*,*,#3832,.F.);
#2516=ORIENTED_EDGE('',*,*,#3833,.F.);
#2517=ORIENTED_EDGE('',*,*,#3830,.T.);
#2518=ORIENTED_EDGE('',*,*,#3301,.T.);
#2519=ORIENTED_EDGE('',*,*,#3834,.F.);
#2520=ORIENTED_EDGE('',*,*,#3835,.F.);
#2521=ORIENTED_EDGE('',*,*,#3832,.T.);
#2522=ORIENTED_EDGE('',*,*,#3300,.T.);
#2523=ORIENTED_EDGE('',*,*,#3836,.F.);
#2524=ORIENTED_EDGE('',*,*,#3837,.F.);
#2525=ORIENTED_EDGE('',*,*,#3834,.T.);
#2526=ORIENTED_EDGE('',*,*,#3299,.T.);
#2527=ORIENTED_EDGE('',*,*,#3838,.F.);
#2528=ORIENTED_EDGE('',*,*,#3839,.F.);
#2529=ORIENTED_EDGE('',*,*,#3836,.T.);
#2530=ORIENTED_EDGE('',*,*,#3298,.T.);
#2531=ORIENTED_EDGE('',*,*,#3840,.F.);
#2532=ORIENTED_EDGE('',*,*,#3841,.F.);
#2533=ORIENTED_EDGE('',*,*,#3838,.T.);
#2534=ORIENTED_EDGE('',*,*,#3297,.T.);
#2535=ORIENTED_EDGE('',*,*,#3842,.F.);
#2536=ORIENTED_EDGE('',*,*,#3843,.F.);
#2537=ORIENTED_EDGE('',*,*,#3840,.T.);
#2538=ORIENTED_EDGE('',*,*,#3296,.T.);
#2539=ORIENTED_EDGE('',*,*,#3844,.F.);
#2540=ORIENTED_EDGE('',*,*,#3845,.F.);
#2541=ORIENTED_EDGE('',*,*,#3842,.T.);
#2542=ORIENTED_EDGE('',*,*,#3295,.T.);
#2543=ORIENTED_EDGE('',*,*,#3846,.F.);
#2544=ORIENTED_EDGE('',*,*,#3847,.F.);
#2545=ORIENTED_EDGE('',*,*,#3844,.T.);
#2546=ORIENTED_EDGE('',*,*,#3294,.T.);
#2547=ORIENTED_EDGE('',*,*,#3848,.F.);
#2548=ORIENTED_EDGE('',*,*,#3849,.F.);
#2549=ORIENTED_EDGE('',*,*,#3846,.T.);
#2550=ORIENTED_EDGE('',*,*,#3293,.T.);
#2551=ORIENTED_EDGE('',*,*,#3850,.F.);
#2552=ORIENTED_EDGE('',*,*,#3851,.F.);
#2553=ORIENTED_EDGE('',*,*,#3848,.T.);
#2554=ORIENTED_EDGE('',*,*,#3292,.T.);
#2555=ORIENTED_EDGE('',*,*,#3852,.F.);
#2556=ORIENTED_EDGE('',*,*,#3853,.F.);
#2557=ORIENTED_EDGE('',*,*,#3850,.T.);
#2558=ORIENTED_EDGE('',*,*,#3291,.T.);
#2559=ORIENTED_EDGE('',*,*,#3854,.F.);
#2560=ORIENTED_EDGE('',*,*,#3855,.F.);
#2561=ORIENTED_EDGE('',*,*,#3852,.T.);
#2562=ORIENTED_EDGE('',*,*,#3290,.T.);
#2563=ORIENTED_EDGE('',*,*,#3856,.F.);
#2564=ORIENTED_EDGE('',*,*,#3857,.F.);
#2565=ORIENTED_EDGE('',*,*,#3854,.T.);
#2566=ORIENTED_EDGE('',*,*,#3289,.T.);
#2567=ORIENTED_EDGE('',*,*,#3858,.F.);
#2568=ORIENTED_EDGE('',*,*,#3859,.F.);
#2569=ORIENTED_EDGE('',*,*,#3856,.T.);
#2570=ORIENTED_EDGE('',*,*,#3288,.T.);
#2571=ORIENTED_EDGE('',*,*,#3860,.F.);
#2572=ORIENTED_EDGE('',*,*,#3861,.F.);
#2573=ORIENTED_EDGE('',*,*,#3858,.T.);
#2574=ORIENTED_EDGE('',*,*,#3287,.T.);
#2575=ORIENTED_EDGE('',*,*,#3862,.F.);
#2576=ORIENTED_EDGE('',*,*,#3863,.F.);
#2577=ORIENTED_EDGE('',*,*,#3860,.T.);
#2578=ORIENTED_EDGE('',*,*,#3286,.T.);
#2579=ORIENTED_EDGE('',*,*,#3864,.F.);
#2580=ORIENTED_EDGE('',*,*,#3865,.F.);
#2581=ORIENTED_EDGE('',*,*,#3862,.T.);
#2582=ORIENTED_EDGE('',*,*,#3285,.T.);
#2583=ORIENTED_EDGE('',*,*,#3866,.F.);
#2584=ORIENTED_EDGE('',*,*,#3867,.F.);
#2585=ORIENTED_EDGE('',*,*,#3864,.T.);
#2586=ORIENTED_EDGE('',*,*,#3284,.T.);
#2587=ORIENTED_EDGE('',*,*,#3868,.F.);
#2588=ORIENTED_EDGE('',*,*,#3869,.F.);
#2589=ORIENTED_EDGE('',*,*,#3866,.T.);
#2590=ORIENTED_EDGE('',*,*,#3283,.T.);
#2591=ORIENTED_EDGE('',*,*,#3870,.F.);
#2592=ORIENTED_EDGE('',*,*,#3871,.F.);
#2593=ORIENTED_EDGE('',*,*,#3868,.T.);
#2594=ORIENTED_EDGE('',*,*,#3282,.T.);
#2595=ORIENTED_EDGE('',*,*,#3872,.F.);
#2596=ORIENTED_EDGE('',*,*,#3873,.F.);
#2597=ORIENTED_EDGE('',*,*,#3870,.T.);
#2598=ORIENTED_EDGE('',*,*,#3281,.T.);
#2599=ORIENTED_EDGE('',*,*,#3874,.F.);
#2600=ORIENTED_EDGE('',*,*,#3875,.F.);
#2601=ORIENTED_EDGE('',*,*,#3872,.T.);
#2602=ORIENTED_EDGE('',*,*,#3280,.T.);
#2603=ORIENTED_EDGE('',*,*,#3876,.F.);
#2604=ORIENTED_EDGE('',*,*,#3877,.F.);
#2605=ORIENTED_EDGE('',*,*,#3874,.T.);
#2606=ORIENTED_EDGE('',*,*,#3279,.T.);
#2607=ORIENTED_EDGE('',*,*,#3878,.F.);
#2608=ORIENTED_EDGE('',*,*,#3879,.F.);
#2609=ORIENTED_EDGE('',*,*,#3876,.T.);
#2610=ORIENTED_EDGE('',*,*,#3278,.T.);
#2611=ORIENTED_EDGE('',*,*,#3880,.F.);
#2612=ORIENTED_EDGE('',*,*,#3881,.F.);
#2613=ORIENTED_EDGE('',*,*,#3878,.T.);
#2614=ORIENTED_EDGE('',*,*,#3277,.T.);
#2615=ORIENTED_EDGE('',*,*,#3882,.F.);
#2616=ORIENTED_EDGE('',*,*,#3883,.F.);
#2617=ORIENTED_EDGE('',*,*,#3880,.T.);
#2618=ORIENTED_EDGE('',*,*,#3276,.T.);
#2619=ORIENTED_EDGE('',*,*,#3884,.F.);
#2620=ORIENTED_EDGE('',*,*,#3885,.F.);
#2621=ORIENTED_EDGE('',*,*,#3882,.T.);
#2622=ORIENTED_EDGE('',*,*,#3275,.T.);
#2623=ORIENTED_EDGE('',*,*,#3886,.F.);
#2624=ORIENTED_EDGE('',*,*,#3887,.F.);
#2625=ORIENTED_EDGE('',*,*,#3884,.T.);
#2626=ORIENTED_EDGE('',*,*,#3274,.T.);
#2627=ORIENTED_EDGE('',*,*,#3888,.F.);
#2628=ORIENTED_EDGE('',*,*,#3889,.F.);
#2629=ORIENTED_EDGE('',*,*,#3886,.T.);
#2630=ORIENTED_EDGE('',*,*,#3273,.T.);
#2631=ORIENTED_EDGE('',*,*,#3890,.F.);
#2632=ORIENTED_EDGE('',*,*,#3891,.F.);
#2633=ORIENTED_EDGE('',*,*,#3888,.T.);
#2634=ORIENTED_EDGE('',*,*,#3272,.T.);
#2635=ORIENTED_EDGE('',*,*,#3892,.F.);
#2636=ORIENTED_EDGE('',*,*,#3893,.F.);
#2637=ORIENTED_EDGE('',*,*,#3890,.T.);
#2638=ORIENTED_EDGE('',*,*,#3271,.T.);
#2639=ORIENTED_EDGE('',*,*,#3894,.F.);
#2640=ORIENTED_EDGE('',*,*,#3895,.F.);
#2641=ORIENTED_EDGE('',*,*,#3892,.T.);
#2642=ORIENTED_EDGE('',*,*,#3270,.T.);
#2643=ORIENTED_EDGE('',*,*,#3896,.F.);
#2644=ORIENTED_EDGE('',*,*,#3897,.F.);
#2645=ORIENTED_EDGE('',*,*,#3894,.T.);
#2646=ORIENTED_EDGE('',*,*,#3269,.T.);
#2647=ORIENTED_EDGE('',*,*,#3898,.F.);
#2648=ORIENTED_EDGE('',*,*,#3899,.F.);
#2649=ORIENTED_EDGE('',*,*,#3896,.T.);
#2650=ORIENTED_EDGE('',*,*,#3268,.T.);
#2651=ORIENTED_EDGE('',*,*,#3900,.F.);
#2652=ORIENTED_EDGE('',*,*,#3901,.F.);
#2653=ORIENTED_EDGE('',*,*,#3898,.T.);
#2654=ORIENTED_EDGE('',*,*,#3267,.T.);
#2655=ORIENTED_EDGE('',*,*,#3902,.F.);
#2656=ORIENTED_EDGE('',*,*,#3903,.F.);
#2657=ORIENTED_EDGE('',*,*,#3900,.T.);
#2658=ORIENTED_EDGE('',*,*,#3266,.T.);
#2659=ORIENTED_EDGE('',*,*,#3904,.F.);
#2660=ORIENTED_EDGE('',*,*,#3905,.F.);
#2661=ORIENTED_EDGE('',*,*,#3902,.T.);
#2662=ORIENTED_EDGE('',*,*,#3265,.T.);
#2663=ORIENTED_EDGE('',*,*,#3906,.F.);
#2664=ORIENTED_EDGE('',*,*,#3907,.F.);
#2665=ORIENTED_EDGE('',*,*,#3904,.T.);
#2666=ORIENTED_EDGE('',*,*,#3264,.T.);
#2667=ORIENTED_EDGE('',*,*,#3908,.F.);
#2668=ORIENTED_EDGE('',*,*,#3909,.F.);
#2669=ORIENTED_EDGE('',*,*,#3906,.T.);
#2670=ORIENTED_EDGE('',*,*,#3263,.T.);
#2671=ORIENTED_EDGE('',*,*,#3910,.F.);
#2672=ORIENTED_EDGE('',*,*,#3911,.F.);
#2673=ORIENTED_EDGE('',*,*,#3908,.T.);
#2674=ORIENTED_EDGE('',*,*,#3912,.F.);
#2675=ORIENTED_EDGE('',*,*,#3913,.F.);
#2676=ORIENTED_EDGE('',*,*,#3914,.T.);
#2677=ORIENTED_EDGE('',*,*,#3915,.T.);
#2678=ORIENTED_EDGE('',*,*,#3916,.F.);
#2679=ORIENTED_EDGE('',*,*,#3917,.F.);
#2680=ORIENTED_EDGE('',*,*,#3918,.T.);
#2681=ORIENTED_EDGE('',*,*,#3913,.T.);
#2682=ORIENTED_EDGE('',*,*,#3919,.F.);
#2683=ORIENTED_EDGE('',*,*,#3920,.F.);
#2684=ORIENTED_EDGE('',*,*,#3921,.T.);
#2685=ORIENTED_EDGE('',*,*,#3917,.T.);
#2686=ORIENTED_EDGE('',*,*,#3922,.F.);
#2687=ORIENTED_EDGE('',*,*,#3923,.F.);
#2688=ORIENTED_EDGE('',*,*,#3924,.T.);
#2689=ORIENTED_EDGE('',*,*,#3920,.T.);
#2690=ORIENTED_EDGE('',*,*,#3925,.F.);
#2691=ORIENTED_EDGE('',*,*,#3926,.F.);
#2692=ORIENTED_EDGE('',*,*,#3927,.T.);
#2693=ORIENTED_EDGE('',*,*,#3923,.T.);
#2694=ORIENTED_EDGE('',*,*,#3928,.F.);
#2695=ORIENTED_EDGE('',*,*,#3929,.F.);
#2696=ORIENTED_EDGE('',*,*,#3930,.T.);
#2697=ORIENTED_EDGE('',*,*,#3926,.T.);
#2698=ORIENTED_EDGE('',*,*,#3931,.F.);
#2699=ORIENTED_EDGE('',*,*,#3932,.F.);
#2700=ORIENTED_EDGE('',*,*,#3933,.T.);
#2701=ORIENTED_EDGE('',*,*,#3929,.T.);
#2702=ORIENTED_EDGE('',*,*,#3934,.F.);
#2703=ORIENTED_EDGE('',*,*,#3935,.F.);
#2704=ORIENTED_EDGE('',*,*,#3936,.T.);
#2705=ORIENTED_EDGE('',*,*,#3932,.T.);
#2706=ORIENTED_EDGE('',*,*,#3937,.F.);
#2707=ORIENTED_EDGE('',*,*,#3938,.F.);
#2708=ORIENTED_EDGE('',*,*,#3939,.T.);
#2709=ORIENTED_EDGE('',*,*,#3935,.T.);
#2710=ORIENTED_EDGE('',*,*,#3940,.F.);
#2711=ORIENTED_EDGE('',*,*,#3941,.F.);
#2712=ORIENTED_EDGE('',*,*,#3942,.T.);
#2713=ORIENTED_EDGE('',*,*,#3938,.T.);
#2714=ORIENTED_EDGE('',*,*,#3943,.F.);
#2715=ORIENTED_EDGE('',*,*,#3944,.F.);
#2716=ORIENTED_EDGE('',*,*,#3945,.T.);
#2717=ORIENTED_EDGE('',*,*,#3941,.T.);
#2718=ORIENTED_EDGE('',*,*,#3946,.F.);
#2719=ORIENTED_EDGE('',*,*,#3947,.F.);
#2720=ORIENTED_EDGE('',*,*,#3948,.T.);
#2721=ORIENTED_EDGE('',*,*,#3944,.T.);
#2722=ORIENTED_EDGE('',*,*,#3949,.F.);
#2723=ORIENTED_EDGE('',*,*,#3950,.F.);
#2724=ORIENTED_EDGE('',*,*,#3951,.T.);
#2725=ORIENTED_EDGE('',*,*,#3947,.T.);
#2726=ORIENTED_EDGE('',*,*,#3952,.F.);
#2727=ORIENTED_EDGE('',*,*,#3953,.F.);
#2728=ORIENTED_EDGE('',*,*,#3954,.T.);
#2729=ORIENTED_EDGE('',*,*,#3950,.T.);
#2730=ORIENTED_EDGE('',*,*,#3955,.F.);
#2731=ORIENTED_EDGE('',*,*,#3956,.F.);
#2732=ORIENTED_EDGE('',*,*,#3957,.T.);
#2733=ORIENTED_EDGE('',*,*,#3953,.T.);
#2734=ORIENTED_EDGE('',*,*,#3958,.F.);
#2735=ORIENTED_EDGE('',*,*,#3959,.F.);
#2736=ORIENTED_EDGE('',*,*,#3960,.T.);
#2737=ORIENTED_EDGE('',*,*,#3956,.T.);
#2738=ORIENTED_EDGE('',*,*,#3961,.F.);
#2739=ORIENTED_EDGE('',*,*,#3962,.F.);
#2740=ORIENTED_EDGE('',*,*,#3963,.T.);
#2741=ORIENTED_EDGE('',*,*,#3959,.T.);
#2742=ORIENTED_EDGE('',*,*,#3964,.F.);
#2743=ORIENTED_EDGE('',*,*,#3965,.F.);
#2744=ORIENTED_EDGE('',*,*,#3966,.T.);
#2745=ORIENTED_EDGE('',*,*,#3962,.T.);
#2746=ORIENTED_EDGE('',*,*,#3967,.F.);
#2747=ORIENTED_EDGE('',*,*,#3968,.F.);
#2748=ORIENTED_EDGE('',*,*,#3969,.T.);
#2749=ORIENTED_EDGE('',*,*,#3965,.T.);
#2750=ORIENTED_EDGE('',*,*,#3970,.F.);
#2751=ORIENTED_EDGE('',*,*,#3971,.F.);
#2752=ORIENTED_EDGE('',*,*,#3972,.T.);
#2753=ORIENTED_EDGE('',*,*,#3968,.T.);
#2754=ORIENTED_EDGE('',*,*,#3973,.F.);
#2755=ORIENTED_EDGE('',*,*,#3974,.F.);
#2756=ORIENTED_EDGE('',*,*,#3975,.T.);
#2757=ORIENTED_EDGE('',*,*,#3971,.T.);
#2758=ORIENTED_EDGE('',*,*,#3976,.F.);
#2759=ORIENTED_EDGE('',*,*,#3915,.F.);
#2760=ORIENTED_EDGE('',*,*,#3977,.T.);
#2761=ORIENTED_EDGE('',*,*,#3974,.T.);
#2762=ORIENTED_EDGE('',*,*,#3262,.T.);
#2763=ORIENTED_EDGE('',*,*,#3719,.F.);
#2764=ORIENTED_EDGE('',*,*,#3978,.F.);
#2765=ORIENTED_EDGE('',*,*,#3910,.T.);
#2766=ORIENTED_EDGE('',*,*,#3914,.F.);
#2767=ORIENTED_EDGE('',*,*,#3918,.F.);
#2768=ORIENTED_EDGE('',*,*,#3921,.F.);
#2769=ORIENTED_EDGE('',*,*,#3924,.F.);
#2770=ORIENTED_EDGE('',*,*,#3927,.F.);
#2771=ORIENTED_EDGE('',*,*,#3930,.F.);
#2772=ORIENTED_EDGE('',*,*,#3933,.F.);
#2773=ORIENTED_EDGE('',*,*,#3936,.F.);
#2774=ORIENTED_EDGE('',*,*,#3939,.F.);
#2775=ORIENTED_EDGE('',*,*,#3942,.F.);
#2776=ORIENTED_EDGE('',*,*,#3945,.F.);
#2777=ORIENTED_EDGE('',*,*,#3948,.F.);
#2778=ORIENTED_EDGE('',*,*,#3951,.F.);
#2779=ORIENTED_EDGE('',*,*,#3954,.F.);
#2780=ORIENTED_EDGE('',*,*,#3957,.F.);
#2781=ORIENTED_EDGE('',*,*,#3960,.F.);
#2782=ORIENTED_EDGE('',*,*,#3963,.F.);
#2783=ORIENTED_EDGE('',*,*,#3966,.F.);
#2784=ORIENTED_EDGE('',*,*,#3969,.F.);
#2785=ORIENTED_EDGE('',*,*,#3972,.F.);
#2786=ORIENTED_EDGE('',*,*,#3975,.F.);
#2787=ORIENTED_EDGE('',*,*,#3977,.F.);
#2788=ORIENTED_EDGE('',*,*,#3718,.T.);
#2789=ORIENTED_EDGE('',*,*,#3721,.T.);
#2790=ORIENTED_EDGE('',*,*,#3723,.T.);
#2791=ORIENTED_EDGE('',*,*,#3725,.T.);
#2792=ORIENTED_EDGE('',*,*,#3727,.T.);
#2793=ORIENTED_EDGE('',*,*,#3729,.T.);
#2794=ORIENTED_EDGE('',*,*,#3731,.T.);
#2795=ORIENTED_EDGE('',*,*,#3733,.T.);
#2796=ORIENTED_EDGE('',*,*,#3735,.T.);
#2797=ORIENTED_EDGE('',*,*,#3737,.T.);
#2798=ORIENTED_EDGE('',*,*,#3739,.T.);
#2799=ORIENTED_EDGE('',*,*,#3741,.T.);
#2800=ORIENTED_EDGE('',*,*,#3743,.T.);
#2801=ORIENTED_EDGE('',*,*,#3745,.T.);
#2802=ORIENTED_EDGE('',*,*,#3747,.T.);
#2803=ORIENTED_EDGE('',*,*,#3749,.T.);
#2804=ORIENTED_EDGE('',*,*,#3751,.T.);
#2805=ORIENTED_EDGE('',*,*,#3753,.T.);
#2806=ORIENTED_EDGE('',*,*,#3755,.T.);
#2807=ORIENTED_EDGE('',*,*,#3757,.T.);
#2808=ORIENTED_EDGE('',*,*,#3759,.T.);
#2809=ORIENTED_EDGE('',*,*,#3761,.T.);
#2810=ORIENTED_EDGE('',*,*,#3763,.T.);
#2811=ORIENTED_EDGE('',*,*,#3765,.T.);
#2812=ORIENTED_EDGE('',*,*,#3767,.T.);
#2813=ORIENTED_EDGE('',*,*,#3769,.T.);
#2814=ORIENTED_EDGE('',*,*,#3771,.T.);
#2815=ORIENTED_EDGE('',*,*,#3773,.T.);
#2816=ORIENTED_EDGE('',*,*,#3775,.T.);
#2817=ORIENTED_EDGE('',*,*,#3777,.T.);
#2818=ORIENTED_EDGE('',*,*,#3779,.T.);
#2819=ORIENTED_EDGE('',*,*,#3781,.T.);
#2820=ORIENTED_EDGE('',*,*,#3783,.T.);
#2821=ORIENTED_EDGE('',*,*,#3785,.T.);
#2822=ORIENTED_EDGE('',*,*,#3787,.T.);
#2823=ORIENTED_EDGE('',*,*,#3789,.T.);
#2824=ORIENTED_EDGE('',*,*,#3791,.T.);
#2825=ORIENTED_EDGE('',*,*,#3793,.T.);
#2826=ORIENTED_EDGE('',*,*,#3795,.T.);
#2827=ORIENTED_EDGE('',*,*,#3797,.T.);
#2828=ORIENTED_EDGE('',*,*,#3799,.T.);
#2829=ORIENTED_EDGE('',*,*,#3801,.T.);
#2830=ORIENTED_EDGE('',*,*,#3803,.T.);
#2831=ORIENTED_EDGE('',*,*,#3805,.T.);
#2832=ORIENTED_EDGE('',*,*,#3807,.T.);
#2833=ORIENTED_EDGE('',*,*,#3809,.T.);
#2834=ORIENTED_EDGE('',*,*,#3811,.T.);
#2835=ORIENTED_EDGE('',*,*,#3813,.T.);
#2836=ORIENTED_EDGE('',*,*,#3815,.T.);
#2837=ORIENTED_EDGE('',*,*,#3817,.T.);
#2838=ORIENTED_EDGE('',*,*,#3819,.T.);
#2839=ORIENTED_EDGE('',*,*,#3821,.T.);
#2840=ORIENTED_EDGE('',*,*,#3823,.T.);
#2841=ORIENTED_EDGE('',*,*,#3825,.T.);
#2842=ORIENTED_EDGE('',*,*,#3827,.T.);
#2843=ORIENTED_EDGE('',*,*,#3829,.T.);
#2844=ORIENTED_EDGE('',*,*,#3831,.T.);
#2845=ORIENTED_EDGE('',*,*,#3833,.T.);
#2846=ORIENTED_EDGE('',*,*,#3835,.T.);
#2847=ORIENTED_EDGE('',*,*,#3837,.T.);
#2848=ORIENTED_EDGE('',*,*,#3839,.T.);
#2849=ORIENTED_EDGE('',*,*,#3841,.T.);
#2850=ORIENTED_EDGE('',*,*,#3843,.T.);
#2851=ORIENTED_EDGE('',*,*,#3845,.T.);
#2852=ORIENTED_EDGE('',*,*,#3847,.T.);
#2853=ORIENTED_EDGE('',*,*,#3849,.T.);
#2854=ORIENTED_EDGE('',*,*,#3851,.T.);
#2855=ORIENTED_EDGE('',*,*,#3853,.T.);
#2856=ORIENTED_EDGE('',*,*,#3855,.T.);
#2857=ORIENTED_EDGE('',*,*,#3857,.T.);
#2858=ORIENTED_EDGE('',*,*,#3859,.T.);
#2859=ORIENTED_EDGE('',*,*,#3861,.T.);
#2860=ORIENTED_EDGE('',*,*,#3863,.T.);
#2861=ORIENTED_EDGE('',*,*,#3865,.T.);
#2862=ORIENTED_EDGE('',*,*,#3867,.T.);
#2863=ORIENTED_EDGE('',*,*,#3869,.T.);
#2864=ORIENTED_EDGE('',*,*,#3871,.T.);
#2865=ORIENTED_EDGE('',*,*,#3873,.T.);
#2866=ORIENTED_EDGE('',*,*,#3875,.T.);
#2867=ORIENTED_EDGE('',*,*,#3877,.T.);
#2868=ORIENTED_EDGE('',*,*,#3879,.T.);
#2869=ORIENTED_EDGE('',*,*,#3881,.T.);
#2870=ORIENTED_EDGE('',*,*,#3883,.T.);
#2871=ORIENTED_EDGE('',*,*,#3885,.T.);
#2872=ORIENTED_EDGE('',*,*,#3887,.T.);
#2873=ORIENTED_EDGE('',*,*,#3889,.T.);
#2874=ORIENTED_EDGE('',*,*,#3891,.T.);
#2875=ORIENTED_EDGE('',*,*,#3893,.T.);
#2876=ORIENTED_EDGE('',*,*,#3895,.T.);
#2877=ORIENTED_EDGE('',*,*,#3897,.T.);
#2878=ORIENTED_EDGE('',*,*,#3899,.T.);
#2879=ORIENTED_EDGE('',*,*,#3901,.T.);
#2880=ORIENTED_EDGE('',*,*,#3903,.T.);
#2881=ORIENTED_EDGE('',*,*,#3905,.T.);
#2882=ORIENTED_EDGE('',*,*,#3907,.T.);
#2883=ORIENTED_EDGE('',*,*,#3909,.T.);
#2884=ORIENTED_EDGE('',*,*,#3911,.T.);
#2885=ORIENTED_EDGE('',*,*,#3978,.T.);
#2886=ORIENTED_EDGE('',*,*,#3916,.T.);
#2887=ORIENTED_EDGE('',*,*,#3912,.T.);
#2888=ORIENTED_EDGE('',*,*,#3976,.T.);
#2889=ORIENTED_EDGE('',*,*,#3973,.T.);
#2890=ORIENTED_EDGE('',*,*,#3970,.T.);
#2891=ORIENTED_EDGE('',*,*,#3967,.T.);
#2892=ORIENTED_EDGE('',*,*,#3964,.T.);
#2893=ORIENTED_EDGE('',*,*,#3961,.T.);
#2894=ORIENTED_EDGE('',*,*,#3958,.T.);
#2895=ORIENTED_EDGE('',*,*,#3955,.T.);
#2896=ORIENTED_EDGE('',*,*,#3952,.T.);
#2897=ORIENTED_EDGE('',*,*,#3949,.T.);
#2898=ORIENTED_EDGE('',*,*,#3946,.T.);
#2899=ORIENTED_EDGE('',*,*,#3943,.T.);
#2900=ORIENTED_EDGE('',*,*,#3940,.T.);
#2901=ORIENTED_EDGE('',*,*,#3937,.T.);
#2902=ORIENTED_EDGE('',*,*,#3934,.T.);
#2903=ORIENTED_EDGE('',*,*,#3931,.T.);
#2904=ORIENTED_EDGE('',*,*,#3928,.T.);
#2905=ORIENTED_EDGE('',*,*,#3925,.T.);
#2906=ORIENTED_EDGE('',*,*,#3922,.T.);
#2907=ORIENTED_EDGE('',*,*,#3919,.T.);
#2908=ORIENTED_EDGE('',*,*,#2979,.F.);
#2909=ORIENTED_EDGE('',*,*,#2970,.F.);
#2910=ORIENTED_EDGE('',*,*,#3979,.F.);
#2911=ORIENTED_EDGE('',*,*,#3980,.T.);
#2912=ORIENTED_EDGE('',*,*,#3981,.F.);
#2913=ORIENTED_EDGE('',*,*,#3982,.F.);
#2914=ORIENTED_EDGE('',*,*,#3983,.T.);
#2915=ORIENTED_EDGE('',*,*,#2994,.T.);
#2916=ORIENTED_EDGE('',*,*,#2982,.F.);
#2917=ORIENTED_EDGE('',*,*,#2995,.F.);
#2918=ORIENTED_EDGE('',*,*,#3983,.F.);
#2919=ORIENTED_EDGE('',*,*,#3984,.F.);
#2920=ORIENTED_EDGE('',*,*,#3021,.T.);
#2921=ORIENTED_EDGE('',*,*,#2972,.T.);
#2922=ORIENTED_EDGE('',*,*,#3985,.F.);
#2923=ORIENTED_EDGE('',*,*,#3979,.T.);
#2924=ORIENTED_EDGE('',*,*,#3091,.F.);
#2925=ORIENTED_EDGE('',*,*,#3025,.F.);
#2926=ORIENTED_EDGE('',*,*,#2968,.T.);
#2927=ORIENTED_EDGE('',*,*,#2978,.T.);
#2928=ORIENTED_EDGE('',*,*,#2993,.F.);
#2929=ORIENTED_EDGE('',*,*,#3986,.F.);
#2930=ORIENTED_EDGE('',*,*,#3987,.T.);
#2931=ORIENTED_EDGE('',*,*,#3988,.T.);
#2932=ORIENTED_EDGE('',*,*,#3989,.F.);
#2933=ORIENTED_EDGE('',*,*,#3990,.T.);
#2934=ORIENTED_EDGE('',*,*,#3364,.F.);
#2935=ORIENTED_EDGE('',*,*,#3050,.F.);
#2936=ORIENTED_EDGE('',*,*,#3013,.F.);
#2937=ORIENTED_EDGE('',*,*,#3991,.F.);
#2938=ORIENTED_EDGE('',*,*,#3986,.T.);
#2939=ORIENTED_EDGE('',*,*,#2992,.T.);
#2940=ORIENTED_EDGE('',*,*,#3990,.F.);
#2941=ORIENTED_EDGE('',*,*,#3992,.T.);
#2942=ORIENTED_EDGE('',*,*,#3009,.T.);
#2943=ORIENTED_EDGE('',*,*,#3092,.T.);
#2944=ORIENTED_EDGE('',*,*,#3993,.F.);
#2945=ORIENTED_EDGE('',*,*,#3988,.F.);
#2946=ORIENTED_EDGE('',*,*,#3994,.T.);
#2947=ORIENTED_EDGE('',*,*,#3011,.T.);
#2948=ORIENTED_EDGE('',*,*,#3987,.F.);
#2949=ORIENTED_EDGE('',*,*,#3991,.T.);
#2950=ORIENTED_EDGE('',*,*,#3012,.T.);
#2951=ORIENTED_EDGE('',*,*,#3994,.F.);
#2952=ORIENTED_EDGE('',*,*,#3992,.F.);
#2953=ORIENTED_EDGE('',*,*,#3989,.T.);
#2954=ORIENTED_EDGE('',*,*,#3993,.T.);
#2955=ORIENTED_EDGE('',*,*,#3010,.F.);
#2956=ORIENTED_EDGE('',*,*,#3980,.F.);
#2957=ORIENTED_EDGE('',*,*,#3985,.T.);
#2958=ORIENTED_EDGE('',*,*,#3024,.T.);
#2959=ORIENTED_EDGE('',*,*,#3995,.T.);
#2960=ORIENTED_EDGE('',*,*,#3995,.F.);
#2961=ORIENTED_EDGE('',*,*,#3023,.F.);
#2962=ORIENTED_EDGE('',*,*,#3996,.T.);
#2963=ORIENTED_EDGE('',*,*,#3981,.T.);
#2964=ORIENTED_EDGE('',*,*,#3984,.T.);
#2965=ORIENTED_EDGE('',*,*,#3982,.T.);
#2966=ORIENTED_EDGE('',*,*,#3996,.F.);
#2967=ORIENTED_EDGE('',*,*,#3022,.F.);
#2968=EDGE_CURVE('',#3997,#3998,#4683,.T.);
#2969=EDGE_CURVE('',#3997,#3999,#4684,.T.);
#2970=EDGE_CURVE('',#3999,#4000,#4685,.T.);
#2971=EDGE_CURVE('',#3998,#4000,#4686,.T.);
#2972=EDGE_CURVE('',#4001,#4002,#4687,.T.);
#2973=EDGE_CURVE('',#4003,#4001,#4688,.T.);
#2974=EDGE_CURVE('',#4003,#4004,#308,.T.);
#2975=EDGE_CURVE('',#4004,#4005,#309,.F.);
#2976=EDGE_CURVE('',#4005,#4006,#310,.F.);
#2977=EDGE_CURVE('',#4006,#4002,#4689,.T.);
#2978=EDGE_CURVE('',#3998,#4007,#4690,.T.);
#2979=EDGE_CURVE('',#4000,#4008,#4691,.T.);
#2980=EDGE_CURVE('',#4007,#4008,#4692,.T.);
#2981=EDGE_CURVE('',#4009,#4010,#4693,.T.);
#2982=EDGE_CURVE('',#4010,#4002,#4694,.T.);
#2983=EDGE_CURVE('',#4011,#4006,#4695,.T.);
#2984=EDGE_CURVE('',#4011,#4012,#4696,.T.);
#2985=EDGE_CURVE('',#4012,#4013,#4697,.T.);
#2986=EDGE_CURVE('',#4014,#4013,#4698,.T.);
#2987=EDGE_CURVE('',#4014,#4015,#4699,.F.);
#2988=EDGE_CURVE('',#4015,#4016,#4700,.T.);
#2989=EDGE_CURVE('',#4017,#4016,#4701,.F.);
#2990=EDGE_CURVE('',#4018,#4017,#4702,.T.);
#2991=EDGE_CURVE('',#4009,#4018,#4703,.T.);
#2992=EDGE_CURVE('',#4019,#4020,#4704,.T.);
#2993=EDGE_CURVE('',#4019,#4007,#4705,.T.);
#2994=EDGE_CURVE('',#4021,#4008,#4706,.T.);
#2995=EDGE_CURVE('',#4021,#4010,#4707,.T.);
#2996=EDGE_CURVE('',#4022,#4009,#4708,.T.);
#2997=EDGE_CURVE('',#4022,#4023,#4709,.T.);
#2998=EDGE_CURVE('',#4023,#4024,#4710,.T.);
#2999=EDGE_CURVE('',#4024,#4025,#4711,.T.);
#3000=EDGE_CURVE('',#4026,#4025,#4712,.T.);
#3001=EDGE_CURVE('',#4026,#4020,#4713,.T.);
#3002=EDGE_CURVE('',#4027,#4028,#4714,.F.);
#3003=EDGE_CURVE('',#4027,#4029,#4715,.T.);
#3004=EDGE_CURVE('',#4030,#4029,#4716,.T.);
#3005=EDGE_CURVE('',#4028,#4030,#4717,.T.);
#3006=EDGE_CURVE('',#4031,#4032,#4718,.F.);
#3007=EDGE_CURVE('',#4031,#4033,#4719,.T.);
#3008=EDGE_CURVE('',#4034,#4033,#4720,.T.);
#3009=EDGE_CURVE('',#4035,#4034,#4721,.T.);
#3010=EDGE_CURVE('',#4035,#4036,#4722,.T.);
#3011=EDGE_CURVE('',#4037,#4036,#4723,.T.);
#3012=EDGE_CURVE('',#4038,#4037,#4724,.T.);
#3013=EDGE_CURVE('',#4038,#4039,#4725,.T.);
#3014=EDGE_CURVE('',#4032,#4039,#4726,.T.);
#3015=EDGE_CURVE('',#4040,#4041,#4727,.T.);
#3016=EDGE_CURVE('',#4040,#4042,#4728,.T.);
#3017=EDGE_CURVE('',#4043,#4042,#4729,.F.);
#3018=EDGE_CURVE('',#4041,#4043,#4730,.T.);
#3019=EDGE_CURVE('',#4044,#4045,#4731,.T.);
#3020=EDGE_CURVE('',#4044,#4003,#4732,.F.);
#3021=EDGE_CURVE('',#4046,#4001,#4733,.T.);
#3022=EDGE_CURVE('',#4046,#4047,#4734,.T.);
#3023=EDGE_CURVE('',#4047,#4048,#4735,.T.);
#3024=EDGE_CURVE('',#4049,#4048,#4736,.T.);
#3025=EDGE_CURVE('',#4049,#4050,#4737,.T.);
#3026=EDGE_CURVE('',#4050,#4045,#4738,.T.);
#3027=EDGE_CURVE('',#4051,#4052,#4739,.T.);
#3028=EDGE_CURVE('',#4051,#4053,#311,.F.);
#3029=EDGE_CURVE('',#4053,#4028,#312,.F.);
#3030=EDGE_CURVE('',#4030,#4054,#313,.T.);
#3031=EDGE_CURVE('',#4054,#4052,#314,.T.);
#3032=EDGE_CURVE('',#4055,#4055,#315,.T.);
#3033=EDGE_CURVE('',#4056,#4057,#4740,.T.);
#3034=EDGE_CURVE('',#4057,#4058,#316,.T.);
#3035=EDGE_CURVE('',#4059,#4058,#4741,.T.);
#3036=EDGE_CURVE('',#4059,#4060,#4742,.T.);
#3037=EDGE_CURVE('',#4061,#4060,#4743,.T.);
#3038=EDGE_CURVE('',#4062,#4061,#4744,.T.);
#3039=EDGE_CURVE('',#4063,#4062,#4745,.T.);
#3040=EDGE_CURVE('',#4063,#4018,#4746,.T.);
#3041=EDGE_CURVE('',#4017,#4064,#317,.T.);
#3042=EDGE_CURVE('',#4064,#4065,#318,.F.);
#3043=EDGE_CURVE('',#4065,#4066,#319,.F.);
#3044=EDGE_CURVE('',#4067,#4066,#4747,.T.);
#3045=EDGE_CURVE('',#4068,#4067,#4748,.T.);
#3046=EDGE_CURVE('',#4068,#4069,#4749,.T.);
#3047=EDGE_CURVE('',#4069,#4070,#4750,.T.);
#3048=EDGE_CURVE('',#4071,#4070,#4751,.T.);
#3049=EDGE_CURVE('',#4056,#4071,#4752,.T.);
#3050=EDGE_CURVE('',#4039,#4072,#4753,.T.);
#3051=EDGE_CURVE('',#4073,#4072,#4754,.T.);
#3052=EDGE_CURVE('',#4073,#4074,#320,.T.);
#3053=EDGE_CURVE('',#4074,#4032,#321,.T.);
#3054=EDGE_CURVE('',#4075,#4076,#4755,.T.);
#3055=EDGE_CURVE('',#4075,#4077,#322,.F.);
#3056=EDGE_CURVE('',#4077,#4078,#323,.F.);
#3057=EDGE_CURVE('',#4078,#4079,#324,.F.);
#3058=EDGE_CURVE('',#4079,#4076,#325,.F.);
#3059=EDGE_CURVE('',#4080,#4081,#326,.T.);
#3060=EDGE_CURVE('',#4081,#4041,#327,.T.);
#3061=EDGE_CURVE('',#4043,#4082,#328,.T.);
#3062=EDGE_CURVE('',#4082,#4083,#329,.T.);
#3063=EDGE_CURVE('',#4083,#4084,#330,.T.);
#3064=EDGE_CURVE('',#4084,#4085,#331,.T.);
#3065=EDGE_CURVE('',#4085,#4086,#332,.T.);
#3066=EDGE_CURVE('',#4086,#4087,#333,.T.);
#3067=EDGE_CURVE('',#4087,#4088,#334,.T.);
#3068=EDGE_CURVE('',#4088,#4089,#335,.T.);
#3069=EDGE_CURVE('',#4089,#4090,#336,.T.);
#3070=EDGE_CURVE('',#4090,#4091,#337,.T.);
#3071=EDGE_CURVE('',#4091,#4092,#338,.T.);
#3072=EDGE_CURVE('',#4092,#4093,#339,.T.);
#3073=EDGE_CURVE('',#4093,#4094,#340,.T.);
#3074=EDGE_CURVE('',#4094,#4095,#341,.T.);
#3075=EDGE_CURVE('',#4095,#4096,#342,.T.);
#3076=EDGE_CURVE('',#4096,#4080,#343,.T.);
#3077=EDGE_CURVE('',#4097,#4098,#4756,.T.);
#3078=EDGE_CURVE('',#4068,#4097,#4757,.T.);
#3079=EDGE_CURVE('',#4067,#4098,#4758,.T.);
#3080=EDGE_CURVE('',#4097,#4099,#4759,.T.);
#3081=EDGE_CURVE('',#4069,#4099,#4760,.T.);
#3082=EDGE_CURVE('',#4099,#4100,#4761,.T.);
#3083=EDGE_CURVE('',#4070,#4100,#4762,.T.);
#3084=EDGE_CURVE('',#4101,#4100,#4763,.T.);
#3085=EDGE_CURVE('',#4071,#4101,#4764,.T.);
#3086=EDGE_CURVE('',#4102,#4101,#4765,.T.);
#3087=EDGE_CURVE('',#4056,#4102,#4766,.T.);
#3088=EDGE_CURVE('',#4057,#4103,#4767,.T.);
#3089=EDGE_CURVE('',#4102,#4103,#4768,.T.);
#3090=EDGE_CURVE('',#4033,#4045,#4769,.T.);
#3091=EDGE_CURVE('',#4050,#3999,#4770,.T.);
#3092=EDGE_CURVE('',#4034,#3997,#4771,.T.);
#3093=EDGE_CURVE('',#4066,#4104,#4772,.T.);
#3094=EDGE_CURVE('',#4098,#4104,#4773,.T.);
#3095=EDGE_CURVE('',#4105,#4105,#344,.T.);
#3096=EDGE_CURVE('',#4106,#4040,#345,.T.);
#3097=EDGE_CURVE('',#4014,#4106,#346,.T.);
#3098=EDGE_CURVE('',#4107,#4013,#347,.T.);
#3099=EDGE_CURVE('',#4042,#4107,#348,.T.);
#3100=EDGE_CURVE('',#4103,#4108,#349,.T.);
#3101=EDGE_CURVE('',#4109,#4104,#350,.T.);
#3102=EDGE_CURVE('',#4110,#4109,#351,.T.);
#3103=EDGE_CURVE('',#4111,#4110,#352,.T.);
#3104=EDGE_CURVE('',#4112,#4111,#353,.T.);
#3105=EDGE_CURVE('',#4113,#4112,#354,.T.);
#3106=EDGE_CURVE('',#4114,#4113,#355,.T.);
#3107=EDGE_CURVE('',#4115,#4114,#356,.T.);
#3108=EDGE_CURVE('',#4116,#4115,#357,.T.);
#3109=EDGE_CURVE('',#4117,#4116,#358,.T.);
#3110=EDGE_CURVE('',#4118,#4117,#359,.T.);
#3111=EDGE_CURVE('',#4119,#4118,#360,.T.);
#3112=EDGE_CURVE('',#4120,#4119,#361,.T.);
#3113=EDGE_CURVE('',#4121,#4120,#362,.T.);
#3114=EDGE_CURVE('',#4122,#4121,#363,.T.);
#3115=EDGE_CURVE('',#4123,#4122,#364,.T.);
#3116=EDGE_CURVE('',#4124,#4123,#365,.T.);
#3117=EDGE_CURVE('',#4125,#4124,#366,.T.);
#3118=EDGE_CURVE('',#4126,#4125,#367,.T.);
#3119=EDGE_CURVE('',#4127,#4126,#368,.T.);
#3120=EDGE_CURVE('',#4128,#4127,#369,.T.);
#3121=EDGE_CURVE('',#4129,#4128,#370,.T.);
#3122=EDGE_CURVE('',#4130,#4129,#371,.T.);
#3123=EDGE_CURVE('',#4131,#4130,#372,.T.);
#3124=EDGE_CURVE('',#4132,#4131,#373,.T.);
#3125=EDGE_CURVE('',#4133,#4132,#374,.T.);
#3126=EDGE_CURVE('',#4134,#4133,#375,.T.);
#3127=EDGE_CURVE('',#4135,#4134,#376,.T.);
#3128=EDGE_CURVE('',#4136,#4135,#377,.T.);
#3129=EDGE_CURVE('',#4137,#4136,#378,.T.);
#3130=EDGE_CURVE('',#4138,#4137,#379,.T.);
#3131=EDGE_CURVE('',#4139,#4138,#380,.T.);
#3132=EDGE_CURVE('',#4140,#4139,#381,.T.);
#3133=EDGE_CURVE('',#4141,#4140,#382,.T.);
#3134=EDGE_CURVE('',#4142,#4141,#383,.T.);
#3135=EDGE_CURVE('',#4044,#4142,#384,.T.);
#3136=EDGE_CURVE('',#4143,#4031,#385,.T.);
#3137=EDGE_CURVE('',#4144,#4143,#386,.T.);
#3138=EDGE_CURVE('',#4145,#4144,#387,.T.);
#3139=EDGE_CURVE('',#4146,#4145,#388,.T.);
#3140=EDGE_CURVE('',#4147,#4146,#389,.T.);
#3141=EDGE_CURVE('',#4148,#4147,#390,.T.);
#3142=EDGE_CURVE('',#4149,#4148,#391,.T.);
#3143=EDGE_CURVE('',#4150,#4149,#392,.T.);
#3144=EDGE_CURVE('',#4151,#4150,#393,.T.);
#3145=EDGE_CURVE('',#4152,#4151,#394,.T.);
#3146=EDGE_CURVE('',#4153,#4152,#395,.T.);
#3147=EDGE_CURVE('',#4154,#4153,#396,.T.);
#3148=EDGE_CURVE('',#4155,#4154,#397,.T.);
#3149=EDGE_CURVE('',#4156,#4155,#398,.T.);
#3150=EDGE_CURVE('',#4157,#4156,#399,.T.);
#3151=EDGE_CURVE('',#4158,#4157,#400,.T.);
#3152=EDGE_CURVE('',#4159,#4158,#401,.T.);
#3153=EDGE_CURVE('',#4160,#4159,#402,.T.);
#3154=EDGE_CURVE('',#4161,#4160,#403,.T.);
#3155=EDGE_CURVE('',#4162,#4161,#404,.T.);
#3156=EDGE_CURVE('',#4163,#4162,#405,.T.);
#3157=EDGE_CURVE('',#4164,#4163,#406,.T.);
#3158=EDGE_CURVE('',#4165,#4164,#407,.T.);
#3159=EDGE_CURVE('',#4166,#4165,#408,.T.);
#3160=EDGE_CURVE('',#4167,#4166,#409,.T.);
#3161=EDGE_CURVE('',#4168,#4167,#410,.T.);
#3162=EDGE_CURVE('',#4169,#4168,#411,.T.);
#3163=EDGE_CURVE('',#4170,#4169,#412,.T.);
#3164=EDGE_CURVE('',#4171,#4170,#413,.T.);
#3165=EDGE_CURVE('',#4172,#4171,#414,.T.);
#3166=EDGE_CURVE('',#4173,#4172,#415,.T.);
#3167=EDGE_CURVE('',#4174,#4173,#416,.T.);
#3168=EDGE_CURVE('',#4175,#4174,#417,.T.);
#3169=EDGE_CURVE('',#4176,#4175,#418,.T.);
#3170=EDGE_CURVE('',#4177,#4176,#419,.T.);
#3171=EDGE_CURVE('',#4178,#4177,#420,.T.);
#3172=EDGE_CURVE('',#4179,#4178,#421,.T.);
#3173=EDGE_CURVE('',#4180,#4179,#422,.T.);
#3174=EDGE_CURVE('',#4181,#4180,#423,.T.);
#3175=EDGE_CURVE('',#4182,#4181,#424,.T.);
#3176=EDGE_CURVE('',#4183,#4182,#425,.T.);
#3177=EDGE_CURVE('',#4184,#4183,#426,.T.);
#3178=EDGE_CURVE('',#4185,#4184,#427,.T.);
#3179=EDGE_CURVE('',#4186,#4185,#428,.T.);
#3180=EDGE_CURVE('',#4187,#4186,#429,.T.);
#3181=EDGE_CURVE('',#4188,#4187,#430,.T.);
#3182=EDGE_CURVE('',#4189,#4188,#431,.T.);
#3183=EDGE_CURVE('',#4190,#4189,#432,.T.);
#3184=EDGE_CURVE('',#4191,#4190,#433,.T.);
#3185=EDGE_CURVE('',#4192,#4191,#434,.T.);
#3186=EDGE_CURVE('',#4193,#4192,#435,.T.);
#3187=EDGE_CURVE('',#4194,#4193,#436,.T.);
#3188=EDGE_CURVE('',#4195,#4194,#437,.T.);
#3189=EDGE_CURVE('',#4196,#4195,#438,.T.);
#3190=EDGE_CURVE('',#4197,#4196,#439,.T.);
#3191=EDGE_CURVE('',#4198,#4197,#440,.T.);
#3192=EDGE_CURVE('',#4199,#4198,#441,.T.);
#3193=EDGE_CURVE('',#4200,#4199,#442,.T.);
#3194=EDGE_CURVE('',#4201,#4200,#443,.T.);
#3195=EDGE_CURVE('',#4202,#4201,#444,.T.);
#3196=EDGE_CURVE('',#4203,#4202,#445,.T.);
#3197=EDGE_CURVE('',#4204,#4203,#446,.T.);
#3198=EDGE_CURVE('',#4205,#4204,#447,.T.);
#3199=EDGE_CURVE('',#4206,#4205,#448,.T.);
#3200=EDGE_CURVE('',#4207,#4206,#449,.T.);
#3201=EDGE_CURVE('',#4208,#4207,#450,.T.);
#3202=EDGE_CURVE('',#4209,#4208,#451,.T.);
#3203=EDGE_CURVE('',#4210,#4209,#452,.T.);
#3204=EDGE_CURVE('',#4211,#4210,#453,.T.);
#3205=EDGE_CURVE('',#4212,#4211,#454,.T.);
#3206=EDGE_CURVE('',#4213,#4212,#455,.T.);
#3207=EDGE_CURVE('',#4214,#4213,#456,.T.);
#3208=EDGE_CURVE('',#4215,#4214,#457,.T.);
#3209=EDGE_CURVE('',#4216,#4215,#458,.T.);
#3210=EDGE_CURVE('',#4217,#4216,#459,.T.);
#3211=EDGE_CURVE('',#4218,#4217,#460,.T.);
#3212=EDGE_CURVE('',#4219,#4218,#461,.T.);
#3213=EDGE_CURVE('',#4220,#4219,#462,.T.);
#3214=EDGE_CURVE('',#4221,#4220,#463,.T.);
#3215=EDGE_CURVE('',#4222,#4221,#464,.T.);
#3216=EDGE_CURVE('',#4223,#4222,#465,.T.);
#3217=EDGE_CURVE('',#4224,#4223,#466,.T.);
#3218=EDGE_CURVE('',#4225,#4224,#467,.T.);
#3219=EDGE_CURVE('',#4226,#4225,#468,.T.);
#3220=EDGE_CURVE('',#4227,#4226,#469,.T.);
#3221=EDGE_CURVE('',#4228,#4227,#470,.T.);
#3222=EDGE_CURVE('',#4229,#4228,#471,.T.);
#3223=EDGE_CURVE('',#4230,#4229,#472,.T.);
#3224=EDGE_CURVE('',#4231,#4230,#473,.T.);
#3225=EDGE_CURVE('',#4232,#4231,#474,.T.);
#3226=EDGE_CURVE('',#4233,#4232,#475,.T.);
#3227=EDGE_CURVE('',#4234,#4233,#476,.T.);
#3228=EDGE_CURVE('',#4235,#4234,#477,.T.);
#3229=EDGE_CURVE('',#4236,#4235,#478,.T.);
#3230=EDGE_CURVE('',#4237,#4236,#479,.T.);
#3231=EDGE_CURVE('',#4238,#4237,#480,.T.);
#3232=EDGE_CURVE('',#4239,#4238,#481,.T.);
#3233=EDGE_CURVE('',#4240,#4239,#482,.T.);
#3234=EDGE_CURVE('',#4241,#4240,#483,.T.);
#3235=EDGE_CURVE('',#4242,#4241,#484,.T.);
#3236=EDGE_CURVE('',#4029,#4242,#485,.T.);
#3237=EDGE_CURVE('',#4243,#4027,#486,.T.);
#3238=EDGE_CURVE('',#4244,#4243,#487,.T.);
#3239=EDGE_CURVE('',#4245,#4244,#488,.T.);
#3240=EDGE_CURVE('',#4246,#4245,#489,.T.);
#3241=EDGE_CURVE('',#4247,#4246,#490,.T.);
#3242=EDGE_CURVE('',#4248,#4247,#491,.T.);
#3243=EDGE_CURVE('',#4249,#4248,#492,.T.);
#3244=EDGE_CURVE('',#4250,#4249,#493,.T.);
#3245=EDGE_CURVE('',#4251,#4250,#494,.T.);
#3246=EDGE_CURVE('',#4252,#4251,#495,.T.);
#3247=EDGE_CURVE('',#4253,#4252,#496,.T.);
#3248=EDGE_CURVE('',#4254,#4253,#497,.T.);
#3249=EDGE_CURVE('',#4255,#4254,#498,.T.);
#3250=EDGE_CURVE('',#4256,#4255,#499,.T.);
#3251=EDGE_CURVE('',#4257,#4256,#500,.T.);
#3252=EDGE_CURVE('',#4258,#4257,#501,.T.);
#3253=EDGE_CURVE('',#4259,#4258,#502,.T.);
#3254=EDGE_CURVE('',#4260,#4259,#503,.T.);
#3255=EDGE_CURVE('',#4261,#4260,#504,.T.);
#3256=EDGE_CURVE('',#4262,#4261,#505,.T.);
#3257=EDGE_CURVE('',#4263,#4262,#506,.T.);
#3258=EDGE_CURVE('',#4264,#4263,#507,.T.);
#3259=EDGE_CURVE('',#4265,#4264,#508,.T.);
#3260=EDGE_CURVE('',#4108,#4265,#509,.T.);
#3261=EDGE_CURVE('',#4266,#4267,#510,.T.);
#3262=EDGE_CURVE('',#4268,#4266,#511,.T.);
#3263=EDGE_CURVE('',#4269,#4268,#512,.T.);
#3264=EDGE_CURVE('',#4270,#4269,#513,.T.);
#3265=EDGE_CURVE('',#4271,#4270,#514,.T.);
#3266=EDGE_CURVE('',#4272,#4271,#515,.T.);
#3267=EDGE_CURVE('',#4273,#4272,#516,.T.);
#3268=EDGE_CURVE('',#4274,#4273,#517,.T.);
#3269=EDGE_CURVE('',#4275,#4274,#518,.T.);
#3270=EDGE_CURVE('',#4276,#4275,#519,.T.);
#3271=EDGE_CURVE('',#4277,#4276,#520,.T.);
#3272=EDGE_CURVE('',#4278,#4277,#521,.T.);
#3273=EDGE_CURVE('',#4279,#4278,#522,.T.);
#3274=EDGE_CURVE('',#4280,#4279,#523,.T.);
#3275=EDGE_CURVE('',#4281,#4280,#524,.T.);
#3276=EDGE_CURVE('',#4282,#4281,#525,.T.);
#3277=EDGE_CURVE('',#4283,#4282,#526,.T.);
#3278=EDGE_CURVE('',#4284,#4283,#527,.T.);
#3279=EDGE_CURVE('',#4285,#4284,#528,.T.);
#3280=EDGE_CURVE('',#4286,#4285,#529,.T.);
#3281=EDGE_CURVE('',#4287,#4286,#530,.T.);
#3282=EDGE_CURVE('',#4288,#4287,#531,.T.);
#3283=EDGE_CURVE('',#4289,#4288,#532,.T.);
#3284=EDGE_CURVE('',#4290,#4289,#533,.T.);
#3285=EDGE_CURVE('',#4291,#4290,#534,.T.);
#3286=EDGE_CURVE('',#4292,#4291,#535,.T.);
#3287=EDGE_CURVE('',#4293,#4292,#536,.T.);
#3288=EDGE_CURVE('',#4294,#4293,#537,.T.);
#3289=EDGE_CURVE('',#4295,#4294,#538,.T.);
#3290=EDGE_CURVE('',#4296,#4295,#539,.T.);
#3291=EDGE_CURVE('',#4297,#4296,#540,.T.);
#3292=EDGE_CURVE('',#4298,#4297,#541,.T.);
#3293=EDGE_CURVE('',#4299,#4298,#542,.T.);
#3294=EDGE_CURVE('',#4300,#4299,#543,.T.);
#3295=EDGE_CURVE('',#4301,#4300,#544,.T.);
#3296=EDGE_CURVE('',#4302,#4301,#545,.T.);
#3297=EDGE_CURVE('',#4303,#4302,#546,.T.);
#3298=EDGE_CURVE('',#4304,#4303,#547,.T.);
#3299=EDGE_CURVE('',#4305,#4304,#548,.T.);
#3300=EDGE_CURVE('',#4306,#4305,#549,.T.);
#3301=EDGE_CURVE('',#4307,#4306,#550,.T.);
#3302=EDGE_CURVE('',#4308,#4307,#551,.T.);
#3303=EDGE_CURVE('',#4309,#4308,#552,.T.);
#3304=EDGE_CURVE('',#4310,#4309,#553,.T.);
#3305=EDGE_CURVE('',#4311,#4310,#554,.T.);
#3306=EDGE_CURVE('',#4312,#4311,#555,.T.);
#3307=EDGE_CURVE('',#4313,#4312,#556,.T.);
#3308=EDGE_CURVE('',#4314,#4313,#557,.T.);
#3309=EDGE_CURVE('',#4315,#4314,#558,.T.);
#3310=EDGE_CURVE('',#4316,#4315,#559,.T.);
#3311=EDGE_CURVE('',#4317,#4316,#560,.T.);
#3312=EDGE_CURVE('',#4318,#4317,#561,.T.);
#3313=EDGE_CURVE('',#4319,#4318,#4774,.T.);
#3314=EDGE_CURVE('',#4320,#4319,#4775,.T.);
#3315=EDGE_CURVE('',#4321,#4320,#562,.T.);
#3316=EDGE_CURVE('',#4322,#4321,#563,.T.);
#3317=EDGE_CURVE('',#4323,#4322,#564,.T.);
#3318=EDGE_CURVE('',#4324,#4323,#565,.T.);
#3319=EDGE_CURVE('',#4325,#4324,#566,.T.);
#3320=EDGE_CURVE('',#4326,#4325,#567,.T.);
#3321=EDGE_CURVE('',#4327,#4326,#568,.T.);
#3322=EDGE_CURVE('',#4328,#4327,#569,.T.);
#3323=EDGE_CURVE('',#4329,#4328,#570,.T.);
#3324=EDGE_CURVE('',#4330,#4329,#571,.T.);
#3325=EDGE_CURVE('',#4331,#4330,#572,.T.);
#3326=EDGE_CURVE('',#4332,#4331,#573,.T.);
#3327=EDGE_CURVE('',#4333,#4332,#574,.T.);
#3328=EDGE_CURVE('',#4334,#4333,#575,.T.);
#3329=EDGE_CURVE('',#4335,#4334,#576,.T.);
#3330=EDGE_CURVE('',#4336,#4335,#577,.T.);
#3331=EDGE_CURVE('',#4337,#4336,#578,.T.);
#3332=EDGE_CURVE('',#4338,#4337,#579,.T.);
#3333=EDGE_CURVE('',#4339,#4338,#580,.T.);
#3334=EDGE_CURVE('',#4340,#4339,#581,.T.);
#3335=EDGE_CURVE('',#4341,#4340,#582,.T.);
#3336=EDGE_CURVE('',#4342,#4341,#583,.T.);
#3337=EDGE_CURVE('',#4343,#4342,#584,.T.);
#3338=EDGE_CURVE('',#4344,#4343,#585,.T.);
#3339=EDGE_CURVE('',#4345,#4344,#586,.T.);
#3340=EDGE_CURVE('',#4346,#4345,#587,.T.);
#3341=EDGE_CURVE('',#4347,#4346,#588,.T.);
#3342=EDGE_CURVE('',#4348,#4347,#589,.T.);
#3343=EDGE_CURVE('',#4349,#4348,#590,.T.);
#3344=EDGE_CURVE('',#4350,#4349,#591,.T.);
#3345=EDGE_CURVE('',#4351,#4350,#592,.T.);
#3346=EDGE_CURVE('',#4352,#4351,#593,.T.);
#3347=EDGE_CURVE('',#4353,#4352,#594,.T.);
#3348=EDGE_CURVE('',#4354,#4353,#595,.T.);
#3349=EDGE_CURVE('',#4355,#4354,#596,.T.);
#3350=EDGE_CURVE('',#4356,#4355,#597,.T.);
#3351=EDGE_CURVE('',#4357,#4356,#598,.T.);
#3352=EDGE_CURVE('',#4358,#4357,#599,.T.);
#3353=EDGE_CURVE('',#4359,#4358,#600,.T.);
#3354=EDGE_CURVE('',#4360,#4359,#601,.T.);
#3355=EDGE_CURVE('',#4361,#4360,#602,.T.);
#3356=EDGE_CURVE('',#4362,#4361,#603,.T.);
#3357=EDGE_CURVE('',#4363,#4362,#604,.T.);
#3358=EDGE_CURVE('',#4267,#4363,#605,.T.);
#3359=EDGE_CURVE('',#4022,#4063,#4776,.T.);
#3360=EDGE_CURVE('',#4023,#4062,#4777,.T.);
#3361=EDGE_CURVE('',#4024,#4061,#4778,.T.);
#3362=EDGE_CURVE('',#4025,#4060,#4779,.T.);
#3363=EDGE_CURVE('',#4026,#4059,#4780,.T.);
#3364=EDGE_CURVE('',#4072,#4020,#4781,.T.);
#3365=EDGE_CURVE('',#4058,#4364,#4782,.F.);
#3366=EDGE_CURVE('',#4365,#4364,#4783,.T.);
#3367=EDGE_CURVE('',#4365,#4051,#4784,.T.);
#3368=EDGE_CURVE('',#4052,#4366,#4785,.F.);
#3369=EDGE_CURVE('',#4367,#4366,#4786,.T.);
#3370=EDGE_CURVE('',#4367,#4075,#4787,.T.);
#3371=EDGE_CURVE('',#4076,#4368,#4788,.F.);
#3372=EDGE_CURVE('',#4369,#4368,#4789,.T.);
#3373=EDGE_CURVE('',#4369,#4073,#4790,.T.);
#3374=EDGE_CURVE('',#4004,#4142,#4791,.T.);
#3375=EDGE_CURVE('',#4005,#4141,#4792,.T.);
#3376=EDGE_CURVE('',#4064,#4110,#4793,.T.);
#3377=EDGE_CURVE('',#4065,#4109,#4794,.T.);
#3378=EDGE_CURVE('',#4106,#4081,#4795,.T.);
#3379=EDGE_CURVE('',#4107,#4082,#4796,.T.);
#3380=EDGE_CURVE('',#4370,#4140,#4797,.T.);
#3381=EDGE_CURVE('',#4011,#4370,#606,.T.);
#3382=EDGE_CURVE('',#4371,#4016,#607,.T.);
#3383=EDGE_CURVE('',#4371,#4111,#4798,.T.);
#3384=EDGE_CURVE('',#4372,#4080,#4799,.T.);
#3385=EDGE_CURVE('',#4372,#4015,#608,.T.);
#3386=EDGE_CURVE('',#4012,#4373,#609,.T.);
#3387=EDGE_CURVE('',#4373,#4083,#4800,.T.);
#3388=EDGE_CURVE('',#4374,#4139,#4801,.T.);
#3389=EDGE_CURVE('',#4370,#4374,#610,.T.);
#3390=EDGE_CURVE('',#4375,#4138,#4802,.T.);
#3391=EDGE_CURVE('',#4374,#4375,#611,.T.);
#3392=EDGE_CURVE('',#4376,#4137,#4803,.T.);
#3393=EDGE_CURVE('',#4375,#4376,#612,.T.);
#3394=EDGE_CURVE('',#4377,#4136,#4804,.T.);
#3395=EDGE_CURVE('',#4376,#4377,#613,.T.);
#3396=EDGE_CURVE('',#4378,#4135,#4805,.T.);
#3397=EDGE_CURVE('',#4377,#4378,#614,.T.);
#3398=EDGE_CURVE('',#4379,#4134,#4806,.T.);
#3399=EDGE_CURVE('',#4378,#4379,#615,.T.);
#3400=EDGE_CURVE('',#4380,#4133,#4807,.T.);
#3401=EDGE_CURVE('',#4379,#4380,#616,.T.);
#3402=EDGE_CURVE('',#4381,#4132,#4808,.T.);
#3403=EDGE_CURVE('',#4380,#4381,#617,.T.);
#3404=EDGE_CURVE('',#4382,#4131,#4809,.T.);
#3405=EDGE_CURVE('',#4381,#4382,#618,.T.);
#3406=EDGE_CURVE('',#4383,#4130,#4810,.T.);
#3407=EDGE_CURVE('',#4382,#4383,#619,.T.);
#3408=EDGE_CURVE('',#4384,#4129,#4811,.T.);
#3409=EDGE_CURVE('',#4383,#4384,#620,.T.);
#3410=EDGE_CURVE('',#4385,#4128,#4812,.T.);
#3411=EDGE_CURVE('',#4384,#4385,#621,.T.);
#3412=EDGE_CURVE('',#4386,#4127,#4813,.T.);
#3413=EDGE_CURVE('',#4385,#4386,#622,.T.);
#3414=EDGE_CURVE('',#4387,#4126,#4814,.T.);
#3415=EDGE_CURVE('',#4386,#4387,#623,.T.);
#3416=EDGE_CURVE('',#4388,#4125,#4815,.T.);
#3417=EDGE_CURVE('',#4387,#4388,#624,.T.);
#3418=EDGE_CURVE('',#4389,#4124,#4816,.T.);
#3419=EDGE_CURVE('',#4388,#4389,#625,.T.);
#3420=EDGE_CURVE('',#4390,#4123,#4817,.T.);
#3421=EDGE_CURVE('',#4389,#4390,#626,.T.);
#3422=EDGE_CURVE('',#4391,#4122,#4818,.T.);
#3423=EDGE_CURVE('',#4390,#4391,#627,.T.);
#3424=EDGE_CURVE('',#4392,#4121,#4819,.T.);
#3425=EDGE_CURVE('',#4391,#4392,#628,.T.);
#3426=EDGE_CURVE('',#4393,#4120,#4820,.T.);
#3427=EDGE_CURVE('',#4392,#4393,#629,.T.);
#3428=EDGE_CURVE('',#4394,#4119,#4821,.T.);
#3429=EDGE_CURVE('',#4393,#4394,#630,.T.);
#3430=EDGE_CURVE('',#4395,#4118,#4822,.T.);
#3431=EDGE_CURVE('',#4394,#4395,#631,.T.);
#3432=EDGE_CURVE('',#4396,#4117,#4823,.T.);
#3433=EDGE_CURVE('',#4395,#4396,#632,.T.);
#3434=EDGE_CURVE('',#4397,#4116,#4824,.T.);
#3435=EDGE_CURVE('',#4396,#4397,#633,.T.);
#3436=EDGE_CURVE('',#4398,#4115,#4825,.T.);
#3437=EDGE_CURVE('',#4397,#4398,#634,.T.);
#3438=EDGE_CURVE('',#4399,#4114,#4826,.T.);
#3439=EDGE_CURVE('',#4398,#4399,#635,.T.);
#3440=EDGE_CURVE('',#4400,#4113,#4827,.T.);
#3441=EDGE_CURVE('',#4399,#4400,#636,.T.);
#3442=EDGE_CURVE('',#4401,#4112,#4828,.T.);
#3443=EDGE_CURVE('',#4400,#4401,#637,.T.);
#3444=EDGE_CURVE('',#4401,#4371,#638,.T.);
#3445=EDGE_CURVE('',#4402,#4096,#4829,.T.);
#3446=EDGE_CURVE('',#4402,#4372,#639,.T.);
#3447=EDGE_CURVE('',#4403,#4095,#4830,.T.);
#3448=EDGE_CURVE('',#4403,#4402,#640,.T.);
#3449=EDGE_CURVE('',#4404,#4094,#4831,.T.);
#3450=EDGE_CURVE('',#4404,#4403,#641,.T.);
#3451=EDGE_CURVE('',#4405,#4093,#4832,.T.);
#3452=EDGE_CURVE('',#4405,#4404,#642,.T.);
#3453=EDGE_CURVE('',#4406,#4092,#4833,.T.);
#3454=EDGE_CURVE('',#4406,#4405,#643,.T.);
#3455=EDGE_CURVE('',#4407,#4091,#4834,.T.);
#3456=EDGE_CURVE('',#4407,#4406,#644,.T.);
#3457=EDGE_CURVE('',#4408,#4090,#4835,.T.);
#3458=EDGE_CURVE('',#4408,#4407,#645,.T.);
#3459=EDGE_CURVE('',#4409,#4089,#4836,.T.);
#3460=EDGE_CURVE('',#4409,#4408,#646,.T.);
#3461=EDGE_CURVE('',#4410,#4088,#4837,.T.);
#3462=EDGE_CURVE('',#4410,#4409,#647,.T.);
#3463=EDGE_CURVE('',#4411,#4087,#4838,.T.);
#3464=EDGE_CURVE('',#4411,#4410,#648,.T.);
#3465=EDGE_CURVE('',#4412,#4086,#4839,.T.);
#3466=EDGE_CURVE('',#4412,#4411,#649,.T.);
#3467=EDGE_CURVE('',#4413,#4085,#4840,.T.);
#3468=EDGE_CURVE('',#4413,#4412,#650,.T.);
#3469=EDGE_CURVE('',#4414,#4084,#4841,.T.);
#3470=EDGE_CURVE('',#4414,#4413,#651,.T.);
#3471=EDGE_CURVE('',#4373,#4414,#652,.T.);
#3472=EDGE_CURVE('',#4077,#4229,#4842,.T.);
#3473=EDGE_CURVE('',#4078,#4228,#4843,.T.);
#3474=EDGE_CURVE('',#4079,#4227,#4844,.T.);
#3475=EDGE_CURVE('',#4415,#4369,#653,.T.);
#3476=EDGE_CURVE('',#4415,#4144,#4845,.T.);
#3477=EDGE_CURVE('',#4074,#4143,#4846,.T.);
#3478=EDGE_CURVE('',#4054,#4242,#4847,.T.);
#3479=EDGE_CURVE('',#4416,#4241,#4848,.T.);
#3480=EDGE_CURVE('',#4366,#4416,#654,.T.);
#3481=EDGE_CURVE('',#4417,#4367,#655,.T.);
#3482=EDGE_CURVE('',#4417,#4230,#4849,.T.);
#3483=EDGE_CURVE('',#4418,#4226,#4850,.T.);
#3484=EDGE_CURVE('',#4368,#4418,#656,.T.);
#3485=EDGE_CURVE('',#4418,#4419,#657,.T.);
#3486=EDGE_CURVE('',#4419,#4420,#658,.T.);
#3487=EDGE_CURVE('',#4420,#4421,#659,.T.);
#3488=EDGE_CURVE('',#4421,#4422,#660,.T.);
#3489=EDGE_CURVE('',#4422,#4423,#661,.T.);
#3490=EDGE_CURVE('',#4423,#4424,#662,.T.);
#3491=EDGE_CURVE('',#4424,#4425,#663,.T.);
#3492=EDGE_CURVE('',#4425,#4426,#664,.T.);
#3493=EDGE_CURVE('',#4426,#4427,#665,.T.);
#3494=EDGE_CURVE('',#4427,#4428,#666,.T.);
#3495=EDGE_CURVE('',#4428,#4429,#667,.T.);
#3496=EDGE_CURVE('',#4429,#4430,#668,.T.);
#3497=EDGE_CURVE('',#4430,#4431,#669,.T.);
#3498=EDGE_CURVE('',#4431,#4432,#670,.T.);
#3499=EDGE_CURVE('',#4432,#4433,#671,.T.);
#3500=EDGE_CURVE('',#4433,#4434,#672,.T.);
#3501=EDGE_CURVE('',#4434,#4435,#673,.T.);
#3502=EDGE_CURVE('',#4435,#4436,#674,.T.);
#3503=EDGE_CURVE('',#4436,#4437,#675,.T.);
#3504=EDGE_CURVE('',#4437,#4438,#676,.T.);
#3505=EDGE_CURVE('',#4438,#4439,#677,.T.);
#3506=EDGE_CURVE('',#4439,#4440,#678,.T.);
#3507=EDGE_CURVE('',#4440,#4441,#679,.T.);
#3508=EDGE_CURVE('',#4441,#4442,#680,.T.);
#3509=EDGE_CURVE('',#4442,#4443,#681,.T.);
#3510=EDGE_CURVE('',#4443,#4444,#682,.T.);
#3511=EDGE_CURVE('',#4444,#4445,#683,.T.);
#3512=EDGE_CURVE('',#4445,#4446,#684,.T.);
#3513=EDGE_CURVE('',#4446,#4447,#685,.T.);
#3514=EDGE_CURVE('',#4447,#4448,#686,.T.);
#3515=EDGE_CURVE('',#4448,#4449,#687,.T.);
#3516=EDGE_CURVE('',#4449,#4450,#688,.T.);
#3517=EDGE_CURVE('',#4450,#4451,#689,.T.);
#3518=EDGE_CURVE('',#4451,#4452,#690,.T.);
#3519=EDGE_CURVE('',#4452,#4453,#691,.T.);
#3520=EDGE_CURVE('',#4453,#4454,#692,.T.);
#3521=EDGE_CURVE('',#4454,#4455,#693,.T.);
#3522=EDGE_CURVE('',#4455,#4456,#694,.T.);
#3523=EDGE_CURVE('',#4456,#4457,#695,.T.);
#3524=EDGE_CURVE('',#4457,#4458,#696,.T.);
#3525=EDGE_CURVE('',#4458,#4459,#697,.T.);
#3526=EDGE_CURVE('',#4459,#4460,#698,.T.);
#3527=EDGE_CURVE('',#4460,#4461,#699,.T.);
#3528=EDGE_CURVE('',#4461,#4462,#700,.T.);
#3529=EDGE_CURVE('',#4462,#4463,#701,.T.);
#3530=EDGE_CURVE('',#4463,#4464,#702,.T.);
#3531=EDGE_CURVE('',#4464,#4465,#703,.T.);
#3532=EDGE_CURVE('',#4465,#4466,#704,.T.);
#3533=EDGE_CURVE('',#4466,#4467,#705,.T.);
#3534=EDGE_CURVE('',#4467,#4468,#706,.T.);
#3535=EDGE_CURVE('',#4468,#4469,#707,.T.);
#3536=EDGE_CURVE('',#4469,#4470,#708,.T.);
#3537=EDGE_CURVE('',#4470,#4471,#709,.T.);
#3538=EDGE_CURVE('',#4471,#4472,#710,.T.);
#3539=EDGE_CURVE('',#4472,#4473,#711,.T.);
#3540=EDGE_CURVE('',#4473,#4474,#712,.T.);
#3541=EDGE_CURVE('',#4474,#4475,#713,.T.);
#3542=EDGE_CURVE('',#4475,#4476,#714,.T.);
#3543=EDGE_CURVE('',#4476,#4477,#715,.T.);
#3544=EDGE_CURVE('',#4477,#4478,#716,.T.);
#3545=EDGE_CURVE('',#4478,#4479,#717,.T.);
#3546=EDGE_CURVE('',#4479,#4480,#718,.T.);
#3547=EDGE_CURVE('',#4480,#4481,#719,.T.);
#3548=EDGE_CURVE('',#4481,#4482,#720,.T.);
#3549=EDGE_CURVE('',#4482,#4483,#721,.T.);
#3550=EDGE_CURVE('',#4483,#4484,#722,.T.);
#3551=EDGE_CURVE('',#4484,#4485,#723,.T.);
#3552=EDGE_CURVE('',#4485,#4486,#724,.T.);
#3553=EDGE_CURVE('',#4486,#4487,#725,.T.);
#3554=EDGE_CURVE('',#4487,#4488,#726,.T.);
#3555=EDGE_CURVE('',#4488,#4489,#727,.T.);
#3556=EDGE_CURVE('',#4489,#4490,#728,.T.);
#3557=EDGE_CURVE('',#4490,#4491,#729,.T.);
#3558=EDGE_CURVE('',#4491,#4492,#730,.T.);
#3559=EDGE_CURVE('',#4492,#4493,#731,.T.);
#3560=EDGE_CURVE('',#4493,#4494,#732,.T.);
#3561=EDGE_CURVE('',#4494,#4495,#733,.T.);
#3562=EDGE_CURVE('',#4495,#4496,#734,.T.);
#3563=EDGE_CURVE('',#4496,#4497,#735,.T.);
#3564=EDGE_CURVE('',#4497,#4498,#736,.T.);
#3565=EDGE_CURVE('',#4498,#4499,#737,.T.);
#3566=EDGE_CURVE('',#4499,#4415,#738,.T.);
#3567=EDGE_CURVE('',#4416,#4500,#739,.T.);
#3568=EDGE_CURVE('',#4500,#4501,#740,.T.);
#3569=EDGE_CURVE('',#4501,#4502,#741,.T.);
#3570=EDGE_CURVE('',#4502,#4503,#742,.T.);
#3571=EDGE_CURVE('',#4503,#4504,#743,.T.);
#3572=EDGE_CURVE('',#4504,#4505,#744,.T.);
#3573=EDGE_CURVE('',#4505,#4506,#745,.T.);
#3574=EDGE_CURVE('',#4506,#4507,#746,.T.);
#3575=EDGE_CURVE('',#4507,#4508,#747,.T.);
#3576=EDGE_CURVE('',#4508,#4509,#748,.T.);
#3577=EDGE_CURVE('',#4509,#4417,#749,.T.);
#3578=EDGE_CURVE('',#4500,#4240,#4851,.T.);
#3579=EDGE_CURVE('',#4501,#4239,#4852,.T.);
#3580=EDGE_CURVE('',#4502,#4238,#4853,.T.);
#3581=EDGE_CURVE('',#4503,#4237,#4854,.T.);
#3582=EDGE_CURVE('',#4504,#4236,#4855,.T.);
#3583=EDGE_CURVE('',#4505,#4235,#4856,.T.);
#3584=EDGE_CURVE('',#4506,#4234,#4857,.T.);
#3585=EDGE_CURVE('',#4507,#4233,#4858,.T.);
#3586=EDGE_CURVE('',#4508,#4232,#4859,.T.);
#3587=EDGE_CURVE('',#4509,#4231,#4860,.T.);
#3588=EDGE_CURVE('',#4419,#4225,#4861,.T.);
#3589=EDGE_CURVE('',#4420,#4224,#4862,.T.);
#3590=EDGE_CURVE('',#4421,#4223,#4863,.T.);
#3591=EDGE_CURVE('',#4422,#4222,#4864,.T.);
#3592=EDGE_CURVE('',#4423,#4221,#4865,.T.);
#3593=EDGE_CURVE('',#4424,#4220,#4866,.T.);
#3594=EDGE_CURVE('',#4425,#4219,#4867,.T.);
#3595=EDGE_CURVE('',#4426,#4218,#4868,.T.);
#3596=EDGE_CURVE('',#4427,#4217,#4869,.T.);
#3597=EDGE_CURVE('',#4428,#4216,#4870,.T.);
#3598=EDGE_CURVE('',#4429,#4215,#4871,.T.);
#3599=EDGE_CURVE('',#4430,#4214,#4872,.T.);
#3600=EDGE_CURVE('',#4431,#4213,#4873,.T.);
#3601=EDGE_CURVE('',#4432,#4212,#4874,.T.);
#3602=EDGE_CURVE('',#4433,#4211,#4875,.T.);
#3603=EDGE_CURVE('',#4434,#4210,#4876,.T.);
#3604=EDGE_CURVE('',#4435,#4209,#4877,.T.);
#3605=EDGE_CURVE('',#4436,#4208,#4878,.T.);
#3606=EDGE_CURVE('',#4437,#4207,#4879,.T.);
#3607=EDGE_CURVE('',#4438,#4206,#4880,.T.);
#3608=EDGE_CURVE('',#4439,#4205,#4881,.T.);
#3609=EDGE_CURVE('',#4440,#4204,#4882,.T.);
#3610=EDGE_CURVE('',#4441,#4203,#4883,.T.);
#3611=EDGE_CURVE('',#4442,#4202,#4884,.T.);
#3612=EDGE_CURVE('',#4443,#4201,#4885,.T.);
#3613=EDGE_CURVE('',#4444,#4200,#4886,.T.);
#3614=EDGE_CURVE('',#4445,#4199,#4887,.T.);
#3615=EDGE_CURVE('',#4446,#4198,#4888,.T.);
#3616=EDGE_CURVE('',#4447,#4197,#4889,.T.);
#3617=EDGE_CURVE('',#4448,#4196,#4890,.T.);
#3618=EDGE_CURVE('',#4449,#4195,#4891,.T.);
#3619=EDGE_CURVE('',#4450,#4194,#4892,.T.);
#3620=EDGE_CURVE('',#4451,#4193,#4893,.T.);
#3621=EDGE_CURVE('',#4452,#4192,#4894,.T.);
#3622=EDGE_CURVE('',#4453,#4191,#4895,.T.);
#3623=EDGE_CURVE('',#4454,#4190,#4896,.T.);
#3624=EDGE_CURVE('',#4455,#4189,#4897,.T.);
#3625=EDGE_CURVE('',#4456,#4188,#4898,.T.);
#3626=EDGE_CURVE('',#4457,#4187,#4899,.T.);
#3627=EDGE_CURVE('',#4458,#4186,#4900,.T.);
#3628=EDGE_CURVE('',#4459,#4185,#4901,.T.);
#3629=EDGE_CURVE('',#4460,#4184,#4902,.T.);
#3630=EDGE_CURVE('',#4461,#4183,#4903,.T.);
#3631=EDGE_CURVE('',#4462,#4182,#4904,.T.);
#3632=EDGE_CURVE('',#4463,#4181,#4905,.T.);
#3633=EDGE_CURVE('',#4464,#4180,#4906,.T.);
#3634=EDGE_CURVE('',#4465,#4179,#4907,.T.);
#3635=EDGE_CURVE('',#4466,#4178,#4908,.T.);
#3636=EDGE_CURVE('',#4467,#4177,#4909,.T.);
#3637=EDGE_CURVE('',#4468,#4176,#4910,.T.);
#3638=EDGE_CURVE('',#4469,#4175,#4911,.T.);
#3639=EDGE_CURVE('',#4470,#4174,#4912,.T.);
#3640=EDGE_CURVE('',#4471,#4173,#4913,.T.);
#3641=EDGE_CURVE('',#4472,#4172,#4914,.T.);
#3642=EDGE_CURVE('',#4473,#4171,#4915,.T.);
#3643=EDGE_CURVE('',#4474,#4170,#4916,.T.);
#3644=EDGE_CURVE('',#4475,#4169,#4917,.T.);
#3645=EDGE_CURVE('',#4476,#4168,#4918,.T.);
#3646=EDGE_CURVE('',#4477,#4167,#4919,.T.);
#3647=EDGE_CURVE('',#4478,#4166,#4920,.T.);
#3648=EDGE_CURVE('',#4479,#4165,#4921,.T.);
#3649=EDGE_CURVE('',#4480,#4164,#4922,.T.);
#3650=EDGE_CURVE('',#4481,#4163,#4923,.T.);
#3651=EDGE_CURVE('',#4482,#4162,#4924,.T.);
#3652=EDGE_CURVE('',#4483,#4161,#4925,.T.);
#3653=EDGE_CURVE('',#4484,#4160,#4926,.T.);
#3654=EDGE_CURVE('',#4485,#4159,#4927,.T.);
#3655=EDGE_CURVE('',#4486,#4158,#4928,.T.);
#3656=EDGE_CURVE('',#4487,#4157,#4929,.T.);
#3657=EDGE_CURVE('',#4488,#4156,#4930,.T.);
#3658=EDGE_CURVE('',#4489,#4155,#4931,.T.);
#3659=EDGE_CURVE('',#4490,#4154,#4932,.T.);
#3660=EDGE_CURVE('',#4491,#4153,#4933,.T.);
#3661=EDGE_CURVE('',#4492,#4152,#4934,.T.);
#3662=EDGE_CURVE('',#4493,#4151,#4935,.T.);
#3663=EDGE_CURVE('',#4494,#4150,#4936,.T.);
#3664=EDGE_CURVE('',#4495,#4149,#4937,.T.);
#3665=EDGE_CURVE('',#4496,#4148,#4938,.T.);
#3666=EDGE_CURVE('',#4497,#4147,#4939,.T.);
#3667=EDGE_CURVE('',#4498,#4146,#4940,.T.);
#3668=EDGE_CURVE('',#4499,#4145,#4941,.T.);
#3669=EDGE_CURVE('',#4510,#4365,#750,.T.);
#3670=EDGE_CURVE('',#4510,#4244,#4942,.T.);
#3671=EDGE_CURVE('',#4053,#4243,#4943,.T.);
#3672=EDGE_CURVE('',#4364,#4511,#751,.T.);
#3673=EDGE_CURVE('',#4511,#4512,#752,.T.);
#3674=EDGE_CURVE('',#4512,#4513,#753,.T.);
#3675=EDGE_CURVE('',#4513,#4514,#754,.T.);
#3676=EDGE_CURVE('',#4514,#4515,#755,.T.);
#3677=EDGE_CURVE('',#4515,#4516,#756,.T.);
#3678=EDGE_CURVE('',#4516,#4517,#757,.T.);
#3679=EDGE_CURVE('',#4517,#4518,#758,.T.);
#3680=EDGE_CURVE('',#4518,#4519,#759,.T.);
#3681=EDGE_CURVE('',#4519,#4520,#760,.T.);
#3682=EDGE_CURVE('',#4520,#4521,#761,.T.);
#3683=EDGE_CURVE('',#4521,#4522,#762,.T.);
#3684=EDGE_CURVE('',#4522,#4523,#763,.T.);
#3685=EDGE_CURVE('',#4523,#4524,#764,.T.);
#3686=EDGE_CURVE('',#4524,#4525,#765,.T.);
#3687=EDGE_CURVE('',#4525,#4526,#766,.T.);
#3688=EDGE_CURVE('',#4526,#4527,#767,.T.);
#3689=EDGE_CURVE('',#4527,#4528,#768,.T.);
#3690=EDGE_CURVE('',#4528,#4529,#769,.T.);
#3691=EDGE_CURVE('',#4529,#4530,#770,.T.);
#3692=EDGE_CURVE('',#4530,#4531,#771,.T.);
#3693=EDGE_CURVE('',#4531,#4532,#772,.T.);
#3694=EDGE_CURVE('',#4532,#4510,#773,.T.);
#3695=EDGE_CURVE('',#4511,#4108,#4944,.T.);
#3696=EDGE_CURVE('',#4512,#4265,#4945,.T.);
#3697=EDGE_CURVE('',#4513,#4264,#4946,.T.);
#3698=EDGE_CURVE('',#4514,#4263,#4947,.T.);
#3699=EDGE_CURVE('',#4515,#4262,#4948,.T.);
#3700=EDGE_CURVE('',#4516,#4261,#4949,.T.);
#3701=EDGE_CURVE('',#4517,#4260,#4950,.T.);
#3702=EDGE_CURVE('',#4518,#4259,#4951,.T.);
#3703=EDGE_CURVE('',#4519,#4258,#4952,.T.);
#3704=EDGE_CURVE('',#4520,#4257,#4953,.T.);
#3705=EDGE_CURVE('',#4521,#4256,#4954,.T.);
#3706=EDGE_CURVE('',#4522,#4255,#4955,.T.);
#3707=EDGE_CURVE('',#4523,#4254,#4956,.T.);
#3708=EDGE_CURVE('',#4524,#4253,#4957,.T.);
#3709=EDGE_CURVE('',#4525,#4252,#4958,.T.);
#3710=EDGE_CURVE('',#4526,#4251,#4959,.T.);
#3711=EDGE_CURVE('',#4527,#4250,#4960,.T.);
#3712=EDGE_CURVE('',#4528,#4249,#4961,.T.);
#3713=EDGE_CURVE('',#4529,#4248,#4962,.T.);
#3714=EDGE_CURVE('',#4530,#4247,#4963,.T.);
#3715=EDGE_CURVE('',#4531,#4246,#4964,.T.);
#3716=EDGE_CURVE('',#4532,#4245,#4965,.T.);
#3717=EDGE_CURVE('',#4533,#4267,#4966,.T.);
#3718=EDGE_CURVE('',#4534,#4533,#774,.T.);
#3719=EDGE_CURVE('',#4534,#4266,#4967,.T.);
#3720=EDGE_CURVE('',#4535,#4363,#4968,.T.);
#3721=EDGE_CURVE('',#4533,#4535,#775,.T.);
#3722=EDGE_CURVE('',#4536,#4362,#4969,.T.);
#3723=EDGE_CURVE('',#4535,#4536,#776,.T.);
#3724=EDGE_CURVE('',#4537,#4361,#4970,.T.);
#3725=EDGE_CURVE('',#4536,#4537,#777,.T.);
#3726=EDGE_CURVE('',#4538,#4360,#4971,.T.);
#3727=EDGE_CURVE('',#4537,#4538,#778,.T.);
#3728=EDGE_CURVE('',#4539,#4359,#4972,.T.);
#3729=EDGE_CURVE('',#4538,#4539,#779,.T.);
#3730=EDGE_CURVE('',#4540,#4358,#4973,.T.);
#3731=EDGE_CURVE('',#4539,#4540,#780,.T.);
#3732=EDGE_CURVE('',#4541,#4357,#4974,.T.);
#3733=EDGE_CURVE('',#4540,#4541,#781,.T.);
#3734=EDGE_CURVE('',#4542,#4356,#4975,.T.);
#3735=EDGE_CURVE('',#4541,#4542,#782,.T.);
#3736=EDGE_CURVE('',#4543,#4355,#4976,.T.);
#3737=EDGE_CURVE('',#4542,#4543,#783,.T.);
#3738=EDGE_CURVE('',#4544,#4354,#4977,.T.);
#3739=EDGE_CURVE('',#4543,#4544,#784,.T.);
#3740=EDGE_CURVE('',#4545,#4353,#4978,.T.);
#3741=EDGE_CURVE('',#4544,#4545,#785,.T.);
#3742=EDGE_CURVE('',#4546,#4352,#4979,.T.);
#3743=EDGE_CURVE('',#4545,#4546,#786,.T.);
#3744=EDGE_CURVE('',#4547,#4351,#4980,.T.);
#3745=EDGE_CURVE('',#4546,#4547,#787,.T.);
#3746=EDGE_CURVE('',#4548,#4350,#4981,.T.);
#3747=EDGE_CURVE('',#4547,#4548,#788,.T.);
#3748=EDGE_CURVE('',#4549,#4349,#4982,.T.);
#3749=EDGE_CURVE('',#4548,#4549,#789,.T.);
#3750=EDGE_CURVE('',#4550,#4348,#4983,.T.);
#3751=EDGE_CURVE('',#4549,#4550,#790,.T.);
#3752=EDGE_CURVE('',#4551,#4347,#4984,.T.);
#3753=EDGE_CURVE('',#4550,#4551,#791,.T.);
#3754=EDGE_CURVE('',#4552,#4346,#4985,.T.);
#3755=EDGE_CURVE('',#4551,#4552,#792,.T.);
#3756=EDGE_CURVE('',#4553,#4345,#4986,.T.);
#3757=EDGE_CURVE('',#4552,#4553,#793,.T.);
#3758=EDGE_CURVE('',#4554,#4344,#4987,.T.);
#3759=EDGE_CURVE('',#4553,#4554,#794,.T.);
#3760=EDGE_CURVE('',#4555,#4343,#4988,.T.);
#3761=EDGE_CURVE('',#4554,#4555,#795,.T.);
#3762=EDGE_CURVE('',#4556,#4342,#4989,.T.);
#3763=EDGE_CURVE('',#4555,#4556,#796,.T.);
#3764=EDGE_CURVE('',#4557,#4341,#4990,.T.);
#3765=EDGE_CURVE('',#4556,#4557,#797,.T.);
#3766=EDGE_CURVE('',#4558,#4340,#4991,.T.);
#3767=EDGE_CURVE('',#4557,#4558,#798,.T.);
#3768=EDGE_CURVE('',#4559,#4339,#4992,.T.);
#3769=EDGE_CURVE('',#4558,#4559,#799,.T.);
#3770=EDGE_CURVE('',#4560,#4338,#4993,.T.);
#3771=EDGE_CURVE('',#4559,#4560,#800,.T.);
#3772=EDGE_CURVE('',#4561,#4337,#4994,.T.);
#3773=EDGE_CURVE('',#4560,#4561,#801,.T.);
#3774=EDGE_CURVE('',#4562,#4336,#4995,.T.);
#3775=EDGE_CURVE('',#4561,#4562,#802,.T.);
#3776=EDGE_CURVE('',#4563,#4335,#4996,.T.);
#3777=EDGE_CURVE('',#4562,#4563,#803,.T.);
#3778=EDGE_CURVE('',#4564,#4334,#4997,.T.);
#3779=EDGE_CURVE('',#4563,#4564,#804,.T.);
#3780=EDGE_CURVE('',#4565,#4333,#4998,.T.);
#3781=EDGE_CURVE('',#4564,#4565,#805,.T.);
#3782=EDGE_CURVE('',#4566,#4332,#4999,.T.);
#3783=EDGE_CURVE('',#4565,#4566,#806,.T.);
#3784=EDGE_CURVE('',#4567,#4331,#5000,.T.);
#3785=EDGE_CURVE('',#4566,#4567,#807,.T.);
#3786=EDGE_CURVE('',#4568,#4330,#5001,.T.);
#3787=EDGE_CURVE('',#4567,#4568,#808,.T.);
#3788=EDGE_CURVE('',#4569,#4329,#5002,.T.);
#3789=EDGE_CURVE('',#4568,#4569,#809,.T.);
#3790=EDGE_CURVE('',#4570,#4328,#5003,.T.);
#3791=EDGE_CURVE('',#4569,#4570,#810,.T.);
#3792=EDGE_CURVE('',#4571,#4327,#5004,.T.);
#3793=EDGE_CURVE('',#4570,#4571,#811,.T.);
#3794=EDGE_CURVE('',#4572,#4326,#5005,.T.);
#3795=EDGE_CURVE('',#4571,#4572,#812,.T.);
#3796=EDGE_CURVE('',#4573,#4325,#5006,.T.);
#3797=EDGE_CURVE('',#4572,#4573,#813,.T.);
#3798=EDGE_CURVE('',#4574,#4324,#5007,.T.);
#3799=EDGE_CURVE('',#4573,#4574,#814,.T.);
#3800=EDGE_CURVE('',#4575,#4323,#5008,.T.);
#3801=EDGE_CURVE('',#4574,#4575,#815,.T.);
#3802=EDGE_CURVE('',#4576,#4322,#5009,.T.);
#3803=EDGE_CURVE('',#4575,#4576,#816,.T.);
#3804=EDGE_CURVE('',#4577,#4321,#5010,.T.);
#3805=EDGE_CURVE('',#4576,#4577,#817,.T.);
#3806=EDGE_CURVE('',#4578,#4320,#5011,.T.);
#3807=EDGE_CURVE('',#4577,#4578,#818,.T.);
#3808=EDGE_CURVE('',#4579,#4319,#5012,.T.);
#3809=EDGE_CURVE('',#4578,#4579,#5013,.T.);
#3810=EDGE_CURVE('',#4580,#4318,#5014,.T.);
#3811=EDGE_CURVE('',#4579,#4580,#5015,.T.);
#3812=EDGE_CURVE('',#4581,#4317,#5016,.T.);
#3813=EDGE_CURVE('',#4580,#4581,#819,.T.);
#3814=EDGE_CURVE('',#4582,#4316,#5017,.T.);
#3815=EDGE_CURVE('',#4581,#4582,#820,.T.);
#3816=EDGE_CURVE('',#4583,#4315,#5018,.T.);
#3817=EDGE_CURVE('',#4582,#4583,#821,.T.);
#3818=EDGE_CURVE('',#4584,#4314,#5019,.T.);
#3819=EDGE_CURVE('',#4583,#4584,#822,.T.);
#3820=EDGE_CURVE('',#4585,#4313,#5020,.T.);
#3821=EDGE_CURVE('',#4584,#4585,#823,.T.);
#3822=EDGE_CURVE('',#4586,#4312,#5021,.T.);
#3823=EDGE_CURVE('',#4585,#4586,#824,.T.);
#3824=EDGE_CURVE('',#4587,#4311,#5022,.T.);
#3825=EDGE_CURVE('',#4586,#4587,#825,.T.);
#3826=EDGE_CURVE('',#4588,#4310,#5023,.T.);
#3827=EDGE_CURVE('',#4587,#4588,#826,.T.);
#3828=EDGE_CURVE('',#4589,#4309,#5024,.T.);
#3829=EDGE_CURVE('',#4588,#4589,#827,.T.);
#3830=EDGE_CURVE('',#4590,#4308,#5025,.T.);
#3831=EDGE_CURVE('',#4589,#4590,#828,.T.);
#3832=EDGE_CURVE('',#4591,#4307,#5026,.T.);
#3833=EDGE_CURVE('',#4590,#4591,#829,.T.);
#3834=EDGE_CURVE('',#4592,#4306,#5027,.T.);
#3835=EDGE_CURVE('',#4591,#4592,#830,.T.);
#3836=EDGE_CURVE('',#4593,#4305,#5028,.T.);
#3837=EDGE_CURVE('',#4592,#4593,#831,.T.);
#3838=EDGE_CURVE('',#4594,#4304,#5029,.T.);
#3839=EDGE_CURVE('',#4593,#4594,#832,.T.);
#3840=EDGE_CURVE('',#4595,#4303,#5030,.T.);
#3841=EDGE_CURVE('',#4594,#4595,#833,.T.);
#3842=EDGE_CURVE('',#4596,#4302,#5031,.T.);
#3843=EDGE_CURVE('',#4595,#4596,#834,.T.);
#3844=EDGE_CURVE('',#4597,#4301,#5032,.T.);
#3845=EDGE_CURVE('',#4596,#4597,#835,.T.);
#3846=EDGE_CURVE('',#4598,#4300,#5033,.T.);
#3847=EDGE_CURVE('',#4597,#4598,#836,.T.);
#3848=EDGE_CURVE('',#4599,#4299,#5034,.T.);
#3849=EDGE_CURVE('',#4598,#4599,#837,.T.);
#3850=EDGE_CURVE('',#4600,#4298,#5035,.T.);
#3851=EDGE_CURVE('',#4599,#4600,#838,.T.);
#3852=EDGE_CURVE('',#4601,#4297,#5036,.T.);
#3853=EDGE_CURVE('',#4600,#4601,#839,.T.);
#3854=EDGE_CURVE('',#4602,#4296,#5037,.T.);
#3855=EDGE_CURVE('',#4601,#4602,#840,.T.);
#3856=EDGE_CURVE('',#4603,#4295,#5038,.T.);
#3857=EDGE_CURVE('',#4602,#4603,#841,.T.);
#3858=EDGE_CURVE('',#4604,#4294,#5039,.T.);
#3859=EDGE_CURVE('',#4603,#4604,#842,.T.);
#3860=EDGE_CURVE('',#4605,#4293,#5040,.T.);
#3861=EDGE_CURVE('',#4604,#4605,#843,.T.);
#3862=EDGE_CURVE('',#4606,#4292,#5041,.T.);
#3863=EDGE_CURVE('',#4605,#4606,#844,.T.);
#3864=EDGE_CURVE('',#4607,#4291,#5042,.T.);
#3865=EDGE_CURVE('',#4606,#4607,#845,.T.);
#3866=EDGE_CURVE('',#4608,#4290,#5043,.T.);
#3867=EDGE_CURVE('',#4607,#4608,#846,.T.);
#3868=EDGE_CURVE('',#4609,#4289,#5044,.T.);
#3869=EDGE_CURVE('',#4608,#4609,#847,.T.);
#3870=EDGE_CURVE('',#4610,#4288,#5045,.T.);
#3871=EDGE_CURVE('',#4609,#4610,#848,.T.);
#3872=EDGE_CURVE('',#4611,#4287,#5046,.T.);
#3873=EDGE_CURVE('',#4610,#4611,#849,.T.);
#3874=EDGE_CURVE('',#4612,#4286,#5047,.T.);
#3875=EDGE_CURVE('',#4611,#4612,#850,.T.);
#3876=EDGE_CURVE('',#4613,#4285,#5048,.T.);
#3877=EDGE_CURVE('',#4612,#4613,#851,.T.);
#3878=EDGE_CURVE('',#4614,#4284,#5049,.T.);
#3879=EDGE_CURVE('',#4613,#4614,#852,.T.);
#3880=EDGE_CURVE('',#4615,#4283,#5050,.T.);
#3881=EDGE_CURVE('',#4614,#4615,#853,.T.);
#3882=EDGE_CURVE('',#4616,#4282,#5051,.T.);
#3883=EDGE_CURVE('',#4615,#4616,#854,.T.);
#3884=EDGE_CURVE('',#4617,#4281,#5052,.T.);
#3885=EDGE_CURVE('',#4616,#4617,#855,.T.);
#3886=EDGE_CURVE('',#4618,#4280,#5053,.T.);
#3887=EDGE_CURVE('',#4617,#4618,#856,.T.);
#3888=EDGE_CURVE('',#4619,#4279,#5054,.T.);
#3889=EDGE_CURVE('',#4618,#4619,#857,.T.);
#3890=EDGE_CURVE('',#4620,#4278,#5055,.T.);
#3891=EDGE_CURVE('',#4619,#4620,#858,.T.);
#3892=EDGE_CURVE('',#4621,#4277,#5056,.T.);
#3893=EDGE_CURVE('',#4620,#4621,#859,.T.);
#3894=EDGE_CURVE('',#4622,#4276,#5057,.T.);
#3895=EDGE_CURVE('',#4621,#4622,#860,.T.);
#3896=EDGE_CURVE('',#4623,#4275,#5058,.T.);
#3897=EDGE_CURVE('',#4622,#4623,#861,.T.);
#3898=EDGE_CURVE('',#4624,#4274,#5059,.T.);
#3899=EDGE_CURVE('',#4623,#4624,#862,.T.);
#3900=EDGE_CURVE('',#4625,#4273,#5060,.T.);
#3901=EDGE_CURVE('',#4624,#4625,#863,.T.);
#3902=EDGE_CURVE('',#4626,#4272,#5061,.T.);
#3903=EDGE_CURVE('',#4625,#4626,#864,.T.);
#3904=EDGE_CURVE('',#4627,#4271,#5062,.T.);
#3905=EDGE_CURVE('',#4626,#4627,#865,.T.);
#3906=EDGE_CURVE('',#4628,#4270,#5063,.T.);
#3907=EDGE_CURVE('',#4627,#4628,#866,.T.);
#3908=EDGE_CURVE('',#4629,#4269,#5064,.T.);
#3909=EDGE_CURVE('',#4628,#4629,#867,.T.);
#3910=EDGE_CURVE('',#4630,#4268,#5065,.T.);
#3911=EDGE_CURVE('',#4629,#4630,#868,.T.);
#3912=EDGE_CURVE('',#4631,#4632,#869,.T.);
#3913=EDGE_CURVE('',#4633,#4631,#5066,.T.);
#3914=EDGE_CURVE('',#4633,#4634,#870,.T.);
#3915=EDGE_CURVE('',#4634,#4632,#5067,.T.);
#3916=EDGE_CURVE('',#4635,#4631,#5068,.T.);
#3917=EDGE_CURVE('',#4636,#4635,#5069,.T.);
#3918=EDGE_CURVE('',#4636,#4633,#5070,.T.);
#3919=EDGE_CURVE('',#4637,#4635,#5071,.T.);
#3920=EDGE_CURVE('',#4638,#4637,#5072,.T.);
#3921=EDGE_CURVE('',#4638,#4636,#5073,.T.);
#3922=EDGE_CURVE('',#4639,#4637,#871,.T.);
#3923=EDGE_CURVE('',#4640,#4639,#5074,.T.);
#3924=EDGE_CURVE('',#4640,#4638,#872,.T.);
#3925=EDGE_CURVE('',#4641,#4639,#873,.T.);
#3926=EDGE_CURVE('',#4642,#4641,#5075,.T.);
#3927=EDGE_CURVE('',#4642,#4640,#874,.T.);
#3928=EDGE_CURVE('',#4643,#4641,#875,.T.);
#3929=EDGE_CURVE('',#4644,#4643,#5076,.T.);
#3930=EDGE_CURVE('',#4644,#4642,#876,.T.);
#3931=EDGE_CURVE('',#4645,#4643,#877,.T.);
#3932=EDGE_CURVE('',#4646,#4645,#5077,.T.);
#3933=EDGE_CURVE('',#4646,#4644,#878,.T.);
#3934=EDGE_CURVE('',#4647,#4645,#879,.T.);
#3935=EDGE_CURVE('',#4648,#4647,#5078,.T.);
#3936=EDGE_CURVE('',#4648,#4646,#880,.T.);
#3937=EDGE_CURVE('',#4649,#4647,#881,.T.);
#3938=EDGE_CURVE('',#4650,#4649,#5079,.T.);
#3939=EDGE_CURVE('',#4650,#4648,#882,.T.);
#3940=EDGE_CURVE('',#4651,#4649,#883,.T.);
#3941=EDGE_CURVE('',#4652,#4651,#5080,.T.);
#3942=EDGE_CURVE('',#4652,#4650,#884,.T.);
#3943=EDGE_CURVE('',#4653,#4651,#885,.T.);
#3944=EDGE_CURVE('',#4654,#4653,#5081,.T.);
#3945=EDGE_CURVE('',#4654,#4652,#886,.T.);
#3946=EDGE_CURVE('',#4655,#4653,#887,.T.);
#3947=EDGE_CURVE('',#4656,#4655,#5082,.T.);
#3948=EDGE_CURVE('',#4656,#4654,#888,.T.);
#3949=EDGE_CURVE('',#4657,#4655,#889,.T.);
#3950=EDGE_CURVE('',#4658,#4657,#5083,.T.);
#3951=EDGE_CURVE('',#4658,#4656,#890,.T.);
#3952=EDGE_CURVE('',#4659,#4657,#891,.T.);
#3953=EDGE_CURVE('',#4660,#4659,#5084,.T.);
#3954=EDGE_CURVE('',#4660,#4658,#892,.T.);
#3955=EDGE_CURVE('',#4661,#4659,#893,.T.);
#3956=EDGE_CURVE('',#4662,#4661,#5085,.T.);
#3957=EDGE_CURVE('',#4662,#4660,#894,.T.);
#3958=EDGE_CURVE('',#4663,#4661,#895,.T.);
#3959=EDGE_CURVE('',#4664,#4663,#5086,.T.);
#3960=EDGE_CURVE('',#4664,#4662,#896,.T.);
#3961=EDGE_CURVE('',#4665,#4663,#897,.T.);
#3962=EDGE_CURVE('',#4666,#4665,#5087,.T.);
#3963=EDGE_CURVE('',#4666,#4664,#898,.T.);
#3964=EDGE_CURVE('',#4667,#4665,#899,.T.);
#3965=EDGE_CURVE('',#4668,#4667,#5088,.T.);
#3966=EDGE_CURVE('',#4668,#4666,#900,.T.);
#3967=EDGE_CURVE('',#4669,#4667,#901,.T.);
#3968=EDGE_CURVE('',#4670,#4669,#5089,.T.);
#3969=EDGE_CURVE('',#4670,#4668,#902,.T.);
#3970=EDGE_CURVE('',#4671,#4669,#903,.T.);
#3971=EDGE_CURVE('',#4672,#4671,#5090,.T.);
#3972=EDGE_CURVE('',#4672,#4670,#904,.T.);
#3973=EDGE_CURVE('',#4673,#4671,#905,.T.);
#3974=EDGE_CURVE('',#4674,#4673,#5091,.T.);
#3975=EDGE_CURVE('',#4674,#4672,#906,.T.);
#3976=EDGE_CURVE('',#4632,#4673,#907,.T.);
#3977=EDGE_CURVE('',#4634,#4674,#908,.T.);
#3978=EDGE_CURVE('',#4630,#4534,#909,.T.);
#3979=EDGE_CURVE('',#4675,#3999,#5092,.T.);
#3980=EDGE_CURVE('',#4675,#4676,#5093,.T.);
#3981=EDGE_CURVE('',#4677,#4676,#5094,.T.);
#3982=EDGE_CURVE('',#4678,#4677,#5095,.T.);
#3983=EDGE_CURVE('',#4678,#4021,#5096,.T.);
#3984=EDGE_CURVE('',#4046,#4678,#5097,.T.);
#3985=EDGE_CURVE('',#4675,#4049,#5098,.T.);
#3986=EDGE_CURVE('',#4679,#4019,#5099,.T.);
#3987=EDGE_CURVE('',#4679,#4680,#5100,.T.);
#3988=EDGE_CURVE('',#4680,#4681,#5101,.T.);
#3989=EDGE_CURVE('',#4682,#4681,#5102,.T.);
#3990=EDGE_CURVE('',#4682,#3997,#5103,.T.);
#3991=EDGE_CURVE('',#4679,#4038,#5104,.T.);
#3992=EDGE_CURVE('',#4682,#4035,#5105,.T.);
#3993=EDGE_CURVE('',#4681,#4036,#5106,.T.);
#3994=EDGE_CURVE('',#4680,#4037,#5107,.T.);
#3995=EDGE_CURVE('',#4048,#4676,#5108,.T.);
#3996=EDGE_CURVE('',#4047,#4677,#5109,.T.);
#3997=VERTEX_POINT('',#9938);
#3998=VERTEX_POINT('',#9939);
#3999=VERTEX_POINT('',#9941);
#4000=VERTEX_POINT('',#9943);
#4001=VERTEX_POINT('',#9947);
#4002=VERTEX_POINT('',#9948);
#4003=VERTEX_POINT('',#9950);
#4004=VERTEX_POINT('',#9952);
#4005=VERTEX_POINT('',#9954);
#4006=VERTEX_POINT('',#9956);
#4007=VERTEX_POINT('',#9960);
#4008=VERTEX_POINT('',#9962);
#4009=VERTEX_POINT('',#9966);
#4010=VERTEX_POINT('',#9967);
#4011=VERTEX_POINT('',#9970);
#4012=VERTEX_POINT('',#9972);
#4013=VERTEX_POINT('',#9974);
#4014=VERTEX_POINT('',#9976);
#4015=VERTEX_POINT('',#9978);
#4016=VERTEX_POINT('',#9980);
#4017=VERTEX_POINT('',#9982);
#4018=VERTEX_POINT('',#9984);
#4019=VERTEX_POINT('',#9988);
#4020=VERTEX_POINT('',#9989);
#4021=VERTEX_POINT('',#9992);
#4022=VERTEX_POINT('',#9995);
#4023=VERTEX_POINT('',#9997);
#4024=VERTEX_POINT('',#9999);
#4025=VERTEX_POINT('',#10001);
#4026=VERTEX_POINT('',#10003);
#4027=VERTEX_POINT('',#10007);
#4028=VERTEX_POINT('',#10008);
#4029=VERTEX_POINT('',#10010);
#4030=VERTEX_POINT('',#10012);
#4031=VERTEX_POINT('',#10016);
#4032=VERTEX_POINT('',#10017);
#4033=VERTEX_POINT('',#10019);
#4034=VERTEX_POINT('',#10021);
#4035=VERTEX_POINT('',#10023);
#4036=VERTEX_POINT('',#10025);
#4037=VERTEX_POINT('',#10027);
#4038=VERTEX_POINT('',#10029);
#4039=VERTEX_POINT('',#10031);
#4040=VERTEX_POINT('',#10035);
#4041=VERTEX_POINT('',#10036);
#4042=VERTEX_POINT('',#10038);
#4043=VERTEX_POINT('',#10040);
#4044=VERTEX_POINT('',#10044);
#4045=VERTEX_POINT('',#10045);
#4046=VERTEX_POINT('',#10048);
#4047=VERTEX_POINT('',#10050);
#4048=VERTEX_POINT('',#10052);
#4049=VERTEX_POINT('',#10054);
#4050=VERTEX_POINT('',#10056);
#4051=VERTEX_POINT('',#10060);
#4052=VERTEX_POINT('',#10061);
#4053=VERTEX_POINT('',#10063);
#4054=VERTEX_POINT('',#10066);
#4055=VERTEX_POINT('',#10070);
#4056=VERTEX_POINT('',#10072);
#4057=VERTEX_POINT('',#10073);
#4058=VERTEX_POINT('',#10075);
#4059=VERTEX_POINT('',#10077);
#4060=VERTEX_POINT('',#10079);
#4061=VERTEX_POINT('',#10081);
#4062=VERTEX_POINT('',#10083);
#4063=VERTEX_POINT('',#10085);
#4064=VERTEX_POINT('',#10088);
#4065=VERTEX_POINT('',#10090);
#4066=VERTEX_POINT('',#10092);
#4067=VERTEX_POINT('',#10094);
#4068=VERTEX_POINT('',#10096);
#4069=VERTEX_POINT('',#10098);
#4070=VERTEX_POINT('',#10100);
#4071=VERTEX_POINT('',#10102);
#4072=VERTEX_POINT('',#10106);
#4073=VERTEX_POINT('',#10108);
#4074=VERTEX_POINT('',#10110);
#4075=VERTEX_POINT('',#10114);
#4076=VERTEX_POINT('',#10115);
#4077=VERTEX_POINT('',#10117);
#4078=VERTEX_POINT('',#10119);
#4079=VERTEX_POINT('',#10121);
#4080=VERTEX_POINT('',#10125);
#4081=VERTEX_POINT('',#10126);
#4082=VERTEX_POINT('',#10129);
#4083=VERTEX_POINT('',#10131);
#4084=VERTEX_POINT('',#10133);
#4085=VERTEX_POINT('',#10135);
#4086=VERTEX_POINT('',#10137);
#4087=VERTEX_POINT('',#10139);
#4088=VERTEX_POINT('',#10141);
#4089=VERTEX_POINT('',#10143);
#4090=VERTEX_POINT('',#10145);
#4091=VERTEX_POINT('',#10147);
#4092=VERTEX_POINT('',#10149);
#4093=VERTEX_POINT('',#10151);
#4094=VERTEX_POINT('',#10153);
#4095=VERTEX_POINT('',#10155);
#4096=VERTEX_POINT('',#10157);
#4097=VERTEX_POINT('',#10161);
#4098=VERTEX_POINT('',#10162);
#4099=VERTEX_POINT('',#10167);
#4100=VERTEX_POINT('',#10171);
#4101=VERTEX_POINT('',#10175);
#4102=VERTEX_POINT('',#10179);
#4103=VERTEX_POINT('',#10183);
#4104=VERTEX_POINT('',#10191);
#4105=VERTEX_POINT('',#10195);
#4106=VERTEX_POINT('',#10198);
#4107=VERTEX_POINT('',#10201);
#4108=VERTEX_POINT('',#10205);
#4109=VERTEX_POINT('',#10207);
#4110=VERTEX_POINT('',#10209);
#4111=VERTEX_POINT('',#10211);
#4112=VERTEX_POINT('',#10213);
#4113=VERTEX_POINT('',#10215);
#4114=VERTEX_POINT('',#10217);
#4115=VERTEX_POINT('',#10219);
#4116=VERTEX_POINT('',#10221);
#4117=VERTEX_POINT('',#10223);
#4118=VERTEX_POINT('',#10225);
#4119=VERTEX_POINT('',#10227);
#4120=VERTEX_POINT('',#10229);
#4121=VERTEX_POINT('',#10231);
#4122=VERTEX_POINT('',#10233);
#4123=VERTEX_POINT('',#10235);
#4124=VERTEX_POINT('',#10237);
#4125=VERTEX_POINT('',#10239);
#4126=VERTEX_POINT('',#10241);
#4127=VERTEX_POINT('',#10243);
#4128=VERTEX_POINT('',#10245);
#4129=VERTEX_POINT('',#10247);
#4130=VERTEX_POINT('',#10249);
#4131=VERTEX_POINT('',#10251);
#4132=VERTEX_POINT('',#10253);
#4133=VERTEX_POINT('',#10255);
#4134=VERTEX_POINT('',#10257);
#4135=VERTEX_POINT('',#10259);
#4136=VERTEX_POINT('',#10261);
#4137=VERTEX_POINT('',#10263);
#4138=VERTEX_POINT('',#10265);
#4139=VERTEX_POINT('',#10267);
#4140=VERTEX_POINT('',#10269);
#4141=VERTEX_POINT('',#10271);
#4142=VERTEX_POINT('',#10273);
#4143=VERTEX_POINT('',#10276);
#4144=VERTEX_POINT('',#10278);
#4145=VERTEX_POINT('',#10280);
#4146=VERTEX_POINT('',#10282);
#4147=VERTEX_POINT('',#10284);
#4148=VERTEX_POINT('',#10286);
#4149=VERTEX_POINT('',#10288);
#4150=VERTEX_POINT('',#10290);
#4151=VERTEX_POINT('',#10292);
#4152=VERTEX_POINT('',#10294);
#4153=VERTEX_POINT('',#10296);
#4154=VERTEX_POINT('',#10298);
#4155=VERTEX_POINT('',#10300);
#4156=VERTEX_POINT('',#10302);
#4157=VERTEX_POINT('',#10304);
#4158=VERTEX_POINT('',#10306);
#4159=VERTEX_POINT('',#10308);
#4160=VERTEX_POINT('',#10310);
#4161=VERTEX_POINT('',#10312);
#4162=VERTEX_POINT('',#10314);
#4163=VERTEX_POINT('',#10316);
#4164=VERTEX_POINT('',#10318);
#4165=VERTEX_POINT('',#10320);
#4166=VERTEX_POINT('',#10322);
#4167=VERTEX_POINT('',#10324);
#4168=VERTEX_POINT('',#10326);
#4169=VERTEX_POINT('',#10328);
#4170=VERTEX_POINT('',#10330);
#4171=VERTEX_POINT('',#10332);
#4172=VERTEX_POINT('',#10334);
#4173=VERTEX_POINT('',#10336);
#4174=VERTEX_POINT('',#10338);
#4175=VERTEX_POINT('',#10340);
#4176=VERTEX_POINT('',#10342);
#4177=VERTEX_POINT('',#10344);
#4178=VERTEX_POINT('',#10346);
#4179=VERTEX_POINT('',#10348);
#4180=VERTEX_POINT('',#10350);
#4181=VERTEX_POINT('',#10352);
#4182=VERTEX_POINT('',#10354);
#4183=VERTEX_POINT('',#10356);
#4184=VERTEX_POINT('',#10358);
#4185=VERTEX_POINT('',#10360);
#4186=VERTEX_POINT('',#10362);
#4187=VERTEX_POINT('',#10364);
#4188=VERTEX_POINT('',#10366);
#4189=VERTEX_POINT('',#10368);
#4190=VERTEX_POINT('',#10370);
#4191=VERTEX_POINT('',#10372);
#4192=VERTEX_POINT('',#10374);
#4193=VERTEX_POINT('',#10376);
#4194=VERTEX_POINT('',#10378);
#4195=VERTEX_POINT('',#10380);
#4196=VERTEX_POINT('',#10382);
#4197=VERTEX_POINT('',#10384);
#4198=VERTEX_POINT('',#10386);
#4199=VERTEX_POINT('',#10388);
#4200=VERTEX_POINT('',#10390);
#4201=VERTEX_POINT('',#10392);
#4202=VERTEX_POINT('',#10394);
#4203=VERTEX_POINT('',#10396);
#4204=VERTEX_POINT('',#10398);
#4205=VERTEX_POINT('',#10400);
#4206=VERTEX_POINT('',#10402);
#4207=VERTEX_POINT('',#10404);
#4208=VERTEX_POINT('',#10406);
#4209=VERTEX_POINT('',#10408);
#4210=VERTEX_POINT('',#10410);
#4211=VERTEX_POINT('',#10412);
#4212=VERTEX_POINT('',#10414);
#4213=VERTEX_POINT('',#10416);
#4214=VERTEX_POINT('',#10418);
#4215=VERTEX_POINT('',#10420);
#4216=VERTEX_POINT('',#10422);
#4217=VERTEX_POINT('',#10424);
#4218=VERTEX_POINT('',#10426);
#4219=VERTEX_POINT('',#10428);
#4220=VERTEX_POINT('',#10430);
#4221=VERTEX_POINT('',#10432);
#4222=VERTEX_POINT('',#10434);
#4223=VERTEX_POINT('',#10436);
#4224=VERTEX_POINT('',#10438);
#4225=VERTEX_POINT('',#10440);
#4226=VERTEX_POINT('',#10442);
#4227=VERTEX_POINT('',#10444);
#4228=VERTEX_POINT('',#10446);
#4229=VERTEX_POINT('',#10448);
#4230=VERTEX_POINT('',#10450);
#4231=VERTEX_POINT('',#10452);
#4232=VERTEX_POINT('',#10454);
#4233=VERTEX_POINT('',#10456);
#4234=VERTEX_POINT('',#10458);
#4235=VERTEX_POINT('',#10460);
#4236=VERTEX_POINT('',#10462);
#4237=VERTEX_POINT('',#10464);
#4238=VERTEX_POINT('',#10466);
#4239=VERTEX_POINT('',#10468);
#4240=VERTEX_POINT('',#10470);
#4241=VERTEX_POINT('',#10472);
#4242=VERTEX_POINT('',#10474);
#4243=VERTEX_POINT('',#10477);
#4244=VERTEX_POINT('',#10479);
#4245=VERTEX_POINT('',#10481);
#4246=VERTEX_POINT('',#10483);
#4247=VERTEX_POINT('',#10485);
#4248=VERTEX_POINT('',#10487);
#4249=VERTEX_POINT('',#10489);
#4250=VERTEX_POINT('',#10491);
#4251=VERTEX_POINT('',#10493);
#4252=VERTEX_POINT('',#10495);
#4253=VERTEX_POINT('',#10497);
#4254=VERTEX_POINT('',#10499);
#4255=VERTEX_POINT('',#10501);
#4256=VERTEX_POINT('',#10503);
#4257=VERTEX_POINT('',#10505);
#4258=VERTEX_POINT('',#10507);
#4259=VERTEX_POINT('',#10509);
#4260=VERTEX_POINT('',#10511);
#4261=VERTEX_POINT('',#10513);
#4262=VERTEX_POINT('',#10515);
#4263=VERTEX_POINT('',#10517);
#4264=VERTEX_POINT('',#10519);
#4265=VERTEX_POINT('',#10521);
#4266=VERTEX_POINT('',#10524);
#4267=VERTEX_POINT('',#10525);
#4268=VERTEX_POINT('',#10527);
#4269=VERTEX_POINT('',#10529);
#4270=VERTEX_POINT('',#10531);
#4271=VERTEX_POINT('',#10533);
#4272=VERTEX_POINT('',#10535);
#4273=VERTEX_POINT('',#10537);
#4274=VERTEX_POINT('',#10539);
#4275=VERTEX_POINT('',#10541);
#4276=VERTEX_POINT('',#10543);
#4277=VERTEX_POINT('',#10545);
#4278=VERTEX_POINT('',#10547);
#4279=VERTEX_POINT('',#10549);
#4280=VERTEX_POINT('',#10551);
#4281=VERTEX_POINT('',#10553);
#4282=VERTEX_POINT('',#10555);
#4283=VERTEX_POINT('',#10557);
#4284=VERTEX_POINT('',#10559);
#4285=VERTEX_POINT('',#10561);
#4286=VERTEX_POINT('',#10563);
#4287=VERTEX_POINT('',#10565);
#4288=VERTEX_POINT('',#10567);
#4289=VERTEX_POINT('',#10569);
#4290=VERTEX_POINT('',#10571);
#4291=VERTEX_POINT('',#10573);
#4292=VERTEX_POINT('',#10575);
#4293=VERTEX_POINT('',#10577);
#4294=VERTEX_POINT('',#10579);
#4295=VERTEX_POINT('',#10581);
#4296=VERTEX_POINT('',#10583);
#4297=VERTEX_POINT('',#10585);
#4298=VERTEX_POINT('',#10587);
#4299=VERTEX_POINT('',#10589);
#4300=VERTEX_POINT('',#10591);
#4301=VERTEX_POINT('',#10593);
#4302=VERTEX_POINT('',#10595);
#4303=VERTEX_POINT('',#10597);
#4304=VERTEX_POINT('',#10599);
#4305=VERTEX_POINT('',#10601);
#4306=VERTEX_POINT('',#10603);
#4307=VERTEX_POINT('',#10605);
#4308=VERTEX_POINT('',#10607);
#4309=VERTEX_POINT('',#10609);
#4310=VERTEX_POINT('',#10611);
#4311=VERTEX_POINT('',#10613);
#4312=VERTEX_POINT('',#10615);
#4313=VERTEX_POINT('',#10617);
#4314=VERTEX_POINT('',#10619);
#4315=VERTEX_POINT('',#10621);
#4316=VERTEX_POINT('',#10623);
#4317=VERTEX_POINT('',#10625);
#4318=VERTEX_POINT('',#10627);
#4319=VERTEX_POINT('',#10629);
#4320=VERTEX_POINT('',#10631);
#4321=VERTEX_POINT('',#10633);
#4322=VERTEX_POINT('',#10635);
#4323=VERTEX_POINT('',#10637);
#4324=VERTEX_POINT('',#10639);
#4325=VERTEX_POINT('',#10641);
#4326=VERTEX_POINT('',#10643);
#4327=VERTEX_POINT('',#10645);
#4328=VERTEX_POINT('',#10647);
#4329=VERTEX_POINT('',#10649);
#4330=VERTEX_POINT('',#10651);
#4331=VERTEX_POINT('',#10653);
#4332=VERTEX_POINT('',#10655);
#4333=VERTEX_POINT('',#10657);
#4334=VERTEX_POINT('',#10659);
#4335=VERTEX_POINT('',#10661);
#4336=VERTEX_POINT('',#10663);
#4337=VERTEX_POINT('',#10665);
#4338=VERTEX_POINT('',#10667);
#4339=VERTEX_POINT('',#10669);
#4340=VERTEX_POINT('',#10671);
#4341=VERTEX_POINT('',#10673);
#4342=VERTEX_POINT('',#10675);
#4343=VERTEX_POINT('',#10677);
#4344=VERTEX_POINT('',#10679);
#4345=VERTEX_POINT('',#10681);
#4346=VERTEX_POINT('',#10683);
#4347=VERTEX_POINT('',#10685);
#4348=VERTEX_POINT('',#10687);
#4349=VERTEX_POINT('',#10689);
#4350=VERTEX_POINT('',#10691);
#4351=VERTEX_POINT('',#10693);
#4352=VERTEX_POINT('',#10695);
#4353=VERTEX_POINT('',#10697);
#4354=VERTEX_POINT('',#10699);
#4355=VERTEX_POINT('',#10701);
#4356=VERTEX_POINT('',#10703);
#4357=VERTEX_POINT('',#10705);
#4358=VERTEX_POINT('',#10707);
#4359=VERTEX_POINT('',#10709);
#4360=VERTEX_POINT('',#10711);
#4361=VERTEX_POINT('',#10713);
#4362=VERTEX_POINT('',#10715);
#4363=VERTEX_POINT('',#10717);
#4364=VERTEX_POINT('',#10732);
#4365=VERTEX_POINT('',#10734);
#4366=VERTEX_POINT('',#10737);
#4367=VERTEX_POINT('',#10739);
#4368=VERTEX_POINT('',#10742);
#4369=VERTEX_POINT('',#10744);
#4370=VERTEX_POINT('',#10760);
#4371=VERTEX_POINT('',#10764);
#4372=VERTEX_POINT('',#10768);
#4373=VERTEX_POINT('',#10772);
#4374=VERTEX_POINT('',#10776);
#4375=VERTEX_POINT('',#10780);
#4376=VERTEX_POINT('',#10784);
#4377=VERTEX_POINT('',#10788);
#4378=VERTEX_POINT('',#10792);
#4379=VERTEX_POINT('',#10796);
#4380=VERTEX_POINT('',#10800);
#4381=VERTEX_POINT('',#10804);
#4382=VERTEX_POINT('',#10808);
#4383=VERTEX_POINT('',#10812);
#4384=VERTEX_POINT('',#10816);
#4385=VERTEX_POINT('',#10820);
#4386=VERTEX_POINT('',#10824);
#4387=VERTEX_POINT('',#10828);
#4388=VERTEX_POINT('',#10832);
#4389=VERTEX_POINT('',#10836);
#4390=VERTEX_POINT('',#10840);
#4391=VERTEX_POINT('',#10844);
#4392=VERTEX_POINT('',#10848);
#4393=VERTEX_POINT('',#10852);
#4394=VERTEX_POINT('',#10856);
#4395=VERTEX_POINT('',#10860);
#4396=VERTEX_POINT('',#10864);
#4397=VERTEX_POINT('',#10868);
#4398=VERTEX_POINT('',#10872);
#4399=VERTEX_POINT('',#10876);
#4400=VERTEX_POINT('',#10880);
#4401=VERTEX_POINT('',#10884);
#4402=VERTEX_POINT('',#10890);
#4403=VERTEX_POINT('',#10894);
#4404=VERTEX_POINT('',#10898);
#4405=VERTEX_POINT('',#10902);
#4406=VERTEX_POINT('',#10906);
#4407=VERTEX_POINT('',#10910);
#4408=VERTEX_POINT('',#10914);
#4409=VERTEX_POINT('',#10918);
#4410=VERTEX_POINT('',#10922);
#4411=VERTEX_POINT('',#10926);
#4412=VERTEX_POINT('',#10930);
#4413=VERTEX_POINT('',#10934);
#4414=VERTEX_POINT('',#10938);
#4415=VERTEX_POINT('',#10950);
#4416=VERTEX_POINT('',#10956);
#4417=VERTEX_POINT('',#10960);
#4418=VERTEX_POINT('',#10964);
#4419=VERTEX_POINT('',#10968);
#4420=VERTEX_POINT('',#10970);
#4421=VERTEX_POINT('',#10972);
#4422=VERTEX_POINT('',#10974);
#4423=VERTEX_POINT('',#10976);
#4424=VERTEX_POINT('',#10978);
#4425=VERTEX_POINT('',#10980);
#4426=VERTEX_POINT('',#10982);
#4427=VERTEX_POINT('',#10984);
#4428=VERTEX_POINT('',#10986);
#4429=VERTEX_POINT('',#10988);
#4430=VERTEX_POINT('',#10990);
#4431=VERTEX_POINT('',#10992);
#4432=VERTEX_POINT('',#10994);
#4433=VERTEX_POINT('',#10996);
#4434=VERTEX_POINT('',#10998);
#4435=VERTEX_POINT('',#11000);
#4436=VERTEX_POINT('',#11002);
#4437=VERTEX_POINT('',#11004);
#4438=VERTEX_POINT('',#11006);
#4439=VERTEX_POINT('',#11008);
#4440=VERTEX_POINT('',#11010);
#4441=VERTEX_POINT('',#11012);
#4442=VERTEX_POINT('',#11014);
#4443=VERTEX_POINT('',#11016);
#4444=VERTEX_POINT('',#11018);
#4445=VERTEX_POINT('',#11020);
#4446=VERTEX_POINT('',#11022);
#4447=VERTEX_POINT('',#11024);
#4448=VERTEX_POINT('',#11026);
#4449=VERTEX_POINT('',#11028);
#4450=VERTEX_POINT('',#11030);
#4451=VERTEX_POINT('',#11032);
#4452=VERTEX_POINT('',#11034);
#4453=VERTEX_POINT('',#11036);
#4454=VERTEX_POINT('',#11038);
#4455=VERTEX_POINT('',#11040);
#4456=VERTEX_POINT('',#11042);
#4457=VERTEX_POINT('',#11044);
#4458=VERTEX_POINT('',#11046);
#4459=VERTEX_POINT('',#11048);
#4460=VERTEX_POINT('',#11050);
#4461=VERTEX_POINT('',#11052);
#4462=VERTEX_POINT('',#11054);
#4463=VERTEX_POINT('',#11056);
#4464=VERTEX_POINT('',#11058);
#4465=VERTEX_POINT('',#11060);
#4466=VERTEX_POINT('',#11062);
#4467=VERTEX_POINT('',#11064);
#4468=VERTEX_POINT('',#11066);
#4469=VERTEX_POINT('',#11068);
#4470=VERTEX_POINT('',#11070);
#4471=VERTEX_POINT('',#11072);
#4472=VERTEX_POINT('',#11074);
#4473=VERTEX_POINT('',#11076);
#4474=VERTEX_POINT('',#11078);
#4475=VERTEX_POINT('',#11080);
#4476=VERTEX_POINT('',#11082);
#4477=VERTEX_POINT('',#11084);
#4478=VERTEX_POINT('',#11086);
#4479=VERTEX_POINT('',#11088);
#4480=VERTEX_POINT('',#11090);
#4481=VERTEX_POINT('',#11092);
#4482=VERTEX_POINT('',#11094);
#4483=VERTEX_POINT('',#11096);
#4484=VERTEX_POINT('',#11098);
#4485=VERTEX_POINT('',#11100);
#4486=VERTEX_POINT('',#11102);
#4487=VERTEX_POINT('',#11104);
#4488=VERTEX_POINT('',#11106);
#4489=VERTEX_POINT('',#11108);
#4490=VERTEX_POINT('',#11110);
#4491=VERTEX_POINT('',#11112);
#4492=VERTEX_POINT('',#11114);
#4493=VERTEX_POINT('',#11116);
#4494=VERTEX_POINT('',#11118);
#4495=VERTEX_POINT('',#11120);
#4496=VERTEX_POINT('',#11122);
#4497=VERTEX_POINT('',#11124);
#4498=VERTEX_POINT('',#11126);
#4499=VERTEX_POINT('',#11128);
#4500=VERTEX_POINT('',#11132);
#4501=VERTEX_POINT('',#11134);
#4502=VERTEX_POINT('',#11136);
#4503=VERTEX_POINT('',#11138);
#4504=VERTEX_POINT('',#11140);
#4505=VERTEX_POINT('',#11142);
#4506=VERTEX_POINT('',#11144);
#4507=VERTEX_POINT('',#11146);
#4508=VERTEX_POINT('',#11148);
#4509=VERTEX_POINT('',#11150);
#4510=VERTEX_POINT('',#11340);
#4511=VERTEX_POINT('',#11345);
#4512=VERTEX_POINT('',#11347);
#4513=VERTEX_POINT('',#11349);
#4514=VERTEX_POINT('',#11351);
#4515=VERTEX_POINT('',#11353);
#4516=VERTEX_POINT('',#11355);
#4517=VERTEX_POINT('',#11357);
#4518=VERTEX_POINT('',#11359);
#4519=VERTEX_POINT('',#11361);
#4520=VERTEX_POINT('',#11363);
#4521=VERTEX_POINT('',#11365);
#4522=VERTEX_POINT('',#11367);
#4523=VERTEX_POINT('',#11369);
#4524=VERTEX_POINT('',#11371);
#4525=VERTEX_POINT('',#11373);
#4526=VERTEX_POINT('',#11375);
#4527=VERTEX_POINT('',#11377);
#4528=VERTEX_POINT('',#11379);
#4529=VERTEX_POINT('',#11381);
#4530=VERTEX_POINT('',#11383);
#4531=VERTEX_POINT('',#11385);
#4532=VERTEX_POINT('',#11387);
#4533=VERTEX_POINT('',#11437);
#4534=VERTEX_POINT('',#11439);
#4535=VERTEX_POINT('',#11443);
#4536=VERTEX_POINT('',#11447);
#4537=VERTEX_POINT('',#11451);
#4538=VERTEX_POINT('',#11455);
#4539=VERTEX_POINT('',#11459);
#4540=VERTEX_POINT('',#11463);
#4541=VERTEX_POINT('',#11467);
#4542=VERTEX_POINT('',#11471);
#4543=VERTEX_POINT('',#11475);
#4544=VERTEX_POINT('',#11479);
#4545=VERTEX_POINT('',#11483);
#4546=VERTEX_POINT('',#11487);
#4547=VERTEX_POINT('',#11491);
#4548=VERTEX_POINT('',#11495);
#4549=VERTEX_POINT('',#11499);
#4550=VERTEX_POINT('',#11503);
#4551=VERTEX_POINT('',#11507);
#4552=VERTEX_POINT('',#11511);
#4553=VERTEX_POINT('',#11515);
#4554=VERTEX_POINT('',#11519);
#4555=VERTEX_POINT('',#11523);
#4556=VERTEX_POINT('',#11527);
#4557=VERTEX_POINT('',#11531);
#4558=VERTEX_POINT('',#11535);
#4559=VERTEX_POINT('',#11539);
#4560=VERTEX_POINT('',#11543);
#4561=VERTEX_POINT('',#11547);
#4562=VERTEX_POINT('',#11551);
#4563=VERTEX_POINT('',#11555);
#4564=VERTEX_POINT('',#11559);
#4565=VERTEX_POINT('',#11563);
#4566=VERTEX_POINT('',#11567);
#4567=VERTEX_POINT('',#11571);
#4568=VERTEX_POINT('',#11575);
#4569=VERTEX_POINT('',#11579);
#4570=VERTEX_POINT('',#11583);
#4571=VERTEX_POINT('',#11587);
#4572=VERTEX_POINT('',#11591);
#4573=VERTEX_POINT('',#11595);
#4574=VERTEX_POINT('',#11599);
#4575=VERTEX_POINT('',#11603);
#4576=VERTEX_POINT('',#11607);
#4577=VERTEX_POINT('',#11611);
#4578=VERTEX_POINT('',#11615);
#4579=VERTEX_POINT('',#11619);
#4580=VERTEX_POINT('',#11623);
#4581=VERTEX_POINT('',#11627);
#4582=VERTEX_POINT('',#11631);
#4583=VERTEX_POINT('',#11635);
#4584=VERTEX_POINT('',#11639);
#4585=VERTEX_POINT('',#11643);
#4586=VERTEX_POINT('',#11647);
#4587=VERTEX_POINT('',#11651);
#4588=VERTEX_POINT('',#11655);
#4589=VERTEX_POINT('',#11659);
#4590=VERTEX_POINT('',#11663);
#4591=VERTEX_POINT('',#11667);
#4592=VERTEX_POINT('',#11671);
#4593=VERTEX_POINT('',#11675);
#4594=VERTEX_POINT('',#11679);
#4595=VERTEX_POINT('',#11683);
#4596=VERTEX_POINT('',#11687);
#4597=VERTEX_POINT('',#11691);
#4598=VERTEX_POINT('',#11695);
#4599=VERTEX_POINT('',#11699);
#4600=VERTEX_POINT('',#11703);
#4601=VERTEX_POINT('',#11707);
#4602=VERTEX_POINT('',#11711);
#4603=VERTEX_POINT('',#11715);
#4604=VERTEX_POINT('',#11719);
#4605=VERTEX_POINT('',#11723);
#4606=VERTEX_POINT('',#11727);
#4607=VERTEX_POINT('',#11731);
#4608=VERTEX_POINT('',#11735);
#4609=VERTEX_POINT('',#11739);
#4610=VERTEX_POINT('',#11743);
#4611=VERTEX_POINT('',#11747);
#4612=VERTEX_POINT('',#11751);
#4613=VERTEX_POINT('',#11755);
#4614=VERTEX_POINT('',#11759);
#4615=VERTEX_POINT('',#11763);
#4616=VERTEX_POINT('',#11767);
#4617=VERTEX_POINT('',#11771);
#4618=VERTEX_POINT('',#11775);
#4619=VERTEX_POINT('',#11779);
#4620=VERTEX_POINT('',#11783);
#4621=VERTEX_POINT('',#11787);
#4622=VERTEX_POINT('',#11791);
#4623=VERTEX_POINT('',#11795);
#4624=VERTEX_POINT('',#11799);
#4625=VERTEX_POINT('',#11803);
#4626=VERTEX_POINT('',#11807);
#4627=VERTEX_POINT('',#11811);
#4628=VERTEX_POINT('',#11815);
#4629=VERTEX_POINT('',#11819);
#4630=VERTEX_POINT('',#11823);
#4631=VERTEX_POINT('',#11827);
#4632=VERTEX_POINT('',#11828);
#4633=VERTEX_POINT('',#11830);
#4634=VERTEX_POINT('',#11832);
#4635=VERTEX_POINT('',#11836);
#4636=VERTEX_POINT('',#11838);
#4637=VERTEX_POINT('',#11842);
#4638=VERTEX_POINT('',#11844);
#4639=VERTEX_POINT('',#11848);
#4640=VERTEX_POINT('',#11850);
#4641=VERTEX_POINT('',#11854);
#4642=VERTEX_POINT('',#11856);
#4643=VERTEX_POINT('',#11860);
#4644=VERTEX_POINT('',#11862);
#4645=VERTEX_POINT('',#11866);
#4646=VERTEX_POINT('',#11868);
#4647=VERTEX_POINT('',#11872);
#4648=VERTEX_POINT('',#11874);
#4649=VERTEX_POINT('',#11878);
#4650=VERTEX_POINT('',#11880);
#4651=VERTEX_POINT('',#11884);
#4652=VERTEX_POINT('',#11886);
#4653=VERTEX_POINT('',#11890);
#4654=VERTEX_POINT('',#11892);
#4655=VERTEX_POINT('',#11896);
#4656=VERTEX_POINT('',#11898);
#4657=VERTEX_POINT('',#11902);
#4658=VERTEX_POINT('',#11904);
#4659=VERTEX_POINT('',#11908);
#4660=VERTEX_POINT('',#11910);
#4661=VERTEX_POINT('',#11914);
#4662=VERTEX_POINT('',#11916);
#4663=VERTEX_POINT('',#11920);
#4664=VERTEX_POINT('',#11922);
#4665=VERTEX_POINT('',#11926);
#4666=VERTEX_POINT('',#11928);
#4667=VERTEX_POINT('',#11932);
#4668=VERTEX_POINT('',#11934);
#4669=VERTEX_POINT('',#11938);
#4670=VERTEX_POINT('',#11940);
#4671=VERTEX_POINT('',#11944);
#4672=VERTEX_POINT('',#11946);
#4673=VERTEX_POINT('',#11950);
#4674=VERTEX_POINT('',#11952);
#4675=VERTEX_POINT('',#11963);
#4676=VERTEX_POINT('',#11965);
#4677=VERTEX_POINT('',#11967);
#4678=VERTEX_POINT('',#11969);
#4679=VERTEX_POINT('',#11977);
#4680=VERTEX_POINT('',#11979);
#4681=VERTEX_POINT('',#11981);
#4682=VERTEX_POINT('',#11983);
#4683=LINE('',#9937,#5110);
#4684=LINE('',#9940,#5111);
#4685=LINE('',#9942,#5112);
#4686=LINE('',#9944,#5113);
#4687=LINE('',#9946,#5114);
#4688=LINE('',#9949,#5115);
#4689=LINE('',#9957,#5116);
#4690=LINE('',#9959,#5117);
#4691=LINE('',#9961,#5118);
#4692=LINE('',#9963,#5119);
#4693=LINE('',#9965,#5120);
#4694=LINE('',#9968,#5121);
#4695=LINE('',#9969,#5122);
#4696=LINE('',#9971,#5123);
#4697=LINE('',#9973,#5124);
#4698=LINE('',#9975,#5125);
#4699=LINE('',#9977,#5126);
#4700=LINE('',#9979,#5127);
#4701=LINE('',#9981,#5128);
#4702=LINE('',#9983,#5129);
#4703=LINE('',#9985,#5130);
#4704=LINE('',#9987,#5131);
#4705=LINE('',#9990,#5132);
#4706=LINE('',#9991,#5133);
#4707=LINE('',#9993,#5134);
#4708=LINE('',#9994,#5135);
#4709=LINE('',#9996,#5136);
#4710=LINE('',#9998,#5137);
#4711=LINE('',#10000,#5138);
#4712=LINE('',#10002,#5139);
#4713=LINE('',#10004,#5140);
#4714=LINE('',#10006,#5141);
#4715=LINE('',#10009,#5142);
#4716=LINE('',#10011,#5143);
#4717=LINE('',#10013,#5144);
#4718=LINE('',#10015,#5145);
#4719=LINE('',#10018,#5146);
#4720=LINE('',#10020,#5147);
#4721=LINE('',#10022,#5148);
#4722=LINE('',#10024,#5149);
#4723=LINE('',#10026,#5150);
#4724=LINE('',#10028,#5151);
#4725=LINE('',#10030,#5152);
#4726=LINE('',#10032,#5153);
#4727=LINE('',#10034,#5154);
#4728=LINE('',#10037,#5155);
#4729=LINE('',#10039,#5156);
#4730=LINE('',#10041,#5157);
#4731=LINE('',#10043,#5158);
#4732=LINE('',#10046,#5159);
#4733=LINE('',#10047,#5160);
#4734=LINE('',#10049,#5161);
#4735=LINE('',#10051,#5162);
#4736=LINE('',#10053,#5163);
#4737=LINE('',#10055,#5164);
#4738=LINE('',#10057,#5165);
#4739=LINE('',#10059,#5166);
#4740=LINE('',#10071,#5167);
#4741=LINE('',#10076,#5168);
#4742=LINE('',#10078,#5169);
#4743=LINE('',#10080,#5170);
#4744=LINE('',#10082,#5171);
#4745=LINE('',#10084,#5172);
#4746=LINE('',#10086,#5173);
#4747=LINE('',#10093,#5174);
#4748=LINE('',#10095,#5175);
#4749=LINE('',#10097,#5176);
#4750=LINE('',#10099,#5177);
#4751=LINE('',#10101,#5178);
#4752=LINE('',#10103,#5179);
#4753=LINE('',#10105,#5180);
#4754=LINE('',#10107,#5181);
#4755=LINE('',#10113,#5182);
#4756=LINE('',#10160,#5183);
#4757=LINE('',#10163,#5184);
#4758=LINE('',#10164,#5185);
#4759=LINE('',#10166,#5186);
#4760=LINE('',#10168,#5187);
#4761=LINE('',#10170,#5188);
#4762=LINE('',#10172,#5189);
#4763=LINE('',#10174,#5190);
#4764=LINE('',#10176,#5191);
#4765=LINE('',#10178,#5192);
#4766=LINE('',#10180,#5193);
#4767=LINE('',#10182,#5194);
#4768=LINE('',#10184,#5195);
#4769=LINE('',#10186,#5196);
#4770=LINE('',#10187,#5197);
#4771=LINE('',#10188,#5198);
#4772=LINE('',#10190,#5199);
#4773=LINE('',#10192,#5200);
#4774=LINE('',#10628,#5201);
#4775=LINE('',#10630,#5202);
#4776=LINE('',#10720,#5203);
#4777=LINE('',#10722,#5204);
#4778=LINE('',#10724,#5205);
#4779=LINE('',#10726,#5206);
#4780=LINE('',#10728,#5207);
#4781=LINE('',#10730,#5208);
#4782=LINE('',#10731,#5209);
#4783=LINE('',#10733,#5210);
#4784=LINE('',#10735,#5211);
#4785=LINE('',#10736,#5212);
#4786=LINE('',#10738,#5213);
#4787=LINE('',#10740,#5214);
#4788=LINE('',#10741,#5215);
#4789=LINE('',#10743,#5216);
#4790=LINE('',#10745,#5217);
#4791=LINE('',#10747,#5218);
#4792=LINE('',#10749,#5219);
#4793=LINE('',#10751,#5220);
#4794=LINE('',#10752,#5221);
#4795=LINE('',#10754,#5222);
#4796=LINE('',#10756,#5223);
#4797=LINE('',#10759,#5224);
#4798=LINE('',#10765,#5225);
#4799=LINE('',#10767,#5226);
#4800=LINE('',#10773,#5227);
#4801=LINE('',#10775,#5228);
#4802=LINE('',#10779,#5229);
#4803=LINE('',#10783,#5230);
#4804=LINE('',#10787,#5231);
#4805=LINE('',#10791,#5232);
#4806=LINE('',#10795,#5233);
#4807=LINE('',#10799,#5234);
#4808=LINE('',#10803,#5235);
#4809=LINE('',#10807,#5236);
#4810=LINE('',#10811,#5237);
#4811=LINE('',#10815,#5238);
#4812=LINE('',#10819,#5239);
#4813=LINE('',#10823,#5240);
#4814=LINE('',#10827,#5241);
#4815=LINE('',#10831,#5242);
#4816=LINE('',#10835,#5243);
#4817=LINE('',#10839,#5244);
#4818=LINE('',#10843,#5245);
#4819=LINE('',#10847,#5246);
#4820=LINE('',#10851,#5247);
#4821=LINE('',#10855,#5248);
#4822=LINE('',#10859,#5249);
#4823=LINE('',#10863,#5250);
#4824=LINE('',#10867,#5251);
#4825=LINE('',#10871,#5252);
#4826=LINE('',#10875,#5253);
#4827=LINE('',#10879,#5254);
#4828=LINE('',#10883,#5255);
#4829=LINE('',#10889,#5256);
#4830=LINE('',#10893,#5257);
#4831=LINE('',#10897,#5258);
#4832=LINE('',#10901,#5259);
#4833=LINE('',#10905,#5260);
#4834=LINE('',#10909,#5261);
#4835=LINE('',#10913,#5262);
#4836=LINE('',#10917,#5263);
#4837=LINE('',#10921,#5264);
#4838=LINE('',#10925,#5265);
#4839=LINE('',#10929,#5266);
#4840=LINE('',#10933,#5267);
#4841=LINE('',#10937,#5268);
#4842=LINE('',#10944,#5269);
#4843=LINE('',#10945,#5270);
#4844=LINE('',#10947,#5271);
#4845=LINE('',#10951,#5272);
#4846=LINE('',#10952,#5273);
#4847=LINE('',#10954,#5274);
#4848=LINE('',#10955,#5275);
#4849=LINE('',#10961,#5276);
#4850=LINE('',#10963,#5277);
#4851=LINE('',#11155,#5278);
#4852=LINE('',#11157,#5279);
#4853=LINE('',#11159,#5280);
#4854=LINE('',#11161,#5281);
#4855=LINE('',#11163,#5282);
#4856=LINE('',#11165,#5283);
#4857=LINE('',#11167,#5284);
#4858=LINE('',#11169,#5285);
#4859=LINE('',#11171,#5286);
#4860=LINE('',#11173,#5287);
#4861=LINE('',#11176,#5288);
#4862=LINE('',#11178,#5289);
#4863=LINE('',#11180,#5290);
#4864=LINE('',#11182,#5291);
#4865=LINE('',#11184,#5292);
#4866=LINE('',#11186,#5293);
#4867=LINE('',#11188,#5294);
#4868=LINE('',#11190,#5295);
#4869=LINE('',#11192,#5296);
#4870=LINE('',#11194,#5297);
#4871=LINE('',#11196,#5298);
#4872=LINE('',#11198,#5299);
#4873=LINE('',#11200,#5300);
#4874=LINE('',#11202,#5301);
#4875=LINE('',#11204,#5302);
#4876=LINE('',#11206,#5303);
#4877=LINE('',#11208,#5304);
#4878=LINE('',#11210,#5305);
#4879=LINE('',#11212,#5306);
#4880=LINE('',#11214,#5307);
#4881=LINE('',#11216,#5308);
#4882=LINE('',#11218,#5309);
#4883=LINE('',#11220,#5310);
#4884=LINE('',#11222,#5311);
#4885=LINE('',#11224,#5312);
#4886=LINE('',#11226,#5313);
#4887=LINE('',#11228,#5314);
#4888=LINE('',#11230,#5315);
#4889=LINE('',#11232,#5316);
#4890=LINE('',#11234,#5317);
#4891=LINE('',#11236,#5318);
#4892=LINE('',#11238,#5319);
#4893=LINE('',#11240,#5320);
#4894=LINE('',#11242,#5321);
#4895=LINE('',#11244,#5322);
#4896=LINE('',#11246,#5323);
#4897=LINE('',#11248,#5324);
#4898=LINE('',#11250,#5325);
#4899=LINE('',#11252,#5326);
#4900=LINE('',#11254,#5327);
#4901=LINE('',#11256,#5328);
#4902=LINE('',#11258,#5329);
#4903=LINE('',#11260,#5330);
#4904=LINE('',#11262,#5331);
#4905=LINE('',#11264,#5332);
#4906=LINE('',#11266,#5333);
#4907=LINE('',#11268,#5334);
#4908=LINE('',#11270,#5335);
#4909=LINE('',#11272,#5336);
#4910=LINE('',#11274,#5337);
#4911=LINE('',#11276,#5338);
#4912=LINE('',#11278,#5339);
#4913=LINE('',#11280,#5340);
#4914=LINE('',#11282,#5341);
#4915=LINE('',#11284,#5342);
#4916=LINE('',#11286,#5343);
#4917=LINE('',#11288,#5344);
#4918=LINE('',#11290,#5345);
#4919=LINE('',#11292,#5346);
#4920=LINE('',#11294,#5347);
#4921=LINE('',#11296,#5348);
#4922=LINE('',#11298,#5349);
#4923=LINE('',#11300,#5350);
#4924=LINE('',#11302,#5351);
#4925=LINE('',#11304,#5352);
#4926=LINE('',#11306,#5353);
#4927=LINE('',#11308,#5354);
#4928=LINE('',#11310,#5355);
#4929=LINE('',#11312,#5356);
#4930=LINE('',#11314,#5357);
#4931=LINE('',#11316,#5358);
#4932=LINE('',#11318,#5359);
#4933=LINE('',#11320,#5360);
#4934=LINE('',#11322,#5361);
#4935=LINE('',#11324,#5362);
#4936=LINE('',#11326,#5363);
#4937=LINE('',#11328,#5364);
#4938=LINE('',#11330,#5365);
#4939=LINE('',#11332,#5366);
#4940=LINE('',#11334,#5367);
#4941=LINE('',#11336,#5368);
#4942=LINE('',#11341,#5369);
#4943=LINE('',#11342,#5370);
#4944=LINE('',#11391,#5371);
#4945=LINE('',#11393,#5372);
#4946=LINE('',#11395,#5373);
#4947=LINE('',#11397,#5374);
#4948=LINE('',#11399,#5375);
#4949=LINE('',#11401,#5376);
#4950=LINE('',#11403,#5377);
#4951=LINE('',#11405,#5378);
#4952=LINE('',#11407,#5379);
#4953=LINE('',#11409,#5380);
#4954=LINE('',#11411,#5381);
#4955=LINE('',#11413,#5382);
#4956=LINE('',#11415,#5383);
#4957=LINE('',#11417,#5384);
#4958=LINE('',#11419,#5385);
#4959=LINE('',#11421,#5386);
#4960=LINE('',#11423,#5387);
#4961=LINE('',#11425,#5388);
#4962=LINE('',#11427,#5389);
#4963=LINE('',#11429,#5390);
#4964=LINE('',#11431,#5391);
#4965=LINE('',#11433,#5392);
#4966=LINE('',#11436,#5393);
#4967=LINE('',#11440,#5394);
#4968=LINE('',#11442,#5395);
#4969=LINE('',#11446,#5396);
#4970=LINE('',#11450,#5397);
#4971=LINE('',#11454,#5398);
#4972=LINE('',#11458,#5399);
#4973=LINE('',#11462,#5400);
#4974=LINE('',#11466,#5401);
#4975=LINE('',#11470,#5402);
#4976=LINE('',#11474,#5403);
#4977=LINE('',#11478,#5404);
#4978=LINE('',#11482,#5405);
#4979=LINE('',#11486,#5406);
#4980=LINE('',#11490,#5407);
#4981=LINE('',#11494,#5408);
#4982=LINE('',#11498,#5409);
#4983=LINE('',#11502,#5410);
#4984=LINE('',#11506,#5411);
#4985=LINE('',#11510,#5412);
#4986=LINE('',#11514,#5413);
#4987=LINE('',#11518,#5414);
#4988=LINE('',#11522,#5415);
#4989=LINE('',#11526,#5416);
#4990=LINE('',#11530,#5417);
#4991=LINE('',#11534,#5418);
#4992=LINE('',#11538,#5419);
#4993=LINE('',#11542,#5420);
#4994=LINE('',#11546,#5421);
#4995=LINE('',#11550,#5422);
#4996=LINE('',#11554,#5423);
#4997=LINE('',#11558,#5424);
#4998=LINE('',#11562,#5425);
#4999=LINE('',#11566,#5426);
#5000=LINE('',#11570,#5427);
#5001=LINE('',#11574,#5428);
#5002=LINE('',#11578,#5429);
#5003=LINE('',#11582,#5430);
#5004=LINE('',#11586,#5431);
#5005=LINE('',#11590,#5432);
#5006=LINE('',#11594,#5433);
#5007=LINE('',#11598,#5434);
#5008=LINE('',#11602,#5435);
#5009=LINE('',#11606,#5436);
#5010=LINE('',#11610,#5437);
#5011=LINE('',#11614,#5438);
#5012=LINE('',#11618,#5439);
#5013=LINE('',#11620,#5440);
#5014=LINE('',#11622,#5441);
#5015=LINE('',#11624,#5442);
#5016=LINE('',#11626,#5443);
#5017=LINE('',#11630,#5444);
#5018=LINE('',#11634,#5445);
#5019=LINE('',#11638,#5446);
#5020=LINE('',#11642,#5447);
#5021=LINE('',#11646,#5448);
#5022=LINE('',#11650,#5449);
#5023=LINE('',#11654,#5450);
#5024=LINE('',#11658,#5451);
#5025=LINE('',#11662,#5452);
#5026=LINE('',#11666,#5453);
#5027=LINE('',#11670,#5454);
#5028=LINE('',#11674,#5455);
#5029=LINE('',#11678,#5456);
#5030=LINE('',#11682,#5457);
#5031=LINE('',#11686,#5458);
#5032=LINE('',#11690,#5459);
#5033=LINE('',#11694,#5460);
#5034=LINE('',#11698,#5461);
#5035=LINE('',#11702,#5462);
#5036=LINE('',#11706,#5463);
#5037=LINE('',#11710,#5464);
#5038=LINE('',#11714,#5465);
#5039=LINE('',#11718,#5466);
#5040=LINE('',#11722,#5467);
#5041=LINE('',#11726,#5468);
#5042=LINE('',#11730,#5469);
#5043=LINE('',#11734,#5470);
#5044=LINE('',#11738,#5471);
#5045=LINE('',#11742,#5472);
#5046=LINE('',#11746,#5473);
#5047=LINE('',#11750,#5474);
#5048=LINE('',#11754,#5475);
#5049=LINE('',#11758,#5476);
#5050=LINE('',#11762,#5477);
#5051=LINE('',#11766,#5478);
#5052=LINE('',#11770,#5479);
#5053=LINE('',#11774,#5480);
#5054=LINE('',#11778,#5481);
#5055=LINE('',#11782,#5482);
#5056=LINE('',#11786,#5483);
#5057=LINE('',#11790,#5484);
#5058=LINE('',#11794,#5485);
#5059=LINE('',#11798,#5486);
#5060=LINE('',#11802,#5487);
#5061=LINE('',#11806,#5488);
#5062=LINE('',#11810,#5489);
#5063=LINE('',#11814,#5490);
#5064=LINE('',#11818,#5491);
#5065=LINE('',#11822,#5492);
#5066=LINE('',#11829,#5493);
#5067=LINE('',#11833,#5494);
#5068=LINE('',#11835,#5495);
#5069=LINE('',#11837,#5496);
#5070=LINE('',#11839,#5497);
#5071=LINE('',#11841,#5498);
#5072=LINE('',#11843,#5499);
#5073=LINE('',#11845,#5500);
#5074=LINE('',#11849,#5501);
#5075=LINE('',#11855,#5502);
#5076=LINE('',#11861,#5503);
#5077=LINE('',#11867,#5504);
#5078=LINE('',#11873,#5505);
#5079=LINE('',#11879,#5506);
#5080=LINE('',#11885,#5507);
#5081=LINE('',#11891,#5508);
#5082=LINE('',#11897,#5509);
#5083=LINE('',#11903,#5510);
#5084=LINE('',#11909,#5511);
#5085=LINE('',#11915,#5512);
#5086=LINE('',#11921,#5513);
#5087=LINE('',#11927,#5514);
#5088=LINE('',#11933,#5515);
#5089=LINE('',#11939,#5516);
#5090=LINE('',#11945,#5517);
#5091=LINE('',#11951,#5518);
#5092=LINE('',#11962,#5519);
#5093=LINE('',#11964,#5520);
#5094=LINE('',#11966,#5521);
#5095=LINE('',#11968,#5522);
#5096=LINE('',#11970,#5523);
#5097=LINE('',#11972,#5524);
#5098=LINE('',#11974,#5525);
#5099=LINE('',#11976,#5526);
#5100=LINE('',#11978,#5527);
#5101=LINE('',#11980,#5528);
#5102=LINE('',#11982,#5529);
#5103=LINE('',#11984,#5530);
#5104=LINE('',#11986,#5531);
#5105=LINE('',#11988,#5532);
#5106=LINE('',#11990,#5533);
#5107=LINE('',#11991,#5534);
#5108=LINE('',#11995,#5535);
#5109=LINE('',#11997,#5536);
#5110=VECTOR('',#7610,1.);
#5111=VECTOR('',#7611,1.);
#5112=VECTOR('',#7612,1.);
#5113=VECTOR('',#7613,1.);
#5114=VECTOR('',#7616,1.);
#5115=VECTOR('',#7617,1.);
#5116=VECTOR('',#7624,1.);
#5117=VECTOR('',#7627,1.);
#5118=VECTOR('',#7628,1.);
#5119=VECTOR('',#7629,1.);
#5120=VECTOR('',#7632,1.);
#5121=VECTOR('',#7633,1.);
#5122=VECTOR('',#7634,1.);
#5123=VECTOR('',#7635,1.);
#5124=VECTOR('',#7636,1.);
#5125=VECTOR('',#7637,1.);
#5126=VECTOR('',#7638,1.);
#5127=VECTOR('',#7639,1.);
#5128=VECTOR('',#7640,1.);
#5129=VECTOR('',#7641,1.);
#5130=VECTOR('',#7642,1.);
#5131=VECTOR('',#7645,1.);
#5132=VECTOR('',#7646,1.);
#5133=VECTOR('',#7647,1.);
#5134=VECTOR('',#7648,1.);
#5135=VECTOR('',#7649,1.);
#5136=VECTOR('',#7650,1.);
#5137=VECTOR('',#7651,1.);
#5138=VECTOR('',#7652,1.);
#5139=VECTOR('',#7653,1.);
#5140=VECTOR('',#7654,1.);
#5141=VECTOR('',#7657,1.);
#5142=VECTOR('',#7658,1.);
#5143=VECTOR('',#7659,1.);
#5144=VECTOR('',#7660,1.);
#5145=VECTOR('',#7663,1.);
#5146=VECTOR('',#7664,1.);
#5147=VECTOR('',#7665,1.);
#5148=VECTOR('',#7666,1.);
#5149=VECTOR('',#7667,1.);
#5150=VECTOR('',#7668,1.);
#5151=VECTOR('',#7669,1.);
#5152=VECTOR('',#7670,1.);
#5153=VECTOR('',#7671,1.);
#5154=VECTOR('',#7674,1.);
#5155=VECTOR('',#7675,1.);
#5156=VECTOR('',#7676,1.);
#5157=VECTOR('',#7677,1.);
#5158=VECTOR('',#7680,1.);
#5159=VECTOR('',#7681,1.);
#5160=VECTOR('',#7682,1.);
#5161=VECTOR('',#7683,1.);
#5162=VECTOR('',#7684,1.);
#5163=VECTOR('',#7685,1.);
#5164=VECTOR('',#7686,1.);
#5165=VECTOR('',#7687,1.);
#5166=VECTOR('',#7690,1.);
#5167=VECTOR('',#7703,1.);
#5168=VECTOR('',#7706,1.);
#5169=VECTOR('',#7707,1.);
#5170=VECTOR('',#7708,1.);
#5171=VECTOR('',#7709,1.);
#5172=VECTOR('',#7710,1.);
#5173=VECTOR('',#7711,1.);
#5174=VECTOR('',#7718,1.);
#5175=VECTOR('',#7719,1.);
#5176=VECTOR('',#7720,1.);
#5177=VECTOR('',#7721,1.);
#5178=VECTOR('',#7722,1.);
#5179=VECTOR('',#7723,1.);
#5180=VECTOR('',#7726,1.);
#5181=VECTOR('',#7727,1.);
#5182=VECTOR('',#7734,1.);
#5183=VECTOR('',#7783,1.);
#5184=VECTOR('',#7784,1.);
#5185=VECTOR('',#7785,1.);
#5186=VECTOR('',#7788,1.);
#5187=VECTOR('',#7789,1.);
#5188=VECTOR('',#7792,1.);
#5189=VECTOR('',#7793,1.);
#5190=VECTOR('',#7796,1.);
#5191=VECTOR('',#7797,1.);
#5192=VECTOR('',#7800,1.);
#5193=VECTOR('',#7801,1.);
#5194=VECTOR('',#7804,1.);
#5195=VECTOR('',#7805,1.);
#5196=VECTOR('',#7808,1.);
#5197=VECTOR('',#7809,1.);
#5198=VECTOR('',#7810,1.);
#5199=VECTOR('',#7813,1.);
#5200=VECTOR('',#7814,1.);
#5201=VECTOR('',#8257,1.);
#5202=VECTOR('',#8258,1.);
#5203=VECTOR('',#8349,1.);
#5204=VECTOR('',#8352,1.);
#5205=VECTOR('',#8355,1.);
#5206=VECTOR('',#8358,1.);
#5207=VECTOR('',#8361,1.);
#5208=VECTOR('',#8364,1.);
#5209=VECTOR('',#8365,1.);
#5210=VECTOR('',#8366,1.);
#5211=VECTOR('',#8367,1.);
#5212=VECTOR('',#8368,1.);
#5213=VECTOR('',#8369,1.);
#5214=VECTOR('',#8370,1.);
#5215=VECTOR('',#8371,1.);
#5216=VECTOR('',#8372,1.);
#5217=VECTOR('',#8373,1.);
#5218=VECTOR('',#8376,1.);
#5219=VECTOR('',#8379,1.);
#5220=VECTOR('',#8382,1.);
#5221=VECTOR('',#8383,1.);
#5222=VECTOR('',#8386,1.);
#5223=VECTOR('',#8389,1.);
#5224=VECTOR('',#8394,1.);
#5225=VECTOR('',#8401,1.);
#5226=VECTOR('',#8404,1.);
#5227=VECTOR('',#8411,1.);
#5228=VECTOR('',#8414,1.);
#5229=VECTOR('',#8419,1.);
#5230=VECTOR('',#8424,1.);
#5231=VECTOR('',#8429,1.);
#5232=VECTOR('',#8434,1.);
#5233=VECTOR('',#8439,1.);
#5234=VECTOR('',#8444,1.);
#5235=VECTOR('',#8449,1.);
#5236=VECTOR('',#8454,1.);
#5237=VECTOR('',#8459,1.);
#5238=VECTOR('',#8464,1.);
#5239=VECTOR('',#8469,1.);
#5240=VECTOR('',#8474,1.);
#5241=VECTOR('',#8479,1.);
#5242=VECTOR('',#8484,1.);
#5243=VECTOR('',#8489,1.);
#5244=VECTOR('',#8494,1.);
#5245=VECTOR('',#8499,1.);
#5246=VECTOR('',#8504,1.);
#5247=VECTOR('',#8509,1.);
#5248=VECTOR('',#8514,1.);
#5249=VECTOR('',#8519,1.);
#5250=VECTOR('',#8524,1.);
#5251=VECTOR('',#8529,1.);
#5252=VECTOR('',#8534,1.);
#5253=VECTOR('',#8539,1.);
#5254=VECTOR('',#8544,1.);
#5255=VECTOR('',#8549,1.);
#5256=VECTOR('',#8558,1.);
#5257=VECTOR('',#8563,1.);
#5258=VECTOR('',#8568,1.);
#5259=VECTOR('',#8573,1.);
#5260=VECTOR('',#8578,1.);
#5261=VECTOR('',#8583,1.);
#5262=VECTOR('',#8588,1.);
#5263=VECTOR('',#8593,1.);
#5264=VECTOR('',#8598,1.);
#5265=VECTOR('',#8603,1.);
#5266=VECTOR('',#8608,1.);
#5267=VECTOR('',#8613,1.);
#5268=VECTOR('',#8618,1.);
#5269=VECTOR('',#8629,1.);
#5270=VECTOR('',#8630,1.);
#5271=VECTOR('',#8633,1.);
#5272=VECTOR('',#8638,1.);
#5273=VECTOR('',#8639,1.);
#5274=VECTOR('',#8642,1.);
#5275=VECTOR('',#8643,1.);
#5276=VECTOR('',#8650,1.);
#5277=VECTOR('',#8653,1.);
#5278=VECTOR('',#8852,1.);
#5279=VECTOR('',#8855,1.);
#5280=VECTOR('',#8858,1.);
#5281=VECTOR('',#8861,1.);
#5282=VECTOR('',#8864,1.);
#5283=VECTOR('',#8867,1.);
#5284=VECTOR('',#8870,1.);
#5285=VECTOR('',#8873,1.);
#5286=VECTOR('',#8876,1.);
#5287=VECTOR('',#8879,1.);
#5288=VECTOR('',#8884,1.);
#5289=VECTOR('',#8887,1.);
#5290=VECTOR('',#8890,1.);
#5291=VECTOR('',#8893,1.);
#5292=VECTOR('',#8896,1.);
#5293=VECTOR('',#8899,1.);
#5294=VECTOR('',#8902,1.);
#5295=VECTOR('',#8905,1.);
#5296=VECTOR('',#8908,1.);
#5297=VECTOR('',#8911,1.);
#5298=VECTOR('',#8914,1.);
#5299=VECTOR('',#8917,1.);
#5300=VECTOR('',#8920,1.);
#5301=VECTOR('',#8923,1.);
#5302=VECTOR('',#8926,1.);
#5303=VECTOR('',#8929,1.);
#5304=VECTOR('',#8932,1.);
#5305=VECTOR('',#8935,1.);
#5306=VECTOR('',#8938,1.);
#5307=VECTOR('',#8941,1.);
#5308=VECTOR('',#8944,1.);
#5309=VECTOR('',#8947,1.);
#5310=VECTOR('',#8950,1.);
#5311=VECTOR('',#8953,1.);
#5312=VECTOR('',#8956,1.);
#5313=VECTOR('',#8959,1.);
#5314=VECTOR('',#8962,1.);
#5315=VECTOR('',#8965,1.);
#5316=VECTOR('',#8968,1.);
#5317=VECTOR('',#8971,1.);
#5318=VECTOR('',#8974,1.);
#5319=VECTOR('',#8977,1.);
#5320=VECTOR('',#8980,1.);
#5321=VECTOR('',#8983,1.);
#5322=VECTOR('',#8986,1.);
#5323=VECTOR('',#8989,1.);
#5324=VECTOR('',#8992,1.);
#5325=VECTOR('',#8995,1.);
#5326=VECTOR('',#8998,1.);
#5327=VECTOR('',#9001,1.);
#5328=VECTOR('',#9004,1.);
#5329=VECTOR('',#9007,1.);
#5330=VECTOR('',#9010,1.);
#5331=VECTOR('',#9013,1.);
#5332=VECTOR('',#9016,1.);
#5333=VECTOR('',#9019,1.);
#5334=VECTOR('',#9022,1.);
#5335=VECTOR('',#9025,1.);
#5336=VECTOR('',#9028,1.);
#5337=VECTOR('',#9031,1.);
#5338=VECTOR('',#9034,1.);
#5339=VECTOR('',#9037,1.);
#5340=VECTOR('',#9040,1.);
#5341=VECTOR('',#9043,1.);
#5342=VECTOR('',#9046,1.);
#5343=VECTOR('',#9049,1.);
#5344=VECTOR('',#9052,1.);
#5345=VECTOR('',#9055,1.);
#5346=VECTOR('',#9058,1.);
#5347=VECTOR('',#9061,1.);
#5348=VECTOR('',#9064,1.);
#5349=VECTOR('',#9067,1.);
#5350=VECTOR('',#9070,1.);
#5351=VECTOR('',#9073,1.);
#5352=VECTOR('',#9076,1.);
#5353=VECTOR('',#9079,1.);
#5354=VECTOR('',#9082,1.);
#5355=VECTOR('',#9085,1.);
#5356=VECTOR('',#9088,1.);
#5357=VECTOR('',#9091,1.);
#5358=VECTOR('',#9094,1.);
#5359=VECTOR('',#9097,1.);
#5360=VECTOR('',#9100,1.);
#5361=VECTOR('',#9103,1.);
#5362=VECTOR('',#9106,1.);
#5363=VECTOR('',#9109,1.);
#5364=VECTOR('',#9112,1.);
#5365=VECTOR('',#9115,1.);
#5366=VECTOR('',#9118,1.);
#5367=VECTOR('',#9121,1.);
#5368=VECTOR('',#9124,1.);
#5369=VECTOR('',#9131,1.);
#5370=VECTOR('',#9132,1.);
#5371=VECTOR('',#9185,1.);
#5372=VECTOR('',#9188,1.);
#5373=VECTOR('',#9191,1.);
#5374=VECTOR('',#9194,1.);
#5375=VECTOR('',#9197,1.);
#5376=VECTOR('',#9200,1.);
#5377=VECTOR('',#9203,1.);
#5378=VECTOR('',#9206,1.);
#5379=VECTOR('',#9209,1.);
#5380=VECTOR('',#9212,1.);
#5381=VECTOR('',#9215,1.);
#5382=VECTOR('',#9218,1.);
#5383=VECTOR('',#9221,1.);
#5384=VECTOR('',#9224,1.);
#5385=VECTOR('',#9227,1.);
#5386=VECTOR('',#9230,1.);
#5387=VECTOR('',#9233,1.);
#5388=VECTOR('',#9236,1.);
#5389=VECTOR('',#9239,1.);
#5390=VECTOR('',#9242,1.);
#5391=VECTOR('',#9245,1.);
#5392=VECTOR('',#9248,1.);
#5393=VECTOR('',#9253,1.);
#5394=VECTOR('',#9256,1.);
#5395=VECTOR('',#9259,1.);
#5396=VECTOR('',#9264,1.);
#5397=VECTOR('',#9269,1.);
#5398=VECTOR('',#9274,1.);
#5399=VECTOR('',#9279,1.);
#5400=VECTOR('',#9284,1.);
#5401=VECTOR('',#9289,1.);
#5402=VECTOR('',#9294,1.);
#5403=VECTOR('',#9299,1.);
#5404=VECTOR('',#9304,1.);
#5405=VECTOR('',#9309,1.);
#5406=VECTOR('',#9314,1.);
#5407=VECTOR('',#9319,1.);
#5408=VECTOR('',#9324,1.);
#5409=VECTOR('',#9329,1.);
#5410=VECTOR('',#9334,1.);
#5411=VECTOR('',#9339,1.);
#5412=VECTOR('',#9344,1.);
#5413=VECTOR('',#9349,1.);
#5414=VECTOR('',#9354,1.);
#5415=VECTOR('',#9359,1.);
#5416=VECTOR('',#9364,1.);
#5417=VECTOR('',#9369,1.);
#5418=VECTOR('',#9374,1.);
#5419=VECTOR('',#9379,1.);
#5420=VECTOR('',#9384,1.);
#5421=VECTOR('',#9389,1.);
#5422=VECTOR('',#9394,1.);
#5423=VECTOR('',#9399,1.);
#5424=VECTOR('',#9404,1.);
#5425=VECTOR('',#9409,1.);
#5426=VECTOR('',#9414,1.);
#5427=VECTOR('',#9419,1.);
#5428=VECTOR('',#9424,1.);
#5429=VECTOR('',#9429,1.);
#5430=VECTOR('',#9434,1.);
#5431=VECTOR('',#9439,1.);
#5432=VECTOR('',#9444,1.);
#5433=VECTOR('',#9449,1.);
#5434=VECTOR('',#9454,1.);
#5435=VECTOR('',#9459,1.);
#5436=VECTOR('',#9464,1.);
#5437=VECTOR('',#9469,1.);
#5438=VECTOR('',#9474,1.);
#5439=VECTOR('',#9479,1.);
#5440=VECTOR('',#9480,1.);
#5441=VECTOR('',#9483,1.);
#5442=VECTOR('',#9484,1.);
#5443=VECTOR('',#9487,1.);
#5444=VECTOR('',#9492,1.);
#5445=VECTOR('',#9497,1.);
#5446=VECTOR('',#9502,1.);
#5447=VECTOR('',#9507,1.);
#5448=VECTOR('',#9512,1.);
#5449=VECTOR('',#9517,1.);
#5450=VECTOR('',#9522,1.);
#5451=VECTOR('',#9527,1.);
#5452=VECTOR('',#9532,1.);
#5453=VECTOR('',#9537,1.);
#5454=VECTOR('',#9542,1.);
#5455=VECTOR('',#9547,1.);
#5456=VECTOR('',#9552,1.);
#5457=VECTOR('',#9557,1.);
#5458=VECTOR('',#9562,1.);
#5459=VECTOR('',#9567,1.);
#5460=VECTOR('',#9572,1.);
#5461=VECTOR('',#9577,1.);
#5462=VECTOR('',#9582,1.);
#5463=VECTOR('',#9587,1.);
#5464=VECTOR('',#9592,1.);
#5465=VECTOR('',#9597,1.);
#5466=VECTOR('',#9602,1.);
#5467=VECTOR('',#9607,1.);
#5468=VECTOR('',#9612,1.);
#5469=VECTOR('',#9617,1.);
#5470=VECTOR('',#9622,1.);
#5471=VECTOR('',#9627,1.);
#5472=VECTOR('',#9632,1.);
#5473=VECTOR('',#9637,1.);
#5474=VECTOR('',#9642,1.);
#5475=VECTOR('',#9647,1.);
#5476=VECTOR('',#9652,1.);
#5477=VECTOR('',#9657,1.);
#5478=VECTOR('',#9662,1.);
#5479=VECTOR('',#9667,1.);
#5480=VECTOR('',#9672,1.);
#5481=VECTOR('',#9677,1.);
#5482=VECTOR('',#9682,1.);
#5483=VECTOR('',#9687,1.);
#5484=VECTOR('',#9692,1.);
#5485=VECTOR('',#9697,1.);
#5486=VECTOR('',#9702,1.);
#5487=VECTOR('',#9707,1.);
#5488=VECTOR('',#9712,1.);
#5489=VECTOR('',#9717,1.);
#5490=VECTOR('',#9722,1.);
#5491=VECTOR('',#9727,1.);
#5492=VECTOR('',#9732,1.);
#5493=VECTOR('',#9739,1.);
#5494=VECTOR('',#9742,1.);
#5495=VECTOR('',#9745,1.);
#5496=VECTOR('',#9746,1.);
#5497=VECTOR('',#9747,1.);
#5498=VECTOR('',#9750,1.);
#5499=VECTOR('',#9751,1.);
#5500=VECTOR('',#9752,1.);
#5501=VECTOR('',#9757,1.);
#5502=VECTOR('',#9764,1.);
#5503=VECTOR('',#9771,1.);
#5504=VECTOR('',#9778,1.);
#5505=VECTOR('',#9785,1.);
#5506=VECTOR('',#9792,1.);
#5507=VECTOR('',#9799,1.);
#5508=VECTOR('',#9806,1.);
#5509=VECTOR('',#9813,1.);
#5510=VECTOR('',#9820,1.);
#5511=VECTOR('',#9827,1.);
#5512=VECTOR('',#9834,1.);
#5513=VECTOR('',#9841,1.);
#5514=VECTOR('',#9848,1.);
#5515=VECTOR('',#9855,1.);
#5516=VECTOR('',#9862,1.);
#5517=VECTOR('',#9869,1.);
#5518=VECTOR('',#9876,1.);
#5519=VECTOR('',#9895,1.);
#5520=VECTOR('',#9896,1.);
#5521=VECTOR('',#9897,1.);
#5522=VECTOR('',#9898,1.);
#5523=VECTOR('',#9899,1.);
#5524=VECTOR('',#9902,1.);
#5525=VECTOR('',#9905,1.);
#5526=VECTOR('',#9908,1.);
#5527=VECTOR('',#9909,1.);
#5528=VECTOR('',#9910,1.);
#5529=VECTOR('',#9911,1.);
#5530=VECTOR('',#9912,1.);
#5531=VECTOR('',#9915,1.);
#5532=VECTOR('',#9918,1.);
#5533=VECTOR('',#9921,1.);
#5534=VECTOR('',#9922,1.);
#5535=VECTOR('',#9929,1.);
#5536=VECTOR('',#9932,1.);
#5537=EDGE_LOOP('',(#910,#911,#912,#913));
#5538=EDGE_LOOP('',(#914,#915,#916,#917,#918,#919));
#5539=EDGE_LOOP('',(#920,#921,#922,#923));
#5540=EDGE_LOOP('',(#924,#925,#926,#927,#928,#929,#930,#931,#932,#933,#934,
#935));
#5541=EDGE_LOOP('',(#936,#937,#938,#939,#940,#941,#942,#943,#944,#945,#946,
#947));
#5542=EDGE_LOOP('',(#948,#949,#950,#951));
#5543=EDGE_LOOP('',(#952,#953,#954,#955,#956,#957,#958,#959,#960));
#5544=EDGE_LOOP('',(#961,#962,#963,#964));
#5545=EDGE_LOOP('',(#965,#966,#967,#968,#969,#970,#971,#972,#973));
#5546=EDGE_LOOP('',(#974,#975,#976,#977,#978,#979));
#5547=EDGE_LOOP('',(#980));
#5548=EDGE_LOOP('',(#981,#982,#983,#984,#985,#986,#987,#988,#989,#990,#991,
#992,#993,#994,#995,#996,#997,#998));
#5549=EDGE_LOOP('',(#999,#1000,#1001,#1002,#1003));
#5550=EDGE_LOOP('',(#1004,#1005,#1006,#1007,#1008));
#5551=EDGE_LOOP('',(#1009,#1010,#1011,#1012,#1013,#1014,#1015,#1016,#1017,
#1018,#1019,#1020,#1021,#1022,#1023,#1024,#1025,#1026,#1027));
#5552=EDGE_LOOP('',(#1028,#1029,#1030,#1031));
#5553=EDGE_LOOP('',(#1032,#1033,#1034,#1035));
#5554=EDGE_LOOP('',(#1036,#1037,#1038,#1039));
#5555=EDGE_LOOP('',(#1040,#1041,#1042,#1043));
#5556=EDGE_LOOP('',(#1044,#1045,#1046,#1047));
#5557=EDGE_LOOP('',(#1048,#1049,#1050,#1051));
#5558=EDGE_LOOP('',(#1052,#1053,#1054,#1055,#1056,#1057));
#5559=EDGE_LOOP('',(#1058,#1059,#1060,#1061));
#5560=EDGE_LOOP('',(#1062));
#5561=EDGE_LOOP('',(#1063));
#5562=EDGE_LOOP('',(#1064,#1065,#1066,#1067,#1068,#1069));
#5563=EDGE_LOOP('',(#1070,#1071,#1072,#1073,#1074,#1075,#1076,#1077,#1078,
#1079,#1080,#1081,#1082,#1083,#1084,#1085,#1086,#1087,#1088,#1089,#1090,
#1091,#1092,#1093,#1094,#1095,#1096,#1097,#1098,#1099,#1100,#1101,#1102,
#1103,#1104,#1105,#1106,#1107,#1108,#1109,#1110,#1111,#1112,#1113,#1114,
#1115,#1116,#1117,#1118,#1119,#1120,#1121,#1122,#1123,#1124,#1125,#1126,
#1127,#1128,#1129,#1130,#1131,#1132,#1133,#1134,#1135,#1136,#1137,#1138,
#1139,#1140,#1141,#1142,#1143,#1144,#1145,#1146,#1147,#1148,#1149,#1150,
#1151,#1152,#1153,#1154,#1155,#1156,#1157,#1158,#1159,#1160,#1161,#1162,
#1163,#1164,#1165,#1166,#1167,#1168,#1169,#1170,#1171,#1172,#1173,#1174,
#1175,#1176,#1177,#1178,#1179,#1180,#1181,#1182,#1183,#1184,#1185,#1186,
#1187,#1188,#1189,#1190,#1191,#1192,#1193,#1194,#1195,#1196,#1197,#1198,
#1199,#1200,#1201,#1202,#1203,#1204,#1205,#1206,#1207,#1208,#1209,#1210,
#1211,#1212,#1213,#1214,#1215,#1216,#1217,#1218,#1219,#1220,#1221,#1222,
#1223,#1224,#1225,#1226,#1227,#1228,#1229,#1230,#1231,#1232,#1233,#1234,
#1235,#1236,#1237,#1238,#1239,#1240,#1241));
#5564=EDGE_LOOP('',(#1242,#1243,#1244,#1245,#1246,#1247,#1248,#1249,#1250,
#1251,#1252,#1253,#1254,#1255,#1256,#1257,#1258,#1259,#1260,#1261,#1262,
#1263,#1264,#1265,#1266,#1267,#1268,#1269,#1270,#1271,#1272,#1273,#1274,
#1275,#1276,#1277,#1278,#1279,#1280,#1281,#1282,#1283,#1284,#1285,#1286,
#1287,#1288,#1289,#1290,#1291,#1292,#1293,#1294,#1295,#1296,#1297,#1298,
#1299,#1300,#1301,#1302,#1303,#1304,#1305,#1306,#1307,#1308,#1309,#1310,
#1311,#1312,#1313,#1314,#1315,#1316,#1317,#1318,#1319,#1320,#1321,#1322,
#1323,#1324,#1325,#1326,#1327,#1328,#1329,#1330,#1331,#1332,#1333,#1334,
#1335,#1336,#1337,#1338,#1339));
#5565=EDGE_LOOP('',(#1340));
#5566=EDGE_LOOP('',(#1341,#1342,#1343,#1344));
#5567=EDGE_LOOP('',(#1345,#1346,#1347,#1348));
#5568=EDGE_LOOP('',(#1349,#1350,#1351,#1352));
#5569=EDGE_LOOP('',(#1353,#1354,#1355,#1356));
#5570=EDGE_LOOP('',(#1357,#1358,#1359,#1360));
#5571=EDGE_LOOP('',(#1361,#1362,#1363,#1364,#1365,#1366,#1367,#1368,#1369,
#1370,#1371,#1372,#1373,#1374,#1375,#1376));
#5572=EDGE_LOOP('',(#1377,#1378,#1379,#1380));
#5573=EDGE_LOOP('',(#1381,#1382,#1383,#1384));
#5574=EDGE_LOOP('',(#1385,#1386,#1387,#1388));
#5575=EDGE_LOOP('',(#1389,#1390,#1391,#1392));
#5576=EDGE_LOOP('',(#1393,#1394,#1395,#1396));
#5577=EDGE_LOOP('',(#1397,#1398,#1399,#1400));
#5578=EDGE_LOOP('',(#1401,#1402,#1403,#1404,#1405,#1406));
#5579=EDGE_LOOP('',(#1407,#1408,#1409,#1410,#1411,#1412));
#5580=EDGE_LOOP('',(#1413,#1414,#1415,#1416,#1417,#1418));
#5581=EDGE_LOOP('',(#1419,#1420,#1421,#1422,#1423,#1424));
#5582=EDGE_LOOP('',(#1425,#1426,#1427,#1428));
#5583=EDGE_LOOP('',(#1429,#1430,#1431,#1432));
#5584=EDGE_LOOP('',(#1433,#1434,#1435,#1436));
#5585=EDGE_LOOP('',(#1437,#1438,#1439,#1440));
#5586=EDGE_LOOP('',(#1441,#1442,#1443,#1444));
#5587=EDGE_LOOP('',(#1445,#1446,#1447,#1448));
#5588=EDGE_LOOP('',(#1449,#1450,#1451,#1452));
#5589=EDGE_LOOP('',(#1453,#1454,#1455,#1456));
#5590=EDGE_LOOP('',(#1457,#1458,#1459,#1460));
#5591=EDGE_LOOP('',(#1461,#1462,#1463,#1464));
#5592=EDGE_LOOP('',(#1465,#1466,#1467,#1468));
#5593=EDGE_LOOP('',(#1469,#1470,#1471,#1472));
#5594=EDGE_LOOP('',(#1473,#1474,#1475,#1476));
#5595=EDGE_LOOP('',(#1477,#1478,#1479,#1480));
#5596=EDGE_LOOP('',(#1481,#1482,#1483,#1484));
#5597=EDGE_LOOP('',(#1485,#1486,#1487,#1488));
#5598=EDGE_LOOP('',(#1489,#1490,#1491,#1492));
#5599=EDGE_LOOP('',(#1493,#1494,#1495,#1496));
#5600=EDGE_LOOP('',(#1497,#1498,#1499,#1500));
#5601=EDGE_LOOP('',(#1501,#1502,#1503,#1504));
#5602=EDGE_LOOP('',(#1505,#1506,#1507,#1508));
#5603=EDGE_LOOP('',(#1509,#1510,#1511,#1512));
#5604=EDGE_LOOP('',(#1513,#1514,#1515,#1516));
#5605=EDGE_LOOP('',(#1517,#1518,#1519,#1520));
#5606=EDGE_LOOP('',(#1521,#1522,#1523,#1524));
#5607=EDGE_LOOP('',(#1525,#1526,#1527,#1528));
#5608=EDGE_LOOP('',(#1529,#1530,#1531,#1532));
#5609=EDGE_LOOP('',(#1533,#1534,#1535,#1536));
#5610=EDGE_LOOP('',(#1537,#1538,#1539,#1540));
#5611=EDGE_LOOP('',(#1541,#1542,#1543,#1544));
#5612=EDGE_LOOP('',(#1545,#1546,#1547,#1548));
#5613=EDGE_LOOP('',(#1549,#1550,#1551,#1552));
#5614=EDGE_LOOP('',(#1553,#1554,#1555,#1556));
#5615=EDGE_LOOP('',(#1557,#1558,#1559,#1560));
#5616=EDGE_LOOP('',(#1561,#1562,#1563,#1564));
#5617=EDGE_LOOP('',(#1565,#1566,#1567,#1568));
#5618=EDGE_LOOP('',(#1569,#1570,#1571,#1572));
#5619=EDGE_LOOP('',(#1573,#1574,#1575,#1576));
#5620=EDGE_LOOP('',(#1577,#1578,#1579,#1580));
#5621=EDGE_LOOP('',(#1581,#1582,#1583,#1584));
#5622=EDGE_LOOP('',(#1585,#1586,#1587,#1588));
#5623=EDGE_LOOP('',(#1589,#1590,#1591,#1592));
#5624=EDGE_LOOP('',(#1593,#1594,#1595,#1596));
#5625=EDGE_LOOP('',(#1597,#1598,#1599,#1600,#1601,#1602,#1603,#1604,#1605,
#1606,#1607,#1608,#1609,#1610,#1611,#1612,#1613,#1614,#1615,#1616,#1617,
#1618,#1619,#1620,#1621,#1622,#1623,#1624,#1625,#1626,#1627,#1628,#1629,
#1630,#1631,#1632,#1633,#1634,#1635,#1636,#1637,#1638,#1639,#1640,#1641,
#1642,#1643,#1644,#1645));
#5626=EDGE_LOOP('',(#1646,#1647,#1648,#1649));
#5627=EDGE_LOOP('',(#1650,#1651,#1652,#1653));
#5628=EDGE_LOOP('',(#1654,#1655,#1656,#1657,#1658,#1659));
#5629=EDGE_LOOP('',(#1660,#1661,#1662,#1663,#1664,#1665));
#5630=EDGE_LOOP('',(#1666,#1667,#1668,#1669,#1670,#1671));
#5631=EDGE_LOOP('',(#1672,#1673,#1674,#1675,#1676,#1677));
#5632=EDGE_LOOP('',(#1678,#1679,#1680,#1681,#1682,#1683,#1684,#1685,#1686,
#1687,#1688,#1689,#1690,#1691,#1692,#1693,#1694,#1695,#1696,#1697,#1698,
#1699,#1700,#1701,#1702,#1703,#1704,#1705,#1706,#1707,#1708,#1709,#1710,
#1711,#1712,#1713,#1714,#1715,#1716,#1717,#1718,#1719,#1720,#1721,#1722,
#1723,#1724,#1725,#1726,#1727,#1728,#1729,#1730,#1731,#1732,#1733,#1734,
#1735,#1736,#1737,#1738,#1739,#1740,#1741,#1742,#1743,#1744,#1745,#1746,
#1747,#1748,#1749,#1750,#1751,#1752,#1753,#1754,#1755,#1756,#1757,#1758,
#1759,#1760,#1761,#1762));
#5633=EDGE_LOOP('',(#1763,#1764,#1765,#1766,#1767,#1768,#1769,#1770,#1771,
#1772,#1773,#1774,#1775,#1776));
#5634=EDGE_LOOP('',(#1777,#1778,#1779,#1780));
#5635=EDGE_LOOP('',(#1781,#1782,#1783,#1784));
#5636=EDGE_LOOP('',(#1785,#1786,#1787,#1788));
#5637=EDGE_LOOP('',(#1789,#1790,#1791,#1792));
#5638=EDGE_LOOP('',(#1793,#1794,#1795,#1796));
#5639=EDGE_LOOP('',(#1797,#1798,#1799,#1800));
#5640=EDGE_LOOP('',(#1801,#1802,#1803,#1804));
#5641=EDGE_LOOP('',(#1805,#1806,#1807,#1808));
#5642=EDGE_LOOP('',(#1809,#1810,#1811,#1812));
#5643=EDGE_LOOP('',(#1813,#1814,#1815,#1816));
#5644=EDGE_LOOP('',(#1817,#1818,#1819,#1820));
#5645=EDGE_LOOP('',(#1821,#1822,#1823,#1824));
#5646=EDGE_LOOP('',(#1825,#1826,#1827,#1828));
#5647=EDGE_LOOP('',(#1829,#1830,#1831,#1832));
#5648=EDGE_LOOP('',(#1833,#1834,#1835,#1836));
#5649=EDGE_LOOP('',(#1837,#1838,#1839,#1840));
#5650=EDGE_LOOP('',(#1841,#1842,#1843,#1844));
#5651=EDGE_LOOP('',(#1845,#1846,#1847,#1848));
#5652=EDGE_LOOP('',(#1849,#1850,#1851,#1852));
#5653=EDGE_LOOP('',(#1853,#1854,#1855,#1856));
#5654=EDGE_LOOP('',(#1857,#1858,#1859,#1860));
#5655=EDGE_LOOP('',(#1861,#1862,#1863,#1864));
#5656=EDGE_LOOP('',(#1865,#1866,#1867,#1868));
#5657=EDGE_LOOP('',(#1869,#1870,#1871,#1872));
#5658=EDGE_LOOP('',(#1873,#1874,#1875,#1876));
#5659=EDGE_LOOP('',(#1877,#1878,#1879,#1880));
#5660=EDGE_LOOP('',(#1881,#1882,#1883,#1884));
#5661=EDGE_LOOP('',(#1885,#1886,#1887,#1888));
#5662=EDGE_LOOP('',(#1889,#1890,#1891,#1892));
#5663=EDGE_LOOP('',(#1893,#1894,#1895,#1896));
#5664=EDGE_LOOP('',(#1897,#1898,#1899,#1900));
#5665=EDGE_LOOP('',(#1901,#1902,#1903,#1904));
#5666=EDGE_LOOP('',(#1905,#1906,#1907,#1908));
#5667=EDGE_LOOP('',(#1909,#1910,#1911,#1912));
#5668=EDGE_LOOP('',(#1913,#1914,#1915,#1916));
#5669=EDGE_LOOP('',(#1917,#1918,#1919,#1920));
#5670=EDGE_LOOP('',(#1921,#1922,#1923,#1924));
#5671=EDGE_LOOP('',(#1925,#1926,#1927,#1928));
#5672=EDGE_LOOP('',(#1929,#1930,#1931,#1932));
#5673=EDGE_LOOP('',(#1933,#1934,#1935,#1936));
#5674=EDGE_LOOP('',(#1937,#1938,#1939,#1940));
#5675=EDGE_LOOP('',(#1941,#1942,#1943,#1944));
#5676=EDGE_LOOP('',(#1945,#1946,#1947,#1948));
#5677=EDGE_LOOP('',(#1949,#1950,#1951,#1952));
#5678=EDGE_LOOP('',(#1953,#1954,#1955,#1956));
#5679=EDGE_LOOP('',(#1957,#1958,#1959,#1960));
#5680=EDGE_LOOP('',(#1961,#1962,#1963,#1964));
#5681=EDGE_LOOP('',(#1965,#1966,#1967,#1968));
#5682=EDGE_LOOP('',(#1969,#1970,#1971,#1972));
#5683=EDGE_LOOP('',(#1973,#1974,#1975,#1976));
#5684=EDGE_LOOP('',(#1977,#1978,#1979,#1980));
#5685=EDGE_LOOP('',(#1981,#1982,#1983,#1984));
#5686=EDGE_LOOP('',(#1985,#1986,#1987,#1988));
#5687=EDGE_LOOP('',(#1989,#1990,#1991,#1992));
#5688=EDGE_LOOP('',(#1993,#1994,#1995,#1996));
#5689=EDGE_LOOP('',(#1997,#1998,#1999,#2000));
#5690=EDGE_LOOP('',(#2001,#2002,#2003,#2004));
#5691=EDGE_LOOP('',(#2005,#2006,#2007,#2008));
#5692=EDGE_LOOP('',(#2009,#2010,#2011,#2012));
#5693=EDGE_LOOP('',(#2013,#2014,#2015,#2016));
#5694=EDGE_LOOP('',(#2017,#2018,#2019,#2020));
#5695=EDGE_LOOP('',(#2021,#2022,#2023,#2024));
#5696=EDGE_LOOP('',(#2025,#2026,#2027,#2028));
#5697=EDGE_LOOP('',(#2029,#2030,#2031,#2032));
#5698=EDGE_LOOP('',(#2033,#2034,#2035,#2036));
#5699=EDGE_LOOP('',(#2037,#2038,#2039,#2040));
#5700=EDGE_LOOP('',(#2041,#2042,#2043,#2044));
#5701=EDGE_LOOP('',(#2045,#2046,#2047,#2048));
#5702=EDGE_LOOP('',(#2049,#2050,#2051,#2052));
#5703=EDGE_LOOP('',(#2053,#2054,#2055,#2056));
#5704=EDGE_LOOP('',(#2057,#2058,#2059,#2060));
#5705=EDGE_LOOP('',(#2061,#2062,#2063,#2064));
#5706=EDGE_LOOP('',(#2065,#2066,#2067,#2068));
#5707=EDGE_LOOP('',(#2069,#2070,#2071,#2072));
#5708=EDGE_LOOP('',(#2073,#2074,#2075,#2076));
#5709=EDGE_LOOP('',(#2077,#2078,#2079,#2080));
#5710=EDGE_LOOP('',(#2081,#2082,#2083,#2084));
#5711=EDGE_LOOP('',(#2085,#2086,#2087,#2088));
#5712=EDGE_LOOP('',(#2089,#2090,#2091,#2092));
#5713=EDGE_LOOP('',(#2093,#2094,#2095,#2096));
#5714=EDGE_LOOP('',(#2097,#2098,#2099,#2100));
#5715=EDGE_LOOP('',(#2101,#2102,#2103,#2104));
#5716=EDGE_LOOP('',(#2105,#2106,#2107,#2108));
#5717=EDGE_LOOP('',(#2109,#2110,#2111,#2112));
#5718=EDGE_LOOP('',(#2113,#2114,#2115,#2116));
#5719=EDGE_LOOP('',(#2117,#2118,#2119,#2120));
#5720=EDGE_LOOP('',(#2121,#2122,#2123,#2124));
#5721=EDGE_LOOP('',(#2125,#2126,#2127,#2128));
#5722=EDGE_LOOP('',(#2129,#2130,#2131,#2132));
#5723=EDGE_LOOP('',(#2133,#2134,#2135,#2136));
#5724=EDGE_LOOP('',(#2137,#2138,#2139,#2140));
#5725=EDGE_LOOP('',(#2141,#2142,#2143,#2144));
#5726=EDGE_LOOP('',(#2145,#2146,#2147,#2148));
#5727=EDGE_LOOP('',(#2149,#2150,#2151,#2152));
#5728=EDGE_LOOP('',(#2153,#2154,#2155,#2156));
#5729=EDGE_LOOP('',(#2157,#2158,#2159,#2160,#2161,#2162));
#5730=EDGE_LOOP('',(#2163,#2164,#2165,#2166,#2167,#2168,#2169,#2170,#2171,
#2172,#2173,#2174,#2175,#2176,#2177,#2178,#2179,#2180,#2181,#2182,#2183,
#2184,#2185,#2186,#2187));
#5731=EDGE_LOOP('',(#2188,#2189,#2190,#2191));
#5732=EDGE_LOOP('',(#2192,#2193,#2194,#2195,#2196,#2197));
#5733=EDGE_LOOP('',(#2198,#2199,#2200,#2201));
#5734=EDGE_LOOP('',(#2202,#2203,#2204,#2205));
#5735=EDGE_LOOP('',(#2206,#2207,#2208,#2209));
#5736=EDGE_LOOP('',(#2210,#2211,#2212,#2213));
#5737=EDGE_LOOP('',(#2214,#2215,#2216,#2217));
#5738=EDGE_LOOP('',(#2218,#2219,#2220,#2221));
#5739=EDGE_LOOP('',(#2222,#2223,#2224,#2225));
#5740=EDGE_LOOP('',(#2226,#2227,#2228,#2229));
#5741=EDGE_LOOP('',(#2230,#2231,#2232,#2233));
#5742=EDGE_LOOP('',(#2234,#2235,#2236,#2237));
#5743=EDGE_LOOP('',(#2238,#2239,#2240,#2241));
#5744=EDGE_LOOP('',(#2242,#2243,#2244,#2245));
#5745=EDGE_LOOP('',(#2246,#2247,#2248,#2249));
#5746=EDGE_LOOP('',(#2250,#2251,#2252,#2253));
#5747=EDGE_LOOP('',(#2254,#2255,#2256,#2257));
#5748=EDGE_LOOP('',(#2258,#2259,#2260,#2261));
#5749=EDGE_LOOP('',(#2262,#2263,#2264,#2265));
#5750=EDGE_LOOP('',(#2266,#2267,#2268,#2269));
#5751=EDGE_LOOP('',(#2270,#2271,#2272,#2273));
#5752=EDGE_LOOP('',(#2274,#2275,#2276,#2277));
#5753=EDGE_LOOP('',(#2278,#2279,#2280,#2281));
#5754=EDGE_LOOP('',(#2282,#2283,#2284,#2285));
#5755=EDGE_LOOP('',(#2286,#2287,#2288,#2289));
#5756=EDGE_LOOP('',(#2290,#2291,#2292,#2293));
#5757=EDGE_LOOP('',(#2294,#2295,#2296,#2297));
#5758=EDGE_LOOP('',(#2298,#2299,#2300,#2301));
#5759=EDGE_LOOP('',(#2302,#2303,#2304,#2305));
#5760=EDGE_LOOP('',(#2306,#2307,#2308,#2309));
#5761=EDGE_LOOP('',(#2310,#2311,#2312,#2313));
#5762=EDGE_LOOP('',(#2314,#2315,#2316,#2317));
#5763=EDGE_LOOP('',(#2318,#2319,#2320,#2321));
#5764=EDGE_LOOP('',(#2322,#2323,#2324,#2325));
#5765=EDGE_LOOP('',(#2326,#2327,#2328,#2329));
#5766=EDGE_LOOP('',(#2330,#2331,#2332,#2333));
#5767=EDGE_LOOP('',(#2334,#2335,#2336,#2337));
#5768=EDGE_LOOP('',(#2338,#2339,#2340,#2341));
#5769=EDGE_LOOP('',(#2342,#2343,#2344,#2345));
#5770=EDGE_LOOP('',(#2346,#2347,#2348,#2349));
#5771=EDGE_LOOP('',(#2350,#2351,#2352,#2353));
#5772=EDGE_LOOP('',(#2354,#2355,#2356,#2357));
#5773=EDGE_LOOP('',(#2358,#2359,#2360,#2361));
#5774=EDGE_LOOP('',(#2362,#2363,#2364,#2365));
#5775=EDGE_LOOP('',(#2366,#2367,#2368,#2369));
#5776=EDGE_LOOP('',(#2370,#2371,#2372,#2373));
#5777=EDGE_LOOP('',(#2374,#2375,#2376,#2377));
#5778=EDGE_LOOP('',(#2378,#2379,#2380,#2381));
#5779=EDGE_LOOP('',(#2382,#2383,#2384,#2385));
#5780=EDGE_LOOP('',(#2386,#2387,#2388,#2389));
#5781=EDGE_LOOP('',(#2390,#2391,#2392,#2393));
#5782=EDGE_LOOP('',(#2394,#2395,#2396,#2397));
#5783=EDGE_LOOP('',(#2398,#2399,#2400,#2401));
#5784=EDGE_LOOP('',(#2402,#2403,#2404,#2405));
#5785=EDGE_LOOP('',(#2406,#2407,#2408,#2409));
#5786=EDGE_LOOP('',(#2410,#2411,#2412,#2413));
#5787=EDGE_LOOP('',(#2414,#2415,#2416,#2417));
#5788=EDGE_LOOP('',(#2418,#2419,#2420,#2421));
#5789=EDGE_LOOP('',(#2422,#2423,#2424,#2425));
#5790=EDGE_LOOP('',(#2426,#2427,#2428,#2429));
#5791=EDGE_LOOP('',(#2430,#2431,#2432,#2433));
#5792=EDGE_LOOP('',(#2434,#2435,#2436,#2437));
#5793=EDGE_LOOP('',(#2438,#2439,#2440,#2441));
#5794=EDGE_LOOP('',(#2442,#2443,#2444,#2445));
#5795=EDGE_LOOP('',(#2446,#2447,#2448,#2449));
#5796=EDGE_LOOP('',(#2450,#2451,#2452,#2453));
#5797=EDGE_LOOP('',(#2454,#2455,#2456,#2457));
#5798=EDGE_LOOP('',(#2458,#2459,#2460,#2461));
#5799=EDGE_LOOP('',(#2462,#2463,#2464,#2465));
#5800=EDGE_LOOP('',(#2466,#2467,#2468,#2469));
#5801=EDGE_LOOP('',(#2470,#2471,#2472,#2473));
#5802=EDGE_LOOP('',(#2474,#2475,#2476,#2477));
#5803=EDGE_LOOP('',(#2478,#2479,#2480,#2481));
#5804=EDGE_LOOP('',(#2482,#2483,#2484,#2485));
#5805=EDGE_LOOP('',(#2486,#2487,#2488,#2489));
#5806=EDGE_LOOP('',(#2490,#2491,#2492,#2493));
#5807=EDGE_LOOP('',(#2494,#2495,#2496,#2497));
#5808=EDGE_LOOP('',(#2498,#2499,#2500,#2501));
#5809=EDGE_LOOP('',(#2502,#2503,#2504,#2505));
#5810=EDGE_LOOP('',(#2506,#2507,#2508,#2509));
#5811=EDGE_LOOP('',(#2510,#2511,#2512,#2513));
#5812=EDGE_LOOP('',(#2514,#2515,#2516,#2517));
#5813=EDGE_LOOP('',(#2518,#2519,#2520,#2521));
#5814=EDGE_LOOP('',(#2522,#2523,#2524,#2525));
#5815=EDGE_LOOP('',(#2526,#2527,#2528,#2529));
#5816=EDGE_LOOP('',(#2530,#2531,#2532,#2533));
#5817=EDGE_LOOP('',(#2534,#2535,#2536,#2537));
#5818=EDGE_LOOP('',(#2538,#2539,#2540,#2541));
#5819=EDGE_LOOP('',(#2542,#2543,#2544,#2545));
#5820=EDGE_LOOP('',(#2546,#2547,#2548,#2549));
#5821=EDGE_LOOP('',(#2550,#2551,#2552,#2553));
#5822=EDGE_LOOP('',(#2554,#2555,#2556,#2557));
#5823=EDGE_LOOP('',(#2558,#2559,#2560,#2561));
#5824=EDGE_LOOP('',(#2562,#2563,#2564,#2565));
#5825=EDGE_LOOP('',(#2566,#2567,#2568,#2569));
#5826=EDGE_LOOP('',(#2570,#2571,#2572,#2573));
#5827=EDGE_LOOP('',(#2574,#2575,#2576,#2577));
#5828=EDGE_LOOP('',(#2578,#2579,#2580,#2581));
#5829=EDGE_LOOP('',(#2582,#2583,#2584,#2585));
#5830=EDGE_LOOP('',(#2586,#2587,#2588,#2589));
#5831=EDGE_LOOP('',(#2590,#2591,#2592,#2593));
#5832=EDGE_LOOP('',(#2594,#2595,#2596,#2597));
#5833=EDGE_LOOP('',(#2598,#2599,#2600,#2601));
#5834=EDGE_LOOP('',(#2602,#2603,#2604,#2605));
#5835=EDGE_LOOP('',(#2606,#2607,#2608,#2609));
#5836=EDGE_LOOP('',(#2610,#2611,#2612,#2613));
#5837=EDGE_LOOP('',(#2614,#2615,#2616,#2617));
#5838=EDGE_LOOP('',(#2618,#2619,#2620,#2621));
#5839=EDGE_LOOP('',(#2622,#2623,#2624,#2625));
#5840=EDGE_LOOP('',(#2626,#2627,#2628,#2629));
#5841=EDGE_LOOP('',(#2630,#2631,#2632,#2633));
#5842=EDGE_LOOP('',(#2634,#2635,#2636,#2637));
#5843=EDGE_LOOP('',(#2638,#2639,#2640,#2641));
#5844=EDGE_LOOP('',(#2642,#2643,#2644,#2645));
#5845=EDGE_LOOP('',(#2646,#2647,#2648,#2649));
#5846=EDGE_LOOP('',(#2650,#2651,#2652,#2653));
#5847=EDGE_LOOP('',(#2654,#2655,#2656,#2657));
#5848=EDGE_LOOP('',(#2658,#2659,#2660,#2661));
#5849=EDGE_LOOP('',(#2662,#2663,#2664,#2665));
#5850=EDGE_LOOP('',(#2666,#2667,#2668,#2669));
#5851=EDGE_LOOP('',(#2670,#2671,#2672,#2673));
#5852=EDGE_LOOP('',(#2674,#2675,#2676,#2677));
#5853=EDGE_LOOP('',(#2678,#2679,#2680,#2681));
#5854=EDGE_LOOP('',(#2682,#2683,#2684,#2685));
#5855=EDGE_LOOP('',(#2686,#2687,#2688,#2689));
#5856=EDGE_LOOP('',(#2690,#2691,#2692,#2693));
#5857=EDGE_LOOP('',(#2694,#2695,#2696,#2697));
#5858=EDGE_LOOP('',(#2698,#2699,#2700,#2701));
#5859=EDGE_LOOP('',(#2702,#2703,#2704,#2705));
#5860=EDGE_LOOP('',(#2706,#2707,#2708,#2709));
#5861=EDGE_LOOP('',(#2710,#2711,#2712,#2713));
#5862=EDGE_LOOP('',(#2714,#2715,#2716,#2717));
#5863=EDGE_LOOP('',(#2718,#2719,#2720,#2721));
#5864=EDGE_LOOP('',(#2722,#2723,#2724,#2725));
#5865=EDGE_LOOP('',(#2726,#2727,#2728,#2729));
#5866=EDGE_LOOP('',(#2730,#2731,#2732,#2733));
#5867=EDGE_LOOP('',(#2734,#2735,#2736,#2737));
#5868=EDGE_LOOP('',(#2738,#2739,#2740,#2741));
#5869=EDGE_LOOP('',(#2742,#2743,#2744,#2745));
#5870=EDGE_LOOP('',(#2746,#2747,#2748,#2749));
#5871=EDGE_LOOP('',(#2750,#2751,#2752,#2753));
#5872=EDGE_LOOP('',(#2754,#2755,#2756,#2757));
#5873=EDGE_LOOP('',(#2758,#2759,#2760,#2761));
#5874=EDGE_LOOP('',(#2762,#2763,#2764,#2765));
#5875=EDGE_LOOP('',(#2766,#2767,#2768,#2769,#2770,#2771,#2772,#2773,#2774,
#2775,#2776,#2777,#2778,#2779,#2780,#2781,#2782,#2783,#2784,#2785,#2786,
#2787));
#5876=EDGE_LOOP('',(#2788,#2789,#2790,#2791,#2792,#2793,#2794,#2795,#2796,
#2797,#2798,#2799,#2800,#2801,#2802,#2803,#2804,#2805,#2806,#2807,#2808,
#2809,#2810,#2811,#2812,#2813,#2814,#2815,#2816,#2817,#2818,#2819,#2820,
#2821,#2822,#2823,#2824,#2825,#2826,#2827,#2828,#2829,#2830,#2831,#2832,
#2833,#2834,#2835,#2836,#2837,#2838,#2839,#2840,#2841,#2842,#2843,#2844,
#2845,#2846,#2847,#2848,#2849,#2850,#2851,#2852,#2853,#2854,#2855,#2856,
#2857,#2858,#2859,#2860,#2861,#2862,#2863,#2864,#2865,#2866,#2867,#2868,
#2869,#2870,#2871,#2872,#2873,#2874,#2875,#2876,#2877,#2878,#2879,#2880,
#2881,#2882,#2883,#2884,#2885));
#5877=EDGE_LOOP('',(#2886,#2887,#2888,#2889,#2890,#2891,#2892,#2893,#2894,
#2895,#2896,#2897,#2898,#2899,#2900,#2901,#2902,#2903,#2904,#2905,#2906,
#2907));
#5878=EDGE_LOOP('',(#2908,#2909,#2910,#2911,#2912,#2913,#2914,#2915));
#5879=EDGE_LOOP('',(#2916,#2917,#2918,#2919,#2920,#2921));
#5880=EDGE_LOOP('',(#2922,#2923,#2924,#2925));
#5881=EDGE_LOOP('',(#2926,#2927,#2928,#2929,#2930,#2931,#2932,#2933));
#5882=EDGE_LOOP('',(#2934,#2935,#2936,#2937,#2938,#2939));
#5883=EDGE_LOOP('',(#2940,#2941,#2942,#2943));
#5884=EDGE_LOOP('',(#2944,#2945,#2946,#2947));
#5885=EDGE_LOOP('',(#2948,#2949,#2950,#2951));
#5886=EDGE_LOOP('',(#2952,#2953,#2954,#2955));
#5887=EDGE_LOOP('',(#2956,#2957,#2958,#2959));
#5888=EDGE_LOOP('',(#2960,#2961,#2962,#2963));
#5889=EDGE_LOOP('',(#2964,#2965,#2966,#2967));
#5890=FACE_BOUND('',#5537,.T.);
#5891=FACE_BOUND('',#5538,.T.);
#5892=FACE_BOUND('',#5539,.T.);
#5893=FACE_BOUND('',#5540,.T.);
#5894=FACE_BOUND('',#5541,.T.);
#5895=FACE_BOUND('',#5542,.T.);
#5896=FACE_BOUND('',#5543,.T.);
#5897=FACE_BOUND('',#5544,.T.);
#5898=FACE_BOUND('',#5545,.T.);
#5899=FACE_BOUND('',#5546,.T.);
#5900=FACE_BOUND('',#5547,.T.);
#5901=FACE_BOUND('',#5548,.T.);
#5902=FACE_BOUND('',#5549,.T.);
#5903=FACE_BOUND('',#5550,.T.);
#5904=FACE_BOUND('',#5551,.T.);
#5905=FACE_BOUND('',#5552,.T.);
#5906=FACE_BOUND('',#5553,.T.);
#5907=FACE_BOUND('',#5554,.T.);
#5908=FACE_BOUND('',#5555,.T.);
#5909=FACE_BOUND('',#5556,.T.);
#5910=FACE_BOUND('',#5557,.T.);
#5911=FACE_BOUND('',#5558,.T.);
#5912=FACE_BOUND('',#5559,.T.);
#5913=FACE_BOUND('',#5560,.T.);
#5914=FACE_BOUND('',#5561,.T.);
#5915=FACE_BOUND('',#5562,.T.);
#5916=FACE_BOUND('',#5563,.T.);
#5917=FACE_BOUND('',#5564,.T.);
#5918=FACE_BOUND('',#5565,.T.);
#5919=FACE_BOUND('',#5566,.T.);
#5920=FACE_BOUND('',#5567,.T.);
#5921=FACE_BOUND('',#5568,.T.);
#5922=FACE_BOUND('',#5569,.T.);
#5923=FACE_BOUND('',#5570,.T.);
#5924=FACE_BOUND('',#5571,.T.);
#5925=FACE_BOUND('',#5572,.T.);
#5926=FACE_BOUND('',#5573,.T.);
#5927=FACE_BOUND('',#5574,.T.);
#5928=FACE_BOUND('',#5575,.T.);
#5929=FACE_BOUND('',#5576,.T.);
#5930=FACE_BOUND('',#5577,.T.);
#5931=FACE_BOUND('',#5578,.T.);
#5932=FACE_BOUND('',#5579,.T.);
#5933=FACE_BOUND('',#5580,.T.);
#5934=FACE_BOUND('',#5581,.T.);
#5935=FACE_BOUND('',#5582,.T.);
#5936=FACE_BOUND('',#5583,.T.);
#5937=FACE_BOUND('',#5584,.T.);
#5938=FACE_BOUND('',#5585,.T.);
#5939=FACE_BOUND('',#5586,.T.);
#5940=FACE_BOUND('',#5587,.T.);
#5941=FACE_BOUND('',#5588,.T.);
#5942=FACE_BOUND('',#5589,.T.);
#5943=FACE_BOUND('',#5590,.T.);
#5944=FACE_BOUND('',#5591,.T.);
#5945=FACE_BOUND('',#5592,.T.);
#5946=FACE_BOUND('',#5593,.T.);
#5947=FACE_BOUND('',#5594,.T.);
#5948=FACE_BOUND('',#5595,.T.);
#5949=FACE_BOUND('',#5596,.T.);
#5950=FACE_BOUND('',#5597,.T.);
#5951=FACE_BOUND('',#5598,.T.);
#5952=FACE_BOUND('',#5599,.T.);
#5953=FACE_BOUND('',#5600,.T.);
#5954=FACE_BOUND('',#5601,.T.);
#5955=FACE_BOUND('',#5602,.T.);
#5956=FACE_BOUND('',#5603,.T.);
#5957=FACE_BOUND('',#5604,.T.);
#5958=FACE_BOUND('',#5605,.T.);
#5959=FACE_BOUND('',#5606,.T.);
#5960=FACE_BOUND('',#5607,.T.);
#5961=FACE_BOUND('',#5608,.T.);
#5962=FACE_BOUND('',#5609,.T.);
#5963=FACE_BOUND('',#5610,.T.);
#5964=FACE_BOUND('',#5611,.T.);
#5965=FACE_BOUND('',#5612,.T.);
#5966=FACE_BOUND('',#5613,.T.);
#5967=FACE_BOUND('',#5614,.T.);
#5968=FACE_BOUND('',#5615,.T.);
#5969=FACE_BOUND('',#5616,.T.);
#5970=FACE_BOUND('',#5617,.T.);
#5971=FACE_BOUND('',#5618,.T.);
#5972=FACE_BOUND('',#5619,.T.);
#5973=FACE_BOUND('',#5620,.T.);
#5974=FACE_BOUND('',#5621,.T.);
#5975=FACE_BOUND('',#5622,.T.);
#5976=FACE_BOUND('',#5623,.T.);
#5977=FACE_BOUND('',#5624,.T.);
#5978=FACE_BOUND('',#5625,.T.);
#5979=FACE_BOUND('',#5626,.T.);
#5980=FACE_BOUND('',#5627,.T.);
#5981=FACE_BOUND('',#5628,.T.);
#5982=FACE_BOUND('',#5629,.T.);
#5983=FACE_BOUND('',#5630,.T.);
#5984=FACE_BOUND('',#5631,.T.);
#5985=FACE_BOUND('',#5632,.T.);
#5986=FACE_BOUND('',#5633,.T.);
#5987=FACE_BOUND('',#5634,.T.);
#5988=FACE_BOUND('',#5635,.T.);
#5989=FACE_BOUND('',#5636,.T.);
#5990=FACE_BOUND('',#5637,.T.);
#5991=FACE_BOUND('',#5638,.T.);
#5992=FACE_BOUND('',#5639,.T.);
#5993=FACE_BOUND('',#5640,.T.);
#5994=FACE_BOUND('',#5641,.T.);
#5995=FACE_BOUND('',#5642,.T.);
#5996=FACE_BOUND('',#5643,.T.);
#5997=FACE_BOUND('',#5644,.T.);
#5998=FACE_BOUND('',#5645,.T.);
#5999=FACE_BOUND('',#5646,.T.);
#6000=FACE_BOUND('',#5647,.T.);
#6001=FACE_BOUND('',#5648,.T.);
#6002=FACE_BOUND('',#5649,.T.);
#6003=FACE_BOUND('',#5650,.T.);
#6004=FACE_BOUND('',#5651,.T.);
#6005=FACE_BOUND('',#5652,.T.);
#6006=FACE_BOUND('',#5653,.T.);
#6007=FACE_BOUND('',#5654,.T.);
#6008=FACE_BOUND('',#5655,.T.);
#6009=FACE_BOUND('',#5656,.T.);
#6010=FACE_BOUND('',#5657,.T.);
#6011=FACE_BOUND('',#5658,.T.);
#6012=FACE_BOUND('',#5659,.T.);
#6013=FACE_BOUND('',#5660,.T.);
#6014=FACE_BOUND('',#5661,.T.);
#6015=FACE_BOUND('',#5662,.T.);
#6016=FACE_BOUND('',#5663,.T.);
#6017=FACE_BOUND('',#5664,.T.);
#6018=FACE_BOUND('',#5665,.T.);
#6019=FACE_BOUND('',#5666,.T.);
#6020=FACE_BOUND('',#5667,.T.);
#6021=FACE_BOUND('',#5668,.T.);
#6022=FACE_BOUND('',#5669,.T.);
#6023=FACE_BOUND('',#5670,.T.);
#6024=FACE_BOUND('',#5671,.T.);
#6025=FACE_BOUND('',#5672,.T.);
#6026=FACE_BOUND('',#5673,.T.);
#6027=FACE_BOUND('',#5674,.T.);
#6028=FACE_BOUND('',#5675,.T.);
#6029=FACE_BOUND('',#5676,.T.);
#6030=FACE_BOUND('',#5677,.T.);
#6031=FACE_BOUND('',#5678,.T.);
#6032=FACE_BOUND('',#5679,.T.);
#6033=FACE_BOUND('',#5680,.T.);
#6034=FACE_BOUND('',#5681,.T.);
#6035=FACE_BOUND('',#5682,.T.);
#6036=FACE_BOUND('',#5683,.T.);
#6037=FACE_BOUND('',#5684,.T.);
#6038=FACE_BOUND('',#5685,.T.);
#6039=FACE_BOUND('',#5686,.T.);
#6040=FACE_BOUND('',#5687,.T.);
#6041=FACE_BOUND('',#5688,.T.);
#6042=FACE_BOUND('',#5689,.T.);
#6043=FACE_BOUND('',#5690,.T.);
#6044=FACE_BOUND('',#5691,.T.);
#6045=FACE_BOUND('',#5692,.T.);
#6046=FACE_BOUND('',#5693,.T.);
#6047=FACE_BOUND('',#5694,.T.);
#6048=FACE_BOUND('',#5695,.T.);
#6049=FACE_BOUND('',#5696,.T.);
#6050=FACE_BOUND('',#5697,.T.);
#6051=FACE_BOUND('',#5698,.T.);
#6052=FACE_BOUND('',#5699,.T.);
#6053=FACE_BOUND('',#5700,.T.);
#6054=FACE_BOUND('',#5701,.T.);
#6055=FACE_BOUND('',#5702,.T.);
#6056=FACE_BOUND('',#5703,.T.);
#6057=FACE_BOUND('',#5704,.T.);
#6058=FACE_BOUND('',#5705,.T.);
#6059=FACE_BOUND('',#5706,.T.);
#6060=FACE_BOUND('',#5707,.T.);
#6061=FACE_BOUND('',#5708,.T.);
#6062=FACE_BOUND('',#5709,.T.);
#6063=FACE_BOUND('',#5710,.T.);
#6064=FACE_BOUND('',#5711,.T.);
#6065=FACE_BOUND('',#5712,.T.);
#6066=FACE_BOUND('',#5713,.T.);
#6067=FACE_BOUND('',#5714,.T.);
#6068=FACE_BOUND('',#5715,.T.);
#6069=FACE_BOUND('',#5716,.T.);
#6070=FACE_BOUND('',#5717,.T.);
#6071=FACE_BOUND('',#5718,.T.);
#6072=FACE_BOUND('',#5719,.T.);
#6073=FACE_BOUND('',#5720,.T.);
#6074=FACE_BOUND('',#5721,.T.);
#6075=FACE_BOUND('',#5722,.T.);
#6076=FACE_BOUND('',#5723,.T.);
#6077=FACE_BOUND('',#5724,.T.);
#6078=FACE_BOUND('',#5725,.T.);
#6079=FACE_BOUND('',#5726,.T.);
#6080=FACE_BOUND('',#5727,.T.);
#6081=FACE_BOUND('',#5728,.T.);
#6082=FACE_BOUND('',#5729,.T.);
#6083=FACE_BOUND('',#5730,.T.);
#6084=FACE_BOUND('',#5731,.T.);
#6085=FACE_BOUND('',#5732,.T.);
#6086=FACE_BOUND('',#5733,.T.);
#6087=FACE_BOUND('',#5734,.T.);
#6088=FACE_BOUND('',#5735,.T.);
#6089=FACE_BOUND('',#5736,.T.);
#6090=FACE_BOUND('',#5737,.T.);
#6091=FACE_BOUND('',#5738,.T.);
#6092=FACE_BOUND('',#5739,.T.);
#6093=FACE_BOUND('',#5740,.T.);
#6094=FACE_BOUND('',#5741,.T.);
#6095=FACE_BOUND('',#5742,.T.);
#6096=FACE_BOUND('',#5743,.T.);
#6097=FACE_BOUND('',#5744,.T.);
#6098=FACE_BOUND('',#5745,.T.);
#6099=FACE_BOUND('',#5746,.T.);
#6100=FACE_BOUND('',#5747,.T.);
#6101=FACE_BOUND('',#5748,.T.);
#6102=FACE_BOUND('',#5749,.T.);
#6103=FACE_BOUND('',#5750,.T.);
#6104=FACE_BOUND('',#5751,.T.);
#6105=FACE_BOUND('',#5752,.T.);
#6106=FACE_BOUND('',#5753,.T.);
#6107=FACE_BOUND('',#5754,.T.);
#6108=FACE_BOUND('',#5755,.T.);
#6109=FACE_BOUND('',#5756,.T.);
#6110=FACE_BOUND('',#5757,.T.);
#6111=FACE_BOUND('',#5758,.T.);
#6112=FACE_BOUND('',#5759,.T.);
#6113=FACE_BOUND('',#5760,.T.);
#6114=FACE_BOUND('',#5761,.T.);
#6115=FACE_BOUND('',#5762,.T.);
#6116=FACE_BOUND('',#5763,.T.);
#6117=FACE_BOUND('',#5764,.T.);
#6118=FACE_BOUND('',#5765,.T.);
#6119=FACE_BOUND('',#5766,.T.);
#6120=FACE_BOUND('',#5767,.T.);
#6121=FACE_BOUND('',#5768,.T.);
#6122=FACE_BOUND('',#5769,.T.);
#6123=FACE_BOUND('',#5770,.T.);
#6124=FACE_BOUND('',#5771,.T.);
#6125=FACE_BOUND('',#5772,.T.);
#6126=FACE_BOUND('',#5773,.T.);
#6127=FACE_BOUND('',#5774,.T.);
#6128=FACE_BOUND('',#5775,.T.);
#6129=FACE_BOUND('',#5776,.T.);
#6130=FACE_BOUND('',#5777,.T.);
#6131=FACE_BOUND('',#5778,.T.);
#6132=FACE_BOUND('',#5779,.T.);
#6133=FACE_BOUND('',#5780,.T.);
#6134=FACE_BOUND('',#5781,.T.);
#6135=FACE_BOUND('',#5782,.T.);
#6136=FACE_BOUND('',#5783,.T.);
#6137=FACE_BOUND('',#5784,.T.);
#6138=FACE_BOUND('',#5785,.T.);
#6139=FACE_BOUND('',#5786,.T.);
#6140=FACE_BOUND('',#5787,.T.);
#6141=FACE_BOUND('',#5788,.T.);
#6142=FACE_BOUND('',#5789,.T.);
#6143=FACE_BOUND('',#5790,.T.);
#6144=FACE_BOUND('',#5791,.T.);
#6145=FACE_BOUND('',#5792,.T.);
#6146=FACE_BOUND('',#5793,.T.);
#6147=FACE_BOUND('',#5794,.T.);
#6148=FACE_BOUND('',#5795,.T.);
#6149=FACE_BOUND('',#5796,.T.);
#6150=FACE_BOUND('',#5797,.T.);
#6151=FACE_BOUND('',#5798,.T.);
#6152=FACE_BOUND('',#5799,.T.);
#6153=FACE_BOUND('',#5800,.T.);
#6154=FACE_BOUND('',#5801,.T.);
#6155=FACE_BOUND('',#5802,.T.);
#6156=FACE_BOUND('',#5803,.T.);
#6157=FACE_BOUND('',#5804,.T.);
#6158=FACE_BOUND('',#5805,.T.);
#6159=FACE_BOUND('',#5806,.T.);
#6160=FACE_BOUND('',#5807,.T.);
#6161=FACE_BOUND('',#5808,.T.);
#6162=FACE_BOUND('',#5809,.T.);
#6163=FACE_BOUND('',#5810,.T.);
#6164=FACE_BOUND('',#5811,.T.);
#6165=FACE_BOUND('',#5812,.T.);
#6166=FACE_BOUND('',#5813,.T.);
#6167=FACE_BOUND('',#5814,.T.);
#6168=FACE_BOUND('',#5815,.T.);
#6169=FACE_BOUND('',#5816,.T.);
#6170=FACE_BOUND('',#5817,.T.);
#6171=FACE_BOUND('',#5818,.T.);
#6172=FACE_BOUND('',#5819,.T.);
#6173=FACE_BOUND('',#5820,.T.);
#6174=FACE_BOUND('',#5821,.T.);
#6175=FACE_BOUND('',#5822,.T.);
#6176=FACE_BOUND('',#5823,.T.);
#6177=FACE_BOUND('',#5824,.T.);
#6178=FACE_BOUND('',#5825,.T.);
#6179=FACE_BOUND('',#5826,.T.);
#6180=FACE_BOUND('',#5827,.T.);
#6181=FACE_BOUND('',#5828,.T.);
#6182=FACE_BOUND('',#5829,.T.);
#6183=FACE_BOUND('',#5830,.T.);
#6184=FACE_BOUND('',#5831,.T.);
#6185=FACE_BOUND('',#5832,.T.);
#6186=FACE_BOUND('',#5833,.T.);
#6187=FACE_BOUND('',#5834,.T.);
#6188=FACE_BOUND('',#5835,.T.);
#6189=FACE_BOUND('',#5836,.T.);
#6190=FACE_BOUND('',#5837,.T.);
#6191=FACE_BOUND('',#5838,.T.);
#6192=FACE_BOUND('',#5839,.T.);
#6193=FACE_BOUND('',#5840,.T.);
#6194=FACE_BOUND('',#5841,.T.);
#6195=FACE_BOUND('',#5842,.T.);
#6196=FACE_BOUND('',#5843,.T.);
#6197=FACE_BOUND('',#5844,.T.);
#6198=FACE_BOUND('',#5845,.T.);
#6199=FACE_BOUND('',#5846,.T.);
#6200=FACE_BOUND('',#5847,.T.);
#6201=FACE_BOUND('',#5848,.T.);
#6202=FACE_BOUND('',#5849,.T.);
#6203=FACE_BOUND('',#5850,.T.);
#6204=FACE_BOUND('',#5851,.T.);
#6205=FACE_BOUND('',#5852,.T.);
#6206=FACE_BOUND('',#5853,.T.);
#6207=FACE_BOUND('',#5854,.T.);
#6208=FACE_BOUND('',#5855,.T.);
#6209=FACE_BOUND('',#5856,.T.);
#6210=FACE_BOUND('',#5857,.T.);
#6211=FACE_BOUND('',#5858,.T.);
#6212=FACE_BOUND('',#5859,.T.);
#6213=FACE_BOUND('',#5860,.T.);
#6214=FACE_BOUND('',#5861,.T.);
#6215=FACE_BOUND('',#5862,.T.);
#6216=FACE_BOUND('',#5863,.T.);
#6217=FACE_BOUND('',#5864,.T.);
#6218=FACE_BOUND('',#5865,.T.);
#6219=FACE_BOUND('',#5866,.T.);
#6220=FACE_BOUND('',#5867,.T.);
#6221=FACE_BOUND('',#5868,.T.);
#6222=FACE_BOUND('',#5869,.T.);
#6223=FACE_BOUND('',#5870,.T.);
#6224=FACE_BOUND('',#5871,.T.);
#6225=FACE_BOUND('',#5872,.T.);
#6226=FACE_BOUND('',#5873,.T.);
#6227=FACE_BOUND('',#5874,.T.);
#6228=FACE_BOUND('',#5875,.T.);
#6229=FACE_BOUND('',#5876,.T.);
#6230=FACE_BOUND('',#5877,.T.);
#6231=FACE_BOUND('',#5878,.T.);
#6232=FACE_BOUND('',#5879,.T.);
#6233=FACE_BOUND('',#5880,.T.);
#6234=FACE_BOUND('',#5881,.T.);
#6235=FACE_BOUND('',#5882,.T.);
#6236=FACE_BOUND('',#5883,.T.);
#6237=FACE_BOUND('',#5884,.T.);
#6238=FACE_BOUND('',#5885,.T.);
#6239=FACE_BOUND('',#5886,.T.);
#6240=FACE_BOUND('',#5887,.T.);
#6241=FACE_BOUND('',#5888,.T.);
#6242=FACE_BOUND('',#5889,.T.);
#6243=PLANE('',#6656);
#6244=PLANE('',#6657);
#6245=PLANE('',#6661);
#6246=PLANE('',#6662);
#6247=PLANE('',#6663);
#6248=PLANE('',#6664);
#6249=PLANE('',#6665);
#6250=PLANE('',#6666);
#6251=PLANE('',#6667);
#6252=PLANE('',#6668);
#6253=PLANE('',#6673);
#6254=PLANE('',#6679);
#6255=PLANE('',#6682);
#6256=PLANE('',#6687);
#6257=PLANE('',#6706);
#6258=PLANE('',#6707);
#6259=PLANE('',#6708);
#6260=PLANE('',#6709);
#6261=PLANE('',#6710);
#6262=PLANE('',#6711);
#6263=PLANE('',#6712);
#6264=PLANE('',#6713);
#6265=PLANE('',#6716);
#6266=PLANE('',#6721);
#6267=PLANE('',#6979);
#6268=PLANE('',#6980);
#6269=PLANE('',#6981);
#6270=PLANE('',#6982);
#6271=PLANE('',#6983);
#6272=PLANE('',#6984);
#6273=PLANE('',#7085);
#6274=PLANE('',#7096);
#6275=PLANE('',#7179);
#6276=PLANE('',#7288);
#6277=PLANE('',#7426);
#6278=PLANE('',#7427);
#6279=PLANE('',#7531);
#6280=PLANE('',#7532);
#6281=PLANE('',#7592);
#6282=PLANE('',#7593);
#6283=PLANE('',#7594);
#6284=PLANE('',#7595);
#6285=PLANE('',#7596);
#6286=PLANE('',#7597);
#6287=PLANE('',#7598);
#6288=PLANE('',#7599);
#6289=PLANE('',#7600);
#6290=PLANE('',#7601);
#6291=PLANE('',#7602);
#6292=PLANE('',#7603);
#6293=PLANE('',#7604);
#6294=PLANE('',#7605);
#6295=ADVANCED_FACE('',(#5890),#6243,.F.);
#6296=ADVANCED_FACE('',(#5891),#6244,.F.);
#6297=ADVANCED_FACE('',(#5892),#6245,.F.);
#6298=ADVANCED_FACE('',(#5893),#6246,.T.);
#6299=ADVANCED_FACE('',(#5894),#6247,.T.);
#6300=ADVANCED_FACE('',(#5895),#6248,.T.);
#6301=ADVANCED_FACE('',(#5896),#6249,.T.);
#6302=ADVANCED_FACE('',(#5897),#6250,.F.);
#6303=ADVANCED_FACE('',(#5898),#6251,.F.);
#6304=ADVANCED_FACE('',(#5899),#6252,.F.);
#6305=ADVANCED_FACE('',(#5900,#5901),#6253,.F.);
#6306=ADVANCED_FACE('',(#5902),#6254,.F.);
#6307=ADVANCED_FACE('',(#5903),#6255,.F.);
#6308=ADVANCED_FACE('',(#5904),#6256,.T.);
#6309=ADVANCED_FACE('',(#5905),#6257,.F.);
#6310=ADVANCED_FACE('',(#5906),#6258,.T.);
#6311=ADVANCED_FACE('',(#5907),#6259,.T.);
#6312=ADVANCED_FACE('',(#5908),#6260,.F.);
#6313=ADVANCED_FACE('',(#5909),#6261,.F.);
#6314=ADVANCED_FACE('',(#5910),#6262,.T.);
#6315=ADVANCED_FACE('',(#5911),#6263,.T.);
#6316=ADVANCED_FACE('',(#5912),#6264,.F.);
#6317=ADVANCED_FACE('',(#5913,#5914),#12,.F.);
#6318=ADVANCED_FACE('',(#5915),#6265,.F.);
#6319=ADVANCED_FACE('',(#5916,#5917,#5918),#6266,.T.);
#6320=ADVANCED_FACE('',(#5919),#6267,.T.);
#6321=ADVANCED_FACE('',(#5920),#6268,.F.);
#6322=ADVANCED_FACE('',(#5921),#6269,.F.);
#6323=ADVANCED_FACE('',(#5922),#6270,.F.);
#6324=ADVANCED_FACE('',(#5923),#6271,.T.);
#6325=ADVANCED_FACE('',(#5924),#6272,.F.);
#6326=ADVANCED_FACE('',(#5925),#13,.F.);
#6327=ADVANCED_FACE('',(#5926),#14,.T.);
#6328=ADVANCED_FACE('',(#5927),#15,.T.);
#6329=ADVANCED_FACE('',(#5928),#16,.T.);
#6330=ADVANCED_FACE('',(#5929),#17,.T.);
#6331=ADVANCED_FACE('',(#5930),#18,.T.);
#6332=ADVANCED_FACE('',(#5931),#19,.T.);
#6333=ADVANCED_FACE('',(#5932),#20,.F.);
#6334=ADVANCED_FACE('',(#5933),#21,.T.);
#6335=ADVANCED_FACE('',(#5934),#22,.T.);
#6336=ADVANCED_FACE('',(#5935),#23,.T.);
#6337=ADVANCED_FACE('',(#5936),#24,.T.);
#6338=ADVANCED_FACE('',(#5937),#25,.F.);
#6339=ADVANCED_FACE('',(#5938),#26,.F.);
#6340=ADVANCED_FACE('',(#5939),#27,.F.);
#6341=ADVANCED_FACE('',(#5940),#28,.F.);
#6342=ADVANCED_FACE('',(#5941),#29,.F.);
#6343=ADVANCED_FACE('',(#5942),#30,.F.);
#6344=ADVANCED_FACE('',(#5943),#31,.F.);
#6345=ADVANCED_FACE('',(#5944),#32,.F.);
#6346=ADVANCED_FACE('',(#5945),#33,.T.);
#6347=ADVANCED_FACE('',(#5946),#34,.T.);
#6348=ADVANCED_FACE('',(#5947),#35,.T.);
#6349=ADVANCED_FACE('',(#5948),#36,.T.);
#6350=ADVANCED_FACE('',(#5949),#37,.F.);
#6351=ADVANCED_FACE('',(#5950),#38,.F.);
#6352=ADVANCED_FACE('',(#5951),#39,.F.);
#6353=ADVANCED_FACE('',(#5952),#40,.F.);
#6354=ADVANCED_FACE('',(#5953),#41,.F.);
#6355=ADVANCED_FACE('',(#5954),#42,.F.);
#6356=ADVANCED_FACE('',(#5955),#43,.F.);
#6357=ADVANCED_FACE('',(#5956),#44,.F.);
#6358=ADVANCED_FACE('',(#5957),#45,.F.);
#6359=ADVANCED_FACE('',(#5958),#46,.F.);
#6360=ADVANCED_FACE('',(#5959),#47,.F.);
#6361=ADVANCED_FACE('',(#5960),#48,.F.);
#6362=ADVANCED_FACE('',(#5961),#49,.F.);
#6363=ADVANCED_FACE('',(#5962),#50,.F.);
#6364=ADVANCED_FACE('',(#5963),#51,.F.);
#6365=ADVANCED_FACE('',(#5964),#52,.F.);
#6366=ADVANCED_FACE('',(#5965),#53,.F.);
#6367=ADVANCED_FACE('',(#5966),#54,.F.);
#6368=ADVANCED_FACE('',(#5967),#55,.F.);
#6369=ADVANCED_FACE('',(#5968),#56,.T.);
#6370=ADVANCED_FACE('',(#5969),#57,.T.);
#6371=ADVANCED_FACE('',(#5970),#58,.T.);
#6372=ADVANCED_FACE('',(#5971),#59,.T.);
#6373=ADVANCED_FACE('',(#5972),#60,.T.);
#6374=ADVANCED_FACE('',(#5973),#61,.T.);
#6375=ADVANCED_FACE('',(#5974),#62,.T.);
#6376=ADVANCED_FACE('',(#5975),#63,.T.);
#6377=ADVANCED_FACE('',(#5976),#64,.T.);
#6378=ADVANCED_FACE('',(#5977),#65,.T.);
#6379=ADVANCED_FACE('',(#5978),#6273,.T.);
#6380=ADVANCED_FACE('',(#5979),#66,.T.);
#6381=ADVANCED_FACE('',(#5980),#67,.T.);
#6382=ADVANCED_FACE('',(#5981),#68,.F.);
#6383=ADVANCED_FACE('',(#5982),#69,.F.);
#6384=ADVANCED_FACE('',(#5983),#70,.T.);
#6385=ADVANCED_FACE('',(#5984),#71,.T.);
#6386=ADVANCED_FACE('',(#5985),#6274,.T.);
#6387=ADVANCED_FACE('',(#5986),#6275,.T.);
#6388=ADVANCED_FACE('',(#5987),#72,.F.);
#6389=ADVANCED_FACE('',(#5988),#73,.F.);
#6390=ADVANCED_FACE('',(#5989),#74,.F.);
#6391=ADVANCED_FACE('',(#5990),#75,.F.);
#6392=ADVANCED_FACE('',(#5991),#76,.F.);
#6393=ADVANCED_FACE('',(#5992),#77,.F.);
#6394=ADVANCED_FACE('',(#5993),#78,.F.);
#6395=ADVANCED_FACE('',(#5994),#79,.F.);
#6396=ADVANCED_FACE('',(#5995),#80,.T.);
#6397=ADVANCED_FACE('',(#5996),#81,.T.);
#6398=ADVANCED_FACE('',(#5997),#82,.T.);
#6399=ADVANCED_FACE('',(#5998),#83,.T.);
#6400=ADVANCED_FACE('',(#5999),#84,.T.);
#6401=ADVANCED_FACE('',(#6000),#85,.T.);
#6402=ADVANCED_FACE('',(#6001),#86,.T.);
#6403=ADVANCED_FACE('',(#6002),#87,.T.);
#6404=ADVANCED_FACE('',(#6003),#88,.T.);
#6405=ADVANCED_FACE('',(#6004),#89,.T.);
#6406=ADVANCED_FACE('',(#6005),#90,.T.);
#6407=ADVANCED_FACE('',(#6006),#91,.T.);
#6408=ADVANCED_FACE('',(#6007),#92,.T.);
#6409=ADVANCED_FACE('',(#6008),#93,.T.);
#6410=ADVANCED_FACE('',(#6009),#94,.T.);
#6411=ADVANCED_FACE('',(#6010),#95,.T.);
#6412=ADVANCED_FACE('',(#6011),#96,.T.);
#6413=ADVANCED_FACE('',(#6012),#97,.T.);
#6414=ADVANCED_FACE('',(#6013),#98,.T.);
#6415=ADVANCED_FACE('',(#6014),#99,.T.);
#6416=ADVANCED_FACE('',(#6015),#100,.T.);
#6417=ADVANCED_FACE('',(#6016),#101,.T.);
#6418=ADVANCED_FACE('',(#6017),#102,.T.);
#6419=ADVANCED_FACE('',(#6018),#103,.T.);
#6420=ADVANCED_FACE('',(#6019),#104,.F.);
#6421=ADVANCED_FACE('',(#6020),#105,.F.);
#6422=ADVANCED_FACE('',(#6021),#106,.F.);
#6423=ADVANCED_FACE('',(#6022),#107,.F.);
#6424=ADVANCED_FACE('',(#6023),#108,.T.);
#6425=ADVANCED_FACE('',(#6024),#109,.T.);
#6426=ADVANCED_FACE('',(#6025),#110,.T.);
#6427=ADVANCED_FACE('',(#6026),#111,.T.);
#6428=ADVANCED_FACE('',(#6027),#112,.T.);
#6429=ADVANCED_FACE('',(#6028),#113,.T.);
#6430=ADVANCED_FACE('',(#6029),#114,.T.);
#6431=ADVANCED_FACE('',(#6030),#115,.T.);
#6432=ADVANCED_FACE('',(#6031),#116,.F.);
#6433=ADVANCED_FACE('',(#6032),#117,.F.);
#6434=ADVANCED_FACE('',(#6033),#118,.F.);
#6435=ADVANCED_FACE('',(#6034),#119,.F.);
#6436=ADVANCED_FACE('',(#6035),#120,.F.);
#6437=ADVANCED_FACE('',(#6036),#121,.F.);
#6438=ADVANCED_FACE('',(#6037),#122,.F.);
#6439=ADVANCED_FACE('',(#6038),#123,.F.);
#6440=ADVANCED_FACE('',(#6039),#124,.T.);
#6441=ADVANCED_FACE('',(#6040),#125,.T.);
#6442=ADVANCED_FACE('',(#6041),#126,.T.);
#6443=ADVANCED_FACE('',(#6042),#127,.T.);
#6444=ADVANCED_FACE('',(#6043),#128,.F.);
#6445=ADVANCED_FACE('',(#6044),#129,.F.);
#6446=ADVANCED_FACE('',(#6045),#130,.F.);
#6447=ADVANCED_FACE('',(#6046),#131,.F.);
#6448=ADVANCED_FACE('',(#6047),#132,.T.);
#6449=ADVANCED_FACE('',(#6048),#133,.T.);
#6450=ADVANCED_FACE('',(#6049),#134,.T.);
#6451=ADVANCED_FACE('',(#6050),#135,.T.);
#6452=ADVANCED_FACE('',(#6051),#136,.F.);
#6453=ADVANCED_FACE('',(#6052),#137,.F.);
#6454=ADVANCED_FACE('',(#6053),#138,.F.);
#6455=ADVANCED_FACE('',(#6054),#139,.F.);
#6456=ADVANCED_FACE('',(#6055),#140,.F.);
#6457=ADVANCED_FACE('',(#6056),#141,.F.);
#6458=ADVANCED_FACE('',(#6057),#142,.F.);
#6459=ADVANCED_FACE('',(#6058),#143,.F.);
#6460=ADVANCED_FACE('',(#6059),#144,.F.);
#6461=ADVANCED_FACE('',(#6060),#145,.F.);
#6462=ADVANCED_FACE('',(#6061),#146,.F.);
#6463=ADVANCED_FACE('',(#6062),#147,.F.);
#6464=ADVANCED_FACE('',(#6063),#148,.F.);
#6465=ADVANCED_FACE('',(#6064),#149,.F.);
#6466=ADVANCED_FACE('',(#6065),#150,.F.);
#6467=ADVANCED_FACE('',(#6066),#151,.F.);
#6468=ADVANCED_FACE('',(#6067),#152,.T.);
#6469=ADVANCED_FACE('',(#6068),#153,.T.);
#6470=ADVANCED_FACE('',(#6069),#154,.T.);
#6471=ADVANCED_FACE('',(#6070),#155,.T.);
#6472=ADVANCED_FACE('',(#6071),#156,.F.);
#6473=ADVANCED_FACE('',(#6072),#157,.F.);
#6474=ADVANCED_FACE('',(#6073),#158,.F.);
#6475=ADVANCED_FACE('',(#6074),#159,.F.);
#6476=ADVANCED_FACE('',(#6075),#160,.F.);
#6477=ADVANCED_FACE('',(#6076),#161,.F.);
#6478=ADVANCED_FACE('',(#6077),#162,.F.);
#6479=ADVANCED_FACE('',(#6078),#163,.F.);
#6480=ADVANCED_FACE('',(#6079),#164,.F.);
#6481=ADVANCED_FACE('',(#6080),#165,.F.);
#6482=ADVANCED_FACE('',(#6081),#166,.F.);
#6483=ADVANCED_FACE('',(#6082),#167,.T.);
#6484=ADVANCED_FACE('',(#6083),#6276,.T.);
#6485=ADVANCED_FACE('',(#6084),#168,.T.);
#6486=ADVANCED_FACE('',(#6085),#169,.F.);
#6487=ADVANCED_FACE('',(#6086),#170,.T.);
#6488=ADVANCED_FACE('',(#6087),#171,.T.);
#6489=ADVANCED_FACE('',(#6088),#172,.T.);
#6490=ADVANCED_FACE('',(#6089),#173,.T.);
#6491=ADVANCED_FACE('',(#6090),#174,.F.);
#6492=ADVANCED_FACE('',(#6091),#175,.F.);
#6493=ADVANCED_FACE('',(#6092),#176,.F.);
#6494=ADVANCED_FACE('',(#6093),#177,.F.);
#6495=ADVANCED_FACE('',(#6094),#178,.F.);
#6496=ADVANCED_FACE('',(#6095),#179,.F.);
#6497=ADVANCED_FACE('',(#6096),#180,.F.);
#6498=ADVANCED_FACE('',(#6097),#181,.F.);
#6499=ADVANCED_FACE('',(#6098),#182,.F.);
#6500=ADVANCED_FACE('',(#6099),#183,.F.);
#6501=ADVANCED_FACE('',(#6100),#184,.F.);
#6502=ADVANCED_FACE('',(#6101),#185,.F.);
#6503=ADVANCED_FACE('',(#6102),#186,.T.);
#6504=ADVANCED_FACE('',(#6103),#187,.T.);
#6505=ADVANCED_FACE('',(#6104),#188,.T.);
#6506=ADVANCED_FACE('',(#6105),#189,.T.);
#6507=ADVANCED_FACE('',(#6106),#190,.T.);
#6508=ADVANCED_FACE('',(#6107),#191,.T.);
#6509=ADVANCED_FACE('',(#6108),#192,.F.);
#6510=ADVANCED_FACE('',(#6109),#193,.F.);
#6511=ADVANCED_FACE('',(#6110),#194,.F.);
#6512=ADVANCED_FACE('',(#6111),#195,.F.);
#6513=ADVANCED_FACE('',(#6112),#196,.F.);
#6514=ADVANCED_FACE('',(#6113),#197,.T.);
#6515=ADVANCED_FACE('',(#6114),#198,.T.);
#6516=ADVANCED_FACE('',(#6115),#199,.T.);
#6517=ADVANCED_FACE('',(#6116),#200,.T.);
#6518=ADVANCED_FACE('',(#6117),#201,.T.);
#6519=ADVANCED_FACE('',(#6118),#202,.T.);
#6520=ADVANCED_FACE('',(#6119),#203,.T.);
#6521=ADVANCED_FACE('',(#6120),#204,.T.);
#6522=ADVANCED_FACE('',(#6121),#205,.F.);
#6523=ADVANCED_FACE('',(#6122),#206,.F.);
#6524=ADVANCED_FACE('',(#6123),#207,.F.);
#6525=ADVANCED_FACE('',(#6124),#208,.F.);
#6526=ADVANCED_FACE('',(#6125),#209,.F.);
#6527=ADVANCED_FACE('',(#6126),#210,.F.);
#6528=ADVANCED_FACE('',(#6127),#211,.F.);
#6529=ADVANCED_FACE('',(#6128),#212,.F.);
#6530=ADVANCED_FACE('',(#6129),#213,.F.);
#6531=ADVANCED_FACE('',(#6130),#214,.F.);
#6532=ADVANCED_FACE('',(#6131),#215,.F.);
#6533=ADVANCED_FACE('',(#6132),#216,.F.);
#6534=ADVANCED_FACE('',(#6133),#217,.T.);
#6535=ADVANCED_FACE('',(#6134),#218,.T.);
#6536=ADVANCED_FACE('',(#6135),#219,.T.);
#6537=ADVANCED_FACE('',(#6136),#220,.T.);
#6538=ADVANCED_FACE('',(#6137),#221,.F.);
#6539=ADVANCED_FACE('',(#6138),#222,.F.);
#6540=ADVANCED_FACE('',(#6139),#223,.F.);
#6541=ADVANCED_FACE('',(#6140),#224,.F.);
#6542=ADVANCED_FACE('',(#6141),#225,.F.);
#6543=ADVANCED_FACE('',(#6142),#226,.F.);
#6544=ADVANCED_FACE('',(#6143),#227,.F.);
#6545=ADVANCED_FACE('',(#6144),#228,.F.);
#6546=ADVANCED_FACE('',(#6145),#229,.F.);
#6547=ADVANCED_FACE('',(#6146),#230,.F.);
#6548=ADVANCED_FACE('',(#6147),#231,.F.);
#6549=ADVANCED_FACE('',(#6148),#232,.F.);
#6550=ADVANCED_FACE('',(#6149),#233,.T.);
#6551=ADVANCED_FACE('',(#6150),#234,.T.);
#6552=ADVANCED_FACE('',(#6151),#235,.T.);
#6553=ADVANCED_FACE('',(#6152),#236,.T.);
#6554=ADVANCED_FACE('',(#6153),#6277,.F.);
#6555=ADVANCED_FACE('',(#6154),#6278,.F.);
#6556=ADVANCED_FACE('',(#6155),#237,.F.);
#6557=ADVANCED_FACE('',(#6156),#238,.F.);
#6558=ADVANCED_FACE('',(#6157),#239,.F.);
#6559=ADVANCED_FACE('',(#6158),#240,.F.);
#6560=ADVANCED_FACE('',(#6159),#241,.T.);
#6561=ADVANCED_FACE('',(#6160),#242,.T.);
#6562=ADVANCED_FACE('',(#6161),#243,.T.);
#6563=ADVANCED_FACE('',(#6162),#244,.T.);
#6564=ADVANCED_FACE('',(#6163),#245,.T.);
#6565=ADVANCED_FACE('',(#6164),#246,.T.);
#6566=ADVANCED_FACE('',(#6165),#247,.T.);
#6567=ADVANCED_FACE('',(#6166),#248,.T.);
#6568=ADVANCED_FACE('',(#6167),#249,.F.);
#6569=ADVANCED_FACE('',(#6168),#250,.F.);
#6570=ADVANCED_FACE('',(#6169),#251,.F.);
#6571=ADVANCED_FACE('',(#6170),#252,.F.);
#6572=ADVANCED_FACE('',(#6171),#253,.T.);
#6573=ADVANCED_FACE('',(#6172),#254,.T.);
#6574=ADVANCED_FACE('',(#6173),#255,.T.);
#6575=ADVANCED_FACE('',(#6174),#256,.T.);
#6576=ADVANCED_FACE('',(#6175),#257,.F.);
#6577=ADVANCED_FACE('',(#6176),#258,.F.);
#6578=ADVANCED_FACE('',(#6177),#259,.F.);
#6579=ADVANCED_FACE('',(#6178),#260,.F.);
#6580=ADVANCED_FACE('',(#6179),#261,.F.);
#6581=ADVANCED_FACE('',(#6180),#262,.F.);
#6582=ADVANCED_FACE('',(#6181),#263,.F.);
#6583=ADVANCED_FACE('',(#6182),#264,.F.);
#6584=ADVANCED_FACE('',(#6183),#265,.F.);
#6585=ADVANCED_FACE('',(#6184),#266,.F.);
#6586=ADVANCED_FACE('',(#6185),#267,.F.);
#6587=ADVANCED_FACE('',(#6186),#268,.F.);
#6588=ADVANCED_FACE('',(#6187),#269,.T.);
#6589=ADVANCED_FACE('',(#6188),#270,.T.);
#6590=ADVANCED_FACE('',(#6189),#271,.T.);
#6591=ADVANCED_FACE('',(#6190),#272,.T.);
#6592=ADVANCED_FACE('',(#6191),#273,.T.);
#6593=ADVANCED_FACE('',(#6192),#274,.T.);
#6594=ADVANCED_FACE('',(#6193),#275,.T.);
#6595=ADVANCED_FACE('',(#6194),#276,.T.);
#6596=ADVANCED_FACE('',(#6195),#277,.F.);
#6597=ADVANCED_FACE('',(#6196),#278,.F.);
#6598=ADVANCED_FACE('',(#6197),#279,.F.);
#6599=ADVANCED_FACE('',(#6198),#280,.F.);
#6600=ADVANCED_FACE('',(#6199),#281,.F.);
#6601=ADVANCED_FACE('',(#6200),#282,.F.);
#6602=ADVANCED_FACE('',(#6201),#283,.F.);
#6603=ADVANCED_FACE('',(#6202),#284,.F.);
#6604=ADVANCED_FACE('',(#6203),#285,.F.);
#6605=ADVANCED_FACE('',(#6204),#286,.F.);
#6606=ADVANCED_FACE('',(#6205),#287,.T.);
#6607=ADVANCED_FACE('',(#6206),#6279,.T.);
#6608=ADVANCED_FACE('',(#6207),#6280,.T.);
#6609=ADVANCED_FACE('',(#6208),#288,.T.);
#6610=ADVANCED_FACE('',(#6209),#289,.T.);
#6611=ADVANCED_FACE('',(#6210),#290,.T.);
#6612=ADVANCED_FACE('',(#6211),#291,.T.);
#6613=ADVANCED_FACE('',(#6212),#292,.T.);
#6614=ADVANCED_FACE('',(#6213),#293,.T.);
#6615=ADVANCED_FACE('',(#6214),#294,.T.);
#6616=ADVANCED_FACE('',(#6215),#295,.T.);
#6617=ADVANCED_FACE('',(#6216),#296,.T.);
#6618=ADVANCED_FACE('',(#6217),#297,.T.);
#6619=ADVANCED_FACE('',(#6218),#298,.T.);
#6620=ADVANCED_FACE('',(#6219),#299,.T.);
#6621=ADVANCED_FACE('',(#6220),#300,.T.);
#6622=ADVANCED_FACE('',(#6221),#301,.T.);
#6623=ADVANCED_FACE('',(#6222),#302,.T.);
#6624=ADVANCED_FACE('',(#6223),#303,.T.);
#6625=ADVANCED_FACE('',(#6224),#304,.T.);
#6626=ADVANCED_FACE('',(#6225),#305,.T.);
#6627=ADVANCED_FACE('',(#6226),#306,.T.);
#6628=ADVANCED_FACE('',(#6227),#307,.F.);
#6629=ADVANCED_FACE('',(#6228,#6229),#6281,.T.);
#6630=ADVANCED_FACE('',(#6230),#6282,.T.);
#6631=ADVANCED_FACE('',(#6231),#6283,.T.);
#6632=ADVANCED_FACE('',(#6232),#6284,.F.);
#6633=ADVANCED_FACE('',(#6233),#6285,.T.);
#6634=ADVANCED_FACE('',(#6234),#6286,.F.);
#6635=ADVANCED_FACE('',(#6235),#6287,.T.);
#6636=ADVANCED_FACE('',(#6236),#6288,.F.);
#6637=ADVANCED_FACE('',(#6237),#6289,.T.);
#6638=ADVANCED_FACE('',(#6238),#6290,.T.);
#6639=ADVANCED_FACE('',(#6239),#6291,.F.);
#6640=ADVANCED_FACE('',(#6240),#6292,.F.);
#6641=ADVANCED_FACE('',(#6241),#6293,.T.);
#6642=ADVANCED_FACE('',(#6242),#6294,.T.);
#6643=CLOSED_SHELL('',(#6295,#6296,#6297,#6298,#6299,#6300,#6301,#6302,
#6303,#6304,#6305,#6306,#6307,#6308,#6309,#6310,#6311,#6312,#6313,#6314,
#6315,#6316,#6317,#6318,#6319,#6320,#6321,#6322,#6323,#6324,#6325,#6326,
#6327,#6328,#6329,#6330,#6331,#6332,#6333,#6334,#6335,#6336,#6337,#6338,
#6339,#6340,#6341,#6342,#6343,#6344,#6345,#6346,#6347,#6348,#6349,#6350,
#6351,#6352,#6353,#6354,#6355,#6356,#6357,#6358,#6359,#6360,#6361,#6362,
#6363,#6364,#6365,#6366,#6367,#6368,#6369,#6370,#6371,#6372,#6373,#6374,
#6375,#6376,#6377,#6378,#6379,#6380,#6381,#6382,#6383,#6384,#6385,#6386,
#6387,#6388,#6389,#6390,#6391,#6392,#6393,#6394,#6395,#6396,#6397,#6398,
#6399,#6400,#6401,#6402,#6403,#6404,#6405,#6406,#6407,#6408,#6409,#6410,
#6411,#6412,#6413,#6414,#6415,#6416,#6417,#6418,#6419,#6420,#6421,#6422,
#6423,#6424,#6425,#6426,#6427,#6428,#6429,#6430,#6431,#6432,#6433,#6434,
#6435,#6436,#6437,#6438,#6439,#6440,#6441,#6442,#6443,#6444,#6445,#6446,
#6447,#6448,#6449,#6450,#6451,#6452,#6453,#6454,#6455,#6456,#6457,#6458,
#6459,#6460,#6461,#6462,#6463,#6464,#6465,#6466,#6467,#6468,#6469,#6470,
#6471,#6472,#6473,#6474,#6475,#6476,#6477,#6478,#6479,#6480,#6481,#6482,
#6483,#6484,#6485,#6486,#6487,#6488,#6489,#6490,#6491,#6492,#6493,#6494,
#6495,#6496,#6497,#6498,#6499,#6500,#6501,#6502,#6503,#6504,#6505,#6506,
#6507,#6508,#6509,#6510,#6511,#6512,#6513,#6514,#6515,#6516,#6517,#6518,
#6519,#6520,#6521,#6522,#6523,#6524,#6525,#6526,#6527,#6528,#6529,#6530,
#6531,#6532,#6533,#6534,#6535,#6536,#6537,#6538,#6539,#6540,#6541,#6542,
#6543,#6544,#6545,#6546,#6547,#6548,#6549,#6550,#6551,#6552,#6553,#6554,
#6555,#6556,#6557,#6558,#6559,#6560,#6561,#6562,#6563,#6564,#6565,#6566,
#6567,#6568,#6569,#6570,#6571,#6572,#6573,#6574,#6575,#6576,#6577,#6578,
#6579,#6580,#6581,#6582,#6583,#6584,#6585,#6586,#6587,#6588,#6589,#6590,
#6591,#6592,#6593,#6594,#6595,#6596,#6597,#6598,#6599,#6600,#6601,#6602,
#6603,#6604,#6605,#6606,#6607,#6608,#6609,#6610,#6611,#6612,#6613,#6614,
#6615,#6616,#6617,#6618,#6619,#6620,#6621,#6622,#6623,#6624,#6625,#6626,
#6627,#6628,#6629,#6630,#6631,#6632,#6633,#6634,#6635,#6636,#6637,#6638,
#6639,#6640,#6641,#6642));
#6644=STYLED_ITEM('',(#6645),#6652);
#6645=PRESENTATION_STYLE_ASSIGNMENT((#6646));
#6646=SURFACE_STYLE_USAGE(.BOTH.,#6647);
#6647=SURFACE_SIDE_STYLE('',(#6648));
#6648=SURFACE_STYLE_FILL_AREA(#6649);
#6649=FILL_AREA_STYLE('',(#6650));
#6650=FILL_AREA_STYLE_COLOUR('',#6651);
#6651=COLOUR_RGB('',0.682352941176471,0.333333333333334,0.737254901960784);
#6652=MANIFOLD_SOLID_BREP('BatteryCoverL',#6643);
#6653=SHAPE_DEFINITION_REPRESENTATION(#12005,#6654);
#6654=SHAPE_REPRESENTATION('BatteryCoverL',(#6655),#12000);
#6655=AXIS2_PLACEMENT_3D('',#9935,#7606,#7607);
#6656=AXIS2_PLACEMENT_3D('',#9936,#7608,#7609);
#6657=AXIS2_PLACEMENT_3D('',#9945,#7614,#7615);
#6658=AXIS2_PLACEMENT_3D('',#9951,#7618,#7619);
#6659=AXIS2_PLACEMENT_3D('',#9953,#7620,#7621);
#6660=AXIS2_PLACEMENT_3D('',#9955,#7622,#7623);
#6661=AXIS2_PLACEMENT_3D('',#9958,#7625,#7626);
#6662=AXIS2_PLACEMENT_3D('',#9964,#7630,#7631);
#6663=AXIS2_PLACEMENT_3D('',#9986,#7643,#7644);
#6664=AXIS2_PLACEMENT_3D('',#10005,#7655,#7656);
#6665=AXIS2_PLACEMENT_3D('',#10014,#7661,#7662);
#6666=AXIS2_PLACEMENT_3D('',#10033,#7672,#7673);
#6667=AXIS2_PLACEMENT_3D('',#10042,#7678,#7679);
#6668=AXIS2_PLACEMENT_3D('',#10058,#7688,#7689);
#6669=AXIS2_PLACEMENT_3D('',#10062,#7691,#7692);
#6670=AXIS2_PLACEMENT_3D('',#10064,#7693,#7694);
#6671=AXIS2_PLACEMENT_3D('',#10065,#7695,#7696);
#6672=AXIS2_PLACEMENT_3D('',#10067,#7697,#7698);
#6673=AXIS2_PLACEMENT_3D('',#10068,#7699,#7700);
#6674=AXIS2_PLACEMENT_3D('',#10069,#7701,#7702);
#6675=AXIS2_PLACEMENT_3D('',#10074,#7704,#7705);
#6676=AXIS2_PLACEMENT_3D('',#10087,#7712,#7713);
#6677=AXIS2_PLACEMENT_3D('',#10089,#7714,#7715);
#6678=AXIS2_PLACEMENT_3D('',#10091,#7716,#7717);
#6679=AXIS2_PLACEMENT_3D('',#10104,#7724,#7725);
#6680=AXIS2_PLACEMENT_3D('',#10109,#7728,#7729);
#6681=AXIS2_PLACEMENT_3D('',#10111,#7730,#7731);
#6682=AXIS2_PLACEMENT_3D('',#10112,#7732,#7733);
#6683=AXIS2_PLACEMENT_3D('',#10116,#7735,#7736);
#6684=AXIS2_PLACEMENT_3D('',#10118,#7737,#7738);
#6685=AXIS2_PLACEMENT_3D('',#10120,#7739,#7740);
#6686=AXIS2_PLACEMENT_3D('',#10122,#7741,#7742);
#6687=AXIS2_PLACEMENT_3D('',#10123,#7743,#7744);
#6688=AXIS2_PLACEMENT_3D('',#10124,#7745,#7746);
#6689=AXIS2_PLACEMENT_3D('',#10127,#7747,#7748);
#6690=AXIS2_PLACEMENT_3D('',#10128,#7749,#7750);
#6691=AXIS2_PLACEMENT_3D('',#10130,#7751,#7752);
#6692=AXIS2_PLACEMENT_3D('',#10132,#7753,#7754);
#6693=AXIS2_PLACEMENT_3D('',#10134,#7755,#7756);
#6694=AXIS2_PLACEMENT_3D('',#10136,#7757,#7758);
#6695=AXIS2_PLACEMENT_3D('',#10138,#7759,#7760);
#6696=AXIS2_PLACEMENT_3D('',#10140,#7761,#7762);
#6697=AXIS2_PLACEMENT_3D('',#10142,#7763,#7764);
#6698=AXIS2_PLACEMENT_3D('',#10144,#7765,#7766);
#6699=AXIS2_PLACEMENT_3D('',#10146,#7767,#7768);
#6700=AXIS2_PLACEMENT_3D('',#10148,#7769,#7770);
#6701=AXIS2_PLACEMENT_3D('',#10150,#7771,#7772);
#6702=AXIS2_PLACEMENT_3D('',#10152,#7773,#7774);
#6703=AXIS2_PLACEMENT_3D('',#10154,#7775,#7776);
#6704=AXIS2_PLACEMENT_3D('',#10156,#7777,#7778);
#6705=AXIS2_PLACEMENT_3D('',#10158,#7779,#7780);
#6706=AXIS2_PLACEMENT_3D('',#10159,#7781,#7782);
#6707=AXIS2_PLACEMENT_3D('',#10165,#7786,#7787);
#6708=AXIS2_PLACEMENT_3D('',#10169,#7790,#7791);
#6709=AXIS2_PLACEMENT_3D('',#10173,#7794,#7795);
#6710=AXIS2_PLACEMENT_3D('',#10177,#7798,#7799);
#6711=AXIS2_PLACEMENT_3D('',#10181,#7802,#7803);
#6712=AXIS2_PLACEMENT_3D('',#10185,#7806,#7807);
#6713=AXIS2_PLACEMENT_3D('',#10189,#7811,#7812);
#6714=AXIS2_PLACEMENT_3D('',#10193,#7815,#7816);
#6715=AXIS2_PLACEMENT_3D('',#10194,#7817,#7818);
#6716=AXIS2_PLACEMENT_3D('',#10196,#7819,#7820);
#6717=AXIS2_PLACEMENT_3D('',#10197,#7821,#7822);
#6718=AXIS2_PLACEMENT_3D('',#10199,#7823,#7824);
#6719=AXIS2_PLACEMENT_3D('',#10200,#7825,#7826);
#6720=AXIS2_PLACEMENT_3D('',#10202,#7827,#7828);
#6721=AXIS2_PLACEMENT_3D('',#10203,#7829,#7830);
#6722=AXIS2_PLACEMENT_3D('',#10204,#7831,#7832);
#6723=AXIS2_PLACEMENT_3D('',#10206,#7833,#7834);
#6724=AXIS2_PLACEMENT_3D('',#10208,#7835,#7836);
#6725=AXIS2_PLACEMENT_3D('',#10210,#7837,#7838);
#6726=AXIS2_PLACEMENT_3D('',#10212,#7839,#7840);
#6727=AXIS2_PLACEMENT_3D('',#10214,#7841,#7842);
#6728=AXIS2_PLACEMENT_3D('',#10216,#7843,#7844);
#6729=AXIS2_PLACEMENT_3D('',#10218,#7845,#7846);
#6730=AXIS2_PLACEMENT_3D('',#10220,#7847,#7848);
#6731=AXIS2_PLACEMENT_3D('',#10222,#7849,#7850);
#6732=AXIS2_PLACEMENT_3D('',#10224,#7851,#7852);
#6733=AXIS2_PLACEMENT_3D('',#10226,#7853,#7854);
#6734=AXIS2_PLACEMENT_3D('',#10228,#7855,#7856);
#6735=AXIS2_PLACEMENT_3D('',#10230,#7857,#7858);
#6736=AXIS2_PLACEMENT_3D('',#10232,#7859,#7860);
#6737=AXIS2_PLACEMENT_3D('',#10234,#7861,#7862);
#6738=AXIS2_PLACEMENT_3D('',#10236,#7863,#7864);
#6739=AXIS2_PLACEMENT_3D('',#10238,#7865,#7866);
#6740=AXIS2_PLACEMENT_3D('',#10240,#7867,#7868);
#6741=AXIS2_PLACEMENT_3D('',#10242,#7869,#7870);
#6742=AXIS2_PLACEMENT_3D('',#10244,#7871,#7872);
#6743=AXIS2_PLACEMENT_3D('',#10246,#7873,#7874);
#6744=AXIS2_PLACEMENT_3D('',#10248,#7875,#7876);
#6745=AXIS2_PLACEMENT_3D('',#10250,#7877,#7878);
#6746=AXIS2_PLACEMENT_3D('',#10252,#7879,#7880);
#6747=AXIS2_PLACEMENT_3D('',#10254,#7881,#7882);
#6748=AXIS2_PLACEMENT_3D('',#10256,#7883,#7884);
#6749=AXIS2_PLACEMENT_3D('',#10258,#7885,#7886);
#6750=AXIS2_PLACEMENT_3D('',#10260,#7887,#7888);
#6751=AXIS2_PLACEMENT_3D('',#10262,#7889,#7890);
#6752=AXIS2_PLACEMENT_3D('',#10264,#7891,#7892);
#6753=AXIS2_PLACEMENT_3D('',#10266,#7893,#7894);
#6754=AXIS2_PLACEMENT_3D('',#10268,#7895,#7896);
#6755=AXIS2_PLACEMENT_3D('',#10270,#7897,#7898);
#6756=AXIS2_PLACEMENT_3D('',#10272,#7899,#7900);
#6757=AXIS2_PLACEMENT_3D('',#10274,#7901,#7902);
#6758=AXIS2_PLACEMENT_3D('',#10275,#7903,#7904);
#6759=AXIS2_PLACEMENT_3D('',#10277,#7905,#7906);
#6760=AXIS2_PLACEMENT_3D('',#10279,#7907,#7908);
#6761=AXIS2_PLACEMENT_3D('',#10281,#7909,#7910);
#6762=AXIS2_PLACEMENT_3D('',#10283,#7911,#7912);
#6763=AXIS2_PLACEMENT_3D('',#10285,#7913,#7914);
#6764=AXIS2_PLACEMENT_3D('',#10287,#7915,#7916);
#6765=AXIS2_PLACEMENT_3D('',#10289,#7917,#7918);
#6766=AXIS2_PLACEMENT_3D('',#10291,#7919,#7920);
#6767=AXIS2_PLACEMENT_3D('',#10293,#7921,#7922);
#6768=AXIS2_PLACEMENT_3D('',#10295,#7923,#7924);
#6769=AXIS2_PLACEMENT_3D('',#10297,#7925,#7926);
#6770=AXIS2_PLACEMENT_3D('',#10299,#7927,#7928);
#6771=AXIS2_PLACEMENT_3D('',#10301,#7929,#7930);
#6772=AXIS2_PLACEMENT_3D('',#10303,#7931,#7932);
#6773=AXIS2_PLACEMENT_3D('',#10305,#7933,#7934);
#6774=AXIS2_PLACEMENT_3D('',#10307,#7935,#7936);
#6775=AXIS2_PLACEMENT_3D('',#10309,#7937,#7938);
#6776=AXIS2_PLACEMENT_3D('',#10311,#7939,#7940);
#6777=AXIS2_PLACEMENT_3D('',#10313,#7941,#7942);
#6778=AXIS2_PLACEMENT_3D('',#10315,#7943,#7944);
#6779=AXIS2_PLACEMENT_3D('',#10317,#7945,#7946);
#6780=AXIS2_PLACEMENT_3D('',#10319,#7947,#7948);
#6781=AXIS2_PLACEMENT_3D('',#10321,#7949,#7950);
#6782=AXIS2_PLACEMENT_3D('',#10323,#7951,#7952);
#6783=AXIS2_PLACEMENT_3D('',#10325,#7953,#7954);
#6784=AXIS2_PLACEMENT_3D('',#10327,#7955,#7956);
#6785=AXIS2_PLACEMENT_3D('',#10329,#7957,#7958);
#6786=AXIS2_PLACEMENT_3D('',#10331,#7959,#7960);
#6787=AXIS2_PLACEMENT_3D('',#10333,#7961,#7962);
#6788=AXIS2_PLACEMENT_3D('',#10335,#7963,#7964);
#6789=AXIS2_PLACEMENT_3D('',#10337,#7965,#7966);
#6790=AXIS2_PLACEMENT_3D('',#10339,#7967,#7968);
#6791=AXIS2_PLACEMENT_3D('',#10341,#7969,#7970);
#6792=AXIS2_PLACEMENT_3D('',#10343,#7971,#7972);
#6793=AXIS2_PLACEMENT_3D('',#10345,#7973,#7974);
#6794=AXIS2_PLACEMENT_3D('',#10347,#7975,#7976);
#6795=AXIS2_PLACEMENT_3D('',#10349,#7977,#7978);
#6796=AXIS2_PLACEMENT_3D('',#10351,#7979,#7980);
#6797=AXIS2_PLACEMENT_3D('',#10353,#7981,#7982);
#6798=AXIS2_PLACEMENT_3D('',#10355,#7983,#7984);
#6799=AXIS2_PLACEMENT_3D('',#10357,#7985,#7986);
#6800=AXIS2_PLACEMENT_3D('',#10359,#7987,#7988);
#6801=AXIS2_PLACEMENT_3D('',#10361,#7989,#7990);
#6802=AXIS2_PLACEMENT_3D('',#10363,#7991,#7992);
#6803=AXIS2_PLACEMENT_3D('',#10365,#7993,#7994);
#6804=AXIS2_PLACEMENT_3D('',#10367,#7995,#7996);
#6805=AXIS2_PLACEMENT_3D('',#10369,#7997,#7998);
#6806=AXIS2_PLACEMENT_3D('',#10371,#7999,#8000);
#6807=AXIS2_PLACEMENT_3D('',#10373,#8001,#8002);
#6808=AXIS2_PLACEMENT_3D('',#10375,#8003,#8004);
#6809=AXIS2_PLACEMENT_3D('',#10377,#8005,#8006);
#6810=AXIS2_PLACEMENT_3D('',#10379,#8007,#8008);
#6811=AXIS2_PLACEMENT_3D('',#10381,#8009,#8010);
#6812=AXIS2_PLACEMENT_3D('',#10383,#8011,#8012);
#6813=AXIS2_PLACEMENT_3D('',#10385,#8013,#8014);
#6814=AXIS2_PLACEMENT_3D('',#10387,#8015,#8016);
#6815=AXIS2_PLACEMENT_3D('',#10389,#8017,#8018);
#6816=AXIS2_PLACEMENT_3D('',#10391,#8019,#8020);
#6817=AXIS2_PLACEMENT_3D('',#10393,#8021,#8022);
#6818=AXIS2_PLACEMENT_3D('',#10395,#8023,#8024);
#6819=AXIS2_PLACEMENT_3D('',#10397,#8025,#8026);
#6820=AXIS2_PLACEMENT_3D('',#10399,#8027,#8028);
#6821=AXIS2_PLACEMENT_3D('',#10401,#8029,#8030);
#6822=AXIS2_PLACEMENT_3D('',#10403,#8031,#8032);
#6823=AXIS2_PLACEMENT_3D('',#10405,#8033,#8034);
#6824=AXIS2_PLACEMENT_3D('',#10407,#8035,#8036);
#6825=AXIS2_PLACEMENT_3D('',#10409,#8037,#8038);
#6826=AXIS2_PLACEMENT_3D('',#10411,#8039,#8040);
#6827=AXIS2_PLACEMENT_3D('',#10413,#8041,#8042);
#6828=AXIS2_PLACEMENT_3D('',#10415,#8043,#8044);
#6829=AXIS2_PLACEMENT_3D('',#10417,#8045,#8046);
#6830=AXIS2_PLACEMENT_3D('',#10419,#8047,#8048);
#6831=AXIS2_PLACEMENT_3D('',#10421,#8049,#8050);
#6832=AXIS2_PLACEMENT_3D('',#10423,#8051,#8052);
#6833=AXIS2_PLACEMENT_3D('',#10425,#8053,#8054);
#6834=AXIS2_PLACEMENT_3D('',#10427,#8055,#8056);
#6835=AXIS2_PLACEMENT_3D('',#10429,#8057,#8058);
#6836=AXIS2_PLACEMENT_3D('',#10431,#8059,#8060);
#6837=AXIS2_PLACEMENT_3D('',#10433,#8061,#8062);
#6838=AXIS2_PLACEMENT_3D('',#10435,#8063,#8064);
#6839=AXIS2_PLACEMENT_3D('',#10437,#8065,#8066);
#6840=AXIS2_PLACEMENT_3D('',#10439,#8067,#8068);
#6841=AXIS2_PLACEMENT_3D('',#10441,#8069,#8070);
#6842=AXIS2_PLACEMENT_3D('',#10443,#8071,#8072);
#6843=AXIS2_PLACEMENT_3D('',#10445,#8073,#8074);
#6844=AXIS2_PLACEMENT_3D('',#10447,#8075,#8076);
#6845=AXIS2_PLACEMENT_3D('',#10449,#8077,#8078);
#6846=AXIS2_PLACEMENT_3D('',#10451,#8079,#8080);
#6847=AXIS2_PLACEMENT_3D('',#10453,#8081,#8082);
#6848=AXIS2_PLACEMENT_3D('',#10455,#8083,#8084);
#6849=AXIS2_PLACEMENT_3D('',#10457,#8085,#8086);
#6850=AXIS2_PLACEMENT_3D('',#10459,#8087,#8088);
#6851=AXIS2_PLACEMENT_3D('',#10461,#8089,#8090);
#6852=AXIS2_PLACEMENT_3D('',#10463,#8091,#8092);
#6853=AXIS2_PLACEMENT_3D('',#10465,#8093,#8094);
#6854=AXIS2_PLACEMENT_3D('',#10467,#8095,#8096);
#6855=AXIS2_PLACEMENT_3D('',#10469,#8097,#8098);
#6856=AXIS2_PLACEMENT_3D('',#10471,#8099,#8100);
#6857=AXIS2_PLACEMENT_3D('',#10473,#8101,#8102);
#6858=AXIS2_PLACEMENT_3D('',#10475,#8103,#8104);
#6859=AXIS2_PLACEMENT_3D('',#10476,#8105,#8106);
#6860=AXIS2_PLACEMENT_3D('',#10478,#8107,#8108);
#6861=AXIS2_PLACEMENT_3D('',#10480,#8109,#8110);
#6862=AXIS2_PLACEMENT_3D('',#10482,#8111,#8112);
#6863=AXIS2_PLACEMENT_3D('',#10484,#8113,#8114);
#6864=AXIS2_PLACEMENT_3D('',#10486,#8115,#8116);
#6865=AXIS2_PLACEMENT_3D('',#10488,#8117,#8118);
#6866=AXIS2_PLACEMENT_3D('',#10490,#8119,#8120);
#6867=AXIS2_PLACEMENT_3D('',#10492,#8121,#8122);
#6868=AXIS2_PLACEMENT_3D('',#10494,#8123,#8124);
#6869=AXIS2_PLACEMENT_3D('',#10496,#8125,#8126);
#6870=AXIS2_PLACEMENT_3D('',#10498,#8127,#8128);
#6871=AXIS2_PLACEMENT_3D('',#10500,#8129,#8130);
#6872=AXIS2_PLACEMENT_3D('',#10502,#8131,#8132);
#6873=AXIS2_PLACEMENT_3D('',#10504,#8133,#8134);
#6874=AXIS2_PLACEMENT_3D('',#10506,#8135,#8136);
#6875=AXIS2_PLACEMENT_3D('',#10508,#8137,#8138);
#6876=AXIS2_PLACEMENT_3D('',#10510,#8139,#8140);
#6877=AXIS2_PLACEMENT_3D('',#10512,#8141,#8142);
#6878=AXIS2_PLACEMENT_3D('',#10514,#8143,#8144);
#6879=AXIS2_PLACEMENT_3D('',#10516,#8145,#8146);
#6880=AXIS2_PLACEMENT_3D('',#10518,#8147,#8148);
#6881=AXIS2_PLACEMENT_3D('',#10520,#8149,#8150);
#6882=AXIS2_PLACEMENT_3D('',#10522,#8151,#8152);
#6883=AXIS2_PLACEMENT_3D('',#10523,#8153,#8154);
#6884=AXIS2_PLACEMENT_3D('',#10526,#8155,#8156);
#6885=AXIS2_PLACEMENT_3D('',#10528,#8157,#8158);
#6886=AXIS2_PLACEMENT_3D('',#10530,#8159,#8160);
#6887=AXIS2_PLACEMENT_3D('',#10532,#8161,#8162);
#6888=AXIS2_PLACEMENT_3D('',#10534,#8163,#8164);
#6889=AXIS2_PLACEMENT_3D('',#10536,#8165,#8166);
#6890=AXIS2_PLACEMENT_3D('',#10538,#8167,#8168);
#6891=AXIS2_PLACEMENT_3D('',#10540,#8169,#8170);
#6892=AXIS2_PLACEMENT_3D('',#10542,#8171,#8172);
#6893=AXIS2_PLACEMENT_3D('',#10544,#8173,#8174);
#6894=AXIS2_PLACEMENT_3D('',#10546,#8175,#8176);
#6895=AXIS2_PLACEMENT_3D('',#10548,#8177,#8178);
#6896=AXIS2_PLACEMENT_3D('',#10550,#8179,#8180);
#6897=AXIS2_PLACEMENT_3D('',#10552,#8181,#8182);
#6898=AXIS2_PLACEMENT_3D('',#10554,#8183,#8184);
#6899=AXIS2_PLACEMENT_3D('',#10556,#8185,#8186);
#6900=AXIS2_PLACEMENT_3D('',#10558,#8187,#8188);
#6901=AXIS2_PLACEMENT_3D('',#10560,#8189,#8190);
#6902=AXIS2_PLACEMENT_3D('',#10562,#8191,#8192);
#6903=AXIS2_PLACEMENT_3D('',#10564,#8193,#8194);
#6904=AXIS2_PLACEMENT_3D('',#10566,#8195,#8196);
#6905=AXIS2_PLACEMENT_3D('',#10568,#8197,#8198);
#6906=AXIS2_PLACEMENT_3D('',#10570,#8199,#8200);
#6907=AXIS2_PLACEMENT_3D('',#10572,#8201,#8202);
#6908=AXIS2_PLACEMENT_3D('',#10574,#8203,#8204);
#6909=AXIS2_PLACEMENT_3D('',#10576,#8205,#8206);
#6910=AXIS2_PLACEMENT_3D('',#10578,#8207,#8208);
#6911=AXIS2_PLACEMENT_3D('',#10580,#8209,#8210);
#6912=AXIS2_PLACEMENT_3D('',#10582,#8211,#8212);
#6913=AXIS2_PLACEMENT_3D('',#10584,#8213,#8214);
#6914=AXIS2_PLACEMENT_3D('',#10586,#8215,#8216);
#6915=AXIS2_PLACEMENT_3D('',#10588,#8217,#8218);
#6916=AXIS2_PLACEMENT_3D('',#10590,#8219,#8220);
#6917=AXIS2_PLACEMENT_3D('',#10592,#8221,#8222);
#6918=AXIS2_PLACEMENT_3D('',#10594,#8223,#8224);
#6919=AXIS2_PLACEMENT_3D('',#10596,#8225,#8226);
#6920=AXIS2_PLACEMENT_3D('',#10598,#8227,#8228);
#6921=AXIS2_PLACEMENT_3D('',#10600,#8229,#8230);
#6922=AXIS2_PLACEMENT_3D('',#10602,#8231,#8232);
#6923=AXIS2_PLACEMENT_3D('',#10604,#8233,#8234);
#6924=AXIS2_PLACEMENT_3D('',#10606,#8235,#8236);
#6925=AXIS2_PLACEMENT_3D('',#10608,#8237,#8238);
#6926=AXIS2_PLACEMENT_3D('',#10610,#8239,#8240);
#6927=AXIS2_PLACEMENT_3D('',#10612,#8241,#8242);
#6928=AXIS2_PLACEMENT_3D('',#10614,#8243,#8244);
#6929=AXIS2_PLACEMENT_3D('',#10616,#8245,#8246);
#6930=AXIS2_PLACEMENT_3D('',#10618,#8247,#8248);
#6931=AXIS2_PLACEMENT_3D('',#10620,#8249,#8250);
#6932=AXIS2_PLACEMENT_3D('',#10622,#8251,#8252);
#6933=AXIS2_PLACEMENT_3D('',#10624,#8253,#8254);
#6934=AXIS2_PLACEMENT_3D('',#10626,#8255,#8256);
#6935=AXIS2_PLACEMENT_3D('',#10632,#8259,#8260);
#6936=AXIS2_PLACEMENT_3D('',#10634,#8261,#8262);
#6937=AXIS2_PLACEMENT_3D('',#10636,#8263,#8264);
#6938=AXIS2_PLACEMENT_3D('',#10638,#8265,#8266);
#6939=AXIS2_PLACEMENT_3D('',#10640,#8267,#8268);
#6940=AXIS2_PLACEMENT_3D('',#10642,#8269,#8270);
#6941=AXIS2_PLACEMENT_3D('',#10644,#8271,#8272);
#6942=AXIS2_PLACEMENT_3D('',#10646,#8273,#8274);
#6943=AXIS2_PLACEMENT_3D('',#10648,#8275,#8276);
#6944=AXIS2_PLACEMENT_3D('',#10650,#8277,#8278);
#6945=AXIS2_PLACEMENT_3D('',#10652,#8279,#8280);
#6946=AXIS2_PLACEMENT_3D('',#10654,#8281,#8282);
#6947=AXIS2_PLACEMENT_3D('',#10656,#8283,#8284);
#6948=AXIS2_PLACEMENT_3D('',#10658,#8285,#8286);
#6949=AXIS2_PLACEMENT_3D('',#10660,#8287,#8288);
#6950=AXIS2_PLACEMENT_3D('',#10662,#8289,#8290);
#6951=AXIS2_PLACEMENT_3D('',#10664,#8291,#8292);
#6952=AXIS2_PLACEMENT_3D('',#10666,#8293,#8294);
#6953=AXIS2_PLACEMENT_3D('',#10668,#8295,#8296);
#6954=AXIS2_PLACEMENT_3D('',#10670,#8297,#8298);
#6955=AXIS2_PLACEMENT_3D('',#10672,#8299,#8300);
#6956=AXIS2_PLACEMENT_3D('',#10674,#8301,#8302);
#6957=AXIS2_PLACEMENT_3D('',#10676,#8303,#8304);
#6958=AXIS2_PLACEMENT_3D('',#10678,#8305,#8306);
#6959=AXIS2_PLACEMENT_3D('',#10680,#8307,#8308);
#6960=AXIS2_PLACEMENT_3D('',#10682,#8309,#8310);
#6961=AXIS2_PLACEMENT_3D('',#10684,#8311,#8312);
#6962=AXIS2_PLACEMENT_3D('',#10686,#8313,#8314);
#6963=AXIS2_PLACEMENT_3D('',#10688,#8315,#8316);
#6964=AXIS2_PLACEMENT_3D('',#10690,#8317,#8318);
#6965=AXIS2_PLACEMENT_3D('',#10692,#8319,#8320);
#6966=AXIS2_PLACEMENT_3D('',#10694,#8321,#8322);
#6967=AXIS2_PLACEMENT_3D('',#10696,#8323,#8324);
#6968=AXIS2_PLACEMENT_3D('',#10698,#8325,#8326);
#6969=AXIS2_PLACEMENT_3D('',#10700,#8327,#8328);
#6970=AXIS2_PLACEMENT_3D('',#10702,#8329,#8330);
#6971=AXIS2_PLACEMENT_3D('',#10704,#8331,#8332);
#6972=AXIS2_PLACEMENT_3D('',#10706,#8333,#8334);
#6973=AXIS2_PLACEMENT_3D('',#10708,#8335,#8336);
#6974=AXIS2_PLACEMENT_3D('',#10710,#8337,#8338);
#6975=AXIS2_PLACEMENT_3D('',#10712,#8339,#8340);
#6976=AXIS2_PLACEMENT_3D('',#10714,#8341,#8342);
#6977=AXIS2_PLACEMENT_3D('',#10716,#8343,#8344);
#6978=AXIS2_PLACEMENT_3D('',#10718,#8345,#8346);
#6979=AXIS2_PLACEMENT_3D('',#10719,#8347,#8348);
#6980=AXIS2_PLACEMENT_3D('',#10721,#8350,#8351);
#6981=AXIS2_PLACEMENT_3D('',#10723,#8353,#8354);
#6982=AXIS2_PLACEMENT_3D('',#10725,#8356,#8357);
#6983=AXIS2_PLACEMENT_3D('',#10727,#8359,#8360);
#6984=AXIS2_PLACEMENT_3D('',#10729,#8362,#8363);
#6985=AXIS2_PLACEMENT_3D('',#10746,#8374,#8375);
#6986=AXIS2_PLACEMENT_3D('',#10748,#8377,#8378);
#6987=AXIS2_PLACEMENT_3D('',#10750,#8380,#8381);
#6988=AXIS2_PLACEMENT_3D('',#10753,#8384,#8385);
#6989=AXIS2_PLACEMENT_3D('',#10755,#8387,#8388);
#6990=AXIS2_PLACEMENT_3D('',#10757,#8390,#8391);
#6991=AXIS2_PLACEMENT_3D('',#10758,#8392,#8393);
#6992=AXIS2_PLACEMENT_3D('',#10761,#8395,#8396);
#6993=AXIS2_PLACEMENT_3D('',#10762,#8397,#8398);
#6994=AXIS2_PLACEMENT_3D('',#10763,#8399,#8400);
#6995=AXIS2_PLACEMENT_3D('',#10766,#8402,#8403);
#6996=AXIS2_PLACEMENT_3D('',#10769,#8405,#8406);
#6997=AXIS2_PLACEMENT_3D('',#10770,#8407,#8408);
#6998=AXIS2_PLACEMENT_3D('',#10771,#8409,#8410);
#6999=AXIS2_PLACEMENT_3D('',#10774,#8412,#8413);
#7000=AXIS2_PLACEMENT_3D('',#10777,#8415,#8416);
#7001=AXIS2_PLACEMENT_3D('',#10778,#8417,#8418);
#7002=AXIS2_PLACEMENT_3D('',#10781,#8420,#8421);
#7003=AXIS2_PLACEMENT_3D('',#10782,#8422,#8423);
#7004=AXIS2_PLACEMENT_3D('',#10785,#8425,#8426);
#7005=AXIS2_PLACEMENT_3D('',#10786,#8427,#8428);
#7006=AXIS2_PLACEMENT_3D('',#10789,#8430,#8431);
#7007=AXIS2_PLACEMENT_3D('',#10790,#8432,#8433);
#7008=AXIS2_PLACEMENT_3D('',#10793,#8435,#8436);
#7009=AXIS2_PLACEMENT_3D('',#10794,#8437,#8438);
#7010=AXIS2_PLACEMENT_3D('',#10797,#8440,#8441);
#7011=AXIS2_PLACEMENT_3D('',#10798,#8442,#8443);
#7012=AXIS2_PLACEMENT_3D('',#10801,#8445,#8446);
#7013=AXIS2_PLACEMENT_3D('',#10802,#8447,#8448);
#7014=AXIS2_PLACEMENT_3D('',#10805,#8450,#8451);
#7015=AXIS2_PLACEMENT_3D('',#10806,#8452,#8453);
#7016=AXIS2_PLACEMENT_3D('',#10809,#8455,#8456);
#7017=AXIS2_PLACEMENT_3D('',#10810,#8457,#8458);
#7018=AXIS2_PLACEMENT_3D('',#10813,#8460,#8461);
#7019=AXIS2_PLACEMENT_3D('',#10814,#8462,#8463);
#7020=AXIS2_PLACEMENT_3D('',#10817,#8465,#8466);
#7021=AXIS2_PLACEMENT_3D('',#10818,#8467,#8468);
#7022=AXIS2_PLACEMENT_3D('',#10821,#8470,#8471);
#7023=AXIS2_PLACEMENT_3D('',#10822,#8472,#8473);
#7024=AXIS2_PLACEMENT_3D('',#10825,#8475,#8476);
#7025=AXIS2_PLACEMENT_3D('',#10826,#8477,#8478);
#7026=AXIS2_PLACEMENT_3D('',#10829,#8480,#8481);
#7027=AXIS2_PLACEMENT_3D('',#10830,#8482,#8483);
#7028=AXIS2_PLACEMENT_3D('',#10833,#8485,#8486);
#7029=AXIS2_PLACEMENT_3D('',#10834,#8487,#8488);
#7030=AXIS2_PLACEMENT_3D('',#10837,#8490,#8491);
#7031=AXIS2_PLACEMENT_3D('',#10838,#8492,#8493);
#7032=AXIS2_PLACEMENT_3D('',#10841,#8495,#8496);
#7033=AXIS2_PLACEMENT_3D('',#10842,#8497,#8498);
#7034=AXIS2_PLACEMENT_3D('',#10845,#8500,#8501);
#7035=AXIS2_PLACEMENT_3D('',#10846,#8502,#8503);
#7036=AXIS2_PLACEMENT_3D('',#10849,#8505,#8506);
#7037=AXIS2_PLACEMENT_3D('',#10850,#8507,#8508);
#7038=AXIS2_PLACEMENT_3D('',#10853,#8510,#8511);
#7039=AXIS2_PLACEMENT_3D('',#10854,#8512,#8513);
#7040=AXIS2_PLACEMENT_3D('',#10857,#8515,#8516);
#7041=AXIS2_PLACEMENT_3D('',#10858,#8517,#8518);
#7042=AXIS2_PLACEMENT_3D('',#10861,#8520,#8521);
#7043=AXIS2_PLACEMENT_3D('',#10862,#8522,#8523);
#7044=AXIS2_PLACEMENT_3D('',#10865,#8525,#8526);
#7045=AXIS2_PLACEMENT_3D('',#10866,#8527,#8528);
#7046=AXIS2_PLACEMENT_3D('',#10869,#8530,#8531);
#7047=AXIS2_PLACEMENT_3D('',#10870,#8532,#8533);
#7048=AXIS2_PLACEMENT_3D('',#10873,#8535,#8536);
#7049=AXIS2_PLACEMENT_3D('',#10874,#8537,#8538);
#7050=AXIS2_PLACEMENT_3D('',#10877,#8540,#8541);
#7051=AXIS2_PLACEMENT_3D('',#10878,#8542,#8543);
#7052=AXIS2_PLACEMENT_3D('',#10881,#8545,#8546);
#7053=AXIS2_PLACEMENT_3D('',#10882,#8547,#8548);
#7054=AXIS2_PLACEMENT_3D('',#10885,#8550,#8551);
#7055=AXIS2_PLACEMENT_3D('',#10886,#8552,#8553);
#7056=AXIS2_PLACEMENT_3D('',#10887,#8554,#8555);
#7057=AXIS2_PLACEMENT_3D('',#10888,#8556,#8557);
#7058=AXIS2_PLACEMENT_3D('',#10891,#8559,#8560);
#7059=AXIS2_PLACEMENT_3D('',#10892,#8561,#8562);
#7060=AXIS2_PLACEMENT_3D('',#10895,#8564,#8565);
#7061=AXIS2_PLACEMENT_3D('',#10896,#8566,#8567);
#7062=AXIS2_PLACEMENT_3D('',#10899,#8569,#8570);
#7063=AXIS2_PLACEMENT_3D('',#10900,#8571,#8572);
#7064=AXIS2_PLACEMENT_3D('',#10903,#8574,#8575);
#7065=AXIS2_PLACEMENT_3D('',#10904,#8576,#8577);
#7066=AXIS2_PLACEMENT_3D('',#10907,#8579,#8580);
#7067=AXIS2_PLACEMENT_3D('',#10908,#8581,#8582);
#7068=AXIS2_PLACEMENT_3D('',#10911,#8584,#8585);
#7069=AXIS2_PLACEMENT_3D('',#10912,#8586,#8587);
#7070=AXIS2_PLACEMENT_3D('',#10915,#8589,#8590);
#7071=AXIS2_PLACEMENT_3D('',#10916,#8591,#8592);
#7072=AXIS2_PLACEMENT_3D('',#10919,#8594,#8595);
#7073=AXIS2_PLACEMENT_3D('',#10920,#8596,#8597);
#7074=AXIS2_PLACEMENT_3D('',#10923,#8599,#8600);
#7075=AXIS2_PLACEMENT_3D('',#10924,#8601,#8602);
#7076=AXIS2_PLACEMENT_3D('',#10927,#8604,#8605);
#7077=AXIS2_PLACEMENT_3D('',#10928,#8606,#8607);
#7078=AXIS2_PLACEMENT_3D('',#10931,#8609,#8610);
#7079=AXIS2_PLACEMENT_3D('',#10932,#8611,#8612);
#7080=AXIS2_PLACEMENT_3D('',#10935,#8614,#8615);
#7081=AXIS2_PLACEMENT_3D('',#10936,#8616,#8617);
#7082=AXIS2_PLACEMENT_3D('',#10939,#8619,#8620);
#7083=AXIS2_PLACEMENT_3D('',#10940,#8621,#8622);
#7084=AXIS2_PLACEMENT_3D('',#10941,#8623,#8624);
#7085=AXIS2_PLACEMENT_3D('',#10942,#8625,#8626);
#7086=AXIS2_PLACEMENT_3D('',#10943,#8627,#8628);
#7087=AXIS2_PLACEMENT_3D('',#10946,#8631,#8632);
#7088=AXIS2_PLACEMENT_3D('',#10948,#8634,#8635);
#7089=AXIS2_PLACEMENT_3D('',#10949,#8636,#8637);
#7090=AXIS2_PLACEMENT_3D('',#10953,#8640,#8641);
#7091=AXIS2_PLACEMENT_3D('',#10957,#8644,#8645);
#7092=AXIS2_PLACEMENT_3D('',#10958,#8646,#8647);
#7093=AXIS2_PLACEMENT_3D('',#10959,#8648,#8649);
#7094=AXIS2_PLACEMENT_3D('',#10962,#8651,#8652);
#7095=AXIS2_PLACEMENT_3D('',#10965,#8654,#8655);
#7096=AXIS2_PLACEMENT_3D('',#10966,#8656,#8657);
#7097=AXIS2_PLACEMENT_3D('',#10967,#8658,#8659);
#7098=AXIS2_PLACEMENT_3D('',#10969,#8660,#8661);
#7099=AXIS2_PLACEMENT_3D('',#10971,#8662,#8663);
#7100=AXIS2_PLACEMENT_3D('',#10973,#8664,#8665);
#7101=AXIS2_PLACEMENT_3D('',#10975,#8666,#8667);
#7102=AXIS2_PLACEMENT_3D('',#10977,#8668,#8669);
#7103=AXIS2_PLACEMENT_3D('',#10979,#8670,#8671);
#7104=AXIS2_PLACEMENT_3D('',#10981,#8672,#8673);
#7105=AXIS2_PLACEMENT_3D('',#10983,#8674,#8675);
#7106=AXIS2_PLACEMENT_3D('',#10985,#8676,#8677);
#7107=AXIS2_PLACEMENT_3D('',#10987,#8678,#8679);
#7108=AXIS2_PLACEMENT_3D('',#10989,#8680,#8681);
#7109=AXIS2_PLACEMENT_3D('',#10991,#8682,#8683);
#7110=AXIS2_PLACEMENT_3D('',#10993,#8684,#8685);
#7111=AXIS2_PLACEMENT_3D('',#10995,#8686,#8687);
#7112=AXIS2_PLACEMENT_3D('',#10997,#8688,#8689);
#7113=AXIS2_PLACEMENT_3D('',#10999,#8690,#8691);
#7114=AXIS2_PLACEMENT_3D('',#11001,#8692,#8693);
#7115=AXIS2_PLACEMENT_3D('',#11003,#8694,#8695);
#7116=AXIS2_PLACEMENT_3D('',#11005,#8696,#8697);
#7117=AXIS2_PLACEMENT_3D('',#11007,#8698,#8699);
#7118=AXIS2_PLACEMENT_3D('',#11009,#8700,#8701);
#7119=AXIS2_PLACEMENT_3D('',#11011,#8702,#8703);
#7120=AXIS2_PLACEMENT_3D('',#11013,#8704,#8705);
#7121=AXIS2_PLACEMENT_3D('',#11015,#8706,#8707);
#7122=AXIS2_PLACEMENT_3D('',#11017,#8708,#8709);
#7123=AXIS2_PLACEMENT_3D('',#11019,#8710,#8711);
#7124=AXIS2_PLACEMENT_3D('',#11021,#8712,#8713);
#7125=AXIS2_PLACEMENT_3D('',#11023,#8714,#8715);
#7126=AXIS2_PLACEMENT_3D('',#11025,#8716,#8717);
#7127=AXIS2_PLACEMENT_3D('',#11027,#8718,#8719);
#7128=AXIS2_PLACEMENT_3D('',#11029,#8720,#8721);
#7129=AXIS2_PLACEMENT_3D('',#11031,#8722,#8723);
#7130=AXIS2_PLACEMENT_3D('',#11033,#8724,#8725);
#7131=AXIS2_PLACEMENT_3D('',#11035,#8726,#8727);
#7132=AXIS2_PLACEMENT_3D('',#11037,#8728,#8729);
#7133=AXIS2_PLACEMENT_3D('',#11039,#8730,#8731);
#7134=AXIS2_PLACEMENT_3D('',#11041,#8732,#8733);
#7135=AXIS2_PLACEMENT_3D('',#11043,#8734,#8735);
#7136=AXIS2_PLACEMENT_3D('',#11045,#8736,#8737);
#7137=AXIS2_PLACEMENT_3D('',#11047,#8738,#8739);
#7138=AXIS2_PLACEMENT_3D('',#11049,#8740,#8741);
#7139=AXIS2_PLACEMENT_3D('',#11051,#8742,#8743);
#7140=AXIS2_PLACEMENT_3D('',#11053,#8744,#8745);
#7141=AXIS2_PLACEMENT_3D('',#11055,#8746,#8747);
#7142=AXIS2_PLACEMENT_3D('',#11057,#8748,#8749);
#7143=AXIS2_PLACEMENT_3D('',#11059,#8750,#8751);
#7144=AXIS2_PLACEMENT_3D('',#11061,#8752,#8753);
#7145=AXIS2_PLACEMENT_3D('',#11063,#8754,#8755);
#7146=AXIS2_PLACEMENT_3D('',#11065,#8756,#8757);
#7147=AXIS2_PLACEMENT_3D('',#11067,#8758,#8759);
#7148=AXIS2_PLACEMENT_3D('',#11069,#8760,#8761);
#7149=AXIS2_PLACEMENT_3D('',#11071,#8762,#8763);
#7150=AXIS2_PLACEMENT_3D('',#11073,#8764,#8765);
#7151=AXIS2_PLACEMENT_3D('',#11075,#8766,#8767);
#7152=AXIS2_PLACEMENT_3D('',#11077,#8768,#8769);
#7153=AXIS2_PLACEMENT_3D('',#11079,#8770,#8771);
#7154=AXIS2_PLACEMENT_3D('',#11081,#8772,#8773);
#7155=AXIS2_PLACEMENT_3D('',#11083,#8774,#8775);
#7156=AXIS2_PLACEMENT_3D('',#11085,#8776,#8777);
#7157=AXIS2_PLACEMENT_3D('',#11087,#8778,#8779);
#7158=AXIS2_PLACEMENT_3D('',#11089,#8780,#8781);
#7159=AXIS2_PLACEMENT_3D('',#11091,#8782,#8783);
#7160=AXIS2_PLACEMENT_3D('',#11093,#8784,#8785);
#7161=AXIS2_PLACEMENT_3D('',#11095,#8786,#8787);
#7162=AXIS2_PLACEMENT_3D('',#11097,#8788,#8789);
#7163=AXIS2_PLACEMENT_3D('',#11099,#8790,#8791);
#7164=AXIS2_PLACEMENT_3D('',#11101,#8792,#8793);
#7165=AXIS2_PLACEMENT_3D('',#11103,#8794,#8795);
#7166=AXIS2_PLACEMENT_3D('',#11105,#8796,#8797);
#7167=AXIS2_PLACEMENT_3D('',#11107,#8798,#8799);
#7168=AXIS2_PLACEMENT_3D('',#11109,#8800,#8801);
#7169=AXIS2_PLACEMENT_3D('',#11111,#8802,#8803);
#7170=AXIS2_PLACEMENT_3D('',#11113,#8804,#8805);
#7171=AXIS2_PLACEMENT_3D('',#11115,#8806,#8807);
#7172=AXIS2_PLACEMENT_3D('',#11117,#8808,#8809);
#7173=AXIS2_PLACEMENT_3D('',#11119,#8810,#8811);
#7174=AXIS2_PLACEMENT_3D('',#11121,#8812,#8813);
#7175=AXIS2_PLACEMENT_3D('',#11123,#8814,#8815);
#7176=AXIS2_PLACEMENT_3D('',#11125,#8816,#8817);
#7177=AXIS2_PLACEMENT_3D('',#11127,#8818,#8819);
#7178=AXIS2_PLACEMENT_3D('',#11129,#8820,#8821);
#7179=AXIS2_PLACEMENT_3D('',#11130,#8822,#8823);
#7180=AXIS2_PLACEMENT_3D('',#11131,#8824,#8825);
#7181=AXIS2_PLACEMENT_3D('',#11133,#8826,#8827);
#7182=AXIS2_PLACEMENT_3D('',#11135,#8828,#8829);
#7183=AXIS2_PLACEMENT_3D('',#11137,#8830,#8831);
#7184=AXIS2_PLACEMENT_3D('',#11139,#8832,#8833);
#7185=AXIS2_PLACEMENT_3D('',#11141,#8834,#8835);
#7186=AXIS2_PLACEMENT_3D('',#11143,#8836,#8837);
#7187=AXIS2_PLACEMENT_3D('',#11145,#8838,#8839);
#7188=AXIS2_PLACEMENT_3D('',#11147,#8840,#8841);
#7189=AXIS2_PLACEMENT_3D('',#11149,#8842,#8843);
#7190=AXIS2_PLACEMENT_3D('',#11151,#8844,#8845);
#7191=AXIS2_PLACEMENT_3D('',#11152,#8846,#8847);
#7192=AXIS2_PLACEMENT_3D('',#11153,#8848,#8849);
#7193=AXIS2_PLACEMENT_3D('',#11154,#8850,#8851);
#7194=AXIS2_PLACEMENT_3D('',#11156,#8853,#8854);
#7195=AXIS2_PLACEMENT_3D('',#11158,#8856,#8857);
#7196=AXIS2_PLACEMENT_3D('',#11160,#8859,#8860);
#7197=AXIS2_PLACEMENT_3D('',#11162,#8862,#8863);
#7198=AXIS2_PLACEMENT_3D('',#11164,#8865,#8866);
#7199=AXIS2_PLACEMENT_3D('',#11166,#8868,#8869);
#7200=AXIS2_PLACEMENT_3D('',#11168,#8871,#8872);
#7201=AXIS2_PLACEMENT_3D('',#11170,#8874,#8875);
#7202=AXIS2_PLACEMENT_3D('',#11172,#8877,#8878);
#7203=AXIS2_PLACEMENT_3D('',#11174,#8880,#8881);
#7204=AXIS2_PLACEMENT_3D('',#11175,#8882,#8883);
#7205=AXIS2_PLACEMENT_3D('',#11177,#8885,#8886);
#7206=AXIS2_PLACEMENT_3D('',#11179,#8888,#8889);
#7207=AXIS2_PLACEMENT_3D('',#11181,#8891,#8892);
#7208=AXIS2_PLACEMENT_3D('',#11183,#8894,#8895);
#7209=AXIS2_PLACEMENT_3D('',#11185,#8897,#8898);
#7210=AXIS2_PLACEMENT_3D('',#11187,#8900,#8901);
#7211=AXIS2_PLACEMENT_3D('',#11189,#8903,#8904);
#7212=AXIS2_PLACEMENT_3D('',#11191,#8906,#8907);
#7213=AXIS2_PLACEMENT_3D('',#11193,#8909,#8910);
#7214=AXIS2_PLACEMENT_3D('',#11195,#8912,#8913);
#7215=AXIS2_PLACEMENT_3D('',#11197,#8915,#8916);
#7216=AXIS2_PLACEMENT_3D('',#11199,#8918,#8919);
#7217=AXIS2_PLACEMENT_3D('',#11201,#8921,#8922);
#7218=AXIS2_PLACEMENT_3D('',#11203,#8924,#8925);
#7219=AXIS2_PLACEMENT_3D('',#11205,#8927,#8928);
#7220=AXIS2_PLACEMENT_3D('',#11207,#8930,#8931);
#7221=AXIS2_PLACEMENT_3D('',#11209,#8933,#8934);
#7222=AXIS2_PLACEMENT_3D('',#11211,#8936,#8937);
#7223=AXIS2_PLACEMENT_3D('',#11213,#8939,#8940);
#7224=AXIS2_PLACEMENT_3D('',#11215,#8942,#8943);
#7225=AXIS2_PLACEMENT_3D('',#11217,#8945,#8946);
#7226=AXIS2_PLACEMENT_3D('',#11219,#8948,#8949);
#7227=AXIS2_PLACEMENT_3D('',#11221,#8951,#8952);
#7228=AXIS2_PLACEMENT_3D('',#11223,#8954,#8955);
#7229=AXIS2_PLACEMENT_3D('',#11225,#8957,#8958);
#7230=AXIS2_PLACEMENT_3D('',#11227,#8960,#8961);
#7231=AXIS2_PLACEMENT_3D('',#11229,#8963,#8964);
#7232=AXIS2_PLACEMENT_3D('',#11231,#8966,#8967);
#7233=AXIS2_PLACEMENT_3D('',#11233,#8969,#8970);
#7234=AXIS2_PLACEMENT_3D('',#11235,#8972,#8973);
#7235=AXIS2_PLACEMENT_3D('',#11237,#8975,#8976);
#7236=AXIS2_PLACEMENT_3D('',#11239,#8978,#8979);
#7237=AXIS2_PLACEMENT_3D('',#11241,#8981,#8982);
#7238=AXIS2_PLACEMENT_3D('',#11243,#8984,#8985);
#7239=AXIS2_PLACEMENT_3D('',#11245,#8987,#8988);
#7240=AXIS2_PLACEMENT_3D('',#11247,#8990,#8991);
#7241=AXIS2_PLACEMENT_3D('',#11249,#8993,#8994);
#7242=AXIS2_PLACEMENT_3D('',#11251,#8996,#8997);
#7243=AXIS2_PLACEMENT_3D('',#11253,#8999,#9000);
#7244=AXIS2_PLACEMENT_3D('',#11255,#9002,#9003);
#7245=AXIS2_PLACEMENT_3D('',#11257,#9005,#9006);
#7246=AXIS2_PLACEMENT_3D('',#11259,#9008,#9009);
#7247=AXIS2_PLACEMENT_3D('',#11261,#9011,#9012);
#7248=AXIS2_PLACEMENT_3D('',#11263,#9014,#9015);
#7249=AXIS2_PLACEMENT_3D('',#11265,#9017,#9018);
#7250=AXIS2_PLACEMENT_3D('',#11267,#9020,#9021);
#7251=AXIS2_PLACEMENT_3D('',#11269,#9023,#9024);
#7252=AXIS2_PLACEMENT_3D('',#11271,#9026,#9027);
#7253=AXIS2_PLACEMENT_3D('',#11273,#9029,#9030);
#7254=AXIS2_PLACEMENT_3D('',#11275,#9032,#9033);
#7255=AXIS2_PLACEMENT_3D('',#11277,#9035,#9036);
#7256=AXIS2_PLACEMENT_3D('',#11279,#9038,#9039);
#7257=AXIS2_PLACEMENT_3D('',#11281,#9041,#9042);
#7258=AXIS2_PLACEMENT_3D('',#11283,#9044,#9045);
#7259=AXIS2_PLACEMENT_3D('',#11285,#9047,#9048);
#7260=AXIS2_PLACEMENT_3D('',#11287,#9050,#9051);
#7261=AXIS2_PLACEMENT_3D('',#11289,#9053,#9054);
#7262=AXIS2_PLACEMENT_3D('',#11291,#9056,#9057);
#7263=AXIS2_PLACEMENT_3D('',#11293,#9059,#9060);
#7264=AXIS2_PLACEMENT_3D('',#11295,#9062,#9063);
#7265=AXIS2_PLACEMENT_3D('',#11297,#9065,#9066);
#7266=AXIS2_PLACEMENT_3D('',#11299,#9068,#9069);
#7267=AXIS2_PLACEMENT_3D('',#11301,#9071,#9072);
#7268=AXIS2_PLACEMENT_3D('',#11303,#9074,#9075);
#7269=AXIS2_PLACEMENT_3D('',#11305,#9077,#9078);
#7270=AXIS2_PLACEMENT_3D('',#11307,#9080,#9081);
#7271=AXIS2_PLACEMENT_3D('',#11309,#9083,#9084);
#7272=AXIS2_PLACEMENT_3D('',#11311,#9086,#9087);
#7273=AXIS2_PLACEMENT_3D('',#11313,#9089,#9090);
#7274=AXIS2_PLACEMENT_3D('',#11315,#9092,#9093);
#7275=AXIS2_PLACEMENT_3D('',#11317,#9095,#9096);
#7276=AXIS2_PLACEMENT_3D('',#11319,#9098,#9099);
#7277=AXIS2_PLACEMENT_3D('',#11321,#9101,#9102);
#7278=AXIS2_PLACEMENT_3D('',#11323,#9104,#9105);
#7279=AXIS2_PLACEMENT_3D('',#11325,#9107,#9108);
#7280=AXIS2_PLACEMENT_3D('',#11327,#9110,#9111);
#7281=AXIS2_PLACEMENT_3D('',#11329,#9113,#9114);
#7282=AXIS2_PLACEMENT_3D('',#11331,#9116,#9117);
#7283=AXIS2_PLACEMENT_3D('',#11333,#9119,#9120);
#7284=AXIS2_PLACEMENT_3D('',#11335,#9122,#9123);
#7285=AXIS2_PLACEMENT_3D('',#11337,#9125,#9126);
#7286=AXIS2_PLACEMENT_3D('',#11338,#9127,#9128);
#7287=AXIS2_PLACEMENT_3D('',#11339,#9129,#9130);
#7288=AXIS2_PLACEMENT_3D('',#11343,#9133,#9134);
#7289=AXIS2_PLACEMENT_3D('',#11344,#9135,#9136);
#7290=AXIS2_PLACEMENT_3D('',#11346,#9137,#9138);
#7291=AXIS2_PLACEMENT_3D('',#11348,#9139,#9140);
#7292=AXIS2_PLACEMENT_3D('',#11350,#9141,#9142);
#7293=AXIS2_PLACEMENT_3D('',#11352,#9143,#9144);
#7294=AXIS2_PLACEMENT_3D('',#11354,#9145,#9146);
#7295=AXIS2_PLACEMENT_3D('',#11356,#9147,#9148);
#7296=AXIS2_PLACEMENT_3D('',#11358,#9149,#9150);
#7297=AXIS2_PLACEMENT_3D('',#11360,#9151,#9152);
#7298=AXIS2_PLACEMENT_3D('',#11362,#9153,#9154);
#7299=AXIS2_PLACEMENT_3D('',#11364,#9155,#9156);
#7300=AXIS2_PLACEMENT_3D('',#11366,#9157,#9158);
#7301=AXIS2_PLACEMENT_3D('',#11368,#9159,#9160);
#7302=AXIS2_PLACEMENT_3D('',#11370,#9161,#9162);
#7303=AXIS2_PLACEMENT_3D('',#11372,#9163,#9164);
#7304=AXIS2_PLACEMENT_3D('',#11374,#9165,#9166);
#7305=AXIS2_PLACEMENT_3D('',#11376,#9167,#9168);
#7306=AXIS2_PLACEMENT_3D('',#11378,#9169,#9170);
#7307=AXIS2_PLACEMENT_3D('',#11380,#9171,#9172);
#7308=AXIS2_PLACEMENT_3D('',#11382,#9173,#9174);
#7309=AXIS2_PLACEMENT_3D('',#11384,#9175,#9176);
#7310=AXIS2_PLACEMENT_3D('',#11386,#9177,#9178);
#7311=AXIS2_PLACEMENT_3D('',#11388,#9179,#9180);
#7312=AXIS2_PLACEMENT_3D('',#11389,#9181,#9182);
#7313=AXIS2_PLACEMENT_3D('',#11390,#9183,#9184);
#7314=AXIS2_PLACEMENT_3D('',#11392,#9186,#9187);
#7315=AXIS2_PLACEMENT_3D('',#11394,#9189,#9190);
#7316=AXIS2_PLACEMENT_3D('',#11396,#9192,#9193);
#7317=AXIS2_PLACEMENT_3D('',#11398,#9195,#9196);
#7318=AXIS2_PLACEMENT_3D('',#11400,#9198,#9199);
#7319=AXIS2_PLACEMENT_3D('',#11402,#9201,#9202);
#7320=AXIS2_PLACEMENT_3D('',#11404,#9204,#9205);
#7321=AXIS2_PLACEMENT_3D('',#11406,#9207,#9208);
#7322=AXIS2_PLACEMENT_3D('',#11408,#9210,#9211);
#7323=AXIS2_PLACEMENT_3D('',#11410,#9213,#9214);
#7324=AXIS2_PLACEMENT_3D('',#11412,#9216,#9217);
#7325=AXIS2_PLACEMENT_3D('',#11414,#9219,#9220);
#7326=AXIS2_PLACEMENT_3D('',#11416,#9222,#9223);
#7327=AXIS2_PLACEMENT_3D('',#11418,#9225,#9226);
#7328=AXIS2_PLACEMENT_3D('',#11420,#9228,#9229);
#7329=AXIS2_PLACEMENT_3D('',#11422,#9231,#9232);
#7330=AXIS2_PLACEMENT_3D('',#11424,#9234,#9235);
#7331=AXIS2_PLACEMENT_3D('',#11426,#9237,#9238);
#7332=AXIS2_PLACEMENT_3D('',#11428,#9240,#9241);
#7333=AXIS2_PLACEMENT_3D('',#11430,#9243,#9244);
#7334=AXIS2_PLACEMENT_3D('',#11432,#9246,#9247);
#7335=AXIS2_PLACEMENT_3D('',#11434,#9249,#9250);
#7336=AXIS2_PLACEMENT_3D('',#11435,#9251,#9252);
#7337=AXIS2_PLACEMENT_3D('',#11438,#9254,#9255);
#7338=AXIS2_PLACEMENT_3D('',#11441,#9257,#9258);
#7339=AXIS2_PLACEMENT_3D('',#11444,#9260,#9261);
#7340=AXIS2_PLACEMENT_3D('',#11445,#9262,#9263);
#7341=AXIS2_PLACEMENT_3D('',#11448,#9265,#9266);
#7342=AXIS2_PLACEMENT_3D('',#11449,#9267,#9268);
#7343=AXIS2_PLACEMENT_3D('',#11452,#9270,#9271);
#7344=AXIS2_PLACEMENT_3D('',#11453,#9272,#9273);
#7345=AXIS2_PLACEMENT_3D('',#11456,#9275,#9276);
#7346=AXIS2_PLACEMENT_3D('',#11457,#9277,#9278);
#7347=AXIS2_PLACEMENT_3D('',#11460,#9280,#9281);
#7348=AXIS2_PLACEMENT_3D('',#11461,#9282,#9283);
#7349=AXIS2_PLACEMENT_3D('',#11464,#9285,#9286);
#7350=AXIS2_PLACEMENT_3D('',#11465,#9287,#9288);
#7351=AXIS2_PLACEMENT_3D('',#11468,#9290,#9291);
#7352=AXIS2_PLACEMENT_3D('',#11469,#9292,#9293);
#7353=AXIS2_PLACEMENT_3D('',#11472,#9295,#9296);
#7354=AXIS2_PLACEMENT_3D('',#11473,#9297,#9298);
#7355=AXIS2_PLACEMENT_3D('',#11476,#9300,#9301);
#7356=AXIS2_PLACEMENT_3D('',#11477,#9302,#9303);
#7357=AXIS2_PLACEMENT_3D('',#11480,#9305,#9306);
#7358=AXIS2_PLACEMENT_3D('',#11481,#9307,#9308);
#7359=AXIS2_PLACEMENT_3D('',#11484,#9310,#9311);
#7360=AXIS2_PLACEMENT_3D('',#11485,#9312,#9313);
#7361=AXIS2_PLACEMENT_3D('',#11488,#9315,#9316);
#7362=AXIS2_PLACEMENT_3D('',#11489,#9317,#9318);
#7363=AXIS2_PLACEMENT_3D('',#11492,#9320,#9321);
#7364=AXIS2_PLACEMENT_3D('',#11493,#9322,#9323);
#7365=AXIS2_PLACEMENT_3D('',#11496,#9325,#9326);
#7366=AXIS2_PLACEMENT_3D('',#11497,#9327,#9328);
#7367=AXIS2_PLACEMENT_3D('',#11500,#9330,#9331);
#7368=AXIS2_PLACEMENT_3D('',#11501,#9332,#9333);
#7369=AXIS2_PLACEMENT_3D('',#11504,#9335,#9336);
#7370=AXIS2_PLACEMENT_3D('',#11505,#9337,#9338);
#7371=AXIS2_PLACEMENT_3D('',#11508,#9340,#9341);
#7372=AXIS2_PLACEMENT_3D('',#11509,#9342,#9343);
#7373=AXIS2_PLACEMENT_3D('',#11512,#9345,#9346);
#7374=AXIS2_PLACEMENT_3D('',#11513,#9347,#9348);
#7375=AXIS2_PLACEMENT_3D('',#11516,#9350,#9351);
#7376=AXIS2_PLACEMENT_3D('',#11517,#9352,#9353);
#7377=AXIS2_PLACEMENT_3D('',#11520,#9355,#9356);
#7378=AXIS2_PLACEMENT_3D('',#11521,#9357,#9358);
#7379=AXIS2_PLACEMENT_3D('',#11524,#9360,#9361);
#7380=AXIS2_PLACEMENT_3D('',#11525,#9362,#9363);
#7381=AXIS2_PLACEMENT_3D('',#11528,#9365,#9366);
#7382=AXIS2_PLACEMENT_3D('',#11529,#9367,#9368);
#7383=AXIS2_PLACEMENT_3D('',#11532,#9370,#9371);
#7384=AXIS2_PLACEMENT_3D('',#11533,#9372,#9373);
#7385=AXIS2_PLACEMENT_3D('',#11536,#9375,#9376);
#7386=AXIS2_PLACEMENT_3D('',#11537,#9377,#9378);
#7387=AXIS2_PLACEMENT_3D('',#11540,#9380,#9381);
#7388=AXIS2_PLACEMENT_3D('',#11541,#9382,#9383);
#7389=AXIS2_PLACEMENT_3D('',#11544,#9385,#9386);
#7390=AXIS2_PLACEMENT_3D('',#11545,#9387,#9388);
#7391=AXIS2_PLACEMENT_3D('',#11548,#9390,#9391);
#7392=AXIS2_PLACEMENT_3D('',#11549,#9392,#9393);
#7393=AXIS2_PLACEMENT_3D('',#11552,#9395,#9396);
#7394=AXIS2_PLACEMENT_3D('',#11553,#9397,#9398);
#7395=AXIS2_PLACEMENT_3D('',#11556,#9400,#9401);
#7396=AXIS2_PLACEMENT_3D('',#11557,#9402,#9403);
#7397=AXIS2_PLACEMENT_3D('',#11560,#9405,#9406);
#7398=AXIS2_PLACEMENT_3D('',#11561,#9407,#9408);
#7399=AXIS2_PLACEMENT_3D('',#11564,#9410,#9411);
#7400=AXIS2_PLACEMENT_3D('',#11565,#9412,#9413);
#7401=AXIS2_PLACEMENT_3D('',#11568,#9415,#9416);
#7402=AXIS2_PLACEMENT_3D('',#11569,#9417,#9418);
#7403=AXIS2_PLACEMENT_3D('',#11572,#9420,#9421);
#7404=AXIS2_PLACEMENT_3D('',#11573,#9422,#9423);
#7405=AXIS2_PLACEMENT_3D('',#11576,#9425,#9426);
#7406=AXIS2_PLACEMENT_3D('',#11577,#9427,#9428);
#7407=AXIS2_PLACEMENT_3D('',#11580,#9430,#9431);
#7408=AXIS2_PLACEMENT_3D('',#11581,#9432,#9433);
#7409=AXIS2_PLACEMENT_3D('',#11584,#9435,#9436);
#7410=AXIS2_PLACEMENT_3D('',#11585,#9437,#9438);
#7411=AXIS2_PLACEMENT_3D('',#11588,#9440,#9441);
#7412=AXIS2_PLACEMENT_3D('',#11589,#9442,#9443);
#7413=AXIS2_PLACEMENT_3D('',#11592,#9445,#9446);
#7414=AXIS2_PLACEMENT_3D('',#11593,#9447,#9448);
#7415=AXIS2_PLACEMENT_3D('',#11596,#9450,#9451);
#7416=AXIS2_PLACEMENT_3D('',#11597,#9452,#9453);
#7417=AXIS2_PLACEMENT_3D('',#11600,#9455,#9456);
#7418=AXIS2_PLACEMENT_3D('',#11601,#9457,#9458);
#7419=AXIS2_PLACEMENT_3D('',#11604,#9460,#9461);
#7420=AXIS2_PLACEMENT_3D('',#11605,#9462,#9463);
#7421=AXIS2_PLACEMENT_3D('',#11608,#9465,#9466);
#7422=AXIS2_PLACEMENT_3D('',#11609,#9467,#9468);
#7423=AXIS2_PLACEMENT_3D('',#11612,#9470,#9471);
#7424=AXIS2_PLACEMENT_3D('',#11613,#9472,#9473);
#7425=AXIS2_PLACEMENT_3D('',#11616,#9475,#9476);
#7426=AXIS2_PLACEMENT_3D('',#11617,#9477,#9478);
#7427=AXIS2_PLACEMENT_3D('',#11621,#9481,#9482);
#7428=AXIS2_PLACEMENT_3D('',#11625,#9485,#9486);
#7429=AXIS2_PLACEMENT_3D('',#11628,#9488,#9489);
#7430=AXIS2_PLACEMENT_3D('',#11629,#9490,#9491);
#7431=AXIS2_PLACEMENT_3D('',#11632,#9493,#9494);
#7432=AXIS2_PLACEMENT_3D('',#11633,#9495,#9496);
#7433=AXIS2_PLACEMENT_3D('',#11636,#9498,#9499);
#7434=AXIS2_PLACEMENT_3D('',#11637,#9500,#9501);
#7435=AXIS2_PLACEMENT_3D('',#11640,#9503,#9504);
#7436=AXIS2_PLACEMENT_3D('',#11641,#9505,#9506);
#7437=AXIS2_PLACEMENT_3D('',#11644,#9508,#9509);
#7438=AXIS2_PLACEMENT_3D('',#11645,#9510,#9511);
#7439=AXIS2_PLACEMENT_3D('',#11648,#9513,#9514);
#7440=AXIS2_PLACEMENT_3D('',#11649,#9515,#9516);
#7441=AXIS2_PLACEMENT_3D('',#11652,#9518,#9519);
#7442=AXIS2_PLACEMENT_3D('',#11653,#9520,#9521);
#7443=AXIS2_PLACEMENT_3D('',#11656,#9523,#9524);
#7444=AXIS2_PLACEMENT_3D('',#11657,#9525,#9526);
#7445=AXIS2_PLACEMENT_3D('',#11660,#9528,#9529);
#7446=AXIS2_PLACEMENT_3D('',#11661,#9530,#9531);
#7447=AXIS2_PLACEMENT_3D('',#11664,#9533,#9534);
#7448=AXIS2_PLACEMENT_3D('',#11665,#9535,#9536);
#7449=AXIS2_PLACEMENT_3D('',#11668,#9538,#9539);
#7450=AXIS2_PLACEMENT_3D('',#11669,#9540,#9541);
#7451=AXIS2_PLACEMENT_3D('',#11672,#9543,#9544);
#7452=AXIS2_PLACEMENT_3D('',#11673,#9545,#9546);
#7453=AXIS2_PLACEMENT_3D('',#11676,#9548,#9549);
#7454=AXIS2_PLACEMENT_3D('',#11677,#9550,#9551);
#7455=AXIS2_PLACEMENT_3D('',#11680,#9553,#9554);
#7456=AXIS2_PLACEMENT_3D('',#11681,#9555,#9556);
#7457=AXIS2_PLACEMENT_3D('',#11684,#9558,#9559);
#7458=AXIS2_PLACEMENT_3D('',#11685,#9560,#9561);
#7459=AXIS2_PLACEMENT_3D('',#11688,#9563,#9564);
#7460=AXIS2_PLACEMENT_3D('',#11689,#9565,#9566);
#7461=AXIS2_PLACEMENT_3D('',#11692,#9568,#9569);
#7462=AXIS2_PLACEMENT_3D('',#11693,#9570,#9571);
#7463=AXIS2_PLACEMENT_3D('',#11696,#9573,#9574);
#7464=AXIS2_PLACEMENT_3D('',#11697,#9575,#9576);
#7465=AXIS2_PLACEMENT_3D('',#11700,#9578,#9579);
#7466=AXIS2_PLACEMENT_3D('',#11701,#9580,#9581);
#7467=AXIS2_PLACEMENT_3D('',#11704,#9583,#9584);
#7468=AXIS2_PLACEMENT_3D('',#11705,#9585,#9586);
#7469=AXIS2_PLACEMENT_3D('',#11708,#9588,#9589);
#7470=AXIS2_PLACEMENT_3D('',#11709,#9590,#9591);
#7471=AXIS2_PLACEMENT_3D('',#11712,#9593,#9594);
#7472=AXIS2_PLACEMENT_3D('',#11713,#9595,#9596);
#7473=AXIS2_PLACEMENT_3D('',#11716,#9598,#9599);
#7474=AXIS2_PLACEMENT_3D('',#11717,#9600,#9601);
#7475=AXIS2_PLACEMENT_3D('',#11720,#9603,#9604);
#7476=AXIS2_PLACEMENT_3D('',#11721,#9605,#9606);
#7477=AXIS2_PLACEMENT_3D('',#11724,#9608,#9609);
#7478=AXIS2_PLACEMENT_3D('',#11725,#9610,#9611);
#7479=AXIS2_PLACEMENT_3D('',#11728,#9613,#9614);
#7480=AXIS2_PLACEMENT_3D('',#11729,#9615,#9616);
#7481=AXIS2_PLACEMENT_3D('',#11732,#9618,#9619);
#7482=AXIS2_PLACEMENT_3D('',#11733,#9620,#9621);
#7483=AXIS2_PLACEMENT_3D('',#11736,#9623,#9624);
#7484=AXIS2_PLACEMENT_3D('',#11737,#9625,#9626);
#7485=AXIS2_PLACEMENT_3D('',#11740,#9628,#9629);
#7486=AXIS2_PLACEMENT_3D('',#11741,#9630,#9631);
#7487=AXIS2_PLACEMENT_3D('',#11744,#9633,#9634);
#7488=AXIS2_PLACEMENT_3D('',#11745,#9635,#9636);
#7489=AXIS2_PLACEMENT_3D('',#11748,#9638,#9639);
#7490=AXIS2_PLACEMENT_3D('',#11749,#9640,#9641);
#7491=AXIS2_PLACEMENT_3D('',#11752,#9643,#9644);
#7492=AXIS2_PLACEMENT_3D('',#11753,#9645,#9646);
#7493=AXIS2_PLACEMENT_3D('',#11756,#9648,#9649);
#7494=AXIS2_PLACEMENT_3D('',#11757,#9650,#9651);
#7495=AXIS2_PLACEMENT_3D('',#11760,#9653,#9654);
#7496=AXIS2_PLACEMENT_3D('',#11761,#9655,#9656);
#7497=AXIS2_PLACEMENT_3D('',#11764,#9658,#9659);
#7498=AXIS2_PLACEMENT_3D('',#11765,#9660,#9661);
#7499=AXIS2_PLACEMENT_3D('',#11768,#9663,#9664);
#7500=AXIS2_PLACEMENT_3D('',#11769,#9665,#9666);
#7501=AXIS2_PLACEMENT_3D('',#11772,#9668,#9669);
#7502=AXIS2_PLACEMENT_3D('',#11773,#9670,#9671);
#7503=AXIS2_PLACEMENT_3D('',#11776,#9673,#9674);
#7504=AXIS2_PLACEMENT_3D('',#11777,#9675,#9676);
#7505=AXIS2_PLACEMENT_3D('',#11780,#9678,#9679);
#7506=AXIS2_PLACEMENT_3D('',#11781,#9680,#9681);
#7507=AXIS2_PLACEMENT_3D('',#11784,#9683,#9684);
#7508=AXIS2_PLACEMENT_3D('',#11785,#9685,#9686);
#7509=AXIS2_PLACEMENT_3D('',#11788,#9688,#9689);
#7510=AXIS2_PLACEMENT_3D('',#11789,#9690,#9691);
#7511=AXIS2_PLACEMENT_3D('',#11792,#9693,#9694);
#7512=AXIS2_PLACEMENT_3D('',#11793,#9695,#9696);
#7513=AXIS2_PLACEMENT_3D('',#11796,#9698,#9699);
#7514=AXIS2_PLACEMENT_3D('',#11797,#9700,#9701);
#7515=AXIS2_PLACEMENT_3D('',#11800,#9703,#9704);
#7516=AXIS2_PLACEMENT_3D('',#11801,#9705,#9706);
#7517=AXIS2_PLACEMENT_3D('',#11804,#9708,#9709);
#7518=AXIS2_PLACEMENT_3D('',#11805,#9710,#9711);
#7519=AXIS2_PLACEMENT_3D('',#11808,#9713,#9714);
#7520=AXIS2_PLACEMENT_3D('',#11809,#9715,#9716);
#7521=AXIS2_PLACEMENT_3D('',#11812,#9718,#9719);
#7522=AXIS2_PLACEMENT_3D('',#11813,#9720,#9721);
#7523=AXIS2_PLACEMENT_3D('',#11816,#9723,#9724);
#7524=AXIS2_PLACEMENT_3D('',#11817,#9725,#9726);
#7525=AXIS2_PLACEMENT_3D('',#11820,#9728,#9729);
#7526=AXIS2_PLACEMENT_3D('',#11821,#9730,#9731);
#7527=AXIS2_PLACEMENT_3D('',#11824,#9733,#9734);
#7528=AXIS2_PLACEMENT_3D('',#11825,#9735,#9736);
#7529=AXIS2_PLACEMENT_3D('',#11826,#9737,#9738);
#7530=AXIS2_PLACEMENT_3D('',#11831,#9740,#9741);
#7531=AXIS2_PLACEMENT_3D('',#11834,#9743,#9744);
#7532=AXIS2_PLACEMENT_3D('',#11840,#9748,#9749);
#7533=AXIS2_PLACEMENT_3D('',#11846,#9753,#9754);
#7534=AXIS2_PLACEMENT_3D('',#11847,#9755,#9756);
#7535=AXIS2_PLACEMENT_3D('',#11851,#9758,#9759);
#7536=AXIS2_PLACEMENT_3D('',#11852,#9760,#9761);
#7537=AXIS2_PLACEMENT_3D('',#11853,#9762,#9763);
#7538=AXIS2_PLACEMENT_3D('',#11857,#9765,#9766);
#7539=AXIS2_PLACEMENT_3D('',#11858,#9767,#9768);
#7540=AXIS2_PLACEMENT_3D('',#11859,#9769,#9770);
#7541=AXIS2_PLACEMENT_3D('',#11863,#9772,#9773);
#7542=AXIS2_PLACEMENT_3D('',#11864,#9774,#9775);
#7543=AXIS2_PLACEMENT_3D('',#11865,#9776,#9777);
#7544=AXIS2_PLACEMENT_3D('',#11869,#9779,#9780);
#7545=AXIS2_PLACEMENT_3D('',#11870,#9781,#9782);
#7546=AXIS2_PLACEMENT_3D('',#11871,#9783,#9784);
#7547=AXIS2_PLACEMENT_3D('',#11875,#9786,#9787);
#7548=AXIS2_PLACEMENT_3D('',#11876,#9788,#9789);
#7549=AXIS2_PLACEMENT_3D('',#11877,#9790,#9791);
#7550=AXIS2_PLACEMENT_3D('',#11881,#9793,#9794);
#7551=AXIS2_PLACEMENT_3D('',#11882,#9795,#9796);
#7552=AXIS2_PLACEMENT_3D('',#11883,#9797,#9798);
#7553=AXIS2_PLACEMENT_3D('',#11887,#9800,#9801);
#7554=AXIS2_PLACEMENT_3D('',#11888,#9802,#9803);
#7555=AXIS2_PLACEMENT_3D('',#11889,#9804,#9805);
#7556=AXIS2_PLACEMENT_3D('',#11893,#9807,#9808);
#7557=AXIS2_PLACEMENT_3D('',#11894,#9809,#9810);
#7558=AXIS2_PLACEMENT_3D('',#11895,#9811,#9812);
#7559=AXIS2_PLACEMENT_3D('',#11899,#9814,#9815);
#7560=AXIS2_PLACEMENT_3D('',#11900,#9816,#9817);
#7561=AXIS2_PLACEMENT_3D('',#11901,#9818,#9819);
#7562=AXIS2_PLACEMENT_3D('',#11905,#9821,#9822);
#7563=AXIS2_PLACEMENT_3D('',#11906,#9823,#9824);
#7564=AXIS2_PLACEMENT_3D('',#11907,#9825,#9826);
#7565=AXIS2_PLACEMENT_3D('',#11911,#9828,#9829);
#7566=AXIS2_PLACEMENT_3D('',#11912,#9830,#9831);
#7567=AXIS2_PLACEMENT_3D('',#11913,#9832,#9833);
#7568=AXIS2_PLACEMENT_3D('',#11917,#9835,#9836);
#7569=AXIS2_PLACEMENT_3D('',#11918,#9837,#9838);
#7570=AXIS2_PLACEMENT_3D('',#11919,#9839,#9840);
#7571=AXIS2_PLACEMENT_3D('',#11923,#9842,#9843);
#7572=AXIS2_PLACEMENT_3D('',#11924,#9844,#9845);
#7573=AXIS2_PLACEMENT_3D('',#11925,#9846,#9847);
#7574=AXIS2_PLACEMENT_3D('',#11929,#9849,#9850);
#7575=AXIS2_PLACEMENT_3D('',#11930,#9851,#9852);
#7576=AXIS2_PLACEMENT_3D('',#11931,#9853,#9854);
#7577=AXIS2_PLACEMENT_3D('',#11935,#9856,#9857);
#7578=AXIS2_PLACEMENT_3D('',#11936,#9858,#9859);
#7579=AXIS2_PLACEMENT_3D('',#11937,#9860,#9861);
#7580=AXIS2_PLACEMENT_3D('',#11941,#9863,#9864);
#7581=AXIS2_PLACEMENT_3D('',#11942,#9865,#9866);
#7582=AXIS2_PLACEMENT_3D('',#11943,#9867,#9868);
#7583=AXIS2_PLACEMENT_3D('',#11947,#9870,#9871);
#7584=AXIS2_PLACEMENT_3D('',#11948,#9872,#9873);
#7585=AXIS2_PLACEMENT_3D('',#11949,#9874,#9875);
#7586=AXIS2_PLACEMENT_3D('',#11953,#9877,#9878);
#7587=AXIS2_PLACEMENT_3D('',#11954,#9879,#9880);
#7588=AXIS2_PLACEMENT_3D('',#11955,#9881,#9882);
#7589=AXIS2_PLACEMENT_3D('',#11956,#9883,#9884);
#7590=AXIS2_PLACEMENT_3D('',#11957,#9885,#9886);
#7591=AXIS2_PLACEMENT_3D('',#11958,#9887,#9888);
#7592=AXIS2_PLACEMENT_3D('',#11959,#9889,#9890);
#7593=AXIS2_PLACEMENT_3D('',#11960,#9891,#9892);
#7594=AXIS2_PLACEMENT_3D('',#11961,#9893,#9894);
#7595=AXIS2_PLACEMENT_3D('',#11971,#9900,#9901);
#7596=AXIS2_PLACEMENT_3D('',#11973,#9903,#9904);
#7597=AXIS2_PLACEMENT_3D('',#11975,#9906,#9907);
#7598=AXIS2_PLACEMENT_3D('',#11985,#9913,#9914);
#7599=AXIS2_PLACEMENT_3D('',#11987,#9916,#9917);
#7600=AXIS2_PLACEMENT_3D('',#11989,#9919,#9920);
#7601=AXIS2_PLACEMENT_3D('',#11992,#9923,#9924);
#7602=AXIS2_PLACEMENT_3D('',#11993,#9925,#9926);
#7603=AXIS2_PLACEMENT_3D('',#11994,#9927,#9928);
#7604=AXIS2_PLACEMENT_3D('',#11996,#9930,#9931);
#7605=AXIS2_PLACEMENT_3D('',#11998,#9933,#9934);
#7606=DIRECTION('',(0.,0.,1.));
#7607=DIRECTION('',(1.,0.,0.));
#7608=DIRECTION('',(5.56131819963552E-33,-1.22464679914735E-16,-1.));
#7609=DIRECTION('',(1.,-9.08232186375291E-17,1.66839545989065E-32));
#7610=DIRECTION('',(-6.81065053222356E-49,-1.,1.22464679914735E-16));
#7611=DIRECTION('',(-1.,9.08232186375291E-17,-1.66839545989065E-32));
#7612=DIRECTION('',(-6.81065053222356E-49,-1.,1.22464679914735E-16));
#7613=DIRECTION('',(-1.,9.08232186375291E-17,-1.66839545989065E-32));
#7614=DIRECTION('',(5.56131819963552E-33,-1.22464679914735E-16,-1.));
#7615=DIRECTION('',(1.,-9.08232186375291E-17,1.66839545989065E-32));
#7616=DIRECTION('',(1.,6.81065053222356E-49,5.56131819963552E-33));
#7617=DIRECTION('',(-9.20542562395431E-17,1.,-1.22464679914735E-16));
#7618=DIRECTION('',(5.56131819963552E-33,-1.22464679914735E-16,-1.));
#7619=DIRECTION('',(1.,9.08232186375291E-17,-5.56131819963552E-33));
#7620=DIRECTION('',(5.56131819963552E-33,-1.22464679914735E-16,-1.));
#7621=DIRECTION('',(1.,9.08232186375291E-17,-5.56131819963552E-33));
#7622=DIRECTION('',(5.56131819963552E-33,-1.22464679914735E-16,-1.));
#7623=DIRECTION('',(1.,9.08232186375291E-17,-5.56131819963552E-33));
#7624=DIRECTION('',(-6.73582533360392E-17,1.,-1.22464679914735E-16));
#7625=DIRECTION('',(-9.08232186375291E-17,-1.,1.22464679914735E-16));
#7626=DIRECTION('',(-5.56131819963552E-33,1.22464679914735E-16,1.));
#7627=DIRECTION('',(-5.56131819963551E-33,1.22464679914735E-16,1.));
#7628=DIRECTION('',(-5.56131819963551E-33,1.22464679914735E-16,1.));
#7629=DIRECTION('',(-1.,9.08232186375291E-17,-1.66839545989065E-32));
#7630=DIRECTION('',(-1.,-6.73582533360392E-17,2.68768873477817E-33));
#7631=DIRECTION('',(6.73582533360392E-17,-1.,1.22464679914735E-16));
#7632=DIRECTION('',(-6.73582533360392E-17,1.,-1.22464679914735E-16));
#7633=DIRECTION('',(5.56131819963552E-33,-1.22464679914735E-16,-1.));
#7634=DIRECTION('',(5.56131819963552E-33,-1.22464679914735E-16,-1.));
#7635=DIRECTION('',(6.73582533360392E-17,-1.,1.22464679914735E-16));
#7636=DIRECTION('',(5.56131819963552E-33,-1.22464679914735E-16,-1.));
#7637=DIRECTION('',(-6.73582533360392E-17,1.,-1.22464679914735E-16));
#7638=DIRECTION('',(5.56131819963552E-33,-1.22464679914735E-16,-1.));
#7639=DIRECTION('',(6.73582533360392E-17,-1.,1.22464679914735E-16));
#7640=DIRECTION('',(5.56131819963552E-33,-1.22464679914735E-16,-1.));
#7641=DIRECTION('',(-6.73582533360392E-17,1.,-1.22464679914735E-16));
#7642=DIRECTION('',(5.56131819963552E-33,-1.22464679914735E-16,-1.));
#7643=DIRECTION('',(-5.56131819963552E-33,1.22464679914735E-16,1.));
#7644=DIRECTION('',(-1.,9.08232186375291E-17,-1.66839545989065E-32));
#7645=DIRECTION('',(1.,6.81065053222356E-49,5.56131819963552E-33));
#7646=DIRECTION('',(6.81065053222356E-49,1.,-1.22464679914735E-16));
#7647=DIRECTION('',(6.81065053222356E-49,1.,-1.22464679914735E-16));
#7648=DIRECTION('',(-1.,-6.81065053222356E-49,-5.56131819963552E-33));
#7649=DIRECTION('',(-1.,9.08232186375291E-17,-1.66839545989065E-32));
#7650=DIRECTION('',(9.08232186375291E-17,1.,-1.22464679914735E-16));
#7651=DIRECTION('',(1.,-9.08232186375291E-17,1.66839545989065E-32));
#7652=DIRECTION('',(-9.08232186375291E-17,-1.,1.22464679914735E-16));
#7653=DIRECTION('',(-1.,9.08232186375291E-17,-1.66839545989065E-32));
#7654=DIRECTION('',(-1.46310960115164E-17,1.,-1.22464679914735E-16));
#7655=DIRECTION('',(1.,6.59289026856756E-17,-2.51264376489548E-33));
#7656=DIRECTION('',(6.59289026856756E-17,-1.,1.22464679914735E-16));
#7657=DIRECTION('',(5.56131819963552E-33,-1.22464679914735E-16,-1.));
#7658=DIRECTION('',(-6.59289026856756E-17,1.,-1.22464679914735E-16));
#7659=DIRECTION('',(5.56131819963552E-33,-1.22464679914735E-16,-1.));
#7660=DIRECTION('',(-6.59289026856756E-17,1.,-1.22464679914735E-16));
#7661=DIRECTION('',(1.,6.59289026856756E-17,-2.51264376489548E-33));
#7662=DIRECTION('',(6.59289026856756E-17,-1.,1.22464679914735E-16));
#7663=DIRECTION('',(5.56131819963552E-33,-1.22464679914735E-16,-1.));
#7664=DIRECTION('',(-6.59289026856756E-17,1.,-1.22464679914735E-16));
#7665=DIRECTION('',(5.56131819963552E-33,-1.22464679914735E-16,-1.));
#7666=DIRECTION('',(5.56131819963551E-33,-1.22464679914735E-16,-1.));
#7667=DIRECTION('',(6.81065053222355E-49,1.,-1.22464679914735E-16));
#7668=DIRECTION('',(5.56131819963552E-33,-1.22464679914735E-16,-1.));
#7669=DIRECTION('',(6.81065053222355E-49,1.,-1.22464679914735E-16));
#7670=DIRECTION('',(5.56131819963551E-33,-1.22464679914735E-16,-1.));
#7671=DIRECTION('',(-6.59289026856756E-17,1.,-1.22464679914735E-16));
#7672=DIRECTION('',(1.,9.20542562395431E-17,-5.71207682552916E-33));
#7673=DIRECTION('',(9.20542562395431E-17,-1.,1.22464679914735E-16));
#7674=DIRECTION('',(5.56131819963552E-33,-1.22464679914735E-16,-1.));
#7675=DIRECTION('',(-9.20542562395431E-17,1.,-1.22464679914735E-16));
#7676=DIRECTION('',(5.56131819963552E-33,-1.22464679914735E-16,-1.));
#7677=DIRECTION('',(-9.20542562395431E-17,1.,-1.22464679914735E-16));
#7678=DIRECTION('',(1.,9.20542562395431E-17,-5.71207682552916E-33));
#7679=DIRECTION('',(9.20542562395431E-17,-1.,1.22464679914735E-16));
#7680=DIRECTION('',(-9.20542562395431E-17,1.,-1.22464679914735E-16));
#7681=DIRECTION('',(5.56131819963552E-33,-1.22464679914735E-16,-1.));
#7682=DIRECTION('',(5.56131819963551E-33,-1.22464679914735E-16,-1.));
#7683=DIRECTION('',(6.81065053222355E-49,1.,-1.22464679914735E-16));
#7684=DIRECTION('',(5.56131819963552E-33,-1.22464679914735E-16,-1.));
#7685=DIRECTION('',(6.81065053222355E-49,1.,-1.22464679914735E-16));
#7686=DIRECTION('',(5.56131819963551E-33,-1.22464679914735E-16,-1.));
#7687=DIRECTION('',(5.56131819963552E-33,-1.22464679914735E-16,-1.));
#7688=DIRECTION('',(5.56131819963552E-33,-1.22464679914735E-16,-1.));
#7689=DIRECTION('',(1.,-9.08232186375291E-17,1.66839545989065E-32));
#7690=DIRECTION('',(-1.46310960115164E-17,1.,-1.22464679914735E-16));
#7691=DIRECTION('',(5.56131819963552E-33,-1.22464679914735E-16,-1.));
#7692=DIRECTION('',(1.,9.08232186375291E-17,-5.56131819963552E-33));
#7693=DIRECTION('',(5.56131819963552E-33,-1.22464679914735E-16,-1.));
#7694=DIRECTION('',(1.,9.08232186375291E-17,-5.56131819963552E-33));
#7695=DIRECTION('',(5.56131819963552E-33,-1.22464679914735E-16,-1.));
#7696=DIRECTION('',(1.,9.08232186375291E-17,-5.56131819963552E-33));
#7697=DIRECTION('',(5.56131819963552E-33,-1.22464679914735E-16,-1.));
#7698=DIRECTION('',(1.,9.08232186375291E-17,-5.56131819963552E-33));
#7699=DIRECTION('',(5.56131819963552E-33,-1.22464679914735E-16,-1.));
#7700=DIRECTION('',(1.,-9.08232186375291E-17,1.66839545989065E-32));
#7701=DIRECTION('',(-5.56131819963552E-33,1.22464679914735E-16,1.));
#7702=DIRECTION('',(-1.,9.08232186375291E-17,-1.66839545989065E-32));
#7703=DIRECTION('',(-6.59289026856756E-17,1.,-1.22464679914735E-16));
#7704=DIRECTION('',(5.56131819963552E-33,-1.22464679914735E-16,-1.));
#7705=DIRECTION('',(1.,9.08232186375291E-17,-5.56131819963552E-33));
#7706=DIRECTION('',(-1.46310960115164E-17,1.,-1.22464679914735E-16));
#7707=DIRECTION('',(-1.,9.08232186375291E-17,-1.66839545989065E-32));
#7708=DIRECTION('',(-9.08232186375291E-17,-1.,1.22464679914735E-16));
#7709=DIRECTION('',(1.,-9.08232186375291E-17,1.66839545989065E-32));
#7710=DIRECTION('',(9.08232186375291E-17,1.,-1.22464679914735E-16));
#7711=DIRECTION('',(-1.,9.08232186375291E-17,-1.66839545989065E-32));
#7712=DIRECTION('',(5.56131819963552E-33,-1.22464679914735E-16,-1.));
#7713=DIRECTION('',(1.,9.08232186375291E-17,-5.56131819963552E-33));
#7714=DIRECTION('',(5.56131819963552E-33,-1.22464679914735E-16,-1.));
#7715=DIRECTION('',(1.,9.08232186375291E-17,-5.56131819963552E-33));
#7716=DIRECTION('',(5.56131819963552E-33,-1.22464679914735E-16,-1.));
#7717=DIRECTION('',(1.,9.08232186375291E-17,-5.56131819963552E-33));
#7718=DIRECTION('',(-9.20542562395431E-17,1.,-1.22464679914735E-16));
#7719=DIRECTION('',(-1.,9.08232186375291E-17,-1.66839545989065E-32));
#7720=DIRECTION('',(-9.08232186375291E-17,-1.,1.22464679914735E-16));
#7721=DIRECTION('',(1.,-9.08232186375291E-17,1.66839545989065E-32));
#7722=DIRECTION('',(-9.08232186375291E-17,-1.,1.22464679914735E-16));
#7723=DIRECTION('',(-1.,9.08232186375291E-17,-1.66839545989065E-32));
#7724=DIRECTION('',(5.56131819963552E-33,-1.22464679914735E-16,-1.));
#7725=DIRECTION('',(1.,-9.08232186375291E-17,1.66839545989065E-32));
#7726=DIRECTION('',(-1.,-6.81065053222356E-49,-5.56131819963552E-33));
#7727=DIRECTION('',(-1.46310960115164E-17,1.,-1.22464679914735E-16));
#7728=DIRECTION('',(5.56131819963552E-33,-1.22464679914735E-16,-1.));
#7729=DIRECTION('',(1.,9.08232186375291E-17,-5.56131819963552E-33));
#7730=DIRECTION('',(5.56131819963552E-33,-1.22464679914735E-16,-1.));
#7731=DIRECTION('',(1.,9.08232186375291E-17,-5.56131819963552E-33));
#7732=DIRECTION('',(5.56131819963552E-33,-1.22464679914735E-16,-1.));
#7733=DIRECTION('',(1.,-9.08232186375291E-17,1.66839545989065E-32));
#7734=DIRECTION('',(-1.46310960115164E-17,1.,-1.22464679914735E-16));
#7735=DIRECTION('',(5.56131819963552E-33,-1.22464679914735E-16,-1.));
#7736=DIRECTION('',(1.,9.08232186375291E-17,-5.56131819963552E-33));
#7737=DIRECTION('',(5.56131819963552E-33,-1.22464679914735E-16,-1.));
#7738=DIRECTION('',(1.,9.08232186375291E-17,-5.56131819963552E-33));
#7739=DIRECTION('',(5.56131819963552E-33,-1.22464679914735E-16,-1.));
#7740=DIRECTION('',(1.,9.08232186375291E-17,-5.56131819963552E-33));
#7741=DIRECTION('',(5.56131819963552E-33,-1.22464679914735E-16,-1.));
#7742=DIRECTION('',(1.,9.08232186375291E-17,-5.56131819963552E-33));
#7743=DIRECTION('',(5.56131819963552E-33,-1.22464679914735E-16,-1.));
#7744=DIRECTION('',(1.,-9.08232186375291E-17,1.66839545989065E-32));
#7745=DIRECTION('',(5.56131819963552E-33,-1.22464679914735E-16,-1.));
#7746=DIRECTION('',(1.,9.08232186375291E-17,-5.56131819963552E-33));
#7747=DIRECTION('',(5.56131819963552E-33,-1.22464679914735E-16,-1.));
#7748=DIRECTION('',(1.,9.08232186375291E-17,-5.56131819963552E-33));
#7749=DIRECTION('',(5.56131819963552E-33,-1.22464679914735E-16,-1.));
#7750=DIRECTION('',(1.,9.08232186375291E-17,-5.56131819963552E-33));
#7751=DIRECTION('',(5.56131819963552E-33,-1.22464679914735E-16,-1.));
#7752=DIRECTION('',(1.,9.08232186375291E-17,-5.56131819963552E-33));
#7753=DIRECTION('',(5.56131819963552E-33,-1.22464679914735E-16,-1.));
#7754=DIRECTION('',(1.,9.08232186375291E-17,-5.56131819963552E-33));
#7755=DIRECTION('',(5.56131819963552E-33,-1.22464679914735E-16,-1.));
#7756=DIRECTION('',(1.,9.08232186375291E-17,-5.56131819963552E-33));
#7757=DIRECTION('',(5.56131819963552E-33,-1.22464679914735E-16,-1.));
#7758=DIRECTION('',(1.,9.08232186375291E-17,-5.56131819963552E-33));
#7759=DIRECTION('',(5.56131819963552E-33,-1.22464679914735E-16,-1.));
#7760=DIRECTION('',(1.,9.08232186375291E-17,-5.56131819963552E-33));
#7761=DIRECTION('',(5.56131819963552E-33,-1.22464679914735E-16,-1.));
#7762=DIRECTION('',(1.,9.08232186375291E-17,-5.56131819963552E-33));
#7763=DIRECTION('',(5.56131819963552E-33,-1.22464679914735E-16,-1.));
#7764=DIRECTION('',(1.,9.08232186375291E-17,-5.56131819963552E-33));
#7765=DIRECTION('',(5.56131819963552E-33,-1.22464679914735E-16,-1.));
#7766=DIRECTION('',(1.,9.08232186375291E-17,-5.56131819963552E-33));
#7767=DIRECTION('',(5.56131819963552E-33,-1.22464679914735E-16,-1.));
#7768=DIRECTION('',(1.,9.08232186375291E-17,-5.56131819963552E-33));
#7769=DIRECTION('',(5.56131819963552E-33,-1.22464679914735E-16,-1.));
#7770=DIRECTION('',(1.,9.08232186375291E-17,-5.56131819963552E-33));
#7771=DIRECTION('',(5.56131819963552E-33,-1.22464679914735E-16,-1.));
#7772=DIRECTION('',(1.,9.08232186375291E-17,-5.56131819963552E-33));
#7773=DIRECTION('',(-5.56131819963552E-33,1.22464679914735E-16,1.));
#7774=DIRECTION('',(1.,9.08232186375291E-17,-5.56131819963552E-33));
#7775=DIRECTION('',(-5.56131819963552E-33,1.22464679914735E-16,1.));
#7776=DIRECTION('',(1.,9.08232186375291E-17,-5.56131819963552E-33));
#7777=DIRECTION('',(-5.56131819963552E-33,1.22464679914735E-16,1.));
#7778=DIRECTION('',(1.,9.08232186375291E-17,-5.56131819963552E-33));
#7779=DIRECTION('',(-5.56131819963552E-33,1.22464679914735E-16,1.));
#7780=DIRECTION('',(1.,9.08232186375291E-17,-5.56131819963552E-33));
#7781=DIRECTION('',(9.08232186375291E-17,1.,-1.22464679914735E-16));
#7782=DIRECTION('',(5.56131819963552E-33,-1.22464679914735E-16,-1.));
#7783=DIRECTION('',(-1.,9.08232186375291E-17,-1.66839545989065E-32));
#7784=DIRECTION('',(5.56131819963552E-33,-1.22464679914735E-16,-1.));
#7785=DIRECTION('',(5.56131819963552E-33,-1.22464679914735E-16,-1.));
#7786=DIRECTION('',(-1.,9.08232186375291E-17,-1.66839545989065E-32));
#7787=DIRECTION('',(-5.56131819963552E-33,1.22464679914735E-16,1.));
#7788=DIRECTION('',(-9.08232186375291E-17,-1.,1.22464679914735E-16));
#7789=DIRECTION('',(5.56131819963552E-33,-1.22464679914735E-16,-1.));
#7790=DIRECTION('',(-9.08232186375291E-17,-1.,1.22464679914735E-16));
#7791=DIRECTION('',(-5.56131819963552E-33,1.22464679914735E-16,1.));
#7792=DIRECTION('',(1.,-9.08232186375291E-17,1.66839545989065E-32));
#7793=DIRECTION('',(5.56131819963552E-33,-1.22464679914735E-16,-1.));
#7794=DIRECTION('',(-1.,9.08232186375291E-17,-1.66839545989065E-32));
#7795=DIRECTION('',(-5.56131819963552E-33,1.22464679914735E-16,1.));
#7796=DIRECTION('',(-9.08232186375291E-17,-1.,1.22464679914735E-16));
#7797=DIRECTION('',(5.56131819963552E-33,-1.22464679914735E-16,-1.));
#7798=DIRECTION('',(9.08232186375291E-17,1.,-1.22464679914735E-16));
#7799=DIRECTION('',(5.56131819963552E-33,-1.22464679914735E-16,-1.));
#7800=DIRECTION('',(-1.,9.08232186375291E-17,-1.66839545989065E-32));
#7801=DIRECTION('',(5.56131819963552E-33,-1.22464679914735E-16,-1.));
#7802=DIRECTION('',(1.,6.59289026856756E-17,-2.51264376489548E-33));
#7803=DIRECTION('',(6.59289026856756E-17,-1.,1.22464679914735E-16));
#7804=DIRECTION('',(5.56131819963552E-33,-1.22464679914735E-16,-1.));
#7805=DIRECTION('',(-6.59289026856756E-17,1.,-1.22464679914735E-16));
#7806=DIRECTION('',(9.08232186375291E-17,1.,-1.22464679914735E-16));
#7807=DIRECTION('',(5.56131819963552E-33,-1.22464679914735E-16,-1.));
#7808=DIRECTION('',(-1.,9.08232186375291E-17,-1.66839545989065E-32));
#7809=DIRECTION('',(1.,6.81065053222356E-49,5.56131819963552E-33));
#7810=DIRECTION('',(-1.,9.08232186375291E-17,-1.66839545989065E-32));
#7811=DIRECTION('',(1.,9.20542562395431E-17,-5.71207682552916E-33));
#7812=DIRECTION('',(9.20542562395431E-17,-1.,1.22464679914735E-16));
#7813=DIRECTION('',(5.56131819963552E-33,-1.22464679914735E-16,-1.));
#7814=DIRECTION('',(-9.20542562395431E-17,1.,-1.22464679914735E-16));
#7815=DIRECTION('',(5.56131819963552E-33,-1.22464679914735E-16,-1.));
#7816=DIRECTION('',(-1.,9.08232186375291E-17,-1.66839545989065E-32));
#7817=DIRECTION('',(-5.56131819963552E-33,1.22464679914735E-16,1.));
#7818=DIRECTION('',(-1.,9.08232186375291E-17,-1.66839545989065E-32));
#7819=DIRECTION('',(5.56131819963552E-33,-1.22464679914735E-16,-1.));
#7820=DIRECTION('',(1.,-9.08232186375291E-17,1.66839545989065E-32));
#7821=DIRECTION('',(5.56131819963552E-33,-1.22464679914735E-16,-1.));
#7822=DIRECTION('',(1.,9.08232186375291E-17,-5.56131819963552E-33));
#7823=DIRECTION('',(5.56131819963552E-33,-1.22464679914735E-16,-1.));
#7824=DIRECTION('',(1.,9.08232186375291E-17,-5.56131819963552E-33));
#7825=DIRECTION('',(5.56131819963552E-33,-1.22464679914735E-16,-1.));
#7826=DIRECTION('',(1.,9.08232186375291E-17,-5.56131819963552E-33));
#7827=DIRECTION('',(5.56131819963552E-33,-1.22464679914735E-16,-1.));
#7828=DIRECTION('',(1.,9.08232186375291E-17,-5.56131819963552E-33));
#7829=DIRECTION('',(5.56131819963552E-33,-1.22464679914735E-16,-1.));
#7830=DIRECTION('',(1.,-9.08232186375291E-17,1.66839545989065E-32));
#7831=DIRECTION('',(5.56131819963552E-33,-1.22464679914735E-16,-1.));
#7832=DIRECTION('',(1.,9.08232186375291E-17,-5.56131819963552E-33));
#7833=DIRECTION('',(-5.56131819963552E-33,1.22464679914735E-16,1.));
#7834=DIRECTION('',(1.,9.08232186375291E-17,-5.56131819963552E-33));
#7835=DIRECTION('',(-5.56131819963552E-33,1.22464679914735E-16,1.));
#7836=DIRECTION('',(1.,9.08232186375291E-17,-5.56131819963552E-33));
#7837=DIRECTION('',(5.56131819963552E-33,-1.22464679914735E-16,-1.));
#7838=DIRECTION('',(1.,9.08232186375291E-17,-5.56131819963552E-33));
#7839=DIRECTION('',(5.56131819963552E-33,-1.22464679914735E-16,-1.));
#7840=DIRECTION('',(1.,9.08232186375291E-17,-5.56131819963552E-33));
#7841=DIRECTION('',(5.56131819963552E-33,-1.22464679914735E-16,-1.));
#7842=DIRECTION('',(1.,9.08232186375291E-17,-5.56131819963552E-33));
#7843=DIRECTION('',(5.56131819963552E-33,-1.22464679914735E-16,-1.));
#7844=DIRECTION('',(1.,9.08232186375291E-17,-5.56131819963552E-33));
#7845=DIRECTION('',(5.56131819963552E-33,-1.22464679914735E-16,-1.));
#7846=DIRECTION('',(1.,9.08232186375291E-17,-5.56131819963552E-33));
#7847=DIRECTION('',(5.56131819963552E-33,-1.22464679914735E-16,-1.));
#7848=DIRECTION('',(1.,9.08232186375291E-17,-5.56131819963552E-33));
#7849=DIRECTION('',(5.56131819963552E-33,-1.22464679914735E-16,-1.));
#7850=DIRECTION('',(1.,9.08232186375291E-17,-5.56131819963552E-33));
#7851=DIRECTION('',(5.56131819963552E-33,-1.22464679914735E-16,-1.));
#7852=DIRECTION('',(1.,9.08232186375291E-17,-5.56131819963552E-33));
#7853=DIRECTION('',(5.56131819963552E-33,-1.22464679914735E-16,-1.));
#7854=DIRECTION('',(1.,9.08232186375291E-17,-5.56131819963552E-33));
#7855=DIRECTION('',(5.56131819963552E-33,-1.22464679914735E-16,-1.));
#7856=DIRECTION('',(1.,9.08232186375291E-17,-5.56131819963552E-33));
#7857=DIRECTION('',(5.56131819963552E-33,-1.22464679914735E-16,-1.));
#7858=DIRECTION('',(1.,9.08232186375291E-17,-5.56131819963552E-33));
#7859=DIRECTION('',(5.56131819963552E-33,-1.22464679914735E-16,-1.));
#7860=DIRECTION('',(1.,9.08232186375291E-17,-5.56131819963552E-33));
#7861=DIRECTION('',(5.56131819963552E-33,-1.22464679914735E-16,-1.));
#7862=DIRECTION('',(1.,9.08232186375291E-17,-5.56131819963552E-33));
#7863=DIRECTION('',(5.56131819963552E-33,-1.22464679914735E-16,-1.));
#7864=DIRECTION('',(1.,9.08232186375291E-17,-5.56131819963552E-33));
#7865=DIRECTION('',(5.56131819963552E-33,-1.22464679914735E-16,-1.));
#7866=DIRECTION('',(1.,9.08232186375291E-17,-5.56131819963552E-33));
#7867=DIRECTION('',(5.56131819963552E-33,-1.22464679914735E-16,-1.));
#7868=DIRECTION('',(1.,9.08232186375291E-17,-5.56131819963552E-33));
#7869=DIRECTION('',(-5.56131819963552E-33,1.22464679914735E-16,1.));
#7870=DIRECTION('',(1.,9.08232186375291E-17,-5.56131819963552E-33));
#7871=DIRECTION('',(-5.56131819963552E-33,1.22464679914735E-16,1.));
#7872=DIRECTION('',(1.,9.08232186375291E-17,-5.56131819963552E-33));
#7873=DIRECTION('',(-5.56131819963552E-33,1.22464679914735E-16,1.));
#7874=DIRECTION('',(1.,9.08232186375291E-17,-5.56131819963552E-33));
#7875=DIRECTION('',(-5.56131819963552E-33,1.22464679914735E-16,1.));
#7876=DIRECTION('',(1.,9.08232186375291E-17,-5.56131819963552E-33));
#7877=DIRECTION('',(5.56131819963552E-33,-1.22464679914735E-16,-1.));
#7878=DIRECTION('',(1.,9.08232186375291E-17,-5.56131819963552E-33));
#7879=DIRECTION('',(5.56131819963552E-33,-1.22464679914735E-16,-1.));
#7880=DIRECTION('',(1.,9.08232186375291E-17,-5.56131819963552E-33));
#7881=DIRECTION('',(5.56131819963552E-33,-1.22464679914735E-16,-1.));
#7882=DIRECTION('',(1.,9.08232186375291E-17,-5.56131819963552E-33));
#7883=DIRECTION('',(5.56131819963552E-33,-1.22464679914735E-16,-1.));
#7884=DIRECTION('',(1.,9.08232186375291E-17,-5.56131819963552E-33));
#7885=DIRECTION('',(5.56131819963552E-33,-1.22464679914735E-16,-1.));
#7886=DIRECTION('',(1.,9.08232186375291E-17,-5.56131819963552E-33));
#7887=DIRECTION('',(5.56131819963552E-33,-1.22464679914735E-16,-1.));
#7888=DIRECTION('',(1.,9.08232186375291E-17,-5.56131819963552E-33));
#7889=DIRECTION('',(5.56131819963552E-33,-1.22464679914735E-16,-1.));
#7890=DIRECTION('',(1.,9.08232186375291E-17,-5.56131819963552E-33));
#7891=DIRECTION('',(5.56131819963552E-33,-1.22464679914735E-16,-1.));
#7892=DIRECTION('',(1.,9.08232186375291E-17,-5.56131819963552E-33));
#7893=DIRECTION('',(-5.56131819963552E-33,1.22464679914735E-16,1.));
#7894=DIRECTION('',(1.,9.08232186375291E-17,-5.56131819963552E-33));
#7895=DIRECTION('',(-5.56131819963552E-33,1.22464679914735E-16,1.));
#7896=DIRECTION('',(1.,9.08232186375291E-17,-5.56131819963552E-33));
#7897=DIRECTION('',(-5.56131819963552E-33,1.22464679914735E-16,1.));
#7898=DIRECTION('',(1.,9.08232186375291E-17,-5.56131819963552E-33));
#7899=DIRECTION('',(-5.56131819963552E-33,1.22464679914735E-16,1.));
#7900=DIRECTION('',(1.,9.08232186375291E-17,-5.56131819963552E-33));
#7901=DIRECTION('',(5.56131819963552E-33,-1.22464679914735E-16,-1.));
#7902=DIRECTION('',(1.,9.08232186375291E-17,-5.56131819963552E-33));
#7903=DIRECTION('',(5.56131819963552E-33,-1.22464679914735E-16,-1.));
#7904=DIRECTION('',(1.,9.08232186375291E-17,-5.56131819963552E-33));
#7905=DIRECTION('',(5.56131819963552E-33,-1.22464679914735E-16,-1.));
#7906=DIRECTION('',(1.,9.08232186375291E-17,-5.56131819963552E-33));
#7907=DIRECTION('',(5.56131819963552E-33,-1.22464679914735E-16,-1.));
#7908=DIRECTION('',(1.,9.08232186375291E-17,-5.56131819963552E-33));
#7909=DIRECTION('',(5.56131819963552E-33,-1.22464679914735E-16,-1.));
#7910=DIRECTION('',(1.,9.08232186375291E-17,-5.56131819963552E-33));
#7911=DIRECTION('',(5.56131819963552E-33,-1.22464679914735E-16,-1.));
#7912=DIRECTION('',(1.,9.08232186375291E-17,-5.56131819963552E-33));
#7913=DIRECTION('',(5.56131819963552E-33,-1.22464679914735E-16,-1.));
#7914=DIRECTION('',(1.,9.08232186375291E-17,-5.56131819963552E-33));
#7915=DIRECTION('',(5.56131819963552E-33,-1.22464679914735E-16,-1.));
#7916=DIRECTION('',(1.,9.08232186375291E-17,-5.56131819963552E-33));
#7917=DIRECTION('',(5.56131819963552E-33,-1.22464679914735E-16,-1.));
#7918=DIRECTION('',(1.,9.08232186375291E-17,-5.56131819963552E-33));
#7919=DIRECTION('',(5.56131819963552E-33,-1.22464679914735E-16,-1.));
#7920=DIRECTION('',(1.,9.08232186375291E-17,-5.56131819963552E-33));
#7921=DIRECTION('',(5.56131819963552E-33,-1.22464679914735E-16,-1.));
#7922=DIRECTION('',(1.,9.08232186375291E-17,-5.56131819963552E-33));
#7923=DIRECTION('',(5.56131819963552E-33,-1.22464679914735E-16,-1.));
#7924=DIRECTION('',(1.,9.08232186375291E-17,-5.56131819963552E-33));
#7925=DIRECTION('',(5.56131819963552E-33,-1.22464679914735E-16,-1.));
#7926=DIRECTION('',(1.,9.08232186375291E-17,-5.56131819963552E-33));
#7927=DIRECTION('',(5.56131819963552E-33,-1.22464679914735E-16,-1.));
#7928=DIRECTION('',(1.,9.08232186375291E-17,-5.56131819963552E-33));
#7929=DIRECTION('',(-5.56131819963552E-33,1.22464679914735E-16,1.));
#7930=DIRECTION('',(1.,9.08232186375291E-17,-5.56131819963552E-33));
#7931=DIRECTION('',(-5.56131819963552E-33,1.22464679914735E-16,1.));
#7932=DIRECTION('',(1.,9.08232186375291E-17,-5.56131819963552E-33));
#7933=DIRECTION('',(-5.56131819963552E-33,1.22464679914735E-16,1.));
#7934=DIRECTION('',(1.,9.08232186375291E-17,-5.56131819963552E-33));
#7935=DIRECTION('',(-5.56131819963552E-33,1.22464679914735E-16,1.));
#7936=DIRECTION('',(1.,9.08232186375291E-17,-5.56131819963552E-33));
#7937=DIRECTION('',(5.56131819963552E-33,-1.22464679914735E-16,-1.));
#7938=DIRECTION('',(1.,9.08232186375291E-17,-5.56131819963552E-33));
#7939=DIRECTION('',(5.56131819963552E-33,-1.22464679914735E-16,-1.));
#7940=DIRECTION('',(1.,9.08232186375291E-17,-5.56131819963552E-33));
#7941=DIRECTION('',(5.56131819963552E-33,-1.22464679914735E-16,-1.));
#7942=DIRECTION('',(1.,9.08232186375291E-17,-5.56131819963552E-33));
#7943=DIRECTION('',(5.56131819963552E-33,-1.22464679914735E-16,-1.));
#7944=DIRECTION('',(1.,9.08232186375291E-17,-5.56131819963552E-33));
#7945=DIRECTION('',(5.56131819963552E-33,-1.22464679914735E-16,-1.));
#7946=DIRECTION('',(1.,9.08232186375291E-17,-5.56131819963552E-33));
#7947=DIRECTION('',(5.56131819963552E-33,-1.22464679914735E-16,-1.));
#7948=DIRECTION('',(1.,9.08232186375291E-17,-5.56131819963552E-33));
#7949=DIRECTION('',(5.56131819963552E-33,-1.22464679914735E-16,-1.));
#7950=DIRECTION('',(1.,9.08232186375291E-17,-5.56131819963552E-33));
#7951=DIRECTION('',(5.56131819963552E-33,-1.22464679914735E-16,-1.));
#7952=DIRECTION('',(1.,9.08232186375291E-17,-5.56131819963552E-33));
#7953=DIRECTION('',(5.56131819963552E-33,-1.22464679914735E-16,-1.));
#7954=DIRECTION('',(1.,9.08232186375291E-17,-5.56131819963552E-33));
#7955=DIRECTION('',(5.56131819963552E-33,-1.22464679914735E-16,-1.));
#7956=DIRECTION('',(1.,9.08232186375291E-17,-5.56131819963552E-33));
#7957=DIRECTION('',(5.56131819963552E-33,-1.22464679914735E-16,-1.));
#7958=DIRECTION('',(1.,9.08232186375291E-17,-5.56131819963552E-33));
#7959=DIRECTION('',(5.56131819963552E-33,-1.22464679914735E-16,-1.));
#7960=DIRECTION('',(1.,9.08232186375291E-17,-5.56131819963552E-33));
#7961=DIRECTION('',(5.56131819963552E-33,-1.22464679914735E-16,-1.));
#7962=DIRECTION('',(1.,9.08232186375291E-17,-5.56131819963552E-33));
#7963=DIRECTION('',(5.56131819963552E-33,-1.22464679914735E-16,-1.));
#7964=DIRECTION('',(1.,9.08232186375291E-17,-5.56131819963552E-33));
#7965=DIRECTION('',(5.56131819963552E-33,-1.22464679914735E-16,-1.));
#7966=DIRECTION('',(1.,9.08232186375291E-17,-5.56131819963552E-33));
#7967=DIRECTION('',(5.56131819963552E-33,-1.22464679914735E-16,-1.));
#7968=DIRECTION('',(1.,9.08232186375291E-17,-5.56131819963552E-33));
#7969=DIRECTION('',(-5.56131819963552E-33,1.22464679914735E-16,1.));
#7970=DIRECTION('',(1.,9.08232186375291E-17,-5.56131819963552E-33));
#7971=DIRECTION('',(-5.56131819963552E-33,1.22464679914735E-16,1.));
#7972=DIRECTION('',(1.,9.08232186375291E-17,-5.56131819963552E-33));
#7973=DIRECTION('',(-5.56131819963552E-33,1.22464679914735E-16,1.));
#7974=DIRECTION('',(1.,9.08232186375291E-17,-5.56131819963552E-33));
#7975=DIRECTION('',(-5.56131819963552E-33,1.22464679914735E-16,1.));
#7976=DIRECTION('',(1.,9.08232186375291E-17,-5.56131819963552E-33));
#7977=DIRECTION('',(5.56131819963552E-33,-1.22464679914735E-16,-1.));
#7978=DIRECTION('',(1.,9.08232186375291E-17,-5.56131819963552E-33));
#7979=DIRECTION('',(5.56131819963552E-33,-1.22464679914735E-16,-1.));
#7980=DIRECTION('',(1.,9.08232186375291E-17,-5.56131819963552E-33));
#7981=DIRECTION('',(5.56131819963552E-33,-1.22464679914735E-16,-1.));
#7982=DIRECTION('',(1.,9.08232186375291E-17,-5.56131819963552E-33));
#7983=DIRECTION('',(5.56131819963552E-33,-1.22464679914735E-16,-1.));
#7984=DIRECTION('',(1.,9.08232186375291E-17,-5.56131819963552E-33));
#7985=DIRECTION('',(-5.56131819963552E-33,1.22464679914735E-16,1.));
#7986=DIRECTION('',(1.,9.08232186375291E-17,-5.56131819963552E-33));
#7987=DIRECTION('',(-5.56131819963552E-33,1.22464679914735E-16,1.));
#7988=DIRECTION('',(1.,9.08232186375291E-17,-5.56131819963552E-33));
#7989=DIRECTION('',(-5.56131819963552E-33,1.22464679914735E-16,1.));
#7990=DIRECTION('',(1.,9.08232186375291E-17,-5.56131819963552E-33));
#7991=DIRECTION('',(-5.56131819963552E-33,1.22464679914735E-16,1.));
#7992=DIRECTION('',(1.,9.08232186375291E-17,-5.56131819963552E-33));
#7993=DIRECTION('',(5.56131819963552E-33,-1.22464679914735E-16,-1.));
#7994=DIRECTION('',(1.,9.08232186375291E-17,-5.56131819963552E-33));
#7995=DIRECTION('',(5.56131819963552E-33,-1.22464679914735E-16,-1.));
#7996=DIRECTION('',(1.,9.08232186375291E-17,-5.56131819963552E-33));
#7997=DIRECTION('',(5.56131819963552E-33,-1.22464679914735E-16,-1.));
#7998=DIRECTION('',(1.,9.08232186375291E-17,-5.56131819963552E-33));
#7999=DIRECTION('',(5.56131819963552E-33,-1.22464679914735E-16,-1.));
#8000=DIRECTION('',(1.,9.08232186375291E-17,-5.56131819963552E-33));
#8001=DIRECTION('',(5.56131819963552E-33,-1.22464679914735E-16,-1.));
#8002=DIRECTION('',(1.,9.08232186375291E-17,-5.56131819963552E-33));
#8003=DIRECTION('',(5.56131819963552E-33,-1.22464679914735E-16,-1.));
#8004=DIRECTION('',(1.,9.08232186375291E-17,-5.56131819963552E-33));
#8005=DIRECTION('',(5.56131819963552E-33,-1.22464679914735E-16,-1.));
#8006=DIRECTION('',(1.,9.08232186375291E-17,-5.56131819963552E-33));
#8007=DIRECTION('',(5.56131819963552E-33,-1.22464679914735E-16,-1.));
#8008=DIRECTION('',(1.,9.08232186375291E-17,-5.56131819963552E-33));
#8009=DIRECTION('',(-5.56131819963552E-33,1.22464679914735E-16,1.));
#8010=DIRECTION('',(1.,9.08232186375291E-17,-5.56131819963552E-33));
#8011=DIRECTION('',(-5.56131819963552E-33,1.22464679914735E-16,1.));
#8012=DIRECTION('',(1.,9.08232186375291E-17,-5.56131819963552E-33));
#8013=DIRECTION('',(-5.56131819963552E-33,1.22464679914735E-16,1.));
#8014=DIRECTION('',(1.,9.08232186375291E-17,-5.56131819963552E-33));
#8015=DIRECTION('',(-5.56131819963552E-33,1.22464679914735E-16,1.));
#8016=DIRECTION('',(1.,9.08232186375291E-17,-5.56131819963552E-33));
#8017=DIRECTION('',(-5.56131819963552E-33,1.22464679914735E-16,1.));
#8018=DIRECTION('',(1.,9.08232186375291E-17,-5.56131819963552E-33));
#8019=DIRECTION('',(-5.56131819963552E-33,1.22464679914735E-16,1.));
#8020=DIRECTION('',(1.,9.08232186375291E-17,-5.56131819963552E-33));
#8021=DIRECTION('',(-5.56131819963552E-33,1.22464679914735E-16,1.));
#8022=DIRECTION('',(1.,9.08232186375291E-17,-5.56131819963552E-33));
#8023=DIRECTION('',(-5.56131819963552E-33,1.22464679914735E-16,1.));
#8024=DIRECTION('',(1.,9.08232186375291E-17,-5.56131819963552E-33));
#8025=DIRECTION('',(5.56131819963552E-33,-1.22464679914735E-16,-1.));
#8026=DIRECTION('',(1.,9.08232186375291E-17,-5.56131819963552E-33));
#8027=DIRECTION('',(5.56131819963552E-33,-1.22464679914735E-16,-1.));
#8028=DIRECTION('',(1.,9.08232186375291E-17,-5.56131819963552E-33));
#8029=DIRECTION('',(5.56131819963552E-33,-1.22464679914735E-16,-1.));
#8030=DIRECTION('',(1.,9.08232186375291E-17,-5.56131819963552E-33));
#8031=DIRECTION('',(5.56131819963552E-33,-1.22464679914735E-16,-1.));
#8032=DIRECTION('',(1.,9.08232186375291E-17,-5.56131819963552E-33));
#8033=DIRECTION('',(-5.56131819963552E-33,1.22464679914735E-16,1.));
#8034=DIRECTION('',(1.,9.08232186375291E-17,-5.56131819963552E-33));
#8035=DIRECTION('',(-5.56131819963552E-33,1.22464679914735E-16,1.));
#8036=DIRECTION('',(1.,9.08232186375291E-17,-5.56131819963552E-33));
#8037=DIRECTION('',(-5.56131819963552E-33,1.22464679914735E-16,1.));
#8038=DIRECTION('',(1.,9.08232186375291E-17,-5.56131819963552E-33));
#8039=DIRECTION('',(-5.56131819963552E-33,1.22464679914735E-16,1.));
#8040=DIRECTION('',(1.,9.08232186375291E-17,-5.56131819963552E-33));
#8041=DIRECTION('',(-5.56131819963552E-33,1.22464679914735E-16,1.));
#8042=DIRECTION('',(1.,9.08232186375291E-17,-5.56131819963552E-33));
#8043=DIRECTION('',(-5.56131819963552E-33,1.22464679914735E-16,1.));
#8044=DIRECTION('',(1.,9.08232186375291E-17,-5.56131819963552E-33));
#8045=DIRECTION('',(-5.56131819963552E-33,1.22464679914735E-16,1.));
#8046=DIRECTION('',(1.,9.08232186375291E-17,-5.56131819963552E-33));
#8047=DIRECTION('',(-5.56131819963552E-33,1.22464679914735E-16,1.));
#8048=DIRECTION('',(1.,9.08232186375291E-17,-5.56131819963552E-33));
#8049=DIRECTION('',(-5.56131819963552E-33,1.22464679914735E-16,1.));
#8050=DIRECTION('',(1.,9.08232186375291E-17,-5.56131819963552E-33));
#8051=DIRECTION('',(-5.56131819963552E-33,1.22464679914735E-16,1.));
#8052=DIRECTION('',(1.,9.08232186375291E-17,-5.56131819963552E-33));
#8053=DIRECTION('',(-5.56131819963552E-33,1.22464679914735E-16,1.));
#8054=DIRECTION('',(1.,9.08232186375291E-17,-5.56131819963552E-33));
#8055=DIRECTION('',(-5.56131819963552E-33,1.22464679914735E-16,1.));
#8056=DIRECTION('',(1.,9.08232186375291E-17,-5.56131819963552E-33));
#8057=DIRECTION('',(-5.56131819963552E-33,1.22464679914735E-16,1.));
#8058=DIRECTION('',(1.,9.08232186375291E-17,-5.56131819963552E-33));
#8059=DIRECTION('',(-5.56131819963552E-33,1.22464679914735E-16,1.));
#8060=DIRECTION('',(1.,9.08232186375291E-17,-5.56131819963552E-33));
#8061=DIRECTION('',(-5.56131819963552E-33,1.22464679914735E-16,1.));
#8062=DIRECTION('',(1.,9.08232186375291E-17,-5.56131819963552E-33));
#8063=DIRECTION('',(-5.56131819963552E-33,1.22464679914735E-16,1.));
#8064=DIRECTION('',(1.,9.08232186375291E-17,-5.56131819963552E-33));
#8065=DIRECTION('',(-5.56131819963552E-33,1.22464679914735E-16,1.));
#8066=DIRECTION('',(1.,9.08232186375291E-17,-5.56131819963552E-33));
#8067=DIRECTION('',(-5.56131819963552E-33,1.22464679914735E-16,1.));
#8068=DIRECTION('',(1.,9.08232186375291E-17,-5.56131819963552E-33));
#8069=DIRECTION('',(-5.56131819963552E-33,1.22464679914735E-16,1.));
#8070=DIRECTION('',(1.,9.08232186375291E-17,-5.56131819963552E-33));
#8071=DIRECTION('',(-5.56131819963552E-33,1.22464679914735E-16,1.));
#8072=DIRECTION('',(1.,9.08232186375291E-17,-5.56131819963552E-33));
#8073=DIRECTION('',(-5.56131819963552E-33,1.22464679914735E-16,1.));
#8074=DIRECTION('',(1.,9.08232186375291E-17,-5.56131819963552E-33));
#8075=DIRECTION('',(-5.56131819963552E-33,1.22464679914735E-16,1.));
#8076=DIRECTION('',(1.,9.08232186375291E-17,-5.56131819963552E-33));
#8077=DIRECTION('',(-5.56131819963552E-33,1.22464679914735E-16,1.));
#8078=DIRECTION('',(1.,9.08232186375291E-17,-5.56131819963552E-33));
#8079=DIRECTION('',(-5.56131819963552E-33,1.22464679914735E-16,1.));
#8080=DIRECTION('',(1.,9.08232186375291E-17,-5.56131819963552E-33));
#8081=DIRECTION('',(-5.56131819963552E-33,1.22464679914735E-16,1.));
#8082=DIRECTION('',(1.,9.08232186375291E-17,-5.56131819963552E-33));
#8083=DIRECTION('',(-5.56131819963552E-33,1.22464679914735E-16,1.));
#8084=DIRECTION('',(1.,9.08232186375291E-17,-5.56131819963552E-33));
#8085=DIRECTION('',(-5.56131819963552E-33,1.22464679914735E-16,1.));
#8086=DIRECTION('',(1.,9.08232186375291E-17,-5.56131819963552E-33));
#8087=DIRECTION('',(-5.56131819963552E-33,1.22464679914735E-16,1.));
#8088=DIRECTION('',(1.,9.08232186375291E-17,-5.56131819963552E-33));
#8089=DIRECTION('',(5.56131819963552E-33,-1.22464679914735E-16,-1.));
#8090=DIRECTION('',(1.,9.08232186375291E-17,-5.56131819963552E-33));
#8091=DIRECTION('',(5.56131819963552E-33,-1.22464679914735E-16,-1.));
#8092=DIRECTION('',(1.,9.08232186375291E-17,-5.56131819963552E-33));
#8093=DIRECTION('',(5.56131819963552E-33,-1.22464679914735E-16,-1.));
#8094=DIRECTION('',(1.,9.08232186375291E-17,-5.56131819963552E-33));
#8095=DIRECTION('',(5.56131819963552E-33,-1.22464679914735E-16,-1.));
#8096=DIRECTION('',(1.,9.08232186375291E-17,-5.56131819963552E-33));
#8097=DIRECTION('',(5.56131819963552E-33,-1.22464679914735E-16,-1.));
#8098=DIRECTION('',(1.,9.08232186375291E-17,-5.56131819963552E-33));
#8099=DIRECTION('',(5.56131819963552E-33,-1.22464679914735E-16,-1.));
#8100=DIRECTION('',(1.,9.08232186375291E-17,-5.56131819963552E-33));
#8101=DIRECTION('',(5.56131819963552E-33,-1.22464679914735E-16,-1.));
#8102=DIRECTION('',(1.,9.08232186375291E-17,-5.56131819963552E-33));
#8103=DIRECTION('',(5.56131819963552E-33,-1.22464679914735E-16,-1.));
#8104=DIRECTION('',(1.,9.08232186375291E-17,-5.56131819963552E-33));
#8105=DIRECTION('',(-5.56131819963552E-33,1.22464679914735E-16,1.));
#8106=DIRECTION('',(1.,9.08232186375291E-17,-5.56131819963552E-33));
#8107=DIRECTION('',(-5.56131819963552E-33,1.22464679914735E-16,1.));
#8108=DIRECTION('',(1.,9.08232186375291E-17,-5.56131819963552E-33));
#8109=DIRECTION('',(-5.56131819963552E-33,1.22464679914735E-16,1.));
#8110=DIRECTION('',(1.,9.08232186375291E-17,-5.56131819963552E-33));
#8111=DIRECTION('',(-5.56131819963552E-33,1.22464679914735E-16,1.));
#8112=DIRECTION('',(1.,9.08232186375291E-17,-5.56131819963552E-33));
#8113=DIRECTION('',(-5.56131819963552E-33,1.22464679914735E-16,1.));
#8114=DIRECTION('',(1.,9.08232186375291E-17,-5.56131819963552E-33));
#8115=DIRECTION('',(-5.56131819963552E-33,1.22464679914735E-16,1.));
#8116=DIRECTION('',(1.,9.08232186375291E-17,-5.56131819963552E-33));
#8117=DIRECTION('',(-5.56131819963552E-33,1.22464679914735E-16,1.));
#8118=DIRECTION('',(1.,9.08232186375291E-17,-5.56131819963552E-33));
#8119=DIRECTION('',(-5.56131819963552E-33,1.22464679914735E-16,1.));
#8120=DIRECTION('',(1.,9.08232186375291E-17,-5.56131819963552E-33));
#8121=DIRECTION('',(5.56131819963552E-33,-1.22464679914735E-16,-1.));
#8122=DIRECTION('',(1.,9.08232186375291E-17,-5.56131819963552E-33));
#8123=DIRECTION('',(5.56131819963552E-33,-1.22464679914735E-16,-1.));
#8124=DIRECTION('',(1.,9.08232186375291E-17,-5.56131819963552E-33));
#8125=DIRECTION('',(5.56131819963552E-33,-1.22464679914735E-16,-1.));
#8126=DIRECTION('',(1.,9.08232186375291E-17,-5.56131819963552E-33));
#8127=DIRECTION('',(5.56131819963552E-33,-1.22464679914735E-16,-1.));
#8128=DIRECTION('',(1.,9.08232186375291E-17,-5.56131819963552E-33));
#8129=DIRECTION('',(5.56131819963552E-33,-1.22464679914735E-16,-1.));
#8130=DIRECTION('',(1.,9.08232186375291E-17,-5.56131819963552E-33));
#8131=DIRECTION('',(5.56131819963552E-33,-1.22464679914735E-16,-1.));
#8132=DIRECTION('',(1.,9.08232186375291E-17,-5.56131819963552E-33));
#8133=DIRECTION('',(5.56131819963552E-33,-1.22464679914735E-16,-1.));
#8134=DIRECTION('',(1.,9.08232186375291E-17,-5.56131819963552E-33));
#8135=DIRECTION('',(5.56131819963552E-33,-1.22464679914735E-16,-1.));
#8136=DIRECTION('',(1.,9.08232186375291E-17,-5.56131819963552E-33));
#8137=DIRECTION('',(5.56131819963552E-33,-1.22464679914735E-16,-1.));
#8138=DIRECTION('',(1.,9.08232186375291E-17,-5.56131819963552E-33));
#8139=DIRECTION('',(5.56131819963552E-33,-1.22464679914735E-16,-1.));
#8140=DIRECTION('',(1.,9.08232186375291E-17,-5.56131819963552E-33));
#8141=DIRECTION('',(5.56131819963552E-33,-1.22464679914735E-16,-1.));
#8142=DIRECTION('',(1.,9.08232186375291E-17,-5.56131819963552E-33));
#8143=DIRECTION('',(5.56131819963552E-33,-1.22464679914735E-16,-1.));
#8144=DIRECTION('',(1.,9.08232186375291E-17,-5.56131819963552E-33));
#8145=DIRECTION('',(-5.56131819963552E-33,1.22464679914735E-16,1.));
#8146=DIRECTION('',(1.,9.08232186375291E-17,-5.56131819963552E-33));
#8147=DIRECTION('',(-5.56131819963552E-33,1.22464679914735E-16,1.));
#8148=DIRECTION('',(1.,9.08232186375291E-17,-5.56131819963552E-33));
#8149=DIRECTION('',(-5.56131819963552E-33,1.22464679914735E-16,1.));
#8150=DIRECTION('',(1.,9.08232186375291E-17,-5.56131819963552E-33));
#8151=DIRECTION('',(-5.56131819963552E-33,1.22464679914735E-16,1.));
#8152=DIRECTION('',(1.,9.08232186375291E-17,-5.56131819963552E-33));
#8153=DIRECTION('',(5.56131819963552E-33,-1.22464679914735E-16,-1.));
#8154=DIRECTION('',(1.,9.08232186375291E-17,-5.56131819963552E-33));
#8155=DIRECTION('',(5.56131819963552E-33,-1.22464679914735E-16,-1.));
#8156=DIRECTION('',(1.,9.08232186375291E-17,-5.56131819963552E-33));
#8157=DIRECTION('',(5.56131819963552E-33,-1.22464679914735E-16,-1.));
#8158=DIRECTION('',(1.,9.08232186375291E-17,-5.56131819963552E-33));
#8159=DIRECTION('',(5.56131819963552E-33,-1.22464679914735E-16,-1.));
#8160=DIRECTION('',(1.,9.08232186375291E-17,-5.56131819963552E-33));
#8161=DIRECTION('',(5.56131819963552E-33,-1.22464679914735E-16,-1.));
#8162=DIRECTION('',(1.,9.08232186375291E-17,-5.56131819963552E-33));
#8163=DIRECTION('',(5.56131819963552E-33,-1.22464679914735E-16,-1.));
#8164=DIRECTION('',(1.,9.08232186375291E-17,-5.56131819963552E-33));
#8165=DIRECTION('',(5.56131819963552E-33,-1.22464679914735E-16,-1.));
#8166=DIRECTION('',(1.,9.08232186375291E-17,-5.56131819963552E-33));
#8167=DIRECTION('',(5.56131819963552E-33,-1.22464679914735E-16,-1.));
#8168=DIRECTION('',(1.,9.08232186375291E-17,-5.56131819963552E-33));
#8169=DIRECTION('',(5.56131819963552E-33,-1.22464679914735E-16,-1.));
#8170=DIRECTION('',(1.,9.08232186375291E-17,-5.56131819963552E-33));
#8171=DIRECTION('',(5.56131819963552E-33,-1.22464679914735E-16,-1.));
#8172=DIRECTION('',(1.,9.08232186375291E-17,-5.56131819963552E-33));
#8173=DIRECTION('',(5.56131819963552E-33,-1.22464679914735E-16,-1.));
#8174=DIRECTION('',(1.,9.08232186375291E-17,-5.56131819963552E-33));
#8175=DIRECTION('',(5.56131819963552E-33,-1.22464679914735E-16,-1.));
#8176=DIRECTION('',(1.,9.08232186375291E-17,-5.56131819963552E-33));
#8177=DIRECTION('',(-5.56131819963552E-33,1.22464679914735E-16,1.));
#8178=DIRECTION('',(1.,9.08232186375291E-17,-5.56131819963552E-33));
#8179=DIRECTION('',(-5.56131819963552E-33,1.22464679914735E-16,1.));
#8180=DIRECTION('',(1.,9.08232186375291E-17,-5.56131819963552E-33));
#8181=DIRECTION('',(-5.56131819963552E-33,1.22464679914735E-16,1.));
#8182=DIRECTION('',(1.,9.08232186375291E-17,-5.56131819963552E-33));
#8183=DIRECTION('',(-5.56131819963552E-33,1.22464679914735E-16,1.));
#8184=DIRECTION('',(1.,9.08232186375291E-17,-5.56131819963552E-33));
#8185=DIRECTION('',(-5.56131819963552E-33,1.22464679914735E-16,1.));
#8186=DIRECTION('',(1.,9.08232186375291E-17,-5.56131819963552E-33));
#8187=DIRECTION('',(-5.56131819963552E-33,1.22464679914735E-16,1.));
#8188=DIRECTION('',(1.,9.08232186375291E-17,-5.56131819963552E-33));
#8189=DIRECTION('',(-5.56131819963552E-33,1.22464679914735E-16,1.));
#8190=DIRECTION('',(1.,9.08232186375291E-17,-5.56131819963552E-33));
#8191=DIRECTION('',(-5.56131819963552E-33,1.22464679914735E-16,1.));
#8192=DIRECTION('',(1.,9.08232186375291E-17,-5.56131819963552E-33));
#8193=DIRECTION('',(5.56131819963552E-33,-1.22464679914735E-16,-1.));
#8194=DIRECTION('',(1.,9.08232186375291E-17,-5.56131819963552E-33));
#8195=DIRECTION('',(5.56131819963552E-33,-1.22464679914735E-16,-1.));
#8196=DIRECTION('',(1.,9.08232186375291E-17,-5.56131819963552E-33));
#8197=DIRECTION('',(5.56131819963552E-33,-1.22464679914735E-16,-1.));
#8198=DIRECTION('',(1.,9.08232186375291E-17,-5.56131819963552E-33));
#8199=DIRECTION('',(5.56131819963552E-33,-1.22464679914735E-16,-1.));
#8200=DIRECTION('',(1.,9.08232186375291E-17,-5.56131819963552E-33));
#8201=DIRECTION('',(5.56131819963552E-33,-1.22464679914735E-16,-1.));
#8202=DIRECTION('',(1.,9.08232186375291E-17,-5.56131819963552E-33));
#8203=DIRECTION('',(5.56131819963552E-33,-1.22464679914735E-16,-1.));
#8204=DIRECTION('',(1.,9.08232186375291E-17,-5.56131819963552E-33));
#8205=DIRECTION('',(5.56131819963552E-33,-1.22464679914735E-16,-1.));
#8206=DIRECTION('',(1.,9.08232186375291E-17,-5.56131819963552E-33));
#8207=DIRECTION('',(5.56131819963552E-33,-1.22464679914735E-16,-1.));
#8208=DIRECTION('',(1.,9.08232186375291E-17,-5.56131819963552E-33));
#8209=DIRECTION('',(5.56131819963552E-33,-1.22464679914735E-16,-1.));
#8210=DIRECTION('',(1.,9.08232186375291E-17,-5.56131819963552E-33));
#8211=DIRECTION('',(5.56131819963552E-33,-1.22464679914735E-16,-1.));
#8212=DIRECTION('',(1.,9.08232186375291E-17,-5.56131819963552E-33));
#8213=DIRECTION('',(5.56131819963552E-33,-1.22464679914735E-16,-1.));
#8214=DIRECTION('',(1.,9.08232186375291E-17,-5.56131819963552E-33));
#8215=DIRECTION('',(5.56131819963552E-33,-1.22464679914735E-16,-1.));
#8216=DIRECTION('',(1.,9.08232186375291E-17,-5.56131819963552E-33));
#8217=DIRECTION('',(-5.56131819963552E-33,1.22464679914735E-16,1.));
#8218=DIRECTION('',(1.,9.08232186375291E-17,-5.56131819963552E-33));
#8219=DIRECTION('',(-5.56131819963552E-33,1.22464679914735E-16,1.));
#8220=DIRECTION('',(1.,9.08232186375291E-17,-5.56131819963552E-33));
#8221=DIRECTION('',(-5.56131819963552E-33,1.22464679914735E-16,1.));
#8222=DIRECTION('',(1.,9.08232186375291E-17,-5.56131819963552E-33));
#8223=DIRECTION('',(-5.56131819963552E-33,1.22464679914735E-16,1.));
#8224=DIRECTION('',(1.,9.08232186375291E-17,-5.56131819963552E-33));
#8225=DIRECTION('',(5.56131819963552E-33,-1.22464679914735E-16,-1.));
#8226=DIRECTION('',(1.,9.08232186375291E-17,-5.56131819963552E-33));
#8227=DIRECTION('',(5.56131819963552E-33,-1.22464679914735E-16,-1.));
#8228=DIRECTION('',(1.,9.08232186375291E-17,-5.56131819963552E-33));
#8229=DIRECTION('',(5.56131819963552E-33,-1.22464679914735E-16,-1.));
#8230=DIRECTION('',(1.,9.08232186375291E-17,-5.56131819963552E-33));
#8231=DIRECTION('',(5.56131819963552E-33,-1.22464679914735E-16,-1.));
#8232=DIRECTION('',(1.,9.08232186375291E-17,-5.56131819963552E-33));
#8233=DIRECTION('',(-5.56131819963552E-33,1.22464679914735E-16,1.));
#8234=DIRECTION('',(1.,9.08232186375291E-17,-5.56131819963552E-33));
#8235=DIRECTION('',(-5.56131819963552E-33,1.22464679914735E-16,1.));
#8236=DIRECTION('',(1.,9.08232186375291E-17,-5.56131819963552E-33));
#8237=DIRECTION('',(-5.56131819963552E-33,1.22464679914735E-16,1.));
#8238=DIRECTION('',(1.,9.08232186375291E-17,-5.56131819963552E-33));
#8239=DIRECTION('',(-5.56131819963552E-33,1.22464679914735E-16,1.));
#8240=DIRECTION('',(1.,9.08232186375291E-17,-5.56131819963552E-33));
#8241=DIRECTION('',(-5.56131819963552E-33,1.22464679914735E-16,1.));
#8242=DIRECTION('',(1.,9.08232186375291E-17,-5.56131819963552E-33));
#8243=DIRECTION('',(-5.56131819963552E-33,1.22464679914735E-16,1.));
#8244=DIRECTION('',(1.,9.08232186375291E-17,-5.56131819963552E-33));
#8245=DIRECTION('',(-5.56131819963552E-33,1.22464679914735E-16,1.));
#8246=DIRECTION('',(1.,9.08232186375291E-17,-5.56131819963552E-33));
#8247=DIRECTION('',(-5.56131819963552E-33,1.22464679914735E-16,1.));
#8248=DIRECTION('',(1.,9.08232186375291E-17,-5.56131819963552E-33));
#8249=DIRECTION('',(5.56131819963552E-33,-1.22464679914735E-16,-1.));
#8250=DIRECTION('',(1.,9.08232186375291E-17,-5.56131819963552E-33));
#8251=DIRECTION('',(5.56131819963552E-33,-1.22464679914735E-16,-1.));
#8252=DIRECTION('',(1.,9.08232186375291E-17,-5.56131819963552E-33));
#8253=DIRECTION('',(5.56131819963552E-33,-1.22464679914735E-16,-1.));
#8254=DIRECTION('',(1.,9.08232186375291E-17,-5.56131819963552E-33));
#8255=DIRECTION('',(5.56131819963552E-33,-1.22464679914735E-16,-1.));
#8256=DIRECTION('',(1.,9.08232186375291E-17,-5.56131819963552E-33));
#8257=DIRECTION('',(-0.639498987306661,-0.768791938845456,9.41498587117375E-17));
#8258=DIRECTION('',(-0.964247196110848,0.265004424099613,-3.24536819733478E-17));
#8259=DIRECTION('',(-5.56131819963552E-33,1.22464679914735E-16,1.));
#8260=DIRECTION('',(1.,9.08232186375291E-17,-5.56131819963552E-33));
#8261=DIRECTION('',(-5.56131819963552E-33,1.22464679914735E-16,1.));
#8262=DIRECTION('',(1.,9.08232186375291E-17,-5.56131819963552E-33));
#8263=DIRECTION('',(-5.56131819963552E-33,1.22464679914735E-16,1.));
#8264=DIRECTION('',(1.,9.08232186375291E-17,-5.56131819963552E-33));
#8265=DIRECTION('',(-5.56131819963552E-33,1.22464679914735E-16,1.));
#8266=DIRECTION('',(1.,9.08232186375291E-17,-5.56131819963552E-33));
#8267=DIRECTION('',(5.56131819963552E-33,-1.22464679914735E-16,-1.));
#8268=DIRECTION('',(1.,9.08232186375291E-17,-5.56131819963552E-33));
#8269=DIRECTION('',(5.56131819963552E-33,-1.22464679914735E-16,-1.));
#8270=DIRECTION('',(1.,9.08232186375291E-17,-5.56131819963552E-33));
#8271=DIRECTION('',(5.56131819963552E-33,-1.22464679914735E-16,-1.));
#8272=DIRECTION('',(1.,9.08232186375291E-17,-5.56131819963552E-33));
#8273=DIRECTION('',(5.56131819963552E-33,-1.22464679914735E-16,-1.));
#8274=DIRECTION('',(1.,9.08232186375291E-17,-5.56131819963552E-33));
#8275=DIRECTION('',(5.56131819963552E-33,-1.22464679914735E-16,-1.));
#8276=DIRECTION('',(1.,9.08232186375291E-17,-5.56131819963552E-33));
#8277=DIRECTION('',(5.56131819963552E-33,-1.22464679914735E-16,-1.));
#8278=DIRECTION('',(1.,9.08232186375291E-17,-5.56131819963552E-33));
#8279=DIRECTION('',(5.56131819963552E-33,-1.22464679914735E-16,-1.));
#8280=DIRECTION('',(1.,9.08232186375291E-17,-5.56131819963552E-33));
#8281=DIRECTION('',(5.56131819963552E-33,-1.22464679914735E-16,-1.));
#8282=DIRECTION('',(1.,9.08232186375291E-17,-5.56131819963552E-33));
#8283=DIRECTION('',(5.56131819963552E-33,-1.22464679914735E-16,-1.));
#8284=DIRECTION('',(1.,9.08232186375291E-17,-5.56131819963552E-33));
#8285=DIRECTION('',(5.56131819963552E-33,-1.22464679914735E-16,-1.));
#8286=DIRECTION('',(1.,9.08232186375291E-17,-5.56131819963552E-33));
#8287=DIRECTION('',(5.56131819963552E-33,-1.22464679914735E-16,-1.));
#8288=DIRECTION('',(1.,9.08232186375291E-17,-5.56131819963552E-33));
#8289=DIRECTION('',(5.56131819963552E-33,-1.22464679914735E-16,-1.));
#8290=DIRECTION('',(1.,9.08232186375291E-17,-5.56131819963552E-33));
#8291=DIRECTION('',(-5.56131819963552E-33,1.22464679914735E-16,1.));
#8292=DIRECTION('',(1.,9.08232186375291E-17,-5.56131819963552E-33));
#8293=DIRECTION('',(-5.56131819963552E-33,1.22464679914735E-16,1.));
#8294=DIRECTION('',(1.,9.08232186375291E-17,-5.56131819963552E-33));
#8295=DIRECTION('',(-5.56131819963552E-33,1.22464679914735E-16,1.));
#8296=DIRECTION('',(1.,9.08232186375291E-17,-5.56131819963552E-33));
#8297=DIRECTION('',(-5.56131819963552E-33,1.22464679914735E-16,1.));
#8298=DIRECTION('',(1.,9.08232186375291E-17,-5.56131819963552E-33));
#8299=DIRECTION('',(5.56131819963552E-33,-1.22464679914735E-16,-1.));
#8300=DIRECTION('',(1.,9.08232186375291E-17,-5.56131819963552E-33));
#8301=DIRECTION('',(5.56131819963552E-33,-1.22464679914735E-16,-1.));
#8302=DIRECTION('',(1.,9.08232186375291E-17,-5.56131819963552E-33));
#8303=DIRECTION('',(5.56131819963552E-33,-1.22464679914735E-16,-1.));
#8304=DIRECTION('',(1.,9.08232186375291E-17,-5.56131819963552E-33));
#8305=DIRECTION('',(5.56131819963552E-33,-1.22464679914735E-16,-1.));
#8306=DIRECTION('',(1.,9.08232186375291E-17,-5.56131819963552E-33));
#8307=DIRECTION('',(5.56131819963552E-33,-1.22464679914735E-16,-1.));
#8308=DIRECTION('',(1.,9.08232186375291E-17,-5.56131819963552E-33));
#8309=DIRECTION('',(5.56131819963552E-33,-1.22464679914735E-16,-1.));
#8310=DIRECTION('',(1.,9.08232186375291E-17,-5.56131819963552E-33));
#8311=DIRECTION('',(5.56131819963552E-33,-1.22464679914735E-16,-1.));
#8312=DIRECTION('',(1.,9.08232186375291E-17,-5.56131819963552E-33));
#8313=DIRECTION('',(5.56131819963552E-33,-1.22464679914735E-16,-1.));
#8314=DIRECTION('',(1.,9.08232186375291E-17,-5.56131819963552E-33));
#8315=DIRECTION('',(5.56131819963552E-33,-1.22464679914735E-16,-1.));
#8316=DIRECTION('',(1.,9.08232186375291E-17,-5.56131819963552E-33));
#8317=DIRECTION('',(5.56131819963552E-33,-1.22464679914735E-16,-1.));
#8318=DIRECTION('',(1.,9.08232186375291E-17,-5.56131819963552E-33));
#8319=DIRECTION('',(5.56131819963552E-33,-1.22464679914735E-16,-1.));
#8320=DIRECTION('',(1.,9.08232186375291E-17,-5.56131819963552E-33));
#8321=DIRECTION('',(5.56131819963552E-33,-1.22464679914735E-16,-1.));
#8322=DIRECTION('',(1.,9.08232186375291E-17,-5.56131819963552E-33));
#8323=DIRECTION('',(-5.56131819963552E-33,1.22464679914735E-16,1.));
#8324=DIRECTION('',(1.,9.08232186375291E-17,-5.56131819963552E-33));
#8325=DIRECTION('',(-5.56131819963552E-33,1.22464679914735E-16,1.));
#8326=DIRECTION('',(1.,9.08232186375291E-17,-5.56131819963552E-33));
#8327=DIRECTION('',(-5.56131819963552E-33,1.22464679914735E-16,1.));
#8328=DIRECTION('',(1.,9.08232186375291E-17,-5.56131819963552E-33));
#8329=DIRECTION('',(-5.56131819963552E-33,1.22464679914735E-16,1.));
#8330=DIRECTION('',(1.,9.08232186375291E-17,-5.56131819963552E-33));
#8331=DIRECTION('',(-5.56131819963552E-33,1.22464679914735E-16,1.));
#8332=DIRECTION('',(1.,9.08232186375291E-17,-5.56131819963552E-33));
#8333=DIRECTION('',(-5.56131819963552E-33,1.22464679914735E-16,1.));
#8334=DIRECTION('',(1.,9.08232186375291E-17,-5.56131819963552E-33));
#8335=DIRECTION('',(-5.56131819963552E-33,1.22464679914735E-16,1.));
#8336=DIRECTION('',(1.,9.08232186375291E-17,-5.56131819963552E-33));
#8337=DIRECTION('',(-5.56131819963552E-33,1.22464679914735E-16,1.));
#8338=DIRECTION('',(1.,9.08232186375291E-17,-5.56131819963552E-33));
#8339=DIRECTION('',(5.56131819963552E-33,-1.22464679914735E-16,-1.));
#8340=DIRECTION('',(1.,9.08232186375291E-17,-5.56131819963552E-33));
#8341=DIRECTION('',(5.56131819963552E-33,-1.22464679914735E-16,-1.));
#8342=DIRECTION('',(1.,9.08232186375291E-17,-5.56131819963552E-33));
#8343=DIRECTION('',(5.56131819963552E-33,-1.22464679914735E-16,-1.));
#8344=DIRECTION('',(1.,9.08232186375291E-17,-5.56131819963552E-33));
#8345=DIRECTION('',(5.56131819963552E-33,-1.22464679914735E-16,-1.));
#8346=DIRECTION('',(1.,9.08232186375291E-17,-5.56131819963552E-33));
#8347=DIRECTION('',(-9.08232186375291E-17,-1.,1.22464679914735E-16));
#8348=DIRECTION('',(-5.56131819963552E-33,1.22464679914735E-16,1.));
#8349=DIRECTION('',(5.56131819963552E-33,-1.22464679914735E-16,-1.));
#8350=DIRECTION('',(-1.,9.08232186375291E-17,-1.66839545989065E-32));
#8351=DIRECTION('',(5.56131819963552E-33,-1.22464679914735E-16,-1.));
#8352=DIRECTION('',(5.56131819963552E-33,-1.22464679914735E-16,-1.));
#8353=DIRECTION('',(9.08232186375291E-17,1.,-1.22464679914735E-16));
#8354=DIRECTION('',(5.56131819963552E-33,-1.22464679914735E-16,-1.));
#8355=DIRECTION('',(5.56131819963552E-33,-1.22464679914735E-16,-1.));
#8356=DIRECTION('',(1.,-9.08232186375291E-17,1.66839545989065E-32));
#8357=DIRECTION('',(-5.56131819963552E-33,1.22464679914735E-16,1.));
#8358=DIRECTION('',(5.56131819963552E-33,-1.22464679914735E-16,-1.));
#8359=DIRECTION('',(-9.08232186375291E-17,-1.,1.22464679914735E-16));
#8360=DIRECTION('',(-5.56131819963552E-33,1.22464679914735E-16,1.));
#8361=DIRECTION('',(5.56131819963552E-33,-1.22464679914735E-16,-1.));
#8362=DIRECTION('',(-1.,-1.46310960115164E-17,-3.7695257097834E-33));
#8363=DIRECTION('',(1.46310960115164E-17,-1.,1.22464679914735E-16));
#8364=DIRECTION('',(-5.56131819963552E-33,1.22464679914735E-16,1.));
#8365=DIRECTION('',(5.56131819963552E-33,-1.22464679914735E-16,-1.));
#8366=DIRECTION('',(1.46310960115164E-17,-1.,1.22464679914735E-16));
#8367=DIRECTION('',(5.56131819963552E-33,-1.22464679914735E-16,-1.));
#8368=DIRECTION('',(5.56131819963552E-33,-1.22464679914735E-16,-1.));
#8369=DIRECTION('',(1.46310960115164E-17,-1.,1.22464679914735E-16));
#8370=DIRECTION('',(5.56131819963552E-33,-1.22464679914735E-16,-1.));
#8371=DIRECTION('',(5.56131819963552E-33,-1.22464679914735E-16,-1.));
#8372=DIRECTION('',(1.46310960115164E-17,-1.,1.22464679914735E-16));
#8373=DIRECTION('',(5.56131819963552E-33,-1.22464679914735E-16,-1.));
#8374=DIRECTION('',(5.56131819963552E-33,-1.22464679914735E-16,-1.));
#8375=DIRECTION('',(1.,9.08232186375291E-17,-5.56131819963552E-33));
#8376=DIRECTION('',(5.56131819963552E-33,-1.22464679914735E-16,-1.));
#8377=DIRECTION('',(5.56131819963552E-33,-1.22464679914735E-16,-1.));
#8378=DIRECTION('',(1.,9.08232186375291E-17,-5.56131819963552E-33));
#8379=DIRECTION('',(5.56131819963552E-33,-1.22464679914735E-16,-1.));
#8380=DIRECTION('',(5.56131819963552E-33,-1.22464679914735E-16,-1.));
#8381=DIRECTION('',(1.,9.08232186375291E-17,-5.56131819963552E-33));
#8382=DIRECTION('',(5.56131819963552E-33,-1.22464679914735E-16,-1.));
#8383=DIRECTION('',(5.56131819963552E-33,-1.22464679914735E-16,-1.));
#8384=DIRECTION('',(5.56131819963552E-33,-1.22464679914735E-16,-1.));
#8385=DIRECTION('',(1.,9.08232186375291E-17,-5.56131819963552E-33));
#8386=DIRECTION('',(5.56131819963552E-33,-1.22464679914735E-16,-1.));
#8387=DIRECTION('',(5.56131819963552E-33,-1.22464679914735E-16,-1.));
#8388=DIRECTION('',(1.,9.08232186375291E-17,-5.56131819963552E-33));
#8389=DIRECTION('',(5.56131819963552E-33,-1.22464679914735E-16,-1.));
#8390=DIRECTION('',(5.56131819963552E-33,-1.22464679914735E-16,-1.));
#8391=DIRECTION('',(1.,9.08232186375291E-17,-5.56131819963552E-33));
#8392=DIRECTION('',(5.56131819963552E-33,-1.22464679914735E-16,-1.));
#8393=DIRECTION('',(1.,9.08232186375291E-17,-5.56131819963552E-33));
#8394=DIRECTION('',(5.56131819963552E-33,-1.22464679914735E-16,-1.));
#8395=DIRECTION('',(-5.56131819963552E-33,1.22464679914735E-16,1.));
#8396=DIRECTION('',(1.,9.08232186375291E-17,-5.56131819963552E-33));
#8397=DIRECTION('',(5.56131819963552E-33,-1.22464679914735E-16,-1.));
#8398=DIRECTION('',(1.,9.08232186375291E-17,-5.56131819963552E-33));
#8399=DIRECTION('',(5.56131819963552E-33,-1.22464679914735E-16,-1.));
#8400=DIRECTION('',(1.,9.08232186375291E-17,-5.56131819963552E-33));
#8401=DIRECTION('',(5.56131819963552E-33,-1.22464679914735E-16,-1.));
#8402=DIRECTION('',(5.56131819963552E-33,-1.22464679914735E-16,-1.));
#8403=DIRECTION('',(1.,9.08232186375291E-17,-5.56131819963552E-33));
#8404=DIRECTION('',(5.56131819963552E-33,-1.22464679914735E-16,-1.));
#8405=DIRECTION('',(5.56131819963552E-33,-1.22464679914735E-16,-1.));
#8406=DIRECTION('',(1.,9.08232186375291E-17,-5.56131819963552E-33));
#8407=DIRECTION('',(5.56131819963552E-33,-1.22464679914735E-16,-1.));
#8408=DIRECTION('',(1.,9.08232186375291E-17,-5.56131819963552E-33));
#8409=DIRECTION('',(5.56131819963552E-33,-1.22464679914735E-16,-1.));
#8410=DIRECTION('',(1.,9.08232186375291E-17,-5.56131819963552E-33));
#8411=DIRECTION('',(5.56131819963552E-33,-1.22464679914735E-16,-1.));
#8412=DIRECTION('',(5.56131819963552E-33,-1.22464679914735E-16,-1.));
#8413=DIRECTION('',(1.,9.08232186375291E-17,-5.56131819963552E-33));
#8414=DIRECTION('',(5.56131819963552E-33,-1.22464679914735E-16,-1.));
#8415=DIRECTION('',(-5.56131819963552E-33,1.22464679914735E-16,1.));
#8416=DIRECTION('',(1.,9.08232186375291E-17,-5.56131819963552E-33));
#8417=DIRECTION('',(5.56131819963552E-33,-1.22464679914735E-16,-1.));
#8418=DIRECTION('',(1.,9.08232186375291E-17,-5.56131819963552E-33));
#8419=DIRECTION('',(5.56131819963552E-33,-1.22464679914735E-16,-1.));
#8420=DIRECTION('',(-5.56131819963552E-33,1.22464679914735E-16,1.));
#8421=DIRECTION('',(1.,9.08232186375291E-17,-5.56131819963552E-33));
#8422=DIRECTION('',(5.56131819963552E-33,-1.22464679914735E-16,-1.));
#8423=DIRECTION('',(1.,9.08232186375291E-17,-5.56131819963552E-33));
#8424=DIRECTION('',(5.56131819963552E-33,-1.22464679914735E-16,-1.));
#8425=DIRECTION('',(5.56131819963552E-33,-1.22464679914735E-16,-1.));
#8426=DIRECTION('',(1.,9.08232186375291E-17,-5.56131819963552E-33));
#8427=DIRECTION('',(5.56131819963552E-33,-1.22464679914735E-16,-1.));
#8428=DIRECTION('',(1.,9.08232186375291E-17,-5.56131819963552E-33));
#8429=DIRECTION('',(5.56131819963552E-33,-1.22464679914735E-16,-1.));
#8430=DIRECTION('',(5.56131819963552E-33,-1.22464679914735E-16,-1.));
#8431=DIRECTION('',(1.,9.08232186375291E-17,-5.56131819963552E-33));
#8432=DIRECTION('',(5.56131819963552E-33,-1.22464679914735E-16,-1.));
#8433=DIRECTION('',(1.,9.08232186375291E-17,-5.56131819963552E-33));
#8434=DIRECTION('',(5.56131819963552E-33,-1.22464679914735E-16,-1.));
#8435=DIRECTION('',(5.56131819963552E-33,-1.22464679914735E-16,-1.));
#8436=DIRECTION('',(1.,9.08232186375291E-17,-5.56131819963552E-33));
#8437=DIRECTION('',(5.56131819963552E-33,-1.22464679914735E-16,-1.));
#8438=DIRECTION('',(1.,9.08232186375291E-17,-5.56131819963552E-33));
#8439=DIRECTION('',(5.56131819963552E-33,-1.22464679914735E-16,-1.));
#8440=DIRECTION('',(5.56131819963552E-33,-1.22464679914735E-16,-1.));
#8441=DIRECTION('',(1.,9.08232186375291E-17,-5.56131819963552E-33));
#8442=DIRECTION('',(5.56131819963552E-33,-1.22464679914735E-16,-1.));
#8443=DIRECTION('',(1.,9.08232186375291E-17,-5.56131819963552E-33));
#8444=DIRECTION('',(5.56131819963552E-33,-1.22464679914735E-16,-1.));
#8445=DIRECTION('',(5.56131819963552E-33,-1.22464679914735E-16,-1.));
#8446=DIRECTION('',(1.,9.08232186375291E-17,-5.56131819963552E-33));
#8447=DIRECTION('',(5.56131819963552E-33,-1.22464679914735E-16,-1.));
#8448=DIRECTION('',(1.,9.08232186375291E-17,-5.56131819963552E-33));
#8449=DIRECTION('',(5.56131819963552E-33,-1.22464679914735E-16,-1.));
#8450=DIRECTION('',(5.56131819963552E-33,-1.22464679914735E-16,-1.));
#8451=DIRECTION('',(1.,9.08232186375291E-17,-5.56131819963552E-33));
#8452=DIRECTION('',(5.56131819963552E-33,-1.22464679914735E-16,-1.));
#8453=DIRECTION('',(1.,9.08232186375291E-17,-5.56131819963552E-33));
#8454=DIRECTION('',(5.56131819963552E-33,-1.22464679914735E-16,-1.));
#8455=DIRECTION('',(5.56131819963552E-33,-1.22464679914735E-16,-1.));
#8456=DIRECTION('',(1.,9.08232186375291E-17,-5.56131819963552E-33));
#8457=DIRECTION('',(5.56131819963552E-33,-1.22464679914735E-16,-1.));
#8458=DIRECTION('',(1.,9.08232186375291E-17,-5.56131819963552E-33));
#8459=DIRECTION('',(5.56131819963552E-33,-1.22464679914735E-16,-1.));
#8460=DIRECTION('',(5.56131819963552E-33,-1.22464679914735E-16,-1.));
#8461=DIRECTION('',(1.,9.08232186375291E-17,-5.56131819963552E-33));
#8462=DIRECTION('',(5.56131819963552E-33,-1.22464679914735E-16,-1.));
#8463=DIRECTION('',(1.,9.08232186375291E-17,-5.56131819963552E-33));
#8464=DIRECTION('',(5.56131819963552E-33,-1.22464679914735E-16,-1.));
#8465=DIRECTION('',(-5.56131819963552E-33,1.22464679914735E-16,1.));
#8466=DIRECTION('',(1.,9.08232186375291E-17,-5.56131819963552E-33));
#8467=DIRECTION('',(5.56131819963552E-33,-1.22464679914735E-16,-1.));
#8468=DIRECTION('',(1.,9.08232186375291E-17,-5.56131819963552E-33));
#8469=DIRECTION('',(5.56131819963552E-33,-1.22464679914735E-16,-1.));
#8470=DIRECTION('',(-5.56131819963552E-33,1.22464679914735E-16,1.));
#8471=DIRECTION('',(1.,9.08232186375291E-17,-5.56131819963552E-33));
#8472=DIRECTION('',(5.56131819963552E-33,-1.22464679914735E-16,-1.));
#8473=DIRECTION('',(1.,9.08232186375291E-17,-5.56131819963552E-33));
#8474=DIRECTION('',(5.56131819963552E-33,-1.22464679914735E-16,-1.));
#8475=DIRECTION('',(-5.56131819963552E-33,1.22464679914735E-16,1.));
#8476=DIRECTION('',(1.,9.08232186375291E-17,-5.56131819963552E-33));
#8477=DIRECTION('',(5.56131819963552E-33,-1.22464679914735E-16,-1.));
#8478=DIRECTION('',(1.,9.08232186375291E-17,-5.56131819963552E-33));
#8479=DIRECTION('',(5.56131819963552E-33,-1.22464679914735E-16,-1.));
#8480=DIRECTION('',(-5.56131819963552E-33,1.22464679914735E-16,1.));
#8481=DIRECTION('',(1.,9.08232186375291E-17,-5.56131819963552E-33));
#8482=DIRECTION('',(5.56131819963552E-33,-1.22464679914735E-16,-1.));
#8483=DIRECTION('',(1.,9.08232186375291E-17,-5.56131819963552E-33));
#8484=DIRECTION('',(5.56131819963552E-33,-1.22464679914735E-16,-1.));
#8485=DIRECTION('',(5.56131819963552E-33,-1.22464679914735E-16,-1.));
#8486=DIRECTION('',(1.,9.08232186375291E-17,-5.56131819963552E-33));
#8487=DIRECTION('',(5.56131819963552E-33,-1.22464679914735E-16,-1.));
#8488=DIRECTION('',(1.,9.08232186375291E-17,-5.56131819963552E-33));
#8489=DIRECTION('',(5.56131819963552E-33,-1.22464679914735E-16,-1.));
#8490=DIRECTION('',(5.56131819963552E-33,-1.22464679914735E-16,-1.));
#8491=DIRECTION('',(1.,9.08232186375291E-17,-5.56131819963552E-33));
#8492=DIRECTION('',(5.56131819963552E-33,-1.22464679914735E-16,-1.));
#8493=DIRECTION('',(1.,9.08232186375291E-17,-5.56131819963552E-33));
#8494=DIRECTION('',(5.56131819963552E-33,-1.22464679914735E-16,-1.));
#8495=DIRECTION('',(5.56131819963552E-33,-1.22464679914735E-16,-1.));
#8496=DIRECTION('',(1.,9.08232186375291E-17,-5.56131819963552E-33));
#8497=DIRECTION('',(5.56131819963552E-33,-1.22464679914735E-16,-1.));
#8498=DIRECTION('',(1.,9.08232186375291E-17,-5.56131819963552E-33));
#8499=DIRECTION('',(5.56131819963552E-33,-1.22464679914735E-16,-1.));
#8500=DIRECTION('',(5.56131819963552E-33,-1.22464679914735E-16,-1.));
#8501=DIRECTION('',(1.,9.08232186375291E-17,-5.56131819963552E-33));
#8502=DIRECTION('',(5.56131819963552E-33,-1.22464679914735E-16,-1.));
#8503=DIRECTION('',(1.,9.08232186375291E-17,-5.56131819963552E-33));
#8504=DIRECTION('',(5.56131819963552E-33,-1.22464679914735E-16,-1.));
#8505=DIRECTION('',(5.56131819963552E-33,-1.22464679914735E-16,-1.));
#8506=DIRECTION('',(1.,9.08232186375291E-17,-5.56131819963552E-33));
#8507=DIRECTION('',(5.56131819963552E-33,-1.22464679914735E-16,-1.));
#8508=DIRECTION('',(1.,9.08232186375291E-17,-5.56131819963552E-33));
#8509=DIRECTION('',(5.56131819963552E-33,-1.22464679914735E-16,-1.));
#8510=DIRECTION('',(5.56131819963552E-33,-1.22464679914735E-16,-1.));
#8511=DIRECTION('',(1.,9.08232186375291E-17,-5.56131819963552E-33));
#8512=DIRECTION('',(5.56131819963552E-33,-1.22464679914735E-16,-1.));
#8513=DIRECTION('',(1.,9.08232186375291E-17,-5.56131819963552E-33));
#8514=DIRECTION('',(5.56131819963552E-33,-1.22464679914735E-16,-1.));
#8515=DIRECTION('',(5.56131819963552E-33,-1.22464679914735E-16,-1.));
#8516=DIRECTION('',(1.,9.08232186375291E-17,-5.56131819963552E-33));
#8517=DIRECTION('',(5.56131819963552E-33,-1.22464679914735E-16,-1.));
#8518=DIRECTION('',(1.,9.08232186375291E-17,-5.56131819963552E-33));
#8519=DIRECTION('',(5.56131819963552E-33,-1.22464679914735E-16,-1.));
#8520=DIRECTION('',(5.56131819963552E-33,-1.22464679914735E-16,-1.));
#8521=DIRECTION('',(1.,9.08232186375291E-17,-5.56131819963552E-33));
#8522=DIRECTION('',(5.56131819963552E-33,-1.22464679914735E-16,-1.));
#8523=DIRECTION('',(1.,9.08232186375291E-17,-5.56131819963552E-33));
#8524=DIRECTION('',(5.56131819963552E-33,-1.22464679914735E-16,-1.));
#8525=DIRECTION('',(5.56131819963552E-33,-1.22464679914735E-16,-1.));
#8526=DIRECTION('',(1.,9.08232186375291E-17,-5.56131819963552E-33));
#8527=DIRECTION('',(5.56131819963552E-33,-1.22464679914735E-16,-1.));
#8528=DIRECTION('',(1.,9.08232186375291E-17,-5.56131819963552E-33));
#8529=DIRECTION('',(5.56131819963552E-33,-1.22464679914735E-16,-1.));
#8530=DIRECTION('',(5.56131819963552E-33,-1.22464679914735E-16,-1.));
#8531=DIRECTION('',(1.,9.08232186375291E-17,-5.56131819963552E-33));
#8532=DIRECTION('',(5.56131819963552E-33,-1.22464679914735E-16,-1.));
#8533=DIRECTION('',(1.,9.08232186375291E-17,-5.56131819963552E-33));
#8534=DIRECTION('',(5.56131819963552E-33,-1.22464679914735E-16,-1.));
#8535=DIRECTION('',(5.56131819963552E-33,-1.22464679914735E-16,-1.));
#8536=DIRECTION('',(1.,9.08232186375291E-17,-5.56131819963552E-33));
#8537=DIRECTION('',(5.56131819963552E-33,-1.22464679914735E-16,-1.));
#8538=DIRECTION('',(1.,9.08232186375291E-17,-5.56131819963552E-33));
#8539=DIRECTION('',(5.56131819963552E-33,-1.22464679914735E-16,-1.));
#8540=DIRECTION('',(5.56131819963552E-33,-1.22464679914735E-16,-1.));
#8541=DIRECTION('',(1.,9.08232186375291E-17,-5.56131819963552E-33));
#8542=DIRECTION('',(5.56131819963552E-33,-1.22464679914735E-16,-1.));
#8543=DIRECTION('',(1.,9.08232186375291E-17,-5.56131819963552E-33));
#8544=DIRECTION('',(5.56131819963552E-33,-1.22464679914735E-16,-1.));
#8545=DIRECTION('',(5.56131819963552E-33,-1.22464679914735E-16,-1.));
#8546=DIRECTION('',(1.,9.08232186375291E-17,-5.56131819963552E-33));
#8547=DIRECTION('',(5.56131819963552E-33,-1.22464679914735E-16,-1.));
#8548=DIRECTION('',(1.,9.08232186375291E-17,-5.56131819963552E-33));
#8549=DIRECTION('',(5.56131819963552E-33,-1.22464679914735E-16,-1.));
#8550=DIRECTION('',(5.56131819963552E-33,-1.22464679914735E-16,-1.));
#8551=DIRECTION('',(1.,9.08232186375291E-17,-5.56131819963552E-33));
#8552=DIRECTION('',(5.56131819963552E-33,-1.22464679914735E-16,-1.));
#8553=DIRECTION('',(1.,9.08232186375291E-17,-5.56131819963552E-33));
#8554=DIRECTION('',(5.56131819963552E-33,-1.22464679914735E-16,-1.));
#8555=DIRECTION('',(1.,9.08232186375291E-17,-5.56131819963552E-33));
#8556=DIRECTION('',(5.56131819963552E-33,-1.22464679914735E-16,-1.));
#8557=DIRECTION('',(1.,9.08232186375291E-17,-5.56131819963552E-33));
#8558=DIRECTION('',(5.56131819963552E-33,-1.22464679914735E-16,-1.));
#8559=DIRECTION('',(-5.56131819963552E-33,1.22464679914735E-16,1.));
#8560=DIRECTION('',(1.,9.08232186375291E-17,-5.56131819963552E-33));
#8561=DIRECTION('',(5.56131819963552E-33,-1.22464679914735E-16,-1.));
#8562=DIRECTION('',(1.,9.08232186375291E-17,-5.56131819963552E-33));
#8563=DIRECTION('',(5.56131819963552E-33,-1.22464679914735E-16,-1.));
#8564=DIRECTION('',(-5.56131819963552E-33,1.22464679914735E-16,1.));
#8565=DIRECTION('',(1.,9.08232186375291E-17,-5.56131819963552E-33));
#8566=DIRECTION('',(5.56131819963552E-33,-1.22464679914735E-16,-1.));
#8567=DIRECTION('',(1.,9.08232186375291E-17,-5.56131819963552E-33));
#8568=DIRECTION('',(5.56131819963552E-33,-1.22464679914735E-16,-1.));
#8569=DIRECTION('',(-5.56131819963552E-33,1.22464679914735E-16,1.));
#8570=DIRECTION('',(1.,9.08232186375291E-17,-5.56131819963552E-33));
#8571=DIRECTION('',(5.56131819963552E-33,-1.22464679914735E-16,-1.));
#8572=DIRECTION('',(1.,9.08232186375291E-17,-5.56131819963552E-33));
#8573=DIRECTION('',(5.56131819963552E-33,-1.22464679914735E-16,-1.));
#8574=DIRECTION('',(-5.56131819963552E-33,1.22464679914735E-16,1.));
#8575=DIRECTION('',(1.,9.08232186375291E-17,-5.56131819963552E-33));
#8576=DIRECTION('',(5.56131819963552E-33,-1.22464679914735E-16,-1.));
#8577=DIRECTION('',(1.,9.08232186375291E-17,-5.56131819963552E-33));
#8578=DIRECTION('',(5.56131819963552E-33,-1.22464679914735E-16,-1.));
#8579=DIRECTION('',(5.56131819963552E-33,-1.22464679914735E-16,-1.));
#8580=DIRECTION('',(1.,9.08232186375291E-17,-5.56131819963552E-33));
#8581=DIRECTION('',(5.56131819963552E-33,-1.22464679914735E-16,-1.));
#8582=DIRECTION('',(1.,9.08232186375291E-17,-5.56131819963552E-33));
#8583=DIRECTION('',(5.56131819963552E-33,-1.22464679914735E-16,-1.));
#8584=DIRECTION('',(5.56131819963552E-33,-1.22464679914735E-16,-1.));
#8585=DIRECTION('',(1.,9.08232186375291E-17,-5.56131819963552E-33));
#8586=DIRECTION('',(5.56131819963552E-33,-1.22464679914735E-16,-1.));
#8587=DIRECTION('',(1.,9.08232186375291E-17,-5.56131819963552E-33));
#8588=DIRECTION('',(5.56131819963552E-33,-1.22464679914735E-16,-1.));
#8589=DIRECTION('',(5.56131819963552E-33,-1.22464679914735E-16,-1.));
#8590=DIRECTION('',(1.,9.08232186375291E-17,-5.56131819963552E-33));
#8591=DIRECTION('',(5.56131819963552E-33,-1.22464679914735E-16,-1.));
#8592=DIRECTION('',(1.,9.08232186375291E-17,-5.56131819963552E-33));
#8593=DIRECTION('',(5.56131819963552E-33,-1.22464679914735E-16,-1.));
#8594=DIRECTION('',(5.56131819963552E-33,-1.22464679914735E-16,-1.));
#8595=DIRECTION('',(1.,9.08232186375291E-17,-5.56131819963552E-33));
#8596=DIRECTION('',(5.56131819963552E-33,-1.22464679914735E-16,-1.));
#8597=DIRECTION('',(1.,9.08232186375291E-17,-5.56131819963552E-33));
#8598=DIRECTION('',(5.56131819963552E-33,-1.22464679914735E-16,-1.));
#8599=DIRECTION('',(5.56131819963552E-33,-1.22464679914735E-16,-1.));
#8600=DIRECTION('',(1.,9.08232186375291E-17,-5.56131819963552E-33));
#8601=DIRECTION('',(5.56131819963552E-33,-1.22464679914735E-16,-1.));
#8602=DIRECTION('',(1.,9.08232186375291E-17,-5.56131819963552E-33));
#8603=DIRECTION('',(5.56131819963552E-33,-1.22464679914735E-16,-1.));
#8604=DIRECTION('',(5.56131819963552E-33,-1.22464679914735E-16,-1.));
#8605=DIRECTION('',(1.,9.08232186375291E-17,-5.56131819963552E-33));
#8606=DIRECTION('',(5.56131819963552E-33,-1.22464679914735E-16,-1.));
#8607=DIRECTION('',(1.,9.08232186375291E-17,-5.56131819963552E-33));
#8608=DIRECTION('',(5.56131819963552E-33,-1.22464679914735E-16,-1.));
#8609=DIRECTION('',(5.56131819963552E-33,-1.22464679914735E-16,-1.));
#8610=DIRECTION('',(1.,9.08232186375291E-17,-5.56131819963552E-33));
#8611=DIRECTION('',(5.56131819963552E-33,-1.22464679914735E-16,-1.));
#8612=DIRECTION('',(1.,9.08232186375291E-17,-5.56131819963552E-33));
#8613=DIRECTION('',(5.56131819963552E-33,-1.22464679914735E-16,-1.));
#8614=DIRECTION('',(5.56131819963552E-33,-1.22464679914735E-16,-1.));
#8615=DIRECTION('',(1.,9.08232186375291E-17,-5.56131819963552E-33));
#8616=DIRECTION('',(5.56131819963552E-33,-1.22464679914735E-16,-1.));
#8617=DIRECTION('',(1.,9.08232186375291E-17,-5.56131819963552E-33));
#8618=DIRECTION('',(5.56131819963552E-33,-1.22464679914735E-16,-1.));
#8619=DIRECTION('',(5.56131819963552E-33,-1.22464679914735E-16,-1.));
#8620=DIRECTION('',(1.,9.08232186375291E-17,-5.56131819963552E-33));
#8621=DIRECTION('',(5.56131819963552E-33,-1.22464679914735E-16,-1.));
#8622=DIRECTION('',(1.,9.08232186375291E-17,-5.56131819963552E-33));
#8623=DIRECTION('',(5.56131819963552E-33,-1.22464679914735E-16,-1.));
#8624=DIRECTION('',(1.,9.08232186375291E-17,-5.56131819963552E-33));
#8625=DIRECTION('',(5.56131819963552E-33,-1.22464679914735E-16,-1.));
#8626=DIRECTION('',(1.,9.08232186375291E-17,-5.56131819963552E-33));
#8627=DIRECTION('',(5.56131819963552E-33,-1.22464679914735E-16,-1.));
#8628=DIRECTION('',(1.,9.08232186375291E-17,-5.56131819963552E-33));
#8629=DIRECTION('',(5.56131819963552E-33,-1.22464679914735E-16,-1.));
#8630=DIRECTION('',(5.56131819963552E-33,-1.22464679914735E-16,-1.));
#8631=DIRECTION('',(5.56131819963552E-33,-1.22464679914735E-16,-1.));
#8632=DIRECTION('',(1.,9.08232186375291E-17,-5.56131819963552E-33));
#8633=DIRECTION('',(5.56131819963552E-33,-1.22464679914735E-16,-1.));
#8634=DIRECTION('',(5.56131819963552E-33,-1.22464679914735E-16,-1.));
#8635=DIRECTION('',(1.,9.08232186375291E-17,-5.56131819963552E-33));
#8636=DIRECTION('',(5.56131819963552E-33,-1.22464679914735E-16,-1.));
#8637=DIRECTION('',(1.,9.08232186375291E-17,-5.56131819963552E-33));
#8638=DIRECTION('',(5.56131819963552E-33,-1.22464679914735E-16,-1.));
#8639=DIRECTION('',(5.56131819963552E-33,-1.22464679914735E-16,-1.));
#8640=DIRECTION('',(5.56131819963552E-33,-1.22464679914735E-16,-1.));
#8641=DIRECTION('',(1.,9.08232186375291E-17,-5.56131819963552E-33));
#8642=DIRECTION('',(5.56131819963552E-33,-1.22464679914735E-16,-1.));
#8643=DIRECTION('',(5.56131819963552E-33,-1.22464679914735E-16,-1.));
#8644=DIRECTION('',(5.56131819963552E-33,-1.22464679914735E-16,-1.));
#8645=DIRECTION('',(1.,9.08232186375291E-17,-5.56131819963552E-33));
#8646=DIRECTION('',(5.56131819963552E-33,-1.22464679914735E-16,-1.));
#8647=DIRECTION('',(1.,9.08232186375291E-17,-5.56131819963552E-33));
#8648=DIRECTION('',(-5.56131819963552E-33,1.22464679914735E-16,1.));
#8649=DIRECTION('',(1.,9.08232186375291E-17,-5.56131819963552E-33));
#8650=DIRECTION('',(5.56131819963552E-33,-1.22464679914735E-16,-1.));
#8651=DIRECTION('',(5.56131819963552E-33,-1.22464679914735E-16,-1.));
#8652=DIRECTION('',(1.,9.08232186375291E-17,-5.56131819963552E-33));
#8653=DIRECTION('',(5.56131819963552E-33,-1.22464679914735E-16,-1.));
#8654=DIRECTION('',(-5.56131819963552E-33,1.22464679914735E-16,1.));
#8655=DIRECTION('',(1.,9.08232186375291E-17,-5.56131819963552E-33));
#8656=DIRECTION('',(5.56131819963552E-33,-1.22464679914735E-16,-1.));
#8657=DIRECTION('',(1.,9.08232186375291E-17,-5.56131819963552E-33));
#8658=DIRECTION('',(-5.56131819963552E-33,1.22464679914735E-16,1.));
#8659=DIRECTION('',(1.,9.08232186375291E-17,-5.56131819963552E-33));
#8660=DIRECTION('',(-5.56131819963552E-33,1.22464679914735E-16,1.));
#8661=DIRECTION('',(1.,9.08232186375291E-17,-5.56131819963552E-33));
#8662=DIRECTION('',(-5.56131819963552E-33,1.22464679914735E-16,1.));
#8663=DIRECTION('',(1.,9.08232186375291E-17,-5.56131819963552E-33));
#8664=DIRECTION('',(-5.56131819963552E-33,1.22464679914735E-16,1.));
#8665=DIRECTION('',(1.,9.08232186375291E-17,-5.56131819963552E-33));
#8666=DIRECTION('',(-5.56131819963552E-33,1.22464679914735E-16,1.));
#8667=DIRECTION('',(1.,9.08232186375291E-17,-5.56131819963552E-33));
#8668=DIRECTION('',(-5.56131819963552E-33,1.22464679914735E-16,1.));
#8669=DIRECTION('',(1.,9.08232186375291E-17,-5.56131819963552E-33));
#8670=DIRECTION('',(-5.56131819963552E-33,1.22464679914735E-16,1.));
#8671=DIRECTION('',(1.,9.08232186375291E-17,-5.56131819963552E-33));
#8672=DIRECTION('',(-5.56131819963552E-33,1.22464679914735E-16,1.));
#8673=DIRECTION('',(1.,9.08232186375291E-17,-5.56131819963552E-33));
#8674=DIRECTION('',(-5.56131819963552E-33,1.22464679914735E-16,1.));
#8675=DIRECTION('',(1.,9.08232186375291E-17,-5.56131819963552E-33));
#8676=DIRECTION('',(-5.56131819963552E-33,1.22464679914735E-16,1.));
#8677=DIRECTION('',(1.,9.08232186375291E-17,-5.56131819963552E-33));
#8678=DIRECTION('',(-5.56131819963552E-33,1.22464679914735E-16,1.));
#8679=DIRECTION('',(1.,9.08232186375291E-17,-5.56131819963552E-33));
#8680=DIRECTION('',(-5.56131819963552E-33,1.22464679914735E-16,1.));
#8681=DIRECTION('',(1.,9.08232186375291E-17,-5.56131819963552E-33));
#8682=DIRECTION('',(-5.56131819963552E-33,1.22464679914735E-16,1.));
#8683=DIRECTION('',(1.,9.08232186375291E-17,-5.56131819963552E-33));
#8684=DIRECTION('',(-5.56131819963552E-33,1.22464679914735E-16,1.));
#8685=DIRECTION('',(1.,9.08232186375291E-17,-5.56131819963552E-33));
#8686=DIRECTION('',(-5.56131819963552E-33,1.22464679914735E-16,1.));
#8687=DIRECTION('',(1.,9.08232186375291E-17,-5.56131819963552E-33));
#8688=DIRECTION('',(-5.56131819963552E-33,1.22464679914735E-16,1.));
#8689=DIRECTION('',(1.,9.08232186375291E-17,-5.56131819963552E-33));
#8690=DIRECTION('',(-5.56131819963552E-33,1.22464679914735E-16,1.));
#8691=DIRECTION('',(1.,9.08232186375291E-17,-5.56131819963552E-33));
#8692=DIRECTION('',(-5.56131819963552E-33,1.22464679914735E-16,1.));
#8693=DIRECTION('',(1.,9.08232186375291E-17,-5.56131819963552E-33));
#8694=DIRECTION('',(-5.56131819963552E-33,1.22464679914735E-16,1.));
#8695=DIRECTION('',(1.,9.08232186375291E-17,-5.56131819963552E-33));
#8696=DIRECTION('',(5.56131819963552E-33,-1.22464679914735E-16,-1.));
#8697=DIRECTION('',(1.,9.08232186375291E-17,-5.56131819963552E-33));
#8698=DIRECTION('',(5.56131819963552E-33,-1.22464679914735E-16,-1.));
#8699=DIRECTION('',(1.,9.08232186375291E-17,-5.56131819963552E-33));
#8700=DIRECTION('',(5.56131819963552E-33,-1.22464679914735E-16,-1.));
#8701=DIRECTION('',(1.,9.08232186375291E-17,-5.56131819963552E-33));
#8702=DIRECTION('',(5.56131819963552E-33,-1.22464679914735E-16,-1.));
#8703=DIRECTION('',(1.,9.08232186375291E-17,-5.56131819963552E-33));
#8704=DIRECTION('',(-5.56131819963552E-33,1.22464679914735E-16,1.));
#8705=DIRECTION('',(1.,9.08232186375291E-17,-5.56131819963552E-33));
#8706=DIRECTION('',(-5.56131819963552E-33,1.22464679914735E-16,1.));
#8707=DIRECTION('',(1.,9.08232186375291E-17,-5.56131819963552E-33));
#8708=DIRECTION('',(-5.56131819963552E-33,1.22464679914735E-16,1.));
#8709=DIRECTION('',(1.,9.08232186375291E-17,-5.56131819963552E-33));
#8710=DIRECTION('',(-5.56131819963552E-33,1.22464679914735E-16,1.));
#8711=DIRECTION('',(1.,9.08232186375291E-17,-5.56131819963552E-33));
#8712=DIRECTION('',(-5.56131819963552E-33,1.22464679914735E-16,1.));
#8713=DIRECTION('',(1.,9.08232186375291E-17,-5.56131819963552E-33));
#8714=DIRECTION('',(-5.56131819963552E-33,1.22464679914735E-16,1.));
#8715=DIRECTION('',(1.,9.08232186375291E-17,-5.56131819963552E-33));
#8716=DIRECTION('',(-5.56131819963552E-33,1.22464679914735E-16,1.));
#8717=DIRECTION('',(1.,9.08232186375291E-17,-5.56131819963552E-33));
#8718=DIRECTION('',(-5.56131819963552E-33,1.22464679914735E-16,1.));
#8719=DIRECTION('',(1.,9.08232186375291E-17,-5.56131819963552E-33));
#8720=DIRECTION('',(5.56131819963552E-33,-1.22464679914735E-16,-1.));
#8721=DIRECTION('',(1.,9.08232186375291E-17,-5.56131819963552E-33));
#8722=DIRECTION('',(5.56131819963552E-33,-1.22464679914735E-16,-1.));
#8723=DIRECTION('',(1.,9.08232186375291E-17,-5.56131819963552E-33));
#8724=DIRECTION('',(5.56131819963552E-33,-1.22464679914735E-16,-1.));
#8725=DIRECTION('',(1.,9.08232186375291E-17,-5.56131819963552E-33));
#8726=DIRECTION('',(5.56131819963552E-33,-1.22464679914735E-16,-1.));
#8727=DIRECTION('',(1.,9.08232186375291E-17,-5.56131819963552E-33));
#8728=DIRECTION('',(5.56131819963552E-33,-1.22464679914735E-16,-1.));
#8729=DIRECTION('',(1.,9.08232186375291E-17,-5.56131819963552E-33));
#8730=DIRECTION('',(5.56131819963552E-33,-1.22464679914735E-16,-1.));
#8731=DIRECTION('',(1.,9.08232186375291E-17,-5.56131819963552E-33));
#8732=DIRECTION('',(5.56131819963552E-33,-1.22464679914735E-16,-1.));
#8733=DIRECTION('',(1.,9.08232186375291E-17,-5.56131819963552E-33));
#8734=DIRECTION('',(5.56131819963552E-33,-1.22464679914735E-16,-1.));
#8735=DIRECTION('',(1.,9.08232186375291E-17,-5.56131819963552E-33));
#8736=DIRECTION('',(-5.56131819963552E-33,1.22464679914735E-16,1.));
#8737=DIRECTION('',(1.,9.08232186375291E-17,-5.56131819963552E-33));
#8738=DIRECTION('',(-5.56131819963552E-33,1.22464679914735E-16,1.));
#8739=DIRECTION('',(1.,9.08232186375291E-17,-5.56131819963552E-33));
#8740=DIRECTION('',(-5.56131819963552E-33,1.22464679914735E-16,1.));
#8741=DIRECTION('',(1.,9.08232186375291E-17,-5.56131819963552E-33));
#8742=DIRECTION('',(-5.56131819963552E-33,1.22464679914735E-16,1.));
#8743=DIRECTION('',(1.,9.08232186375291E-17,-5.56131819963552E-33));
#8744=DIRECTION('',(5.56131819963552E-33,-1.22464679914735E-16,-1.));
#8745=DIRECTION('',(1.,9.08232186375291E-17,-5.56131819963552E-33));
#8746=DIRECTION('',(5.56131819963552E-33,-1.22464679914735E-16,-1.));
#8747=DIRECTION('',(1.,9.08232186375291E-17,-5.56131819963552E-33));
#8748=DIRECTION('',(5.56131819963552E-33,-1.22464679914735E-16,-1.));
#8749=DIRECTION('',(1.,9.08232186375291E-17,-5.56131819963552E-33));
#8750=DIRECTION('',(5.56131819963552E-33,-1.22464679914735E-16,-1.));
#8751=DIRECTION('',(1.,9.08232186375291E-17,-5.56131819963552E-33));
#8752=DIRECTION('',(-5.56131819963552E-33,1.22464679914735E-16,1.));
#8753=DIRECTION('',(1.,9.08232186375291E-17,-5.56131819963552E-33));
#8754=DIRECTION('',(-5.56131819963552E-33,1.22464679914735E-16,1.));
#8755=DIRECTION('',(1.,9.08232186375291E-17,-5.56131819963552E-33));
#8756=DIRECTION('',(-5.56131819963552E-33,1.22464679914735E-16,1.));
#8757=DIRECTION('',(1.,9.08232186375291E-17,-5.56131819963552E-33));
#8758=DIRECTION('',(-5.56131819963552E-33,1.22464679914735E-16,1.));
#8759=DIRECTION('',(1.,9.08232186375291E-17,-5.56131819963552E-33));
#8760=DIRECTION('',(5.56131819963552E-33,-1.22464679914735E-16,-1.));
#8761=DIRECTION('',(1.,9.08232186375291E-17,-5.56131819963552E-33));
#8762=DIRECTION('',(5.56131819963552E-33,-1.22464679914735E-16,-1.));
#8763=DIRECTION('',(1.,9.08232186375291E-17,-5.56131819963552E-33));
#8764=DIRECTION('',(5.56131819963552E-33,-1.22464679914735E-16,-1.));
#8765=DIRECTION('',(1.,9.08232186375291E-17,-5.56131819963552E-33));
#8766=DIRECTION('',(5.56131819963552E-33,-1.22464679914735E-16,-1.));
#8767=DIRECTION('',(1.,9.08232186375291E-17,-5.56131819963552E-33));
#8768=DIRECTION('',(5.56131819963552E-33,-1.22464679914735E-16,-1.));
#8769=DIRECTION('',(1.,9.08232186375291E-17,-5.56131819963552E-33));
#8770=DIRECTION('',(5.56131819963552E-33,-1.22464679914735E-16,-1.));
#8771=DIRECTION('',(1.,9.08232186375291E-17,-5.56131819963552E-33));
#8772=DIRECTION('',(5.56131819963552E-33,-1.22464679914735E-16,-1.));
#8773=DIRECTION('',(1.,9.08232186375291E-17,-5.56131819963552E-33));
#8774=DIRECTION('',(5.56131819963552E-33,-1.22464679914735E-16,-1.));
#8775=DIRECTION('',(1.,9.08232186375291E-17,-5.56131819963552E-33));
#8776=DIRECTION('',(5.56131819963552E-33,-1.22464679914735E-16,-1.));
#8777=DIRECTION('',(1.,9.08232186375291E-17,-5.56131819963552E-33));
#8778=DIRECTION('',(5.56131819963552E-33,-1.22464679914735E-16,-1.));
#8779=DIRECTION('',(1.,9.08232186375291E-17,-5.56131819963552E-33));
#8780=DIRECTION('',(5.56131819963552E-33,-1.22464679914735E-16,-1.));
#8781=DIRECTION('',(1.,9.08232186375291E-17,-5.56131819963552E-33));
#8782=DIRECTION('',(5.56131819963552E-33,-1.22464679914735E-16,-1.));
#8783=DIRECTION('',(1.,9.08232186375291E-17,-5.56131819963552E-33));
#8784=DIRECTION('',(5.56131819963552E-33,-1.22464679914735E-16,-1.));
#8785=DIRECTION('',(1.,9.08232186375291E-17,-5.56131819963552E-33));
#8786=DIRECTION('',(5.56131819963552E-33,-1.22464679914735E-16,-1.));
#8787=DIRECTION('',(1.,9.08232186375291E-17,-5.56131819963552E-33));
#8788=DIRECTION('',(5.56131819963552E-33,-1.22464679914735E-16,-1.));
#8789=DIRECTION('',(1.,9.08232186375291E-17,-5.56131819963552E-33));
#8790=DIRECTION('',(5.56131819963552E-33,-1.22464679914735E-16,-1.));
#8791=DIRECTION('',(1.,9.08232186375291E-17,-5.56131819963552E-33));
#8792=DIRECTION('',(-5.56131819963552E-33,1.22464679914735E-16,1.));
#8793=DIRECTION('',(1.,9.08232186375291E-17,-5.56131819963552E-33));
#8794=DIRECTION('',(-5.56131819963552E-33,1.22464679914735E-16,1.));
#8795=DIRECTION('',(1.,9.08232186375291E-17,-5.56131819963552E-33));
#8796=DIRECTION('',(-5.56131819963552E-33,1.22464679914735E-16,1.));
#8797=DIRECTION('',(1.,9.08232186375291E-17,-5.56131819963552E-33));
#8798=DIRECTION('',(-5.56131819963552E-33,1.22464679914735E-16,1.));
#8799=DIRECTION('',(1.,9.08232186375291E-17,-5.56131819963552E-33));
#8800=DIRECTION('',(5.56131819963552E-33,-1.22464679914735E-16,-1.));
#8801=DIRECTION('',(1.,9.08232186375291E-17,-5.56131819963552E-33));
#8802=DIRECTION('',(5.56131819963552E-33,-1.22464679914735E-16,-1.));
#8803=DIRECTION('',(1.,9.08232186375291E-17,-5.56131819963552E-33));
#8804=DIRECTION('',(5.56131819963552E-33,-1.22464679914735E-16,-1.));
#8805=DIRECTION('',(1.,9.08232186375291E-17,-5.56131819963552E-33));
#8806=DIRECTION('',(5.56131819963552E-33,-1.22464679914735E-16,-1.));
#8807=DIRECTION('',(1.,9.08232186375291E-17,-5.56131819963552E-33));
#8808=DIRECTION('',(5.56131819963552E-33,-1.22464679914735E-16,-1.));
#8809=DIRECTION('',(1.,9.08232186375291E-17,-5.56131819963552E-33));
#8810=DIRECTION('',(5.56131819963552E-33,-1.22464679914735E-16,-1.));
#8811=DIRECTION('',(1.,9.08232186375291E-17,-5.56131819963552E-33));
#8812=DIRECTION('',(5.56131819963552E-33,-1.22464679914735E-16,-1.));
#8813=DIRECTION('',(1.,9.08232186375291E-17,-5.56131819963552E-33));
#8814=DIRECTION('',(5.56131819963552E-33,-1.22464679914735E-16,-1.));
#8815=DIRECTION('',(1.,9.08232186375291E-17,-5.56131819963552E-33));
#8816=DIRECTION('',(5.56131819963552E-33,-1.22464679914735E-16,-1.));
#8817=DIRECTION('',(1.,9.08232186375291E-17,-5.56131819963552E-33));
#8818=DIRECTION('',(5.56131819963552E-33,-1.22464679914735E-16,-1.));
#8819=DIRECTION('',(1.,9.08232186375291E-17,-5.56131819963552E-33));
#8820=DIRECTION('',(5.56131819963552E-33,-1.22464679914735E-16,-1.));
#8821=DIRECTION('',(1.,9.08232186375291E-17,-5.56131819963552E-33));
#8822=DIRECTION('',(5.56131819963552E-33,-1.22464679914735E-16,-1.));
#8823=DIRECTION('',(1.,9.08232186375291E-17,-5.56131819963552E-33));
#8824=DIRECTION('',(5.56131819963552E-33,-1.22464679914735E-16,-1.));
#8825=DIRECTION('',(1.,9.08232186375291E-17,-5.56131819963552E-33));
#8826=DIRECTION('',(5.56131819963552E-33,-1.22464679914735E-16,-1.));
#8827=DIRECTION('',(1.,9.08232186375291E-17,-5.56131819963552E-33));
#8828=DIRECTION('',(5.56131819963552E-33,-1.22464679914735E-16,-1.));
#8829=DIRECTION('',(1.,9.08232186375291E-17,-5.56131819963552E-33));
#8830=DIRECTION('',(5.56131819963552E-33,-1.22464679914735E-16,-1.));
#8831=DIRECTION('',(1.,9.08232186375291E-17,-5.56131819963552E-33));
#8832=DIRECTION('',(5.56131819963552E-33,-1.22464679914735E-16,-1.));
#8833=DIRECTION('',(1.,9.08232186375291E-17,-5.56131819963552E-33));
#8834=DIRECTION('',(5.56131819963552E-33,-1.22464679914735E-16,-1.));
#8835=DIRECTION('',(1.,9.08232186375291E-17,-5.56131819963552E-33));
#8836=DIRECTION('',(-5.56131819963552E-33,1.22464679914735E-16,1.));
#8837=DIRECTION('',(1.,9.08232186375291E-17,-5.56131819963552E-33));
#8838=DIRECTION('',(-5.56131819963552E-33,1.22464679914735E-16,1.));
#8839=DIRECTION('',(1.,9.08232186375291E-17,-5.56131819963552E-33));
#8840=DIRECTION('',(-5.56131819963552E-33,1.22464679914735E-16,1.));
#8841=DIRECTION('',(1.,9.08232186375291E-17,-5.56131819963552E-33));
#8842=DIRECTION('',(-5.56131819963552E-33,1.22464679914735E-16,1.));
#8843=DIRECTION('',(1.,9.08232186375291E-17,-5.56131819963552E-33));
#8844=DIRECTION('',(-5.56131819963552E-33,1.22464679914735E-16,1.));
#8845=DIRECTION('',(1.,9.08232186375291E-17,-5.56131819963552E-33));
#8846=DIRECTION('',(5.56131819963552E-33,-1.22464679914735E-16,-1.));
#8847=DIRECTION('',(1.,9.08232186375291E-17,-5.56131819963552E-33));
#8848=DIRECTION('',(5.56131819963552E-33,-1.22464679914735E-16,-1.));
#8849=DIRECTION('',(1.,9.08232186375291E-17,-5.56131819963552E-33));
#8850=DIRECTION('',(5.56131819963552E-33,-1.22464679914735E-16,-1.));
#8851=DIRECTION('',(1.,9.08232186375291E-17,-5.56131819963552E-33));
#8852=DIRECTION('',(5.56131819963552E-33,-1.22464679914735E-16,-1.));
#8853=DIRECTION('',(5.56131819963552E-33,-1.22464679914735E-16,-1.));
#8854=DIRECTION('',(1.,9.08232186375291E-17,-5.56131819963552E-33));
#8855=DIRECTION('',(5.56131819963552E-33,-1.22464679914735E-16,-1.));
#8856=DIRECTION('',(5.56131819963552E-33,-1.22464679914735E-16,-1.));
#8857=DIRECTION('',(1.,9.08232186375291E-17,-5.56131819963552E-33));
#8858=DIRECTION('',(5.56131819963552E-33,-1.22464679914735E-16,-1.));
#8859=DIRECTION('',(5.56131819963552E-33,-1.22464679914735E-16,-1.));
#8860=DIRECTION('',(1.,9.08232186375291E-17,-5.56131819963552E-33));
#8861=DIRECTION('',(5.56131819963552E-33,-1.22464679914735E-16,-1.));
#8862=DIRECTION('',(5.56131819963552E-33,-1.22464679914735E-16,-1.));
#8863=DIRECTION('',(1.,9.08232186375291E-17,-5.56131819963552E-33));
#8864=DIRECTION('',(5.56131819963552E-33,-1.22464679914735E-16,-1.));
#8865=DIRECTION('',(5.56131819963552E-33,-1.22464679914735E-16,-1.));
#8866=DIRECTION('',(1.,9.08232186375291E-17,-5.56131819963552E-33));
#8867=DIRECTION('',(5.56131819963552E-33,-1.22464679914735E-16,-1.));
#8868=DIRECTION('',(5.56131819963552E-33,-1.22464679914735E-16,-1.));
#8869=DIRECTION('',(1.,9.08232186375291E-17,-5.56131819963552E-33));
#8870=DIRECTION('',(5.56131819963552E-33,-1.22464679914735E-16,-1.));
#8871=DIRECTION('',(5.56131819963552E-33,-1.22464679914735E-16,-1.));
#8872=DIRECTION('',(1.,9.08232186375291E-17,-5.56131819963552E-33));
#8873=DIRECTION('',(5.56131819963552E-33,-1.22464679914735E-16,-1.));
#8874=DIRECTION('',(5.56131819963552E-33,-1.22464679914735E-16,-1.));
#8875=DIRECTION('',(1.,9.08232186375291E-17,-5.56131819963552E-33));
#8876=DIRECTION('',(5.56131819963552E-33,-1.22464679914735E-16,-1.));
#8877=DIRECTION('',(5.56131819963552E-33,-1.22464679914735E-16,-1.));
#8878=DIRECTION('',(1.,9.08232186375291E-17,-5.56131819963552E-33));
#8879=DIRECTION('',(5.56131819963552E-33,-1.22464679914735E-16,-1.));
#8880=DIRECTION('',(5.56131819963552E-33,-1.22464679914735E-16,-1.));
#8881=DIRECTION('',(1.,9.08232186375291E-17,-5.56131819963552E-33));
#8882=DIRECTION('',(5.56131819963552E-33,-1.22464679914735E-16,-1.));
#8883=DIRECTION('',(1.,9.08232186375291E-17,-5.56131819963552E-33));
#8884=DIRECTION('',(5.56131819963552E-33,-1.22464679914735E-16,-1.));
#8885=DIRECTION('',(5.56131819963552E-33,-1.22464679914735E-16,-1.));
#8886=DIRECTION('',(1.,9.08232186375291E-17,-5.56131819963552E-33));
#8887=DIRECTION('',(5.56131819963552E-33,-1.22464679914735E-16,-1.));
#8888=DIRECTION('',(5.56131819963552E-33,-1.22464679914735E-16,-1.));
#8889=DIRECTION('',(1.,9.08232186375291E-17,-5.56131819963552E-33));
#8890=DIRECTION('',(5.56131819963552E-33,-1.22464679914735E-16,-1.));
#8891=DIRECTION('',(5.56131819963552E-33,-1.22464679914735E-16,-1.));
#8892=DIRECTION('',(1.,9.08232186375291E-17,-5.56131819963552E-33));
#8893=DIRECTION('',(5.56131819963552E-33,-1.22464679914735E-16,-1.));
#8894=DIRECTION('',(5.56131819963552E-33,-1.22464679914735E-16,-1.));
#8895=DIRECTION('',(1.,9.08232186375291E-17,-5.56131819963552E-33));
#8896=DIRECTION('',(5.56131819963552E-33,-1.22464679914735E-16,-1.));
#8897=DIRECTION('',(5.56131819963552E-33,-1.22464679914735E-16,-1.));
#8898=DIRECTION('',(1.,9.08232186375291E-17,-5.56131819963552E-33));
#8899=DIRECTION('',(5.56131819963552E-33,-1.22464679914735E-16,-1.));
#8900=DIRECTION('',(5.56131819963552E-33,-1.22464679914735E-16,-1.));
#8901=DIRECTION('',(1.,9.08232186375291E-17,-5.56131819963552E-33));
#8902=DIRECTION('',(5.56131819963552E-33,-1.22464679914735E-16,-1.));
#8903=DIRECTION('',(5.56131819963552E-33,-1.22464679914735E-16,-1.));
#8904=DIRECTION('',(1.,9.08232186375291E-17,-5.56131819963552E-33));
#8905=DIRECTION('',(5.56131819963552E-33,-1.22464679914735E-16,-1.));
#8906=DIRECTION('',(5.56131819963552E-33,-1.22464679914735E-16,-1.));
#8907=DIRECTION('',(1.,9.08232186375291E-17,-5.56131819963552E-33));
#8908=DIRECTION('',(5.56131819963552E-33,-1.22464679914735E-16,-1.));
#8909=DIRECTION('',(5.56131819963552E-33,-1.22464679914735E-16,-1.));
#8910=DIRECTION('',(1.,9.08232186375291E-17,-5.56131819963552E-33));
#8911=DIRECTION('',(5.56131819963552E-33,-1.22464679914735E-16,-1.));
#8912=DIRECTION('',(5.56131819963552E-33,-1.22464679914735E-16,-1.));
#8913=DIRECTION('',(1.,9.08232186375291E-17,-5.56131819963552E-33));
#8914=DIRECTION('',(5.56131819963552E-33,-1.22464679914735E-16,-1.));
#8915=DIRECTION('',(5.56131819963552E-33,-1.22464679914735E-16,-1.));
#8916=DIRECTION('',(1.,9.08232186375291E-17,-5.56131819963552E-33));
#8917=DIRECTION('',(5.56131819963552E-33,-1.22464679914735E-16,-1.));
#8918=DIRECTION('',(5.56131819963552E-33,-1.22464679914735E-16,-1.));
#8919=DIRECTION('',(1.,9.08232186375291E-17,-5.56131819963552E-33));
#8920=DIRECTION('',(5.56131819963552E-33,-1.22464679914735E-16,-1.));
#8921=DIRECTION('',(5.56131819963552E-33,-1.22464679914735E-16,-1.));
#8922=DIRECTION('',(1.,9.08232186375291E-17,-5.56131819963552E-33));
#8923=DIRECTION('',(5.56131819963552E-33,-1.22464679914735E-16,-1.));
#8924=DIRECTION('',(5.56131819963552E-33,-1.22464679914735E-16,-1.));
#8925=DIRECTION('',(1.,9.08232186375291E-17,-5.56131819963552E-33));
#8926=DIRECTION('',(5.56131819963552E-33,-1.22464679914735E-16,-1.));
#8927=DIRECTION('',(5.56131819963552E-33,-1.22464679914735E-16,-1.));
#8928=DIRECTION('',(1.,9.08232186375291E-17,-5.56131819963552E-33));
#8929=DIRECTION('',(5.56131819963552E-33,-1.22464679914735E-16,-1.));
#8930=DIRECTION('',(5.56131819963552E-33,-1.22464679914735E-16,-1.));
#8931=DIRECTION('',(1.,9.08232186375291E-17,-5.56131819963552E-33));
#8932=DIRECTION('',(5.56131819963552E-33,-1.22464679914735E-16,-1.));
#8933=DIRECTION('',(5.56131819963552E-33,-1.22464679914735E-16,-1.));
#8934=DIRECTION('',(1.,9.08232186375291E-17,-5.56131819963552E-33));
#8935=DIRECTION('',(5.56131819963552E-33,-1.22464679914735E-16,-1.));
#8936=DIRECTION('',(5.56131819963552E-33,-1.22464679914735E-16,-1.));
#8937=DIRECTION('',(1.,9.08232186375291E-17,-5.56131819963552E-33));
#8938=DIRECTION('',(5.56131819963552E-33,-1.22464679914735E-16,-1.));
#8939=DIRECTION('',(5.56131819963552E-33,-1.22464679914735E-16,-1.));
#8940=DIRECTION('',(1.,9.08232186375291E-17,-5.56131819963552E-33));
#8941=DIRECTION('',(5.56131819963552E-33,-1.22464679914735E-16,-1.));
#8942=DIRECTION('',(5.56131819963552E-33,-1.22464679914735E-16,-1.));
#8943=DIRECTION('',(1.,9.08232186375291E-17,-5.56131819963552E-33));
#8944=DIRECTION('',(5.56131819963552E-33,-1.22464679914735E-16,-1.));
#8945=DIRECTION('',(5.56131819963552E-33,-1.22464679914735E-16,-1.));
#8946=DIRECTION('',(1.,9.08232186375291E-17,-5.56131819963552E-33));
#8947=DIRECTION('',(5.56131819963552E-33,-1.22464679914735E-16,-1.));
#8948=DIRECTION('',(5.56131819963552E-33,-1.22464679914735E-16,-1.));
#8949=DIRECTION('',(1.,9.08232186375291E-17,-5.56131819963552E-33));
#8950=DIRECTION('',(5.56131819963552E-33,-1.22464679914735E-16,-1.));
#8951=DIRECTION('',(5.56131819963552E-33,-1.22464679914735E-16,-1.));
#8952=DIRECTION('',(1.,9.08232186375291E-17,-5.56131819963552E-33));
#8953=DIRECTION('',(5.56131819963552E-33,-1.22464679914735E-16,-1.));
#8954=DIRECTION('',(5.56131819963552E-33,-1.22464679914735E-16,-1.));
#8955=DIRECTION('',(1.,9.08232186375291E-17,-5.56131819963552E-33));
#8956=DIRECTION('',(5.56131819963552E-33,-1.22464679914735E-16,-1.));
#8957=DIRECTION('',(5.56131819963552E-33,-1.22464679914735E-16,-1.));
#8958=DIRECTION('',(1.,9.08232186375291E-17,-5.56131819963552E-33));
#8959=DIRECTION('',(5.56131819963552E-33,-1.22464679914735E-16,-1.));
#8960=DIRECTION('',(5.56131819963552E-33,-1.22464679914735E-16,-1.));
#8961=DIRECTION('',(1.,9.08232186375291E-17,-5.56131819963552E-33));
#8962=DIRECTION('',(5.56131819963552E-33,-1.22464679914735E-16,-1.));
#8963=DIRECTION('',(5.56131819963552E-33,-1.22464679914735E-16,-1.));
#8964=DIRECTION('',(1.,9.08232186375291E-17,-5.56131819963552E-33));
#8965=DIRECTION('',(5.56131819963552E-33,-1.22464679914735E-16,-1.));
#8966=DIRECTION('',(5.56131819963552E-33,-1.22464679914735E-16,-1.));
#8967=DIRECTION('',(1.,9.08232186375291E-17,-5.56131819963552E-33));
#8968=DIRECTION('',(5.56131819963552E-33,-1.22464679914735E-16,-1.));
#8969=DIRECTION('',(5.56131819963552E-33,-1.22464679914735E-16,-1.));
#8970=DIRECTION('',(1.,9.08232186375291E-17,-5.56131819963552E-33));
#8971=DIRECTION('',(5.56131819963552E-33,-1.22464679914735E-16,-1.));
#8972=DIRECTION('',(5.56131819963552E-33,-1.22464679914735E-16,-1.));
#8973=DIRECTION('',(1.,9.08232186375291E-17,-5.56131819963552E-33));
#8974=DIRECTION('',(5.56131819963552E-33,-1.22464679914735E-16,-1.));
#8975=DIRECTION('',(5.56131819963552E-33,-1.22464679914735E-16,-1.));
#8976=DIRECTION('',(1.,9.08232186375291E-17,-5.56131819963552E-33));
#8977=DIRECTION('',(5.56131819963552E-33,-1.22464679914735E-16,-1.));
#8978=DIRECTION('',(5.56131819963552E-33,-1.22464679914735E-16,-1.));
#8979=DIRECTION('',(1.,9.08232186375291E-17,-5.56131819963552E-33));
#8980=DIRECTION('',(5.56131819963552E-33,-1.22464679914735E-16,-1.));
#8981=DIRECTION('',(5.56131819963552E-33,-1.22464679914735E-16,-1.));
#8982=DIRECTION('',(1.,9.08232186375291E-17,-5.56131819963552E-33));
#8983=DIRECTION('',(5.56131819963552E-33,-1.22464679914735E-16,-1.));
#8984=DIRECTION('',(5.56131819963552E-33,-1.22464679914735E-16,-1.));
#8985=DIRECTION('',(1.,9.08232186375291E-17,-5.56131819963552E-33));
#8986=DIRECTION('',(5.56131819963552E-33,-1.22464679914735E-16,-1.));
#8987=DIRECTION('',(5.56131819963552E-33,-1.22464679914735E-16,-1.));
#8988=DIRECTION('',(1.,9.08232186375291E-17,-5.56131819963552E-33));
#8989=DIRECTION('',(5.56131819963552E-33,-1.22464679914735E-16,-1.));
#8990=DIRECTION('',(5.56131819963552E-33,-1.22464679914735E-16,-1.));
#8991=DIRECTION('',(1.,9.08232186375291E-17,-5.56131819963552E-33));
#8992=DIRECTION('',(5.56131819963552E-33,-1.22464679914735E-16,-1.));
#8993=DIRECTION('',(5.56131819963552E-33,-1.22464679914735E-16,-1.));
#8994=DIRECTION('',(1.,9.08232186375291E-17,-5.56131819963552E-33));
#8995=DIRECTION('',(5.56131819963552E-33,-1.22464679914735E-16,-1.));
#8996=DIRECTION('',(5.56131819963552E-33,-1.22464679914735E-16,-1.));
#8997=DIRECTION('',(1.,9.08232186375291E-17,-5.56131819963552E-33));
#8998=DIRECTION('',(5.56131819963552E-33,-1.22464679914735E-16,-1.));
#8999=DIRECTION('',(5.56131819963552E-33,-1.22464679914735E-16,-1.));
#9000=DIRECTION('',(1.,9.08232186375291E-17,-5.56131819963552E-33));
#9001=DIRECTION('',(5.56131819963552E-33,-1.22464679914735E-16,-1.));
#9002=DIRECTION('',(5.56131819963552E-33,-1.22464679914735E-16,-1.));
#9003=DIRECTION('',(1.,9.08232186375291E-17,-5.56131819963552E-33));
#9004=DIRECTION('',(5.56131819963552E-33,-1.22464679914735E-16,-1.));
#9005=DIRECTION('',(5.56131819963552E-33,-1.22464679914735E-16,-1.));
#9006=DIRECTION('',(1.,9.08232186375291E-17,-5.56131819963552E-33));
#9007=DIRECTION('',(5.56131819963552E-33,-1.22464679914735E-16,-1.));
#9008=DIRECTION('',(5.56131819963552E-33,-1.22464679914735E-16,-1.));
#9009=DIRECTION('',(1.,9.08232186375291E-17,-5.56131819963552E-33));
#9010=DIRECTION('',(5.56131819963552E-33,-1.22464679914735E-16,-1.));
#9011=DIRECTION('',(5.56131819963552E-33,-1.22464679914735E-16,-1.));
#9012=DIRECTION('',(1.,9.08232186375291E-17,-5.56131819963552E-33));
#9013=DIRECTION('',(5.56131819963552E-33,-1.22464679914735E-16,-1.));
#9014=DIRECTION('',(5.56131819963552E-33,-1.22464679914735E-16,-1.));
#9015=DIRECTION('',(1.,9.08232186375291E-17,-5.56131819963552E-33));
#9016=DIRECTION('',(5.56131819963552E-33,-1.22464679914735E-16,-1.));
#9017=DIRECTION('',(5.56131819963552E-33,-1.22464679914735E-16,-1.));
#9018=DIRECTION('',(1.,9.08232186375291E-17,-5.56131819963552E-33));
#9019=DIRECTION('',(5.56131819963552E-33,-1.22464679914735E-16,-1.));
#9020=DIRECTION('',(5.56131819963552E-33,-1.22464679914735E-16,-1.));
#9021=DIRECTION('',(1.,9.08232186375291E-17,-5.56131819963552E-33));
#9022=DIRECTION('',(5.56131819963552E-33,-1.22464679914735E-16,-1.));
#9023=DIRECTION('',(5.56131819963552E-33,-1.22464679914735E-16,-1.));
#9024=DIRECTION('',(1.,9.08232186375291E-17,-5.56131819963552E-33));
#9025=DIRECTION('',(5.56131819963552E-33,-1.22464679914735E-16,-1.));
#9026=DIRECTION('',(5.56131819963552E-33,-1.22464679914735E-16,-1.));
#9027=DIRECTION('',(1.,9.08232186375291E-17,-5.56131819963552E-33));
#9028=DIRECTION('',(5.56131819963552E-33,-1.22464679914735E-16,-1.));
#9029=DIRECTION('',(5.56131819963552E-33,-1.22464679914735E-16,-1.));
#9030=DIRECTION('',(1.,9.08232186375291E-17,-5.56131819963552E-33));
#9031=DIRECTION('',(5.56131819963552E-33,-1.22464679914735E-16,-1.));
#9032=DIRECTION('',(5.56131819963552E-33,-1.22464679914735E-16,-1.));
#9033=DIRECTION('',(1.,9.08232186375291E-17,-5.56131819963552E-33));
#9034=DIRECTION('',(5.56131819963552E-33,-1.22464679914735E-16,-1.));
#9035=DIRECTION('',(5.56131819963552E-33,-1.22464679914735E-16,-1.));
#9036=DIRECTION('',(1.,9.08232186375291E-17,-5.56131819963552E-33));
#9037=DIRECTION('',(5.56131819963552E-33,-1.22464679914735E-16,-1.));
#9038=DIRECTION('',(5.56131819963552E-33,-1.22464679914735E-16,-1.));
#9039=DIRECTION('',(1.,9.08232186375291E-17,-5.56131819963552E-33));
#9040=DIRECTION('',(5.56131819963552E-33,-1.22464679914735E-16,-1.));
#9041=DIRECTION('',(5.56131819963552E-33,-1.22464679914735E-16,-1.));
#9042=DIRECTION('',(1.,9.08232186375291E-17,-5.56131819963552E-33));
#9043=DIRECTION('',(5.56131819963552E-33,-1.22464679914735E-16,-1.));
#9044=DIRECTION('',(5.56131819963552E-33,-1.22464679914735E-16,-1.));
#9045=DIRECTION('',(1.,9.08232186375291E-17,-5.56131819963552E-33));
#9046=DIRECTION('',(5.56131819963552E-33,-1.22464679914735E-16,-1.));
#9047=DIRECTION('',(5.56131819963552E-33,-1.22464679914735E-16,-1.));
#9048=DIRECTION('',(1.,9.08232186375291E-17,-5.56131819963552E-33));
#9049=DIRECTION('',(5.56131819963552E-33,-1.22464679914735E-16,-1.));
#9050=DIRECTION('',(5.56131819963552E-33,-1.22464679914735E-16,-1.));
#9051=DIRECTION('',(1.,9.08232186375291E-17,-5.56131819963552E-33));
#9052=DIRECTION('',(5.56131819963552E-33,-1.22464679914735E-16,-1.));
#9053=DIRECTION('',(5.56131819963552E-33,-1.22464679914735E-16,-1.));
#9054=DIRECTION('',(1.,9.08232186375291E-17,-5.56131819963552E-33));
#9055=DIRECTION('',(5.56131819963552E-33,-1.22464679914735E-16,-1.));
#9056=DIRECTION('',(5.56131819963552E-33,-1.22464679914735E-16,-1.));
#9057=DIRECTION('',(1.,9.08232186375291E-17,-5.56131819963552E-33));
#9058=DIRECTION('',(5.56131819963552E-33,-1.22464679914735E-16,-1.));
#9059=DIRECTION('',(5.56131819963552E-33,-1.22464679914735E-16,-1.));
#9060=DIRECTION('',(1.,9.08232186375291E-17,-5.56131819963552E-33));
#9061=DIRECTION('',(5.56131819963552E-33,-1.22464679914735E-16,-1.));
#9062=DIRECTION('',(5.56131819963552E-33,-1.22464679914735E-16,-1.));
#9063=DIRECTION('',(1.,9.08232186375291E-17,-5.56131819963552E-33));
#9064=DIRECTION('',(5.56131819963552E-33,-1.22464679914735E-16,-1.));
#9065=DIRECTION('',(5.56131819963552E-33,-1.22464679914735E-16,-1.));
#9066=DIRECTION('',(1.,9.08232186375291E-17,-5.56131819963552E-33));
#9067=DIRECTION('',(5.56131819963552E-33,-1.22464679914735E-16,-1.));
#9068=DIRECTION('',(5.56131819963552E-33,-1.22464679914735E-16,-1.));
#9069=DIRECTION('',(1.,9.08232186375291E-17,-5.56131819963552E-33));
#9070=DIRECTION('',(5.56131819963552E-33,-1.22464679914735E-16,-1.));
#9071=DIRECTION('',(5.56131819963552E-33,-1.22464679914735E-16,-1.));
#9072=DIRECTION('',(1.,9.08232186375291E-17,-5.56131819963552E-33));
#9073=DIRECTION('',(5.56131819963552E-33,-1.22464679914735E-16,-1.));
#9074=DIRECTION('',(5.56131819963552E-33,-1.22464679914735E-16,-1.));
#9075=DIRECTION('',(1.,9.08232186375291E-17,-5.56131819963552E-33));
#9076=DIRECTION('',(5.56131819963552E-33,-1.22464679914735E-16,-1.));
#9077=DIRECTION('',(5.56131819963552E-33,-1.22464679914735E-16,-1.));
#9078=DIRECTION('',(1.,9.08232186375291E-17,-5.56131819963552E-33));
#9079=DIRECTION('',(5.56131819963552E-33,-1.22464679914735E-16,-1.));
#9080=DIRECTION('',(5.56131819963552E-33,-1.22464679914735E-16,-1.));
#9081=DIRECTION('',(1.,9.08232186375291E-17,-5.56131819963552E-33));
#9082=DIRECTION('',(5.56131819963552E-33,-1.22464679914735E-16,-1.));
#9083=DIRECTION('',(5.56131819963552E-33,-1.22464679914735E-16,-1.));
#9084=DIRECTION('',(1.,9.08232186375291E-17,-5.56131819963552E-33));
#9085=DIRECTION('',(5.56131819963552E-33,-1.22464679914735E-16,-1.));
#9086=DIRECTION('',(5.56131819963552E-33,-1.22464679914735E-16,-1.));
#9087=DIRECTION('',(1.,9.08232186375291E-17,-5.56131819963552E-33));
#9088=DIRECTION('',(5.56131819963552E-33,-1.22464679914735E-16,-1.));
#9089=DIRECTION('',(5.56131819963552E-33,-1.22464679914735E-16,-1.));
#9090=DIRECTION('',(1.,9.08232186375291E-17,-5.56131819963552E-33));
#9091=DIRECTION('',(5.56131819963552E-33,-1.22464679914735E-16,-1.));
#9092=DIRECTION('',(5.56131819963552E-33,-1.22464679914735E-16,-1.));
#9093=DIRECTION('',(1.,9.08232186375291E-17,-5.56131819963552E-33));
#9094=DIRECTION('',(5.56131819963552E-33,-1.22464679914735E-16,-1.));
#9095=DIRECTION('',(5.56131819963552E-33,-1.22464679914735E-16,-1.));
#9096=DIRECTION('',(1.,9.08232186375291E-17,-5.56131819963552E-33));
#9097=DIRECTION('',(5.56131819963552E-33,-1.22464679914735E-16,-1.));
#9098=DIRECTION('',(5.56131819963552E-33,-1.22464679914735E-16,-1.));
#9099=DIRECTION('',(1.,9.08232186375291E-17,-5.56131819963552E-33));
#9100=DIRECTION('',(5.56131819963552E-33,-1.22464679914735E-16,-1.));
#9101=DIRECTION('',(5.56131819963552E-33,-1.22464679914735E-16,-1.));
#9102=DIRECTION('',(1.,9.08232186375291E-17,-5.56131819963552E-33));
#9103=DIRECTION('',(5.56131819963552E-33,-1.22464679914735E-16,-1.));
#9104=DIRECTION('',(5.56131819963552E-33,-1.22464679914735E-16,-1.));
#9105=DIRECTION('',(1.,9.08232186375291E-17,-5.56131819963552E-33));
#9106=DIRECTION('',(5.56131819963552E-33,-1.22464679914735E-16,-1.));
#9107=DIRECTION('',(5.56131819963552E-33,-1.22464679914735E-16,-1.));
#9108=DIRECTION('',(1.,9.08232186375291E-17,-5.56131819963552E-33));
#9109=DIRECTION('',(5.56131819963552E-33,-1.22464679914735E-16,-1.));
#9110=DIRECTION('',(5.56131819963552E-33,-1.22464679914735E-16,-1.));
#9111=DIRECTION('',(1.,9.08232186375291E-17,-5.56131819963552E-33));
#9112=DIRECTION('',(5.56131819963552E-33,-1.22464679914735E-16,-1.));
#9113=DIRECTION('',(5.56131819963552E-33,-1.22464679914735E-16,-1.));
#9114=DIRECTION('',(1.,9.08232186375291E-17,-5.56131819963552E-33));
#9115=DIRECTION('',(5.56131819963552E-33,-1.22464679914735E-16,-1.));
#9116=DIRECTION('',(5.56131819963552E-33,-1.22464679914735E-16,-1.));
#9117=DIRECTION('',(1.,9.08232186375291E-17,-5.56131819963552E-33));
#9118=DIRECTION('',(5.56131819963552E-33,-1.22464679914735E-16,-1.));
#9119=DIRECTION('',(5.56131819963552E-33,-1.22464679914735E-16,-1.));
#9120=DIRECTION('',(1.,9.08232186375291E-17,-5.56131819963552E-33));
#9121=DIRECTION('',(5.56131819963552E-33,-1.22464679914735E-16,-1.));
#9122=DIRECTION('',(5.56131819963552E-33,-1.22464679914735E-16,-1.));
#9123=DIRECTION('',(1.,9.08232186375291E-17,-5.56131819963552E-33));
#9124=DIRECTION('',(5.56131819963552E-33,-1.22464679914735E-16,-1.));
#9125=DIRECTION('',(5.56131819963552E-33,-1.22464679914735E-16,-1.));
#9126=DIRECTION('',(1.,9.08232186375291E-17,-5.56131819963552E-33));
#9127=DIRECTION('',(5.56131819963552E-33,-1.22464679914735E-16,-1.));
#9128=DIRECTION('',(1.,9.08232186375291E-17,-5.56131819963552E-33));
#9129=DIRECTION('',(-5.56131819963552E-33,1.22464679914735E-16,1.));
#9130=DIRECTION('',(1.,9.08232186375291E-17,-5.56131819963552E-33));
#9131=DIRECTION('',(5.56131819963552E-33,-1.22464679914735E-16,-1.));
#9132=DIRECTION('',(5.56131819963552E-33,-1.22464679914735E-16,-1.));
#9133=DIRECTION('',(5.56131819963552E-33,-1.22464679914735E-16,-1.));
#9134=DIRECTION('',(1.,9.08232186375291E-17,-5.56131819963552E-33));
#9135=DIRECTION('',(5.56131819963552E-33,-1.22464679914735E-16,-1.));
#9136=DIRECTION('',(1.,9.08232186375291E-17,-5.56131819963552E-33));
#9137=DIRECTION('',(-5.56131819963552E-33,1.22464679914735E-16,1.));
#9138=DIRECTION('',(1.,9.08232186375291E-17,-5.56131819963552E-33));
#9139=DIRECTION('',(-5.56131819963552E-33,1.22464679914735E-16,1.));
#9140=DIRECTION('',(1.,9.08232186375291E-17,-5.56131819963552E-33));
#9141=DIRECTION('',(-5.56131819963552E-33,1.22464679914735E-16,1.));
#9142=DIRECTION('',(1.,9.08232186375291E-17,-5.56131819963552E-33));
#9143=DIRECTION('',(-5.56131819963552E-33,1.22464679914735E-16,1.));
#9144=DIRECTION('',(1.,9.08232186375291E-17,-5.56131819963552E-33));
#9145=DIRECTION('',(5.56131819963552E-33,-1.22464679914735E-16,-1.));
#9146=DIRECTION('',(1.,9.08232186375291E-17,-5.56131819963552E-33));
#9147=DIRECTION('',(5.56131819963552E-33,-1.22464679914735E-16,-1.));
#9148=DIRECTION('',(1.,9.08232186375291E-17,-5.56131819963552E-33));
#9149=DIRECTION('',(5.56131819963552E-33,-1.22464679914735E-16,-1.));
#9150=DIRECTION('',(1.,9.08232186375291E-17,-5.56131819963552E-33));
#9151=DIRECTION('',(5.56131819963552E-33,-1.22464679914735E-16,-1.));
#9152=DIRECTION('',(1.,9.08232186375291E-17,-5.56131819963552E-33));
#9153=DIRECTION('',(5.56131819963552E-33,-1.22464679914735E-16,-1.));
#9154=DIRECTION('',(1.,9.08232186375291E-17,-5.56131819963552E-33));
#9155=DIRECTION('',(5.56131819963552E-33,-1.22464679914735E-16,-1.));
#9156=DIRECTION('',(1.,9.08232186375291E-17,-5.56131819963552E-33));
#9157=DIRECTION('',(5.56131819963552E-33,-1.22464679914735E-16,-1.));
#9158=DIRECTION('',(1.,9.08232186375291E-17,-5.56131819963552E-33));
#9159=DIRECTION('',(5.56131819963552E-33,-1.22464679914735E-16,-1.));
#9160=DIRECTION('',(1.,9.08232186375291E-17,-5.56131819963552E-33));
#9161=DIRECTION('',(5.56131819963552E-33,-1.22464679914735E-16,-1.));
#9162=DIRECTION('',(1.,9.08232186375291E-17,-5.56131819963552E-33));
#9163=DIRECTION('',(5.56131819963552E-33,-1.22464679914735E-16,-1.));
#9164=DIRECTION('',(1.,9.08232186375291E-17,-5.56131819963552E-33));
#9165=DIRECTION('',(5.56131819963552E-33,-1.22464679914735E-16,-1.));
#9166=DIRECTION('',(1.,9.08232186375291E-17,-5.56131819963552E-33));
#9167=DIRECTION('',(5.56131819963552E-33,-1.22464679914735E-16,-1.));
#9168=DIRECTION('',(1.,9.08232186375291E-17,-5.56131819963552E-33));
#9169=DIRECTION('',(-5.56131819963552E-33,1.22464679914735E-16,1.));
#9170=DIRECTION('',(1.,9.08232186375291E-17,-5.56131819963552E-33));
#9171=DIRECTION('',(-5.56131819963552E-33,1.22464679914735E-16,1.));
#9172=DIRECTION('',(1.,9.08232186375291E-17,-5.56131819963552E-33));
#9173=DIRECTION('',(-5.56131819963552E-33,1.22464679914735E-16,1.));
#9174=DIRECTION('',(1.,9.08232186375291E-17,-5.56131819963552E-33));
#9175=DIRECTION('',(-5.56131819963552E-33,1.22464679914735E-16,1.));
#9176=DIRECTION('',(1.,9.08232186375291E-17,-5.56131819963552E-33));
#9177=DIRECTION('',(-5.56131819963552E-33,1.22464679914735E-16,1.));
#9178=DIRECTION('',(1.,9.08232186375291E-17,-5.56131819963552E-33));
#9179=DIRECTION('',(-5.56131819963552E-33,1.22464679914735E-16,1.));
#9180=DIRECTION('',(1.,9.08232186375291E-17,-5.56131819963552E-33));
#9181=DIRECTION('',(5.56131819963552E-33,-1.22464679914735E-16,-1.));
#9182=DIRECTION('',(1.,9.08232186375291E-17,-5.56131819963552E-33));
#9183=DIRECTION('',(5.56131819963552E-33,-1.22464679914735E-16,-1.));
#9184=DIRECTION('',(1.,9.08232186375291E-17,-5.56131819963552E-33));
#9185=DIRECTION('',(5.56131819963552E-33,-1.22464679914735E-16,-1.));
#9186=DIRECTION('',(5.56131819963552E-33,-1.22464679914735E-16,-1.));
#9187=DIRECTION('',(1.,9.08232186375291E-17,-5.56131819963552E-33));
#9188=DIRECTION('',(5.56131819963552E-33,-1.22464679914735E-16,-1.));
#9189=DIRECTION('',(5.56131819963552E-33,-1.22464679914735E-16,-1.));
#9190=DIRECTION('',(1.,9.08232186375291E-17,-5.56131819963552E-33));
#9191=DIRECTION('',(5.56131819963552E-33,-1.22464679914735E-16,-1.));
#9192=DIRECTION('',(5.56131819963552E-33,-1.22464679914735E-16,-1.));
#9193=DIRECTION('',(1.,9.08232186375291E-17,-5.56131819963552E-33));
#9194=DIRECTION('',(5.56131819963552E-33,-1.22464679914735E-16,-1.));
#9195=DIRECTION('',(5.56131819963552E-33,-1.22464679914735E-16,-1.));
#9196=DIRECTION('',(1.,9.08232186375291E-17,-5.56131819963552E-33));
#9197=DIRECTION('',(5.56131819963552E-33,-1.22464679914735E-16,-1.));
#9198=DIRECTION('',(5.56131819963552E-33,-1.22464679914735E-16,-1.));
#9199=DIRECTION('',(1.,9.08232186375291E-17,-5.56131819963552E-33));
#9200=DIRECTION('',(5.56131819963552E-33,-1.22464679914735E-16,-1.));
#9201=DIRECTION('',(5.56131819963552E-33,-1.22464679914735E-16,-1.));
#9202=DIRECTION('',(1.,9.08232186375291E-17,-5.56131819963552E-33));
#9203=DIRECTION('',(5.56131819963552E-33,-1.22464679914735E-16,-1.));
#9204=DIRECTION('',(5.56131819963552E-33,-1.22464679914735E-16,-1.));
#9205=DIRECTION('',(1.,9.08232186375291E-17,-5.56131819963552E-33));
#9206=DIRECTION('',(5.56131819963552E-33,-1.22464679914735E-16,-1.));
#9207=DIRECTION('',(5.56131819963552E-33,-1.22464679914735E-16,-1.));
#9208=DIRECTION('',(1.,9.08232186375291E-17,-5.56131819963552E-33));
#9209=DIRECTION('',(5.56131819963552E-33,-1.22464679914735E-16,-1.));
#9210=DIRECTION('',(5.56131819963552E-33,-1.22464679914735E-16,-1.));
#9211=DIRECTION('',(1.,9.08232186375291E-17,-5.56131819963552E-33));
#9212=DIRECTION('',(5.56131819963552E-33,-1.22464679914735E-16,-1.));
#9213=DIRECTION('',(5.56131819963552E-33,-1.22464679914735E-16,-1.));
#9214=DIRECTION('',(1.,9.08232186375291E-17,-5.56131819963552E-33));
#9215=DIRECTION('',(5.56131819963552E-33,-1.22464679914735E-16,-1.));
#9216=DIRECTION('',(5.56131819963552E-33,-1.22464679914735E-16,-1.));
#9217=DIRECTION('',(1.,9.08232186375291E-17,-5.56131819963552E-33));
#9218=DIRECTION('',(5.56131819963552E-33,-1.22464679914735E-16,-1.));
#9219=DIRECTION('',(5.56131819963552E-33,-1.22464679914735E-16,-1.));
#9220=DIRECTION('',(1.,9.08232186375291E-17,-5.56131819963552E-33));
#9221=DIRECTION('',(5.56131819963552E-33,-1.22464679914735E-16,-1.));
#9222=DIRECTION('',(5.56131819963552E-33,-1.22464679914735E-16,-1.));
#9223=DIRECTION('',(1.,9.08232186375291E-17,-5.56131819963552E-33));
#9224=DIRECTION('',(5.56131819963552E-33,-1.22464679914735E-16,-1.));
#9225=DIRECTION('',(5.56131819963552E-33,-1.22464679914735E-16,-1.));
#9226=DIRECTION('',(1.,9.08232186375291E-17,-5.56131819963552E-33));
#9227=DIRECTION('',(5.56131819963552E-33,-1.22464679914735E-16,-1.));
#9228=DIRECTION('',(5.56131819963552E-33,-1.22464679914735E-16,-1.));
#9229=DIRECTION('',(1.,9.08232186375291E-17,-5.56131819963552E-33));
#9230=DIRECTION('',(5.56131819963552E-33,-1.22464679914735E-16,-1.));
#9231=DIRECTION('',(5.56131819963552E-33,-1.22464679914735E-16,-1.));
#9232=DIRECTION('',(1.,9.08232186375291E-17,-5.56131819963552E-33));
#9233=DIRECTION('',(5.56131819963552E-33,-1.22464679914735E-16,-1.));
#9234=DIRECTION('',(5.56131819963552E-33,-1.22464679914735E-16,-1.));
#9235=DIRECTION('',(1.,9.08232186375291E-17,-5.56131819963552E-33));
#9236=DIRECTION('',(5.56131819963552E-33,-1.22464679914735E-16,-1.));
#9237=DIRECTION('',(5.56131819963552E-33,-1.22464679914735E-16,-1.));
#9238=DIRECTION('',(1.,9.08232186375291E-17,-5.56131819963552E-33));
#9239=DIRECTION('',(5.56131819963552E-33,-1.22464679914735E-16,-1.));
#9240=DIRECTION('',(5.56131819963552E-33,-1.22464679914735E-16,-1.));
#9241=DIRECTION('',(1.,9.08232186375291E-17,-5.56131819963552E-33));
#9242=DIRECTION('',(5.56131819963552E-33,-1.22464679914735E-16,-1.));
#9243=DIRECTION('',(5.56131819963552E-33,-1.22464679914735E-16,-1.));
#9244=DIRECTION('',(1.,9.08232186375291E-17,-5.56131819963552E-33));
#9245=DIRECTION('',(5.56131819963552E-33,-1.22464679914735E-16,-1.));
#9246=DIRECTION('',(5.56131819963552E-33,-1.22464679914735E-16,-1.));
#9247=DIRECTION('',(1.,9.08232186375291E-17,-5.56131819963552E-33));
#9248=DIRECTION('',(5.56131819963552E-33,-1.22464679914735E-16,-1.));
#9249=DIRECTION('',(5.56131819963552E-33,-1.22464679914735E-16,-1.));
#9250=DIRECTION('',(1.,9.08232186375291E-17,-5.56131819963552E-33));
#9251=DIRECTION('',(5.56131819963552E-33,-1.22464679914735E-16,-1.));
#9252=DIRECTION('',(1.,9.08232186375291E-17,-5.56131819963552E-33));
#9253=DIRECTION('',(5.56131819963552E-33,-1.22464679914735E-16,-1.));
#9254=DIRECTION('',(5.56131819963552E-33,-1.22464679914735E-16,-1.));
#9255=DIRECTION('',(1.,9.08232186375291E-17,-5.56131819963552E-33));
#9256=DIRECTION('',(5.56131819963552E-33,-1.22464679914735E-16,-1.));
#9257=DIRECTION('',(5.56131819963552E-33,-1.22464679914735E-16,-1.));
#9258=DIRECTION('',(1.,9.08232186375291E-17,-5.56131819963552E-33));
#9259=DIRECTION('',(5.56131819963552E-33,-1.22464679914735E-16,-1.));
#9260=DIRECTION('',(5.56131819963552E-33,-1.22464679914735E-16,-1.));
#9261=DIRECTION('',(1.,9.08232186375291E-17,-5.56131819963552E-33));
#9262=DIRECTION('',(5.56131819963552E-33,-1.22464679914735E-16,-1.));
#9263=DIRECTION('',(1.,9.08232186375291E-17,-5.56131819963552E-33));
#9264=DIRECTION('',(5.56131819963552E-33,-1.22464679914735E-16,-1.));
#9265=DIRECTION('',(5.56131819963552E-33,-1.22464679914735E-16,-1.));
#9266=DIRECTION('',(1.,9.08232186375291E-17,-5.56131819963552E-33));
#9267=DIRECTION('',(5.56131819963552E-33,-1.22464679914735E-16,-1.));
#9268=DIRECTION('',(1.,9.08232186375291E-17,-5.56131819963552E-33));
#9269=DIRECTION('',(5.56131819963552E-33,-1.22464679914735E-16,-1.));
#9270=DIRECTION('',(5.56131819963552E-33,-1.22464679914735E-16,-1.));
#9271=DIRECTION('',(1.,9.08232186375291E-17,-5.56131819963552E-33));
#9272=DIRECTION('',(5.56131819963552E-33,-1.22464679914735E-16,-1.));
#9273=DIRECTION('',(1.,9.08232186375291E-17,-5.56131819963552E-33));
#9274=DIRECTION('',(5.56131819963552E-33,-1.22464679914735E-16,-1.));
#9275=DIRECTION('',(5.56131819963552E-33,-1.22464679914735E-16,-1.));
#9276=DIRECTION('',(1.,9.08232186375291E-17,-5.56131819963552E-33));
#9277=DIRECTION('',(5.56131819963552E-33,-1.22464679914735E-16,-1.));
#9278=DIRECTION('',(1.,9.08232186375291E-17,-5.56131819963552E-33));
#9279=DIRECTION('',(5.56131819963552E-33,-1.22464679914735E-16,-1.));
#9280=DIRECTION('',(-5.56131819963552E-33,1.22464679914735E-16,1.));
#9281=DIRECTION('',(1.,9.08232186375291E-17,-5.56131819963552E-33));
#9282=DIRECTION('',(5.56131819963552E-33,-1.22464679914735E-16,-1.));
#9283=DIRECTION('',(1.,9.08232186375291E-17,-5.56131819963552E-33));
#9284=DIRECTION('',(5.56131819963552E-33,-1.22464679914735E-16,-1.));
#9285=DIRECTION('',(-5.56131819963552E-33,1.22464679914735E-16,1.));
#9286=DIRECTION('',(1.,9.08232186375291E-17,-5.56131819963552E-33));
#9287=DIRECTION('',(5.56131819963552E-33,-1.22464679914735E-16,-1.));
#9288=DIRECTION('',(1.,9.08232186375291E-17,-5.56131819963552E-33));
#9289=DIRECTION('',(5.56131819963552E-33,-1.22464679914735E-16,-1.));
#9290=DIRECTION('',(-5.56131819963552E-33,1.22464679914735E-16,1.));
#9291=DIRECTION('',(1.,9.08232186375291E-17,-5.56131819963552E-33));
#9292=DIRECTION('',(5.56131819963552E-33,-1.22464679914735E-16,-1.));
#9293=DIRECTION('',(1.,9.08232186375291E-17,-5.56131819963552E-33));
#9294=DIRECTION('',(5.56131819963552E-33,-1.22464679914735E-16,-1.));
#9295=DIRECTION('',(-5.56131819963552E-33,1.22464679914735E-16,1.));
#9296=DIRECTION('',(1.,9.08232186375291E-17,-5.56131819963552E-33));
#9297=DIRECTION('',(5.56131819963552E-33,-1.22464679914735E-16,-1.));
#9298=DIRECTION('',(1.,9.08232186375291E-17,-5.56131819963552E-33));
#9299=DIRECTION('',(5.56131819963552E-33,-1.22464679914735E-16,-1.));
#9300=DIRECTION('',(-5.56131819963552E-33,1.22464679914735E-16,1.));
#9301=DIRECTION('',(1.,9.08232186375291E-17,-5.56131819963552E-33));
#9302=DIRECTION('',(5.56131819963552E-33,-1.22464679914735E-16,-1.));
#9303=DIRECTION('',(1.,9.08232186375291E-17,-5.56131819963552E-33));
#9304=DIRECTION('',(5.56131819963552E-33,-1.22464679914735E-16,-1.));
#9305=DIRECTION('',(-5.56131819963552E-33,1.22464679914735E-16,1.));
#9306=DIRECTION('',(1.,9.08232186375291E-17,-5.56131819963552E-33));
#9307=DIRECTION('',(5.56131819963552E-33,-1.22464679914735E-16,-1.));
#9308=DIRECTION('',(1.,9.08232186375291E-17,-5.56131819963552E-33));
#9309=DIRECTION('',(5.56131819963552E-33,-1.22464679914735E-16,-1.));
#9310=DIRECTION('',(-5.56131819963552E-33,1.22464679914735E-16,1.));
#9311=DIRECTION('',(1.,9.08232186375291E-17,-5.56131819963552E-33));
#9312=DIRECTION('',(5.56131819963552E-33,-1.22464679914735E-16,-1.));
#9313=DIRECTION('',(1.,9.08232186375291E-17,-5.56131819963552E-33));
#9314=DIRECTION('',(5.56131819963552E-33,-1.22464679914735E-16,-1.));
#9315=DIRECTION('',(-5.56131819963552E-33,1.22464679914735E-16,1.));
#9316=DIRECTION('',(1.,9.08232186375291E-17,-5.56131819963552E-33));
#9317=DIRECTION('',(5.56131819963552E-33,-1.22464679914735E-16,-1.));
#9318=DIRECTION('',(1.,9.08232186375291E-17,-5.56131819963552E-33));
#9319=DIRECTION('',(5.56131819963552E-33,-1.22464679914735E-16,-1.));
#9320=DIRECTION('',(5.56131819963552E-33,-1.22464679914735E-16,-1.));
#9321=DIRECTION('',(1.,9.08232186375291E-17,-5.56131819963552E-33));
#9322=DIRECTION('',(5.56131819963552E-33,-1.22464679914735E-16,-1.));
#9323=DIRECTION('',(1.,9.08232186375291E-17,-5.56131819963552E-33));
#9324=DIRECTION('',(5.56131819963552E-33,-1.22464679914735E-16,-1.));
#9325=DIRECTION('',(5.56131819963552E-33,-1.22464679914735E-16,-1.));
#9326=DIRECTION('',(1.,9.08232186375291E-17,-5.56131819963552E-33));
#9327=DIRECTION('',(5.56131819963552E-33,-1.22464679914735E-16,-1.));
#9328=DIRECTION('',(1.,9.08232186375291E-17,-5.56131819963552E-33));
#9329=DIRECTION('',(5.56131819963552E-33,-1.22464679914735E-16,-1.));
#9330=DIRECTION('',(5.56131819963552E-33,-1.22464679914735E-16,-1.));
#9331=DIRECTION('',(1.,9.08232186375291E-17,-5.56131819963552E-33));
#9332=DIRECTION('',(5.56131819963552E-33,-1.22464679914735E-16,-1.));
#9333=DIRECTION('',(1.,9.08232186375291E-17,-5.56131819963552E-33));
#9334=DIRECTION('',(5.56131819963552E-33,-1.22464679914735E-16,-1.));
#9335=DIRECTION('',(5.56131819963552E-33,-1.22464679914735E-16,-1.));
#9336=DIRECTION('',(1.,9.08232186375291E-17,-5.56131819963552E-33));
#9337=DIRECTION('',(5.56131819963552E-33,-1.22464679914735E-16,-1.));
#9338=DIRECTION('',(1.,9.08232186375291E-17,-5.56131819963552E-33));
#9339=DIRECTION('',(5.56131819963552E-33,-1.22464679914735E-16,-1.));
#9340=DIRECTION('',(5.56131819963552E-33,-1.22464679914735E-16,-1.));
#9341=DIRECTION('',(1.,9.08232186375291E-17,-5.56131819963552E-33));
#9342=DIRECTION('',(5.56131819963552E-33,-1.22464679914735E-16,-1.));
#9343=DIRECTION('',(1.,9.08232186375291E-17,-5.56131819963552E-33));
#9344=DIRECTION('',(5.56131819963552E-33,-1.22464679914735E-16,-1.));
#9345=DIRECTION('',(5.56131819963552E-33,-1.22464679914735E-16,-1.));
#9346=DIRECTION('',(1.,9.08232186375291E-17,-5.56131819963552E-33));
#9347=DIRECTION('',(5.56131819963552E-33,-1.22464679914735E-16,-1.));
#9348=DIRECTION('',(1.,9.08232186375291E-17,-5.56131819963552E-33));
#9349=DIRECTION('',(5.56131819963552E-33,-1.22464679914735E-16,-1.));
#9350=DIRECTION('',(5.56131819963552E-33,-1.22464679914735E-16,-1.));
#9351=DIRECTION('',(1.,9.08232186375291E-17,-5.56131819963552E-33));
#9352=DIRECTION('',(5.56131819963552E-33,-1.22464679914735E-16,-1.));
#9353=DIRECTION('',(1.,9.08232186375291E-17,-5.56131819963552E-33));
#9354=DIRECTION('',(5.56131819963552E-33,-1.22464679914735E-16,-1.));
#9355=DIRECTION('',(5.56131819963552E-33,-1.22464679914735E-16,-1.));
#9356=DIRECTION('',(1.,9.08232186375291E-17,-5.56131819963552E-33));
#9357=DIRECTION('',(5.56131819963552E-33,-1.22464679914735E-16,-1.));
#9358=DIRECTION('',(1.,9.08232186375291E-17,-5.56131819963552E-33));
#9359=DIRECTION('',(5.56131819963552E-33,-1.22464679914735E-16,-1.));
#9360=DIRECTION('',(5.56131819963552E-33,-1.22464679914735E-16,-1.));
#9361=DIRECTION('',(1.,9.08232186375291E-17,-5.56131819963552E-33));
#9362=DIRECTION('',(5.56131819963552E-33,-1.22464679914735E-16,-1.));
#9363=DIRECTION('',(1.,9.08232186375291E-17,-5.56131819963552E-33));
#9364=DIRECTION('',(5.56131819963552E-33,-1.22464679914735E-16,-1.));
#9365=DIRECTION('',(5.56131819963552E-33,-1.22464679914735E-16,-1.));
#9366=DIRECTION('',(1.,9.08232186375291E-17,-5.56131819963552E-33));
#9367=DIRECTION('',(5.56131819963552E-33,-1.22464679914735E-16,-1.));
#9368=DIRECTION('',(1.,9.08232186375291E-17,-5.56131819963552E-33));
#9369=DIRECTION('',(5.56131819963552E-33,-1.22464679914735E-16,-1.));
#9370=DIRECTION('',(5.56131819963552E-33,-1.22464679914735E-16,-1.));
#9371=DIRECTION('',(1.,9.08232186375291E-17,-5.56131819963552E-33));
#9372=DIRECTION('',(5.56131819963552E-33,-1.22464679914735E-16,-1.));
#9373=DIRECTION('',(1.,9.08232186375291E-17,-5.56131819963552E-33));
#9374=DIRECTION('',(5.56131819963552E-33,-1.22464679914735E-16,-1.));
#9375=DIRECTION('',(5.56131819963552E-33,-1.22464679914735E-16,-1.));
#9376=DIRECTION('',(1.,9.08232186375291E-17,-5.56131819963552E-33));
#9377=DIRECTION('',(5.56131819963552E-33,-1.22464679914735E-16,-1.));
#9378=DIRECTION('',(1.,9.08232186375291E-17,-5.56131819963552E-33));
#9379=DIRECTION('',(5.56131819963552E-33,-1.22464679914735E-16,-1.));
#9380=DIRECTION('',(-5.56131819963552E-33,1.22464679914735E-16,1.));
#9381=DIRECTION('',(1.,9.08232186375291E-17,-5.56131819963552E-33));
#9382=DIRECTION('',(5.56131819963552E-33,-1.22464679914735E-16,-1.));
#9383=DIRECTION('',(1.,9.08232186375291E-17,-5.56131819963552E-33));
#9384=DIRECTION('',(5.56131819963552E-33,-1.22464679914735E-16,-1.));
#9385=DIRECTION('',(-5.56131819963552E-33,1.22464679914735E-16,1.));
#9386=DIRECTION('',(1.,9.08232186375291E-17,-5.56131819963552E-33));
#9387=DIRECTION('',(5.56131819963552E-33,-1.22464679914735E-16,-1.));
#9388=DIRECTION('',(1.,9.08232186375291E-17,-5.56131819963552E-33));
#9389=DIRECTION('',(5.56131819963552E-33,-1.22464679914735E-16,-1.));
#9390=DIRECTION('',(-5.56131819963552E-33,1.22464679914735E-16,1.));
#9391=DIRECTION('',(1.,9.08232186375291E-17,-5.56131819963552E-33));
#9392=DIRECTION('',(5.56131819963552E-33,-1.22464679914735E-16,-1.));
#9393=DIRECTION('',(1.,9.08232186375291E-17,-5.56131819963552E-33));
#9394=DIRECTION('',(5.56131819963552E-33,-1.22464679914735E-16,-1.));
#9395=DIRECTION('',(-5.56131819963552E-33,1.22464679914735E-16,1.));
#9396=DIRECTION('',(1.,9.08232186375291E-17,-5.56131819963552E-33));
#9397=DIRECTION('',(5.56131819963552E-33,-1.22464679914735E-16,-1.));
#9398=DIRECTION('',(1.,9.08232186375291E-17,-5.56131819963552E-33));
#9399=DIRECTION('',(5.56131819963552E-33,-1.22464679914735E-16,-1.));
#9400=DIRECTION('',(5.56131819963552E-33,-1.22464679914735E-16,-1.));
#9401=DIRECTION('',(1.,9.08232186375291E-17,-5.56131819963552E-33));
#9402=DIRECTION('',(5.56131819963552E-33,-1.22464679914735E-16,-1.));
#9403=DIRECTION('',(1.,9.08232186375291E-17,-5.56131819963552E-33));
#9404=DIRECTION('',(5.56131819963552E-33,-1.22464679914735E-16,-1.));
#9405=DIRECTION('',(5.56131819963552E-33,-1.22464679914735E-16,-1.));
#9406=DIRECTION('',(1.,9.08232186375291E-17,-5.56131819963552E-33));
#9407=DIRECTION('',(5.56131819963552E-33,-1.22464679914735E-16,-1.));
#9408=DIRECTION('',(1.,9.08232186375291E-17,-5.56131819963552E-33));
#9409=DIRECTION('',(5.56131819963552E-33,-1.22464679914735E-16,-1.));
#9410=DIRECTION('',(5.56131819963552E-33,-1.22464679914735E-16,-1.));
#9411=DIRECTION('',(1.,9.08232186375291E-17,-5.56131819963552E-33));
#9412=DIRECTION('',(5.56131819963552E-33,-1.22464679914735E-16,-1.));
#9413=DIRECTION('',(1.,9.08232186375291E-17,-5.56131819963552E-33));
#9414=DIRECTION('',(5.56131819963552E-33,-1.22464679914735E-16,-1.));
#9415=DIRECTION('',(5.56131819963552E-33,-1.22464679914735E-16,-1.));
#9416=DIRECTION('',(1.,9.08232186375291E-17,-5.56131819963552E-33));
#9417=DIRECTION('',(5.56131819963552E-33,-1.22464679914735E-16,-1.));
#9418=DIRECTION('',(1.,9.08232186375291E-17,-5.56131819963552E-33));
#9419=DIRECTION('',(5.56131819963552E-33,-1.22464679914735E-16,-1.));
#9420=DIRECTION('',(5.56131819963552E-33,-1.22464679914735E-16,-1.));
#9421=DIRECTION('',(1.,9.08232186375291E-17,-5.56131819963552E-33));
#9422=DIRECTION('',(5.56131819963552E-33,-1.22464679914735E-16,-1.));
#9423=DIRECTION('',(1.,9.08232186375291E-17,-5.56131819963552E-33));
#9424=DIRECTION('',(5.56131819963552E-33,-1.22464679914735E-16,-1.));
#9425=DIRECTION('',(5.56131819963552E-33,-1.22464679914735E-16,-1.));
#9426=DIRECTION('',(1.,9.08232186375291E-17,-5.56131819963552E-33));
#9427=DIRECTION('',(5.56131819963552E-33,-1.22464679914735E-16,-1.));
#9428=DIRECTION('',(1.,9.08232186375291E-17,-5.56131819963552E-33));
#9429=DIRECTION('',(5.56131819963552E-33,-1.22464679914735E-16,-1.));
#9430=DIRECTION('',(5.56131819963552E-33,-1.22464679914735E-16,-1.));
#9431=DIRECTION('',(1.,9.08232186375291E-17,-5.56131819963552E-33));
#9432=DIRECTION('',(5.56131819963552E-33,-1.22464679914735E-16,-1.));
#9433=DIRECTION('',(1.,9.08232186375291E-17,-5.56131819963552E-33));
#9434=DIRECTION('',(5.56131819963552E-33,-1.22464679914735E-16,-1.));
#9435=DIRECTION('',(5.56131819963552E-33,-1.22464679914735E-16,-1.));
#9436=DIRECTION('',(1.,9.08232186375291E-17,-5.56131819963552E-33));
#9437=DIRECTION('',(5.56131819963552E-33,-1.22464679914735E-16,-1.));
#9438=DIRECTION('',(1.,9.08232186375291E-17,-5.56131819963552E-33));
#9439=DIRECTION('',(5.56131819963552E-33,-1.22464679914735E-16,-1.));
#9440=DIRECTION('',(5.56131819963552E-33,-1.22464679914735E-16,-1.));
#9441=DIRECTION('',(1.,9.08232186375291E-17,-5.56131819963552E-33));
#9442=DIRECTION('',(5.56131819963552E-33,-1.22464679914735E-16,-1.));
#9443=DIRECTION('',(1.,9.08232186375291E-17,-5.56131819963552E-33));
#9444=DIRECTION('',(5.56131819963552E-33,-1.22464679914735E-16,-1.));
#9445=DIRECTION('',(5.56131819963552E-33,-1.22464679914735E-16,-1.));
#9446=DIRECTION('',(1.,9.08232186375291E-17,-5.56131819963552E-33));
#9447=DIRECTION('',(5.56131819963552E-33,-1.22464679914735E-16,-1.));
#9448=DIRECTION('',(1.,9.08232186375291E-17,-5.56131819963552E-33));
#9449=DIRECTION('',(5.56131819963552E-33,-1.22464679914735E-16,-1.));
#9450=DIRECTION('',(5.56131819963552E-33,-1.22464679914735E-16,-1.));
#9451=DIRECTION('',(1.,9.08232186375291E-17,-5.56131819963552E-33));
#9452=DIRECTION('',(5.56131819963552E-33,-1.22464679914735E-16,-1.));
#9453=DIRECTION('',(1.,9.08232186375291E-17,-5.56131819963552E-33));
#9454=DIRECTION('',(5.56131819963552E-33,-1.22464679914735E-16,-1.));
#9455=DIRECTION('',(5.56131819963552E-33,-1.22464679914735E-16,-1.));
#9456=DIRECTION('',(1.,9.08232186375291E-17,-5.56131819963552E-33));
#9457=DIRECTION('',(5.56131819963552E-33,-1.22464679914735E-16,-1.));
#9458=DIRECTION('',(1.,9.08232186375291E-17,-5.56131819963552E-33));
#9459=DIRECTION('',(5.56131819963552E-33,-1.22464679914735E-16,-1.));
#9460=DIRECTION('',(-5.56131819963552E-33,1.22464679914735E-16,1.));
#9461=DIRECTION('',(1.,9.08232186375291E-17,-5.56131819963552E-33));
#9462=DIRECTION('',(5.56131819963552E-33,-1.22464679914735E-16,-1.));
#9463=DIRECTION('',(1.,9.08232186375291E-17,-5.56131819963552E-33));
#9464=DIRECTION('',(5.56131819963552E-33,-1.22464679914735E-16,-1.));
#9465=DIRECTION('',(-5.56131819963552E-33,1.22464679914735E-16,1.));
#9466=DIRECTION('',(1.,9.08232186375291E-17,-5.56131819963552E-33));
#9467=DIRECTION('',(5.56131819963552E-33,-1.22464679914735E-16,-1.));
#9468=DIRECTION('',(1.,9.08232186375291E-17,-5.56131819963552E-33));
#9469=DIRECTION('',(5.56131819963552E-33,-1.22464679914735E-16,-1.));
#9470=DIRECTION('',(-5.56131819963552E-33,1.22464679914735E-16,1.));
#9471=DIRECTION('',(1.,9.08232186375291E-17,-5.56131819963552E-33));
#9472=DIRECTION('',(5.56131819963552E-33,-1.22464679914735E-16,-1.));
#9473=DIRECTION('',(1.,9.08232186375291E-17,-5.56131819963552E-33));
#9474=DIRECTION('',(5.56131819963552E-33,-1.22464679914735E-16,-1.));
#9475=DIRECTION('',(-5.56131819963552E-33,1.22464679914735E-16,1.));
#9476=DIRECTION('',(1.,9.08232186375291E-17,-5.56131819963552E-33));
#9477=DIRECTION('',(-0.265004424099613,-0.964247196110848,1.18086224230396E-16));
#9478=DIRECTION('',(-0.964247196110848,0.265004424099613,-3.24536819733478E-17));
#9479=DIRECTION('',(5.56131819963552E-33,-1.22464679914735E-16,-1.));
#9480=DIRECTION('',(-0.964247196110848,0.265004424099613,-3.24536819733478E-17));
#9481=DIRECTION('',(0.768791938845456,-0.639498987306661,7.83160387863077E-17));
#9482=DIRECTION('',(-0.639498987306661,-0.768791938845456,9.41498587117375E-17));
#9483=DIRECTION('',(5.56131819963552E-33,-1.22464679914735E-16,-1.));
#9484=DIRECTION('',(-0.639498987306661,-0.768791938845456,9.41498587117375E-17));
#9485=DIRECTION('',(5.56131819963552E-33,-1.22464679914735E-16,-1.));
#9486=DIRECTION('',(1.,9.08232186375291E-17,-5.56131819963552E-33));
#9487=DIRECTION('',(5.56131819963552E-33,-1.22464679914735E-16,-1.));
#9488=DIRECTION('',(5.56131819963552E-33,-1.22464679914735E-16,-1.));
#9489=DIRECTION('',(1.,9.08232186375291E-17,-5.56131819963552E-33));
#9490=DIRECTION('',(5.56131819963552E-33,-1.22464679914735E-16,-1.));
#9491=DIRECTION('',(1.,9.08232186375291E-17,-5.56131819963552E-33));
#9492=DIRECTION('',(5.56131819963552E-33,-1.22464679914735E-16,-1.));
#9493=DIRECTION('',(5.56131819963552E-33,-1.22464679914735E-16,-1.));
#9494=DIRECTION('',(1.,9.08232186375291E-17,-5.56131819963552E-33));
#9495=DIRECTION('',(5.56131819963552E-33,-1.22464679914735E-16,-1.));
#9496=DIRECTION('',(1.,9.08232186375291E-17,-5.56131819963552E-33));
#9497=DIRECTION('',(5.56131819963552E-33,-1.22464679914735E-16,-1.));
#9498=DIRECTION('',(5.56131819963552E-33,-1.22464679914735E-16,-1.));
#9499=DIRECTION('',(1.,9.08232186375291E-17,-5.56131819963552E-33));
#9500=DIRECTION('',(5.56131819963552E-33,-1.22464679914735E-16,-1.));
#9501=DIRECTION('',(1.,9.08232186375291E-17,-5.56131819963552E-33));
#9502=DIRECTION('',(5.56131819963552E-33,-1.22464679914735E-16,-1.));
#9503=DIRECTION('',(5.56131819963552E-33,-1.22464679914735E-16,-1.));
#9504=DIRECTION('',(1.,9.08232186375291E-17,-5.56131819963552E-33));
#9505=DIRECTION('',(5.56131819963552E-33,-1.22464679914735E-16,-1.));
#9506=DIRECTION('',(1.,9.08232186375291E-17,-5.56131819963552E-33));
#9507=DIRECTION('',(5.56131819963552E-33,-1.22464679914735E-16,-1.));
#9508=DIRECTION('',(-5.56131819963552E-33,1.22464679914735E-16,1.));
#9509=DIRECTION('',(1.,9.08232186375291E-17,-5.56131819963552E-33));
#9510=DIRECTION('',(5.56131819963552E-33,-1.22464679914735E-16,-1.));
#9511=DIRECTION('',(1.,9.08232186375291E-17,-5.56131819963552E-33));
#9512=DIRECTION('',(5.56131819963552E-33,-1.22464679914735E-16,-1.));
#9513=DIRECTION('',(-5.56131819963552E-33,1.22464679914735E-16,1.));
#9514=DIRECTION('',(1.,9.08232186375291E-17,-5.56131819963552E-33));
#9515=DIRECTION('',(5.56131819963552E-33,-1.22464679914735E-16,-1.));
#9516=DIRECTION('',(1.,9.08232186375291E-17,-5.56131819963552E-33));
#9517=DIRECTION('',(5.56131819963552E-33,-1.22464679914735E-16,-1.));
#9518=DIRECTION('',(-5.56131819963552E-33,1.22464679914735E-16,1.));
#9519=DIRECTION('',(1.,9.08232186375291E-17,-5.56131819963552E-33));
#9520=DIRECTION('',(5.56131819963552E-33,-1.22464679914735E-16,-1.));
#9521=DIRECTION('',(1.,9.08232186375291E-17,-5.56131819963552E-33));
#9522=DIRECTION('',(5.56131819963552E-33,-1.22464679914735E-16,-1.));
#9523=DIRECTION('',(-5.56131819963552E-33,1.22464679914735E-16,1.));
#9524=DIRECTION('',(1.,9.08232186375291E-17,-5.56131819963552E-33));
#9525=DIRECTION('',(5.56131819963552E-33,-1.22464679914735E-16,-1.));
#9526=DIRECTION('',(1.,9.08232186375291E-17,-5.56131819963552E-33));
#9527=DIRECTION('',(5.56131819963552E-33,-1.22464679914735E-16,-1.));
#9528=DIRECTION('',(-5.56131819963552E-33,1.22464679914735E-16,1.));
#9529=DIRECTION('',(1.,9.08232186375291E-17,-5.56131819963552E-33));
#9530=DIRECTION('',(5.56131819963552E-33,-1.22464679914735E-16,-1.));
#9531=DIRECTION('',(1.,9.08232186375291E-17,-5.56131819963552E-33));
#9532=DIRECTION('',(5.56131819963552E-33,-1.22464679914735E-16,-1.));
#9533=DIRECTION('',(-5.56131819963552E-33,1.22464679914735E-16,1.));
#9534=DIRECTION('',(1.,9.08232186375291E-17,-5.56131819963552E-33));
#9535=DIRECTION('',(5.56131819963552E-33,-1.22464679914735E-16,-1.));
#9536=DIRECTION('',(1.,9.08232186375291E-17,-5.56131819963552E-33));
#9537=DIRECTION('',(5.56131819963552E-33,-1.22464679914735E-16,-1.));
#9538=DIRECTION('',(-5.56131819963552E-33,1.22464679914735E-16,1.));
#9539=DIRECTION('',(1.,9.08232186375291E-17,-5.56131819963552E-33));
#9540=DIRECTION('',(5.56131819963552E-33,-1.22464679914735E-16,-1.));
#9541=DIRECTION('',(1.,9.08232186375291E-17,-5.56131819963552E-33));
#9542=DIRECTION('',(5.56131819963552E-33,-1.22464679914735E-16,-1.));
#9543=DIRECTION('',(-5.56131819963552E-33,1.22464679914735E-16,1.));
#9544=DIRECTION('',(1.,9.08232186375291E-17,-5.56131819963552E-33));
#9545=DIRECTION('',(5.56131819963552E-33,-1.22464679914735E-16,-1.));
#9546=DIRECTION('',(1.,9.08232186375291E-17,-5.56131819963552E-33));
#9547=DIRECTION('',(5.56131819963552E-33,-1.22464679914735E-16,-1.));
#9548=DIRECTION('',(5.56131819963552E-33,-1.22464679914735E-16,-1.));
#9549=DIRECTION('',(1.,9.08232186375291E-17,-5.56131819963552E-33));
#9550=DIRECTION('',(5.56131819963552E-33,-1.22464679914735E-16,-1.));
#9551=DIRECTION('',(1.,9.08232186375291E-17,-5.56131819963552E-33));
#9552=DIRECTION('',(5.56131819963552E-33,-1.22464679914735E-16,-1.));
#9553=DIRECTION('',(5.56131819963552E-33,-1.22464679914735E-16,-1.));
#9554=DIRECTION('',(1.,9.08232186375291E-17,-5.56131819963552E-33));
#9555=DIRECTION('',(5.56131819963552E-33,-1.22464679914735E-16,-1.));
#9556=DIRECTION('',(1.,9.08232186375291E-17,-5.56131819963552E-33));
#9557=DIRECTION('',(5.56131819963552E-33,-1.22464679914735E-16,-1.));
#9558=DIRECTION('',(5.56131819963552E-33,-1.22464679914735E-16,-1.));
#9559=DIRECTION('',(1.,9.08232186375291E-17,-5.56131819963552E-33));
#9560=DIRECTION('',(5.56131819963552E-33,-1.22464679914735E-16,-1.));
#9561=DIRECTION('',(1.,9.08232186375291E-17,-5.56131819963552E-33));
#9562=DIRECTION('',(5.56131819963552E-33,-1.22464679914735E-16,-1.));
#9563=DIRECTION('',(5.56131819963552E-33,-1.22464679914735E-16,-1.));
#9564=DIRECTION('',(1.,9.08232186375291E-17,-5.56131819963552E-33));
#9565=DIRECTION('',(5.56131819963552E-33,-1.22464679914735E-16,-1.));
#9566=DIRECTION('',(1.,9.08232186375291E-17,-5.56131819963552E-33));
#9567=DIRECTION('',(5.56131819963552E-33,-1.22464679914735E-16,-1.));
#9568=DIRECTION('',(-5.56131819963552E-33,1.22464679914735E-16,1.));
#9569=DIRECTION('',(1.,9.08232186375291E-17,-5.56131819963552E-33));
#9570=DIRECTION('',(5.56131819963552E-33,-1.22464679914735E-16,-1.));
#9571=DIRECTION('',(1.,9.08232186375291E-17,-5.56131819963552E-33));
#9572=DIRECTION('',(5.56131819963552E-33,-1.22464679914735E-16,-1.));
#9573=DIRECTION('',(-5.56131819963552E-33,1.22464679914735E-16,1.));
#9574=DIRECTION('',(1.,9.08232186375291E-17,-5.56131819963552E-33));
#9575=DIRECTION('',(5.56131819963552E-33,-1.22464679914735E-16,-1.));
#9576=DIRECTION('',(1.,9.08232186375291E-17,-5.56131819963552E-33));
#9577=DIRECTION('',(5.56131819963552E-33,-1.22464679914735E-16,-1.));
#9578=DIRECTION('',(-5.56131819963552E-33,1.22464679914735E-16,1.));
#9579=DIRECTION('',(1.,9.08232186375291E-17,-5.56131819963552E-33));
#9580=DIRECTION('',(5.56131819963552E-33,-1.22464679914735E-16,-1.));
#9581=DIRECTION('',(1.,9.08232186375291E-17,-5.56131819963552E-33));
#9582=DIRECTION('',(5.56131819963552E-33,-1.22464679914735E-16,-1.));
#9583=DIRECTION('',(-5.56131819963552E-33,1.22464679914735E-16,1.));
#9584=DIRECTION('',(1.,9.08232186375291E-17,-5.56131819963552E-33));
#9585=DIRECTION('',(5.56131819963552E-33,-1.22464679914735E-16,-1.));
#9586=DIRECTION('',(1.,9.08232186375291E-17,-5.56131819963552E-33));
#9587=DIRECTION('',(5.56131819963552E-33,-1.22464679914735E-16,-1.));
#9588=DIRECTION('',(5.56131819963552E-33,-1.22464679914735E-16,-1.));
#9589=DIRECTION('',(1.,9.08232186375291E-17,-5.56131819963552E-33));
#9590=DIRECTION('',(5.56131819963552E-33,-1.22464679914735E-16,-1.));
#9591=DIRECTION('',(1.,9.08232186375291E-17,-5.56131819963552E-33));
#9592=DIRECTION('',(5.56131819963552E-33,-1.22464679914735E-16,-1.));
#9593=DIRECTION('',(5.56131819963552E-33,-1.22464679914735E-16,-1.));
#9594=DIRECTION('',(1.,9.08232186375291E-17,-5.56131819963552E-33));
#9595=DIRECTION('',(5.56131819963552E-33,-1.22464679914735E-16,-1.));
#9596=DIRECTION('',(1.,9.08232186375291E-17,-5.56131819963552E-33));
#9597=DIRECTION('',(5.56131819963552E-33,-1.22464679914735E-16,-1.));
#9598=DIRECTION('',(5.56131819963552E-33,-1.22464679914735E-16,-1.));
#9599=DIRECTION('',(1.,9.08232186375291E-17,-5.56131819963552E-33));
#9600=DIRECTION('',(5.56131819963552E-33,-1.22464679914735E-16,-1.));
#9601=DIRECTION('',(1.,9.08232186375291E-17,-5.56131819963552E-33));
#9602=DIRECTION('',(5.56131819963552E-33,-1.22464679914735E-16,-1.));
#9603=DIRECTION('',(5.56131819963552E-33,-1.22464679914735E-16,-1.));
#9604=DIRECTION('',(1.,9.08232186375291E-17,-5.56131819963552E-33));
#9605=DIRECTION('',(5.56131819963552E-33,-1.22464679914735E-16,-1.));
#9606=DIRECTION('',(1.,9.08232186375291E-17,-5.56131819963552E-33));
#9607=DIRECTION('',(5.56131819963552E-33,-1.22464679914735E-16,-1.));
#9608=DIRECTION('',(5.56131819963552E-33,-1.22464679914735E-16,-1.));
#9609=DIRECTION('',(1.,9.08232186375291E-17,-5.56131819963552E-33));
#9610=DIRECTION('',(5.56131819963552E-33,-1.22464679914735E-16,-1.));
#9611=DIRECTION('',(1.,9.08232186375291E-17,-5.56131819963552E-33));
#9612=DIRECTION('',(5.56131819963552E-33,-1.22464679914735E-16,-1.));
#9613=DIRECTION('',(5.56131819963552E-33,-1.22464679914735E-16,-1.));
#9614=DIRECTION('',(1.,9.08232186375291E-17,-5.56131819963552E-33));
#9615=DIRECTION('',(5.56131819963552E-33,-1.22464679914735E-16,-1.));
#9616=DIRECTION('',(1.,9.08232186375291E-17,-5.56131819963552E-33));
#9617=DIRECTION('',(5.56131819963552E-33,-1.22464679914735E-16,-1.));
#9618=DIRECTION('',(5.56131819963552E-33,-1.22464679914735E-16,-1.));
#9619=DIRECTION('',(1.,9.08232186375291E-17,-5.56131819963552E-33));
#9620=DIRECTION('',(5.56131819963552E-33,-1.22464679914735E-16,-1.));
#9621=DIRECTION('',(1.,9.08232186375291E-17,-5.56131819963552E-33));
#9622=DIRECTION('',(5.56131819963552E-33,-1.22464679914735E-16,-1.));
#9623=DIRECTION('',(5.56131819963552E-33,-1.22464679914735E-16,-1.));
#9624=DIRECTION('',(1.,9.08232186375291E-17,-5.56131819963552E-33));
#9625=DIRECTION('',(5.56131819963552E-33,-1.22464679914735E-16,-1.));
#9626=DIRECTION('',(1.,9.08232186375291E-17,-5.56131819963552E-33));
#9627=DIRECTION('',(5.56131819963552E-33,-1.22464679914735E-16,-1.));
#9628=DIRECTION('',(5.56131819963552E-33,-1.22464679914735E-16,-1.));
#9629=DIRECTION('',(1.,9.08232186375291E-17,-5.56131819963552E-33));
#9630=DIRECTION('',(5.56131819963552E-33,-1.22464679914735E-16,-1.));
#9631=DIRECTION('',(1.,9.08232186375291E-17,-5.56131819963552E-33));
#9632=DIRECTION('',(5.56131819963552E-33,-1.22464679914735E-16,-1.));
#9633=DIRECTION('',(5.56131819963552E-33,-1.22464679914735E-16,-1.));
#9634=DIRECTION('',(1.,9.08232186375291E-17,-5.56131819963552E-33));
#9635=DIRECTION('',(5.56131819963552E-33,-1.22464679914735E-16,-1.));
#9636=DIRECTION('',(1.,9.08232186375291E-17,-5.56131819963552E-33));
#9637=DIRECTION('',(5.56131819963552E-33,-1.22464679914735E-16,-1.));
#9638=DIRECTION('',(5.56131819963552E-33,-1.22464679914735E-16,-1.));
#9639=DIRECTION('',(1.,9.08232186375291E-17,-5.56131819963552E-33));
#9640=DIRECTION('',(5.56131819963552E-33,-1.22464679914735E-16,-1.));
#9641=DIRECTION('',(1.,9.08232186375291E-17,-5.56131819963552E-33));
#9642=DIRECTION('',(5.56131819963552E-33,-1.22464679914735E-16,-1.));
#9643=DIRECTION('',(5.56131819963552E-33,-1.22464679914735E-16,-1.));
#9644=DIRECTION('',(1.,9.08232186375291E-17,-5.56131819963552E-33));
#9645=DIRECTION('',(5.56131819963552E-33,-1.22464679914735E-16,-1.));
#9646=DIRECTION('',(1.,9.08232186375291E-17,-5.56131819963552E-33));
#9647=DIRECTION('',(5.56131819963552E-33,-1.22464679914735E-16,-1.));
#9648=DIRECTION('',(-5.56131819963552E-33,1.22464679914735E-16,1.));
#9649=DIRECTION('',(1.,9.08232186375291E-17,-5.56131819963552E-33));
#9650=DIRECTION('',(5.56131819963552E-33,-1.22464679914735E-16,-1.));
#9651=DIRECTION('',(1.,9.08232186375291E-17,-5.56131819963552E-33));
#9652=DIRECTION('',(5.56131819963552E-33,-1.22464679914735E-16,-1.));
#9653=DIRECTION('',(-5.56131819963552E-33,1.22464679914735E-16,1.));
#9654=DIRECTION('',(1.,9.08232186375291E-17,-5.56131819963552E-33));
#9655=DIRECTION('',(5.56131819963552E-33,-1.22464679914735E-16,-1.));
#9656=DIRECTION('',(1.,9.08232186375291E-17,-5.56131819963552E-33));
#9657=DIRECTION('',(5.56131819963552E-33,-1.22464679914735E-16,-1.));
#9658=DIRECTION('',(-5.56131819963552E-33,1.22464679914735E-16,1.));
#9659=DIRECTION('',(1.,9.08232186375291E-17,-5.56131819963552E-33));
#9660=DIRECTION('',(5.56131819963552E-33,-1.22464679914735E-16,-1.));
#9661=DIRECTION('',(1.,9.08232186375291E-17,-5.56131819963552E-33));
#9662=DIRECTION('',(5.56131819963552E-33,-1.22464679914735E-16,-1.));
#9663=DIRECTION('',(-5.56131819963552E-33,1.22464679914735E-16,1.));
#9664=DIRECTION('',(1.,9.08232186375291E-17,-5.56131819963552E-33));
#9665=DIRECTION('',(5.56131819963552E-33,-1.22464679914735E-16,-1.));
#9666=DIRECTION('',(1.,9.08232186375291E-17,-5.56131819963552E-33));
#9667=DIRECTION('',(5.56131819963552E-33,-1.22464679914735E-16,-1.));
#9668=DIRECTION('',(-5.56131819963552E-33,1.22464679914735E-16,1.));
#9669=DIRECTION('',(1.,9.08232186375291E-17,-5.56131819963552E-33));
#9670=DIRECTION('',(5.56131819963552E-33,-1.22464679914735E-16,-1.));
#9671=DIRECTION('',(1.,9.08232186375291E-17,-5.56131819963552E-33));
#9672=DIRECTION('',(5.56131819963552E-33,-1.22464679914735E-16,-1.));
#9673=DIRECTION('',(-5.56131819963552E-33,1.22464679914735E-16,1.));
#9674=DIRECTION('',(1.,9.08232186375291E-17,-5.56131819963552E-33));
#9675=DIRECTION('',(5.56131819963552E-33,-1.22464679914735E-16,-1.));
#9676=DIRECTION('',(1.,9.08232186375291E-17,-5.56131819963552E-33));
#9677=DIRECTION('',(5.56131819963552E-33,-1.22464679914735E-16,-1.));
#9678=DIRECTION('',(-5.56131819963552E-33,1.22464679914735E-16,1.));
#9679=DIRECTION('',(1.,9.08232186375291E-17,-5.56131819963552E-33));
#9680=DIRECTION('',(5.56131819963552E-33,-1.22464679914735E-16,-1.));
#9681=DIRECTION('',(1.,9.08232186375291E-17,-5.56131819963552E-33));
#9682=DIRECTION('',(5.56131819963552E-33,-1.22464679914735E-16,-1.));
#9683=DIRECTION('',(-5.56131819963552E-33,1.22464679914735E-16,1.));
#9684=DIRECTION('',(1.,9.08232186375291E-17,-5.56131819963552E-33));
#9685=DIRECTION('',(5.56131819963552E-33,-1.22464679914735E-16,-1.));
#9686=DIRECTION('',(1.,9.08232186375291E-17,-5.56131819963552E-33));
#9687=DIRECTION('',(5.56131819963552E-33,-1.22464679914735E-16,-1.));
#9688=DIRECTION('',(5.56131819963552E-33,-1.22464679914735E-16,-1.));
#9689=DIRECTION('',(1.,9.08232186375291E-17,-5.56131819963552E-33));
#9690=DIRECTION('',(5.56131819963552E-33,-1.22464679914735E-16,-1.));
#9691=DIRECTION('',(1.,9.08232186375291E-17,-5.56131819963552E-33));
#9692=DIRECTION('',(5.56131819963552E-33,-1.22464679914735E-16,-1.));
#9693=DIRECTION('',(5.56131819963552E-33,-1.22464679914735E-16,-1.));
#9694=DIRECTION('',(1.,9.08232186375291E-17,-5.56131819963552E-33));
#9695=DIRECTION('',(5.56131819963552E-33,-1.22464679914735E-16,-1.));
#9696=DIRECTION('',(1.,9.08232186375291E-17,-5.56131819963552E-33));
#9697=DIRECTION('',(5.56131819963552E-33,-1.22464679914735E-16,-1.));
#9698=DIRECTION('',(5.56131819963552E-33,-1.22464679914735E-16,-1.));
#9699=DIRECTION('',(1.,9.08232186375291E-17,-5.56131819963552E-33));
#9700=DIRECTION('',(5.56131819963552E-33,-1.22464679914735E-16,-1.));
#9701=DIRECTION('',(1.,9.08232186375291E-17,-5.56131819963552E-33));
#9702=DIRECTION('',(5.56131819963552E-33,-1.22464679914735E-16,-1.));
#9703=DIRECTION('',(5.56131819963552E-33,-1.22464679914735E-16,-1.));
#9704=DIRECTION('',(1.,9.08232186375291E-17,-5.56131819963552E-33));
#9705=DIRECTION('',(5.56131819963552E-33,-1.22464679914735E-16,-1.));
#9706=DIRECTION('',(1.,9.08232186375291E-17,-5.56131819963552E-33));
#9707=DIRECTION('',(5.56131819963552E-33,-1.22464679914735E-16,-1.));
#9708=DIRECTION('',(5.56131819963552E-33,-1.22464679914735E-16,-1.));
#9709=DIRECTION('',(1.,9.08232186375291E-17,-5.56131819963552E-33));
#9710=DIRECTION('',(5.56131819963552E-33,-1.22464679914735E-16,-1.));
#9711=DIRECTION('',(1.,9.08232186375291E-17,-5.56131819963552E-33));
#9712=DIRECTION('',(5.56131819963552E-33,-1.22464679914735E-16,-1.));
#9713=DIRECTION('',(5.56131819963552E-33,-1.22464679914735E-16,-1.));
#9714=DIRECTION('',(1.,9.08232186375291E-17,-5.56131819963552E-33));
#9715=DIRECTION('',(5.56131819963552E-33,-1.22464679914735E-16,-1.));
#9716=DIRECTION('',(1.,9.08232186375291E-17,-5.56131819963552E-33));
#9717=DIRECTION('',(5.56131819963552E-33,-1.22464679914735E-16,-1.));
#9718=DIRECTION('',(5.56131819963552E-33,-1.22464679914735E-16,-1.));
#9719=DIRECTION('',(1.,9.08232186375291E-17,-5.56131819963552E-33));
#9720=DIRECTION('',(5.56131819963552E-33,-1.22464679914735E-16,-1.));
#9721=DIRECTION('',(1.,9.08232186375291E-17,-5.56131819963552E-33));
#9722=DIRECTION('',(5.56131819963552E-33,-1.22464679914735E-16,-1.));
#9723=DIRECTION('',(5.56131819963552E-33,-1.22464679914735E-16,-1.));
#9724=DIRECTION('',(1.,9.08232186375291E-17,-5.56131819963552E-33));
#9725=DIRECTION('',(5.56131819963552E-33,-1.22464679914735E-16,-1.));
#9726=DIRECTION('',(1.,9.08232186375291E-17,-5.56131819963552E-33));
#9727=DIRECTION('',(5.56131819963552E-33,-1.22464679914735E-16,-1.));
#9728=DIRECTION('',(5.56131819963552E-33,-1.22464679914735E-16,-1.));
#9729=DIRECTION('',(1.,9.08232186375291E-17,-5.56131819963552E-33));
#9730=DIRECTION('',(5.56131819963552E-33,-1.22464679914735E-16,-1.));
#9731=DIRECTION('',(1.,9.08232186375291E-17,-5.56131819963552E-33));
#9732=DIRECTION('',(5.56131819963552E-33,-1.22464679914735E-16,-1.));
#9733=DIRECTION('',(5.56131819963552E-33,-1.22464679914735E-16,-1.));
#9734=DIRECTION('',(1.,9.08232186375291E-17,-5.56131819963552E-33));
#9735=DIRECTION('',(5.56131819963552E-33,-1.22464679914735E-16,-1.));
#9736=DIRECTION('',(1.,9.08232186375291E-17,-5.56131819963552E-33));
#9737=DIRECTION('',(5.56131819963552E-33,-1.22464679914735E-16,-1.));
#9738=DIRECTION('',(1.,9.08232186375291E-17,-5.56131819963552E-33));
#9739=DIRECTION('',(5.56131819963552E-33,-1.22464679914735E-16,-1.));
#9740=DIRECTION('',(5.56131819963552E-33,-1.22464679914735E-16,-1.));
#9741=DIRECTION('',(1.,9.08232186375291E-17,-5.56131819963552E-33));
#9742=DIRECTION('',(5.56131819963552E-33,-1.22464679914735E-16,-1.));
#9743=DIRECTION('',(-0.826577745824268,0.562822556502555,-6.89258842308785E-17));
#9744=DIRECTION('',(0.562822556502555,0.826577745824268,-1.01226579067012E-16));
#9745=DIRECTION('',(0.562822556502555,0.826577745824268,-1.01226579067012E-16));
#9746=DIRECTION('',(5.56131819963552E-33,-1.22464679914735E-16,-1.));
#9747=DIRECTION('',(0.562822556502555,0.826577745824268,-1.01226579067012E-16));
#9748=DIRECTION('',(-0.678308590349313,-0.734777147343552,8.99842481580904E-17));
#9749=DIRECTION('',(-0.734777147343552,0.678308590349313,-8.3068844400544E-17));
#9750=DIRECTION('',(-0.734777147343552,0.678308590349313,-8.3068844400544E-17));
#9751=DIRECTION('',(5.56131819963552E-33,-1.22464679914735E-16,-1.));
#9752=DIRECTION('',(-0.734777147343552,0.678308590349313,-8.3068844400544E-17));
#9753=DIRECTION('',(5.56131819963552E-33,-1.22464679914735E-16,-1.));
#9754=DIRECTION('',(1.,9.08232186375291E-17,-5.56131819963552E-33));
#9755=DIRECTION('',(5.56131819963552E-33,-1.22464679914735E-16,-1.));
#9756=DIRECTION('',(1.,9.08232186375291E-17,-5.56131819963552E-33));
#9757=DIRECTION('',(5.56131819963552E-33,-1.22464679914735E-16,-1.));
#9758=DIRECTION('',(5.56131819963552E-33,-1.22464679914735E-16,-1.));
#9759=DIRECTION('',(1.,9.08232186375291E-17,-5.56131819963552E-33));
#9760=DIRECTION('',(5.56131819963552E-33,-1.22464679914735E-16,-1.));
#9761=DIRECTION('',(1.,9.08232186375291E-17,-5.56131819963552E-33));
#9762=DIRECTION('',(5.56131819963552E-33,-1.22464679914735E-16,-1.));
#9763=DIRECTION('',(1.,9.08232186375291E-17,-5.56131819963552E-33));
#9764=DIRECTION('',(5.56131819963552E-33,-1.22464679914735E-16,-1.));
#9765=DIRECTION('',(5.56131819963552E-33,-1.22464679914735E-16,-1.));
#9766=DIRECTION('',(1.,9.08232186375291E-17,-5.56131819963552E-33));
#9767=DIRECTION('',(5.56131819963552E-33,-1.22464679914735E-16,-1.));
#9768=DIRECTION('',(1.,9.08232186375291E-17,-5.56131819963552E-33));
#9769=DIRECTION('',(5.56131819963552E-33,-1.22464679914735E-16,-1.));
#9770=DIRECTION('',(1.,9.08232186375291E-17,-5.56131819963552E-33));
#9771=DIRECTION('',(5.56131819963552E-33,-1.22464679914735E-16,-1.));
#9772=DIRECTION('',(5.56131819963552E-33,-1.22464679914735E-16,-1.));
#9773=DIRECTION('',(1.,9.08232186375291E-17,-5.56131819963552E-33));
#9774=DIRECTION('',(5.56131819963552E-33,-1.22464679914735E-16,-1.));
#9775=DIRECTION('',(1.,9.08232186375291E-17,-5.56131819963552E-33));
#9776=DIRECTION('',(5.56131819963552E-33,-1.22464679914735E-16,-1.));
#9777=DIRECTION('',(1.,9.08232186375291E-17,-5.56131819963552E-33));
#9778=DIRECTION('',(5.56131819963552E-33,-1.22464679914735E-16,-1.));
#9779=DIRECTION('',(5.56131819963552E-33,-1.22464679914735E-16,-1.));
#9780=DIRECTION('',(1.,9.08232186375291E-17,-5.56131819963552E-33));
#9781=DIRECTION('',(5.56131819963552E-33,-1.22464679914735E-16,-1.));
#9782=DIRECTION('',(1.,9.08232186375291E-17,-5.56131819963552E-33));
#9783=DIRECTION('',(5.56131819963552E-33,-1.22464679914735E-16,-1.));
#9784=DIRECTION('',(1.,9.08232186375291E-17,-5.56131819963552E-33));
#9785=DIRECTION('',(5.56131819963552E-33,-1.22464679914735E-16,-1.));
#9786=DIRECTION('',(5.56131819963552E-33,-1.22464679914735E-16,-1.));
#9787=DIRECTION('',(1.,9.08232186375291E-17,-5.56131819963552E-33));
#9788=DIRECTION('',(5.56131819963552E-33,-1.22464679914735E-16,-1.));
#9789=DIRECTION('',(1.,9.08232186375291E-17,-5.56131819963552E-33));
#9790=DIRECTION('',(5.56131819963552E-33,-1.22464679914735E-16,-1.));
#9791=DIRECTION('',(1.,9.08232186375291E-17,-5.56131819963552E-33));
#9792=DIRECTION('',(5.56131819963552E-33,-1.22464679914735E-16,-1.));
#9793=DIRECTION('',(5.56131819963552E-33,-1.22464679914735E-16,-1.));
#9794=DIRECTION('',(1.,9.08232186375291E-17,-5.56131819963552E-33));
#9795=DIRECTION('',(5.56131819963552E-33,-1.22464679914735E-16,-1.));
#9796=DIRECTION('',(1.,9.08232186375291E-17,-5.56131819963552E-33));
#9797=DIRECTION('',(5.56131819963552E-33,-1.22464679914735E-16,-1.));
#9798=DIRECTION('',(1.,9.08232186375291E-17,-5.56131819963552E-33));
#9799=DIRECTION('',(5.56131819963552E-33,-1.22464679914735E-16,-1.));
#9800=DIRECTION('',(5.56131819963552E-33,-1.22464679914735E-16,-1.));
#9801=DIRECTION('',(1.,9.08232186375291E-17,-5.56131819963552E-33));
#9802=DIRECTION('',(5.56131819963552E-33,-1.22464679914735E-16,-1.));
#9803=DIRECTION('',(1.,9.08232186375291E-17,-5.56131819963552E-33));
#9804=DIRECTION('',(5.56131819963552E-33,-1.22464679914735E-16,-1.));
#9805=DIRECTION('',(1.,9.08232186375291E-17,-5.56131819963552E-33));
#9806=DIRECTION('',(5.56131819963552E-33,-1.22464679914735E-16,-1.));
#9807=DIRECTION('',(5.56131819963552E-33,-1.22464679914735E-16,-1.));
#9808=DIRECTION('',(1.,9.08232186375291E-17,-5.56131819963552E-33));
#9809=DIRECTION('',(5.56131819963552E-33,-1.22464679914735E-16,-1.));
#9810=DIRECTION('',(1.,9.08232186375291E-17,-5.56131819963552E-33));
#9811=DIRECTION('',(5.56131819963552E-33,-1.22464679914735E-16,-1.));
#9812=DIRECTION('',(1.,9.08232186375291E-17,-5.56131819963552E-33));
#9813=DIRECTION('',(5.56131819963552E-33,-1.22464679914735E-16,-1.));
#9814=DIRECTION('',(5.56131819963552E-33,-1.22464679914735E-16,-1.));
#9815=DIRECTION('',(1.,9.08232186375291E-17,-5.56131819963552E-33));
#9816=DIRECTION('',(5.56131819963552E-33,-1.22464679914735E-16,-1.));
#9817=DIRECTION('',(1.,9.08232186375291E-17,-5.56131819963552E-33));
#9818=DIRECTION('',(5.56131819963552E-33,-1.22464679914735E-16,-1.));
#9819=DIRECTION('',(1.,9.08232186375291E-17,-5.56131819963552E-33));
#9820=DIRECTION('',(5.56131819963552E-33,-1.22464679914735E-16,-1.));
#9821=DIRECTION('',(5.56131819963552E-33,-1.22464679914735E-16,-1.));
#9822=DIRECTION('',(1.,9.08232186375291E-17,-5.56131819963552E-33));
#9823=DIRECTION('',(5.56131819963552E-33,-1.22464679914735E-16,-1.));
#9824=DIRECTION('',(1.,9.08232186375291E-17,-5.56131819963552E-33));
#9825=DIRECTION('',(5.56131819963552E-33,-1.22464679914735E-16,-1.));
#9826=DIRECTION('',(1.,9.08232186375291E-17,-5.56131819963552E-33));
#9827=DIRECTION('',(5.56131819963552E-33,-1.22464679914735E-16,-1.));
#9828=DIRECTION('',(5.56131819963552E-33,-1.22464679914735E-16,-1.));
#9829=DIRECTION('',(1.,9.08232186375291E-17,-5.56131819963552E-33));
#9830=DIRECTION('',(5.56131819963552E-33,-1.22464679914735E-16,-1.));
#9831=DIRECTION('',(1.,9.08232186375291E-17,-5.56131819963552E-33));
#9832=DIRECTION('',(5.56131819963552E-33,-1.22464679914735E-16,-1.));
#9833=DIRECTION('',(1.,9.08232186375291E-17,-5.56131819963552E-33));
#9834=DIRECTION('',(5.56131819963552E-33,-1.22464679914735E-16,-1.));
#9835=DIRECTION('',(5.56131819963552E-33,-1.22464679914735E-16,-1.));
#9836=DIRECTION('',(1.,9.08232186375291E-17,-5.56131819963552E-33));
#9837=DIRECTION('',(5.56131819963552E-33,-1.22464679914735E-16,-1.));
#9838=DIRECTION('',(1.,9.08232186375291E-17,-5.56131819963552E-33));
#9839=DIRECTION('',(5.56131819963552E-33,-1.22464679914735E-16,-1.));
#9840=DIRECTION('',(1.,9.08232186375291E-17,-5.56131819963552E-33));
#9841=DIRECTION('',(5.56131819963552E-33,-1.22464679914735E-16,-1.));
#9842=DIRECTION('',(5.56131819963552E-33,-1.22464679914735E-16,-1.));
#9843=DIRECTION('',(1.,9.08232186375291E-17,-5.56131819963552E-33));
#9844=DIRECTION('',(5.56131819963552E-33,-1.22464679914735E-16,-1.));
#9845=DIRECTION('',(1.,9.08232186375291E-17,-5.56131819963552E-33));
#9846=DIRECTION('',(5.56131819963552E-33,-1.22464679914735E-16,-1.));
#9847=DIRECTION('',(1.,9.08232186375291E-17,-5.56131819963552E-33));
#9848=DIRECTION('',(5.56131819963552E-33,-1.22464679914735E-16,-1.));
#9849=DIRECTION('',(5.56131819963552E-33,-1.22464679914735E-16,-1.));
#9850=DIRECTION('',(1.,9.08232186375291E-17,-5.56131819963552E-33));
#9851=DIRECTION('',(5.56131819963552E-33,-1.22464679914735E-16,-1.));
#9852=DIRECTION('',(1.,9.08232186375291E-17,-5.56131819963552E-33));
#9853=DIRECTION('',(5.56131819963552E-33,-1.22464679914735E-16,-1.));
#9854=DIRECTION('',(1.,9.08232186375291E-17,-5.56131819963552E-33));
#9855=DIRECTION('',(5.56131819963552E-33,-1.22464679914735E-16,-1.));
#9856=DIRECTION('',(5.56131819963552E-33,-1.22464679914735E-16,-1.));
#9857=DIRECTION('',(1.,9.08232186375291E-17,-5.56131819963552E-33));
#9858=DIRECTION('',(5.56131819963552E-33,-1.22464679914735E-16,-1.));
#9859=DIRECTION('',(1.,9.08232186375291E-17,-5.56131819963552E-33));
#9860=DIRECTION('',(5.56131819963552E-33,-1.22464679914735E-16,-1.));
#9861=DIRECTION('',(1.,9.08232186375291E-17,-5.56131819963552E-33));
#9862=DIRECTION('',(5.56131819963552E-33,-1.22464679914735E-16,-1.));
#9863=DIRECTION('',(5.56131819963552E-33,-1.22464679914735E-16,-1.));
#9864=DIRECTION('',(1.,9.08232186375291E-17,-5.56131819963552E-33));
#9865=DIRECTION('',(5.56131819963552E-33,-1.22464679914735E-16,-1.));
#9866=DIRECTION('',(1.,9.08232186375291E-17,-5.56131819963552E-33));
#9867=DIRECTION('',(5.56131819963552E-33,-1.22464679914735E-16,-1.));
#9868=DIRECTION('',(1.,9.08232186375291E-17,-5.56131819963552E-33));
#9869=DIRECTION('',(5.56131819963552E-33,-1.22464679914735E-16,-1.));
#9870=DIRECTION('',(5.56131819963552E-33,-1.22464679914735E-16,-1.));
#9871=DIRECTION('',(1.,9.08232186375291E-17,-5.56131819963552E-33));
#9872=DIRECTION('',(5.56131819963552E-33,-1.22464679914735E-16,-1.));
#9873=DIRECTION('',(1.,9.08232186375291E-17,-5.56131819963552E-33));
#9874=DIRECTION('',(5.56131819963552E-33,-1.22464679914735E-16,-1.));
#9875=DIRECTION('',(1.,9.08232186375291E-17,-5.56131819963552E-33));
#9876=DIRECTION('',(5.56131819963552E-33,-1.22464679914735E-16,-1.));
#9877=DIRECTION('',(5.56131819963552E-33,-1.22464679914735E-16,-1.));
#9878=DIRECTION('',(1.,9.08232186375291E-17,-5.56131819963552E-33));
#9879=DIRECTION('',(5.56131819963552E-33,-1.22464679914735E-16,-1.));
#9880=DIRECTION('',(1.,9.08232186375291E-17,-5.56131819963552E-33));
#9881=DIRECTION('',(5.56131819963552E-33,-1.22464679914735E-16,-1.));
#9882=DIRECTION('',(1.,9.08232186375291E-17,-5.56131819963552E-33));
#9883=DIRECTION('',(5.56131819963552E-33,-1.22464679914735E-16,-1.));
#9884=DIRECTION('',(1.,9.08232186375291E-17,-5.56131819963552E-33));
#9885=DIRECTION('',(5.56131819963552E-33,-1.22464679914735E-16,-1.));
#9886=DIRECTION('',(1.,9.08232186375291E-17,-5.56131819963552E-33));
#9887=DIRECTION('',(5.56131819963552E-33,-1.22464679914735E-16,-1.));
#9888=DIRECTION('',(1.,9.08232186375291E-17,-5.56131819963552E-33));
#9889=DIRECTION('',(5.56131819963552E-33,-1.22464679914735E-16,-1.));
#9890=DIRECTION('',(1.,9.08232186375291E-17,-5.56131819963552E-33));
#9891=DIRECTION('',(5.56131819963552E-33,-1.22464679914735E-16,-1.));
#9892=DIRECTION('',(1.,-9.08232186375291E-17,1.66839545989065E-32));
#9893=DIRECTION('',(1.,-1.26486417397196E-64,5.56131819963551E-33));
#9894=DIRECTION('',(5.56131819963551E-33,0.,-1.));
#9895=DIRECTION('',(5.56131819963551E-33,-1.22464679914735E-16,-1.));
#9896=DIRECTION('',(6.81065053222356E-49,1.,-1.22464679914735E-16));
#9897=DIRECTION('',(5.56131819963552E-33,-1.22464679914735E-16,-1.));
#9898=DIRECTION('',(6.81065053222356E-49,1.,-1.22464679914735E-16));
#9899=DIRECTION('',(5.56131819963551E-33,-1.22464679914735E-16,-1.));
#9900=DIRECTION('',(0.,1.,-1.22464679914735E-16));
#9901=DIRECTION('',(0.,1.22464679914735E-16,1.));
#9902=DIRECTION('',(1.,6.81065053222356E-49,5.56131819963552E-33));
#9903=DIRECTION('',(0.,1.,-1.22464679914735E-16));
#9904=DIRECTION('',(0.,1.22464679914735E-16,1.));
#9905=DIRECTION('',(-1.,-6.81065053222356E-49,-5.56131819963552E-33));
#9906=DIRECTION('',(1.,-1.26486417397196E-64,5.56131819963551E-33));
#9907=DIRECTION('',(5.56131819963551E-33,0.,-1.));
#9908=DIRECTION('',(5.56131819963551E-33,-1.22464679914735E-16,-1.));
#9909=DIRECTION('',(6.81065053222355E-49,1.,-1.22464679914735E-16));
#9910=DIRECTION('',(5.56131819963552E-33,-1.22464679914735E-16,-1.));
#9911=DIRECTION('',(6.81065053222355E-49,1.,-1.22464679914735E-16));
#9912=DIRECTION('',(5.56131819963551E-33,-1.22464679914735E-16,-1.));
#9913=DIRECTION('',(0.,-1.,1.22464679914735E-16));
#9914=DIRECTION('',(0.,-1.22464679914735E-16,-1.));
#9915=DIRECTION('',(1.,6.81065053222356E-49,5.56131819963552E-33));
#9916=DIRECTION('',(0.,-1.,1.22464679914735E-16));
#9917=DIRECTION('',(0.,-1.22464679914735E-16,-1.));
#9918=DIRECTION('',(1.,6.81065053222356E-49,5.56131819963552E-33));
#9919=DIRECTION('',(-1.48368246027497E-64,1.,-1.22464679914735E-16));
#9920=DIRECTION('',(0.,1.22464679914735E-16,1.));
#9921=DIRECTION('',(1.,6.81065053222356E-49,5.56131819963552E-33));
#9922=DIRECTION('',(1.,6.81065053222356E-49,5.56131819963552E-33));
#9923=DIRECTION('',(-5.56131819963552E-33,1.22464679914735E-16,1.));
#9924=DIRECTION('',(1.,6.81065053222356E-49,5.56131819963552E-33));
#9925=DIRECTION('',(-5.56131819963552E-33,1.22464679914735E-16,1.));
#9926=DIRECTION('',(1.,6.81065053222356E-49,5.56131819963552E-33));
#9927=DIRECTION('',(-5.56131819963552E-33,1.22464679914735E-16,1.));
#9928=DIRECTION('',(1.,6.81065053222356E-49,5.56131819963552E-33));
#9929=DIRECTION('',(1.,6.81065053222356E-49,5.56131819963552E-33));
#9930=DIRECTION('',(-1.48368246027497E-64,1.,-1.22464679914735E-16));
#9931=DIRECTION('',(0.,1.22464679914735E-16,1.));
#9932=DIRECTION('',(1.,6.81065053222356E-49,5.56131819963552E-33));
#9933=DIRECTION('',(-5.56131819963552E-33,1.22464679914735E-16,1.));
#9934=DIRECTION('',(1.,6.81065053222356E-49,5.56131819963552E-33));
#9935=CARTESIAN_POINT('',(0.,0.,0.));
#9936=CARTESIAN_POINT('',(-0.0745000000016211,-0.000996083743284787,-0.0232999946391486));
#9937=CARTESIAN_POINT('',(-0.0496000000000018,0.0324000000019998,-0.0233));
#9938=CARTESIAN_POINT('',(-0.0496000000000018,0.0339000100067161,-0.0232999946391486));
#9939=CARTESIAN_POINT('',(-0.0496000000000018,0.0336000100067161,-0.0232999946391486));
#9940=CARTESIAN_POINT('',(-0.0566499999999982,0.0339000100067161,-0.0232999946391486));
#9941=CARTESIAN_POINT('',(-0.0637000000000018,0.0339000100067161,-0.0232999946391486));
#9942=CARTESIAN_POINT('',(-0.0637000000000018,0.0324000000019998,-0.0233));
#9943=CARTESIAN_POINT('',(-0.0637000000000018,0.0336000100067161,-0.0232999946391486));
#9944=CARTESIAN_POINT('',(-0.0566499999999982,0.0336000100067161,-0.0232999946391486));
#9945=CARTESIAN_POINT('',(-0.0745000000016211,-0.000996083743284787,-0.0232999946391486));
#9946=CARTESIAN_POINT('',(-0.0647000000000018,0.0309000000019998,-0.0233));
#9947=CARTESIAN_POINT('',(-0.0656999999999982,0.0309000000019998,-0.0232999946391486));
#9948=CARTESIAN_POINT('',(-0.0653999999999982,0.0309000000019998,-0.0232999946391486));
#9949=CARTESIAN_POINT('',(-0.0656999999999982,0.000700010006715901,-0.0232999946391486));
#9950=CARTESIAN_POINT('',(-0.0656999999999982,0.00940316502045748,-0.0232999946391486));
#9951=CARTESIAN_POINT('',(-0.0657674133613757,0.00909026898842103,-0.0232999946391486));
#9952=CARTESIAN_POINT('',(-0.0656316230138064,0.00938011285960577,-0.0232999946391486));
#9953=CARTESIAN_POINT('',(-0.0653486004363941,0.00998422292130555,-0.0232999946391486));
#9954=CARTESIAN_POINT('',(-0.0655012043949695,0.00933479026290356,-0.0232999946391486));
#9955=CARTESIAN_POINT('',(-0.06503904746672,0.0113015835163377,-0.0232999946391486));
#9956=CARTESIAN_POINT('',(-0.0653999999999982,0.00931372587636367,-0.0232999946391486));
#9957=CARTESIAN_POINT('',(-0.0653999999999982,0.000700010006715901,-0.0232999946391486));
#9958=CARTESIAN_POINT('',(-0.0566499999999982,0.0336000100067161,-0.0222999946391487));
#9959=CARTESIAN_POINT('',(-0.0496000000000018,0.0336000100067161,-0.0222999946391487));
#9960=CARTESIAN_POINT('',(-0.0496000000000018,0.0336000100067161,-0.0222999946391487));
#9961=CARTESIAN_POINT('',(-0.0637000000000018,0.0336000100067161,-0.0222999946391487));
#9962=CARTESIAN_POINT('',(-0.0637000000000018,0.0336000100067161,-0.0222999946391487));
#9963=CARTESIAN_POINT('',(-0.0566499999999982,0.0336000100067161,-0.0222999946391487));
#9964=CARTESIAN_POINT('',(-0.0653999999999982,0.000700010006715901,-0.0222999946391487));
#9965=CARTESIAN_POINT('',(-0.0653999999999982,0.000700010006715901,-0.0222999946391487));
#9966=CARTESIAN_POINT('',(-0.0653999999999982,-0.0321999899932843,-0.0222999946391487));
#9967=CARTESIAN_POINT('',(-0.0653999999999982,0.0309000000019998,-0.0222999946391487));
#9968=CARTESIAN_POINT('',(-0.0653999999999982,0.0309000000019998,-0.0222999946391487));
#9969=CARTESIAN_POINT('',(-0.0653999999999982,0.00931372587636367,-0.0229999946391486));
#9970=CARTESIAN_POINT('',(-0.0653999999999982,0.00931372587636367,-0.0229999946391486));
#9971=CARTESIAN_POINT('',(-0.0653999999999982,0.000700010006715901,-0.0229999946391486));
#9972=CARTESIAN_POINT('',(-0.0653999999999982,0.00756727931349577,-0.0229999946391486));
#9973=CARTESIAN_POINT('',(-0.0653999999999982,0.00756727931349577,-0.0229999946391486));
#9974=CARTESIAN_POINT('',(-0.0653999999999982,0.00756727931349577,-0.0232999946391486));
#9975=CARTESIAN_POINT('',(-0.0653999999999982,0.000700010006715901,-0.0232999946391486));
#9976=CARTESIAN_POINT('',(-0.0653999999999982,0.000802503319186917,-0.0232999946391486));
#9977=CARTESIAN_POINT('',(-0.0653999999999982,0.000802503319186917,-0.0229999946391486));
#9978=CARTESIAN_POINT('',(-0.0653999999999982,0.000802503319186917,-0.0229999946391486));
#9979=CARTESIAN_POINT('',(-0.0653999999999982,0.000700010006715901,-0.0229999946391486));
#9980=CARTESIAN_POINT('',(-0.0653999999999982,-0.00103371042292921,-0.0229999946391486));
#9981=CARTESIAN_POINT('',(-0.0653999999999982,-0.00103371042292921,-0.0229999946391486));
#9982=CARTESIAN_POINT('',(-0.0653999999999982,-0.00103371042292921,-0.0232999946391486));
#9983=CARTESIAN_POINT('',(-0.0653999999999982,0.000700010006715901,-0.0232999946391486));
#9984=CARTESIAN_POINT('',(-0.0653999999999982,-0.0321999899932843,-0.0232999946391486));
#9985=CARTESIAN_POINT('',(-0.0653999999999982,-0.0321999899932843,-0.0222999946391487));
#9986=CARTESIAN_POINT('',(-0.0566499999999982,-0.000899989993284104,-0.0222999946391487));
#9987=CARTESIAN_POINT('',(-0.0566499999999982,0.0309000000019998,-0.0222999946391487));
#9988=CARTESIAN_POINT('',(-0.0496000000000018,0.0309000000019998,-0.0222999946391487));
#9989=CARTESIAN_POINT('',(-0.0478999999999982,0.0309000000019998,-0.0222999946391487));
#9990=CARTESIAN_POINT('',(-0.0496000000000018,-0.000899989993284104,-0.0222999946391487));
#9991=CARTESIAN_POINT('',(-0.0637000000000018,-0.000899989993284104,-0.0222999946391487));
#9992=CARTESIAN_POINT('',(-0.0637000000000018,0.0309000000019998,-0.0222999946391487));
#9993=CARTESIAN_POINT('',(-0.0566499999999982,0.0309000000019998,-0.0222999946391487));
#9994=CARTESIAN_POINT('',(-0.0642547525748593,-0.0321999899932843,-0.0222999946391487));
#9995=CARTESIAN_POINT('',(-0.0631095051497203,-0.0321999899932843,-0.0222999946391487));
#9996=CARTESIAN_POINT('',(-0.0631095051497203,-0.0320499899932842,-0.0222999946391487));
#9997=CARTESIAN_POINT('',(-0.0631095051497203,-0.0318999899932843,-0.0222999946391487));
#9998=CARTESIAN_POINT('',(-0.0603095051497203,-0.0318999899932843,-0.0222999946391487));
#9999=CARTESIAN_POINT('',(-0.0575095051497203,-0.0318999899932843,-0.0222999946391487));
#10000=CARTESIAN_POINT('',(-0.0575095051497203,-0.0320499899932842,-0.0222999946391487));
#10001=CARTESIAN_POINT('',(-0.0575095051497203,-0.0321999899932843,-0.0222999946391487));
#10002=CARTESIAN_POINT('',(-0.0527047525748593,-0.0321999899932843,-0.0222999946391487));
#10003=CARTESIAN_POINT('',(-0.0478999999999982,-0.0321999899932843,-0.0222999946391487));
#10004=CARTESIAN_POINT('',(-0.0478999999999982,0.000700010006715899,-0.0222999946391487));
#10005=CARTESIAN_POINT('',(-0.0475999999999982,0.000700010006715899,-0.0232999946391486));
#10006=CARTESIAN_POINT('',(-0.0475999999999982,-0.0147606927727791,-0.0229999946391486));
#10007=CARTESIAN_POINT('',(-0.0475999999999982,-0.0147606927727791,-0.0239999946391487));
#10008=CARTESIAN_POINT('',(-0.0475999999999982,-0.0147606927727791,-0.0232999946391486));
#10009=CARTESIAN_POINT('',(-0.0475999999999982,0.000700010006715899,-0.0239999946391487));
#10010=CARTESIAN_POINT('',(-0.0475999999999982,-0.01207200047925,-0.0239999946391487));
#10011=CARTESIAN_POINT('',(-0.0475999999999982,-0.01207200047925,-0.0229999946391486));
#10012=CARTESIAN_POINT('',(-0.0475999999999982,-0.01207200047925,-0.0232999946391486));
#10013=CARTESIAN_POINT('',(-0.0475999999999982,0.000700010006715899,-0.0232999946391486));
#10014=CARTESIAN_POINT('',(-0.0475999999999982,0.000700010006715899,-0.0232999946391486));
#10015=CARTESIAN_POINT('',(-0.0475999999999982,-0.00571468408905069,-0.0229999946391486));
#10016=CARTESIAN_POINT('',(-0.0475999999999982,-0.00571468408905069,-0.0239999946391487));
#10017=CARTESIAN_POINT('',(-0.0475999999999982,-0.00571468408905069,-0.0232999946391486));
#10018=CARTESIAN_POINT('',(-0.0475999999999982,0.000700010006715899,-0.0239999946391487));
#10019=CARTESIAN_POINT('',(-0.0475999999999982,0.0339000100067161,-0.0239999946391487));
#10020=CARTESIAN_POINT('',(-0.0475999999999982,0.0339000100067161,-0.0232999946391486));
#10021=CARTESIAN_POINT('',(-0.0476,0.033900005004358,-0.0232999973195742));
#10022=CARTESIAN_POINT('',(-0.0476000000000018,0.0339000000019999,0.276987349144899));
#10023=CARTESIAN_POINT('',(-0.0476000000000018,0.0339000000019998,-0.0206999946391487));
#10024=CARTESIAN_POINT('',(-0.0476000000000018,0.0334500050043578,-0.0206999946391487));
#10025=CARTESIAN_POINT('',(-0.0476000000000018,0.0360000100067158,-0.0206999946391487));
#10026=CARTESIAN_POINT('',(-0.0476000000000018,0.0360000100067158,-0.0196999946391486));
#10027=CARTESIAN_POINT('',(-0.0476000000000018,0.0360000100067158,-0.0196999946391486));
#10028=CARTESIAN_POINT('',(-0.0476000000000018,0.0334500050043578,-0.0196999946391486));
#10029=CARTESIAN_POINT('',(-0.0476000000000018,0.0309000000019998,-0.0196999946391486));
#10030=CARTESIAN_POINT('',(-0.0476000000000018,0.0309000000019999,0.276987349144899));
#10031=CARTESIAN_POINT('',(-0.0476000000000018,0.0309000000019998,-0.0232999946391486));
#10032=CARTESIAN_POINT('',(-0.0475999999999982,0.000700010006715899,-0.0232999946391486));
#10033=CARTESIAN_POINT('',(-0.0656999999999982,0.000700010006715901,-0.0232999946391486));
#10034=CARTESIAN_POINT('',(-0.0656999999999982,0.000723910311221318,-0.0229999946391486));
#10035=CARTESIAN_POINT('',(-0.0656999999999982,0.000723910311221318,-0.0232999946391486));
#10036=CARTESIAN_POINT('',(-0.0656999999999982,0.000723910311221317,-0.0239999946391487));
#10037=CARTESIAN_POINT('',(-0.0656999999999982,0.000700010006715901,-0.0232999946391486));
#10038=CARTESIAN_POINT('',(-0.0656999999999982,0.00748428131007713,-0.0232999946391486));
#10039=CARTESIAN_POINT('',(-0.0656999999999982,0.00748428131007713,-0.0229999946391486));
#10040=CARTESIAN_POINT('',(-0.0656999999999982,0.00748428131007713,-0.0239999946391487));
#10041=CARTESIAN_POINT('',(-0.0656999999999982,0.0007000100067159,-0.0239999946391487));
#10042=CARTESIAN_POINT('',(-0.0656999999999982,0.000700010006715901,-0.0232999946391486));
#10043=CARTESIAN_POINT('',(-0.0656999999999982,0.0007000100067159,-0.0239999946391487));
#10044=CARTESIAN_POINT('',(-0.0656999999999982,0.00940316502045748,-0.0239999946391487));
#10045=CARTESIAN_POINT('',(-0.0656999999999982,0.0339000100067161,-0.0239999946391487));
#10046=CARTESIAN_POINT('',(-0.0656999999999982,0.00940316502045748,-0.0229999946391486));
#10047=CARTESIAN_POINT('',(-0.0657000000000018,0.0309000000019999,0.276987349144899));
#10048=CARTESIAN_POINT('',(-0.0657000000000018,0.0309000000019998,-0.0196999946391486));
#10049=CARTESIAN_POINT('',(-0.0657000000000018,0.0334500050043578,-0.0196999946391486));
#10050=CARTESIAN_POINT('',(-0.0657000000000018,0.0360000100067158,-0.0196999946391486));
#10051=CARTESIAN_POINT('',(-0.0657000000000018,0.0360000100067158,-0.0196999946391486));
#10052=CARTESIAN_POINT('',(-0.0657000000000018,0.0360000100067158,-0.0206999946391487));
#10053=CARTESIAN_POINT('',(-0.0657000000000018,0.0334500050043578,-0.0206999946391487));
#10054=CARTESIAN_POINT('',(-0.0657000000000018,0.0339000000019998,-0.0206999946391487));
#10055=CARTESIAN_POINT('',(-0.0657000000000018,0.0339000000019999,0.276987349144899));
#10056=CARTESIAN_POINT('',(-0.0657,0.0339000050043579,-0.0232999973195743));
#10057=CARTESIAN_POINT('',(-0.0656999999999982,0.0339000100067161,-0.0232999946391486));
#10058=CARTESIAN_POINT('',(-0.0745000000016211,-0.000996083743284787,-0.0232999946391486));
#10059=CARTESIAN_POINT('',(-0.0478999999999982,0.000700010006715899,-0.0232999946391486));
#10060=CARTESIAN_POINT('',(-0.0478999999999982,-0.0150724191007738,-0.0232999946391486));
#10061=CARTESIAN_POINT('',(-0.0478999999999982,-0.0118065345782634,-0.0232999946391486));
#10062=CARTESIAN_POINT('',(-0.0598769989342012,-0.00326291744917527,-0.0232999946391486));
#10063=CARTESIAN_POINT('',(-0.0477044026839402,-0.0148707050616851,-0.0232999946391486));
#10064=CARTESIAN_POINT('',(-0.0704797475496291,0.00684785445110498,-0.0232999946391486));
#10065=CARTESIAN_POINT('',(-0.0468019510623823,-0.0110345292695524,-0.0232999946391486));
#10066=CARTESIAN_POINT('',(-0.0476776106090591,-0.0120073853617341,-0.0232999946391486));
#10067=CARTESIAN_POINT('',(0.0117762310723792,0.0540456439094912,-0.0232999946391486));
#10068=CARTESIAN_POINT('',(-0.0745000000016211,-0.000996083743284787,-0.0232999946391486));
#10069=CARTESIAN_POINT('',(-0.0603095051497203,-0.0340999899932843,-0.0232999946391486));
#10070=CARTESIAN_POINT('',(-0.0614095051497203,-0.0340999899932843,-0.0232999946391486));
#10071=CARTESIAN_POINT('',(-0.0475999999999982,0.000700010006715899,-0.0232999946391486));
#10072=CARTESIAN_POINT('',(-0.0475999999999982,-0.0324999899932842,-0.0232999946391486));
#10073=CARTESIAN_POINT('',(-0.0475999999999982,-0.0184809817046495,-0.0232999946391486));
#10074=CARTESIAN_POINT('',(-0.0141086550906633,0.0170480096950078,-0.0232999946391486));
#10075=CARTESIAN_POINT('',(-0.0478999999999982,-0.0181957758980769,-0.0232999946391486));
#10076=CARTESIAN_POINT('',(-0.0478999999999982,0.000700010006715899,-0.0232999946391486));
#10077=CARTESIAN_POINT('',(-0.0478999999999982,-0.0321999899932843,-0.0232999946391486));
#10078=CARTESIAN_POINT('',(-0.0527047525748593,-0.0321999899932843,-0.0232999946391486));
#10079=CARTESIAN_POINT('',(-0.0575095051497203,-0.0321999899932843,-0.0232999946391486));
#10080=CARTESIAN_POINT('',(-0.0575095051497203,-0.0320499899932842,-0.0232999946391486));
#10081=CARTESIAN_POINT('',(-0.0575095051497203,-0.0318999899932843,-0.0232999946391486));
#10082=CARTESIAN_POINT('',(-0.0603095051497203,-0.0318999899932843,-0.0232999946391486));
#10083=CARTESIAN_POINT('',(-0.0631095051497203,-0.0318999899932843,-0.0232999946391486));
#10084=CARTESIAN_POINT('',(-0.0631095051497203,-0.0320499899932842,-0.0232999946391486));
#10085=CARTESIAN_POINT('',(-0.0631095051497203,-0.0321999899932843,-0.0232999946391486));
#10086=CARTESIAN_POINT('',(-0.0642547525748593,-0.0321999899932843,-0.0232999946391486));
#10087=CARTESIAN_POINT('',(-0.065146977223925,0.000251094831392162,-0.0232999946391486));
#10088=CARTESIAN_POINT('',(-0.0654130842171236,-0.00103106433771065,-0.0232999946391486));
#10089=CARTESIAN_POINT('',(-0.0660022196361862,-0.00386964813039658,-0.0232999946391486));
#10090=CARTESIAN_POINT('',(-0.0656182267141658,-0.000996115822255332,-0.0232999946391486));
#10091=CARTESIAN_POINT('',(-0.067099317985268,-0.0120797081571907,-0.0232999946391486));
#10092=CARTESIAN_POINT('',(-0.0656999999999982,-0.00098549527044323,-0.0232999946391486));
#10093=CARTESIAN_POINT('',(-0.0656999999999982,0.000700010006715901,-0.0232999946391486));
#10094=CARTESIAN_POINT('',(-0.0656999999999982,-0.0324999899932842,-0.0232999946391486));
#10095=CARTESIAN_POINT('',(-0.0642547525748593,-0.0324999899932842,-0.0232999946391486));
#10096=CARTESIAN_POINT('',(-0.0628095051497203,-0.0324999899932842,-0.0232999946391486));
#10097=CARTESIAN_POINT('',(-0.0628095051497203,-0.0340999899932843,-0.0232999946391486));
#10098=CARTESIAN_POINT('',(-0.0628095051497203,-0.0356999899932842,-0.0232999946391486));
#10099=CARTESIAN_POINT('',(-0.0603095051497203,-0.0356999899932842,-0.0232999946391486));
#10100=CARTESIAN_POINT('',(-0.0578095051497203,-0.0356999899932842,-0.0232999946391486));
#10101=CARTESIAN_POINT('',(-0.0578095051497203,-0.0340999899932843,-0.0232999946391486));
#10102=CARTESIAN_POINT('',(-0.0578095051497203,-0.0324999899932842,-0.0232999946391486));
#10103=CARTESIAN_POINT('',(-0.0527047525748593,-0.0324999899932842,-0.0232999946391486));
#10104=CARTESIAN_POINT('',(-0.0745000000016211,-0.000996083743284787,-0.0232999946391486));
#10105=CARTESIAN_POINT('',(-0.0486000000000018,0.0309000000019998,-0.0233));
#10106=CARTESIAN_POINT('',(-0.0478999999999982,0.0309000000019998,-0.0232999946391486));
#10107=CARTESIAN_POINT('',(-0.0478999999999982,0.000700010006715899,-0.0232999946391486));
#10108=CARTESIAN_POINT('',(-0.0478999999999982,-0.00543938885174288,-0.0232999946391486));
#10109=CARTESIAN_POINT('',(-0.0645336645787486,-0.0238620903978331,-0.0232999946391486));
#10110=CARTESIAN_POINT('',(-0.0476974777012338,-0.00562428512965214,-0.0232999946391486));
#10111=CARTESIAN_POINT('',(-0.0674755568440663,-0.0270488528418713,-0.0232999946391486));
#10112=CARTESIAN_POINT('',(-0.0745000000016211,-0.000996083743284787,-0.0232999946391486));
#10113=CARTESIAN_POINT('',(-0.0478999999999982,0.000700010006715899,-0.0232999946391486));
#10114=CARTESIAN_POINT('',(-0.0478999999999982,-0.00817317145909359,-0.0232999946391486));
#10115=CARTESIAN_POINT('',(-0.0478999999999982,-0.00713808292525303,-0.0232999946391486));
#10116=CARTESIAN_POINT('',(-0.0485455753808637,-0.00771943130784618,-0.0232999946391486));
#10117=CARTESIAN_POINT('',(-0.0478103893736732,-0.00800604818115435,-0.0232999946391486));
#10118=CARTESIAN_POINT('',(-0.0483037723056344,-0.00781370012694803,-0.0232999946391486));
#10119=CARTESIAN_POINT('',(-0.047774765947409,-0.00778968420588082,-0.0232999946391486));
#10120=CARTESIAN_POINT('',(-0.0502726855786694,-0.00790308723462786,-0.0232999946391486));
#10121=CARTESIAN_POINT('',(-0.0478113726946398,-0.00746217724599646,-0.0232999946391486));
#10122=CARTESIAN_POINT('',(-0.0496578284720744,-0.00779294649790718,-0.0232999946391486));
#10123=CARTESIAN_POINT('',(-0.0745000000016211,-0.000996083743284788,-0.0239999946391487));
#10124=CARTESIAN_POINT('',(-0.0660230372789798,0.00267426133550536,-0.0239999946391487));
#10125=CARTESIAN_POINT('',(-0.0649680634145344,0.00100732292392853,-0.0239999946391487));
#10126=CARTESIAN_POINT('',(-0.065528393759365,0.000764554208442104,-0.0239999946391487));
#10127=CARTESIAN_POINT('',(-0.0665870335876653,0.00485173330236794,-0.0239999946391487));
#10128=CARTESIAN_POINT('',(-0.0649643658638712,0.00531250045121944,-0.0239999946391487));
#10129=CARTESIAN_POINT('',(-0.0656538147100652,0.00749938178536122,-0.0239999946391487));
#10130=CARTESIAN_POINT('',(-0.0647560796402935,0.00465182045173858,-0.0239999946391487));
#10131=CARTESIAN_POINT('',(-0.0649947785968606,0.00762798520060155,-0.0239999946391487));
#10132=CARTESIAN_POINT('',(-0.064741280663369,0.00446733523590618,-0.0239999946391487));
#10133=CARTESIAN_POINT('',(-0.0643031604294267,0.00760772057248889,-0.0239999946391487));
#10134=CARTESIAN_POINT('',(-0.0647241864350904,0.00458985894434947,-0.0239999946391487));
#10135=CARTESIAN_POINT('',(-0.0636396897126215,0.00743742256312883,-0.0239999946391487));
#10136=CARTESIAN_POINT('',(-0.0642135477326429,0.00593064932806192,-0.0239999946391487));
#10137=CARTESIAN_POINT('',(-0.0631557286178002,0.00714748840095953,-0.0239999946391487));
#10138=CARTESIAN_POINT('',(-0.0666177954005434,0.00316498290584634,-0.0239999946391487));
#10139=CARTESIAN_POINT('',(-0.0626151874144767,0.00660378876495721,-0.0239999946391487));
#10140=CARTESIAN_POINT('',(-0.0666434125886098,0.00314296777284604,-0.0239999946391487));
#10141=CARTESIAN_POINT('',(-0.0621554669845343,0.00598237338807906,-0.0239999946391487));
#10142=CARTESIAN_POINT('',(-0.0636961480362028,0.00500762324504397,-0.0239999946391487));
#10143=CARTESIAN_POINT('',(-0.0619255805045266,0.00544228007530373,-0.0239999946391487));
#10144=CARTESIAN_POINT('',(-0.0640379791233627,0.00492370791572572,-0.0239999946391487));
#10145=CARTESIAN_POINT('',(-0.0619184900329258,0.00443492268163099,-0.0239999946391487));
#10146=CARTESIAN_POINT('',(-0.0670352944583324,0.0056149351628722,-0.0239999946391487));
#10147=CARTESIAN_POINT('',(-0.0623502994958209,0.00324323973871097,-0.0239999946391487));
#10148=CARTESIAN_POINT('',(-0.0670615731246675,0.00562824268886428,-0.0239999946391487));
#10149=CARTESIAN_POINT('',(-0.0630572987564117,0.00218584162829115,-0.0239999946391487));
#10150=CARTESIAN_POINT('',(-0.0647726016844106,0.00366045722546165,-0.0239999946391487));
#10151=CARTESIAN_POINT('',(-0.0638797254967057,0.00158210994753877,-0.0239999946391487));
#10152=CARTESIAN_POINT('',(-0.0617138073448875,-0.00345950243331513,-0.0239999946391487));
#10153=CARTESIAN_POINT('',(-0.064132626222137,0.00146577644997834,-0.0239999946391487));
#10154=CARTESIAN_POINT('',(-0.0591147206287974,-0.00875184818876301,-0.0239999946391487));
#10155=CARTESIAN_POINT('',(-0.0644307670412775,0.00131387981979352,-0.0239999946391487));
#10156=CARTESIAN_POINT('',(-0.059088586046856,-0.00880135882606741,-0.0239999946391487));
#10157=CARTESIAN_POINT('',(-0.0647254798221735,0.00115265439502406,-0.0239999946391487));
#10158=CARTESIAN_POINT('',(-0.0618802993716642,-0.00387157130765483,-0.0239999946391487));
#10159=CARTESIAN_POINT('',(-0.0642547525748593,-0.0324999899932842,-0.0232999946391486));
#10160=CARTESIAN_POINT('',(-0.0642547525748593,-0.0324999899932842,-0.0239999946391487));
#10161=CARTESIAN_POINT('',(-0.0628095051497203,-0.0324999899932842,-0.0239999946391487));
#10162=CARTESIAN_POINT('',(-0.0656999999999982,-0.0324999899932842,-0.0239999946391487));
#10163=CARTESIAN_POINT('',(-0.0628095051497203,-0.0324999899932842,-0.0232999946391486));
#10164=CARTESIAN_POINT('',(-0.0656999999999982,-0.0324999899932842,-0.0232999946391486));
#10165=CARTESIAN_POINT('',(-0.0628095051497203,-0.0340999899932843,-0.0232999946391486));
#10166=CARTESIAN_POINT('',(-0.0628095051497203,-0.0340999899932843,-0.0239999946391487));
#10167=CARTESIAN_POINT('',(-0.0628095051497203,-0.0356999899932842,-0.0239999946391487));
#10168=CARTESIAN_POINT('',(-0.0628095051497203,-0.0356999899932842,-0.0232999946391486));
#10169=CARTESIAN_POINT('',(-0.0603095051497203,-0.0356999899932842,-0.0232999946391486));
#10170=CARTESIAN_POINT('',(-0.0603095051497203,-0.0356999899932842,-0.0239999946391487));
#10171=CARTESIAN_POINT('',(-0.0578095051497203,-0.0356999899932842,-0.0239999946391487));
#10172=CARTESIAN_POINT('',(-0.0578095051497203,-0.0356999899932842,-0.0232999946391486));
#10173=CARTESIAN_POINT('',(-0.0578095051497203,-0.0340999899932843,-0.0232999946391486));
#10174=CARTESIAN_POINT('',(-0.0578095051497203,-0.0340999899932843,-0.0239999946391487));
#10175=CARTESIAN_POINT('',(-0.0578095051497203,-0.0324999899932842,-0.0239999946391487));
#10176=CARTESIAN_POINT('',(-0.0578095051497203,-0.0324999899932842,-0.0232999946391486));
#10177=CARTESIAN_POINT('',(-0.0527047525748593,-0.0324999899932842,-0.0232999946391486));
#10178=CARTESIAN_POINT('',(-0.0527047525748593,-0.0324999899932842,-0.0239999946391487));
#10179=CARTESIAN_POINT('',(-0.0475999999999982,-0.0324999899932842,-0.0239999946391487));
#10180=CARTESIAN_POINT('',(-0.0475999999999982,-0.0324999899932842,-0.0232999946391486));
#10181=CARTESIAN_POINT('',(-0.0475999999999982,0.000700010006715899,-0.0232999946391486));
#10182=CARTESIAN_POINT('',(-0.0475999999999982,-0.0184809817046495,-0.0229999946391486));
#10183=CARTESIAN_POINT('',(-0.0475999999999982,-0.0184809817046495,-0.0239999946391487));
#10184=CARTESIAN_POINT('',(-0.0475999999999982,0.000700010006715899,-0.0239999946391487));
#10185=CARTESIAN_POINT('',(-0.0566499999999982,0.0339000100067161,-0.0232999946391486));
#10186=CARTESIAN_POINT('',(-0.0566499999999982,0.0339000100067161,-0.0239999946391487));
#10187=CARTESIAN_POINT('',(-0.0647000000000018,0.0339000000019998,-0.0233));
#10188=CARTESIAN_POINT('',(-0.0566499999999982,0.0339000100067161,-0.0232999946391486));
#10189=CARTESIAN_POINT('',(-0.0656999999999982,0.000700010006715901,-0.0232999946391486));
#10190=CARTESIAN_POINT('',(-0.0656999999999982,-0.000985495270443229,-0.0229999946391486));
#10191=CARTESIAN_POINT('',(-0.0656999999999982,-0.00098549527044323,-0.0239999946391487));
#10192=CARTESIAN_POINT('',(-0.0656999999999982,0.0007000100067159,-0.0239999946391487));
#10193=CARTESIAN_POINT('',(-0.0603095051497203,-0.0340999899932843,-0.0232999946391486));
#10194=CARTESIAN_POINT('',(-0.0603095051497203,-0.0340999899932843,-0.0239999946391487));
#10195=CARTESIAN_POINT('',(-0.0614095051497203,-0.0340999899932843,-0.0239999946391487));
#10196=CARTESIAN_POINT('',(-0.0745000000016211,-0.000996083743284787,-0.0232999946391486));
#10197=CARTESIAN_POINT('',(-0.0665870335876653,0.00485173330236794,-0.0232999946391486));
#10198=CARTESIAN_POINT('',(-0.065528393759365,0.000764554208442104,-0.0232999946391486));
#10199=CARTESIAN_POINT('',(-0.0660230372789798,0.00267426133550536,-0.0232999946391486));
#10200=CARTESIAN_POINT('',(-0.0647560796402935,0.00465182045173858,-0.0232999946391486));
#10201=CARTESIAN_POINT('',(-0.0656538147100652,0.00749938178536122,-0.0232999946391486));
#10202=CARTESIAN_POINT('',(-0.0649643658638712,0.00531250045121944,-0.0232999946391486));
#10203=CARTESIAN_POINT('',(-0.0745000000016211,-0.000996083743284788,-0.0239999946391487));
#10204=CARTESIAN_POINT('',(-0.0141086550906633,0.0170480096950078,-0.0239999946391487));
#10205=CARTESIAN_POINT('',(-0.0483839897343589,-0.0177252681023992,-0.0239999946391487));
#10206=CARTESIAN_POINT('',(-0.067099317985268,-0.0120797081571907,-0.0239999946391487));
#10207=CARTESIAN_POINT('',(-0.0656182267141658,-0.000996115822255332,-0.0239999946391487));
#10208=CARTESIAN_POINT('',(-0.0660022196361862,-0.00386964813039658,-0.0239999946391487));
#10209=CARTESIAN_POINT('',(-0.0654130842171236,-0.00103106433771065,-0.0239999946391487));
#10210=CARTESIAN_POINT('',(-0.065146977223925,0.000251094831392162,-0.0239999946391487));
#10211=CARTESIAN_POINT('',(-0.065008103990767,-0.00105100320326416,-0.0239999946391487));
#10212=CARTESIAN_POINT('',(-0.0655787215616436,0.0042991972127798,-0.0239999946391487));
#10213=CARTESIAN_POINT('',(-0.0644305808706215,-0.000957419746600944,-0.0239999946391487));
#10214=CARTESIAN_POINT('',(-0.0657733579941796,0.00519028902041352,-0.0239999946391487));
#10215=CARTESIAN_POINT('',(-0.0637948945170401,-0.000783240569134256,-0.0239999946391487));
#10216=CARTESIAN_POINT('',(-0.065655678653092,0.00483497059943542,-0.0239999946391487));
#10217=CARTESIAN_POINT('',(-0.0631908656760355,-0.000545690263670252,-0.0239999946391487));
#10218=CARTESIAN_POINT('',(-0.063880096784821,0.000958893941763125,-0.0239999946391487));
#10219=CARTESIAN_POINT('',(-0.0629471774896484,-0.000408027687757759,-0.0239999946391487));
#10220=CARTESIAN_POINT('',(-0.0676372642787373,0.00646392566417074,-0.0239999946391487));
#10221=CARTESIAN_POINT('',(-0.0626019431121611,-0.000159230510169172,-0.0239999946391487));
#10222=CARTESIAN_POINT('',(-0.0683131318387896,0.00735292546889654,-0.0239999946391487));
#10223=CARTESIAN_POINT('',(-0.0622274732524833,0.000140788220070934,-0.0239999946391487));
#10224=CARTESIAN_POINT('',(-0.0678454218480037,0.00679864865048546,-0.0239999946391487));
#10225=CARTESIAN_POINT('',(-0.0618763332838082,0.000453695250689677,-0.0239999946391487));
#10226=CARTESIAN_POINT('',(-0.0738350172932355,0.0131654037886501,-0.0239999946391487));
#10227=CARTESIAN_POINT('',(-0.0613698117581921,0.000949991058802955,-0.0239999946391487));
#10228=CARTESIAN_POINT('',(-0.0626773916600802,0.00223136549732458,-0.0239999946391487));
#10229=CARTESIAN_POINT('',(-0.0611284466200767,0.00125542753076789,-0.0239999946391487));
#10230=CARTESIAN_POINT('',(-0.0625082285587919,0.0021247815177665,-0.0239999946391487));
#10231=CARTESIAN_POINT('',(-0.0609660913903378,0.00159432180507643,-0.0239999946391487));
#10232=CARTESIAN_POINT('',(-0.0723750052341404,0.0055187426196023,-0.0239999946391487));
#10233=CARTESIAN_POINT('',(-0.060774901090396,0.00220181969630741,-0.0239999946391487));
#10234=CARTESIAN_POINT('',(-0.0657076575114083,0.00361229313002723,-0.0239999946391487));
#10235=CARTESIAN_POINT('',(-0.0606111134595159,0.00302342986628264,-0.0239999946391487));
#10236=CARTESIAN_POINT('',(-0.0773578596264297,0.00495839900953084,-0.0239999946391487));
#10237=CARTESIAN_POINT('',(-0.0605188274157494,0.0041555248151289,-0.0239999946391487));
#10238=CARTESIAN_POINT('',(-0.0894259242727517,0.00553381389507482,-0.0239999946391487));
#10239=CARTESIAN_POINT('',(-0.0604871413499221,0.00527541027018171,-0.0239999946391487));
#10240=CARTESIAN_POINT('',(-0.0608825527781746,0.00527894146284747,-0.0239999946391487));
#10241=CARTESIAN_POINT('',(-0.0606143312586824,0.00556949246249398,-0.0239999946391487));
#10242=CARTESIAN_POINT('',(-0.0604341410736126,0.00576468336543223,-0.0239999946391487));
#10243=CARTESIAN_POINT('',(-0.0606612622149542,0.0056269010061077,-0.0239999946391487));
#10244=CARTESIAN_POINT('',(-0.0577490798628853,0.00739357051945559,-0.0239999946391487));
#10245=CARTESIAN_POINT('',(-0.0607350027472195,0.00575460994948959,-0.0239999946391487));
#10246=CARTESIAN_POINT('',(-0.0575056416473628,0.00752719301446781,-0.0239999946391487));
#10247=CARTESIAN_POINT('',(-0.0608156650213204,0.00591023008991771,-0.0239999946391487));
#10248=CARTESIAN_POINT('',(-0.056691355033435,0.00792497604397132,-0.0239999946391487));
#10249=CARTESIAN_POINT('',(-0.0608935821429494,0.00607824340073108,-0.0239999946391487));
#10250=CARTESIAN_POINT('',(-0.0669590371820681,0.00341268825866788,-0.0239999946391487));
#10251=CARTESIAN_POINT('',(-0.0612032058243973,0.00669374516597739,-0.0239999946391487));
#10252=CARTESIAN_POINT('',(-0.0648939738019137,0.00458985732743369,-0.0239999946391487));
#10253=CARTESIAN_POINT('',(-0.061546310254933,0.00720543777491542,-0.0239999946391487));
#10254=CARTESIAN_POINT('',(-0.0648830930573522,0.00459835875461003,-0.0239999946391487));
#10255=CARTESIAN_POINT('',(-0.0619592914095502,0.00766142330060767,-0.0239999946391487));
#10256=CARTESIAN_POINT('',(-0.0664752216504738,0.0029303939118483,-0.0239999946391487));
#10257=CARTESIAN_POINT('',(-0.062479945670839,0.00810862091196582,-0.0239999946391487));
#10258=CARTESIAN_POINT('',(-0.0687014192156703,4.50604541219312E-5,-0.0239999946391487));
#10259=CARTESIAN_POINT('',(-0.0631992397005812,0.00861557741111311,-0.0239999946391487));
#10260=CARTESIAN_POINT('',(-0.0665384832677501,0.00341419180332728,-0.0239999946391487));
#10261=CARTESIAN_POINT('',(-0.0638773374192496,0.0089930144940721,-0.0239999946391487));
#10262=CARTESIAN_POINT('',(-0.065776204926937,0.00501222855077061,-0.0239999946391487));
#10263=CARTESIAN_POINT('',(-0.0644754222844265,0.00922652790595185,-0.0239999946391487));
#10264=CARTESIAN_POINT('',(-0.0648640224396283,0.0079675322441004,-0.0239999946391487));
#10265=CARTESIAN_POINT('',(-0.0649415963536436,0.0092828506257282,-0.0239999946391487));
#10266=CARTESIAN_POINT('',(-0.0650394578407195,0.0109421578084198,-0.0239999946391487));
#10267=CARTESIAN_POINT('',(-0.065124821897571,0.00928216076776506,-0.0239999946391487));
#10268=CARTESIAN_POINT('',(-0.0650105954686603,0.0115034466955237,-0.0239999946391487));
#10269=CARTESIAN_POINT('',(-0.0653210401921429,0.00930099739449949,-0.0239999946391487));
#10270=CARTESIAN_POINT('',(-0.06503904746672,0.0113015835163377,-0.0239999946391487));
#10271=CARTESIAN_POINT('',(-0.0655012043949695,0.00933479026290356,-0.0239999946391487));
#10272=CARTESIAN_POINT('',(-0.0653486004363941,0.00998422292130555,-0.0239999946391487));
#10273=CARTESIAN_POINT('',(-0.0656316230138064,0.00938011285960577,-0.0239999946391487));
#10274=CARTESIAN_POINT('',(-0.0657674133613757,0.00909026898842103,-0.0239999946391487));
#10275=CARTESIAN_POINT('',(-0.0674755568440663,-0.0270488528418713,-0.0239999946391487));
#10276=CARTESIAN_POINT('',(-0.0476974777012338,-0.00562428512965214,-0.0239999946391487));
#10277=CARTESIAN_POINT('',(-0.0645336645787486,-0.0238620903978331,-0.0239999946391487));
#10278=CARTESIAN_POINT('',(-0.0483273841827441,-0.00506232430086342,-0.0239999946391487));
#10279=CARTESIAN_POINT('',(-0.050799418805092,-0.00792996674680152,-0.0239999946391487));
#10280=CARTESIAN_POINT('',(-0.0487402891419424,-0.00475281182420646,-0.0239999946391487));
#10281=CARTESIAN_POINT('',(-0.0503284975302217,-0.00720335672884838,-0.0239999946391487));
#10282=CARTESIAN_POINT('',(-0.0491560801745838,-0.00452884485591414,-0.0239999946391487));
#10283=CARTESIAN_POINT('',(-0.053393928276531,-0.0141961597938864,-0.0239999946391487));
#10284=CARTESIAN_POINT('',(-0.0497654620719133,-0.00428401735912155,-0.0239999946391487));
#10285=CARTESIAN_POINT('',(-0.0540609879394923,-0.0160183543504704,-0.0239999946391487));
#10286=CARTESIAN_POINT('',(-0.0501808855024324,-0.00414018057738978,-0.0239999946391487));
#10287=CARTESIAN_POINT('',(-0.0534842960814494,-0.014252884053112,-0.0239999946391487));
#10288=CARTESIAN_POINT('',(-0.0505848029915401,-0.00401705321907541,-0.0239999946391487));
#10289=CARTESIAN_POINT('',(-0.0532249070652586,-0.0133371992336075,-0.0239999946391487));
#10290=CARTESIAN_POINT('',(-0.0509315173014493,-0.0039257362950672,-0.0239999946391487));
#10291=CARTESIAN_POINT('',(-0.0511489816835535,-0.00481815091542326,-0.0239999946391487));
#10292=CARTESIAN_POINT('',(-0.0511209493249163,-0.00390005026790227,-0.0239999946391487));
#10293=CARTESIAN_POINT('',(-0.0512031022642679,-0.00659062025298168,-0.0239999946391487));
#10294=CARTESIAN_POINT('',(-0.0516059295901314,-0.00392910825872126,-0.0239999946391487));
#10295=CARTESIAN_POINT('',(-0.0494613079856663,-0.0180988795801277,-0.0239999946391487));
#10296=CARTESIAN_POINT('',(-0.0523448194471246,-0.00406081764911566,-0.0239999946391487));
#10297=CARTESIAN_POINT('',(-0.0476615949656151,-0.0268607270385363,-0.0239999946391487));
#10298=CARTESIAN_POINT('',(-0.0530827440797488,-0.00422492349652949,-0.0239999946391487));
#10299=CARTESIAN_POINT('',(-0.0529875700699553,-0.00462232237417465,-0.0239999946391487));
#10300=CARTESIAN_POINT('',(-0.0532878271371998,-0.0043451407484064,-0.0239999946391487));
#10301=CARTESIAN_POINT('',(-0.0535037708805545,-0.00414579269323548,-0.0239999946391487));
#10302=CARTESIAN_POINT('',(-0.0533504241901114,-0.00439650396128025,-0.0239999946391487));
#10303=CARTESIAN_POINT('',(-0.0536804951435134,-0.00385685922139503,-0.0239999946391487));
#10304=CARTESIAN_POINT('',(-0.0534381620399082,-0.00444118613885008,-0.0239999946391487));
#10305=CARTESIAN_POINT('',(-0.0536965829199261,-0.00381806860673898,-0.0239999946391487));
#10306=CARTESIAN_POINT('',(-0.0535355845552436,-0.00447315359101431,-0.0239999946391487));
#10307=CARTESIAN_POINT('',(-0.0536465782602432,-0.00402152978935324,-0.0239999946391487));
#10308=CARTESIAN_POINT('',(-0.0536280089970894,-0.00448622199204473,-0.0239999946391487));
#10309=CARTESIAN_POINT('',(-0.0536187026939834,-0.00471910836514666,-0.0239999946391487));
#10310=CARTESIAN_POINT('',(-0.0537573421576778,-0.0045317537037139,-0.0239999946391487));
#10311=CARTESIAN_POINT('',(-0.0484325046094643,-0.0117276244394051,-0.0239999946391487));
#10312=CARTESIAN_POINT('',(-0.0540620418860463,-0.00476754106266204,-0.0239999946391487));
#10313=CARTESIAN_POINT('',(-0.0488820564123988,-0.0111718136029826,-0.0239999946391487));
#10314=CARTESIAN_POINT('',(-0.0544190613738382,-0.00507357350153537,-0.0239999946391487));
#10315=CARTESIAN_POINT('',(-0.0455219732411294,-0.0148724854183225,-0.0239999946391487));
#10316=CARTESIAN_POINT('',(-0.0548040104577895,-0.00543741058540902,-0.0239999946391487));
#10317=CARTESIAN_POINT('',(-0.0363815897254083,-0.0241635451999452,-0.0239999946391487));
#10318=CARTESIAN_POINT('',(-0.0553499253190292,-0.00599059970257544,-0.0239999946391487));
#10319=CARTESIAN_POINT('',(-0.052978481003491,-0.00826259766940601,-0.0239999946391487));
#10320=CARTESIAN_POINT('',(-0.0556377467982557,-0.00633541622081971,-0.0239999946391487));
#10321=CARTESIAN_POINT('',(-0.0541610444776899,-0.00740558809414502,-0.0239999946391487));
#10322=CARTESIAN_POINT('',(-0.0558210940481756,-0.00665050332701534,-0.0239999946391487));
#10323=CARTESIAN_POINT('',(-0.0524809133151143,-0.00816980694549203,-0.0239999946391487));
#10324=CARTESIAN_POINT('',(-0.0559774788877593,-0.00705664926985743,-0.0239999946391487));
#10325=CARTESIAN_POINT('',(-0.0509508347246147,-0.00865691639981746,-0.0239999946391487));
#10326=CARTESIAN_POINT('',(-0.056214579238418,-0.00830906567966411,-0.0239999946391487));
#10327=CARTESIAN_POINT('',(-0.0508554671272077,-0.00866321825484652,-0.0239999946391487));
#10328=CARTESIAN_POINT('',(-0.0561461019546474,-0.00958771259756147,-0.0239999946391487));
#10329=CARTESIAN_POINT('',(-0.050917435309248,-0.00867404588235565,-0.0239999946391487));
#10330=CARTESIAN_POINT('',(-0.0557780722449729,-0.0108066382799446,-0.0239999946391487));
#10331=CARTESIAN_POINT('',(-0.0511903826749077,-0.00879380454743569,-0.0239999946391487));
#10332=CARTESIAN_POINT('',(-0.0551340308800126,-0.0118834702349144,-0.0239999946391487));
#10333=CARTESIAN_POINT('',(-0.0448903002411844,-0.00385799327533215,-0.0239999946391487));
#10334=CARTESIAN_POINT('',(-0.0546283925877516,-0.0124900182567246,-0.0239999946391487));
#10335=CARTESIAN_POINT('',(-0.0511038263693389,-0.00936577646906782,-0.0239999946391487));
#10336=CARTESIAN_POINT('',(-0.054195197833884,-0.0129192080842692,-0.0239999946391487));
#10337=CARTESIAN_POINT('',(-0.0518369078782915,-0.0102084315256348,-0.0239999946391487));
#10338=CARTESIAN_POINT('',(-0.0537579336665521,-0.0132447946439604,-0.0239999946391487));
#10339=CARTESIAN_POINT('',(-0.0512403761278307,-0.00926556285771656,-0.0239999946391487));
#10340=CARTESIAN_POINT('',(-0.0532464240966767,-0.0135256277769538,-0.0239999946391487));
#10341=CARTESIAN_POINT('',(-0.0589374042149616,-0.0256110633344036,-0.0239999946391487));
#10342=CARTESIAN_POINT('',(-0.0528381366794177,-0.013726453839353,-0.0239999946391487));
#10343=CARTESIAN_POINT('',(-0.0531918044249281,-0.014415589465015,-0.0239999946391487));
#10344=CARTESIAN_POINT('',(-0.0526663934443362,-0.0138464391454645,-0.0239999946391487));
#10345=CARTESIAN_POINT('',(-0.0528787964825939,-0.0140765242885012,-0.0239999946391487));
#10346=CARTESIAN_POINT('',(-0.0525817478688418,-0.0139774468199459,-0.0239999946391487));
#10347=CARTESIAN_POINT('',(-0.0534201627376848,-0.014257091436058,-0.0239999946391487));
#10348=CARTESIAN_POINT('',(-0.0525399002230242,-0.0141778543935789,-0.0239999946391487));
#10349=CARTESIAN_POINT('',(-0.0515183121139636,-0.0140858947030362,-0.0239999946391487));
#10350=CARTESIAN_POINT('',(-0.0524062887242001,-0.0145993110924625,-0.0239999946391487));
#10351=CARTESIAN_POINT('',(-0.0521594020612562,-0.0144565641486273,-0.0239999946391487));
#10352=CARTESIAN_POINT('',(-0.052138188969316,-0.0147409577474376,-0.0239999946391487));
#10353=CARTESIAN_POINT('',(-0.052201943822437,-0.0138862361610049,-0.0239999946391487));
#10354=CARTESIAN_POINT('',(-0.0517079637994154,-0.0145866627513525,-0.0239999946391487));
#10355=CARTESIAN_POINT('',(-0.0564497645639525,-0.00786316129698308,-0.0239999946391487));
#10356=CARTESIAN_POINT('',(-0.0510450871894171,-0.0140663547305831,-0.0239999946391487));
#10357=CARTESIAN_POINT('',(-0.0450360234149296,-0.0209632202951201,-0.0239999946391487));
#10358=CARTESIAN_POINT('',(-0.0507736404407294,-0.0138389411788581,-0.0239999946391487));
#10359=CARTESIAN_POINT('',(-0.0448832645086273,-0.0211529055684405,-0.0239999946391487));
#10360=CARTESIAN_POINT('',(-0.0504918342151306,-0.0136206715332514,-0.0239999946391487));
#10361=CARTESIAN_POINT('',(-0.0455316981541117,-0.0202820761078512,-0.0239999946391487));
#10362=CARTESIAN_POINT('',(-0.050237542996407,-0.0134386643147058,-0.0239999946391487));
#10363=CARTESIAN_POINT('',(-0.0494431554633598,-0.0145938905328851,-0.0239999946391487));
#10364=CARTESIAN_POINT('',(-0.0500681020923789,-0.0133388842067228,-0.0239999946391487));
#10365=CARTESIAN_POINT('',(-0.0506482864972436,-0.0121737675951099,-0.0239999946391487));
#10366=CARTESIAN_POINT('',(-0.049907758316854,-0.0132441547570067,-0.0239999946391487));
#10367=CARTESIAN_POINT('',(-0.0501329846194358,-0.0129186047402212,-0.0239999946391487));
#10368=CARTESIAN_POINT('',(-0.0498103454386864,-0.0131479814169978,-0.0239999946391487));
#10369=CARTESIAN_POINT('',(-0.0500598237647679,-0.0129706172714356,-0.0239999946391487));
#10370=CARTESIAN_POINT('',(-0.049760485501826,-0.0130346022669764,-0.0239999946391487));
#10371=CARTESIAN_POINT('',(-0.0503338535447142,-0.0129120425481439,-0.0239999946391487));
#10372=CARTESIAN_POINT('',(-0.0497480005509096,-0.0128886317186857,-0.0239999946391487));
#10373=CARTESIAN_POINT('',(-0.0501223208793438,-0.0129035901109008,-0.0239999946391487));
#10374=CARTESIAN_POINT('',(-0.0498699621671254,-0.0126267245439838,-0.0239999946391487));
#10375=CARTESIAN_POINT('',(-0.0502869162722081,-0.013084169271152,-0.0239999946391487));
#10376=CARTESIAN_POINT('',(-0.0501669727938172,-0.0124769461110612,-0.0239999946391487));
#10377=CARTESIAN_POINT('',(-0.050458201839429,-0.0139513034403743,-0.0239999946391487));
#10378=CARTESIAN_POINT('',(-0.0506462035406786,-0.0124602637856922,-0.0239999946391487));
#10379=CARTESIAN_POINT('',(-0.0500202080778675,-0.0174250419387845,-0.0239999946391487));
#10380=CARTESIAN_POINT('',(-0.0512884830062546,-0.0125843424919166,-0.0239999946391487));
#10381=CARTESIAN_POINT('',(-0.0544472413664516,-0.000528122942951655,-0.0239999946391487));
#10382=CARTESIAN_POINT('',(-0.0519166246659027,-0.0127316537150627,-0.0239999946391487));
#10383=CARTESIAN_POINT('',(-0.0522307369593477,-0.0112168910680473,-0.0239999946391487));
#10384=CARTESIAN_POINT('',(-0.0522868239261146,-0.0127628621744543,-0.0239999946391487));
#10385=CARTESIAN_POINT('',(-0.0522397768410316,-0.0114660482632287,-0.0239999946391487));
#10386=CARTESIAN_POINT('',(-0.0526326966052108,-0.0127027995751263,-0.0239999946391487));
#10387=CARTESIAN_POINT('',(-0.0504681811912489,-0.0058898122874259,-0.0239999946391487));
#10388=CARTESIAN_POINT('',(-0.0531485000484748,-0.0125168639382918,-0.0239999946391487));
#10389=CARTESIAN_POINT('',(-0.0517975077527009,-0.00917655913552251,-0.0239999946391487));
#10390=CARTESIAN_POINT('',(-0.0534470870311053,-0.0123799486783198,-0.0239999946391487));
#10391=CARTESIAN_POINT('',(-0.0527789068033785,-0.0110823812744857,-0.0239999946391487));
#10392=CARTESIAN_POINT('',(-0.0536675763633046,-0.0122401430796419,-0.0239999946391487));
#10393=CARTESIAN_POINT('',(-0.0529319449202231,-0.0112817597719064,-0.0239999946391487));
#10394=CARTESIAN_POINT('',(-0.0538435016900086,-0.0120746761861989,-0.0239999946391487));
#10395=CARTESIAN_POINT('',(-0.052482444715417,-0.010890759649902,-0.0239999946391487));
#10396=CARTESIAN_POINT('',(-0.0540034749186983,-0.0118606058097168,-0.0239999946391487));
#10397=CARTESIAN_POINT('',(-0.0671332281651186,-0.0202324470931193,-0.0239999946391487));
#10398=CARTESIAN_POINT('',(-0.0541209366002054,-0.0116791778341719,-0.0239999946391487));
#10399=CARTESIAN_POINT('',(-0.0737076270529962,-0.0245539639358744,-0.0239999946391487));
#10400=CARTESIAN_POINT('',(-0.0542534849265529,-0.0114797559605445,-0.0239999946391487));
#10401=CARTESIAN_POINT('',(-0.0724621885886237,-0.0237169581376022,-0.0239999946391487));
#10402=CARTESIAN_POINT('',(-0.0543807896512483,-0.0112924252030095,-0.0239999946391487));
#10403=CARTESIAN_POINT('',(-0.0605460130945306,-0.0155288198646764,-0.0239999946391487));
#10404=CARTESIAN_POINT('',(-0.0544799877226319,-0.0111515654715119,-0.0239999946391487));
#10405=CARTESIAN_POINT('',(-0.0536709092507295,-0.0105677321114466,-0.0239999946391487));
#10406=CARTESIAN_POINT('',(-0.0546569300255922,-0.010720153886663,-0.0239999946391487));
#10407=CARTESIAN_POINT('',(-0.0499453986304307,-0.00999182398902674,-0.0239999946391487));
#10408=CARTESIAN_POINT('',(-0.0547128201020212,-0.0100179972502188,-0.0239999946391487));
#10409=CARTESIAN_POINT('',(-0.0492646308479384,-0.00998807949923413,-0.0239999946391487));
#10410=CARTESIAN_POINT('',(-0.0546602740752184,-0.00923263566675235,-0.0239999946391487));
#10411=CARTESIAN_POINT('',(-0.0504131692052493,-0.0098272744155605,-0.0239999946391487));
#10412=CARTESIAN_POINT('',(-0.054494490149601,-0.00851034071666181,-0.0239999946391487));
#10413=CARTESIAN_POINT('',(-0.0483303144426585,-0.010499366977429,-0.0239999946391487));
#10414=CARTESIAN_POINT('',(-0.054316887923418,-0.00802667096466291,-0.0239999946391487));
#10415=CARTESIAN_POINT('',(-0.0528019410143955,-0.0086524070077573,-0.0239999946391487));
#10416=CARTESIAN_POINT('',(-0.0541428788445492,-0.00770980663196334,-0.0239999946391487));
#10417=CARTESIAN_POINT('',(-0.0522201465679159,-0.00906137328243276,-0.0239999946391487));
#10418=CARTESIAN_POINT('',(-0.0538808972916876,-0.00739838234687106,-0.0239999946391487));
#10419=CARTESIAN_POINT('',(-0.0392089923376552,-0.0220900402674562,-0.0239999946391487));
#10420=CARTESIAN_POINT('',(-0.0533591592870068,-0.0068952259302841,-0.0239999946391487));
#10421=CARTESIAN_POINT('',(-0.0407113257804784,-0.02047678754357,-0.0239999946391487));
#10422=CARTESIAN_POINT('',(-0.0530033661374572,-0.0065723906804641,-0.0239999946391487));
#10423=CARTESIAN_POINT('',(-0.043405112161883,-0.0174296454878138,-0.0239999946391487));
#10424=CARTESIAN_POINT('',(-0.0526604119347599,-0.00627859677275883,-0.0239999946391487));
#10425=CARTESIAN_POINT('',(-0.0437184497475509,-0.0170521396560771,-0.0239999946391487));
#10426=CARTESIAN_POINT('',(-0.0523650737544607,-0.00604015494398708,-0.0239999946391487));
#10427=CARTESIAN_POINT('',(-0.0518198809056281,-0.00673448929959551,-0.0239999946391487));
#10428=CARTESIAN_POINT('',(-0.0522133926205258,-0.00594424631795338,-0.0239999946391487));
#10429=CARTESIAN_POINT('',(-0.0519448475210267,-0.00648353213995829,-0.0239999946391487));
#10430=CARTESIAN_POINT('',(-0.052045600427499,-0.00588956705671026,-0.0239999946391487));
#10431=CARTESIAN_POINT('',(-0.0505709187996851,-0.0145831749799739,-0.0239999946391487));
#10432=CARTESIAN_POINT('',(-0.0516844322468509,-0.00583597014472367,-0.0239999946391487));
#10433=CARTESIAN_POINT('',(-0.050502153206105,-0.0151234621261811,-0.0239999946391487));
#10434=CARTESIAN_POINT('',(-0.0512512744500774,-0.00579103969694803,-0.0239999946391487));
#10435=CARTESIAN_POINT('',(-0.050290710560457,-0.0177577323794772,-0.0239999946391487));
#10436=CARTESIAN_POINT('',(-0.0507886777188784,-0.00576288159035633,-0.0239999946391487));
#10437=CARTESIAN_POINT('',(-0.0505552527439569,-0.0113857146690926,-0.0239999946391487));
#10438=CARTESIAN_POINT('',(-0.049639452024314,-0.00583305331689856,-0.0239999946391487));
#10439=CARTESIAN_POINT('',(-0.0500784999610685,-0.00849507325908244,-0.0239999946391487));
#10440=CARTESIAN_POINT('',(-0.0487411242289524,-0.00615188325088846,-0.0239999946391487));
#10441=CARTESIAN_POINT('',(-0.0496913892164297,-0.00781682189709116,-0.0239999946391487));
#10442=CARTESIAN_POINT('',(-0.0481292321217578,-0.00670565608875707,-0.0239999946391487));
#10443=CARTESIAN_POINT('',(-0.0496578284720744,-0.00779294649790718,-0.0239999946391487));
#10444=CARTESIAN_POINT('',(-0.0478113726946398,-0.00746217724599646,-0.0239999946391487));
#10445=CARTESIAN_POINT('',(-0.0502726855786694,-0.00790308723462786,-0.0239999946391487));
#10446=CARTESIAN_POINT('',(-0.047774765947409,-0.00778968420588082,-0.0239999946391487));
#10447=CARTESIAN_POINT('',(-0.0483037723056344,-0.00781370012694803,-0.0239999946391487));
#10448=CARTESIAN_POINT('',(-0.0478103893736732,-0.00800604818115435,-0.0239999946391487));
#10449=CARTESIAN_POINT('',(-0.0485455753808637,-0.00771943130784618,-0.0239999946391487));
#10450=CARTESIAN_POINT('',(-0.0479366102122288,-0.0082212371673408,-0.0239999946391487));
#10451=CARTESIAN_POINT('',(-0.054379565595614,-0.00291205784471296,-0.0239999946391487));
#10452=CARTESIAN_POINT('',(-0.0482452067432467,-0.00857498117303856,-0.0239999946391487));
#10453=CARTESIAN_POINT('',(-0.0522749802184051,-0.00485489966651541,-0.0239999946391487));
#10454=CARTESIAN_POINT('',(-0.0484972999945553,-0.00883072823457512,-0.0239999946391487));
#10455=CARTESIAN_POINT('',(-0.0498167909353681,-0.00744202841659913,-0.0239999946391487));
#10456=CARTESIAN_POINT('',(-0.0487095050045992,-0.0090051859246113,-0.0239999946391487));
#10457=CARTESIAN_POINT('',(-0.049330658079045,-0.00812830389962879,-0.0239999946391487));
#10458=CARTESIAN_POINT('',(-0.0488888970593065,-0.0091078958703342,-0.0239999946391487));
#10459=CARTESIAN_POINT('',(-0.0490198655900962,-0.0088174778298303,-0.0239999946391487));
#10460=CARTESIAN_POINT('',(-0.0490366580283835,-0.00913561837789626,-0.0239999946391487));
#10461=CARTESIAN_POINT('',(-0.0490622584158273,-0.00962062793091071,-0.0239999946391487));
#10462=CARTESIAN_POINT('',(-0.0493190934416784,-0.0092084078248404,-0.0239999946391487));
#10463=CARTESIAN_POINT('',(-0.0486483676995279,-0.0102849229490344,-0.0239999946391487));
#10464=CARTESIAN_POINT('',(-0.0496055957012871,-0.0094527736917194,-0.0239999946391487));
#10465=CARTESIAN_POINT('',(-0.0487707108375231,-0.0101785674730395,-0.0239999946391487));
#10466=CARTESIAN_POINT('',(-0.0497911009824371,-0.00975123469766711,-0.0239999946391487));
#10467=CARTESIAN_POINT('',(-0.0495533574964364,-0.00985080054617944,-0.0239999946391487));
#10468=CARTESIAN_POINT('',(-0.0497740891456137,-0.00998389022413086,-0.0239999946391487));
#10469=CARTESIAN_POINT('',(-0.0484697569125611,-0.00919744622437068,-0.0239999946391487));
#10470=CARTESIAN_POINT('',(-0.0495213537063671,-0.0102992270202624,-0.0239999946391487));
#10471=CARTESIAN_POINT('',(0.0079706376445674,0.0499363518127302,-0.0239999946391487));
#10472=CARTESIAN_POINT('',(-0.0486079693290778,-0.0111579626507563,-0.0239999946391487));
#10473=CARTESIAN_POINT('',(0.0117762310723792,0.0540456439094912,-0.0239999946391487));
#10474=CARTESIAN_POINT('',(-0.0476776106090591,-0.0120073853617341,-0.0239999946391487));
#10475=CARTESIAN_POINT('',(-0.0468019510623823,-0.0110345292695524,-0.0239999946391487));
#10476=CARTESIAN_POINT('',(-0.0704797475496291,0.00684785445110498,-0.0239999946391487));
#10477=CARTESIAN_POINT('',(-0.0477044026839402,-0.0148707050616851,-0.0239999946391487));
#10478=CARTESIAN_POINT('',(-0.0598769989342012,-0.00326291744917527,-0.0239999946391487));
#10479=CARTESIAN_POINT('',(-0.0481671503522915,-0.0153373648037234,-0.0239999946391487));
#10480=CARTESIAN_POINT('',(-0.064395007183798,0.00139576987602035,-0.0239999946391487));
#10481=CARTESIAN_POINT('',(-0.0485589342651258,-0.0157086134238479,-0.0239999946391487));
#10482=CARTESIAN_POINT('',(-0.0487184198450175,-0.0155363543633279,-0.0239999946391487));
#10483=CARTESIAN_POINT('',(-0.0486873798176517,-0.0157690458991124,-0.0239999946391487));
#10484=CARTESIAN_POINT('',(-0.0487182934628941,-0.0155373029068704,-0.0239999946391487));
#10485=CARTESIAN_POINT('',(-0.0488000440852556,-0.0157563401266732,-0.0239999946391487));
#10486=CARTESIAN_POINT('',(-0.0479684446011001,-0.0135282033523189,-0.0239999946391487));
#10487=CARTESIAN_POINT('',(-0.0489952783064085,-0.0156733755432911,-0.0239999946391487));
#10488=CARTESIAN_POINT('',(-0.0477887159114366,-0.0131527327087756,-0.0239999946391487));
#10489=CARTESIAN_POINT('',(-0.0492201452388447,-0.0155528250388309,-0.0239999946391487));
#10490=CARTESIAN_POINT('',(-0.0473846466098438,-0.0124752359551692,-0.0239999946391487));
#10491=CARTESIAN_POINT('',(-0.0494479294837109,-0.0154049925265152,-0.0239999946391487));
#10492=CARTESIAN_POINT('',(-0.0521069663463845,-0.0191806896867253,-0.0239999946391487));
#10493=CARTESIAN_POINT('',(-0.0497457518196539,-0.0152119326972597,-0.0239999946391487));
#10494=CARTESIAN_POINT('',(-0.0502039614898937,-0.0159820985095361,-0.0239999946391487));
#10495=CARTESIAN_POINT('',(-0.0499583445444773,-0.0151202494528997,-0.0239999946391487));
#10496=CARTESIAN_POINT('',(-0.0500933878099279,-0.0155941072575857,-0.0239999946391487));
#10497=CARTESIAN_POINT('',(-0.0501414988850306,-0.0151037367578023,-0.0239999946391487));
#10498=CARTESIAN_POINT('',(-0.0500766089633749,-0.0157651205427112,-0.0239999946391487));
#10499=CARTESIAN_POINT('',(-0.0503340603978511,-0.0151524558940174,-0.0239999946391487));
#10500=CARTESIAN_POINT('',(-0.0498338030119596,-0.0163429350219221,-0.0239999946391487));
#10501=CARTESIAN_POINT('',(-0.0504971963269532,-0.0152350508602259,-0.0239999946391487));
#10502=CARTESIAN_POINT('',(-0.0503001303736365,-0.0155641573663268,-0.0239999946391487));
#10503=CARTESIAN_POINT('',(-0.0505980861919572,-0.0153225618104002,-0.0239999946391487));
#10504=CARTESIAN_POINT('',(-0.0503586225960736,-0.0155167297804058,-0.0239999946391487));
#10505=CARTESIAN_POINT('',(-0.0506548753752223,-0.0154314167967734,-0.0239999946391487));
#10506=CARTESIAN_POINT('',(-0.0500233706678348,-0.0156132735526571,-0.0239999946391487));
#10507=CARTESIAN_POINT('',(-0.0506796253722294,-0.0155786348737987,-0.0239999946391487));
#10508=CARTESIAN_POINT('',(-0.0502918141728924,-0.0155991051854867,-0.0239999946391487));
#10509=CARTESIAN_POINT('',(-0.050642553132454,-0.0157658347336702,-0.0239999946391487));
#10510=CARTESIAN_POINT('',(-0.0499658146903304,-0.0154441358958989,-0.0239999946391487));
#10511=CARTESIAN_POINT('',(-0.0505154070788436,-0.0159534621840087,-0.0239999946391487));
#10512=CARTESIAN_POINT('',(-0.0486023777049424,-0.0141805906677791,-0.0239999946391487));
#10513=CARTESIAN_POINT('',(-0.050249284232211,-0.0162030776736476,-0.0239999946391487));
#10514=CARTESIAN_POINT('',(-0.0291014438428735,0.00976761089553181,-0.0239999946391487));
#10515=CARTESIAN_POINT('',(-0.049682799248981,-0.0166542669245189,-0.0239999946391487));
#10516=CARTESIAN_POINT('',(-0.0739273190089377,-0.0477789502215328,-0.0239999946391487));
#10517=CARTESIAN_POINT('',(-0.0492743254018516,-0.0169767984308004,-0.0239999946391487));
#10518=CARTESIAN_POINT('',(-0.0708079288277674,-0.0438815395211756,-0.0239999946391487));
#10519=CARTESIAN_POINT('',(-0.04888382687149,-0.0172940439065923,-0.0239999946391487));
#10520=CARTESIAN_POINT('',(-0.0690293959314304,-0.0417247373954127,-0.0239999946391487));
#10521=CARTESIAN_POINT('',(-0.0485544101654615,-0.0175694544333587,-0.0239999946391487));
#10522=CARTESIAN_POINT('',(-0.050543991957224,-0.0199166547805232,-0.0239999946391487));
#10523=CARTESIAN_POINT('',(-0.0628766485819937,-0.00215339902057041,-0.0239999946391487));
#10524=CARTESIAN_POINT('',(-0.064304588282286,-0.00367154727105259,-0.0239999946391487));
#10525=CARTESIAN_POINT('',(-0.0646954484552384,-0.00317111849036449,-0.0239999946391487));
#10526=CARTESIAN_POINT('',(-0.015063216660608,0.0486807301493918,-0.0239999946391487));
#10527=CARTESIAN_POINT('',(-0.0630480016074246,-0.00482566240233174,-0.0239999946391487));
#10528=CARTESIAN_POINT('',(-0.0277412489796624,0.0345438300211607,-0.0239999946391487));
#10529=CARTESIAN_POINT('',(-0.0617724496907663,-0.0059333375299659,-0.0239999946391487));
#10530=CARTESIAN_POINT('',(-0.0578387580169097,-0.00125455102866131,-0.0239999946391487));
#10531=CARTESIAN_POINT('',(-0.0609961754783851,-0.00648864008825222,-0.0239999946391487));
#10532=CARTESIAN_POINT('',(-0.0588901620770689,-0.00299747356848818,-0.0239999946391487));
#10533=CARTESIAN_POINT('',(-0.059837064234442,-0.00696319070661173,-0.0239999946391487));
#10534=CARTESIAN_POINT('',(-0.0592958682229372,-0.00469660568856475,-0.0239999946391487));
#10535=CARTESIAN_POINT('',(-0.0587545561048171,-0.00696316298051217,-0.0239999946391487));
#10536=CARTESIAN_POINT('',(-0.0592482449667778,-0.00489601806081562,-0.0239999946391487));
#10537=CARTESIAN_POINT('',(-0.0578310412580904,-0.00647979533667672,-0.0239999946391487));
#10538=CARTESIAN_POINT('',(-0.0599266419182685,-0.00413788256657169,-0.0239999946391487));
#10539=CARTESIAN_POINT('',(-0.0571264634972704,-0.00556445130318992,-0.0239999946391487));
#10540=CARTESIAN_POINT('',(-0.05850153347952,-0.00486391319248454,-0.0239999946391487));
#10541=CARTESIAN_POINT('',(-0.0569834482470376,-0.00514138089790868,-0.0239999946391487));
#10542=CARTESIAN_POINT('',(-0.0604402405924141,-0.0045095702985705,-0.0239999946391487));
#10543=CARTESIAN_POINT('',(-0.0569271771759293,-0.00459313694410378,-0.0239999946391487));
#10544=CARTESIAN_POINT('',(-0.0603430294026238,-0.00451187951504543,-0.0239999946391487));
#10545=CARTESIAN_POINT('',(-0.0569566328750161,-0.00405694241807761,-0.0239999946391487));
#10546=CARTESIAN_POINT('',(-0.058031309533464,-0.00420131695300346,-0.0239999946391487));
#10547=CARTESIAN_POINT('',(-0.0570815905564859,-0.00367805048998913,-0.0239999946391487));
#10548=CARTESIAN_POINT('',(-0.0570191372127098,-0.00364364060240377,-0.0239999946391487));
#10549=CARTESIAN_POINT('',(-0.0570625013062256,-0.00358703657510881,-0.0239999946391487));
#10550=CARTESIAN_POINT('',(-0.0565942695873322,-0.00419822866055329,-0.0239999946391487));
#10551=CARTESIAN_POINT('',(-0.0568963656057859,-0.00349003751155307,-0.0239999946391487));
#10552=CARTESIAN_POINT('',(-0.0559358021319574,-0.00574185605927843,-0.0239999946391487));
#10553=CARTESIAN_POINT('',(-0.0565876724626072,-0.00338210309950661,-0.0239999946391487));
#10554=CARTESIAN_POINT('',(-0.0527567243365749,-0.017249996114152,-0.0239999946391487));
#10555=CARTESIAN_POINT('',(-0.056085115849662,-0.00325298107002166,-0.0239999946391487));
#10556=CARTESIAN_POINT('',(-0.0506576865004504,-0.0260771130126174,-0.0239999946391487));
#10557=CARTESIAN_POINT('',(-0.0547923747934609,-0.00298377325862459,-0.0239999946391487));
#10558=CARTESIAN_POINT('',(-0.0528663230131208,-0.0137412241925579,-0.0239999946391487));
#10559=CARTESIAN_POINT('',(-0.0537124237770258,-0.00284551221243227,-0.0239999946391487));
#10560=CARTESIAN_POINT('',(-0.0531398769445612,-0.0102184393250824,-0.0239999946391487));
#10561=CARTESIAN_POINT('',(-0.0528147525078385,-0.00283046543608805,-0.0239999946391487));
#10562=CARTESIAN_POINT('',(-0.052964413741409,-0.00623126738930999,-0.0239999946391487));
#10563=CARTESIAN_POINT('',(-0.0520860964460221,-0.00294243611688264,-0.0239999946391487));
#10564=CARTESIAN_POINT('',(-0.0512047143518932,0.000357874643462683,-0.0239999946391487));
#10565=CARTESIAN_POINT('',(-0.0516510218062652,-0.00302881919668201,-0.0239999946391487));
#10566=CARTESIAN_POINT('',(-0.051510834149485,-0.00196504105471718,-0.0239999946391487));
#10567=CARTESIAN_POINT('',(-0.0513219727710994,-0.00302126446583339,-0.0239999946391487));
#10568=CARTESIAN_POINT('',(-0.0514202738816379,-0.00247150389507873,-0.0239999946391487));
#10569=CARTESIAN_POINT('',(-0.0510911869889249,-0.00292272624662407,-0.0239999946391487));
#10570=CARTESIAN_POINT('',(-0.0513383312296336,-0.0025838568560312,-0.0239999946391487));
#10571=CARTESIAN_POINT('',(-0.050948683526945,-0.00273905803961473,-0.0239999946391487));
#10572=CARTESIAN_POINT('',(-0.0512487620647515,-0.00261953325423545,-0.0239999946391487));
#10573=CARTESIAN_POINT('',(-0.0510099099369475,-0.00240208679136343,-0.0239999946391487));
#10574=CARTESIAN_POINT('',(-0.0574930828129159,-0.00830424333990935,-0.0239999946391487));
#10575=CARTESIAN_POINT('',(-0.0516487737931443,-0.00176887536674574,-0.0239999946391487));
#10576=CARTESIAN_POINT('',(-0.0565965802850482,-0.00730171662704873,-0.0239999946391487));
#10577=CARTESIAN_POINT('',(-0.0523933726026769,-0.00118402370635611,-0.0239999946391487));
#10578=CARTESIAN_POINT('',(-0.0535747775070632,-0.00290353516952206,-0.0239999946391487));
#10579=CARTESIAN_POINT('',(-0.0530108445066911,-0.000894949400589499,-0.0239999946391487));
#10580=CARTESIAN_POINT('',(-0.0535892190026757,-0.00295497607089108,-0.0239999946391487));
#10581=CARTESIAN_POINT('',(-0.0535018728512736,-0.000817080472459189,-0.0239999946391487));
#10582=CARTESIAN_POINT('',(-0.053672268457114,-0.00498777625469053,-0.0239999946391487));
#10583=CARTESIAN_POINT('',(-0.0540906873848793,-0.000834625213456933,-0.0239999946391487));
#10584=CARTESIAN_POINT('',(-0.053607112512465,-0.00563444264382299,-0.0239999946391487));
#10585=CARTESIAN_POINT('',(-0.054720262912986,-0.000940511646471601,-0.0239999946391487));
#10586=CARTESIAN_POINT('',(-0.0535679202782957,-0.0057996882934126,-0.0239999946391487));
#10587=CARTESIAN_POINT('',(-0.0553359866755191,-0.00112920304572029,-0.0239999946391487));
#10588=CARTESIAN_POINT('',(-0.0562871196905629,0.00138328722059041,-0.0239999946391487));
#10589=CARTESIAN_POINT('',(-0.055578370405991,-0.00120803209632736,-0.0239999946391487));
#10590=CARTESIAN_POINT('',(-0.0578319186556351,0.00703139685182634,-0.0239999946391487));
#10591=CARTESIAN_POINT('',(-0.0559103502501626,-0.00129171818812338,-0.0239999946391487));
#10592=CARTESIAN_POINT('',(-0.0579958964885673,0.00774163398304115,-0.0239999946391487));
#10593=CARTESIAN_POINT('',(-0.0562691999994983,-0.00136712409890634,-0.0239999946391487));
#10594=CARTESIAN_POINT('',(-0.0575024352763573,0.00513843387662966,-0.0239999946391487));
#10595=CARTESIAN_POINT('',(-0.0566018215795809,-0.00142144788986036,-0.0239999946391487));
#10596=CARTESIAN_POINT('',(-0.0553676254180716,-0.0104110917478783,-0.0239999946391487));
#10597=CARTESIAN_POINT('',(-0.0569133780284439,-0.00146975036491951,-0.0239999946391487));
#10598=CARTESIAN_POINT('',(-0.0556316530869952,-0.0088838762790009,-0.0239999946391487));
#10599=CARTESIAN_POINT('',(-0.0572087406608193,-0.00152691517540151,-0.0239999946391487));
#10600=CARTESIAN_POINT('',(-0.0557573628968046,-0.00829749236012824,-0.0239999946391487));
#10601=CARTESIAN_POINT('',(-0.0574565298742154,-0.00158481447339071,-0.0239999946391487));
#10602=CARTESIAN_POINT('',(-0.0573109329807369,-0.00216000937933383,-0.0239999946391487));
#10603=CARTESIAN_POINT('',(-0.0575798188019626,-0.0016310972407349,-0.0239999946391487));
#10604=CARTESIAN_POINT('',(-0.0577600518081671,-0.00127657055178292,-0.0239999946391487));
#10605=CARTESIAN_POINT('',(-0.0578142844006167,-0.00167056539390774,-0.0239999946391487));
#10606=CARTESIAN_POINT('',(-0.0573076808254459,0.0020098787705377,-0.0239999946391487));
#10607=CARTESIAN_POINT('',(-0.0582423144152093,-0.0015857820147509,-0.0239999946391487));
#10608=CARTESIAN_POINT('',(-0.0573519537841879,0.00183955707319676,-0.0239999946391487));
#10609=CARTESIAN_POINT('',(-0.0586687219813854,-0.00144553218518639,-0.0239999946391487));
#10610=CARTESIAN_POINT('',(-0.0583501113169638,-0.000650660382528161,-0.0239999946391487));
#10611=CARTESIAN_POINT('',(-0.0589309801902403,-0.00127988632779964,-0.0239999946391487));
#10612=CARTESIAN_POINT('',(-0.0587963831697087,-0.00113408388218395,-0.0239999946391487));
#10613=CARTESIAN_POINT('',(-0.0589794069422953,-0.00121074553982113,-0.0239999946391487));
#10614=CARTESIAN_POINT('',(-0.0587668645622863,-0.00112171957947684,-0.0239999946391487));
#10615=CARTESIAN_POINT('',(-0.0589972778819183,-0.00112481587585826,-0.0239999946391487));
#10616=CARTESIAN_POINT('',(-0.0587489073816191,-0.00112147784336476,-0.0239999946391487));
#10617=CARTESIAN_POINT('',(-0.0589818901595769,-0.00103534960725808,-0.0239999946391487));
#10618=CARTESIAN_POINT('',(-0.0587393894196135,-0.00112499613724058,-0.0239999946391487));
#10619=CARTESIAN_POINT('',(-0.0589353287556122,-0.000956322233422946,-0.0239999946391487));
#10620=CARTESIAN_POINT('',(-0.0676782072105109,0.00656996757457667,-0.0239999946391487));
#10621=CARTESIAN_POINT('',(-0.0588378730839932,-0.000841608133911795,-0.0239999946391487));
#10622=CARTESIAN_POINT('',(-0.308145773200778,0.208173203168562,-0.0239999946391487));
#10623=CARTESIAN_POINT('',(-0.058594748798542,-0.000551272215241832,-0.0239999946391487));
#10624=CARTESIAN_POINT('',(-0.287128646066428,0.190594605190677,-0.0239999946391487));
#10625=CARTESIAN_POINT('',(-0.0583052343878953,-0.00020459532526847,-0.0239999946391487));
#10626=CARTESIAN_POINT('',(-0.376674676170769,0.265260562236523,-0.0239999946391487));
#10627=CARTESIAN_POINT('',(-0.0579911468779759,0.000172540066650501,-0.0239999946391487));
#10628=CARTESIAN_POINT('',(-0.057595694156874,0.000647944829147601,-0.0239999946391487));
#10629=CARTESIAN_POINT('',(-0.0572002414357721,0.00112334959164467,-0.0239999946391487));
#10630=CARTESIAN_POINT('',(-0.0569827438037524,0.00106357463461199,-0.0239999946391487));
#10631=CARTESIAN_POINT('',(-0.0567652461717327,0.00100379967757931,-0.0239999946391487));
#10632=CARTESIAN_POINT('',(-0.0571588571688965,-0.000428400328816609,-0.0239999946391487));
#10633=CARTESIAN_POINT('',(-0.0565772510147692,0.000938296695724706,-0.0239999946391487));
#10634=CARTESIAN_POINT('',(-0.0575717309847644,-0.00139860125120944,-0.0239999946391487));
#10635=CARTESIAN_POINT('',(-0.0563717829788248,0.000839747963758613,-0.0239999946391487));
#10636=CARTESIAN_POINT('',(-0.0575348700728706,-0.00132983962576984,-0.0239999946391487));
#10637=CARTESIAN_POINT('',(-0.0561804207216827,0.000725725710588613,-0.0239999946391487));
#10638=CARTESIAN_POINT('',(-0.0567980046765952,-0.000211542699958639,-0.0239999946391487));
#10639=CARTESIAN_POINT('',(-0.0560366413410703,0.000613204464991659,-0.0239999946391487));
#10640=CARTESIAN_POINT('',(-0.0554116970284748,0.00129017598791874,-0.0239999946391487));
#10641=CARTESIAN_POINT('',(-0.0559023227582718,0.000510347654270372,-0.0239999946391487));
#10642=CARTESIAN_POINT('',(-0.0552509310416778,0.00154570662148551,-0.0239999946391487));
#10643=CARTESIAN_POINT('',(-0.0557417617097521,0.000425276072670497,-0.0239999946391487));
#10644=CARTESIAN_POINT('',(-0.0552958782233757,0.001443105298819,-0.0239999946391487));
#10645=CARTESIAN_POINT('',(-0.0555804182011366,0.000368942639776601,-0.0239999946391487));
#10646=CARTESIAN_POINT('',(-0.0554633529636445,0.000810874569427228,-0.0239999946391487));
#10647=CARTESIAN_POINT('',(-0.0554450984895786,0.000354065118506617,-0.0239999946391487));
#10648=CARTESIAN_POINT('',(-0.0555494970770752,0.00296663311018849,-0.0239999946391487));
#10649=CARTESIAN_POINT('',(-0.0552211561719431,0.000372678055402662,-0.0239999946391487));
#10650=CARTESIAN_POINT('',(-0.0552462603535492,0.000571008156860138,-0.0239999946391487));
#10651=CARTESIAN_POINT('',(-0.0551190595271404,0.000416784297359869,-0.0239999946391487));
#10652=CARTESIAN_POINT('',(-0.055251495011626,0.000577354650650899,-0.0239999946391487));
#10653=CARTESIAN_POINT('',(-0.0550548226557833,0.000509222570437453,-0.0239999946391487));
#10654=CARTESIAN_POINT('',(-0.0578169485941037,0.00146609412866383,-0.0239999946391487));
#10655=CARTESIAN_POINT('',(-0.0549876102236249,0.000731391968995458,-0.0239999946391487));
#10656=CARTESIAN_POINT('',(-0.0555115863810176,0.000867453719020983,-0.0239999946391487));
#10657=CARTESIAN_POINT('',(-0.0549923669332591,0.00102066918301026,-0.0239999946391487));
#10658=CARTESIAN_POINT('',(-0.0559002497407503,0.000752763332953081,-0.0239999946391487));
#10659=CARTESIAN_POINT('',(-0.0551427244116392,0.00132037245231968,-0.0239999946391487));
#10660=CARTESIAN_POINT('',(-0.0562958348549815,0.000456354227899511,-0.0239999946391487));
#10661=CARTESIAN_POINT('',(-0.0554290421624905,0.00160738055901417,-0.0239999946391487));
#10662=CARTESIAN_POINT('',(-0.0570267048736886,-0.000514177517162029,-0.0239999946391487));
#10663=CARTESIAN_POINT('',(-0.0558313764830905,0.00185747272011401,-0.0239999946391487));
#10664=CARTESIAN_POINT('',(-0.0549172512079159,0.00367118916531414,-0.0239999946391487));
#10665=CARTESIAN_POINT('',(-0.0561029997232973,0.00202219164543331,-0.0239999946391487));
#10666=CARTESIAN_POINT('',(-0.0480922490322805,0.0131625844617355,-0.0239999946391487));
#10667=CARTESIAN_POINT('',(-0.0565226458727426,0.00233627909713992,-0.0239999946391487));
#10668=CARTESIAN_POINT('',(-0.0470018040332662,0.0145629008698483,-0.0239999946391487));
#10669=CARTESIAN_POINT('',(-0.0569912086828951,0.00271602347320223,-0.0239999946391487));
#10670=CARTESIAN_POINT('',(-0.0467640927375363,0.0148448283823272,-0.0239999946391487));
#10671=CARTESIAN_POINT('',(-0.0574474577699561,0.00311591024519728,-0.0239999946391487));
#10672=CARTESIAN_POINT('',(-0.104022556388458,-0.0480175039433103,-0.0239999946391487));
#10673=CARTESIAN_POINT('',(-0.0581405301567807,0.00373870850285237,-0.0239999946391487));
#10674=CARTESIAN_POINT('',(-0.0594282557226229,0.00228611645255009,-0.0239999946391487));
#10675=CARTESIAN_POINT('',(-0.0584172912891288,0.00394328624220196,-0.0239999946391487));
#10676=CARTESIAN_POINT('',(-0.0585799768787723,0.00367661284974935,-0.0239999946391487));
#10677=CARTESIAN_POINT('',(-0.0585977450218392,0.00398848717125048,-0.0239999946391487));
#10678=CARTESIAN_POINT('',(-0.0585808185729851,0.00369138960669972,-0.0239999946391487));
#10679=CARTESIAN_POINT('',(-0.0587688527625035,0.00392203351211448,-0.0239999946391487));
#10680=CARTESIAN_POINT('',(-0.0584927498439421,0.00358336357045589,-0.0239999946391487));
#10681=CARTESIAN_POINT('',(-0.0588663520667417,0.00380997233052556,-0.0239999946391487));
#10682=CARTESIAN_POINT('',(-0.0585861972523625,0.00364004427445672,-0.0239999946391487));
#10683=CARTESIAN_POINT('',(-0.0589114484642648,0.00367971685207996,-0.0239999946391487));
#10684=CARTESIAN_POINT('',(-0.0584221297293499,0.00362003237931571,-0.0239999946391487));
#10685=CARTESIAN_POINT('',(-0.0589043020569412,0.00351753893009564,-0.0239999946391487));
#10686=CARTESIAN_POINT('',(-0.0573549555965644,0.00384687778823844,-0.0239999946391487));
#10687=CARTESIAN_POINT('',(-0.0588439222038109,0.00330658436770676,-0.0239999946391487));
#10688=CARTESIAN_POINT('',(-0.0563174020665629,0.0042233653701592,-0.0239999946391487));
#10689=CARTESIAN_POINT('',(-0.0587741261919076,0.00313327455636119,-0.0239999946391487));
#10690=CARTESIAN_POINT('',(-0.0563704799114214,0.00419981268601512,-0.0239999946391487));
#10691=CARTESIAN_POINT('',(-0.058692808762201,0.0029661969709169,-0.0239999946391487));
#10692=CARTESIAN_POINT('',(-0.0566827962333576,0.00403391695254323,-0.0239999946391487));
#10693=CARTESIAN_POINT('',(-0.0586120140419479,0.00282631810677962,-0.0239999946391487));
#10694=CARTESIAN_POINT('',(-0.0582887541463205,0.00302866325152091,-0.0239999946391487));
#10695=CARTESIAN_POINT('',(-0.0585474383035325,0.00274844365097712,-0.0239999946391487));
#10696=CARTESIAN_POINT('',(-0.0586871779419637,0.00259707059466097,-0.0239999946391487));
#10697=CARTESIAN_POINT('',(-0.0585022552384218,0.0025062710217428,-0.0239999946391487));
#10698=CARTESIAN_POINT('',(-0.0613062078655476,0.00388304822732444,-0.0239999946391487));
#10699=CARTESIAN_POINT('',(-0.0587887857160773,0.00203365602167105,-0.0239999946391487));
#10700=CARTESIAN_POINT('',(-0.0688955860567679,0.00945847783590486,-0.0239999946391487));
#10701=CARTESIAN_POINT('',(-0.0594241296650785,0.00123856871718397,-0.0239999946391487));
#10702=CARTESIAN_POINT('',(-0.2144468032724,0.135776428939404,-0.0239999946391487));
#10703=CARTESIAN_POINT('',(-0.0608550972195749,-0.000392778289390344,-0.0239999946391487));
#10704=CARTESIAN_POINT('',(-0.203922889528032,0.126445949426323,-0.0239999946391487));
#10705=CARTESIAN_POINT('',(-0.0624110762629757,-0.0021264533317827,-0.0239999946391487));
#10706=CARTESIAN_POINT('',(-0.0647711602157347,1.78248989422809E-5,-0.0239999946391487));
#10707=CARTESIAN_POINT('',(-0.0629604145573218,-0.00260688947701748,-0.0239999946391487));
#10708=CARTESIAN_POINT('',(-0.0633758496922302,-0.00200470888662484,-0.0239999946391487));
#10709=CARTESIAN_POINT('',(-0.0634191347498659,-0.00273500623602949,-0.0239999946391487));
#10710=CARTESIAN_POINT('',(-0.0632736289882287,-0.000280060885846469,-0.0239999946391487));
#10711=CARTESIAN_POINT('',(-0.0640662302428638,-0.00260808834492113,-0.0239999946391487));
#10712=CARTESIAN_POINT('',(-0.0648073779883885,-0.00478498545972272,-0.0239999946391487));
#10713=CARTESIAN_POINT('',(-0.0645130432952202,-0.00250429518756271,-0.0239999946391487));
#10714=CARTESIAN_POINT('',(-0.0645537776226225,-0.00281993056931761,-0.0239999946391487));
#10715=CARTESIAN_POINT('',(-0.0647659964654963,-0.00258276366105719,-0.0239999946391487));
#10716=CARTESIAN_POINT('',(-0.0646128629940934,-0.00275389906655308,-0.0239999946391487));
#10717=CARTESIAN_POINT('',(-0.0648366204180637,-0.00280556919618663,-0.0239999946391487));
#10718=CARTESIAN_POINT('',(-0.0634839182829352,-0.00249320171915502,-0.0239999946391487));
#10719=CARTESIAN_POINT('',(-0.0642547525748593,-0.0321999899932843,-0.0222999946391487));
#10720=CARTESIAN_POINT('',(-0.0631095051497203,-0.0321999899932843,-0.0222999946391487));
#10721=CARTESIAN_POINT('',(-0.0631095051497203,-0.0320499899932842,-0.0222999946391487));
#10722=CARTESIAN_POINT('',(-0.0631095051497203,-0.0318999899932843,-0.0222999946391487));
#10723=CARTESIAN_POINT('',(-0.0603095051497203,-0.0318999899932843,-0.0222999946391487));
#10724=CARTESIAN_POINT('',(-0.0575095051497203,-0.0318999899932843,-0.0222999946391487));
#10725=CARTESIAN_POINT('',(-0.0575095051497203,-0.0320499899932842,-0.0222999946391487));
#10726=CARTESIAN_POINT('',(-0.0575095051497203,-0.0321999899932843,-0.0222999946391487));
#10727=CARTESIAN_POINT('',(-0.0527047525748593,-0.0321999899932843,-0.0222999946391487));
#10728=CARTESIAN_POINT('',(-0.0478999999999982,-0.0321999899932843,-0.0222999946391487));
#10729=CARTESIAN_POINT('',(-0.0478999999999982,0.000700010006715899,-0.0222999946391487));
#10730=CARTESIAN_POINT('',(-0.0478999999999982,0.0309000000019998,-0.0222999946391487));
#10731=CARTESIAN_POINT('',(-0.0478999999999982,-0.0181957758980769,-0.0229999946391486));
#10732=CARTESIAN_POINT('',(-0.0478999999999982,-0.0181957758980769,-0.0229999946391486));
#10733=CARTESIAN_POINT('',(-0.0478999999999982,0.000700010006715899,-0.0229999946391486));
#10734=CARTESIAN_POINT('',(-0.0478999999999982,-0.0150724191007738,-0.0229999946391486));
#10735=CARTESIAN_POINT('',(-0.0478999999999982,-0.0150724191007738,-0.0229999946391486));
#10736=CARTESIAN_POINT('',(-0.0478999999999982,-0.0118065345782634,-0.0229999946391486));
#10737=CARTESIAN_POINT('',(-0.0478999999999982,-0.0118065345782634,-0.0229999946391486));
#10738=CARTESIAN_POINT('',(-0.0478999999999982,0.000700010006715899,-0.0229999946391486));
#10739=CARTESIAN_POINT('',(-0.0478999999999982,-0.00817317145909359,-0.0229999946391486));
#10740=CARTESIAN_POINT('',(-0.0478999999999982,-0.00817317145909359,-0.0229999946391486));
#10741=CARTESIAN_POINT('',(-0.0478999999999982,-0.00713808292525303,-0.0229999946391486));
#10742=CARTESIAN_POINT('',(-0.0478999999999982,-0.00713808292525303,-0.0229999946391486));
#10743=CARTESIAN_POINT('',(-0.0478999999999982,0.000700010006715899,-0.0229999946391486));
#10744=CARTESIAN_POINT('',(-0.0478999999999982,-0.00543938885174288,-0.0229999946391486));
#10745=CARTESIAN_POINT('',(-0.0478999999999982,-0.00543938885174288,-0.0229999946391486));
#10746=CARTESIAN_POINT('',(-0.0657674133613757,0.00909026898842103,-0.0229999946391486));
#10747=CARTESIAN_POINT('',(-0.0656316230138064,0.00938011285960577,-0.0229999946391486));
#10748=CARTESIAN_POINT('',(-0.0653486004363941,0.00998422292130555,-0.0229999946391486));
#10749=CARTESIAN_POINT('',(-0.0655012043949695,0.00933479026290356,-0.0229999946391486));
#10750=CARTESIAN_POINT('',(-0.0660022196361862,-0.00386964813039658,-0.0229999946391486));
#10751=CARTESIAN_POINT('',(-0.0654130842171236,-0.00103106433771065,-0.0229999946391486));
#10752=CARTESIAN_POINT('',(-0.0656182267141658,-0.000996115822255332,-0.0229999946391486));
#10753=CARTESIAN_POINT('',(-0.0665870335876653,0.00485173330236794,-0.0229999946391486));
#10754=CARTESIAN_POINT('',(-0.065528393759365,0.000764554208442104,-0.0229999946391486));
#10755=CARTESIAN_POINT('',(-0.0649643658638712,0.00531250045121944,-0.0229999946391486));
#10756=CARTESIAN_POINT('',(-0.0656538147100652,0.00749938178536122,-0.0229999946391486));
#10757=CARTESIAN_POINT('',(-0.067099317985268,-0.0120797081571907,-0.0229999946391486));
#10758=CARTESIAN_POINT('',(-0.06503904746672,0.0113015835163377,-0.0229999946391486));
#10759=CARTESIAN_POINT('',(-0.0653210401921429,0.00930099739449949,-0.0229999946391486));
#10760=CARTESIAN_POINT('',(-0.0653210401921429,0.00930099739449949,-0.0229999946391486));
#10761=CARTESIAN_POINT('',(-0.06503904746672,0.0113015835163377,-0.0229999946391486));
#10762=CARTESIAN_POINT('',(-0.065146977223925,0.000251094831392162,-0.0229999946391486));
#10763=CARTESIAN_POINT('',(-0.065146977223925,0.000251094831392162,-0.0229999946391486));
#10764=CARTESIAN_POINT('',(-0.065008103990767,-0.00105100320326416,-0.0229999946391486));
#10765=CARTESIAN_POINT('',(-0.065008103990767,-0.00105100320326416,-0.0229999946391486));
#10766=CARTESIAN_POINT('',(-0.0660230372789798,0.00267426133550536,-0.0229999946391486));
#10767=CARTESIAN_POINT('',(-0.0649680634145344,0.00100732292392853,-0.0229999946391486));
#10768=CARTESIAN_POINT('',(-0.0649680634145344,0.00100732292392853,-0.0229999946391486));
#10769=CARTESIAN_POINT('',(-0.0660230372789798,0.00267426133550536,-0.0229999946391486));
#10770=CARTESIAN_POINT('',(-0.0647560796402935,0.00465182045173858,-0.0229999946391486));
#10771=CARTESIAN_POINT('',(-0.0647560796402935,0.00465182045173858,-0.0229999946391486));
#10772=CARTESIAN_POINT('',(-0.0649947785968606,0.00762798520060155,-0.0229999946391486));
#10773=CARTESIAN_POINT('',(-0.0649947785968606,0.00762798520060155,-0.0229999946391486));
#10774=CARTESIAN_POINT('',(-0.0650105954686603,0.0115034466955237,-0.0229999946391486));
#10775=CARTESIAN_POINT('',(-0.065124821897571,0.00928216076776506,-0.0229999946391486));
#10776=CARTESIAN_POINT('',(-0.065124821897571,0.00928216076776506,-0.0229999946391486));
#10777=CARTESIAN_POINT('',(-0.0650105954686603,0.0115034466955237,-0.0229999946391486));
#10778=CARTESIAN_POINT('',(-0.0650394578407195,0.0109421578084198,-0.0229999946391486));
#10779=CARTESIAN_POINT('',(-0.0649415963536436,0.0092828506257282,-0.0229999946391486));
#10780=CARTESIAN_POINT('',(-0.0649415963536436,0.0092828506257282,-0.0229999946391486));
#10781=CARTESIAN_POINT('',(-0.0650394578407195,0.0109421578084198,-0.0229999946391486));
#10782=CARTESIAN_POINT('',(-0.0648640224396283,0.0079675322441004,-0.0229999946391486));
#10783=CARTESIAN_POINT('',(-0.0644754222844265,0.00922652790595185,-0.0229999946391486));
#10784=CARTESIAN_POINT('',(-0.0644754222844265,0.00922652790595185,-0.0229999946391486));
#10785=CARTESIAN_POINT('',(-0.0648640224396283,0.0079675322441004,-0.0229999946391486));
#10786=CARTESIAN_POINT('',(-0.065776204926937,0.00501222855077061,-0.0229999946391486));
#10787=CARTESIAN_POINT('',(-0.0638773374192496,0.0089930144940721,-0.0229999946391486));
#10788=CARTESIAN_POINT('',(-0.0638773374192496,0.0089930144940721,-0.0229999946391486));
#10789=CARTESIAN_POINT('',(-0.065776204926937,0.00501222855077061,-0.0229999946391486));
#10790=CARTESIAN_POINT('',(-0.0665384832677501,0.00341419180332728,-0.0229999946391486));
#10791=CARTESIAN_POINT('',(-0.0631992397005812,0.00861557741111311,-0.0229999946391486));
#10792=CARTESIAN_POINT('',(-0.0631992397005812,0.00861557741111311,-0.0229999946391486));
#10793=CARTESIAN_POINT('',(-0.0665384832677501,0.00341419180332728,-0.0229999946391486));
#10794=CARTESIAN_POINT('',(-0.0687014192156703,4.50604541219314E-5,-0.0229999946391486));
#10795=CARTESIAN_POINT('',(-0.062479945670839,0.00810862091196582,-0.0229999946391486));
#10796=CARTESIAN_POINT('',(-0.062479945670839,0.00810862091196582,-0.0229999946391486));
#10797=CARTESIAN_POINT('',(-0.0687014192156703,4.50604541219314E-5,-0.0229999946391486));
#10798=CARTESIAN_POINT('',(-0.0664752216504738,0.0029303939118483,-0.0229999946391486));
#10799=CARTESIAN_POINT('',(-0.0619592914095502,0.00766142330060767,-0.0229999946391486));
#10800=CARTESIAN_POINT('',(-0.0619592914095502,0.00766142330060767,-0.0229999946391486));
#10801=CARTESIAN_POINT('',(-0.0664752216504738,0.0029303939118483,-0.0229999946391486));
#10802=CARTESIAN_POINT('',(-0.0648830930573522,0.00459835875461003,-0.0229999946391486));
#10803=CARTESIAN_POINT('',(-0.061546310254933,0.00720543777491542,-0.0229999946391486));
#10804=CARTESIAN_POINT('',(-0.061546310254933,0.00720543777491542,-0.0229999946391486));
#10805=CARTESIAN_POINT('',(-0.0648830930573522,0.00459835875461003,-0.0229999946391486));
#10806=CARTESIAN_POINT('',(-0.0648939738019137,0.00458985732743369,-0.0229999946391486));
#10807=CARTESIAN_POINT('',(-0.0612032058243973,0.00669374516597739,-0.0229999946391486));
#10808=CARTESIAN_POINT('',(-0.0612032058243973,0.00669374516597739,-0.0229999946391486));
#10809=CARTESIAN_POINT('',(-0.0648939738019137,0.00458985732743369,-0.0229999946391486));
#10810=CARTESIAN_POINT('',(-0.0669590371820681,0.00341268825866788,-0.0229999946391486));
#10811=CARTESIAN_POINT('',(-0.0608935821429494,0.00607824340073108,-0.0229999946391486));
#10812=CARTESIAN_POINT('',(-0.0608935821429494,0.00607824340073108,-0.0229999946391486));
#10813=CARTESIAN_POINT('',(-0.0669590371820681,0.00341268825866788,-0.0229999946391486));
#10814=CARTESIAN_POINT('',(-0.056691355033435,0.00792497604397132,-0.0229999946391486));
#10815=CARTESIAN_POINT('',(-0.0608156650213204,0.00591023008991771,-0.0229999946391486));
#10816=CARTESIAN_POINT('',(-0.0608156650213204,0.00591023008991771,-0.0229999946391486));
#10817=CARTESIAN_POINT('',(-0.056691355033435,0.00792497604397132,-0.0229999946391486));
#10818=CARTESIAN_POINT('',(-0.0575056416473628,0.00752719301446781,-0.0229999946391486));
#10819=CARTESIAN_POINT('',(-0.0607350027472195,0.00575460994948959,-0.0229999946391486));
#10820=CARTESIAN_POINT('',(-0.0607350027472195,0.00575460994948959,-0.0229999946391486));
#10821=CARTESIAN_POINT('',(-0.0575056416473628,0.00752719301446781,-0.0229999946391486));
#10822=CARTESIAN_POINT('',(-0.0577490798628853,0.00739357051945559,-0.0229999946391486));
#10823=CARTESIAN_POINT('',(-0.0606612622149542,0.0056269010061077,-0.0229999946391486));
#10824=CARTESIAN_POINT('',(-0.0606612622149542,0.0056269010061077,-0.0229999946391486));
#10825=CARTESIAN_POINT('',(-0.0577490798628853,0.00739357051945559,-0.0229999946391486));
#10826=CARTESIAN_POINT('',(-0.0604341410736126,0.00576468336543223,-0.0229999946391486));
#10827=CARTESIAN_POINT('',(-0.0606143312586824,0.00556949246249398,-0.0229999946391486));
#10828=CARTESIAN_POINT('',(-0.0606143312586824,0.00556949246249398,-0.0229999946391486));
#10829=CARTESIAN_POINT('',(-0.0604341410736126,0.00576468336543223,-0.0229999946391486));
#10830=CARTESIAN_POINT('',(-0.0608825527781746,0.00527894146284747,-0.0229999946391486));
#10831=CARTESIAN_POINT('',(-0.0604871413499221,0.00527541027018171,-0.0229999946391486));
#10832=CARTESIAN_POINT('',(-0.0604871413499221,0.00527541027018171,-0.0229999946391486));
#10833=CARTESIAN_POINT('',(-0.0608825527781746,0.00527894146284747,-0.0229999946391486));
#10834=CARTESIAN_POINT('',(-0.0894259242727517,0.00553381389507482,-0.0229999946391486));
#10835=CARTESIAN_POINT('',(-0.0605188274157494,0.0041555248151289,-0.0229999946391486));
#10836=CARTESIAN_POINT('',(-0.0605188274157494,0.0041555248151289,-0.0229999946391486));
#10837=CARTESIAN_POINT('',(-0.0894259242727517,0.00553381389507482,-0.0229999946391486));
#10838=CARTESIAN_POINT('',(-0.0773578596264297,0.00495839900953084,-0.0229999946391486));
#10839=CARTESIAN_POINT('',(-0.0606111134595159,0.00302342986628264,-0.0229999946391486));
#10840=CARTESIAN_POINT('',(-0.0606111134595159,0.00302342986628264,-0.0229999946391486));
#10841=CARTESIAN_POINT('',(-0.0773578596264297,0.00495839900953084,-0.0229999946391486));
#10842=CARTESIAN_POINT('',(-0.0657076575114083,0.00361229313002723,-0.0229999946391486));
#10843=CARTESIAN_POINT('',(-0.060774901090396,0.00220181969630741,-0.0229999946391486));
#10844=CARTESIAN_POINT('',(-0.060774901090396,0.00220181969630741,-0.0229999946391486));
#10845=CARTESIAN_POINT('',(-0.0657076575114083,0.00361229313002723,-0.0229999946391486));
#10846=CARTESIAN_POINT('',(-0.0723750052341404,0.0055187426196023,-0.0229999946391486));
#10847=CARTESIAN_POINT('',(-0.0609660913903378,0.00159432180507643,-0.0229999946391486));
#10848=CARTESIAN_POINT('',(-0.0609660913903378,0.00159432180507643,-0.0229999946391486));
#10849=CARTESIAN_POINT('',(-0.0723750052341404,0.0055187426196023,-0.0229999946391486));
#10850=CARTESIAN_POINT('',(-0.0625082285587919,0.0021247815177665,-0.0229999946391486));
#10851=CARTESIAN_POINT('',(-0.0611284466200767,0.00125542753076789,-0.0229999946391486));
#10852=CARTESIAN_POINT('',(-0.0611284466200767,0.00125542753076789,-0.0229999946391486));
#10853=CARTESIAN_POINT('',(-0.0625082285587919,0.0021247815177665,-0.0229999946391486));
#10854=CARTESIAN_POINT('',(-0.0626773916600802,0.00223136549732458,-0.0229999946391486));
#10855=CARTESIAN_POINT('',(-0.0613698117581921,0.000949991058802955,-0.0229999946391486));
#10856=CARTESIAN_POINT('',(-0.0613698117581921,0.000949991058802955,-0.0229999946391486));
#10857=CARTESIAN_POINT('',(-0.0626773916600802,0.00223136549732458,-0.0229999946391486));
#10858=CARTESIAN_POINT('',(-0.0738350172932355,0.0131654037886501,-0.0229999946391486));
#10859=CARTESIAN_POINT('',(-0.0618763332838082,0.000453695250689678,-0.0229999946391486));
#10860=CARTESIAN_POINT('',(-0.0618763332838082,0.000453695250689678,-0.0229999946391486));
#10861=CARTESIAN_POINT('',(-0.0738350172932355,0.0131654037886501,-0.0229999946391486));
#10862=CARTESIAN_POINT('',(-0.0678454218480037,0.00679864865048546,-0.0229999946391486));
#10863=CARTESIAN_POINT('',(-0.0622274732524833,0.000140788220070935,-0.0229999946391486));
#10864=CARTESIAN_POINT('',(-0.0622274732524833,0.000140788220070935,-0.0229999946391486));
#10865=CARTESIAN_POINT('',(-0.0678454218480037,0.00679864865048546,-0.0229999946391486));
#10866=CARTESIAN_POINT('',(-0.0683131318387896,0.00735292546889654,-0.0229999946391486));
#10867=CARTESIAN_POINT('',(-0.0626019431121611,-0.000159230510169172,-0.0229999946391486));
#10868=CARTESIAN_POINT('',(-0.0626019431121611,-0.000159230510169172,-0.0229999946391486));
#10869=CARTESIAN_POINT('',(-0.0683131318387896,0.00735292546889654,-0.0229999946391486));
#10870=CARTESIAN_POINT('',(-0.0676372642787373,0.00646392566417074,-0.0229999946391486));
#10871=CARTESIAN_POINT('',(-0.0629471774896484,-0.000408027687757759,-0.0229999946391486));
#10872=CARTESIAN_POINT('',(-0.0629471774896484,-0.000408027687757759,-0.0229999946391486));
#10873=CARTESIAN_POINT('',(-0.0676372642787373,0.00646392566417074,-0.0229999946391486));
#10874=CARTESIAN_POINT('',(-0.063880096784821,0.000958893941763125,-0.0229999946391486));
#10875=CARTESIAN_POINT('',(-0.0631908656760355,-0.000545690263670252,-0.0229999946391486));
#10876=CARTESIAN_POINT('',(-0.0631908656760355,-0.000545690263670252,-0.0229999946391486));
#10877=CARTESIAN_POINT('',(-0.063880096784821,0.000958893941763125,-0.0229999946391486));
#10878=CARTESIAN_POINT('',(-0.065655678653092,0.00483497059943542,-0.0229999946391486));
#10879=CARTESIAN_POINT('',(-0.0637948945170401,-0.000783240569134256,-0.0229999946391486));
#10880=CARTESIAN_POINT('',(-0.0637948945170401,-0.000783240569134256,-0.0229999946391486));
#10881=CARTESIAN_POINT('',(-0.065655678653092,0.00483497059943542,-0.0229999946391486));
#10882=CARTESIAN_POINT('',(-0.0657733579941796,0.00519028902041352,-0.0229999946391486));
#10883=CARTESIAN_POINT('',(-0.0644305808706215,-0.000957419746600944,-0.0229999946391486));
#10884=CARTESIAN_POINT('',(-0.0644305808706215,-0.000957419746600944,-0.0229999946391486));
#10885=CARTESIAN_POINT('',(-0.0657733579941796,0.00519028902041352,-0.0229999946391486));
#10886=CARTESIAN_POINT('',(-0.0655787215616436,0.0042991972127798,-0.0229999946391486));
#10887=CARTESIAN_POINT('',(-0.0655787215616436,0.0042991972127798,-0.0229999946391486));
#10888=CARTESIAN_POINT('',(-0.0618802993716642,-0.00387157130765483,-0.0229999946391486));
#10889=CARTESIAN_POINT('',(-0.0647254798221735,0.00115265439502406,-0.0229999946391486));
#10890=CARTESIAN_POINT('',(-0.0647254798221735,0.00115265439502406,-0.0229999946391486));
#10891=CARTESIAN_POINT('',(-0.0618802993716642,-0.00387157130765483,-0.0229999946391486));
#10892=CARTESIAN_POINT('',(-0.059088586046856,-0.00880135882606741,-0.0229999946391486));
#10893=CARTESIAN_POINT('',(-0.0644307670412775,0.00131387981979352,-0.0229999946391486));
#10894=CARTESIAN_POINT('',(-0.0644307670412775,0.00131387981979352,-0.0229999946391486));
#10895=CARTESIAN_POINT('',(-0.059088586046856,-0.00880135882606741,-0.0229999946391486));
#10896=CARTESIAN_POINT('',(-0.0591147206287974,-0.00875184818876301,-0.0229999946391486));
#10897=CARTESIAN_POINT('',(-0.064132626222137,0.00146577644997834,-0.0229999946391486));
#10898=CARTESIAN_POINT('',(-0.064132626222137,0.00146577644997834,-0.0229999946391486));
#10899=CARTESIAN_POINT('',(-0.0591147206287974,-0.00875184818876301,-0.0229999946391486));
#10900=CARTESIAN_POINT('',(-0.0617138073448875,-0.00345950243331513,-0.0229999946391486));
#10901=CARTESIAN_POINT('',(-0.0638797254967057,0.00158210994753877,-0.0229999946391486));
#10902=CARTESIAN_POINT('',(-0.0638797254967057,0.00158210994753877,-0.0229999946391486));
#10903=CARTESIAN_POINT('',(-0.0617138073448875,-0.00345950243331513,-0.0229999946391486));
#10904=CARTESIAN_POINT('',(-0.0647726016844106,0.00366045722546165,-0.0229999946391486));
#10905=CARTESIAN_POINT('',(-0.0630572987564117,0.00218584162829115,-0.0229999946391486));
#10906=CARTESIAN_POINT('',(-0.0630572987564117,0.00218584162829115,-0.0229999946391486));
#10907=CARTESIAN_POINT('',(-0.0647726016844106,0.00366045722546165,-0.0229999946391486));
#10908=CARTESIAN_POINT('',(-0.0670615731246675,0.00562824268886428,-0.0229999946391486));
#10909=CARTESIAN_POINT('',(-0.0623502994958209,0.00324323973871097,-0.0229999946391486));
#10910=CARTESIAN_POINT('',(-0.0623502994958209,0.00324323973871097,-0.0229999946391486));
#10911=CARTESIAN_POINT('',(-0.0670615731246675,0.00562824268886428,-0.0229999946391486));
#10912=CARTESIAN_POINT('',(-0.0670352944583324,0.0056149351628722,-0.0229999946391486));
#10913=CARTESIAN_POINT('',(-0.0619184900329258,0.00443492268163099,-0.0229999946391486));
#10914=CARTESIAN_POINT('',(-0.0619184900329258,0.00443492268163099,-0.0229999946391486));
#10915=CARTESIAN_POINT('',(-0.0670352944583324,0.0056149351628722,-0.0229999946391486));
#10916=CARTESIAN_POINT('',(-0.0640379791233627,0.00492370791572572,-0.0229999946391486));
#10917=CARTESIAN_POINT('',(-0.0619255805045266,0.00544228007530373,-0.0229999946391486));
#10918=CARTESIAN_POINT('',(-0.0619255805045266,0.00544228007530373,-0.0229999946391486));
#10919=CARTESIAN_POINT('',(-0.0640379791233627,0.00492370791572572,-0.0229999946391486));
#10920=CARTESIAN_POINT('',(-0.0636961480362028,0.00500762324504397,-0.0229999946391486));
#10921=CARTESIAN_POINT('',(-0.0621554669845343,0.00598237338807906,-0.0229999946391486));
#10922=CARTESIAN_POINT('',(-0.0621554669845343,0.00598237338807906,-0.0229999946391486));
#10923=CARTESIAN_POINT('',(-0.0636961480362028,0.00500762324504397,-0.0229999946391486));
#10924=CARTESIAN_POINT('',(-0.0666434125886098,0.00314296777284604,-0.0229999946391486));
#10925=CARTESIAN_POINT('',(-0.0626151874144767,0.00660378876495721,-0.0229999946391486));
#10926=CARTESIAN_POINT('',(-0.0626151874144767,0.00660378876495721,-0.0229999946391486));
#10927=CARTESIAN_POINT('',(-0.0666434125886098,0.00314296777284604,-0.0229999946391486));
#10928=CARTESIAN_POINT('',(-0.0666177954005434,0.00316498290584634,-0.0229999946391486));
#10929=CARTESIAN_POINT('',(-0.0631557286178002,0.00714748840095953,-0.0229999946391486));
#10930=CARTESIAN_POINT('',(-0.0631557286178002,0.00714748840095953,-0.0229999946391486));
#10931=CARTESIAN_POINT('',(-0.0666177954005434,0.00316498290584634,-0.0229999946391486));
#10932=CARTESIAN_POINT('',(-0.0642135477326429,0.00593064932806192,-0.0229999946391486));
#10933=CARTESIAN_POINT('',(-0.0636396897126215,0.00743742256312883,-0.0229999946391486));
#10934=CARTESIAN_POINT('',(-0.0636396897126215,0.00743742256312883,-0.0229999946391486));
#10935=CARTESIAN_POINT('',(-0.0642135477326429,0.00593064932806192,-0.0229999946391486));
#10936=CARTESIAN_POINT('',(-0.0647241864350904,0.00458985894434947,-0.0229999946391486));
#10937=CARTESIAN_POINT('',(-0.0643031604294267,0.00760772057248889,-0.0229999946391486));
#10938=CARTESIAN_POINT('',(-0.0643031604294267,0.00760772057248889,-0.0229999946391486));
#10939=CARTESIAN_POINT('',(-0.0647241864350904,0.00458985894434947,-0.0229999946391486));
#10940=CARTESIAN_POINT('',(-0.064741280663369,0.00446733523590618,-0.0229999946391486));
#10941=CARTESIAN_POINT('',(-0.064741280663369,0.00446733523590618,-0.0229999946391486));
#10942=CARTESIAN_POINT('',(-0.0708161052106781,-0.00100007898210907,-0.0229999946391486));
#10943=CARTESIAN_POINT('',(-0.0483037723056344,-0.00781370012694803,-0.0229999946391486));
#10944=CARTESIAN_POINT('',(-0.0478103893736732,-0.00800604818115435,-0.0229999946391486));
#10945=CARTESIAN_POINT('',(-0.047774765947409,-0.00778968420588082,-0.0229999946391486));
#10946=CARTESIAN_POINT('',(-0.0502726855786694,-0.00790308723462786,-0.0229999946391486));
#10947=CARTESIAN_POINT('',(-0.0478113726946398,-0.00746217724599646,-0.0229999946391486));
#10948=CARTESIAN_POINT('',(-0.0645336645787486,-0.0238620903978331,-0.0229999946391486));
#10949=CARTESIAN_POINT('',(-0.0645336645787486,-0.0238620903978331,-0.0229999946391486));
#10950=CARTESIAN_POINT('',(-0.0483273841827441,-0.00506232430086342,-0.0229999946391486));
#10951=CARTESIAN_POINT('',(-0.0483273841827441,-0.00506232430086342,-0.0229999946391486));
#10952=CARTESIAN_POINT('',(-0.0476974777012338,-0.00562428512965214,-0.0229999946391486));
#10953=CARTESIAN_POINT('',(0.0117762310723792,0.0540456439094912,-0.0229999946391486));
#10954=CARTESIAN_POINT('',(-0.0476776106090591,-0.0120073853617341,-0.0229999946391486));
#10955=CARTESIAN_POINT('',(-0.0486079693290778,-0.0111579626507563,-0.0229999946391486));
#10956=CARTESIAN_POINT('',(-0.0486079693290778,-0.0111579626507563,-0.0229999946391486));
#10957=CARTESIAN_POINT('',(0.0117762310723792,0.0540456439094912,-0.0229999946391486));
#10958=CARTESIAN_POINT('',(-0.0485455753808637,-0.00771943130784618,-0.0229999946391486));
#10959=CARTESIAN_POINT('',(-0.0485455753808637,-0.00771943130784618,-0.0229999946391486));
#10960=CARTESIAN_POINT('',(-0.0479366102122288,-0.0082212371673408,-0.0229999946391486));
#10961=CARTESIAN_POINT('',(-0.0479366102122288,-0.0082212371673408,-0.0229999946391486));
#10962=CARTESIAN_POINT('',(-0.0496578284720744,-0.00779294649790718,-0.0229999946391486));
#10963=CARTESIAN_POINT('',(-0.0481292321217578,-0.00670565608875707,-0.0229999946391486));
#10964=CARTESIAN_POINT('',(-0.0481292321217578,-0.00670565608875707,-0.0229999946391486));
#10965=CARTESIAN_POINT('',(-0.0496578284720744,-0.00779294649790718,-0.0229999946391486));
#10966=CARTESIAN_POINT('',(-0.0708161052106781,-0.00100007898210907,-0.0229999946391486));
#10967=CARTESIAN_POINT('',(-0.0496913892164297,-0.00781682189709116,-0.0229999946391486));
#10968=CARTESIAN_POINT('',(-0.0487411242289524,-0.00615188325088846,-0.0229999946391486));
#10969=CARTESIAN_POINT('',(-0.0500784999610685,-0.00849507325908244,-0.0229999946391486));
#10970=CARTESIAN_POINT('',(-0.049639452024314,-0.00583305331689856,-0.0229999946391486));
#10971=CARTESIAN_POINT('',(-0.0505552527439569,-0.0113857146690926,-0.0229999946391486));
#10972=CARTESIAN_POINT('',(-0.0507886777188784,-0.00576288159035633,-0.0229999946391486));
#10973=CARTESIAN_POINT('',(-0.050290710560457,-0.0177577323794772,-0.0229999946391486));
#10974=CARTESIAN_POINT('',(-0.0512512744500774,-0.00579103969694803,-0.0229999946391486));
#10975=CARTESIAN_POINT('',(-0.050502153206105,-0.0151234621261811,-0.0229999946391486));
#10976=CARTESIAN_POINT('',(-0.0516844322468509,-0.00583597014472367,-0.0229999946391486));
#10977=CARTESIAN_POINT('',(-0.0505709187996851,-0.0145831749799739,-0.0229999946391486));
#10978=CARTESIAN_POINT('',(-0.052045600427499,-0.00588956705671026,-0.0229999946391486));
#10979=CARTESIAN_POINT('',(-0.0519448475210267,-0.00648353213995829,-0.0229999946391486));
#10980=CARTESIAN_POINT('',(-0.0522133926205258,-0.00594424631795338,-0.0229999946391486));
#10981=CARTESIAN_POINT('',(-0.0518198809056281,-0.00673448929959551,-0.0229999946391486));
#10982=CARTESIAN_POINT('',(-0.0523650737544607,-0.00604015494398708,-0.0229999946391486));
#10983=CARTESIAN_POINT('',(-0.0437184497475509,-0.0170521396560771,-0.0229999946391486));
#10984=CARTESIAN_POINT('',(-0.0526604119347599,-0.00627859677275883,-0.0229999946391486));
#10985=CARTESIAN_POINT('',(-0.043405112161883,-0.0174296454878138,-0.0229999946391486));
#10986=CARTESIAN_POINT('',(-0.0530033661374572,-0.0065723906804641,-0.0229999946391486));
#10987=CARTESIAN_POINT('',(-0.0407113257804784,-0.02047678754357,-0.0229999946391486));
#10988=CARTESIAN_POINT('',(-0.0533591592870068,-0.0068952259302841,-0.0229999946391486));
#10989=CARTESIAN_POINT('',(-0.0392089923376552,-0.0220900402674562,-0.0229999946391486));
#10990=CARTESIAN_POINT('',(-0.0538808972916876,-0.00739838234687106,-0.0229999946391486));
#10991=CARTESIAN_POINT('',(-0.0522201465679159,-0.00906137328243276,-0.0229999946391486));
#10992=CARTESIAN_POINT('',(-0.0541428788445492,-0.00770980663196334,-0.0229999946391486));
#10993=CARTESIAN_POINT('',(-0.0528019410143955,-0.0086524070077573,-0.0229999946391486));
#10994=CARTESIAN_POINT('',(-0.054316887923418,-0.00802667096466291,-0.0229999946391486));
#10995=CARTESIAN_POINT('',(-0.0483303144426585,-0.010499366977429,-0.0229999946391486));
#10996=CARTESIAN_POINT('',(-0.054494490149601,-0.00851034071666181,-0.0229999946391486));
#10997=CARTESIAN_POINT('',(-0.0504131692052493,-0.0098272744155605,-0.0229999946391486));
#10998=CARTESIAN_POINT('',(-0.0546602740752184,-0.00923263566675235,-0.0229999946391486));
#10999=CARTESIAN_POINT('',(-0.0492646308479384,-0.00998807949923413,-0.0229999946391486));
#11000=CARTESIAN_POINT('',(-0.0547128201020212,-0.0100179972502188,-0.0229999946391486));
#11001=CARTESIAN_POINT('',(-0.0499453986304307,-0.00999182398902674,-0.0229999946391486));
#11002=CARTESIAN_POINT('',(-0.0546569300255922,-0.010720153886663,-0.0229999946391486));
#11003=CARTESIAN_POINT('',(-0.0536709092507295,-0.0105677321114466,-0.0229999946391486));
#11004=CARTESIAN_POINT('',(-0.0544799877226319,-0.0111515654715119,-0.0229999946391486));
#11005=CARTESIAN_POINT('',(-0.0605460130945306,-0.0155288198646764,-0.0229999946391486));
#11006=CARTESIAN_POINT('',(-0.0543807896512483,-0.0112924252030095,-0.0229999946391486));
#11007=CARTESIAN_POINT('',(-0.0724621885886237,-0.0237169581376022,-0.0229999946391486));
#11008=CARTESIAN_POINT('',(-0.0542534849265529,-0.0114797559605445,-0.0229999946391486));
#11009=CARTESIAN_POINT('',(-0.0737076270529962,-0.0245539639358744,-0.0229999946391486));
#11010=CARTESIAN_POINT('',(-0.0541209366002054,-0.0116791778341719,-0.0229999946391486));
#11011=CARTESIAN_POINT('',(-0.0671332281651186,-0.0202324470931193,-0.0229999946391486));
#11012=CARTESIAN_POINT('',(-0.0540034749186983,-0.0118606058097168,-0.0229999946391486));
#11013=CARTESIAN_POINT('',(-0.052482444715417,-0.010890759649902,-0.0229999946391486));
#11014=CARTESIAN_POINT('',(-0.0538435016900086,-0.0120746761861989,-0.0229999946391486));
#11015=CARTESIAN_POINT('',(-0.0529319449202231,-0.0112817597719064,-0.0229999946391486));
#11016=CARTESIAN_POINT('',(-0.0536675763633046,-0.0122401430796419,-0.0229999946391486));
#11017=CARTESIAN_POINT('',(-0.0527789068033785,-0.0110823812744857,-0.0229999946391486));
#11018=CARTESIAN_POINT('',(-0.0534470870311053,-0.0123799486783198,-0.0229999946391486));
#11019=CARTESIAN_POINT('',(-0.0517975077527009,-0.00917655913552251,-0.0229999946391486));
#11020=CARTESIAN_POINT('',(-0.0531485000484748,-0.0125168639382918,-0.0229999946391486));
#11021=CARTESIAN_POINT('',(-0.0504681811912489,-0.0058898122874259,-0.0229999946391486));
#11022=CARTESIAN_POINT('',(-0.0526326966052108,-0.0127027995751263,-0.0229999946391486));
#11023=CARTESIAN_POINT('',(-0.0522397768410316,-0.0114660482632287,-0.0229999946391486));
#11024=CARTESIAN_POINT('',(-0.0522868239261146,-0.0127628621744543,-0.0229999946391486));
#11025=CARTESIAN_POINT('',(-0.0522307369593477,-0.0112168910680473,-0.0229999946391486));
#11026=CARTESIAN_POINT('',(-0.0519166246659027,-0.0127316537150627,-0.0229999946391486));
#11027=CARTESIAN_POINT('',(-0.0544472413664516,-0.000528122942951655,-0.0229999946391486));
#11028=CARTESIAN_POINT('',(-0.0512884830062546,-0.0125843424919166,-0.0229999946391486));
#11029=CARTESIAN_POINT('',(-0.0500202080778675,-0.0174250419387845,-0.0229999946391486));
#11030=CARTESIAN_POINT('',(-0.0506462035406786,-0.0124602637856922,-0.0229999946391486));
#11031=CARTESIAN_POINT('',(-0.050458201839429,-0.0139513034403743,-0.0229999946391486));
#11032=CARTESIAN_POINT('',(-0.0501669727938172,-0.0124769461110612,-0.0229999946391486));
#11033=CARTESIAN_POINT('',(-0.0502869162722081,-0.013084169271152,-0.0229999946391486));
#11034=CARTESIAN_POINT('',(-0.0498699621671254,-0.0126267245439838,-0.0229999946391486));
#11035=CARTESIAN_POINT('',(-0.0501223208793438,-0.0129035901109008,-0.0229999946391486));
#11036=CARTESIAN_POINT('',(-0.0497480005509096,-0.0128886317186857,-0.0229999946391486));
#11037=CARTESIAN_POINT('',(-0.0503338535447142,-0.0129120425481439,-0.0229999946391486));
#11038=CARTESIAN_POINT('',(-0.049760485501826,-0.0130346022669764,-0.0229999946391486));
#11039=CARTESIAN_POINT('',(-0.0500598237647679,-0.0129706172714356,-0.0229999946391486));
#11040=CARTESIAN_POINT('',(-0.0498103454386864,-0.0131479814169978,-0.0229999946391486));
#11041=CARTESIAN_POINT('',(-0.0501329846194358,-0.0129186047402212,-0.0229999946391486));
#11042=CARTESIAN_POINT('',(-0.049907758316854,-0.0132441547570067,-0.0229999946391486));
#11043=CARTESIAN_POINT('',(-0.0506482864972436,-0.0121737675951099,-0.0229999946391486));
#11044=CARTESIAN_POINT('',(-0.0500681020923789,-0.0133388842067228,-0.0229999946391486));
#11045=CARTESIAN_POINT('',(-0.0494431554633598,-0.0145938905328851,-0.0229999946391486));
#11046=CARTESIAN_POINT('',(-0.050237542996407,-0.0134386643147058,-0.0229999946391486));
#11047=CARTESIAN_POINT('',(-0.0455316981541117,-0.0202820761078512,-0.0229999946391486));
#11048=CARTESIAN_POINT('',(-0.0504918342151306,-0.0136206715332514,-0.0229999946391486));
#11049=CARTESIAN_POINT('',(-0.0448832645086273,-0.0211529055684405,-0.0229999946391486));
#11050=CARTESIAN_POINT('',(-0.0507736404407294,-0.0138389411788581,-0.0229999946391486));
#11051=CARTESIAN_POINT('',(-0.0450360234149296,-0.0209632202951201,-0.0229999946391486));
#11052=CARTESIAN_POINT('',(-0.0510450871894171,-0.0140663547305831,-0.0229999946391486));
#11053=CARTESIAN_POINT('',(-0.0564497645639525,-0.00786316129698308,-0.0229999946391486));
#11054=CARTESIAN_POINT('',(-0.0517079637994154,-0.0145866627513525,-0.0229999946391486));
#11055=CARTESIAN_POINT('',(-0.052201943822437,-0.0138862361610049,-0.0229999946391486));
#11056=CARTESIAN_POINT('',(-0.052138188969316,-0.0147409577474376,-0.0229999946391486));
#11057=CARTESIAN_POINT('',(-0.0521594020612562,-0.0144565641486273,-0.0229999946391486));
#11058=CARTESIAN_POINT('',(-0.0524062887242001,-0.0145993110924625,-0.0229999946391486));
#11059=CARTESIAN_POINT('',(-0.0515183121139636,-0.0140858947030362,-0.0229999946391486));
#11060=CARTESIAN_POINT('',(-0.0525399002230242,-0.0141778543935789,-0.0229999946391486));
#11061=CARTESIAN_POINT('',(-0.0534201627376848,-0.014257091436058,-0.0229999946391486));
#11062=CARTESIAN_POINT('',(-0.0525817478688418,-0.0139774468199459,-0.0229999946391486));
#11063=CARTESIAN_POINT('',(-0.0528787964825939,-0.0140765242885012,-0.0229999946391486));
#11064=CARTESIAN_POINT('',(-0.0526663934443362,-0.0138464391454645,-0.0229999946391486));
#11065=CARTESIAN_POINT('',(-0.0531918044249281,-0.014415589465015,-0.0229999946391486));
#11066=CARTESIAN_POINT('',(-0.0528381366794177,-0.013726453839353,-0.0229999946391486));
#11067=CARTESIAN_POINT('',(-0.0589374042149616,-0.0256110633344036,-0.0229999946391486));
#11068=CARTESIAN_POINT('',(-0.0532464240966767,-0.0135256277769538,-0.0229999946391486));
#11069=CARTESIAN_POINT('',(-0.0512403761278307,-0.00926556285771656,-0.0229999946391486));
#11070=CARTESIAN_POINT('',(-0.0537579336665521,-0.0132447946439604,-0.0229999946391486));
#11071=CARTESIAN_POINT('',(-0.0518369078782915,-0.0102084315256348,-0.0229999946391486));
#11072=CARTESIAN_POINT('',(-0.054195197833884,-0.0129192080842692,-0.0229999946391486));
#11073=CARTESIAN_POINT('',(-0.0511038263693389,-0.00936577646906782,-0.0229999946391486));
#11074=CARTESIAN_POINT('',(-0.0546283925877516,-0.0124900182567246,-0.0229999946391486));
#11075=CARTESIAN_POINT('',(-0.0448903002411844,-0.00385799327533215,-0.0229999946391486));
#11076=CARTESIAN_POINT('',(-0.0551340308800126,-0.0118834702349144,-0.0229999946391486));
#11077=CARTESIAN_POINT('',(-0.0511903826749077,-0.00879380454743569,-0.0229999946391486));
#11078=CARTESIAN_POINT('',(-0.0557780722449729,-0.0108066382799446,-0.0229999946391486));
#11079=CARTESIAN_POINT('',(-0.050917435309248,-0.00867404588235565,-0.0229999946391486));
#11080=CARTESIAN_POINT('',(-0.0561461019546474,-0.00958771259756147,-0.0229999946391486));
#11081=CARTESIAN_POINT('',(-0.0508554671272077,-0.00866321825484652,-0.0229999946391486));
#11082=CARTESIAN_POINT('',(-0.056214579238418,-0.00830906567966411,-0.0229999946391486));
#11083=CARTESIAN_POINT('',(-0.0509508347246147,-0.00865691639981746,-0.0229999946391486));
#11084=CARTESIAN_POINT('',(-0.0559774788877593,-0.00705664926985743,-0.0229999946391486));
#11085=CARTESIAN_POINT('',(-0.0524809133151143,-0.00816980694549203,-0.0229999946391486));
#11086=CARTESIAN_POINT('',(-0.0558210940481756,-0.00665050332701534,-0.0229999946391486));
#11087=CARTESIAN_POINT('',(-0.0541610444776899,-0.00740558809414502,-0.0229999946391486));
#11088=CARTESIAN_POINT('',(-0.0556377467982557,-0.00633541622081971,-0.0229999946391486));
#11089=CARTESIAN_POINT('',(-0.052978481003491,-0.00826259766940601,-0.0229999946391486));
#11090=CARTESIAN_POINT('',(-0.0553499253190292,-0.00599059970257544,-0.0229999946391486));
#11091=CARTESIAN_POINT('',(-0.0363815897254083,-0.0241635451999452,-0.0229999946391486));
#11092=CARTESIAN_POINT('',(-0.0548040104577895,-0.00543741058540902,-0.0229999946391486));
#11093=CARTESIAN_POINT('',(-0.0455219732411294,-0.0148724854183225,-0.0229999946391486));
#11094=CARTESIAN_POINT('',(-0.0544190613738382,-0.00507357350153537,-0.0229999946391486));
#11095=CARTESIAN_POINT('',(-0.0488820564123988,-0.0111718136029826,-0.0229999946391486));
#11096=CARTESIAN_POINT('',(-0.0540620418860463,-0.00476754106266204,-0.0229999946391486));
#11097=CARTESIAN_POINT('',(-0.0484325046094643,-0.0117276244394051,-0.0229999946391486));
#11098=CARTESIAN_POINT('',(-0.0537573421576778,-0.0045317537037139,-0.0229999946391486));
#11099=CARTESIAN_POINT('',(-0.0536187026939834,-0.00471910836514666,-0.0229999946391486));
#11100=CARTESIAN_POINT('',(-0.0536280089970894,-0.00448622199204473,-0.0229999946391486));
#11101=CARTESIAN_POINT('',(-0.0536465782602432,-0.00402152978935324,-0.0229999946391486));
#11102=CARTESIAN_POINT('',(-0.0535355845552436,-0.00447315359101431,-0.0229999946391486));
#11103=CARTESIAN_POINT('',(-0.0536965829199261,-0.00381806860673898,-0.0229999946391486));
#11104=CARTESIAN_POINT('',(-0.0534381620399082,-0.00444118613885008,-0.0229999946391486));
#11105=CARTESIAN_POINT('',(-0.0536804951435134,-0.00385685922139503,-0.0229999946391486));
#11106=CARTESIAN_POINT('',(-0.0533504241901114,-0.00439650396128025,-0.0229999946391486));
#11107=CARTESIAN_POINT('',(-0.0535037708805545,-0.00414579269323548,-0.0229999946391486));
#11108=CARTESIAN_POINT('',(-0.0532878271371998,-0.0043451407484064,-0.0229999946391486));
#11109=CARTESIAN_POINT('',(-0.0529875700699553,-0.00462232237417465,-0.0229999946391486));
#11110=CARTESIAN_POINT('',(-0.0530827440797488,-0.00422492349652949,-0.0229999946391486));
#11111=CARTESIAN_POINT('',(-0.0476615949656151,-0.0268607270385363,-0.0229999946391486));
#11112=CARTESIAN_POINT('',(-0.0523448194471246,-0.00406081764911566,-0.0229999946391486));
#11113=CARTESIAN_POINT('',(-0.0494613079856663,-0.0180988795801277,-0.0229999946391486));
#11114=CARTESIAN_POINT('',(-0.0516059295901314,-0.00392910825872126,-0.0229999946391486));
#11115=CARTESIAN_POINT('',(-0.0512031022642679,-0.00659062025298168,-0.0229999946391486));
#11116=CARTESIAN_POINT('',(-0.0511209493249163,-0.00390005026790227,-0.0229999946391486));
#11117=CARTESIAN_POINT('',(-0.0511489816835535,-0.00481815091542326,-0.0229999946391486));
#11118=CARTESIAN_POINT('',(-0.0509315173014493,-0.0039257362950672,-0.0229999946391486));
#11119=CARTESIAN_POINT('',(-0.0532249070652586,-0.0133371992336075,-0.0229999946391486));
#11120=CARTESIAN_POINT('',(-0.0505848029915401,-0.00401705321907541,-0.0229999946391486));
#11121=CARTESIAN_POINT('',(-0.0534842960814494,-0.014252884053112,-0.0229999946391486));
#11122=CARTESIAN_POINT('',(-0.0501808855024324,-0.00414018057738978,-0.0229999946391486));
#11123=CARTESIAN_POINT('',(-0.0540609879394923,-0.0160183543504704,-0.0229999946391486));
#11124=CARTESIAN_POINT('',(-0.0497654620719133,-0.00428401735912155,-0.0229999946391486));
#11125=CARTESIAN_POINT('',(-0.053393928276531,-0.0141961597938864,-0.0229999946391486));
#11126=CARTESIAN_POINT('',(-0.0491560801745838,-0.00452884485591414,-0.0229999946391486));
#11127=CARTESIAN_POINT('',(-0.0503284975302217,-0.00720335672884838,-0.0229999946391486));
#11128=CARTESIAN_POINT('',(-0.0487402891419424,-0.00475281182420646,-0.0229999946391486));
#11129=CARTESIAN_POINT('',(-0.050799418805092,-0.00792996674680152,-0.0229999946391486));
#11130=CARTESIAN_POINT('',(-0.0708161052106781,-0.00100007898210907,-0.0229999946391486));
#11131=CARTESIAN_POINT('',(0.0079706376445674,0.0499363518127302,-0.0229999946391486));
#11132=CARTESIAN_POINT('',(-0.0495213537063671,-0.0102992270202624,-0.0229999946391486));
#11133=CARTESIAN_POINT('',(-0.0484697569125611,-0.00919744622437068,-0.0229999946391486));
#11134=CARTESIAN_POINT('',(-0.0497740891456137,-0.00998389022413086,-0.0229999946391486));
#11135=CARTESIAN_POINT('',(-0.0495533574964364,-0.00985080054617944,-0.0229999946391486));
#11136=CARTESIAN_POINT('',(-0.0497911009824371,-0.00975123469766711,-0.0229999946391486));
#11137=CARTESIAN_POINT('',(-0.0487707108375231,-0.0101785674730395,-0.0229999946391486));
#11138=CARTESIAN_POINT('',(-0.0496055957012871,-0.0094527736917194,-0.0229999946391486));
#11139=CARTESIAN_POINT('',(-0.0486483676995279,-0.0102849229490344,-0.0229999946391486));
#11140=CARTESIAN_POINT('',(-0.0493190934416784,-0.0092084078248404,-0.0229999946391486));
#11141=CARTESIAN_POINT('',(-0.0490622584158273,-0.00962062793091071,-0.0229999946391486));
#11142=CARTESIAN_POINT('',(-0.0490366580283835,-0.00913561837789626,-0.0229999946391486));
#11143=CARTESIAN_POINT('',(-0.0490198655900962,-0.0088174778298303,-0.0229999946391486));
#11144=CARTESIAN_POINT('',(-0.0488888970593065,-0.0091078958703342,-0.0229999946391486));
#11145=CARTESIAN_POINT('',(-0.049330658079045,-0.00812830389962879,-0.0229999946391486));
#11146=CARTESIAN_POINT('',(-0.0487095050045992,-0.0090051859246113,-0.0229999946391486));
#11147=CARTESIAN_POINT('',(-0.0498167909353681,-0.00744202841659913,-0.0229999946391486));
#11148=CARTESIAN_POINT('',(-0.0484972999945553,-0.00883072823457512,-0.0229999946391486));
#11149=CARTESIAN_POINT('',(-0.0522749802184051,-0.00485489966651541,-0.0229999946391486));
#11150=CARTESIAN_POINT('',(-0.0482452067432467,-0.00857498117303856,-0.0229999946391486));
#11151=CARTESIAN_POINT('',(-0.054379565595614,-0.00291205784471296,-0.0229999946391486));
#11152=CARTESIAN_POINT('',(-0.0674755568440663,-0.0270488528418713,-0.0229999946391486));
#11153=CARTESIAN_POINT('',(-0.0468019510623823,-0.0110345292695524,-0.0229999946391486));
#11154=CARTESIAN_POINT('',(0.0079706376445674,0.0499363518127302,-0.0229999946391486));
#11155=CARTESIAN_POINT('',(-0.0495213537063671,-0.0102992270202624,-0.0229999946391486));
#11156=CARTESIAN_POINT('',(-0.0484697569125611,-0.00919744622437068,-0.0229999946391486));
#11157=CARTESIAN_POINT('',(-0.0497740891456137,-0.00998389022413086,-0.0229999946391486));
#11158=CARTESIAN_POINT('',(-0.0495533574964364,-0.00985080054617944,-0.0229999946391486));
#11159=CARTESIAN_POINT('',(-0.0497911009824371,-0.00975123469766711,-0.0229999946391486));
#11160=CARTESIAN_POINT('',(-0.0487707108375231,-0.0101785674730395,-0.0229999946391486));
#11161=CARTESIAN_POINT('',(-0.0496055957012871,-0.0094527736917194,-0.0229999946391486));
#11162=CARTESIAN_POINT('',(-0.0486483676995279,-0.0102849229490344,-0.0229999946391486));
#11163=CARTESIAN_POINT('',(-0.0493190934416784,-0.0092084078248404,-0.0229999946391486));
#11164=CARTESIAN_POINT('',(-0.0490622584158273,-0.00962062793091071,-0.0229999946391486));
#11165=CARTESIAN_POINT('',(-0.0490366580283835,-0.00913561837789626,-0.0229999946391486));
#11166=CARTESIAN_POINT('',(-0.0490198655900962,-0.0088174778298303,-0.0229999946391486));
#11167=CARTESIAN_POINT('',(-0.0488888970593065,-0.0091078958703342,-0.0229999946391486));
#11168=CARTESIAN_POINT('',(-0.049330658079045,-0.00812830389962879,-0.0229999946391486));
#11169=CARTESIAN_POINT('',(-0.0487095050045992,-0.0090051859246113,-0.0229999946391486));
#11170=CARTESIAN_POINT('',(-0.0498167909353681,-0.00744202841659913,-0.0229999946391486));
#11171=CARTESIAN_POINT('',(-0.0484972999945553,-0.00883072823457512,-0.0229999946391486));
#11172=CARTESIAN_POINT('',(-0.0522749802184051,-0.00485489966651541,-0.0229999946391486));
#11173=CARTESIAN_POINT('',(-0.0482452067432467,-0.00857498117303856,-0.0229999946391486));
#11174=CARTESIAN_POINT('',(-0.054379565595614,-0.00291205784471296,-0.0229999946391486));
#11175=CARTESIAN_POINT('',(-0.0496913892164297,-0.00781682189709116,-0.0229999946391486));
#11176=CARTESIAN_POINT('',(-0.0487411242289524,-0.00615188325088846,-0.0229999946391486));
#11177=CARTESIAN_POINT('',(-0.0500784999610685,-0.00849507325908244,-0.0229999946391486));
#11178=CARTESIAN_POINT('',(-0.049639452024314,-0.00583305331689856,-0.0229999946391486));
#11179=CARTESIAN_POINT('',(-0.0505552527439569,-0.0113857146690926,-0.0229999946391486));
#11180=CARTESIAN_POINT('',(-0.0507886777188784,-0.00576288159035633,-0.0229999946391486));
#11181=CARTESIAN_POINT('',(-0.050290710560457,-0.0177577323794772,-0.0229999946391486));
#11182=CARTESIAN_POINT('',(-0.0512512744500774,-0.00579103969694803,-0.0229999946391486));
#11183=CARTESIAN_POINT('',(-0.050502153206105,-0.0151234621261811,-0.0229999946391486));
#11184=CARTESIAN_POINT('',(-0.0516844322468509,-0.00583597014472367,-0.0229999946391486));
#11185=CARTESIAN_POINT('',(-0.0505709187996851,-0.0145831749799739,-0.0229999946391486));
#11186=CARTESIAN_POINT('',(-0.052045600427499,-0.00588956705671026,-0.0229999946391486));
#11187=CARTESIAN_POINT('',(-0.0519448475210267,-0.00648353213995829,-0.0229999946391486));
#11188=CARTESIAN_POINT('',(-0.0522133926205258,-0.00594424631795338,-0.0229999946391486));
#11189=CARTESIAN_POINT('',(-0.0518198809056281,-0.00673448929959551,-0.0229999946391486));
#11190=CARTESIAN_POINT('',(-0.0523650737544607,-0.00604015494398708,-0.0229999946391486));
#11191=CARTESIAN_POINT('',(-0.0437184497475509,-0.0170521396560771,-0.0229999946391486));
#11192=CARTESIAN_POINT('',(-0.0526604119347599,-0.00627859677275883,-0.0229999946391486));
#11193=CARTESIAN_POINT('',(-0.043405112161883,-0.0174296454878138,-0.0229999946391486));
#11194=CARTESIAN_POINT('',(-0.0530033661374572,-0.0065723906804641,-0.0229999946391486));
#11195=CARTESIAN_POINT('',(-0.0407113257804784,-0.02047678754357,-0.0229999946391486));
#11196=CARTESIAN_POINT('',(-0.0533591592870068,-0.0068952259302841,-0.0229999946391486));
#11197=CARTESIAN_POINT('',(-0.0392089923376552,-0.0220900402674562,-0.0229999946391486));
#11198=CARTESIAN_POINT('',(-0.0538808972916876,-0.00739838234687106,-0.0229999946391486));
#11199=CARTESIAN_POINT('',(-0.0522201465679159,-0.00906137328243276,-0.0229999946391486));
#11200=CARTESIAN_POINT('',(-0.0541428788445492,-0.00770980663196334,-0.0229999946391486));
#11201=CARTESIAN_POINT('',(-0.0528019410143955,-0.0086524070077573,-0.0229999946391486));
#11202=CARTESIAN_POINT('',(-0.054316887923418,-0.00802667096466291,-0.0229999946391486));
#11203=CARTESIAN_POINT('',(-0.0483303144426585,-0.010499366977429,-0.0229999946391486));
#11204=CARTESIAN_POINT('',(-0.054494490149601,-0.00851034071666181,-0.0229999946391486));
#11205=CARTESIAN_POINT('',(-0.0504131692052493,-0.0098272744155605,-0.0229999946391486));
#11206=CARTESIAN_POINT('',(-0.0546602740752184,-0.00923263566675235,-0.0229999946391486));
#11207=CARTESIAN_POINT('',(-0.0492646308479384,-0.00998807949923413,-0.0229999946391486));
#11208=CARTESIAN_POINT('',(-0.0547128201020212,-0.0100179972502188,-0.0229999946391486));
#11209=CARTESIAN_POINT('',(-0.0499453986304307,-0.00999182398902674,-0.0229999946391486));
#11210=CARTESIAN_POINT('',(-0.0546569300255922,-0.010720153886663,-0.0229999946391486));
#11211=CARTESIAN_POINT('',(-0.0536709092507295,-0.0105677321114466,-0.0229999946391486));
#11212=CARTESIAN_POINT('',(-0.0544799877226319,-0.0111515654715119,-0.0229999946391486));
#11213=CARTESIAN_POINT('',(-0.0605460130945306,-0.0155288198646764,-0.0229999946391486));
#11214=CARTESIAN_POINT('',(-0.0543807896512483,-0.0112924252030095,-0.0229999946391486));
#11215=CARTESIAN_POINT('',(-0.0724621885886237,-0.0237169581376022,-0.0229999946391486));
#11216=CARTESIAN_POINT('',(-0.0542534849265529,-0.0114797559605445,-0.0229999946391486));
#11217=CARTESIAN_POINT('',(-0.0737076270529962,-0.0245539639358744,-0.0229999946391486));
#11218=CARTESIAN_POINT('',(-0.0541209366002054,-0.0116791778341719,-0.0229999946391486));
#11219=CARTESIAN_POINT('',(-0.0671332281651186,-0.0202324470931193,-0.0229999946391486));
#11220=CARTESIAN_POINT('',(-0.0540034749186983,-0.0118606058097168,-0.0229999946391486));
#11221=CARTESIAN_POINT('',(-0.052482444715417,-0.010890759649902,-0.0229999946391486));
#11222=CARTESIAN_POINT('',(-0.0538435016900086,-0.0120746761861989,-0.0229999946391486));
#11223=CARTESIAN_POINT('',(-0.0529319449202231,-0.0112817597719064,-0.0229999946391486));
#11224=CARTESIAN_POINT('',(-0.0536675763633046,-0.0122401430796419,-0.0229999946391486));
#11225=CARTESIAN_POINT('',(-0.0527789068033785,-0.0110823812744857,-0.0229999946391486));
#11226=CARTESIAN_POINT('',(-0.0534470870311053,-0.0123799486783198,-0.0229999946391486));
#11227=CARTESIAN_POINT('',(-0.0517975077527009,-0.00917655913552251,-0.0229999946391486));
#11228=CARTESIAN_POINT('',(-0.0531485000484748,-0.0125168639382918,-0.0229999946391486));
#11229=CARTESIAN_POINT('',(-0.0504681811912489,-0.0058898122874259,-0.0229999946391486));
#11230=CARTESIAN_POINT('',(-0.0526326966052108,-0.0127027995751263,-0.0229999946391486));
#11231=CARTESIAN_POINT('',(-0.0522397768410316,-0.0114660482632287,-0.0229999946391486));
#11232=CARTESIAN_POINT('',(-0.0522868239261146,-0.0127628621744543,-0.0229999946391486));
#11233=CARTESIAN_POINT('',(-0.0522307369593477,-0.0112168910680473,-0.0229999946391486));
#11234=CARTESIAN_POINT('',(-0.0519166246659027,-0.0127316537150627,-0.0229999946391486));
#11235=CARTESIAN_POINT('',(-0.0544472413664516,-0.000528122942951655,-0.0229999946391486));
#11236=CARTESIAN_POINT('',(-0.0512884830062546,-0.0125843424919166,-0.0229999946391486));
#11237=CARTESIAN_POINT('',(-0.0500202080778675,-0.0174250419387845,-0.0229999946391486));
#11238=CARTESIAN_POINT('',(-0.0506462035406786,-0.0124602637856922,-0.0229999946391486));
#11239=CARTESIAN_POINT('',(-0.050458201839429,-0.0139513034403743,-0.0229999946391486));
#11240=CARTESIAN_POINT('',(-0.0501669727938172,-0.0124769461110612,-0.0229999946391486));
#11241=CARTESIAN_POINT('',(-0.0502869162722081,-0.013084169271152,-0.0229999946391486));
#11242=CARTESIAN_POINT('',(-0.0498699621671254,-0.0126267245439838,-0.0229999946391486));
#11243=CARTESIAN_POINT('',(-0.0501223208793438,-0.0129035901109008,-0.0229999946391486));
#11244=CARTESIAN_POINT('',(-0.0497480005509096,-0.0128886317186857,-0.0229999946391486));
#11245=CARTESIAN_POINT('',(-0.0503338535447142,-0.0129120425481439,-0.0229999946391486));
#11246=CARTESIAN_POINT('',(-0.049760485501826,-0.0130346022669764,-0.0229999946391486));
#11247=CARTESIAN_POINT('',(-0.0500598237647679,-0.0129706172714356,-0.0229999946391486));
#11248=CARTESIAN_POINT('',(-0.0498103454386864,-0.0131479814169978,-0.0229999946391486));
#11249=CARTESIAN_POINT('',(-0.0501329846194358,-0.0129186047402212,-0.0229999946391486));
#11250=CARTESIAN_POINT('',(-0.049907758316854,-0.0132441547570067,-0.0229999946391486));
#11251=CARTESIAN_POINT('',(-0.0506482864972436,-0.0121737675951099,-0.0229999946391486));
#11252=CARTESIAN_POINT('',(-0.0500681020923789,-0.0133388842067228,-0.0229999946391486));
#11253=CARTESIAN_POINT('',(-0.0494431554633598,-0.0145938905328851,-0.0229999946391486));
#11254=CARTESIAN_POINT('',(-0.050237542996407,-0.0134386643147058,-0.0229999946391486));
#11255=CARTESIAN_POINT('',(-0.0455316981541117,-0.0202820761078512,-0.0229999946391486));
#11256=CARTESIAN_POINT('',(-0.0504918342151306,-0.0136206715332514,-0.0229999946391486));
#11257=CARTESIAN_POINT('',(-0.0448832645086273,-0.0211529055684405,-0.0229999946391486));
#11258=CARTESIAN_POINT('',(-0.0507736404407294,-0.0138389411788581,-0.0229999946391486));
#11259=CARTESIAN_POINT('',(-0.0450360234149296,-0.0209632202951201,-0.0229999946391486));
#11260=CARTESIAN_POINT('',(-0.0510450871894171,-0.0140663547305831,-0.0229999946391486));
#11261=CARTESIAN_POINT('',(-0.0564497645639525,-0.00786316129698308,-0.0229999946391486));
#11262=CARTESIAN_POINT('',(-0.0517079637994154,-0.0145866627513525,-0.0229999946391486));
#11263=CARTESIAN_POINT('',(-0.052201943822437,-0.0138862361610049,-0.0229999946391486));
#11264=CARTESIAN_POINT('',(-0.052138188969316,-0.0147409577474376,-0.0229999946391486));
#11265=CARTESIAN_POINT('',(-0.0521594020612562,-0.0144565641486273,-0.0229999946391486));
#11266=CARTESIAN_POINT('',(-0.0524062887242001,-0.0145993110924625,-0.0229999946391486));
#11267=CARTESIAN_POINT('',(-0.0515183121139636,-0.0140858947030362,-0.0229999946391486));
#11268=CARTESIAN_POINT('',(-0.0525399002230242,-0.0141778543935789,-0.0229999946391486));
#11269=CARTESIAN_POINT('',(-0.0534201627376848,-0.014257091436058,-0.0229999946391486));
#11270=CARTESIAN_POINT('',(-0.0525817478688418,-0.0139774468199459,-0.0229999946391486));
#11271=CARTESIAN_POINT('',(-0.0528787964825939,-0.0140765242885012,-0.0229999946391486));
#11272=CARTESIAN_POINT('',(-0.0526663934443362,-0.0138464391454645,-0.0229999946391486));
#11273=CARTESIAN_POINT('',(-0.0531918044249281,-0.014415589465015,-0.0229999946391486));
#11274=CARTESIAN_POINT('',(-0.0528381366794177,-0.013726453839353,-0.0229999946391486));
#11275=CARTESIAN_POINT('',(-0.0589374042149616,-0.0256110633344036,-0.0229999946391486));
#11276=CARTESIAN_POINT('',(-0.0532464240966767,-0.0135256277769538,-0.0229999946391486));
#11277=CARTESIAN_POINT('',(-0.0512403761278307,-0.00926556285771656,-0.0229999946391486));
#11278=CARTESIAN_POINT('',(-0.0537579336665521,-0.0132447946439604,-0.0229999946391486));
#11279=CARTESIAN_POINT('',(-0.0518369078782915,-0.0102084315256348,-0.0229999946391486));
#11280=CARTESIAN_POINT('',(-0.054195197833884,-0.0129192080842692,-0.0229999946391486));
#11281=CARTESIAN_POINT('',(-0.0511038263693389,-0.00936577646906782,-0.0229999946391486));
#11282=CARTESIAN_POINT('',(-0.0546283925877516,-0.0124900182567246,-0.0229999946391486));
#11283=CARTESIAN_POINT('',(-0.0448903002411844,-0.00385799327533215,-0.0229999946391486));
#11284=CARTESIAN_POINT('',(-0.0551340308800126,-0.0118834702349144,-0.0229999946391486));
#11285=CARTESIAN_POINT('',(-0.0511903826749077,-0.00879380454743569,-0.0229999946391486));
#11286=CARTESIAN_POINT('',(-0.0557780722449729,-0.0108066382799446,-0.0229999946391486));
#11287=CARTESIAN_POINT('',(-0.050917435309248,-0.00867404588235565,-0.0229999946391486));
#11288=CARTESIAN_POINT('',(-0.0561461019546474,-0.00958771259756147,-0.0229999946391486));
#11289=CARTESIAN_POINT('',(-0.0508554671272077,-0.00866321825484652,-0.0229999946391486));
#11290=CARTESIAN_POINT('',(-0.056214579238418,-0.00830906567966411,-0.0229999946391486));
#11291=CARTESIAN_POINT('',(-0.0509508347246147,-0.00865691639981746,-0.0229999946391486));
#11292=CARTESIAN_POINT('',(-0.0559774788877593,-0.00705664926985743,-0.0229999946391486));
#11293=CARTESIAN_POINT('',(-0.0524809133151143,-0.00816980694549203,-0.0229999946391486));
#11294=CARTESIAN_POINT('',(-0.0558210940481756,-0.00665050332701534,-0.0229999946391486));
#11295=CARTESIAN_POINT('',(-0.0541610444776899,-0.00740558809414502,-0.0229999946391486));
#11296=CARTESIAN_POINT('',(-0.0556377467982557,-0.00633541622081971,-0.0229999946391486));
#11297=CARTESIAN_POINT('',(-0.052978481003491,-0.00826259766940601,-0.0229999946391486));
#11298=CARTESIAN_POINT('',(-0.0553499253190292,-0.00599059970257544,-0.0229999946391486));
#11299=CARTESIAN_POINT('',(-0.0363815897254083,-0.0241635451999452,-0.0229999946391486));
#11300=CARTESIAN_POINT('',(-0.0548040104577895,-0.00543741058540902,-0.0229999946391486));
#11301=CARTESIAN_POINT('',(-0.0455219732411294,-0.0148724854183225,-0.0229999946391486));
#11302=CARTESIAN_POINT('',(-0.0544190613738382,-0.00507357350153537,-0.0229999946391486));
#11303=CARTESIAN_POINT('',(-0.0488820564123988,-0.0111718136029826,-0.0229999946391486));
#11304=CARTESIAN_POINT('',(-0.0540620418860463,-0.00476754106266204,-0.0229999946391486));
#11305=CARTESIAN_POINT('',(-0.0484325046094643,-0.0117276244394051,-0.0229999946391486));
#11306=CARTESIAN_POINT('',(-0.0537573421576778,-0.0045317537037139,-0.0229999946391486));
#11307=CARTESIAN_POINT('',(-0.0536187026939834,-0.00471910836514666,-0.0229999946391486));
#11308=CARTESIAN_POINT('',(-0.0536280089970894,-0.00448622199204473,-0.0229999946391486));
#11309=CARTESIAN_POINT('',(-0.0536465782602432,-0.00402152978935324,-0.0229999946391486));
#11310=CARTESIAN_POINT('',(-0.0535355845552436,-0.00447315359101431,-0.0229999946391486));
#11311=CARTESIAN_POINT('',(-0.0536965829199261,-0.00381806860673898,-0.0229999946391486));
#11312=CARTESIAN_POINT('',(-0.0534381620399082,-0.00444118613885008,-0.0229999946391486));
#11313=CARTESIAN_POINT('',(-0.0536804951435134,-0.00385685922139503,-0.0229999946391486));
#11314=CARTESIAN_POINT('',(-0.0533504241901114,-0.00439650396128025,-0.0229999946391486));
#11315=CARTESIAN_POINT('',(-0.0535037708805545,-0.00414579269323548,-0.0229999946391486));
#11316=CARTESIAN_POINT('',(-0.0532878271371998,-0.0043451407484064,-0.0229999946391486));
#11317=CARTESIAN_POINT('',(-0.0529875700699553,-0.00462232237417465,-0.0229999946391486));
#11318=CARTESIAN_POINT('',(-0.0530827440797488,-0.00422492349652949,-0.0229999946391486));
#11319=CARTESIAN_POINT('',(-0.0476615949656151,-0.0268607270385363,-0.0229999946391486));
#11320=CARTESIAN_POINT('',(-0.0523448194471246,-0.00406081764911566,-0.0229999946391486));
#11321=CARTESIAN_POINT('',(-0.0494613079856663,-0.0180988795801277,-0.0229999946391486));
#11322=CARTESIAN_POINT('',(-0.0516059295901314,-0.00392910825872126,-0.0229999946391486));
#11323=CARTESIAN_POINT('',(-0.0512031022642679,-0.00659062025298168,-0.0229999946391486));
#11324=CARTESIAN_POINT('',(-0.0511209493249163,-0.00390005026790227,-0.0229999946391486));
#11325=CARTESIAN_POINT('',(-0.0511489816835535,-0.00481815091542326,-0.0229999946391486));
#11326=CARTESIAN_POINT('',(-0.0509315173014493,-0.0039257362950672,-0.0229999946391486));
#11327=CARTESIAN_POINT('',(-0.0532249070652586,-0.0133371992336075,-0.0229999946391486));
#11328=CARTESIAN_POINT('',(-0.0505848029915401,-0.00401705321907541,-0.0229999946391486));
#11329=CARTESIAN_POINT('',(-0.0534842960814494,-0.014252884053112,-0.0229999946391486));
#11330=CARTESIAN_POINT('',(-0.0501808855024324,-0.00414018057738978,-0.0229999946391486));
#11331=CARTESIAN_POINT('',(-0.0540609879394923,-0.0160183543504704,-0.0229999946391486));
#11332=CARTESIAN_POINT('',(-0.0497654620719133,-0.00428401735912155,-0.0229999946391486));
#11333=CARTESIAN_POINT('',(-0.053393928276531,-0.0141961597938864,-0.0229999946391486));
#11334=CARTESIAN_POINT('',(-0.0491560801745838,-0.00452884485591414,-0.0229999946391486));
#11335=CARTESIAN_POINT('',(-0.0503284975302217,-0.00720335672884838,-0.0229999946391486));
#11336=CARTESIAN_POINT('',(-0.0487402891419424,-0.00475281182420646,-0.0229999946391486));
#11337=CARTESIAN_POINT('',(-0.050799418805092,-0.00792996674680152,-0.0229999946391486));
#11338=CARTESIAN_POINT('',(-0.0598769989342012,-0.00326291744917527,-0.0229999946391486));
#11339=CARTESIAN_POINT('',(-0.0598769989342012,-0.00326291744917527,-0.0229999946391486));
#11340=CARTESIAN_POINT('',(-0.0481671503522915,-0.0153373648037234,-0.0229999946391486));
#11341=CARTESIAN_POINT('',(-0.0481671503522915,-0.0153373648037234,-0.0229999946391486));
#11342=CARTESIAN_POINT('',(-0.0477044026839402,-0.0148707050616851,-0.0229999946391486));
#11343=CARTESIAN_POINT('',(-0.0708161052106781,-0.00100007898210907,-0.0229999946391486));
#11344=CARTESIAN_POINT('',(-0.0141086550906633,0.0170480096950078,-0.0229999946391486));
#11345=CARTESIAN_POINT('',(-0.0483839897343589,-0.0177252681023992,-0.0229999946391486));
#11346=CARTESIAN_POINT('',(-0.050543991957224,-0.0199166547805232,-0.0229999946391486));
#11347=CARTESIAN_POINT('',(-0.0485544101654615,-0.0175694544333587,-0.0229999946391486));
#11348=CARTESIAN_POINT('',(-0.0690293959314304,-0.0417247373954127,-0.0229999946391486));
#11349=CARTESIAN_POINT('',(-0.04888382687149,-0.0172940439065923,-0.0229999946391486));
#11350=CARTESIAN_POINT('',(-0.0708079288277674,-0.0438815395211756,-0.0229999946391486));
#11351=CARTESIAN_POINT('',(-0.0492743254018516,-0.0169767984308004,-0.0229999946391486));
#11352=CARTESIAN_POINT('',(-0.0739273190089377,-0.0477789502215328,-0.0229999946391486));
#11353=CARTESIAN_POINT('',(-0.049682799248981,-0.0166542669245189,-0.0229999946391486));
#11354=CARTESIAN_POINT('',(-0.0291014438428735,0.00976761089553181,-0.0229999946391486));
#11355=CARTESIAN_POINT('',(-0.050249284232211,-0.0162030776736476,-0.0229999946391486));
#11356=CARTESIAN_POINT('',(-0.0486023777049424,-0.0141805906677791,-0.0229999946391486));
#11357=CARTESIAN_POINT('',(-0.0505154070788436,-0.0159534621840087,-0.0229999946391486));
#11358=CARTESIAN_POINT('',(-0.0499658146903304,-0.0154441358958989,-0.0229999946391486));
#11359=CARTESIAN_POINT('',(-0.050642553132454,-0.0157658347336702,-0.0229999946391486));
#11360=CARTESIAN_POINT('',(-0.0502918141728924,-0.0155991051854867,-0.0229999946391486));
#11361=CARTESIAN_POINT('',(-0.0506796253722294,-0.0155786348737987,-0.0229999946391486));
#11362=CARTESIAN_POINT('',(-0.0500233706678348,-0.0156132735526571,-0.0229999946391486));
#11363=CARTESIAN_POINT('',(-0.0506548753752223,-0.0154314167967734,-0.0229999946391486));
#11364=CARTESIAN_POINT('',(-0.0503586225960736,-0.0155167297804058,-0.0229999946391486));
#11365=CARTESIAN_POINT('',(-0.0505980861919572,-0.0153225618104002,-0.0229999946391486));
#11366=CARTESIAN_POINT('',(-0.0503001303736365,-0.0155641573663268,-0.0229999946391486));
#11367=CARTESIAN_POINT('',(-0.0504971963269532,-0.0152350508602259,-0.0229999946391486));
#11368=CARTESIAN_POINT('',(-0.0498338030119596,-0.0163429350219221,-0.0229999946391486));
#11369=CARTESIAN_POINT('',(-0.0503340603978511,-0.0151524558940174,-0.0229999946391486));
#11370=CARTESIAN_POINT('',(-0.0500766089633749,-0.0157651205427112,-0.0229999946391486));
#11371=CARTESIAN_POINT('',(-0.0501414988850306,-0.0151037367578023,-0.0229999946391486));
#11372=CARTESIAN_POINT('',(-0.0500933878099279,-0.0155941072575857,-0.0229999946391486));
#11373=CARTESIAN_POINT('',(-0.0499583445444773,-0.0151202494528997,-0.0229999946391486));
#11374=CARTESIAN_POINT('',(-0.0502039614898937,-0.0159820985095361,-0.0229999946391486));
#11375=CARTESIAN_POINT('',(-0.0497457518196539,-0.0152119326972597,-0.0229999946391486));
#11376=CARTESIAN_POINT('',(-0.0521069663463845,-0.0191806896867253,-0.0229999946391486));
#11377=CARTESIAN_POINT('',(-0.0494479294837109,-0.0154049925265152,-0.0229999946391486));
#11378=CARTESIAN_POINT('',(-0.0473846466098438,-0.0124752359551692,-0.0229999946391486));
#11379=CARTESIAN_POINT('',(-0.0492201452388447,-0.0155528250388309,-0.0229999946391486));
#11380=CARTESIAN_POINT('',(-0.0477887159114366,-0.0131527327087756,-0.0229999946391486));
#11381=CARTESIAN_POINT('',(-0.0489952783064085,-0.0156733755432911,-0.0229999946391486));
#11382=CARTESIAN_POINT('',(-0.0479684446011001,-0.0135282033523189,-0.0229999946391486));
#11383=CARTESIAN_POINT('',(-0.0488000440852556,-0.0157563401266732,-0.0229999946391486));
#11384=CARTESIAN_POINT('',(-0.0487182934628941,-0.0155373029068704,-0.0229999946391486));
#11385=CARTESIAN_POINT('',(-0.0486873798176517,-0.0157690458991124,-0.0229999946391486));
#11386=CARTESIAN_POINT('',(-0.0487184198450175,-0.0155363543633279,-0.0229999946391486));
#11387=CARTESIAN_POINT('',(-0.0485589342651258,-0.0157086134238479,-0.0229999946391486));
#11388=CARTESIAN_POINT('',(-0.064395007183798,0.00139576987602035,-0.0229999946391486));
#11389=CARTESIAN_POINT('',(-0.0704797475496291,0.00684785445110498,-0.0229999946391486));
#11390=CARTESIAN_POINT('',(-0.0141086550906633,0.0170480096950078,-0.0229999946391486));
#11391=CARTESIAN_POINT('',(-0.0483839897343589,-0.0177252681023992,-0.0229999946391486));
#11392=CARTESIAN_POINT('',(-0.050543991957224,-0.0199166547805232,-0.0229999946391486));
#11393=CARTESIAN_POINT('',(-0.0485544101654615,-0.0175694544333587,-0.0229999946391486));
#11394=CARTESIAN_POINT('',(-0.0690293959314304,-0.0417247373954127,-0.0229999946391486));
#11395=CARTESIAN_POINT('',(-0.04888382687149,-0.0172940439065923,-0.0229999946391486));
#11396=CARTESIAN_POINT('',(-0.0708079288277674,-0.0438815395211756,-0.0229999946391486));
#11397=CARTESIAN_POINT('',(-0.0492743254018516,-0.0169767984308004,-0.0229999946391486));
#11398=CARTESIAN_POINT('',(-0.0739273190089377,-0.0477789502215328,-0.0229999946391486));
#11399=CARTESIAN_POINT('',(-0.049682799248981,-0.0166542669245189,-0.0229999946391486));
#11400=CARTESIAN_POINT('',(-0.0291014438428735,0.00976761089553181,-0.0229999946391486));
#11401=CARTESIAN_POINT('',(-0.050249284232211,-0.0162030776736476,-0.0229999946391486));
#11402=CARTESIAN_POINT('',(-0.0486023777049424,-0.0141805906677791,-0.0229999946391486));
#11403=CARTESIAN_POINT('',(-0.0505154070788436,-0.0159534621840087,-0.0229999946391486));
#11404=CARTESIAN_POINT('',(-0.0499658146903304,-0.0154441358958989,-0.0229999946391486));
#11405=CARTESIAN_POINT('',(-0.050642553132454,-0.0157658347336702,-0.0229999946391486));
#11406=CARTESIAN_POINT('',(-0.0502918141728924,-0.0155991051854867,-0.0229999946391486));
#11407=CARTESIAN_POINT('',(-0.0506796253722294,-0.0155786348737987,-0.0229999946391486));
#11408=CARTESIAN_POINT('',(-0.0500233706678348,-0.0156132735526571,-0.0229999946391486));
#11409=CARTESIAN_POINT('',(-0.0506548753752223,-0.0154314167967734,-0.0229999946391486));
#11410=CARTESIAN_POINT('',(-0.0503586225960736,-0.0155167297804058,-0.0229999946391486));
#11411=CARTESIAN_POINT('',(-0.0505980861919572,-0.0153225618104002,-0.0229999946391486));
#11412=CARTESIAN_POINT('',(-0.0503001303736365,-0.0155641573663268,-0.0229999946391486));
#11413=CARTESIAN_POINT('',(-0.0504971963269532,-0.0152350508602259,-0.0229999946391486));
#11414=CARTESIAN_POINT('',(-0.0498338030119596,-0.0163429350219221,-0.0229999946391486));
#11415=CARTESIAN_POINT('',(-0.0503340603978511,-0.0151524558940174,-0.0229999946391486));
#11416=CARTESIAN_POINT('',(-0.0500766089633749,-0.0157651205427112,-0.0229999946391486));
#11417=CARTESIAN_POINT('',(-0.0501414988850306,-0.0151037367578023,-0.0229999946391486));
#11418=CARTESIAN_POINT('',(-0.0500933878099279,-0.0155941072575857,-0.0229999946391486));
#11419=CARTESIAN_POINT('',(-0.0499583445444773,-0.0151202494528997,-0.0229999946391486));
#11420=CARTESIAN_POINT('',(-0.0502039614898937,-0.0159820985095361,-0.0229999946391486));
#11421=CARTESIAN_POINT('',(-0.0497457518196539,-0.0152119326972597,-0.0229999946391486));
#11422=CARTESIAN_POINT('',(-0.0521069663463845,-0.0191806896867253,-0.0229999946391486));
#11423=CARTESIAN_POINT('',(-0.0494479294837109,-0.0154049925265152,-0.0229999946391486));
#11424=CARTESIAN_POINT('',(-0.0473846466098438,-0.0124752359551692,-0.0229999946391486));
#11425=CARTESIAN_POINT('',(-0.0492201452388447,-0.0155528250388309,-0.0229999946391486));
#11426=CARTESIAN_POINT('',(-0.0477887159114366,-0.0131527327087756,-0.0229999946391486));
#11427=CARTESIAN_POINT('',(-0.0489952783064085,-0.0156733755432911,-0.0229999946391486));
#11428=CARTESIAN_POINT('',(-0.0479684446011001,-0.0135282033523189,-0.0229999946391486));
#11429=CARTESIAN_POINT('',(-0.0488000440852556,-0.0157563401266732,-0.0229999946391486));
#11430=CARTESIAN_POINT('',(-0.0487182934628941,-0.0155373029068704,-0.0229999946391486));
#11431=CARTESIAN_POINT('',(-0.0486873798176517,-0.0157690458991124,-0.0229999946391486));
#11432=CARTESIAN_POINT('',(-0.0487184198450175,-0.0155363543633279,-0.0229999946391486));
#11433=CARTESIAN_POINT('',(-0.0485589342651258,-0.0157086134238479,-0.0229999946391486));
#11434=CARTESIAN_POINT('',(-0.064395007183798,0.00139576987602035,-0.0229999946391486));
#11435=CARTESIAN_POINT('',(-0.0628766485819937,-0.00215339902057041,-0.0229999946391486));
#11436=CARTESIAN_POINT('',(-0.0646954484552384,-0.00317111849036449,-0.0229999946391486));
#11437=CARTESIAN_POINT('',(-0.0646954484552384,-0.00317111849036449,-0.0229999946391486));
#11438=CARTESIAN_POINT('',(-0.0628766485819937,-0.00215339902057041,-0.0229999946391486));
#11439=CARTESIAN_POINT('',(-0.064304588282286,-0.00367154727105259,-0.0229999946391486));
#11440=CARTESIAN_POINT('',(-0.064304588282286,-0.00367154727105259,-0.0229999946391486));
#11441=CARTESIAN_POINT('',(-0.0634839182829352,-0.00249320171915502,-0.0229999946391486));
#11442=CARTESIAN_POINT('',(-0.0648366204180637,-0.00280556919618663,-0.0229999946391486));
#11443=CARTESIAN_POINT('',(-0.0648366204180637,-0.00280556919618663,-0.0229999946391486));
#11444=CARTESIAN_POINT('',(-0.0634839182829352,-0.00249320171915502,-0.0229999946391486));
#11445=CARTESIAN_POINT('',(-0.0646128629940934,-0.00275389906655308,-0.0229999946391486));
#11446=CARTESIAN_POINT('',(-0.0647659964654963,-0.00258276366105719,-0.0229999946391486));
#11447=CARTESIAN_POINT('',(-0.0647659964654963,-0.00258276366105719,-0.0229999946391486));
#11448=CARTESIAN_POINT('',(-0.0646128629940934,-0.00275389906655308,-0.0229999946391486));
#11449=CARTESIAN_POINT('',(-0.0645537776226225,-0.00281993056931761,-0.0229999946391486));
#11450=CARTESIAN_POINT('',(-0.0645130432952202,-0.00250429518756271,-0.0229999946391486));
#11451=CARTESIAN_POINT('',(-0.0645130432952202,-0.00250429518756271,-0.0229999946391486));
#11452=CARTESIAN_POINT('',(-0.0645537776226225,-0.00281993056931761,-0.0229999946391486));
#11453=CARTESIAN_POINT('',(-0.0648073779883885,-0.00478498545972272,-0.0229999946391486));
#11454=CARTESIAN_POINT('',(-0.0640662302428638,-0.00260808834492113,-0.0229999946391486));
#11455=CARTESIAN_POINT('',(-0.0640662302428638,-0.00260808834492113,-0.0229999946391486));
#11456=CARTESIAN_POINT('',(-0.0648073779883885,-0.00478498545972272,-0.0229999946391486));
#11457=CARTESIAN_POINT('',(-0.0632736289882287,-0.000280060885846469,-0.0229999946391486));
#11458=CARTESIAN_POINT('',(-0.0634191347498659,-0.00273500623602949,-0.0229999946391486));
#11459=CARTESIAN_POINT('',(-0.0634191347498659,-0.00273500623602949,-0.0229999946391486));
#11460=CARTESIAN_POINT('',(-0.0632736289882287,-0.000280060885846469,-0.0229999946391486));
#11461=CARTESIAN_POINT('',(-0.0633758496922302,-0.00200470888662484,-0.0229999946391486));
#11462=CARTESIAN_POINT('',(-0.0629604145573218,-0.00260688947701748,-0.0229999946391486));
#11463=CARTESIAN_POINT('',(-0.0629604145573218,-0.00260688947701748,-0.0229999946391486));
#11464=CARTESIAN_POINT('',(-0.0633758496922302,-0.00200470888662484,-0.0229999946391486));
#11465=CARTESIAN_POINT('',(-0.0647711602157347,1.78248989422812E-5,-0.0229999946391486));
#11466=CARTESIAN_POINT('',(-0.0624110762629757,-0.0021264533317827,-0.0229999946391486));
#11467=CARTESIAN_POINT('',(-0.0624110762629757,-0.0021264533317827,-0.0229999946391486));
#11468=CARTESIAN_POINT('',(-0.0647711602157347,1.78248989422812E-5,-0.0229999946391486));
#11469=CARTESIAN_POINT('',(-0.203922889528032,0.126445949426323,-0.0229999946391486));
#11470=CARTESIAN_POINT('',(-0.0608550972195749,-0.000392778289390344,-0.0229999946391486));
#11471=CARTESIAN_POINT('',(-0.0608550972195749,-0.000392778289390344,-0.0229999946391486));
#11472=CARTESIAN_POINT('',(-0.203922889528032,0.126445949426323,-0.0229999946391486));
#11473=CARTESIAN_POINT('',(-0.2144468032724,0.135776428939404,-0.0229999946391486));
#11474=CARTESIAN_POINT('',(-0.0594241296650785,0.00123856871718397,-0.0229999946391486));
#11475=CARTESIAN_POINT('',(-0.0594241296650785,0.00123856871718397,-0.0229999946391486));
#11476=CARTESIAN_POINT('',(-0.2144468032724,0.135776428939404,-0.0229999946391486));
#11477=CARTESIAN_POINT('',(-0.0688955860567679,0.00945847783590486,-0.0229999946391486));
#11478=CARTESIAN_POINT('',(-0.0587887857160773,0.00203365602167105,-0.0229999946391486));
#11479=CARTESIAN_POINT('',(-0.0587887857160773,0.00203365602167105,-0.0229999946391486));
#11480=CARTESIAN_POINT('',(-0.0688955860567679,0.00945847783590486,-0.0229999946391486));
#11481=CARTESIAN_POINT('',(-0.0613062078655476,0.00388304822732444,-0.0229999946391486));
#11482=CARTESIAN_POINT('',(-0.0585022552384218,0.0025062710217428,-0.0229999946391486));
#11483=CARTESIAN_POINT('',(-0.0585022552384218,0.0025062710217428,-0.0229999946391486));
#11484=CARTESIAN_POINT('',(-0.0613062078655476,0.00388304822732444,-0.0229999946391486));
#11485=CARTESIAN_POINT('',(-0.0586871779419637,0.00259707059466097,-0.0229999946391486));
#11486=CARTESIAN_POINT('',(-0.0585474383035325,0.00274844365097712,-0.0229999946391486));
#11487=CARTESIAN_POINT('',(-0.0585474383035325,0.00274844365097712,-0.0229999946391486));
#11488=CARTESIAN_POINT('',(-0.0586871779419637,0.00259707059466097,-0.0229999946391486));
#11489=CARTESIAN_POINT('',(-0.0582887541463205,0.00302866325152091,-0.0229999946391486));
#11490=CARTESIAN_POINT('',(-0.0586120140419479,0.00282631810677962,-0.0229999946391486));
#11491=CARTESIAN_POINT('',(-0.0586120140419479,0.00282631810677962,-0.0229999946391486));
#11492=CARTESIAN_POINT('',(-0.0582887541463205,0.00302866325152091,-0.0229999946391486));
#11493=CARTESIAN_POINT('',(-0.0566827962333576,0.00403391695254323,-0.0229999946391486));
#11494=CARTESIAN_POINT('',(-0.058692808762201,0.0029661969709169,-0.0229999946391486));
#11495=CARTESIAN_POINT('',(-0.058692808762201,0.0029661969709169,-0.0229999946391486));
#11496=CARTESIAN_POINT('',(-0.0566827962333576,0.00403391695254323,-0.0229999946391486));
#11497=CARTESIAN_POINT('',(-0.0563704799114214,0.00419981268601512,-0.0229999946391486));
#11498=CARTESIAN_POINT('',(-0.0587741261919076,0.00313327455636119,-0.0229999946391486));
#11499=CARTESIAN_POINT('',(-0.0587741261919076,0.00313327455636119,-0.0229999946391486));
#11500=CARTESIAN_POINT('',(-0.0563704799114214,0.00419981268601512,-0.0229999946391486));
#11501=CARTESIAN_POINT('',(-0.0563174020665629,0.0042233653701592,-0.0229999946391486));
#11502=CARTESIAN_POINT('',(-0.0588439222038109,0.00330658436770676,-0.0229999946391486));
#11503=CARTESIAN_POINT('',(-0.0588439222038109,0.00330658436770676,-0.0229999946391486));
#11504=CARTESIAN_POINT('',(-0.0563174020665629,0.0042233653701592,-0.0229999946391486));
#11505=CARTESIAN_POINT('',(-0.0573549555965644,0.00384687778823844,-0.0229999946391486));
#11506=CARTESIAN_POINT('',(-0.0589043020569412,0.00351753893009564,-0.0229999946391486));
#11507=CARTESIAN_POINT('',(-0.0589043020569412,0.00351753893009564,-0.0229999946391486));
#11508=CARTESIAN_POINT('',(-0.0573549555965644,0.00384687778823844,-0.0229999946391486));
#11509=CARTESIAN_POINT('',(-0.0584221297293499,0.00362003237931571,-0.0229999946391486));
#11510=CARTESIAN_POINT('',(-0.0589114484642648,0.00367971685207996,-0.0229999946391486));
#11511=CARTESIAN_POINT('',(-0.0589114484642648,0.00367971685207996,-0.0229999946391486));
#11512=CARTESIAN_POINT('',(-0.0584221297293499,0.00362003237931571,-0.0229999946391486));
#11513=CARTESIAN_POINT('',(-0.0585861972523625,0.00364004427445672,-0.0229999946391486));
#11514=CARTESIAN_POINT('',(-0.0588663520667417,0.00380997233052556,-0.0229999946391486));
#11515=CARTESIAN_POINT('',(-0.0588663520667417,0.00380997233052556,-0.0229999946391486));
#11516=CARTESIAN_POINT('',(-0.0585861972523625,0.00364004427445672,-0.0229999946391486));
#11517=CARTESIAN_POINT('',(-0.0584927498439421,0.00358336357045589,-0.0229999946391486));
#11518=CARTESIAN_POINT('',(-0.0587688527625035,0.00392203351211448,-0.0229999946391486));
#11519=CARTESIAN_POINT('',(-0.0587688527625035,0.00392203351211448,-0.0229999946391486));
#11520=CARTESIAN_POINT('',(-0.0584927498439421,0.00358336357045589,-0.0229999946391486));
#11521=CARTESIAN_POINT('',(-0.0585808185729851,0.00369138960669972,-0.0229999946391486));
#11522=CARTESIAN_POINT('',(-0.0585977450218392,0.00398848717125048,-0.0229999946391486));
#11523=CARTESIAN_POINT('',(-0.0585977450218392,0.00398848717125048,-0.0229999946391486));
#11524=CARTESIAN_POINT('',(-0.0585808185729851,0.00369138960669972,-0.0229999946391486));
#11525=CARTESIAN_POINT('',(-0.0585799768787723,0.00367661284974935,-0.0229999946391486));
#11526=CARTESIAN_POINT('',(-0.0584172912891288,0.00394328624220196,-0.0229999946391486));
#11527=CARTESIAN_POINT('',(-0.0584172912891288,0.00394328624220196,-0.0229999946391486));
#11528=CARTESIAN_POINT('',(-0.0585799768787723,0.00367661284974935,-0.0229999946391486));
#11529=CARTESIAN_POINT('',(-0.0594282557226229,0.00228611645255009,-0.0229999946391486));
#11530=CARTESIAN_POINT('',(-0.0581405301567807,0.00373870850285237,-0.0229999946391486));
#11531=CARTESIAN_POINT('',(-0.0581405301567807,0.00373870850285237,-0.0229999946391486));
#11532=CARTESIAN_POINT('',(-0.0594282557226229,0.00228611645255009,-0.0229999946391486));
#11533=CARTESIAN_POINT('',(-0.104022556388458,-0.0480175039433103,-0.0229999946391486));
#11534=CARTESIAN_POINT('',(-0.0574474577699561,0.00311591024519728,-0.0229999946391486));
#11535=CARTESIAN_POINT('',(-0.0574474577699561,0.00311591024519728,-0.0229999946391486));
#11536=CARTESIAN_POINT('',(-0.104022556388458,-0.0480175039433103,-0.0229999946391486));
#11537=CARTESIAN_POINT('',(-0.0467640927375363,0.0148448283823272,-0.0229999946391486));
#11538=CARTESIAN_POINT('',(-0.0569912086828951,0.00271602347320223,-0.0229999946391486));
#11539=CARTESIAN_POINT('',(-0.0569912086828951,0.00271602347320223,-0.0229999946391486));
#11540=CARTESIAN_POINT('',(-0.0467640927375363,0.0148448283823272,-0.0229999946391486));
#11541=CARTESIAN_POINT('',(-0.0470018040332662,0.0145629008698483,-0.0229999946391486));
#11542=CARTESIAN_POINT('',(-0.0565226458727426,0.00233627909713992,-0.0229999946391486));
#11543=CARTESIAN_POINT('',(-0.0565226458727426,0.00233627909713992,-0.0229999946391486));
#11544=CARTESIAN_POINT('',(-0.0470018040332662,0.0145629008698483,-0.0229999946391486));
#11545=CARTESIAN_POINT('',(-0.0480922490322805,0.0131625844617355,-0.0229999946391486));
#11546=CARTESIAN_POINT('',(-0.0561029997232973,0.00202219164543331,-0.0229999946391486));
#11547=CARTESIAN_POINT('',(-0.0561029997232973,0.00202219164543331,-0.0229999946391486));
#11548=CARTESIAN_POINT('',(-0.0480922490322805,0.0131625844617355,-0.0229999946391486));
#11549=CARTESIAN_POINT('',(-0.0549172512079159,0.00367118916531414,-0.0229999946391486));
#11550=CARTESIAN_POINT('',(-0.0558313764830905,0.00185747272011401,-0.0229999946391486));
#11551=CARTESIAN_POINT('',(-0.0558313764830905,0.00185747272011401,-0.0229999946391486));
#11552=CARTESIAN_POINT('',(-0.0549172512079159,0.00367118916531414,-0.0229999946391486));
#11553=CARTESIAN_POINT('',(-0.0570267048736886,-0.000514177517162029,-0.0229999946391486));
#11554=CARTESIAN_POINT('',(-0.0554290421624905,0.00160738055901417,-0.0229999946391486));
#11555=CARTESIAN_POINT('',(-0.0554290421624905,0.00160738055901417,-0.0229999946391486));
#11556=CARTESIAN_POINT('',(-0.0570267048736886,-0.000514177517162029,-0.0229999946391486));
#11557=CARTESIAN_POINT('',(-0.0562958348549815,0.000456354227899511,-0.0229999946391486));
#11558=CARTESIAN_POINT('',(-0.0551427244116392,0.00132037245231968,-0.0229999946391486));
#11559=CARTESIAN_POINT('',(-0.0551427244116392,0.00132037245231968,-0.0229999946391486));
#11560=CARTESIAN_POINT('',(-0.0562958348549815,0.000456354227899511,-0.0229999946391486));
#11561=CARTESIAN_POINT('',(-0.0559002497407503,0.000752763332953082,-0.0229999946391486));
#11562=CARTESIAN_POINT('',(-0.0549923669332591,0.00102066918301026,-0.0229999946391486));
#11563=CARTESIAN_POINT('',(-0.0549923669332591,0.00102066918301026,-0.0229999946391486));
#11564=CARTESIAN_POINT('',(-0.0559002497407503,0.000752763332953082,-0.0229999946391486));
#11565=CARTESIAN_POINT('',(-0.0555115863810176,0.000867453719020983,-0.0229999946391486));
#11566=CARTESIAN_POINT('',(-0.0549876102236249,0.000731391968995458,-0.0229999946391486));
#11567=CARTESIAN_POINT('',(-0.0549876102236249,0.000731391968995458,-0.0229999946391486));
#11568=CARTESIAN_POINT('',(-0.0555115863810176,0.000867453719020983,-0.0229999946391486));
#11569=CARTESIAN_POINT('',(-0.0578169485941037,0.00146609412866383,-0.0229999946391486));
#11570=CARTESIAN_POINT('',(-0.0550548226557833,0.000509222570437453,-0.0229999946391486));
#11571=CARTESIAN_POINT('',(-0.0550548226557833,0.000509222570437453,-0.0229999946391486));
#11572=CARTESIAN_POINT('',(-0.0578169485941037,0.00146609412866383,-0.0229999946391486));
#11573=CARTESIAN_POINT('',(-0.055251495011626,0.000577354650650899,-0.0229999946391486));
#11574=CARTESIAN_POINT('',(-0.0551190595271404,0.000416784297359869,-0.0229999946391486));
#11575=CARTESIAN_POINT('',(-0.0551190595271404,0.000416784297359869,-0.0229999946391486));
#11576=CARTESIAN_POINT('',(-0.055251495011626,0.000577354650650899,-0.0229999946391486));
#11577=CARTESIAN_POINT('',(-0.0552462603535492,0.000571008156860139,-0.0229999946391486));
#11578=CARTESIAN_POINT('',(-0.0552211561719431,0.000372678055402663,-0.0229999946391486));
#11579=CARTESIAN_POINT('',(-0.0552211561719431,0.000372678055402663,-0.0229999946391486));
#11580=CARTESIAN_POINT('',(-0.0552462603535492,0.000571008156860139,-0.0229999946391486));
#11581=CARTESIAN_POINT('',(-0.0555494970770752,0.00296663311018849,-0.0229999946391486));
#11582=CARTESIAN_POINT('',(-0.0554450984895786,0.000354065118506617,-0.0229999946391486));
#11583=CARTESIAN_POINT('',(-0.0554450984895786,0.000354065118506617,-0.0229999946391486));
#11584=CARTESIAN_POINT('',(-0.0555494970770752,0.00296663311018849,-0.0229999946391486));
#11585=CARTESIAN_POINT('',(-0.0554633529636445,0.000810874569427228,-0.0229999946391486));
#11586=CARTESIAN_POINT('',(-0.0555804182011366,0.000368942639776602,-0.0229999946391486));
#11587=CARTESIAN_POINT('',(-0.0555804182011366,0.000368942639776602,-0.0229999946391486));
#11588=CARTESIAN_POINT('',(-0.0554633529636445,0.000810874569427228,-0.0229999946391486));
#11589=CARTESIAN_POINT('',(-0.0552958782233757,0.001443105298819,-0.0229999946391486));
#11590=CARTESIAN_POINT('',(-0.0557417617097521,0.000425276072670497,-0.0229999946391486));
#11591=CARTESIAN_POINT('',(-0.0557417617097521,0.000425276072670497,-0.0229999946391486));
#11592=CARTESIAN_POINT('',(-0.0552958782233757,0.001443105298819,-0.0229999946391486));
#11593=CARTESIAN_POINT('',(-0.0552509310416778,0.00154570662148551,-0.0229999946391486));
#11594=CARTESIAN_POINT('',(-0.0559023227582718,0.000510347654270373,-0.0229999946391486));
#11595=CARTESIAN_POINT('',(-0.0559023227582718,0.000510347654270373,-0.0229999946391486));
#11596=CARTESIAN_POINT('',(-0.0552509310416778,0.00154570662148551,-0.0229999946391486));
#11597=CARTESIAN_POINT('',(-0.0554116970284748,0.00129017598791874,-0.0229999946391486));
#11598=CARTESIAN_POINT('',(-0.0560366413410703,0.000613204464991659,-0.0229999946391486));
#11599=CARTESIAN_POINT('',(-0.0560366413410703,0.000613204464991659,-0.0229999946391486));
#11600=CARTESIAN_POINT('',(-0.0554116970284748,0.00129017598791874,-0.0229999946391486));
#11601=CARTESIAN_POINT('',(-0.0567980046765952,-0.000211542699958639,-0.0229999946391486));
#11602=CARTESIAN_POINT('',(-0.0561804207216827,0.000725725710588613,-0.0229999946391486));
#11603=CARTESIAN_POINT('',(-0.0561804207216827,0.000725725710588613,-0.0229999946391486));
#11604=CARTESIAN_POINT('',(-0.0567980046765952,-0.000211542699958639,-0.0229999946391486));
#11605=CARTESIAN_POINT('',(-0.0575348700728706,-0.00132983962576984,-0.0229999946391486));
#11606=CARTESIAN_POINT('',(-0.0563717829788248,0.000839747963758614,-0.0229999946391486));
#11607=CARTESIAN_POINT('',(-0.0563717829788248,0.000839747963758614,-0.0229999946391486));
#11608=CARTESIAN_POINT('',(-0.0575348700728706,-0.00132983962576984,-0.0229999946391486));
#11609=CARTESIAN_POINT('',(-0.0575717309847644,-0.00139860125120944,-0.0229999946391486));
#11610=CARTESIAN_POINT('',(-0.0565772510147692,0.000938296695724706,-0.0229999946391486));
#11611=CARTESIAN_POINT('',(-0.0565772510147692,0.000938296695724706,-0.0229999946391486));
#11612=CARTESIAN_POINT('',(-0.0575717309847644,-0.00139860125120944,-0.0229999946391486));
#11613=CARTESIAN_POINT('',(-0.0571588571688965,-0.000428400328816609,-0.0229999946391486));
#11614=CARTESIAN_POINT('',(-0.0567652461717327,0.00100379967757931,-0.0229999946391486));
#11615=CARTESIAN_POINT('',(-0.0567652461717327,0.00100379967757931,-0.0229999946391486));
#11616=CARTESIAN_POINT('',(-0.0571588571688965,-0.000428400328816609,-0.0229999946391486));
#11617=CARTESIAN_POINT('',(-0.0569827438037524,0.00106357463461199,-0.0229999946391486));
#11618=CARTESIAN_POINT('',(-0.0572002414357721,0.00112334959164467,-0.0229999946391486));
#11619=CARTESIAN_POINT('',(-0.0572002414357721,0.00112334959164467,-0.0229999946391486));
#11620=CARTESIAN_POINT('',(-0.0569827438037524,0.00106357463461199,-0.0229999946391486));
#11621=CARTESIAN_POINT('',(-0.057595694156874,0.000647944829147601,-0.0229999946391486));
#11622=CARTESIAN_POINT('',(-0.0579911468779759,0.000172540066650501,-0.0229999946391486));
#11623=CARTESIAN_POINT('',(-0.0579911468779759,0.000172540066650501,-0.0229999946391486));
#11624=CARTESIAN_POINT('',(-0.057595694156874,0.000647944829147601,-0.0229999946391486));
#11625=CARTESIAN_POINT('',(-0.376674676170769,0.265260562236523,-0.0229999946391487));
#11626=CARTESIAN_POINT('',(-0.0583052343878953,-0.000204595325268469,-0.0229999946391486));
#11627=CARTESIAN_POINT('',(-0.0583052343878953,-0.000204595325268469,-0.0229999946391486));
#11628=CARTESIAN_POINT('',(-0.376674676170769,0.265260562236523,-0.0229999946391487));
#11629=CARTESIAN_POINT('',(-0.287128646066428,0.190594605190677,-0.0229999946391486));
#11630=CARTESIAN_POINT('',(-0.058594748798542,-0.000551272215241832,-0.0229999946391486));
#11631=CARTESIAN_POINT('',(-0.058594748798542,-0.000551272215241832,-0.0229999946391486));
#11632=CARTESIAN_POINT('',(-0.287128646066428,0.190594605190677,-0.0229999946391486));
#11633=CARTESIAN_POINT('',(-0.308145773200778,0.208173203168562,-0.0229999946391486));
#11634=CARTESIAN_POINT('',(-0.0588378730839932,-0.000841608133911795,-0.0229999946391486));
#11635=CARTESIAN_POINT('',(-0.0588378730839932,-0.000841608133911795,-0.0229999946391486));
#11636=CARTESIAN_POINT('',(-0.308145773200778,0.208173203168562,-0.0229999946391486));
#11637=CARTESIAN_POINT('',(-0.0676782072105109,0.00656996757457667,-0.0229999946391486));
#11638=CARTESIAN_POINT('',(-0.0589353287556122,-0.000956322233422946,-0.0229999946391486));
#11639=CARTESIAN_POINT('',(-0.0589353287556122,-0.000956322233422946,-0.0229999946391486));
#11640=CARTESIAN_POINT('',(-0.0676782072105109,0.00656996757457667,-0.0229999946391486));
#11641=CARTESIAN_POINT('',(-0.0587393894196135,-0.00112499613724058,-0.0229999946391486));
#11642=CARTESIAN_POINT('',(-0.0589818901595769,-0.00103534960725808,-0.0229999946391486));
#11643=CARTESIAN_POINT('',(-0.0589818901595769,-0.00103534960725808,-0.0229999946391486));
#11644=CARTESIAN_POINT('',(-0.0587393894196135,-0.00112499613724058,-0.0229999946391486));
#11645=CARTESIAN_POINT('',(-0.0587489073816191,-0.00112147784336476,-0.0229999946391486));
#11646=CARTESIAN_POINT('',(-0.0589972778819183,-0.00112481587585826,-0.0229999946391486));
#11647=CARTESIAN_POINT('',(-0.0589972778819183,-0.00112481587585826,-0.0229999946391486));
#11648=CARTESIAN_POINT('',(-0.0587489073816191,-0.00112147784336476,-0.0229999946391486));
#11649=CARTESIAN_POINT('',(-0.0587668645622863,-0.00112171957947684,-0.0229999946391486));
#11650=CARTESIAN_POINT('',(-0.0589794069422953,-0.00121074553982113,-0.0229999946391486));
#11651=CARTESIAN_POINT('',(-0.0589794069422953,-0.00121074553982113,-0.0229999946391486));
#11652=CARTESIAN_POINT('',(-0.0587668645622863,-0.00112171957947684,-0.0229999946391486));
#11653=CARTESIAN_POINT('',(-0.0587963831697087,-0.00113408388218395,-0.0229999946391486));
#11654=CARTESIAN_POINT('',(-0.0589309801902403,-0.00127988632779964,-0.0229999946391486));
#11655=CARTESIAN_POINT('',(-0.0589309801902403,-0.00127988632779964,-0.0229999946391486));
#11656=CARTESIAN_POINT('',(-0.0587963831697087,-0.00113408388218395,-0.0229999946391486));
#11657=CARTESIAN_POINT('',(-0.0583501113169638,-0.00065066038252816,-0.0229999946391486));
#11658=CARTESIAN_POINT('',(-0.0586687219813854,-0.00144553218518639,-0.0229999946391486));
#11659=CARTESIAN_POINT('',(-0.0586687219813854,-0.00144553218518639,-0.0229999946391486));
#11660=CARTESIAN_POINT('',(-0.0583501113169638,-0.00065066038252816,-0.0229999946391486));
#11661=CARTESIAN_POINT('',(-0.0573519537841879,0.00183955707319676,-0.0229999946391486));
#11662=CARTESIAN_POINT('',(-0.0582423144152093,-0.0015857820147509,-0.0229999946391486));
#11663=CARTESIAN_POINT('',(-0.0582423144152093,-0.0015857820147509,-0.0229999946391486));
#11664=CARTESIAN_POINT('',(-0.0573519537841879,0.00183955707319676,-0.0229999946391486));
#11665=CARTESIAN_POINT('',(-0.0573076808254459,0.0020098787705377,-0.0229999946391486));
#11666=CARTESIAN_POINT('',(-0.0578142844006167,-0.00167056539390774,-0.0229999946391486));
#11667=CARTESIAN_POINT('',(-0.0578142844006167,-0.00167056539390774,-0.0229999946391486));
#11668=CARTESIAN_POINT('',(-0.0573076808254459,0.0020098787705377,-0.0229999946391486));
#11669=CARTESIAN_POINT('',(-0.0577600518081671,-0.00127657055178292,-0.0229999946391486));
#11670=CARTESIAN_POINT('',(-0.0575798188019626,-0.0016310972407349,-0.0229999946391486));
#11671=CARTESIAN_POINT('',(-0.0575798188019626,-0.0016310972407349,-0.0229999946391486));
#11672=CARTESIAN_POINT('',(-0.0577600518081671,-0.00127657055178292,-0.0229999946391486));
#11673=CARTESIAN_POINT('',(-0.0573109329807369,-0.00216000937933383,-0.0229999946391486));
#11674=CARTESIAN_POINT('',(-0.0574565298742154,-0.00158481447339071,-0.0229999946391486));
#11675=CARTESIAN_POINT('',(-0.0574565298742154,-0.00158481447339071,-0.0229999946391486));
#11676=CARTESIAN_POINT('',(-0.0573109329807369,-0.00216000937933383,-0.0229999946391486));
#11677=CARTESIAN_POINT('',(-0.0557573628968046,-0.00829749236012824,-0.0229999946391486));
#11678=CARTESIAN_POINT('',(-0.0572087406608193,-0.00152691517540151,-0.0229999946391486));
#11679=CARTESIAN_POINT('',(-0.0572087406608193,-0.00152691517540151,-0.0229999946391486));
#11680=CARTESIAN_POINT('',(-0.0557573628968046,-0.00829749236012824,-0.0229999946391486));
#11681=CARTESIAN_POINT('',(-0.0556316530869952,-0.0088838762790009,-0.0229999946391486));
#11682=CARTESIAN_POINT('',(-0.0569133780284439,-0.00146975036491951,-0.0229999946391486));
#11683=CARTESIAN_POINT('',(-0.0569133780284439,-0.00146975036491951,-0.0229999946391486));
#11684=CARTESIAN_POINT('',(-0.0556316530869952,-0.0088838762790009,-0.0229999946391486));
#11685=CARTESIAN_POINT('',(-0.0553676254180716,-0.0104110917478783,-0.0229999946391486));
#11686=CARTESIAN_POINT('',(-0.0566018215795809,-0.00142144788986036,-0.0229999946391486));
#11687=CARTESIAN_POINT('',(-0.0566018215795809,-0.00142144788986036,-0.0229999946391486));
#11688=CARTESIAN_POINT('',(-0.0553676254180716,-0.0104110917478783,-0.0229999946391486));
#11689=CARTESIAN_POINT('',(-0.0575024352763573,0.00513843387662966,-0.0229999946391486));
#11690=CARTESIAN_POINT('',(-0.0562691999994983,-0.00136712409890634,-0.0229999946391486));
#11691=CARTESIAN_POINT('',(-0.0562691999994983,-0.00136712409890634,-0.0229999946391486));
#11692=CARTESIAN_POINT('',(-0.0575024352763573,0.00513843387662966,-0.0229999946391486));
#11693=CARTESIAN_POINT('',(-0.0579958964885673,0.00774163398304115,-0.0229999946391486));
#11694=CARTESIAN_POINT('',(-0.0559103502501626,-0.00129171818812338,-0.0229999946391486));
#11695=CARTESIAN_POINT('',(-0.0559103502501626,-0.00129171818812338,-0.0229999946391486));
#11696=CARTESIAN_POINT('',(-0.0579958964885673,0.00774163398304115,-0.0229999946391486));
#11697=CARTESIAN_POINT('',(-0.0578319186556351,0.00703139685182634,-0.0229999946391486));
#11698=CARTESIAN_POINT('',(-0.055578370405991,-0.00120803209632736,-0.0229999946391486));
#11699=CARTESIAN_POINT('',(-0.055578370405991,-0.00120803209632736,-0.0229999946391486));
#11700=CARTESIAN_POINT('',(-0.0578319186556351,0.00703139685182634,-0.0229999946391486));
#11701=CARTESIAN_POINT('',(-0.0562871196905629,0.00138328722059041,-0.0229999946391486));
#11702=CARTESIAN_POINT('',(-0.0553359866755191,-0.00112920304572029,-0.0229999946391486));
#11703=CARTESIAN_POINT('',(-0.0553359866755191,-0.00112920304572029,-0.0229999946391486));
#11704=CARTESIAN_POINT('',(-0.0562871196905629,0.00138328722059041,-0.0229999946391486));
#11705=CARTESIAN_POINT('',(-0.0535679202782957,-0.0057996882934126,-0.0229999946391486));
#11706=CARTESIAN_POINT('',(-0.054720262912986,-0.0009405116464716,-0.0229999946391486));
#11707=CARTESIAN_POINT('',(-0.054720262912986,-0.0009405116464716,-0.0229999946391486));
#11708=CARTESIAN_POINT('',(-0.0535679202782957,-0.0057996882934126,-0.0229999946391486));
#11709=CARTESIAN_POINT('',(-0.053607112512465,-0.00563444264382299,-0.0229999946391486));
#11710=CARTESIAN_POINT('',(-0.0540906873848793,-0.000834625213456932,-0.0229999946391486));
#11711=CARTESIAN_POINT('',(-0.0540906873848793,-0.000834625213456932,-0.0229999946391486));
#11712=CARTESIAN_POINT('',(-0.053607112512465,-0.00563444264382299,-0.0229999946391486));
#11713=CARTESIAN_POINT('',(-0.053672268457114,-0.00498777625469053,-0.0229999946391486));
#11714=CARTESIAN_POINT('',(-0.0535018728512736,-0.000817080472459189,-0.0229999946391486));
#11715=CARTESIAN_POINT('',(-0.0535018728512736,-0.000817080472459189,-0.0229999946391486));
#11716=CARTESIAN_POINT('',(-0.053672268457114,-0.00498777625469053,-0.0229999946391486));
#11717=CARTESIAN_POINT('',(-0.0535892190026757,-0.00295497607089108,-0.0229999946391486));
#11718=CARTESIAN_POINT('',(-0.0530108445066911,-0.000894949400589499,-0.0229999946391486));
#11719=CARTESIAN_POINT('',(-0.0530108445066911,-0.000894949400589499,-0.0229999946391486));
#11720=CARTESIAN_POINT('',(-0.0535892190026757,-0.00295497607089108,-0.0229999946391486));
#11721=CARTESIAN_POINT('',(-0.0535747775070632,-0.00290353516952206,-0.0229999946391486));
#11722=CARTESIAN_POINT('',(-0.0523933726026769,-0.00118402370635611,-0.0229999946391486));
#11723=CARTESIAN_POINT('',(-0.0523933726026769,-0.00118402370635611,-0.0229999946391486));
#11724=CARTESIAN_POINT('',(-0.0535747775070632,-0.00290353516952206,-0.0229999946391486));
#11725=CARTESIAN_POINT('',(-0.0565965802850482,-0.00730171662704873,-0.0229999946391486));
#11726=CARTESIAN_POINT('',(-0.0516487737931443,-0.00176887536674574,-0.0229999946391486));
#11727=CARTESIAN_POINT('',(-0.0516487737931443,-0.00176887536674574,-0.0229999946391486));
#11728=CARTESIAN_POINT('',(-0.0565965802850482,-0.00730171662704873,-0.0229999946391486));
#11729=CARTESIAN_POINT('',(-0.0574930828129159,-0.00830424333990935,-0.0229999946391486));
#11730=CARTESIAN_POINT('',(-0.0510099099369475,-0.00240208679136343,-0.0229999946391486));
#11731=CARTESIAN_POINT('',(-0.0510099099369475,-0.00240208679136343,-0.0229999946391486));
#11732=CARTESIAN_POINT('',(-0.0574930828129159,-0.00830424333990935,-0.0229999946391486));
#11733=CARTESIAN_POINT('',(-0.0512487620647515,-0.00261953325423545,-0.0229999946391486));
#11734=CARTESIAN_POINT('',(-0.050948683526945,-0.00273905803961473,-0.0229999946391486));
#11735=CARTESIAN_POINT('',(-0.050948683526945,-0.00273905803961473,-0.0229999946391486));
#11736=CARTESIAN_POINT('',(-0.0512487620647515,-0.00261953325423545,-0.0229999946391486));
#11737=CARTESIAN_POINT('',(-0.0513383312296336,-0.0025838568560312,-0.0229999946391486));
#11738=CARTESIAN_POINT('',(-0.0510911869889249,-0.00292272624662407,-0.0229999946391486));
#11739=CARTESIAN_POINT('',(-0.0510911869889249,-0.00292272624662407,-0.0229999946391486));
#11740=CARTESIAN_POINT('',(-0.0513383312296336,-0.0025838568560312,-0.0229999946391486));
#11741=CARTESIAN_POINT('',(-0.0514202738816379,-0.00247150389507873,-0.0229999946391486));
#11742=CARTESIAN_POINT('',(-0.0513219727710994,-0.00302126446583339,-0.0229999946391486));
#11743=CARTESIAN_POINT('',(-0.0513219727710994,-0.00302126446583339,-0.0229999946391486));
#11744=CARTESIAN_POINT('',(-0.0514202738816379,-0.00247150389507873,-0.0229999946391486));
#11745=CARTESIAN_POINT('',(-0.051510834149485,-0.00196504105471718,-0.0229999946391486));
#11746=CARTESIAN_POINT('',(-0.0516510218062652,-0.00302881919668201,-0.0229999946391486));
#11747=CARTESIAN_POINT('',(-0.0516510218062652,-0.00302881919668201,-0.0229999946391486));
#11748=CARTESIAN_POINT('',(-0.051510834149485,-0.00196504105471718,-0.0229999946391486));
#11749=CARTESIAN_POINT('',(-0.0512047143518932,0.000357874643462684,-0.0229999946391486));
#11750=CARTESIAN_POINT('',(-0.0520860964460221,-0.00294243611688264,-0.0229999946391486));
#11751=CARTESIAN_POINT('',(-0.0520860964460221,-0.00294243611688264,-0.0229999946391486));
#11752=CARTESIAN_POINT('',(-0.0512047143518932,0.000357874643462684,-0.0229999946391486));
#11753=CARTESIAN_POINT('',(-0.052964413741409,-0.00623126738930999,-0.0229999946391486));
#11754=CARTESIAN_POINT('',(-0.0528147525078385,-0.00283046543608805,-0.0229999946391486));
#11755=CARTESIAN_POINT('',(-0.0528147525078385,-0.00283046543608805,-0.0229999946391486));
#11756=CARTESIAN_POINT('',(-0.052964413741409,-0.00623126738930999,-0.0229999946391486));
#11757=CARTESIAN_POINT('',(-0.0531398769445612,-0.0102184393250824,-0.0229999946391486));
#11758=CARTESIAN_POINT('',(-0.0537124237770258,-0.00284551221243227,-0.0229999946391486));
#11759=CARTESIAN_POINT('',(-0.0537124237770258,-0.00284551221243227,-0.0229999946391486));
#11760=CARTESIAN_POINT('',(-0.0531398769445612,-0.0102184393250824,-0.0229999946391486));
#11761=CARTESIAN_POINT('',(-0.0528663230131208,-0.0137412241925579,-0.0229999946391486));
#11762=CARTESIAN_POINT('',(-0.0547923747934609,-0.00298377325862459,-0.0229999946391486));
#11763=CARTESIAN_POINT('',(-0.0547923747934609,-0.00298377325862459,-0.0229999946391486));
#11764=CARTESIAN_POINT('',(-0.0528663230131208,-0.0137412241925579,-0.0229999946391486));
#11765=CARTESIAN_POINT('',(-0.0506576865004504,-0.0260771130126174,-0.0229999946391486));
#11766=CARTESIAN_POINT('',(-0.056085115849662,-0.00325298107002166,-0.0229999946391486));
#11767=CARTESIAN_POINT('',(-0.056085115849662,-0.00325298107002166,-0.0229999946391486));
#11768=CARTESIAN_POINT('',(-0.0506576865004504,-0.0260771130126174,-0.0229999946391486));
#11769=CARTESIAN_POINT('',(-0.0527567243365749,-0.017249996114152,-0.0229999946391486));
#11770=CARTESIAN_POINT('',(-0.0565876724626072,-0.00338210309950661,-0.0229999946391486));
#11771=CARTESIAN_POINT('',(-0.0565876724626072,-0.00338210309950661,-0.0229999946391486));
#11772=CARTESIAN_POINT('',(-0.0527567243365749,-0.017249996114152,-0.0229999946391486));
#11773=CARTESIAN_POINT('',(-0.0559358021319574,-0.00574185605927843,-0.0229999946391486));
#11774=CARTESIAN_POINT('',(-0.0568963656057859,-0.00349003751155307,-0.0229999946391486));
#11775=CARTESIAN_POINT('',(-0.0568963656057859,-0.00349003751155307,-0.0229999946391486));
#11776=CARTESIAN_POINT('',(-0.0559358021319574,-0.00574185605927843,-0.0229999946391486));
#11777=CARTESIAN_POINT('',(-0.0565942695873322,-0.00419822866055329,-0.0229999946391486));
#11778=CARTESIAN_POINT('',(-0.0570625013062256,-0.00358703657510881,-0.0229999946391486));
#11779=CARTESIAN_POINT('',(-0.0570625013062256,-0.00358703657510881,-0.0229999946391486));
#11780=CARTESIAN_POINT('',(-0.0565942695873322,-0.00419822866055329,-0.0229999946391486));
#11781=CARTESIAN_POINT('',(-0.0570191372127098,-0.00364364060240377,-0.0229999946391486));
#11782=CARTESIAN_POINT('',(-0.0570815905564859,-0.00367805048998913,-0.0229999946391486));
#11783=CARTESIAN_POINT('',(-0.0570815905564859,-0.00367805048998913,-0.0229999946391486));
#11784=CARTESIAN_POINT('',(-0.0570191372127098,-0.00364364060240377,-0.0229999946391486));
#11785=CARTESIAN_POINT('',(-0.058031309533464,-0.00420131695300346,-0.0229999946391486));
#11786=CARTESIAN_POINT('',(-0.0569566328750161,-0.00405694241807761,-0.0229999946391486));
#11787=CARTESIAN_POINT('',(-0.0569566328750161,-0.00405694241807761,-0.0229999946391486));
#11788=CARTESIAN_POINT('',(-0.058031309533464,-0.00420131695300346,-0.0229999946391486));
#11789=CARTESIAN_POINT('',(-0.0603430294026238,-0.00451187951504543,-0.0229999946391486));
#11790=CARTESIAN_POINT('',(-0.0569271771759293,-0.00459313694410378,-0.0229999946391486));
#11791=CARTESIAN_POINT('',(-0.0569271771759293,-0.00459313694410378,-0.0229999946391486));
#11792=CARTESIAN_POINT('',(-0.0603430294026238,-0.00451187951504543,-0.0229999946391486));
#11793=CARTESIAN_POINT('',(-0.0604402405924141,-0.0045095702985705,-0.0229999946391486));
#11794=CARTESIAN_POINT('',(-0.0569834482470376,-0.00514138089790868,-0.0229999946391486));
#11795=CARTESIAN_POINT('',(-0.0569834482470376,-0.00514138089790868,-0.0229999946391486));
#11796=CARTESIAN_POINT('',(-0.0604402405924141,-0.0045095702985705,-0.0229999946391486));
#11797=CARTESIAN_POINT('',(-0.05850153347952,-0.00486391319248454,-0.0229999946391486));
#11798=CARTESIAN_POINT('',(-0.0571264634972704,-0.00556445130318992,-0.0229999946391486));
#11799=CARTESIAN_POINT('',(-0.0571264634972704,-0.00556445130318992,-0.0229999946391486));
#11800=CARTESIAN_POINT('',(-0.05850153347952,-0.00486391319248454,-0.0229999946391486));
#11801=CARTESIAN_POINT('',(-0.0599266419182685,-0.00413788256657169,-0.0229999946391486));
#11802=CARTESIAN_POINT('',(-0.0578310412580904,-0.00647979533667672,-0.0229999946391486));
#11803=CARTESIAN_POINT('',(-0.0578310412580904,-0.00647979533667672,-0.0229999946391486));
#11804=CARTESIAN_POINT('',(-0.0599266419182685,-0.00413788256657169,-0.0229999946391486));
#11805=CARTESIAN_POINT('',(-0.0592482449667778,-0.00489601806081562,-0.0229999946391486));
#11806=CARTESIAN_POINT('',(-0.0587545561048171,-0.00696316298051217,-0.0229999946391486));
#11807=CARTESIAN_POINT('',(-0.0587545561048171,-0.00696316298051217,-0.0229999946391486));
#11808=CARTESIAN_POINT('',(-0.0592482449667778,-0.00489601806081562,-0.0229999946391486));
#11809=CARTESIAN_POINT('',(-0.0592958682229372,-0.00469660568856475,-0.0229999946391486));
#11810=CARTESIAN_POINT('',(-0.059837064234442,-0.00696319070661173,-0.0229999946391486));
#11811=CARTESIAN_POINT('',(-0.059837064234442,-0.00696319070661173,-0.0229999946391486));
#11812=CARTESIAN_POINT('',(-0.0592958682229372,-0.00469660568856475,-0.0229999946391486));
#11813=CARTESIAN_POINT('',(-0.0588901620770689,-0.00299747356848818,-0.0229999946391486));
#11814=CARTESIAN_POINT('',(-0.0609961754783851,-0.00648864008825222,-0.0229999946391486));
#11815=CARTESIAN_POINT('',(-0.0609961754783851,-0.00648864008825222,-0.0229999946391486));
#11816=CARTESIAN_POINT('',(-0.0588901620770689,-0.00299747356848818,-0.0229999946391486));
#11817=CARTESIAN_POINT('',(-0.0578387580169097,-0.00125455102866131,-0.0229999946391486));
#11818=CARTESIAN_POINT('',(-0.0617724496907663,-0.0059333375299659,-0.0229999946391486));
#11819=CARTESIAN_POINT('',(-0.0617724496907663,-0.0059333375299659,-0.0229999946391486));
#11820=CARTESIAN_POINT('',(-0.0578387580169097,-0.00125455102866131,-0.0229999946391486));
#11821=CARTESIAN_POINT('',(-0.0277412489796624,0.0345438300211607,-0.0229999946391486));
#11822=CARTESIAN_POINT('',(-0.0630480016074246,-0.00482566240233174,-0.0229999946391486));
#11823=CARTESIAN_POINT('',(-0.0630480016074246,-0.00482566240233174,-0.0229999946391486));
#11824=CARTESIAN_POINT('',(-0.0277412489796624,0.0345438300211607,-0.0229999946391486));
#11825=CARTESIAN_POINT('',(-0.053725246566846,-0.00884991987410242,-0.0229999946391486));
#11826=CARTESIAN_POINT('',(-0.053725246566846,-0.00884991987410242,-0.0239999946391487));
#11827=CARTESIAN_POINT('',(-0.0613468399798796,-0.00366033441694702,-0.0239999946391487));
#11828=CARTESIAN_POINT('',(-0.061109482849266,-0.00332782444789793,-0.0239999946391487));
#11829=CARTESIAN_POINT('',(-0.0613468399798796,-0.00366033441694702,-0.0229999946391486));
#11830=CARTESIAN_POINT('',(-0.0613468399798796,-0.00366033441694702,-0.0229999946391486));
#11831=CARTESIAN_POINT('',(-0.053725246566846,-0.00884991987410242,-0.0229999946391486));
#11832=CARTESIAN_POINT('',(-0.061109482849266,-0.00332782444789793,-0.0229999946391486));
#11833=CARTESIAN_POINT('',(-0.061109482849266,-0.00332782444789793,-0.0229999946391486));
#11834=CARTESIAN_POINT('',(-0.0616045037067998,-0.00403874693811871,-0.0229999946391486));
#11835=CARTESIAN_POINT('',(-0.0616045037067998,-0.00403874693811871,-0.0239999946391487));
#11836=CARTESIAN_POINT('',(-0.0618621674337201,-0.0044171594592904,-0.0239999946391487));
#11837=CARTESIAN_POINT('',(-0.0618621674337201,-0.0044171594592904,-0.0229999946391486));
#11838=CARTESIAN_POINT('',(-0.0618621674337201,-0.0044171594592904,-0.0229999946391486));
#11839=CARTESIAN_POINT('',(-0.0616045037067998,-0.00403874693811871,-0.0229999946391486));
#11840=CARTESIAN_POINT('',(-0.0616734473331913,-0.00459137618040516,-0.0229999946391486));
#11841=CARTESIAN_POINT('',(-0.0616734473331913,-0.00459137618040516,-0.0239999946391487));
#11842=CARTESIAN_POINT('',(-0.0614847272326625,-0.00476559290151992,-0.0239999946391487));
#11843=CARTESIAN_POINT('',(-0.0614847272326625,-0.00476559290151992,-0.0229999946391486));
#11844=CARTESIAN_POINT('',(-0.0614847272326625,-0.00476559290151992,-0.0229999946391486));
#11845=CARTESIAN_POINT('',(-0.0616734473331913,-0.00459137618040516,-0.0229999946391486));
#11846=CARTESIAN_POINT('',(-0.0598652845544076,-0.00301133213768219,-0.0229999946391486));
#11847=CARTESIAN_POINT('',(-0.0598652845544076,-0.00301133213768219,-0.0239999946391487));
#11848=CARTESIAN_POINT('',(-0.0611021583799422,-0.00505343119389899,-0.0239999946391487));
#11849=CARTESIAN_POINT('',(-0.0611021583799422,-0.00505343119389899,-0.0229999946391486));
#11850=CARTESIAN_POINT('',(-0.0611021583799422,-0.00505343119389899,-0.0229999946391486));
#11851=CARTESIAN_POINT('',(-0.0598652845544076,-0.00301133213768219,-0.0229999946391486));
#11852=CARTESIAN_POINT('',(-0.059691033611862,-0.00272363243475985,-0.0229999946391486));
#11853=CARTESIAN_POINT('',(-0.059691033611862,-0.00272363243475985,-0.0239999946391487));
#11854=CARTESIAN_POINT('',(-0.0606572612263436,-0.00527032432153943,-0.0239999946391487));
#11855=CARTESIAN_POINT('',(-0.0606572612263436,-0.00527032432153943,-0.0229999946391486));
#11856=CARTESIAN_POINT('',(-0.0606572612263436,-0.00527032432153943,-0.0229999946391486));
#11857=CARTESIAN_POINT('',(-0.059691033611862,-0.00272363243475985,-0.0229999946391486));
#11858=CARTESIAN_POINT('',(-0.0598502589423513,-0.00314330025759293,-0.0229999946391486));
#11859=CARTESIAN_POINT('',(-0.0598502589423513,-0.00314330025759293,-0.0239999946391487));
#11860=CARTESIAN_POINT('',(-0.060231893987488,-0.00538603045699272,-0.0239999946391487));
#11861=CARTESIAN_POINT('',(-0.060231893987488,-0.00538603045699272,-0.0229999946391486));
#11862=CARTESIAN_POINT('',(-0.060231893987488,-0.00538603045699272,-0.0229999946391486));
#11863=CARTESIAN_POINT('',(-0.0598502589423513,-0.00314330025759293,-0.0229999946391486));
#11864=CARTESIAN_POINT('',(-0.0601256413826312,-0.00476162181385496,-0.0229999946391486));
#11865=CARTESIAN_POINT('',(-0.0601256413826312,-0.00476162181385496,-0.0239999946391487));
#11866=CARTESIAN_POINT('',(-0.0599180163727253,-0.00536000933455169,-0.0239999946391487));
#11867=CARTESIAN_POINT('',(-0.0599180163727253,-0.00536000933455169,-0.0229999946391486));
#11868=CARTESIAN_POINT('',(-0.0599180163727253,-0.00536000933455169,-0.0229999946391486));
#11869=CARTESIAN_POINT('',(-0.0601256413826312,-0.00476162181385496,-0.0229999946391486));
#11870=CARTESIAN_POINT('',(-0.0601791138886701,-0.00460750995827424,-0.0229999946391486));
#11871=CARTESIAN_POINT('',(-0.0601791138886701,-0.00460750995827424,-0.0239999946391487));
#11872=CARTESIAN_POINT('',(-0.0597852397058219,-0.00529981794769523,-0.0239999946391487));
#11873=CARTESIAN_POINT('',(-0.0597852397058219,-0.00529981794769523,-0.0229999946391486));
#11874=CARTESIAN_POINT('',(-0.0597852397058219,-0.00529981794769523,-0.0229999946391486));
#11875=CARTESIAN_POINT('',(-0.0601791138886701,-0.00460750995827424,-0.0229999946391486));
#11876=CARTESIAN_POINT('',(-0.0619025601978561,-0.00157821429714503,-0.0229999946391486));
#11877=CARTESIAN_POINT('',(-0.0619025601978561,-0.00157821429714503,-0.0239999946391487));
#11878=CARTESIAN_POINT('',(-0.059591979479188,-0.00518301616968888,-0.0239999946391487));
#11879=CARTESIAN_POINT('',(-0.059591979479188,-0.00518301616968888,-0.0229999946391486));
#11880=CARTESIAN_POINT('',(-0.059591979479188,-0.00518301616968888,-0.0229999946391486));
#11881=CARTESIAN_POINT('',(-0.0619025601978561,-0.00157821429714503,-0.0229999946391486));
#11882=CARTESIAN_POINT('',(-0.0622210690164586,-0.00108129812312117,-0.0229999946391486));
#11883=CARTESIAN_POINT('',(-0.0622210690164586,-0.00108129812312117,-0.0239999946391487));
#11884=CARTESIAN_POINT('',(-0.0593799926029258,-0.00503913686933009,-0.0239999946391487));
#11885=CARTESIAN_POINT('',(-0.0593799926029258,-0.00503913686933009,-0.0229999946391486));
#11886=CARTESIAN_POINT('',(-0.0593799926029258,-0.00503913686933009,-0.0229999946391486));
#11887=CARTESIAN_POINT('',(-0.0622210690164586,-0.00108129812312117,-0.0229999946391486));
#11888=CARTESIAN_POINT('',(-0.0620855883029925,-0.00127003345246549,-0.0229999946391486));
#11889=CARTESIAN_POINT('',(-0.0620855883029925,-0.00127003345246549,-0.0239999946391487));
#11890=CARTESIAN_POINT('',(-0.0591784905658698,-0.00488599410021267,-0.0239999946391487));
#11891=CARTESIAN_POINT('',(-0.0591784905658698,-0.00488599410021267,-0.0229999946391486));
#11892=CARTESIAN_POINT('',(-0.0591784905658698,-0.00488599410021267,-0.0229999946391486));
#11893=CARTESIAN_POINT('',(-0.0620855883029925,-0.00127003345246549,-0.0229999946391486));
#11894=CARTESIAN_POINT('',(-0.060167248743643,-0.00365613787506626,-0.0229999946391486));
#11895=CARTESIAN_POINT('',(-0.060167248743643,-0.00365613787506626,-0.0239999946391487));
#11896=CARTESIAN_POINT('',(-0.0587235372937179,-0.00429322995475325,-0.0239999946391487));
#11897=CARTESIAN_POINT('',(-0.0587235372937179,-0.00429322995475325,-0.0229999946391486));
#11898=CARTESIAN_POINT('',(-0.0587235372937179,-0.00429322995475325,-0.0229999946391486));
#11899=CARTESIAN_POINT('',(-0.060167248743643,-0.00365613787506626,-0.0229999946391486));
#11900=CARTESIAN_POINT('',(-0.06000090091893,-0.00372954445515579,-0.0229999946391486));
#11901=CARTESIAN_POINT('',(-0.06000090091893,-0.00372954445515579,-0.0239999946391487));
#11902=CARTESIAN_POINT('',(-0.0586128872175029,-0.00357849102711774,-0.0239999946391487));
#11903=CARTESIAN_POINT('',(-0.0586128872175029,-0.00357849102711774,-0.0229999946391486));
#11904=CARTESIAN_POINT('',(-0.0586128872175029,-0.00357849102711774,-0.0229999946391486));
#11905=CARTESIAN_POINT('',(-0.06000090091893,-0.00372954445515579,-0.0229999946391486));
#11906=CARTESIAN_POINT('',(-0.0605901392972658,-0.00379366645496781,-0.0229999946391486));
#11907=CARTESIAN_POINT('',(-0.0605901392972658,-0.00379366645496781,-0.0239999946391487));
#11908=CARTESIAN_POINT('',(-0.0588762342471484,-0.00278453032398283,-0.0239999946391487));
#11909=CARTESIAN_POINT('',(-0.0588762342471484,-0.00278453032398283,-0.0229999946391486));
#11910=CARTESIAN_POINT('',(-0.0588762342471484,-0.00278453032398283,-0.0229999946391486));
#11911=CARTESIAN_POINT('',(-0.0605901392972658,-0.00379366645496781,-0.0229999946391486));
#11912=CARTESIAN_POINT('',(-0.0625979716011498,-0.00497586379722232,-0.0229999946391486));
#11913=CARTESIAN_POINT('',(-0.0625979716011498,-0.00497586379722232,-0.0239999946391487));
#11914=CARTESIAN_POINT('',(-0.0594957197255196,-0.00197098366263165,-0.0239999946391487));
#11915=CARTESIAN_POINT('',(-0.0594957197255196,-0.00197098366263165,-0.0229999946391486));
#11916=CARTESIAN_POINT('',(-0.0594957197255196,-0.00197098366263165,-0.0229999946391486));
#11917=CARTESIAN_POINT('',(-0.0625979716011498,-0.00497586379722232,-0.0229999946391486));
#11918=CARTESIAN_POINT('',(-0.0599858698675065,-0.00244574954874153,-0.0229999946391486));
#11919=CARTESIAN_POINT('',(-0.0599858698675065,-0.00244574954874153,-0.0239999946391487));
#11920=CARTESIAN_POINT('',(-0.0596496114478932,-0.00185196500571043,-0.0239999946391487));
#11921=CARTESIAN_POINT('',(-0.0596496114478932,-0.00185196500571043,-0.0229999946391486));
#11922=CARTESIAN_POINT('',(-0.0596496114478932,-0.00185196500571043,-0.0229999946391486));
#11923=CARTESIAN_POINT('',(-0.0599858698675065,-0.00244574954874153,-0.0229999946391486));
#11924=CARTESIAN_POINT('',(-0.0597179863216788,-0.00197270521911871,-0.0229999946391486));
#11925=CARTESIAN_POINT('',(-0.0597179863216788,-0.00197270521911871,-0.0239999946391487));
#11926=CARTESIAN_POINT('',(-0.0597739112244015,-0.00184571810262834,-0.0239999946391487));
#11927=CARTESIAN_POINT('',(-0.0597739112244015,-0.00184571810262834,-0.0229999946391486));
#11928=CARTESIAN_POINT('',(-0.0597739112244015,-0.00184571810262834,-0.0229999946391486));
#11929=CARTESIAN_POINT('',(-0.0597179863216788,-0.00197270521911871,-0.0229999946391486));
#11930=CARTESIAN_POINT('',(-0.0595716035143363,-0.00230509372055701,-0.0229999946391486));
#11931=CARTESIAN_POINT('',(-0.0595716035143363,-0.00230509372055701,-0.0239999946391487));
#11932=CARTESIAN_POINT('',(-0.0599276791818762,-0.00195130778685535,-0.0239999946391487));
#11933=CARTESIAN_POINT('',(-0.0599276791818762,-0.00195130778685535,-0.0229999946391486));
#11934=CARTESIAN_POINT('',(-0.0599276791818762,-0.00195130778685535,-0.0229999946391486));
#11935=CARTESIAN_POINT('',(-0.0595716035143363,-0.00230509372055701,-0.0229999946391486));
#11936=CARTESIAN_POINT('',(-0.0471989889930889,-0.0145981574960094,-0.0229999946391486));
#11937=CARTESIAN_POINT('',(-0.0471989889930889,-0.0145981574960094,-0.0239999946391487));
#11938=CARTESIAN_POINT('',(-0.0602804837813344,-0.00231659181433967,-0.0239999946391487));
#11939=CARTESIAN_POINT('',(-0.0602804837813344,-0.00231659181433967,-0.0229999946391486));
#11940=CARTESIAN_POINT('',(-0.0602804837813344,-0.00231659181433967,-0.0229999946391486));
#11941=CARTESIAN_POINT('',(-0.0471989889930889,-0.0145981574960094,-0.0229999946391486));
#11942=CARTESIAN_POINT('',(-0.0552575335756111,-0.00703239421969215,-0.0229999946391486));
#11943=CARTESIAN_POINT('',(-0.0552575335756111,-0.00703239421969215,-0.0239999946391487));
#11944=CARTESIAN_POINT('',(-0.0605285821728482,-0.0025956310097531,-0.0239999946391487));
#11945=CARTESIAN_POINT('',(-0.0605285821728482,-0.0025956310097531,-0.0229999946391486));
#11946=CARTESIAN_POINT('',(-0.0605285821728482,-0.0025956310097531,-0.0229999946391486));
#11947=CARTESIAN_POINT('',(-0.0552575335756111,-0.00703239421969215,-0.0229999946391486));
#11948=CARTESIAN_POINT('',(-0.0482780596617163,-0.012907159055375,-0.0229999946391486));
#11949=CARTESIAN_POINT('',(-0.0482780596617163,-0.012907159055375,-0.0239999946391487));
#11950=CARTESIAN_POINT('',(-0.060821025205394,-0.00295341966751124,-0.0239999946391487));
#11951=CARTESIAN_POINT('',(-0.060821025205394,-0.00295341966751125,-0.0229999946391486));
#11952=CARTESIAN_POINT('',(-0.060821025205394,-0.00295341966751125,-0.0229999946391486));
#11953=CARTESIAN_POINT('',(-0.0482780596617163,-0.012907159055375,-0.0229999946391486));
#11954=CARTESIAN_POINT('',(-0.0479222809078265,-0.0131894929381777,-0.0229999946391486));
#11955=CARTESIAN_POINT('',(-0.0479222809078265,-0.0131894929381777,-0.0239999946391487));
#11956=CARTESIAN_POINT('',(-0.0479222809078265,-0.0131894929381777,-0.0229999946391486));
#11957=CARTESIAN_POINT('',(-0.015063216660608,0.0486807301493918,-0.0229999946391486));
#11958=CARTESIAN_POINT('',(-0.015063216660608,0.0486807301493918,-0.0229999946391486));
#11959=CARTESIAN_POINT('',(-0.0708161052106781,-0.00100007898210907,-0.0229999946391486));
#11960=CARTESIAN_POINT('',(-0.0745000000016211,-0.000996083743284788,-0.0239999946391487));
#11961=CARTESIAN_POINT('',(-0.0637000000000018,0.0324000000019998,0.276987349144899));
#11962=CARTESIAN_POINT('',(-0.0637000000000018,0.0339000000019999,0.276987349144899));
#11963=CARTESIAN_POINT('',(-0.0637000000000018,0.0339000000019998,-0.0206999946391487));
#11964=CARTESIAN_POINT('',(-0.0637000000000018,0.0334500050043578,-0.0206999946391487));
#11965=CARTESIAN_POINT('',(-0.0637000000000018,0.0360000100067158,-0.0206999946391487));
#11966=CARTESIAN_POINT('',(-0.0637000000000018,0.0360000100067158,-0.0196999946391486));
#11967=CARTESIAN_POINT('',(-0.0637000000000018,0.0360000100067158,-0.0196999946391486));
#11968=CARTESIAN_POINT('',(-0.0637000000000018,0.0334500050043578,-0.0196999946391486));
#11969=CARTESIAN_POINT('',(-0.0637000000000018,0.0309000000019998,-0.0196999946391486));
#11970=CARTESIAN_POINT('',(-0.0637000000000018,0.0309000000019999,0.276987349144899));
#11971=CARTESIAN_POINT('',(-0.0647000000000018,0.0309000000019999,0.276987349144899));
#11972=CARTESIAN_POINT('',(-0.0647000000000018,0.0309000000019998,-0.0196999946391486));
#11973=CARTESIAN_POINT('',(-0.0647000000000018,0.0339000000019999,0.276987349144899));
#11974=CARTESIAN_POINT('',(-0.0647000000000018,0.0339000000019998,-0.0206999946391487));
#11975=CARTESIAN_POINT('',(-0.0496000000000018,0.0324000000019998,0.276987349144899));
#11976=CARTESIAN_POINT('',(-0.0496000000000018,0.0309000000019999,0.276987349144899));
#11977=CARTESIAN_POINT('',(-0.0496000000000018,0.0309000000019998,-0.0196999946391486));
#11978=CARTESIAN_POINT('',(-0.0496000000000018,0.0334500050043578,-0.0196999946391486));
#11979=CARTESIAN_POINT('',(-0.0496000000000018,0.0360000100067158,-0.0196999946391486));
#11980=CARTESIAN_POINT('',(-0.0496000000000018,0.0360000100067158,-0.0196999946391486));
#11981=CARTESIAN_POINT('',(-0.0496000000000018,0.0360000100067158,-0.0206999946391487));
#11982=CARTESIAN_POINT('',(-0.0496000000000018,0.0334500050043578,-0.0206999946391487));
#11983=CARTESIAN_POINT('',(-0.0496000000000018,0.0339000000019998,-0.0206999946391487));
#11984=CARTESIAN_POINT('',(-0.0496000000000018,0.0339000000019999,0.276987349144899));
#11985=CARTESIAN_POINT('',(-0.0486000000000018,0.0309000000019999,0.276987349144899));
#11986=CARTESIAN_POINT('',(-0.0486000000000018,0.0309000000019998,-0.0196999946391486));
#11987=CARTESIAN_POINT('',(-0.0486000000000018,0.0339000000019999,0.276987349144899));
#11988=CARTESIAN_POINT('',(-0.0486000000000018,0.0339000000019998,-0.0206999946391487));
#11989=CARTESIAN_POINT('',(-0.0486000000000018,0.0360000100067158,-0.0196999946391486));
#11990=CARTESIAN_POINT('',(-0.0486000000000018,0.0360000100067158,-0.0206999946391487));
#11991=CARTESIAN_POINT('',(-0.0486000000000018,0.0360000100067158,-0.0196999946391486));
#11992=CARTESIAN_POINT('',(1.09557938719419E-34,0.0334500050043578,-0.0196999946391486));
#11993=CARTESIAN_POINT('',(1.15119256919055E-34,0.0334500050043578,-0.0206999946391487));
#11994=CARTESIAN_POINT('',(1.15119256919055E-34,0.0334500050043578,-0.0206999946391487));
#11995=CARTESIAN_POINT('',(-0.0647000000000018,0.0360000100067158,-0.0206999946391487));
#11996=CARTESIAN_POINT('',(-0.0647000000000018,0.0360000100067158,-0.0196999946391486));
#11997=CARTESIAN_POINT('',(-0.0647000000000018,0.0360000100067158,-0.0196999946391486));
#11998=CARTESIAN_POINT('',(1.09557938719419E-34,0.0334500050043578,-0.0196999946391486));
#11999=MECHANICAL_DESIGN_GEOMETRIC_PRESENTATION_REPRESENTATION('',(#6644),
#12000);
#12000=(
GEOMETRIC_REPRESENTATION_CONTEXT(3)
GLOBAL_UNCERTAINTY_ASSIGNED_CONTEXT((#12001))
GLOBAL_UNIT_ASSIGNED_CONTEXT((#12004,#12003,#12002))
REPRESENTATION_CONTEXT('BatteryCoverL','TOP_LEVEL_ASSEMBLY_PART')
);
#12001=UNCERTAINTY_MEASURE_WITH_UNIT(LENGTH_MEASURE(2.1E-5),#12004,
'DISTANCE_ACCURACY_VALUE','Maximum Tolerance applied to model');
#12002=(
NAMED_UNIT(*)
SI_UNIT($,.STERADIAN.)
SOLID_ANGLE_UNIT()
);
#12003=(
NAMED_UNIT(*)
PLANE_ANGLE_UNIT()
SI_UNIT($,.RADIAN.)
);
#12004=(
LENGTH_UNIT()
NAMED_UNIT(*)
SI_UNIT($,.METRE.)
);
#12005=PRODUCT_DEFINITION_SHAPE('','',#12006);
#12006=PRODUCT_DEFINITION('','',#12008,#12007);
#12007=PRODUCT_DEFINITION_CONTEXT('',#12014,'design');
#12008=PRODUCT_DEFINITION_FORMATION_WITH_SPECIFIED_SOURCE('','',#12010,
 .NOT_KNOWN.);
#12009=PRODUCT_RELATED_PRODUCT_CATEGORY('','',(#12010));
#12010=PRODUCT('BatteryCoverL','BatteryCoverL','BatteryCoverL',(#12012));
#12011=PRODUCT_CATEGORY('','');
#12012=PRODUCT_CONTEXT('',#12014,'mechanical');
#12013=APPLICATION_PROTOCOL_DEFINITION('international standard',
'ap242_managed_model_based_3d_engineering',2020,#12014);
#12014=APPLICATION_CONTEXT('managed model based 3d engineering');
ENDSEC;
END-ISO-10303-21;
