ISO-10303-21;
HEADER;
/* Generated by software containing ST-Developer
 * from STEP Tools, Inc. (www.steptools.com) 
 */
/* OPTION: using custom renumber hook */

FILE_DESCRIPTION(
/* description */ ('STEP AP242 Edition 2',
'CAx-IF Rec.Pracs.---Representation and Presentation of Product Manufa
cturing Information (PMI)---4.0---2014-10-13',
'CAx-IF Rec.Pracs.---3D Tessellated Geometry---0.4---2014-09-14','2;1',
'CAx-IF Rec.Pracs.---User Defined Attributes---1.5---2016-08-15'),
/* implementation_level */ '2;1');

FILE_NAME(
/* name */ 'M_BUTTONS - StartButton',
/* time_stamp */ '2026-09-23T14:39:54Z',
/* author */ (''),
/* organization */ (''),
/* preprocessor_version */ 'ST-DEVELOPER v20',
/* originating_system */ 'ONSHAPE BY PTC INC, 1.221',
/* authorisation */ '  ');

FILE_SCHEMA (('AP242_MANAGED_MODEL_BASED_3D_ENGINEERING_MIM_LF { 1 0 10303 442 3 1 4 }'));
ENDSEC;

DATA;
#10=SHAPE_REPRESENTATION_RELATIONSHIP('','',#1930,#11);
#11=ADVANCED_BREP_SHAPE_REPRESENTATION('',(#1928),#3406);
#12=B_SPLINE_SURFACE_WITH_KNOTS('',2,3,((#2745,#2746,#2747,#2748,#2749,
#2750),(#2751,#2752,#2753,#2754,#2755,#2756),(#2757,#2758,#2759,#2760,#2761,
#2762)),.UNSPECIFIED.,.F.,.F.,.F.,(3,3),(4,2,4),(0.,1.),(3.1415926535898,
3.92699081698724,4.71238898038469),.UNSPECIFIED.);
#13=B_SPLINE_SURFACE_WITH_KNOTS('',3,1,((#2771,#2772),(#2773,#2774),(#2775,
#2776),(#2777,#2778)),.SURF_OF_LINEAR_EXTRUSION.,.F.,.F.,.F.,(4,4),(2,2),
(-4.58805867547883E-16,1.00000000000041),(0.,1.),
 .PIECEWISE_BEZIER_KNOTS.);
#14=B_SPLINE_SURFACE_WITH_KNOTS('',3,1,((#2783,#2784),(#2785,#2786),(#2787,
#2788),(#2789,#2790)),.SURF_OF_LINEAR_EXTRUSION.,.F.,.F.,.F.,(4,4),(2,2),
(-6.01227986903628E-16,1.),(0.,1.),.PIECEWISE_BEZIER_KNOTS.);
#15=B_SPLINE_SURFACE_WITH_KNOTS('',2,3,((#2795,#2796,#2797,#2798,#2799,
#2800),(#2801,#2802,#2803,#2804,#2805,#2806),(#2807,#2808,#2809,#2810,#2811,
#2812)),.UNSPECIFIED.,.F.,.F.,.F.,(3,3),(4,2,4),(0.,1.),(4.71238898038469,
5.49778714378214,6.28318530717959),.UNSPECIFIED.);
#16=B_SPLINE_SURFACE_WITH_KNOTS('',2,3,((#2817,#2818,#2819,#2820,#2821,
#2822),(#2823,#2824,#2825,#2826,#2827,#2828),(#2829,#2830,#2831,#2832,#2833,
#2834)),.UNSPECIFIED.,.F.,.F.,.F.,(3,3),(4,2,4),(0.,1.),(1.5707963267949,
2.35619449019234,3.1415926535898),.UNSPECIFIED.);
#17=B_SPLINE_SURFACE_WITH_KNOTS('',3,1,((#2839,#2840),(#2841,#2842),(#2843,
#2844),(#2845,#2846)),.SURF_OF_LINEAR_EXTRUSION.,.F.,.F.,.F.,(4,4),(2,2),
(-8.17665653256751E-16,1.),(0.,1.),.PIECEWISE_BEZIER_KNOTS.);
#18=B_SPLINE_SURFACE_WITH_KNOTS('',3,1,((#2851,#2852),(#2853,#2854),(#2855,
#2856),(#2857,#2858)),.SURF_OF_LINEAR_EXTRUSION.,.F.,.F.,.F.,(4,4),(2,2),
(2.71595125258318E-16,0.999999999999593),(0.,1.),
 .PIECEWISE_BEZIER_KNOTS.);
#19=B_SPLINE_SURFACE_WITH_KNOTS('',2,3,((#2863,#2864,#2865,#2866,#2867,
#2868),(#2869,#2870,#2871,#2872,#2873,#2874),(#2875,#2876,#2877,#2878,#2879,
#2880)),.UNSPECIFIED.,.F.,.F.,.F.,(3,3),(4,2,4),(0.,1.),(0.,0.785398163397448,
1.5707963267949),.UNSPECIFIED.);
#20=B_SPLINE_SURFACE_WITH_KNOTS('',3,1,((#3019,#3020),(#3021,#3022),(#3023,
#3024),(#3025,#3026)),.SURF_OF_LINEAR_EXTRUSION.,.F.,.F.,.F.,(4,4),(2,2),
(0.,1.),(0.,1.),.PIECEWISE_BEZIER_KNOTS.);
#21=B_SPLINE_SURFACE_WITH_KNOTS('',3,1,((#3036,#3037),(#3038,#3039),(#3040,
#3041),(#3042,#3043)),.SURF_OF_LINEAR_EXTRUSION.,.F.,.F.,.F.,(4,4),(2,2),
(0.,1.),(0.,1.),.PIECEWISE_BEZIER_KNOTS.);
#22=B_SPLINE_SURFACE_WITH_KNOTS('',3,1,((#3053,#3054),(#3055,#3056),(#3057,
#3058),(#3059,#3060)),.SURF_OF_LINEAR_EXTRUSION.,.F.,.F.,.F.,(4,4),(2,2),
(0.,1.),(0.,1.),.PIECEWISE_BEZIER_KNOTS.);
#23=B_SPLINE_SURFACE_WITH_KNOTS('',3,1,((#3092,#3093),(#3094,#3095),(#3096,
#3097),(#3098,#3099)),.SURF_OF_LINEAR_EXTRUSION.,.F.,.F.,.F.,(4,4),(2,2),
(0.,1.),(0.,1.),.PIECEWISE_BEZIER_KNOTS.);
#24=B_SPLINE_SURFACE_WITH_KNOTS('',3,1,((#3105,#3106),(#3107,#3108),(#3109,
#3110),(#3111,#3112)),.SURF_OF_LINEAR_EXTRUSION.,.F.,.F.,.F.,(4,4),(2,2),
(0.,1.),(0.,1.),.PIECEWISE_BEZIER_KNOTS.);
#25=B_SPLINE_SURFACE_WITH_KNOTS('',3,1,((#3118,#3119),(#3120,#3121),(#3122,
#3123),(#3124,#3125)),.SURF_OF_LINEAR_EXTRUSION.,.F.,.F.,.F.,(4,4),(2,2),
(0.,1.),(0.,1.),.PIECEWISE_BEZIER_KNOTS.);
#26=B_SPLINE_SURFACE_WITH_KNOTS('',3,1,((#3131,#3132),(#3133,#3134),(#3135,
#3136),(#3137,#3138)),.SURF_OF_LINEAR_EXTRUSION.,.F.,.F.,.F.,(4,4),(2,2),
(0.,1.),(0.,1.),.PIECEWISE_BEZIER_KNOTS.);
#27=B_SPLINE_SURFACE_WITH_KNOTS('',3,1,((#3158,#3159),(#3160,#3161),(#3162,
#3163),(#3164,#3165)),.SURF_OF_LINEAR_EXTRUSION.,.F.,.F.,.F.,(4,4),(2,2),
(0.,1.),(0.,1.),.PIECEWISE_BEZIER_KNOTS.);
#28=B_SPLINE_SURFACE_WITH_KNOTS('',3,1,((#3183,#3184),(#3185,#3186),(#3187,
#3188),(#3189,#3190)),.SURF_OF_LINEAR_EXTRUSION.,.F.,.F.,.F.,(4,4),(2,2),
(0.,1.),(0.,1.),.PIECEWISE_BEZIER_KNOTS.);
#29=B_SPLINE_SURFACE_WITH_KNOTS('',3,1,((#3196,#3197),(#3198,#3199),(#3200,
#3201),(#3202,#3203)),.SURF_OF_LINEAR_EXTRUSION.,.F.,.F.,.F.,(4,4),(2,2),
(0.,1.),(0.,1.),.PIECEWISE_BEZIER_KNOTS.);
#30=B_SPLINE_SURFACE_WITH_KNOTS('',3,1,((#3225,#3226),(#3227,#3228),(#3229,
#3230),(#3231,#3232)),.SURF_OF_LINEAR_EXTRUSION.,.F.,.F.,.F.,(4,4),(2,2),
(0.,1.),(0.,1.),.PIECEWISE_BEZIER_KNOTS.);
#31=B_SPLINE_SURFACE_WITH_KNOTS('',3,1,((#3238,#3239),(#3240,#3241),(#3242,
#3243),(#3244,#3245)),.SURF_OF_LINEAR_EXTRUSION.,.F.,.F.,.F.,(4,4),(2,2),
(0.,1.),(0.,1.),.PIECEWISE_BEZIER_KNOTS.);
#32=B_SPLINE_SURFACE_WITH_KNOTS('',3,1,((#3255,#3256),(#3257,#3258),(#3259,
#3260),(#3261,#3262)),.SURF_OF_LINEAR_EXTRUSION.,.F.,.F.,.F.,(4,4),(2,2),
(0.,1.),(0.,1.),.PIECEWISE_BEZIER_KNOTS.);
#33=B_SPLINE_SURFACE_WITH_KNOTS('',3,1,((#3268,#3269),(#3270,#3271),(#3272,
#3273),(#3274,#3275)),.SURF_OF_LINEAR_EXTRUSION.,.F.,.F.,.F.,(4,4),(2,2),
(0.,1.),(0.,1.),.PIECEWISE_BEZIER_KNOTS.);
#34=B_SPLINE_SURFACE_WITH_KNOTS('',3,1,((#3281,#3282),(#3283,#3284),(#3285,
#3286),(#3287,#3288)),.SURF_OF_LINEAR_EXTRUSION.,.F.,.F.,.F.,(4,4),(2,2),
(0.,1.),(0.,1.),.PIECEWISE_BEZIER_KNOTS.);
#35=B_SPLINE_SURFACE_WITH_KNOTS('',3,1,((#3298,#3299),(#3300,#3301),(#3302,
#3303),(#3304,#3305)),.SURF_OF_LINEAR_EXTRUSION.,.F.,.F.,.F.,(4,4),(2,2),
(0.,1.),(0.,1.),.PIECEWISE_BEZIER_KNOTS.);
#36=B_SPLINE_SURFACE_WITH_KNOTS('',3,1,((#3311,#3312),(#3313,#3314),(#3315,
#3316),(#3317,#3318)),.SURF_OF_LINEAR_EXTRUSION.,.F.,.F.,.F.,(4,4),(2,2),
(0.,1.),(0.,1.),.PIECEWISE_BEZIER_KNOTS.);
#37=B_SPLINE_SURFACE_WITH_KNOTS('',3,1,((#3324,#3325),(#3326,#3327),(#3328,
#3329),(#3330,#3331)),.SURF_OF_LINEAR_EXTRUSION.,.F.,.F.,.F.,(4,4),(2,2),
(0.,1.),(0.,1.),.PIECEWISE_BEZIER_KNOTS.);
#38=B_SPLINE_SURFACE_WITH_KNOTS('',3,1,((#3357,#3358),(#3359,#3360),(#3361,
#3362),(#3363,#3364)),.SURF_OF_LINEAR_EXTRUSION.,.F.,.F.,.F.,(4,4),(2,2),
(0.,1.),(0.,1.),.PIECEWISE_BEZIER_KNOTS.);
#39=B_SPLINE_SURFACE_WITH_KNOTS('',3,1,((#3374,#3375),(#3376,#3377),(#3378,
#3379),(#3380,#3381)),.SURF_OF_LINEAR_EXTRUSION.,.F.,.F.,.F.,(4,4),(2,2),
(0.,1.),(0.,1.),.PIECEWISE_BEZIER_KNOTS.);
#40=B_SPLINE_SURFACE_WITH_KNOTS('',3,1,((#3391,#3392),(#3393,#3394),(#3395,
#3396),(#3397,#3398)),.SURF_OF_LINEAR_EXTRUSION.,.F.,.F.,.F.,(4,4),(2,2),
(0.,1.),(0.,1.),.PIECEWISE_BEZIER_KNOTS.);
#41=CYLINDRICAL_SURFACE('',#1957,0.002);
#42=CYLINDRICAL_SURFACE('',#1959,0.002);
#43=CYLINDRICAL_SURFACE('',#1961,0.002);
#44=CYLINDRICAL_SURFACE('',#1963,0.002);
#45=CYLINDRICAL_SURFACE('',#2007,0.000234149399751967);
#46=CYLINDRICAL_SURFACE('',#2009,0.000214977266401913);
#47=CYLINDRICAL_SURFACE('',#2012,0.000656924277836274);
#48=CYLINDRICAL_SURFACE('',#2014,0.000739592429772402);
#49=CYLINDRICAL_SURFACE('',#2016,0.00113088186743092);
#50=CYLINDRICAL_SURFACE('',#2018,0.00057833898540005);
#51=CYLINDRICAL_SURFACE('',#2020,0.000222629884578187);
#52=CYLINDRICAL_SURFACE('',#2023,0.000634788021607138);
#53=CYLINDRICAL_SURFACE('',#2025,0.000676378584883326);
#54=CYLINDRICAL_SURFACE('',#2027,0.000996387109102764);
#55=CYLINDRICAL_SURFACE('',#2029,0.00109620323130062);
#56=CYLINDRICAL_SURFACE('',#2031,0.000534897500768729);
#57=CYLINDRICAL_SURFACE('',#2033,0.00235949294324555);
#58=CIRCLE('',#1933,0.000214977266401913);
#59=CIRCLE('',#1934,0.000234149399751967);
#60=CIRCLE('',#1935,0.00235949294324555);
#61=CIRCLE('',#1936,0.000534897500768729);
#62=CIRCLE('',#1937,0.00109620323130062);
#63=CIRCLE('',#1938,0.000996387109102764);
#64=CIRCLE('',#1939,0.000676378584883326);
#65=CIRCLE('',#1940,0.000634788021607138);
#66=CIRCLE('',#1941,0.000222629884578187);
#67=CIRCLE('',#1942,0.00057833898540005);
#68=CIRCLE('',#1943,0.00113088186743092);
#69=CIRCLE('',#1944,0.000739592429772402);
#70=CIRCLE('',#1945,0.000656924277836274);
#71=CIRCLE('',#1947,0.002);
#72=CIRCLE('',#1948,0.002);
#73=CIRCLE('',#1949,0.002);
#74=CIRCLE('',#1950,0.002);
#75=CIRCLE('',#2008,0.000234149399751967);
#76=CIRCLE('',#2010,0.000214977266401913);
#77=CIRCLE('',#2013,0.000656924277836274);
#78=CIRCLE('',#2015,0.000739592429772402);
#79=CIRCLE('',#2017,0.00113088186743092);
#80=CIRCLE('',#2019,0.00057833898540005);
#81=CIRCLE('',#2021,0.000222629884578187);
#82=CIRCLE('',#2024,0.000634788021607138);
#83=CIRCLE('',#2026,0.000676378584883326);
#84=CIRCLE('',#2028,0.000996387109102764);
#85=CIRCLE('',#2030,0.00109620323130062);
#86=CIRCLE('',#2032,0.000534897500768729);
#87=CIRCLE('',#2034,0.00235949294324555);
#88=B_SPLINE_CURVE_WITH_KNOTS('',3,(#2451,#2452,#2453,#2454),
 .UNSPECIFIED.,.F.,.F.,(4,4),(0.,1.),.UNSPECIFIED.);
#89=B_SPLINE_CURVE_WITH_KNOTS('',3,(#2457,#2458,#2459,#2460,#2461),
 .UNSPECIFIED.,.F.,.F.,(4,1,4),(0.,0.5,1.),.UNSPECIFIED.);
#90=B_SPLINE_CURVE_WITH_KNOTS('',3,(#2463,#2464,#2465,#2466),
 .UNSPECIFIED.,.F.,.F.,(4,4),(0.,1.),.UNSPECIFIED.);
#91=B_SPLINE_CURVE_WITH_KNOTS('',3,(#2468,#2469,#2470,#2471,#2472),
 .UNSPECIFIED.,.F.,.F.,(4,1,4),(0.,0.5,1.),.UNSPECIFIED.);
#92=B_SPLINE_CURVE_WITH_KNOTS('',3,(#2474,#2475,#2476,#2477),
 .UNSPECIFIED.,.F.,.F.,(4,4),(0.,1.),.UNSPECIFIED.);
#93=B_SPLINE_CURVE_WITH_KNOTS('',3,(#2479,#2480,#2481,#2482,#2483),
 .UNSPECIFIED.,.F.,.F.,(4,1,4),(0.,0.5,1.),.UNSPECIFIED.);
#94=B_SPLINE_CURVE_WITH_KNOTS('',3,(#2485,#2486,#2487,#2488),
 .UNSPECIFIED.,.F.,.F.,(4,4),(0.,1.),.UNSPECIFIED.);
#95=B_SPLINE_CURVE_WITH_KNOTS('',3,(#2490,#2491,#2492,#2493,#2494),
 .UNSPECIFIED.,.F.,.F.,(4,1,4),(0.,0.5,1.),.UNSPECIFIED.);
#96=B_SPLINE_CURVE_WITH_KNOTS('',2,(#2540,#2541,#2542),.UNSPECIFIED.,.F.,
 .F.,(3,3),(0.,1.),.PIECEWISE_BEZIER_KNOTS.);
#97=B_SPLINE_CURVE_WITH_KNOTS('',2,(#2544,#2545,#2546),.UNSPECIFIED.,.F.,
 .F.,(3,3),(0.,1.),.PIECEWISE_BEZIER_KNOTS.);
#98=B_SPLINE_CURVE_WITH_KNOTS('',2,(#2548,#2549,#2550),.UNSPECIFIED.,.F.,
 .F.,(3,3),(0.,1.),.PIECEWISE_BEZIER_KNOTS.);
#99=B_SPLINE_CURVE_WITH_KNOTS('',2,(#2552,#2553,#2554),.UNSPECIFIED.,.F.,
 .F.,(3,3),(0.,1.),.PIECEWISE_BEZIER_KNOTS.);
#100=B_SPLINE_CURVE_WITH_KNOTS('',2,(#2566,#2567,#2568),.UNSPECIFIED.,.F.,
 .F.,(3,3),(0.,1.),.PIECEWISE_BEZIER_KNOTS.);
#101=B_SPLINE_CURVE_WITH_KNOTS('',2,(#2572,#2573,#2574),.UNSPECIFIED.,.F.,
 .F.,(3,3),(0.,1.),.PIECEWISE_BEZIER_KNOTS.);
#102=B_SPLINE_CURVE_WITH_KNOTS('',2,(#2578,#2579,#2580),.UNSPECIFIED.,.F.,
 .F.,(3,3),(0.,1.),.PIECEWISE_BEZIER_KNOTS.);
#103=B_SPLINE_CURVE_WITH_KNOTS('',2,(#2592,#2593,#2594),.UNSPECIFIED.,.F.,
 .F.,(3,3),(0.,1.),.PIECEWISE_BEZIER_KNOTS.);
#104=B_SPLINE_CURVE_WITH_KNOTS('',2,(#2596,#2597,#2598),.UNSPECIFIED.,.F.,
 .F.,(3,3),(0.,1.),.PIECEWISE_BEZIER_KNOTS.);
#105=B_SPLINE_CURVE_WITH_KNOTS('',2,(#2600,#2601,#2602),.UNSPECIFIED.,.F.,
 .F.,(3,3),(0.,1.),.PIECEWISE_BEZIER_KNOTS.);
#106=B_SPLINE_CURVE_WITH_KNOTS('',2,(#2606,#2607,#2608),.UNSPECIFIED.,.F.,
 .F.,(3,3),(0.,1.),.PIECEWISE_BEZIER_KNOTS.);
#107=B_SPLINE_CURVE_WITH_KNOTS('',2,(#2610,#2611,#2612),.UNSPECIFIED.,.F.,
 .F.,(3,3),(0.,1.),.PIECEWISE_BEZIER_KNOTS.);
#108=B_SPLINE_CURVE_WITH_KNOTS('',2,(#2614,#2615,#2616),.UNSPECIFIED.,.F.,
 .F.,(3,3),(0.,1.),.PIECEWISE_BEZIER_KNOTS.);
#109=B_SPLINE_CURVE_WITH_KNOTS('',2,(#2620,#2621,#2622),.UNSPECIFIED.,.F.,
 .F.,(3,3),(0.,1.),.PIECEWISE_BEZIER_KNOTS.);
#110=B_SPLINE_CURVE_WITH_KNOTS('',2,(#2624,#2625,#2626),.UNSPECIFIED.,.F.,
 .F.,(3,3),(0.,1.),.PIECEWISE_BEZIER_KNOTS.);
#111=B_SPLINE_CURVE_WITH_KNOTS('',2,(#2636,#2637,#2638),.UNSPECIFIED.,.F.,
 .F.,(3,3),(0.,1.),.PIECEWISE_BEZIER_KNOTS.);
#112=B_SPLINE_CURVE_WITH_KNOTS('',2,(#2640,#2641,#2642),.UNSPECIFIED.,.F.,
 .F.,(3,3),(0.,1.),.PIECEWISE_BEZIER_KNOTS.);
#113=B_SPLINE_CURVE_WITH_KNOTS('',3,(#2688,#2689,#2690,#2691),
 .UNSPECIFIED.,.F.,.F.,(4,4),(0.,1.),.UNSPECIFIED.);
#114=B_SPLINE_CURVE_WITH_KNOTS('',3,(#2697,#2698,#2699,#2700,#2701),
 .UNSPECIFIED.,.F.,.F.,(4,1,4),(0.,0.5,1.),.UNSPECIFIED.);
#115=B_SPLINE_CURVE_WITH_KNOTS('',3,(#2705,#2706,#2707,#2708),
 .UNSPECIFIED.,.F.,.F.,(4,4),(0.,1.),.UNSPECIFIED.);
#116=B_SPLINE_CURVE_WITH_KNOTS('',3,(#2712,#2713,#2714,#2715,#2716),
 .UNSPECIFIED.,.F.,.F.,(4,1,4),(0.,0.5,1.),.UNSPECIFIED.);
#117=B_SPLINE_CURVE_WITH_KNOTS('',3,(#2720,#2721,#2722,#2723),
 .UNSPECIFIED.,.F.,.F.,(4,4),(0.,1.),.UNSPECIFIED.);
#118=B_SPLINE_CURVE_WITH_KNOTS('',3,(#2727,#2728,#2729,#2730,#2731),
 .UNSPECIFIED.,.F.,.F.,(4,1,4),(0.,0.5,1.),.UNSPECIFIED.);
#119=B_SPLINE_CURVE_WITH_KNOTS('',3,(#2735,#2736,#2737,#2738),
 .UNSPECIFIED.,.F.,.F.,(4,4),(0.,1.),.UNSPECIFIED.);
#120=B_SPLINE_CURVE_WITH_KNOTS('',3,(#2740,#2741,#2742,#2743,#2744),
 .UNSPECIFIED.,.F.,.F.,(4,1,4),(0.,0.5,1.),.UNSPECIFIED.);
#121=B_SPLINE_CURVE_WITH_KNOTS('',3,(#2763,#2764,#2765,#2766),
 .UNSPECIFIED.,.F.,.F.,(4,4),(0.,1.),.UNSPECIFIED.);
#122=B_SPLINE_CURVE_WITH_KNOTS('',3,(#2767,#2768,#2769,#2770),
 .UNSPECIFIED.,.F.,.F.,(4,4),(0.,1.),.UNSPECIFIED.);
#123=B_SPLINE_CURVE_WITH_KNOTS('',3,(#2779,#2780,#2781,#2782),
 .UNSPECIFIED.,.F.,.F.,(4,4),(0.,1.),.UNSPECIFIED.);
#124=B_SPLINE_CURVE_WITH_KNOTS('',3,(#2791,#2792,#2793,#2794),
 .UNSPECIFIED.,.F.,.F.,(4,4),(0.,1.),.UNSPECIFIED.);
#125=B_SPLINE_CURVE_WITH_KNOTS('',3,(#2813,#2814,#2815,#2816),
 .UNSPECIFIED.,.F.,.F.,(4,4),(0.,1.),.UNSPECIFIED.);
#126=B_SPLINE_CURVE_WITH_KNOTS('',3,(#2835,#2836,#2837,#2838),
 .UNSPECIFIED.,.F.,.F.,(4,4),(0.,1.),.UNSPECIFIED.);
#127=B_SPLINE_CURVE_WITH_KNOTS('',3,(#2847,#2848,#2849,#2850),
 .UNSPECIFIED.,.F.,.F.,(4,4),(0.,1.),.UNSPECIFIED.);
#128=B_SPLINE_CURVE_WITH_KNOTS('',3,(#2859,#2860,#2861,#2862),
 .UNSPECIFIED.,.F.,.F.,(4,4),(0.,1.),.UNSPECIFIED.);
#129=B_SPLINE_CURVE_WITH_KNOTS('',2,(#3027,#3028,#3029),.UNSPECIFIED.,.F.,
 .F.,(3,3),(0.,1.),.PIECEWISE_BEZIER_KNOTS.);
#130=B_SPLINE_CURVE_WITH_KNOTS('',2,(#3033,#3034,#3035),.UNSPECIFIED.,.F.,
 .F.,(3,3),(0.,1.),.PIECEWISE_BEZIER_KNOTS.);
#131=B_SPLINE_CURVE_WITH_KNOTS('',2,(#3044,#3045,#3046),.UNSPECIFIED.,.F.,
 .F.,(3,3),(0.,1.),.PIECEWISE_BEZIER_KNOTS.);
#132=B_SPLINE_CURVE_WITH_KNOTS('',2,(#3050,#3051,#3052),.UNSPECIFIED.,.F.,
 .F.,(3,3),(0.,1.),.PIECEWISE_BEZIER_KNOTS.);
#133=B_SPLINE_CURVE_WITH_KNOTS('',2,(#3061,#3062,#3063),.UNSPECIFIED.,.F.,
 .F.,(3,3),(0.,1.),.PIECEWISE_BEZIER_KNOTS.);
#134=B_SPLINE_CURVE_WITH_KNOTS('',2,(#3067,#3068,#3069),.UNSPECIFIED.,.F.,
 .F.,(3,3),(0.,1.),.PIECEWISE_BEZIER_KNOTS.);
#135=B_SPLINE_CURVE_WITH_KNOTS('',2,(#3102,#3103,#3104),.UNSPECIFIED.,.F.,
 .F.,(3,3),(0.,1.),.PIECEWISE_BEZIER_KNOTS.);
#136=B_SPLINE_CURVE_WITH_KNOTS('',2,(#3115,#3116,#3117),.UNSPECIFIED.,.F.,
 .F.,(3,3),(0.,1.),.PIECEWISE_BEZIER_KNOTS.);
#137=B_SPLINE_CURVE_WITH_KNOTS('',2,(#3128,#3129,#3130),.UNSPECIFIED.,.F.,
 .F.,(3,3),(0.,1.),.PIECEWISE_BEZIER_KNOTS.);
#138=B_SPLINE_CURVE_WITH_KNOTS('',2,(#3141,#3142,#3143),.UNSPECIFIED.,.F.,
 .F.,(3,3),(0.,1.),.PIECEWISE_BEZIER_KNOTS.);
#139=B_SPLINE_CURVE_WITH_KNOTS('',2,(#3166,#3167,#3168),.UNSPECIFIED.,.F.,
 .F.,(3,3),(0.,1.),.PIECEWISE_BEZIER_KNOTS.);
#140=B_SPLINE_CURVE_WITH_KNOTS('',2,(#3169,#3170,#3171),.UNSPECIFIED.,.F.,
 .F.,(3,3),(0.,1.),.PIECEWISE_BEZIER_KNOTS.);
#141=B_SPLINE_CURVE_WITH_KNOTS('',2,(#3193,#3194,#3195),.UNSPECIFIED.,.F.,
 .F.,(3,3),(0.,1.),.PIECEWISE_BEZIER_KNOTS.);
#142=B_SPLINE_CURVE_WITH_KNOTS('',2,(#3206,#3207,#3208),.UNSPECIFIED.,.F.,
 .F.,(3,3),(0.,1.),.PIECEWISE_BEZIER_KNOTS.);
#143=B_SPLINE_CURVE_WITH_KNOTS('',2,(#3235,#3236,#3237),.UNSPECIFIED.,.F.,
 .F.,(3,3),(0.,1.),.PIECEWISE_BEZIER_KNOTS.);
#144=B_SPLINE_CURVE_WITH_KNOTS('',2,(#3248,#3249,#3250),.UNSPECIFIED.,.F.,
 .F.,(3,3),(0.,1.),.PIECEWISE_BEZIER_KNOTS.);
#145=B_SPLINE_CURVE_WITH_KNOTS('',2,(#3265,#3266,#3267),.UNSPECIFIED.,.F.,
 .F.,(3,3),(0.,1.),.PIECEWISE_BEZIER_KNOTS.);
#146=B_SPLINE_CURVE_WITH_KNOTS('',2,(#3278,#3279,#3280),.UNSPECIFIED.,.F.,
 .F.,(3,3),(0.,1.),.PIECEWISE_BEZIER_KNOTS.);
#147=B_SPLINE_CURVE_WITH_KNOTS('',2,(#3291,#3292,#3293),.UNSPECIFIED.,.F.,
 .F.,(3,3),(0.,1.),.PIECEWISE_BEZIER_KNOTS.);
#148=B_SPLINE_CURVE_WITH_KNOTS('',2,(#3308,#3309,#3310),.UNSPECIFIED.,.F.,
 .F.,(3,3),(0.,1.),.PIECEWISE_BEZIER_KNOTS.);
#149=B_SPLINE_CURVE_WITH_KNOTS('',2,(#3321,#3322,#3323),.UNSPECIFIED.,.F.,
 .F.,(3,3),(0.,1.),.PIECEWISE_BEZIER_KNOTS.);
#150=B_SPLINE_CURVE_WITH_KNOTS('',2,(#3334,#3335,#3336),.UNSPECIFIED.,.F.,
 .F.,(3,3),(0.,1.),.PIECEWISE_BEZIER_KNOTS.);
#151=B_SPLINE_CURVE_WITH_KNOTS('',2,(#3367,#3368,#3369),.UNSPECIFIED.,.F.,
 .F.,(3,3),(0.,1.),.PIECEWISE_BEZIER_KNOTS.);
#152=B_SPLINE_CURVE_WITH_KNOTS('',2,(#3384,#3385,#3386),.UNSPECIFIED.,.F.,
 .F.,(3,3),(0.,1.),.PIECEWISE_BEZIER_KNOTS.);
#153=B_SPLINE_CURVE_WITH_KNOTS('',2,(#3399,#3400,#3401),.UNSPECIFIED.,.F.,
 .F.,(3,3),(0.,1.),.PIECEWISE_BEZIER_KNOTS.);
#154=ORIENTED_EDGE('',*,*,#708,.T.);
#155=ORIENTED_EDGE('',*,*,#709,.T.);
#156=ORIENTED_EDGE('',*,*,#710,.T.);
#157=ORIENTED_EDGE('',*,*,#711,.T.);
#158=ORIENTED_EDGE('',*,*,#712,.T.);
#159=ORIENTED_EDGE('',*,*,#713,.T.);
#160=ORIENTED_EDGE('',*,*,#714,.T.);
#161=ORIENTED_EDGE('',*,*,#715,.T.);
#162=ORIENTED_EDGE('',*,*,#716,.T.);
#163=ORIENTED_EDGE('',*,*,#717,.T.);
#164=ORIENTED_EDGE('',*,*,#718,.T.);
#165=ORIENTED_EDGE('',*,*,#719,.T.);
#166=ORIENTED_EDGE('',*,*,#720,.T.);
#167=ORIENTED_EDGE('',*,*,#721,.T.);
#168=ORIENTED_EDGE('',*,*,#722,.T.);
#169=ORIENTED_EDGE('',*,*,#723,.T.);
#170=ORIENTED_EDGE('',*,*,#724,.T.);
#171=ORIENTED_EDGE('',*,*,#725,.T.);
#172=ORIENTED_EDGE('',*,*,#726,.T.);
#173=ORIENTED_EDGE('',*,*,#727,.T.);
#174=ORIENTED_EDGE('',*,*,#728,.T.);
#175=ORIENTED_EDGE('',*,*,#729,.T.);
#176=ORIENTED_EDGE('',*,*,#730,.T.);
#177=ORIENTED_EDGE('',*,*,#731,.T.);
#178=ORIENTED_EDGE('',*,*,#732,.T.);
#179=ORIENTED_EDGE('',*,*,#733,.T.);
#180=ORIENTED_EDGE('',*,*,#734,.T.);
#181=ORIENTED_EDGE('',*,*,#735,.T.);
#182=ORIENTED_EDGE('',*,*,#736,.T.);
#183=ORIENTED_EDGE('',*,*,#737,.T.);
#184=ORIENTED_EDGE('',*,*,#738,.T.);
#185=ORIENTED_EDGE('',*,*,#739,.T.);
#186=ORIENTED_EDGE('',*,*,#740,.T.);
#187=ORIENTED_EDGE('',*,*,#741,.T.);
#188=ORIENTED_EDGE('',*,*,#742,.T.);
#189=ORIENTED_EDGE('',*,*,#743,.T.);
#190=ORIENTED_EDGE('',*,*,#744,.T.);
#191=ORIENTED_EDGE('',*,*,#745,.T.);
#192=ORIENTED_EDGE('',*,*,#746,.T.);
#193=ORIENTED_EDGE('',*,*,#747,.T.);
#194=ORIENTED_EDGE('',*,*,#748,.T.);
#195=ORIENTED_EDGE('',*,*,#749,.T.);
#196=ORIENTED_EDGE('',*,*,#750,.T.);
#197=ORIENTED_EDGE('',*,*,#751,.T.);
#198=ORIENTED_EDGE('',*,*,#752,.T.);
#199=ORIENTED_EDGE('',*,*,#753,.T.);
#200=ORIENTED_EDGE('',*,*,#754,.T.);
#201=ORIENTED_EDGE('',*,*,#755,.T.);
#202=ORIENTED_EDGE('',*,*,#756,.T.);
#203=ORIENTED_EDGE('',*,*,#757,.T.);
#204=ORIENTED_EDGE('',*,*,#758,.T.);
#205=ORIENTED_EDGE('',*,*,#759,.T.);
#206=ORIENTED_EDGE('',*,*,#760,.T.);
#207=ORIENTED_EDGE('',*,*,#761,.T.);
#208=ORIENTED_EDGE('',*,*,#762,.T.);
#209=ORIENTED_EDGE('',*,*,#763,.T.);
#210=ORIENTED_EDGE('',*,*,#764,.T.);
#211=ORIENTED_EDGE('',*,*,#765,.T.);
#212=ORIENTED_EDGE('',*,*,#766,.T.);
#213=ORIENTED_EDGE('',*,*,#767,.T.);
#214=ORIENTED_EDGE('',*,*,#768,.T.);
#215=ORIENTED_EDGE('',*,*,#769,.T.);
#216=ORIENTED_EDGE('',*,*,#770,.T.);
#217=ORIENTED_EDGE('',*,*,#771,.T.);
#218=ORIENTED_EDGE('',*,*,#772,.T.);
#219=ORIENTED_EDGE('',*,*,#773,.T.);
#220=ORIENTED_EDGE('',*,*,#774,.T.);
#221=ORIENTED_EDGE('',*,*,#775,.T.);
#222=ORIENTED_EDGE('',*,*,#776,.T.);
#223=ORIENTED_EDGE('',*,*,#777,.T.);
#224=ORIENTED_EDGE('',*,*,#778,.T.);
#225=ORIENTED_EDGE('',*,*,#779,.T.);
#226=ORIENTED_EDGE('',*,*,#780,.T.);
#227=ORIENTED_EDGE('',*,*,#781,.F.);
#228=ORIENTED_EDGE('',*,*,#782,.T.);
#229=ORIENTED_EDGE('',*,*,#783,.T.);
#230=ORIENTED_EDGE('',*,*,#784,.F.);
#231=ORIENTED_EDGE('',*,*,#785,.F.);
#232=ORIENTED_EDGE('',*,*,#786,.T.);
#233=ORIENTED_EDGE('',*,*,#787,.F.);
#234=ORIENTED_EDGE('',*,*,#788,.F.);
#235=ORIENTED_EDGE('',*,*,#789,.F.);
#236=ORIENTED_EDGE('',*,*,#790,.F.);
#237=ORIENTED_EDGE('',*,*,#791,.F.);
#238=ORIENTED_EDGE('',*,*,#792,.T.);
#239=ORIENTED_EDGE('',*,*,#793,.F.);
#240=ORIENTED_EDGE('',*,*,#794,.F.);
#241=ORIENTED_EDGE('',*,*,#781,.T.);
#242=ORIENTED_EDGE('',*,*,#795,.T.);
#243=ORIENTED_EDGE('',*,*,#796,.T.);
#244=ORIENTED_EDGE('',*,*,#797,.F.);
#245=ORIENTED_EDGE('',*,*,#782,.F.);
#246=ORIENTED_EDGE('',*,*,#794,.T.);
#247=ORIENTED_EDGE('',*,*,#798,.T.);
#248=ORIENTED_EDGE('',*,*,#799,.F.);
#249=ORIENTED_EDGE('',*,*,#783,.F.);
#250=ORIENTED_EDGE('',*,*,#797,.T.);
#251=ORIENTED_EDGE('',*,*,#800,.F.);
#252=ORIENTED_EDGE('',*,*,#795,.F.);
#253=ORIENTED_EDGE('',*,*,#784,.T.);
#254=ORIENTED_EDGE('',*,*,#799,.T.);
#255=ORIENTED_EDGE('',*,*,#793,.T.);
#256=ORIENTED_EDGE('',*,*,#800,.T.);
#257=ORIENTED_EDGE('',*,*,#798,.F.);
#258=ORIENTED_EDGE('',*,*,#796,.F.);
#259=ORIENTED_EDGE('',*,*,#801,.F.);
#260=ORIENTED_EDGE('',*,*,#802,.T.);
#261=ORIENTED_EDGE('',*,*,#803,.T.);
#262=ORIENTED_EDGE('',*,*,#786,.F.);
#263=ORIENTED_EDGE('',*,*,#804,.F.);
#264=ORIENTED_EDGE('',*,*,#805,.T.);
#265=ORIENTED_EDGE('',*,*,#801,.T.);
#266=ORIENTED_EDGE('',*,*,#785,.T.);
#267=ORIENTED_EDGE('',*,*,#806,.F.);
#268=ORIENTED_EDGE('',*,*,#807,.T.);
#269=ORIENTED_EDGE('',*,*,#804,.T.);
#270=ORIENTED_EDGE('',*,*,#792,.F.);
#271=ORIENTED_EDGE('',*,*,#808,.F.);
#272=ORIENTED_EDGE('',*,*,#809,.T.);
#273=ORIENTED_EDGE('',*,*,#806,.T.);
#274=ORIENTED_EDGE('',*,*,#791,.T.);
#275=ORIENTED_EDGE('',*,*,#810,.F.);
#276=ORIENTED_EDGE('',*,*,#811,.T.);
#277=ORIENTED_EDGE('',*,*,#808,.T.);
#278=ORIENTED_EDGE('',*,*,#790,.T.);
#279=ORIENTED_EDGE('',*,*,#812,.F.);
#280=ORIENTED_EDGE('',*,*,#813,.T.);
#281=ORIENTED_EDGE('',*,*,#810,.T.);
#282=ORIENTED_EDGE('',*,*,#789,.T.);
#283=ORIENTED_EDGE('',*,*,#814,.F.);
#284=ORIENTED_EDGE('',*,*,#815,.T.);
#285=ORIENTED_EDGE('',*,*,#812,.T.);
#286=ORIENTED_EDGE('',*,*,#788,.T.);
#287=ORIENTED_EDGE('',*,*,#803,.F.);
#288=ORIENTED_EDGE('',*,*,#816,.T.);
#289=ORIENTED_EDGE('',*,*,#814,.T.);
#290=ORIENTED_EDGE('',*,*,#787,.T.);
#291=ORIENTED_EDGE('',*,*,#817,.F.);
#292=ORIENTED_EDGE('',*,*,#805,.F.);
#293=ORIENTED_EDGE('',*,*,#818,.F.);
#294=ORIENTED_EDGE('',*,*,#721,.F.);
#295=ORIENTED_EDGE('',*,*,#818,.T.);
#296=ORIENTED_EDGE('',*,*,#807,.F.);
#297=ORIENTED_EDGE('',*,*,#819,.F.);
#298=ORIENTED_EDGE('',*,*,#722,.F.);
#299=ORIENTED_EDGE('',*,*,#817,.T.);
#300=ORIENTED_EDGE('',*,*,#720,.F.);
#301=ORIENTED_EDGE('',*,*,#820,.F.);
#302=ORIENTED_EDGE('',*,*,#802,.F.);
#303=ORIENTED_EDGE('',*,*,#819,.T.);
#304=ORIENTED_EDGE('',*,*,#809,.F.);
#305=ORIENTED_EDGE('',*,*,#821,.F.);
#306=ORIENTED_EDGE('',*,*,#723,.F.);
#307=ORIENTED_EDGE('',*,*,#820,.T.);
#308=ORIENTED_EDGE('',*,*,#719,.F.);
#309=ORIENTED_EDGE('',*,*,#822,.F.);
#310=ORIENTED_EDGE('',*,*,#816,.F.);
#311=ORIENTED_EDGE('',*,*,#821,.T.);
#312=ORIENTED_EDGE('',*,*,#811,.F.);
#313=ORIENTED_EDGE('',*,*,#823,.F.);
#314=ORIENTED_EDGE('',*,*,#716,.F.);
#315=ORIENTED_EDGE('',*,*,#822,.T.);
#316=ORIENTED_EDGE('',*,*,#718,.F.);
#317=ORIENTED_EDGE('',*,*,#824,.F.);
#318=ORIENTED_EDGE('',*,*,#815,.F.);
#319=ORIENTED_EDGE('',*,*,#823,.T.);
#320=ORIENTED_EDGE('',*,*,#813,.F.);
#321=ORIENTED_EDGE('',*,*,#824,.T.);
#322=ORIENTED_EDGE('',*,*,#717,.F.);
#323=ORIENTED_EDGE('',*,*,#725,.F.);
#324=ORIENTED_EDGE('',*,*,#825,.F.);
#325=ORIENTED_EDGE('',*,*,#826,.T.);
#326=ORIENTED_EDGE('',*,*,#827,.T.);
#327=ORIENTED_EDGE('',*,*,#724,.F.);
#328=ORIENTED_EDGE('',*,*,#828,.F.);
#329=ORIENTED_EDGE('',*,*,#829,.T.);
#330=ORIENTED_EDGE('',*,*,#825,.T.);
#331=ORIENTED_EDGE('',*,*,#731,.F.);
#332=ORIENTED_EDGE('',*,*,#830,.F.);
#333=ORIENTED_EDGE('',*,*,#831,.T.);
#334=ORIENTED_EDGE('',*,*,#828,.T.);
#335=ORIENTED_EDGE('',*,*,#730,.F.);
#336=ORIENTED_EDGE('',*,*,#832,.F.);
#337=ORIENTED_EDGE('',*,*,#833,.T.);
#338=ORIENTED_EDGE('',*,*,#830,.T.);
#339=ORIENTED_EDGE('',*,*,#729,.F.);
#340=ORIENTED_EDGE('',*,*,#834,.F.);
#341=ORIENTED_EDGE('',*,*,#835,.T.);
#342=ORIENTED_EDGE('',*,*,#832,.T.);
#343=ORIENTED_EDGE('',*,*,#728,.F.);
#344=ORIENTED_EDGE('',*,*,#836,.F.);
#345=ORIENTED_EDGE('',*,*,#837,.T.);
#346=ORIENTED_EDGE('',*,*,#834,.T.);
#347=ORIENTED_EDGE('',*,*,#727,.F.);
#348=ORIENTED_EDGE('',*,*,#838,.F.);
#349=ORIENTED_EDGE('',*,*,#839,.T.);
#350=ORIENTED_EDGE('',*,*,#836,.T.);
#351=ORIENTED_EDGE('',*,*,#726,.F.);
#352=ORIENTED_EDGE('',*,*,#827,.F.);
#353=ORIENTED_EDGE('',*,*,#840,.T.);
#354=ORIENTED_EDGE('',*,*,#838,.T.);
#355=ORIENTED_EDGE('',*,*,#826,.F.);
#356=ORIENTED_EDGE('',*,*,#829,.F.);
#357=ORIENTED_EDGE('',*,*,#831,.F.);
#358=ORIENTED_EDGE('',*,*,#833,.F.);
#359=ORIENTED_EDGE('',*,*,#835,.F.);
#360=ORIENTED_EDGE('',*,*,#837,.F.);
#361=ORIENTED_EDGE('',*,*,#839,.F.);
#362=ORIENTED_EDGE('',*,*,#840,.F.);
#363=ORIENTED_EDGE('',*,*,#733,.F.);
#364=ORIENTED_EDGE('',*,*,#841,.F.);
#365=ORIENTED_EDGE('',*,*,#842,.T.);
#366=ORIENTED_EDGE('',*,*,#843,.T.);
#367=ORIENTED_EDGE('',*,*,#732,.F.);
#368=ORIENTED_EDGE('',*,*,#844,.F.);
#369=ORIENTED_EDGE('',*,*,#845,.T.);
#370=ORIENTED_EDGE('',*,*,#841,.T.);
#371=ORIENTED_EDGE('',*,*,#739,.F.);
#372=ORIENTED_EDGE('',*,*,#846,.F.);
#373=ORIENTED_EDGE('',*,*,#847,.T.);
#374=ORIENTED_EDGE('',*,*,#844,.T.);
#375=ORIENTED_EDGE('',*,*,#738,.F.);
#376=ORIENTED_EDGE('',*,*,#848,.F.);
#377=ORIENTED_EDGE('',*,*,#849,.T.);
#378=ORIENTED_EDGE('',*,*,#846,.T.);
#379=ORIENTED_EDGE('',*,*,#737,.F.);
#380=ORIENTED_EDGE('',*,*,#850,.F.);
#381=ORIENTED_EDGE('',*,*,#851,.T.);
#382=ORIENTED_EDGE('',*,*,#848,.T.);
#383=ORIENTED_EDGE('',*,*,#736,.F.);
#384=ORIENTED_EDGE('',*,*,#852,.F.);
#385=ORIENTED_EDGE('',*,*,#853,.T.);
#386=ORIENTED_EDGE('',*,*,#850,.T.);
#387=ORIENTED_EDGE('',*,*,#735,.F.);
#388=ORIENTED_EDGE('',*,*,#854,.F.);
#389=ORIENTED_EDGE('',*,*,#855,.T.);
#390=ORIENTED_EDGE('',*,*,#852,.T.);
#391=ORIENTED_EDGE('',*,*,#734,.F.);
#392=ORIENTED_EDGE('',*,*,#843,.F.);
#393=ORIENTED_EDGE('',*,*,#856,.T.);
#394=ORIENTED_EDGE('',*,*,#854,.T.);
#395=ORIENTED_EDGE('',*,*,#842,.F.);
#396=ORIENTED_EDGE('',*,*,#845,.F.);
#397=ORIENTED_EDGE('',*,*,#847,.F.);
#398=ORIENTED_EDGE('',*,*,#849,.F.);
#399=ORIENTED_EDGE('',*,*,#851,.F.);
#400=ORIENTED_EDGE('',*,*,#853,.F.);
#401=ORIENTED_EDGE('',*,*,#855,.F.);
#402=ORIENTED_EDGE('',*,*,#856,.F.);
#403=ORIENTED_EDGE('',*,*,#857,.F.);
#404=ORIENTED_EDGE('',*,*,#858,.F.);
#405=ORIENTED_EDGE('',*,*,#859,.T.);
#406=ORIENTED_EDGE('',*,*,#860,.T.);
#407=ORIENTED_EDGE('',*,*,#861,.F.);
#408=ORIENTED_EDGE('',*,*,#862,.F.);
#409=ORIENTED_EDGE('',*,*,#863,.T.);
#410=ORIENTED_EDGE('',*,*,#858,.T.);
#411=ORIENTED_EDGE('',*,*,#709,.F.);
#412=ORIENTED_EDGE('',*,*,#864,.F.);
#413=ORIENTED_EDGE('',*,*,#865,.T.);
#414=ORIENTED_EDGE('',*,*,#866,.T.);
#415=ORIENTED_EDGE('',*,*,#708,.F.);
#416=ORIENTED_EDGE('',*,*,#867,.F.);
#417=ORIENTED_EDGE('',*,*,#868,.T.);
#418=ORIENTED_EDGE('',*,*,#864,.T.);
#419=ORIENTED_EDGE('',*,*,#715,.F.);
#420=ORIENTED_EDGE('',*,*,#869,.F.);
#421=ORIENTED_EDGE('',*,*,#870,.T.);
#422=ORIENTED_EDGE('',*,*,#867,.T.);
#423=ORIENTED_EDGE('',*,*,#714,.F.);
#424=ORIENTED_EDGE('',*,*,#871,.F.);
#425=ORIENTED_EDGE('',*,*,#872,.T.);
#426=ORIENTED_EDGE('',*,*,#869,.T.);
#427=ORIENTED_EDGE('',*,*,#713,.F.);
#428=ORIENTED_EDGE('',*,*,#873,.F.);
#429=ORIENTED_EDGE('',*,*,#874,.T.);
#430=ORIENTED_EDGE('',*,*,#871,.T.);
#431=ORIENTED_EDGE('',*,*,#712,.F.);
#432=ORIENTED_EDGE('',*,*,#875,.F.);
#433=ORIENTED_EDGE('',*,*,#876,.T.);
#434=ORIENTED_EDGE('',*,*,#873,.T.);
#435=ORIENTED_EDGE('',*,*,#711,.F.);
#436=ORIENTED_EDGE('',*,*,#877,.F.);
#437=ORIENTED_EDGE('',*,*,#878,.T.);
#438=ORIENTED_EDGE('',*,*,#875,.T.);
#439=ORIENTED_EDGE('',*,*,#710,.F.);
#440=ORIENTED_EDGE('',*,*,#866,.F.);
#441=ORIENTED_EDGE('',*,*,#879,.T.);
#442=ORIENTED_EDGE('',*,*,#877,.T.);
#443=ORIENTED_EDGE('',*,*,#880,.F.);
#444=ORIENTED_EDGE('',*,*,#860,.F.);
#445=ORIENTED_EDGE('',*,*,#881,.T.);
#446=ORIENTED_EDGE('',*,*,#862,.T.);
#447=ORIENTED_EDGE('',*,*,#865,.F.);
#448=ORIENTED_EDGE('',*,*,#868,.F.);
#449=ORIENTED_EDGE('',*,*,#870,.F.);
#450=ORIENTED_EDGE('',*,*,#872,.F.);
#451=ORIENTED_EDGE('',*,*,#874,.F.);
#452=ORIENTED_EDGE('',*,*,#876,.F.);
#453=ORIENTED_EDGE('',*,*,#878,.F.);
#454=ORIENTED_EDGE('',*,*,#879,.F.);
#455=ORIENTED_EDGE('',*,*,#859,.F.);
#456=ORIENTED_EDGE('',*,*,#863,.F.);
#457=ORIENTED_EDGE('',*,*,#881,.F.);
#458=ORIENTED_EDGE('',*,*,#882,.F.);
#459=ORIENTED_EDGE('',*,*,#883,.F.);
#460=ORIENTED_EDGE('',*,*,#884,.T.);
#461=ORIENTED_EDGE('',*,*,#885,.T.);
#462=ORIENTED_EDGE('',*,*,#886,.F.);
#463=ORIENTED_EDGE('',*,*,#887,.F.);
#464=ORIENTED_EDGE('',*,*,#888,.T.);
#465=ORIENTED_EDGE('',*,*,#883,.T.);
#466=ORIENTED_EDGE('',*,*,#889,.F.);
#467=ORIENTED_EDGE('',*,*,#890,.F.);
#468=ORIENTED_EDGE('',*,*,#891,.T.);
#469=ORIENTED_EDGE('',*,*,#887,.T.);
#470=ORIENTED_EDGE('',*,*,#892,.F.);
#471=ORIENTED_EDGE('',*,*,#893,.F.);
#472=ORIENTED_EDGE('',*,*,#894,.T.);
#473=ORIENTED_EDGE('',*,*,#890,.T.);
#474=ORIENTED_EDGE('',*,*,#895,.F.);
#475=ORIENTED_EDGE('',*,*,#896,.F.);
#476=ORIENTED_EDGE('',*,*,#897,.T.);
#477=ORIENTED_EDGE('',*,*,#893,.T.);
#478=ORIENTED_EDGE('',*,*,#898,.F.);
#479=ORIENTED_EDGE('',*,*,#899,.F.);
#480=ORIENTED_EDGE('',*,*,#900,.T.);
#481=ORIENTED_EDGE('',*,*,#896,.T.);
#482=ORIENTED_EDGE('',*,*,#741,.F.);
#483=ORIENTED_EDGE('',*,*,#901,.F.);
#484=ORIENTED_EDGE('',*,*,#902,.T.);
#485=ORIENTED_EDGE('',*,*,#903,.T.);
#486=ORIENTED_EDGE('',*,*,#740,.F.);
#487=ORIENTED_EDGE('',*,*,#904,.F.);
#488=ORIENTED_EDGE('',*,*,#905,.T.);
#489=ORIENTED_EDGE('',*,*,#901,.T.);
#490=ORIENTED_EDGE('',*,*,#752,.F.);
#491=ORIENTED_EDGE('',*,*,#906,.F.);
#492=ORIENTED_EDGE('',*,*,#907,.T.);
#493=ORIENTED_EDGE('',*,*,#904,.T.);
#494=ORIENTED_EDGE('',*,*,#751,.F.);
#495=ORIENTED_EDGE('',*,*,#908,.F.);
#496=ORIENTED_EDGE('',*,*,#909,.T.);
#497=ORIENTED_EDGE('',*,*,#906,.T.);
#498=ORIENTED_EDGE('',*,*,#750,.F.);
#499=ORIENTED_EDGE('',*,*,#910,.F.);
#500=ORIENTED_EDGE('',*,*,#911,.T.);
#501=ORIENTED_EDGE('',*,*,#908,.T.);
#502=ORIENTED_EDGE('',*,*,#749,.F.);
#503=ORIENTED_EDGE('',*,*,#912,.F.);
#504=ORIENTED_EDGE('',*,*,#913,.T.);
#505=ORIENTED_EDGE('',*,*,#910,.T.);
#506=ORIENTED_EDGE('',*,*,#748,.F.);
#507=ORIENTED_EDGE('',*,*,#914,.F.);
#508=ORIENTED_EDGE('',*,*,#915,.T.);
#509=ORIENTED_EDGE('',*,*,#912,.T.);
#510=ORIENTED_EDGE('',*,*,#747,.F.);
#511=ORIENTED_EDGE('',*,*,#916,.F.);
#512=ORIENTED_EDGE('',*,*,#917,.T.);
#513=ORIENTED_EDGE('',*,*,#914,.T.);
#514=ORIENTED_EDGE('',*,*,#746,.F.);
#515=ORIENTED_EDGE('',*,*,#918,.F.);
#516=ORIENTED_EDGE('',*,*,#919,.T.);
#517=ORIENTED_EDGE('',*,*,#916,.T.);
#518=ORIENTED_EDGE('',*,*,#745,.F.);
#519=ORIENTED_EDGE('',*,*,#920,.F.);
#520=ORIENTED_EDGE('',*,*,#921,.T.);
#521=ORIENTED_EDGE('',*,*,#918,.T.);
#522=ORIENTED_EDGE('',*,*,#744,.F.);
#523=ORIENTED_EDGE('',*,*,#922,.F.);
#524=ORIENTED_EDGE('',*,*,#923,.T.);
#525=ORIENTED_EDGE('',*,*,#920,.T.);
#526=ORIENTED_EDGE('',*,*,#743,.F.);
#527=ORIENTED_EDGE('',*,*,#924,.F.);
#528=ORIENTED_EDGE('',*,*,#925,.T.);
#529=ORIENTED_EDGE('',*,*,#922,.T.);
#530=ORIENTED_EDGE('',*,*,#742,.F.);
#531=ORIENTED_EDGE('',*,*,#903,.F.);
#532=ORIENTED_EDGE('',*,*,#926,.T.);
#533=ORIENTED_EDGE('',*,*,#924,.T.);
#534=ORIENTED_EDGE('',*,*,#927,.F.);
#535=ORIENTED_EDGE('',*,*,#885,.F.);
#536=ORIENTED_EDGE('',*,*,#928,.T.);
#537=ORIENTED_EDGE('',*,*,#899,.T.);
#538=ORIENTED_EDGE('',*,*,#902,.F.);
#539=ORIENTED_EDGE('',*,*,#905,.F.);
#540=ORIENTED_EDGE('',*,*,#907,.F.);
#541=ORIENTED_EDGE('',*,*,#909,.F.);
#542=ORIENTED_EDGE('',*,*,#911,.F.);
#543=ORIENTED_EDGE('',*,*,#913,.F.);
#544=ORIENTED_EDGE('',*,*,#915,.F.);
#545=ORIENTED_EDGE('',*,*,#917,.F.);
#546=ORIENTED_EDGE('',*,*,#919,.F.);
#547=ORIENTED_EDGE('',*,*,#921,.F.);
#548=ORIENTED_EDGE('',*,*,#923,.F.);
#549=ORIENTED_EDGE('',*,*,#925,.F.);
#550=ORIENTED_EDGE('',*,*,#926,.F.);
#551=ORIENTED_EDGE('',*,*,#884,.F.);
#552=ORIENTED_EDGE('',*,*,#888,.F.);
#553=ORIENTED_EDGE('',*,*,#891,.F.);
#554=ORIENTED_EDGE('',*,*,#894,.F.);
#555=ORIENTED_EDGE('',*,*,#897,.F.);
#556=ORIENTED_EDGE('',*,*,#900,.F.);
#557=ORIENTED_EDGE('',*,*,#928,.F.);
#558=ORIENTED_EDGE('',*,*,#754,.F.);
#559=ORIENTED_EDGE('',*,*,#929,.F.);
#560=ORIENTED_EDGE('',*,*,#930,.T.);
#561=ORIENTED_EDGE('',*,*,#931,.T.);
#562=ORIENTED_EDGE('',*,*,#753,.F.);
#563=ORIENTED_EDGE('',*,*,#932,.F.);
#564=ORIENTED_EDGE('',*,*,#933,.T.);
#565=ORIENTED_EDGE('',*,*,#929,.T.);
#566=ORIENTED_EDGE('',*,*,#780,.F.);
#567=ORIENTED_EDGE('',*,*,#934,.F.);
#568=ORIENTED_EDGE('',*,*,#935,.T.);
#569=ORIENTED_EDGE('',*,*,#932,.T.);
#570=ORIENTED_EDGE('',*,*,#779,.F.);
#571=ORIENTED_EDGE('',*,*,#936,.F.);
#572=ORIENTED_EDGE('',*,*,#937,.T.);
#573=ORIENTED_EDGE('',*,*,#934,.T.);
#574=ORIENTED_EDGE('',*,*,#778,.F.);
#575=ORIENTED_EDGE('',*,*,#938,.F.);
#576=ORIENTED_EDGE('',*,*,#939,.T.);
#577=ORIENTED_EDGE('',*,*,#936,.T.);
#578=ORIENTED_EDGE('',*,*,#777,.F.);
#579=ORIENTED_EDGE('',*,*,#940,.F.);
#580=ORIENTED_EDGE('',*,*,#941,.T.);
#581=ORIENTED_EDGE('',*,*,#938,.T.);
#582=ORIENTED_EDGE('',*,*,#776,.F.);
#583=ORIENTED_EDGE('',*,*,#942,.F.);
#584=ORIENTED_EDGE('',*,*,#943,.T.);
#585=ORIENTED_EDGE('',*,*,#940,.T.);
#586=ORIENTED_EDGE('',*,*,#775,.F.);
#587=ORIENTED_EDGE('',*,*,#944,.F.);
#588=ORIENTED_EDGE('',*,*,#945,.T.);
#589=ORIENTED_EDGE('',*,*,#942,.T.);
#590=ORIENTED_EDGE('',*,*,#774,.F.);
#591=ORIENTED_EDGE('',*,*,#946,.F.);
#592=ORIENTED_EDGE('',*,*,#947,.T.);
#593=ORIENTED_EDGE('',*,*,#944,.T.);
#594=ORIENTED_EDGE('',*,*,#773,.F.);
#595=ORIENTED_EDGE('',*,*,#948,.F.);
#596=ORIENTED_EDGE('',*,*,#949,.T.);
#597=ORIENTED_EDGE('',*,*,#946,.T.);
#598=ORIENTED_EDGE('',*,*,#772,.F.);
#599=ORIENTED_EDGE('',*,*,#950,.F.);
#600=ORIENTED_EDGE('',*,*,#951,.T.);
#601=ORIENTED_EDGE('',*,*,#948,.T.);
#602=ORIENTED_EDGE('',*,*,#771,.F.);
#603=ORIENTED_EDGE('',*,*,#952,.F.);
#604=ORIENTED_EDGE('',*,*,#953,.T.);
#605=ORIENTED_EDGE('',*,*,#950,.T.);
#606=ORIENTED_EDGE('',*,*,#770,.F.);
#607=ORIENTED_EDGE('',*,*,#954,.F.);
#608=ORIENTED_EDGE('',*,*,#955,.T.);
#609=ORIENTED_EDGE('',*,*,#952,.T.);
#610=ORIENTED_EDGE('',*,*,#769,.F.);
#611=ORIENTED_EDGE('',*,*,#956,.F.);
#612=ORIENTED_EDGE('',*,*,#957,.T.);
#613=ORIENTED_EDGE('',*,*,#954,.T.);
#614=ORIENTED_EDGE('',*,*,#768,.F.);
#615=ORIENTED_EDGE('',*,*,#958,.F.);
#616=ORIENTED_EDGE('',*,*,#959,.T.);
#617=ORIENTED_EDGE('',*,*,#956,.T.);
#618=ORIENTED_EDGE('',*,*,#767,.F.);
#619=ORIENTED_EDGE('',*,*,#960,.F.);
#620=ORIENTED_EDGE('',*,*,#961,.T.);
#621=ORIENTED_EDGE('',*,*,#958,.T.);
#622=ORIENTED_EDGE('',*,*,#766,.F.);
#623=ORIENTED_EDGE('',*,*,#962,.F.);
#624=ORIENTED_EDGE('',*,*,#963,.T.);
#625=ORIENTED_EDGE('',*,*,#960,.T.);
#626=ORIENTED_EDGE('',*,*,#765,.F.);
#627=ORIENTED_EDGE('',*,*,#964,.F.);
#628=ORIENTED_EDGE('',*,*,#965,.T.);
#629=ORIENTED_EDGE('',*,*,#962,.T.);
#630=ORIENTED_EDGE('',*,*,#764,.F.);
#631=ORIENTED_EDGE('',*,*,#966,.F.);
#632=ORIENTED_EDGE('',*,*,#967,.T.);
#633=ORIENTED_EDGE('',*,*,#964,.T.);
#634=ORIENTED_EDGE('',*,*,#763,.F.);
#635=ORIENTED_EDGE('',*,*,#968,.F.);
#636=ORIENTED_EDGE('',*,*,#969,.T.);
#637=ORIENTED_EDGE('',*,*,#966,.T.);
#638=ORIENTED_EDGE('',*,*,#762,.F.);
#639=ORIENTED_EDGE('',*,*,#970,.F.);
#640=ORIENTED_EDGE('',*,*,#971,.T.);
#641=ORIENTED_EDGE('',*,*,#968,.T.);
#642=ORIENTED_EDGE('',*,*,#761,.F.);
#643=ORIENTED_EDGE('',*,*,#972,.F.);
#644=ORIENTED_EDGE('',*,*,#973,.T.);
#645=ORIENTED_EDGE('',*,*,#970,.T.);
#646=ORIENTED_EDGE('',*,*,#760,.F.);
#647=ORIENTED_EDGE('',*,*,#974,.F.);
#648=ORIENTED_EDGE('',*,*,#975,.T.);
#649=ORIENTED_EDGE('',*,*,#972,.T.);
#650=ORIENTED_EDGE('',*,*,#759,.F.);
#651=ORIENTED_EDGE('',*,*,#976,.F.);
#652=ORIENTED_EDGE('',*,*,#977,.T.);
#653=ORIENTED_EDGE('',*,*,#974,.T.);
#654=ORIENTED_EDGE('',*,*,#758,.F.);
#655=ORIENTED_EDGE('',*,*,#978,.F.);
#656=ORIENTED_EDGE('',*,*,#979,.T.);
#657=ORIENTED_EDGE('',*,*,#976,.T.);
#658=ORIENTED_EDGE('',*,*,#757,.F.);
#659=ORIENTED_EDGE('',*,*,#980,.F.);
#660=ORIENTED_EDGE('',*,*,#981,.T.);
#661=ORIENTED_EDGE('',*,*,#978,.T.);
#662=ORIENTED_EDGE('',*,*,#756,.F.);
#663=ORIENTED_EDGE('',*,*,#982,.F.);
#664=ORIENTED_EDGE('',*,*,#983,.T.);
#665=ORIENTED_EDGE('',*,*,#980,.T.);
#666=ORIENTED_EDGE('',*,*,#755,.F.);
#667=ORIENTED_EDGE('',*,*,#931,.F.);
#668=ORIENTED_EDGE('',*,*,#984,.T.);
#669=ORIENTED_EDGE('',*,*,#982,.T.);
#670=ORIENTED_EDGE('',*,*,#930,.F.);
#671=ORIENTED_EDGE('',*,*,#933,.F.);
#672=ORIENTED_EDGE('',*,*,#935,.F.);
#673=ORIENTED_EDGE('',*,*,#937,.F.);
#674=ORIENTED_EDGE('',*,*,#939,.F.);
#675=ORIENTED_EDGE('',*,*,#941,.F.);
#676=ORIENTED_EDGE('',*,*,#943,.F.);
#677=ORIENTED_EDGE('',*,*,#945,.F.);
#678=ORIENTED_EDGE('',*,*,#947,.F.);
#679=ORIENTED_EDGE('',*,*,#949,.F.);
#680=ORIENTED_EDGE('',*,*,#951,.F.);
#681=ORIENTED_EDGE('',*,*,#953,.F.);
#682=ORIENTED_EDGE('',*,*,#955,.F.);
#683=ORIENTED_EDGE('',*,*,#957,.F.);
#684=ORIENTED_EDGE('',*,*,#959,.F.);
#685=ORIENTED_EDGE('',*,*,#961,.F.);
#686=ORIENTED_EDGE('',*,*,#963,.F.);
#687=ORIENTED_EDGE('',*,*,#965,.F.);
#688=ORIENTED_EDGE('',*,*,#967,.F.);
#689=ORIENTED_EDGE('',*,*,#969,.F.);
#690=ORIENTED_EDGE('',*,*,#971,.F.);
#691=ORIENTED_EDGE('',*,*,#973,.F.);
#692=ORIENTED_EDGE('',*,*,#975,.F.);
#693=ORIENTED_EDGE('',*,*,#977,.F.);
#694=ORIENTED_EDGE('',*,*,#979,.F.);
#695=ORIENTED_EDGE('',*,*,#981,.F.);
#696=ORIENTED_EDGE('',*,*,#983,.F.);
#697=ORIENTED_EDGE('',*,*,#984,.F.);
#698=ORIENTED_EDGE('',*,*,#861,.T.);
#699=ORIENTED_EDGE('',*,*,#857,.T.);
#700=ORIENTED_EDGE('',*,*,#880,.T.);
#701=ORIENTED_EDGE('',*,*,#886,.T.);
#702=ORIENTED_EDGE('',*,*,#882,.T.);
#703=ORIENTED_EDGE('',*,*,#927,.T.);
#704=ORIENTED_EDGE('',*,*,#898,.T.);
#705=ORIENTED_EDGE('',*,*,#895,.T.);
#706=ORIENTED_EDGE('',*,*,#892,.T.);
#707=ORIENTED_EDGE('',*,*,#889,.T.);
#708=EDGE_CURVE('',#985,#986,#1167,.T.);
#709=EDGE_CURVE('',#986,#987,#1168,.T.);
#710=EDGE_CURVE('',#987,#988,#1169,.T.);
#711=EDGE_CURVE('',#988,#989,#1170,.T.);
#712=EDGE_CURVE('',#989,#990,#1171,.T.);
#713=EDGE_CURVE('',#990,#991,#1172,.T.);
#714=EDGE_CURVE('',#991,#992,#1173,.T.);
#715=EDGE_CURVE('',#992,#985,#1174,.T.);
#716=EDGE_CURVE('',#993,#994,#88,.T.);
#717=EDGE_CURVE('',#994,#995,#89,.T.);
#718=EDGE_CURVE('',#995,#996,#90,.T.);
#719=EDGE_CURVE('',#996,#997,#91,.T.);
#720=EDGE_CURVE('',#997,#998,#92,.T.);
#721=EDGE_CURVE('',#998,#999,#93,.T.);
#722=EDGE_CURVE('',#999,#1000,#94,.T.);
#723=EDGE_CURVE('',#1000,#993,#95,.T.);
#724=EDGE_CURVE('',#1001,#1002,#1175,.T.);
#725=EDGE_CURVE('',#1002,#1003,#1176,.T.);
#726=EDGE_CURVE('',#1003,#1004,#1177,.T.);
#727=EDGE_CURVE('',#1004,#1005,#1178,.T.);
#728=EDGE_CURVE('',#1005,#1006,#1179,.T.);
#729=EDGE_CURVE('',#1006,#1007,#1180,.T.);
#730=EDGE_CURVE('',#1007,#1008,#1181,.T.);
#731=EDGE_CURVE('',#1008,#1001,#1182,.T.);
#732=EDGE_CURVE('',#1009,#1010,#1183,.T.);
#733=EDGE_CURVE('',#1010,#1011,#1184,.T.);
#734=EDGE_CURVE('',#1011,#1012,#1185,.T.);
#735=EDGE_CURVE('',#1012,#1013,#1186,.T.);
#736=EDGE_CURVE('',#1013,#1014,#1187,.T.);
#737=EDGE_CURVE('',#1014,#1015,#1188,.T.);
#738=EDGE_CURVE('',#1015,#1016,#1189,.T.);
#739=EDGE_CURVE('',#1016,#1009,#1190,.T.);
#740=EDGE_CURVE('',#1017,#1018,#1191,.T.);
#741=EDGE_CURVE('',#1018,#1019,#1192,.T.);
#742=EDGE_CURVE('',#1019,#1020,#1193,.T.);
#743=EDGE_CURVE('',#1020,#1021,#1194,.T.);
#744=EDGE_CURVE('',#1021,#1022,#1195,.T.);
#745=EDGE_CURVE('',#1022,#1023,#1196,.T.);
#746=EDGE_CURVE('',#1023,#1024,#96,.T.);
#747=EDGE_CURVE('',#1024,#1025,#97,.T.);
#748=EDGE_CURVE('',#1025,#1026,#98,.T.);
#749=EDGE_CURVE('',#1026,#1027,#99,.T.);
#750=EDGE_CURVE('',#1027,#1028,#1197,.T.);
#751=EDGE_CURVE('',#1028,#1029,#1198,.T.);
#752=EDGE_CURVE('',#1029,#1017,#1199,.T.);
#753=EDGE_CURVE('',#1030,#1031,#58,.T.);
#754=EDGE_CURVE('',#1031,#1032,#59,.T.);
#755=EDGE_CURVE('',#1032,#1033,#100,.T.);
#756=EDGE_CURVE('',#1033,#1034,#60,.F.);
#757=EDGE_CURVE('',#1034,#1035,#101,.T.);
#758=EDGE_CURVE('',#1035,#1036,#61,.F.);
#759=EDGE_CURVE('',#1036,#1037,#102,.T.);
#760=EDGE_CURVE('',#1037,#1038,#62,.F.);
#761=EDGE_CURVE('',#1038,#1039,#63,.F.);
#762=EDGE_CURVE('',#1039,#1040,#64,.F.);
#763=EDGE_CURVE('',#1040,#1041,#65,.F.);
#764=EDGE_CURVE('',#1041,#1042,#1200,.T.);
#765=EDGE_CURVE('',#1042,#1043,#103,.T.);
#766=EDGE_CURVE('',#1043,#1044,#104,.T.);
#767=EDGE_CURVE('',#1044,#1045,#105,.T.);
#768=EDGE_CURVE('',#1045,#1046,#66,.T.);
#769=EDGE_CURVE('',#1046,#1047,#106,.T.);
#770=EDGE_CURVE('',#1047,#1048,#107,.T.);
#771=EDGE_CURVE('',#1048,#1049,#108,.T.);
#772=EDGE_CURVE('',#1049,#1050,#67,.F.);
#773=EDGE_CURVE('',#1050,#1051,#109,.T.);
#774=EDGE_CURVE('',#1051,#1052,#110,.T.);
#775=EDGE_CURVE('',#1052,#1053,#68,.F.);
#776=EDGE_CURVE('',#1053,#1054,#69,.F.);
#777=EDGE_CURVE('',#1054,#1055,#70,.F.);
#778=EDGE_CURVE('',#1055,#1056,#1201,.T.);
#779=EDGE_CURVE('',#1056,#1057,#111,.T.);
#780=EDGE_CURVE('',#1057,#1030,#112,.T.);
#781=EDGE_CURVE('',#1058,#1059,#1202,.T.);
#782=EDGE_CURVE('',#1058,#1060,#1203,.T.);
#783=EDGE_CURVE('',#1060,#1061,#1204,.T.);
#784=EDGE_CURVE('',#1059,#1061,#1205,.T.);
#785=EDGE_CURVE('',#1062,#1063,#71,.T.);
#786=EDGE_CURVE('',#1062,#1064,#1206,.T.);
#787=EDGE_CURVE('',#1065,#1064,#72,.T.);
#788=EDGE_CURVE('',#1066,#1065,#1207,.T.);
#789=EDGE_CURVE('',#1067,#1066,#73,.T.);
#790=EDGE_CURVE('',#1068,#1067,#1208,.T.);
#791=EDGE_CURVE('',#1069,#1068,#74,.T.);
#792=EDGE_CURVE('',#1069,#1063,#1209,.T.);
#793=EDGE_CURVE('',#1070,#1071,#1210,.T.);
#794=EDGE_CURVE('',#1058,#1070,#1211,.T.);
#795=EDGE_CURVE('',#1059,#1071,#1212,.T.);
#796=EDGE_CURVE('',#1070,#1072,#1213,.T.);
#797=EDGE_CURVE('',#1060,#1072,#1214,.T.);
#798=EDGE_CURVE('',#1072,#1073,#1215,.T.);
#799=EDGE_CURVE('',#1061,#1073,#1216,.T.);
#800=EDGE_CURVE('',#1071,#1073,#1217,.T.);
#801=EDGE_CURVE('',#1074,#1062,#1218,.T.);
#802=EDGE_CURVE('',#1074,#1075,#113,.T.);
#803=EDGE_CURVE('',#1075,#1064,#1219,.T.);
#804=EDGE_CURVE('',#1076,#1063,#1220,.T.);
#805=EDGE_CURVE('',#1076,#1074,#114,.T.);
#806=EDGE_CURVE('',#1077,#1069,#1221,.T.);
#807=EDGE_CURVE('',#1077,#1076,#115,.T.);
#808=EDGE_CURVE('',#1078,#1068,#1222,.T.);
#809=EDGE_CURVE('',#1078,#1077,#116,.T.);
#810=EDGE_CURVE('',#1079,#1067,#1223,.T.);
#811=EDGE_CURVE('',#1079,#1078,#117,.T.);
#812=EDGE_CURVE('',#1080,#1066,#1224,.T.);
#813=EDGE_CURVE('',#1080,#1079,#118,.T.);
#814=EDGE_CURVE('',#1081,#1065,#1225,.T.);
#815=EDGE_CURVE('',#1081,#1080,#119,.T.);
#816=EDGE_CURVE('',#1075,#1081,#120,.T.);
#817=EDGE_CURVE('',#1074,#998,#121,.T.);
#818=EDGE_CURVE('',#999,#1076,#122,.T.);
#819=EDGE_CURVE('',#1000,#1077,#123,.F.);
#820=EDGE_CURVE('',#1075,#997,#124,.F.);
#821=EDGE_CURVE('',#993,#1078,#125,.T.);
#822=EDGE_CURVE('',#1081,#996,#126,.T.);
#823=EDGE_CURVE('',#994,#1079,#127,.F.);
#824=EDGE_CURVE('',#1080,#995,#128,.F.);
#825=EDGE_CURVE('',#1082,#1002,#1226,.T.);
#826=EDGE_CURVE('',#1082,#1083,#1227,.T.);
#827=EDGE_CURVE('',#1083,#1003,#1228,.T.);
#828=EDGE_CURVE('',#1084,#1001,#1229,.T.);
#829=EDGE_CURVE('',#1084,#1082,#1230,.T.);
#830=EDGE_CURVE('',#1085,#1008,#1231,.T.);
#831=EDGE_CURVE('',#1085,#1084,#1232,.T.);
#832=EDGE_CURVE('',#1086,#1007,#1233,.T.);
#833=EDGE_CURVE('',#1086,#1085,#1234,.T.);
#834=EDGE_CURVE('',#1087,#1006,#1235,.T.);
#835=EDGE_CURVE('',#1087,#1086,#1236,.T.);
#836=EDGE_CURVE('',#1088,#1005,#1237,.T.);
#837=EDGE_CURVE('',#1088,#1087,#1238,.T.);
#838=EDGE_CURVE('',#1089,#1004,#1239,.T.);
#839=EDGE_CURVE('',#1089,#1088,#1240,.T.);
#840=EDGE_CURVE('',#1083,#1089,#1241,.T.);
#841=EDGE_CURVE('',#1090,#1010,#1242,.T.);
#842=EDGE_CURVE('',#1090,#1091,#1243,.T.);
#843=EDGE_CURVE('',#1091,#1011,#1244,.T.);
#844=EDGE_CURVE('',#1092,#1009,#1245,.T.);
#845=EDGE_CURVE('',#1092,#1090,#1246,.T.);
#846=EDGE_CURVE('',#1093,#1016,#1247,.T.);
#847=EDGE_CURVE('',#1093,#1092,#1248,.T.);
#848=EDGE_CURVE('',#1094,#1015,#1249,.T.);
#849=EDGE_CURVE('',#1094,#1093,#1250,.T.);
#850=EDGE_CURVE('',#1095,#1014,#1251,.T.);
#851=EDGE_CURVE('',#1095,#1094,#1252,.T.);
#852=EDGE_CURVE('',#1096,#1013,#1253,.T.);
#853=EDGE_CURVE('',#1096,#1095,#1254,.T.);
#854=EDGE_CURVE('',#1097,#1012,#1255,.T.);
#855=EDGE_CURVE('',#1097,#1096,#1256,.T.);
#856=EDGE_CURVE('',#1091,#1097,#1257,.T.);
#857=EDGE_CURVE('',#1098,#1099,#1258,.T.);
#858=EDGE_CURVE('',#1100,#1098,#1259,.T.);
#859=EDGE_CURVE('',#1100,#1101,#1260,.T.);
#860=EDGE_CURVE('',#1101,#1099,#1261,.T.);
#861=EDGE_CURVE('',#1102,#1098,#1262,.T.);
#862=EDGE_CURVE('',#1103,#1102,#1263,.T.);
#863=EDGE_CURVE('',#1103,#1100,#1264,.T.);
#864=EDGE_CURVE('',#1104,#986,#1265,.T.);
#865=EDGE_CURVE('',#1104,#1105,#1266,.T.);
#866=EDGE_CURVE('',#1105,#987,#1267,.T.);
#867=EDGE_CURVE('',#1106,#985,#1268,.T.);
#868=EDGE_CURVE('',#1106,#1104,#1269,.T.);
#869=EDGE_CURVE('',#1107,#992,#1270,.T.);
#870=EDGE_CURVE('',#1107,#1106,#1271,.T.);
#871=EDGE_CURVE('',#1108,#991,#1272,.T.);
#872=EDGE_CURVE('',#1108,#1107,#1273,.T.);
#873=EDGE_CURVE('',#1109,#990,#1274,.T.);
#874=EDGE_CURVE('',#1109,#1108,#1275,.T.);
#875=EDGE_CURVE('',#1110,#989,#1276,.T.);
#876=EDGE_CURVE('',#1110,#1109,#1277,.T.);
#877=EDGE_CURVE('',#1111,#988,#1278,.T.);
#878=EDGE_CURVE('',#1111,#1110,#1279,.T.);
#879=EDGE_CURVE('',#1105,#1111,#1280,.T.);
#880=EDGE_CURVE('',#1099,#1102,#1281,.T.);
#881=EDGE_CURVE('',#1101,#1103,#1282,.T.);
#882=EDGE_CURVE('',#1112,#1113,#1283,.T.);
#883=EDGE_CURVE('',#1114,#1112,#1284,.T.);
#884=EDGE_CURVE('',#1114,#1115,#1285,.T.);
#885=EDGE_CURVE('',#1115,#1113,#1286,.T.);
#886=EDGE_CURVE('',#1116,#1112,#1287,.T.);
#887=EDGE_CURVE('',#1117,#1116,#1288,.T.);
#888=EDGE_CURVE('',#1117,#1114,#1289,.T.);
#889=EDGE_CURVE('',#1118,#1116,#1290,.T.);
#890=EDGE_CURVE('',#1119,#1118,#1291,.T.);
#891=EDGE_CURVE('',#1119,#1117,#1292,.T.);
#892=EDGE_CURVE('',#1120,#1118,#129,.T.);
#893=EDGE_CURVE('',#1121,#1120,#1293,.T.);
#894=EDGE_CURVE('',#1121,#1119,#130,.T.);
#895=EDGE_CURVE('',#1122,#1120,#131,.T.);
#896=EDGE_CURVE('',#1123,#1122,#1294,.T.);
#897=EDGE_CURVE('',#1123,#1121,#132,.T.);
#898=EDGE_CURVE('',#1124,#1122,#133,.T.);
#899=EDGE_CURVE('',#1125,#1124,#1295,.T.);
#900=EDGE_CURVE('',#1125,#1123,#134,.T.);
#901=EDGE_CURVE('',#1126,#1018,#1296,.T.);
#902=EDGE_CURVE('',#1126,#1127,#1297,.T.);
#903=EDGE_CURVE('',#1127,#1019,#1298,.T.);
#904=EDGE_CURVE('',#1128,#1017,#1299,.T.);
#905=EDGE_CURVE('',#1128,#1126,#1300,.T.);
#906=EDGE_CURVE('',#1129,#1029,#1301,.T.);
#907=EDGE_CURVE('',#1129,#1128,#1302,.T.);
#908=EDGE_CURVE('',#1130,#1028,#1303,.T.);
#909=EDGE_CURVE('',#1130,#1129,#1304,.T.);
#910=EDGE_CURVE('',#1131,#1027,#1305,.T.);
#911=EDGE_CURVE('',#1131,#1130,#1306,.T.);
#912=EDGE_CURVE('',#1132,#1026,#1307,.T.);
#913=EDGE_CURVE('',#1132,#1131,#135,.T.);
#914=EDGE_CURVE('',#1133,#1025,#1308,.T.);
#915=EDGE_CURVE('',#1133,#1132,#136,.T.);
#916=EDGE_CURVE('',#1134,#1024,#1309,.T.);
#917=EDGE_CURVE('',#1134,#1133,#137,.T.);
#918=EDGE_CURVE('',#1135,#1023,#1310,.T.);
#919=EDGE_CURVE('',#1135,#1134,#138,.T.);
#920=EDGE_CURVE('',#1136,#1022,#1311,.T.);
#921=EDGE_CURVE('',#1136,#1135,#1312,.T.);
#922=EDGE_CURVE('',#1137,#1021,#1313,.T.);
#923=EDGE_CURVE('',#1137,#1136,#1314,.T.);
#924=EDGE_CURVE('',#1138,#1020,#1315,.T.);
#925=EDGE_CURVE('',#1138,#1137,#1316,.T.);
#926=EDGE_CURVE('',#1127,#1138,#1317,.T.);
#927=EDGE_CURVE('',#1113,#1124,#139,.T.);
#928=EDGE_CURVE('',#1115,#1125,#140,.T.);
#929=EDGE_CURVE('',#1139,#1031,#1318,.T.);
#930=EDGE_CURVE('',#1139,#1140,#75,.T.);
#931=EDGE_CURVE('',#1140,#1032,#1319,.T.);
#932=EDGE_CURVE('',#1141,#1030,#1320,.T.);
#933=EDGE_CURVE('',#1141,#1139,#76,.T.);
#934=EDGE_CURVE('',#1142,#1057,#1321,.T.);
#935=EDGE_CURVE('',#1142,#1141,#141,.T.);
#936=EDGE_CURVE('',#1143,#1056,#1322,.T.);
#937=EDGE_CURVE('',#1143,#1142,#142,.T.);
#938=EDGE_CURVE('',#1144,#1055,#1323,.T.);
#939=EDGE_CURVE('',#1144,#1143,#1324,.T.);
#940=EDGE_CURVE('',#1145,#1054,#1325,.T.);
#941=EDGE_CURVE('',#1145,#1144,#77,.F.);
#942=EDGE_CURVE('',#1146,#1053,#1326,.T.);
#943=EDGE_CURVE('',#1146,#1145,#78,.F.);
#944=EDGE_CURVE('',#1147,#1052,#1327,.T.);
#945=EDGE_CURVE('',#1147,#1146,#79,.F.);
#946=EDGE_CURVE('',#1148,#1051,#1328,.T.);
#947=EDGE_CURVE('',#1148,#1147,#143,.T.);
#948=EDGE_CURVE('',#1149,#1050,#1329,.T.);
#949=EDGE_CURVE('',#1149,#1148,#144,.T.);
#950=EDGE_CURVE('',#1150,#1049,#1330,.T.);
#951=EDGE_CURVE('',#1150,#1149,#80,.F.);
#952=EDGE_CURVE('',#1151,#1048,#1331,.T.);
#953=EDGE_CURVE('',#1151,#1150,#145,.T.);
#954=EDGE_CURVE('',#1152,#1047,#1332,.T.);
#955=EDGE_CURVE('',#1152,#1151,#146,.T.);
#956=EDGE_CURVE('',#1153,#1046,#1333,.T.);
#957=EDGE_CURVE('',#1153,#1152,#147,.T.);
#958=EDGE_CURVE('',#1154,#1045,#1334,.T.);
#959=EDGE_CURVE('',#1154,#1153,#81,.T.);
#960=EDGE_CURVE('',#1155,#1044,#1335,.T.);
#961=EDGE_CURVE('',#1155,#1154,#148,.T.);
#962=EDGE_CURVE('',#1156,#1043,#1336,.T.);
#963=EDGE_CURVE('',#1156,#1155,#149,.T.);
#964=EDGE_CURVE('',#1157,#1042,#1337,.T.);
#965=EDGE_CURVE('',#1157,#1156,#150,.T.);
#966=EDGE_CURVE('',#1158,#1041,#1338,.T.);
#967=EDGE_CURVE('',#1158,#1157,#1339,.T.);
#968=EDGE_CURVE('',#1159,#1040,#1340,.T.);
#969=EDGE_CURVE('',#1159,#1158,#82,.F.);
#970=EDGE_CURVE('',#1160,#1039,#1341,.T.);
#971=EDGE_CURVE('',#1160,#1159,#83,.F.);
#972=EDGE_CURVE('',#1161,#1038,#1342,.T.);
#973=EDGE_CURVE('',#1161,#1160,#84,.F.);
#974=EDGE_CURVE('',#1162,#1037,#1343,.T.);
#975=EDGE_CURVE('',#1162,#1161,#85,.F.);
#976=EDGE_CURVE('',#1163,#1036,#1344,.T.);
#977=EDGE_CURVE('',#1163,#1162,#151,.T.);
#978=EDGE_CURVE('',#1164,#1035,#1345,.T.);
#979=EDGE_CURVE('',#1164,#1163,#86,.F.);
#980=EDGE_CURVE('',#1165,#1034,#1346,.T.);
#981=EDGE_CURVE('',#1165,#1164,#152,.T.);
#982=EDGE_CURVE('',#1166,#1033,#1347,.T.);
#983=EDGE_CURVE('',#1166,#1165,#87,.F.);
#984=EDGE_CURVE('',#1140,#1166,#153,.T.);
#985=VERTEX_POINT('',#2436);
#986=VERTEX_POINT('',#2437);
#987=VERTEX_POINT('',#2439);
#988=VERTEX_POINT('',#2441);
#989=VERTEX_POINT('',#2443);
#990=VERTEX_POINT('',#2445);
#991=VERTEX_POINT('',#2447);
#992=VERTEX_POINT('',#2449);
#993=VERTEX_POINT('',#2455);
#994=VERTEX_POINT('',#2456);
#995=VERTEX_POINT('',#2462);
#996=VERTEX_POINT('',#2467);
#997=VERTEX_POINT('',#2473);
#998=VERTEX_POINT('',#2478);
#999=VERTEX_POINT('',#2484);
#1000=VERTEX_POINT('',#2489);
#1001=VERTEX_POINT('',#2496);
#1002=VERTEX_POINT('',#2497);
#1003=VERTEX_POINT('',#2499);
#1004=VERTEX_POINT('',#2501);
#1005=VERTEX_POINT('',#2503);
#1006=VERTEX_POINT('',#2505);
#1007=VERTEX_POINT('',#2507);
#1008=VERTEX_POINT('',#2509);
#1009=VERTEX_POINT('',#2512);
#1010=VERTEX_POINT('',#2513);
#1011=VERTEX_POINT('',#2515);
#1012=VERTEX_POINT('',#2517);
#1013=VERTEX_POINT('',#2519);
#1014=VERTEX_POINT('',#2521);
#1015=VERTEX_POINT('',#2523);
#1016=VERTEX_POINT('',#2525);
#1017=VERTEX_POINT('',#2528);
#1018=VERTEX_POINT('',#2529);
#1019=VERTEX_POINT('',#2531);
#1020=VERTEX_POINT('',#2533);
#1021=VERTEX_POINT('',#2535);
#1022=VERTEX_POINT('',#2537);
#1023=VERTEX_POINT('',#2539);
#1024=VERTEX_POINT('',#2543);
#1025=VERTEX_POINT('',#2547);
#1026=VERTEX_POINT('',#2551);
#1027=VERTEX_POINT('',#2555);
#1028=VERTEX_POINT('',#2557);
#1029=VERTEX_POINT('',#2559);
#1030=VERTEX_POINT('',#2562);
#1031=VERTEX_POINT('',#2563);
#1032=VERTEX_POINT('',#2565);
#1033=VERTEX_POINT('',#2569);
#1034=VERTEX_POINT('',#2571);
#1035=VERTEX_POINT('',#2575);
#1036=VERTEX_POINT('',#2577);
#1037=VERTEX_POINT('',#2581);
#1038=VERTEX_POINT('',#2583);
#1039=VERTEX_POINT('',#2585);
#1040=VERTEX_POINT('',#2587);
#1041=VERTEX_POINT('',#2589);
#1042=VERTEX_POINT('',#2591);
#1043=VERTEX_POINT('',#2595);
#1044=VERTEX_POINT('',#2599);
#1045=VERTEX_POINT('',#2603);
#1046=VERTEX_POINT('',#2605);
#1047=VERTEX_POINT('',#2609);
#1048=VERTEX_POINT('',#2613);
#1049=VERTEX_POINT('',#2617);
#1050=VERTEX_POINT('',#2619);
#1051=VERTEX_POINT('',#2623);
#1052=VERTEX_POINT('',#2627);
#1053=VERTEX_POINT('',#2629);
#1054=VERTEX_POINT('',#2631);
#1055=VERTEX_POINT('',#2633);
#1056=VERTEX_POINT('',#2635);
#1057=VERTEX_POINT('',#2639);
#1058=VERTEX_POINT('',#2645);
#1059=VERTEX_POINT('',#2646);
#1060=VERTEX_POINT('',#2648);
#1061=VERTEX_POINT('',#2650);
#1062=VERTEX_POINT('',#2653);
#1063=VERTEX_POINT('',#2654);
#1064=VERTEX_POINT('',#2656);
#1065=VERTEX_POINT('',#2658);
#1066=VERTEX_POINT('',#2660);
#1067=VERTEX_POINT('',#2662);
#1068=VERTEX_POINT('',#2664);
#1069=VERTEX_POINT('',#2666);
#1070=VERTEX_POINT('',#2670);
#1071=VERTEX_POINT('',#2671);
#1072=VERTEX_POINT('',#2676);
#1073=VERTEX_POINT('',#2680);
#1074=VERTEX_POINT('',#2687);
#1075=VERTEX_POINT('',#2692);
#1076=VERTEX_POINT('',#2696);
#1077=VERTEX_POINT('',#2704);
#1078=VERTEX_POINT('',#2711);
#1079=VERTEX_POINT('',#2719);
#1080=VERTEX_POINT('',#2726);
#1081=VERTEX_POINT('',#2734);
#1082=VERTEX_POINT('',#2883);
#1083=VERTEX_POINT('',#2885);
#1084=VERTEX_POINT('',#2889);
#1085=VERTEX_POINT('',#2893);
#1086=VERTEX_POINT('',#2897);
#1087=VERTEX_POINT('',#2901);
#1088=VERTEX_POINT('',#2905);
#1089=VERTEX_POINT('',#2909);
#1090=VERTEX_POINT('',#2916);
#1091=VERTEX_POINT('',#2918);
#1092=VERTEX_POINT('',#2922);
#1093=VERTEX_POINT('',#2926);
#1094=VERTEX_POINT('',#2930);
#1095=VERTEX_POINT('',#2934);
#1096=VERTEX_POINT('',#2938);
#1097=VERTEX_POINT('',#2942);
#1098=VERTEX_POINT('',#2949);
#1099=VERTEX_POINT('',#2950);
#1100=VERTEX_POINT('',#2952);
#1101=VERTEX_POINT('',#2954);
#1102=VERTEX_POINT('',#2958);
#1103=VERTEX_POINT('',#2960);
#1104=VERTEX_POINT('',#2964);
#1105=VERTEX_POINT('',#2966);
#1106=VERTEX_POINT('',#2970);
#1107=VERTEX_POINT('',#2974);
#1108=VERTEX_POINT('',#2978);
#1109=VERTEX_POINT('',#2982);
#1110=VERTEX_POINT('',#2986);
#1111=VERTEX_POINT('',#2990);
#1112=VERTEX_POINT('',#3000);
#1113=VERTEX_POINT('',#3001);
#1114=VERTEX_POINT('',#3003);
#1115=VERTEX_POINT('',#3005);
#1116=VERTEX_POINT('',#3009);
#1117=VERTEX_POINT('',#3011);
#1118=VERTEX_POINT('',#3015);
#1119=VERTEX_POINT('',#3017);
#1120=VERTEX_POINT('',#3030);
#1121=VERTEX_POINT('',#3032);
#1122=VERTEX_POINT('',#3047);
#1123=VERTEX_POINT('',#3049);
#1124=VERTEX_POINT('',#3064);
#1125=VERTEX_POINT('',#3066);
#1126=VERTEX_POINT('',#3072);
#1127=VERTEX_POINT('',#3074);
#1128=VERTEX_POINT('',#3078);
#1129=VERTEX_POINT('',#3082);
#1130=VERTEX_POINT('',#3086);
#1131=VERTEX_POINT('',#3090);
#1132=VERTEX_POINT('',#3101);
#1133=VERTEX_POINT('',#3114);
#1134=VERTEX_POINT('',#3127);
#1135=VERTEX_POINT('',#3140);
#1136=VERTEX_POINT('',#3146);
#1137=VERTEX_POINT('',#3150);
#1138=VERTEX_POINT('',#3154);
#1139=VERTEX_POINT('',#3175);
#1140=VERTEX_POINT('',#3177);
#1141=VERTEX_POINT('',#3181);
#1142=VERTEX_POINT('',#3192);
#1143=VERTEX_POINT('',#3205);
#1144=VERTEX_POINT('',#3211);
#1145=VERTEX_POINT('',#3215);
#1146=VERTEX_POINT('',#3219);
#1147=VERTEX_POINT('',#3223);
#1148=VERTEX_POINT('',#3234);
#1149=VERTEX_POINT('',#3247);
#1150=VERTEX_POINT('',#3253);
#1151=VERTEX_POINT('',#3264);
#1152=VERTEX_POINT('',#3277);
#1153=VERTEX_POINT('',#3290);
#1154=VERTEX_POINT('',#3296);
#1155=VERTEX_POINT('',#3307);
#1156=VERTEX_POINT('',#3320);
#1157=VERTEX_POINT('',#3333);
#1158=VERTEX_POINT('',#3339);
#1159=VERTEX_POINT('',#3343);
#1160=VERTEX_POINT('',#3347);
#1161=VERTEX_POINT('',#3351);
#1162=VERTEX_POINT('',#3355);
#1163=VERTEX_POINT('',#3366);
#1164=VERTEX_POINT('',#3372);
#1165=VERTEX_POINT('',#3383);
#1166=VERTEX_POINT('',#3389);
#1167=LINE('',#2435,#1348);
#1168=LINE('',#2438,#1349);
#1169=LINE('',#2440,#1350);
#1170=LINE('',#2442,#1351);
#1171=LINE('',#2444,#1352);
#1172=LINE('',#2446,#1353);
#1173=LINE('',#2448,#1354);
#1174=LINE('',#2450,#1355);
#1175=LINE('',#2495,#1356);
#1176=LINE('',#2498,#1357);
#1177=LINE('',#2500,#1358);
#1178=LINE('',#2502,#1359);
#1179=LINE('',#2504,#1360);
#1180=LINE('',#2506,#1361);
#1181=LINE('',#2508,#1362);
#1182=LINE('',#2510,#1363);
#1183=LINE('',#2511,#1364);
#1184=LINE('',#2514,#1365);
#1185=LINE('',#2516,#1366);
#1186=LINE('',#2518,#1367);
#1187=LINE('',#2520,#1368);
#1188=LINE('',#2522,#1369);
#1189=LINE('',#2524,#1370);
#1190=LINE('',#2526,#1371);
#1191=LINE('',#2527,#1372);
#1192=LINE('',#2530,#1373);
#1193=LINE('',#2532,#1374);
#1194=LINE('',#2534,#1375);
#1195=LINE('',#2536,#1376);
#1196=LINE('',#2538,#1377);
#1197=LINE('',#2556,#1378);
#1198=LINE('',#2558,#1379);
#1199=LINE('',#2560,#1380);
#1200=LINE('',#2590,#1381);
#1201=LINE('',#2634,#1382);
#1202=LINE('',#2644,#1383);
#1203=LINE('',#2647,#1384);
#1204=LINE('',#2649,#1385);
#1205=LINE('',#2651,#1386);
#1206=LINE('',#2655,#1387);
#1207=LINE('',#2659,#1388);
#1208=LINE('',#2663,#1389);
#1209=LINE('',#2667,#1390);
#1210=LINE('',#2669,#1391);
#1211=LINE('',#2672,#1392);
#1212=LINE('',#2673,#1393);
#1213=LINE('',#2675,#1394);
#1214=LINE('',#2677,#1395);
#1215=LINE('',#2679,#1396);
#1216=LINE('',#2681,#1397);
#1217=LINE('',#2683,#1398);
#1218=LINE('',#2686,#1399);
#1219=LINE('',#2693,#1400);
#1220=LINE('',#2695,#1401);
#1221=LINE('',#2703,#1402);
#1222=LINE('',#2710,#1403);
#1223=LINE('',#2718,#1404);
#1224=LINE('',#2725,#1405);
#1225=LINE('',#2733,#1406);
#1226=LINE('',#2882,#1407);
#1227=LINE('',#2884,#1408);
#1228=LINE('',#2886,#1409);
#1229=LINE('',#2888,#1410);
#1230=LINE('',#2890,#1411);
#1231=LINE('',#2892,#1412);
#1232=LINE('',#2894,#1413);
#1233=LINE('',#2896,#1414);
#1234=LINE('',#2898,#1415);
#1235=LINE('',#2900,#1416);
#1236=LINE('',#2902,#1417);
#1237=LINE('',#2904,#1418);
#1238=LINE('',#2906,#1419);
#1239=LINE('',#2908,#1420);
#1240=LINE('',#2910,#1421);
#1241=LINE('',#2912,#1422);
#1242=LINE('',#2915,#1423);
#1243=LINE('',#2917,#1424);
#1244=LINE('',#2919,#1425);
#1245=LINE('',#2921,#1426);
#1246=LINE('',#2923,#1427);
#1247=LINE('',#2925,#1428);
#1248=LINE('',#2927,#1429);
#1249=LINE('',#2929,#1430);
#1250=LINE('',#2931,#1431);
#1251=LINE('',#2933,#1432);
#1252=LINE('',#2935,#1433);
#1253=LINE('',#2937,#1434);
#1254=LINE('',#2939,#1435);
#1255=LINE('',#2941,#1436);
#1256=LINE('',#2943,#1437);
#1257=LINE('',#2945,#1438);
#1258=LINE('',#2948,#1439);
#1259=LINE('',#2951,#1440);
#1260=LINE('',#2953,#1441);
#1261=LINE('',#2955,#1442);
#1262=LINE('',#2957,#1443);
#1263=LINE('',#2959,#1444);
#1264=LINE('',#2961,#1445);
#1265=LINE('',#2963,#1446);
#1266=LINE('',#2965,#1447);
#1267=LINE('',#2967,#1448);
#1268=LINE('',#2969,#1449);
#1269=LINE('',#2971,#1450);
#1270=LINE('',#2973,#1451);
#1271=LINE('',#2975,#1452);
#1272=LINE('',#2977,#1453);
#1273=LINE('',#2979,#1454);
#1274=LINE('',#2981,#1455);
#1275=LINE('',#2983,#1456);
#1276=LINE('',#2985,#1457);
#1277=LINE('',#2987,#1458);
#1278=LINE('',#2989,#1459);
#1279=LINE('',#2991,#1460);
#1280=LINE('',#2993,#1461);
#1281=LINE('',#2995,#1462);
#1282=LINE('',#2996,#1463);
#1283=LINE('',#2999,#1464);
#1284=LINE('',#3002,#1465);
#1285=LINE('',#3004,#1466);
#1286=LINE('',#3006,#1467);
#1287=LINE('',#3008,#1468);
#1288=LINE('',#3010,#1469);
#1289=LINE('',#3012,#1470);
#1290=LINE('',#3014,#1471);
#1291=LINE('',#3016,#1472);
#1292=LINE('',#3018,#1473);
#1293=LINE('',#3031,#1474);
#1294=LINE('',#3048,#1475);
#1295=LINE('',#3065,#1476);
#1296=LINE('',#3071,#1477);
#1297=LINE('',#3073,#1478);
#1298=LINE('',#3075,#1479);
#1299=LINE('',#3077,#1480);
#1300=LINE('',#3079,#1481);
#1301=LINE('',#3081,#1482);
#1302=LINE('',#3083,#1483);
#1303=LINE('',#3085,#1484);
#1304=LINE('',#3087,#1485);
#1305=LINE('',#3089,#1486);
#1306=LINE('',#3091,#1487);
#1307=LINE('',#3100,#1488);
#1308=LINE('',#3113,#1489);
#1309=LINE('',#3126,#1490);
#1310=LINE('',#3139,#1491);
#1311=LINE('',#3145,#1492);
#1312=LINE('',#3147,#1493);
#1313=LINE('',#3149,#1494);
#1314=LINE('',#3151,#1495);
#1315=LINE('',#3153,#1496);
#1316=LINE('',#3155,#1497);
#1317=LINE('',#3157,#1498);
#1318=LINE('',#3174,#1499);
#1319=LINE('',#3178,#1500);
#1320=LINE('',#3180,#1501);
#1321=LINE('',#3191,#1502);
#1322=LINE('',#3204,#1503);
#1323=LINE('',#3210,#1504);
#1324=LINE('',#3212,#1505);
#1325=LINE('',#3214,#1506);
#1326=LINE('',#3218,#1507);
#1327=LINE('',#3222,#1508);
#1328=LINE('',#3233,#1509);
#1329=LINE('',#3246,#1510);
#1330=LINE('',#3252,#1511);
#1331=LINE('',#3263,#1512);
#1332=LINE('',#3276,#1513);
#1333=LINE('',#3289,#1514);
#1334=LINE('',#3295,#1515);
#1335=LINE('',#3306,#1516);
#1336=LINE('',#3319,#1517);
#1337=LINE('',#3332,#1518);
#1338=LINE('',#3338,#1519);
#1339=LINE('',#3340,#1520);
#1340=LINE('',#3342,#1521);
#1341=LINE('',#3346,#1522);
#1342=LINE('',#3350,#1523);
#1343=LINE('',#3354,#1524);
#1344=LINE('',#3365,#1525);
#1345=LINE('',#3371,#1526);
#1346=LINE('',#3382,#1527);
#1347=LINE('',#3388,#1528);
#1348=VECTOR('',#2042,1.);
#1349=VECTOR('',#2043,1.);
#1350=VECTOR('',#2044,1.);
#1351=VECTOR('',#2045,1.);
#1352=VECTOR('',#2046,1.);
#1353=VECTOR('',#2047,1.);
#1354=VECTOR('',#2048,1.);
#1355=VECTOR('',#2049,1.);
#1356=VECTOR('',#2050,1.);
#1357=VECTOR('',#2051,1.);
#1358=VECTOR('',#2052,1.);
#1359=VECTOR('',#2053,1.);
#1360=VECTOR('',#2054,1.);
#1361=VECTOR('',#2055,1.);
#1362=VECTOR('',#2056,1.);
#1363=VECTOR('',#2057,1.);
#1364=VECTOR('',#2058,1.);
#1365=VECTOR('',#2059,1.);
#1366=VECTOR('',#2060,1.);
#1367=VECTOR('',#2061,1.);
#1368=VECTOR('',#2062,1.);
#1369=VECTOR('',#2063,1.);
#1370=VECTOR('',#2064,1.);
#1371=VECTOR('',#2065,1.);
#1372=VECTOR('',#2066,1.);
#1373=VECTOR('',#2067,1.);
#1374=VECTOR('',#2068,1.);
#1375=VECTOR('',#2069,1.);
#1376=VECTOR('',#2070,1.);
#1377=VECTOR('',#2071,1.);
#1378=VECTOR('',#2072,1.);
#1379=VECTOR('',#2073,1.);
#1380=VECTOR('',#2074,1.);
#1381=VECTOR('',#2091,1.);
#1382=VECTOR('',#2102,1.);
#1383=VECTOR('',#2105,1.);
#1384=VECTOR('',#2106,1.);
#1385=VECTOR('',#2107,1.);
#1386=VECTOR('',#2108,1.);
#1387=VECTOR('',#2111,1.);
#1388=VECTOR('',#2114,1.);
#1389=VECTOR('',#2117,1.);
#1390=VECTOR('',#2120,1.);
#1391=VECTOR('',#2123,1.);
#1392=VECTOR('',#2124,1.);
#1393=VECTOR('',#2125,1.);
#1394=VECTOR('',#2128,1.);
#1395=VECTOR('',#2129,1.);
#1396=VECTOR('',#2132,1.);
#1397=VECTOR('',#2133,1.);
#1398=VECTOR('',#2136,1.);
#1399=VECTOR('',#2141,1.);
#1400=VECTOR('',#2142,1.);
#1401=VECTOR('',#2145,1.);
#1402=VECTOR('',#2148,1.);
#1403=VECTOR('',#2151,1.);
#1404=VECTOR('',#2154,1.);
#1405=VECTOR('',#2157,1.);
#1406=VECTOR('',#2160,1.);
#1407=VECTOR('',#2165,1.);
#1408=VECTOR('',#2166,1.);
#1409=VECTOR('',#2167,1.);
#1410=VECTOR('',#2170,1.);
#1411=VECTOR('',#2171,1.);
#1412=VECTOR('',#2174,1.);
#1413=VECTOR('',#2175,1.);
#1414=VECTOR('',#2178,1.);
#1415=VECTOR('',#2179,1.);
#1416=VECTOR('',#2182,1.);
#1417=VECTOR('',#2183,1.);
#1418=VECTOR('',#2186,1.);
#1419=VECTOR('',#2187,1.);
#1420=VECTOR('',#2190,1.);
#1421=VECTOR('',#2191,1.);
#1422=VECTOR('',#2194,1.);
#1423=VECTOR('',#2199,1.);
#1424=VECTOR('',#2200,1.);
#1425=VECTOR('',#2201,1.);
#1426=VECTOR('',#2204,1.);
#1427=VECTOR('',#2205,1.);
#1428=VECTOR('',#2208,1.);
#1429=VECTOR('',#2209,1.);
#1430=VECTOR('',#2212,1.);
#1431=VECTOR('',#2213,1.);
#1432=VECTOR('',#2216,1.);
#1433=VECTOR('',#2217,1.);
#1434=VECTOR('',#2220,1.);
#1435=VECTOR('',#2221,1.);
#1436=VECTOR('',#2224,1.);
#1437=VECTOR('',#2225,1.);
#1438=VECTOR('',#2228,1.);
#1439=VECTOR('',#2233,1.);
#1440=VECTOR('',#2234,1.);
#1441=VECTOR('',#2235,1.);
#1442=VECTOR('',#2236,1.);
#1443=VECTOR('',#2239,1.);
#1444=VECTOR('',#2240,1.);
#1445=VECTOR('',#2241,1.);
#1446=VECTOR('',#2244,1.);
#1447=VECTOR('',#2245,1.);
#1448=VECTOR('',#2246,1.);
#1449=VECTOR('',#2249,1.);
#1450=VECTOR('',#2250,1.);
#1451=VECTOR('',#2253,1.);
#1452=VECTOR('',#2254,1.);
#1453=VECTOR('',#2257,1.);
#1454=VECTOR('',#2258,1.);
#1455=VECTOR('',#2261,1.);
#1456=VECTOR('',#2262,1.);
#1457=VECTOR('',#2265,1.);
#1458=VECTOR('',#2266,1.);
#1459=VECTOR('',#2269,1.);
#1460=VECTOR('',#2270,1.);
#1461=VECTOR('',#2273,1.);
#1462=VECTOR('',#2276,1.);
#1463=VECTOR('',#2277,1.);
#1464=VECTOR('',#2282,1.);
#1465=VECTOR('',#2283,1.);
#1466=VECTOR('',#2284,1.);
#1467=VECTOR('',#2285,1.);
#1468=VECTOR('',#2288,1.);
#1469=VECTOR('',#2289,1.);
#1470=VECTOR('',#2290,1.);
#1471=VECTOR('',#2293,1.);
#1472=VECTOR('',#2294,1.);
#1473=VECTOR('',#2295,1.);
#1474=VECTOR('',#2296,1.);
#1475=VECTOR('',#2297,1.);
#1476=VECTOR('',#2298,1.);
#1477=VECTOR('',#2301,1.);
#1478=VECTOR('',#2302,1.);
#1479=VECTOR('',#2303,1.);
#1480=VECTOR('',#2306,1.);
#1481=VECTOR('',#2307,1.);
#1482=VECTOR('',#2310,1.);
#1483=VECTOR('',#2311,1.);
#1484=VECTOR('',#2314,1.);
#1485=VECTOR('',#2315,1.);
#1486=VECTOR('',#2318,1.);
#1487=VECTOR('',#2319,1.);
#1488=VECTOR('',#2320,1.);
#1489=VECTOR('',#2321,1.);
#1490=VECTOR('',#2322,1.);
#1491=VECTOR('',#2323,1.);
#1492=VECTOR('',#2326,1.);
#1493=VECTOR('',#2327,1.);
#1494=VECTOR('',#2330,1.);
#1495=VECTOR('',#2331,1.);
#1496=VECTOR('',#2334,1.);
#1497=VECTOR('',#2335,1.);
#1498=VECTOR('',#2338,1.);
#1499=VECTOR('',#2343,1.);
#1500=VECTOR('',#2346,1.);
#1501=VECTOR('',#2349,1.);
#1502=VECTOR('',#2352,1.);
#1503=VECTOR('',#2353,1.);
#1504=VECTOR('',#2356,1.);
#1505=VECTOR('',#2357,1.);
#1506=VECTOR('',#2360,1.);
#1507=VECTOR('',#2365,1.);
#1508=VECTOR('',#2370,1.);
#1509=VECTOR('',#2373,1.);
#1510=VECTOR('',#2374,1.);
#1511=VECTOR('',#2377,1.);
#1512=VECTOR('',#2380,1.);
#1513=VECTOR('',#2381,1.);
#1514=VECTOR('',#2382,1.);
#1515=VECTOR('',#2385,1.);
#1516=VECTOR('',#2388,1.);
#1517=VECTOR('',#2389,1.);
#1518=VECTOR('',#2390,1.);
#1519=VECTOR('',#2393,1.);
#1520=VECTOR('',#2394,1.);
#1521=VECTOR('',#2397,1.);
#1522=VECTOR('',#2402,1.);
#1523=VECTOR('',#2407,1.);
#1524=VECTOR('',#2412,1.);
#1525=VECTOR('',#2415,1.);
#1526=VECTOR('',#2418,1.);
#1527=VECTOR('',#2421,1.);
#1528=VECTOR('',#2424,1.);
#1529=EDGE_LOOP('',(#154,#155,#156,#157,#158,#159,#160,#161));
#1530=EDGE_LOOP('',(#162,#163,#164,#165,#166,#167,#168,#169));
#1531=EDGE_LOOP('',(#170,#171,#172,#173,#174,#175,#176,#177));
#1532=EDGE_LOOP('',(#178,#179,#180,#181,#182,#183,#184,#185));
#1533=EDGE_LOOP('',(#186,#187,#188,#189,#190,#191,#192,#193,#194,#195,#196,
#197,#198));
#1534=EDGE_LOOP('',(#199,#200,#201,#202,#203,#204,#205,#206,#207,#208,#209,
#210,#211,#212,#213,#214,#215,#216,#217,#218,#219,#220,#221,#222,#223,#224,
#225,#226));
#1535=EDGE_LOOP('',(#227,#228,#229,#230));
#1536=EDGE_LOOP('',(#231,#232,#233,#234,#235,#236,#237,#238));
#1537=EDGE_LOOP('',(#239,#240,#241,#242));
#1538=EDGE_LOOP('',(#243,#244,#245,#246));
#1539=EDGE_LOOP('',(#247,#248,#249,#250));
#1540=EDGE_LOOP('',(#251,#252,#253,#254));
#1541=EDGE_LOOP('',(#255,#256,#257,#258));
#1542=EDGE_LOOP('',(#259,#260,#261,#262));
#1543=EDGE_LOOP('',(#263,#264,#265,#266));
#1544=EDGE_LOOP('',(#267,#268,#269,#270));
#1545=EDGE_LOOP('',(#271,#272,#273,#274));
#1546=EDGE_LOOP('',(#275,#276,#277,#278));
#1547=EDGE_LOOP('',(#279,#280,#281,#282));
#1548=EDGE_LOOP('',(#283,#284,#285,#286));
#1549=EDGE_LOOP('',(#287,#288,#289,#290));
#1550=EDGE_LOOP('',(#291,#292,#293,#294));
#1551=EDGE_LOOP('',(#295,#296,#297,#298));
#1552=EDGE_LOOP('',(#299,#300,#301,#302));
#1553=EDGE_LOOP('',(#303,#304,#305,#306));
#1554=EDGE_LOOP('',(#307,#308,#309,#310));
#1555=EDGE_LOOP('',(#311,#312,#313,#314));
#1556=EDGE_LOOP('',(#315,#316,#317,#318));
#1557=EDGE_LOOP('',(#319,#320,#321,#322));
#1558=EDGE_LOOP('',(#323,#324,#325,#326));
#1559=EDGE_LOOP('',(#327,#328,#329,#330));
#1560=EDGE_LOOP('',(#331,#332,#333,#334));
#1561=EDGE_LOOP('',(#335,#336,#337,#338));
#1562=EDGE_LOOP('',(#339,#340,#341,#342));
#1563=EDGE_LOOP('',(#343,#344,#345,#346));
#1564=EDGE_LOOP('',(#347,#348,#349,#350));
#1565=EDGE_LOOP('',(#351,#352,#353,#354));
#1566=EDGE_LOOP('',(#355,#356,#357,#358,#359,#360,#361,#362));
#1567=EDGE_LOOP('',(#363,#364,#365,#366));
#1568=EDGE_LOOP('',(#367,#368,#369,#370));
#1569=EDGE_LOOP('',(#371,#372,#373,#374));
#1570=EDGE_LOOP('',(#375,#376,#377,#378));
#1571=EDGE_LOOP('',(#379,#380,#381,#382));
#1572=EDGE_LOOP('',(#383,#384,#385,#386));
#1573=EDGE_LOOP('',(#387,#388,#389,#390));
#1574=EDGE_LOOP('',(#391,#392,#393,#394));
#1575=EDGE_LOOP('',(#395,#396,#397,#398,#399,#400,#401,#402));
#1576=EDGE_LOOP('',(#403,#404,#405,#406));
#1577=EDGE_LOOP('',(#407,#408,#409,#410));
#1578=EDGE_LOOP('',(#411,#412,#413,#414));
#1579=EDGE_LOOP('',(#415,#416,#417,#418));
#1580=EDGE_LOOP('',(#419,#420,#421,#422));
#1581=EDGE_LOOP('',(#423,#424,#425,#426));
#1582=EDGE_LOOP('',(#427,#428,#429,#430));
#1583=EDGE_LOOP('',(#431,#432,#433,#434));
#1584=EDGE_LOOP('',(#435,#436,#437,#438));
#1585=EDGE_LOOP('',(#439,#440,#441,#442));
#1586=EDGE_LOOP('',(#443,#444,#445,#446));
#1587=EDGE_LOOP('',(#447,#448,#449,#450,#451,#452,#453,#454));
#1588=EDGE_LOOP('',(#455,#456,#457));
#1589=EDGE_LOOP('',(#458,#459,#460,#461));
#1590=EDGE_LOOP('',(#462,#463,#464,#465));
#1591=EDGE_LOOP('',(#466,#467,#468,#469));
#1592=EDGE_LOOP('',(#470,#471,#472,#473));
#1593=EDGE_LOOP('',(#474,#475,#476,#477));
#1594=EDGE_LOOP('',(#478,#479,#480,#481));
#1595=EDGE_LOOP('',(#482,#483,#484,#485));
#1596=EDGE_LOOP('',(#486,#487,#488,#489));
#1597=EDGE_LOOP('',(#490,#491,#492,#493));
#1598=EDGE_LOOP('',(#494,#495,#496,#497));
#1599=EDGE_LOOP('',(#498,#499,#500,#501));
#1600=EDGE_LOOP('',(#502,#503,#504,#505));
#1601=EDGE_LOOP('',(#506,#507,#508,#509));
#1602=EDGE_LOOP('',(#510,#511,#512,#513));
#1603=EDGE_LOOP('',(#514,#515,#516,#517));
#1604=EDGE_LOOP('',(#518,#519,#520,#521));
#1605=EDGE_LOOP('',(#522,#523,#524,#525));
#1606=EDGE_LOOP('',(#526,#527,#528,#529));
#1607=EDGE_LOOP('',(#530,#531,#532,#533));
#1608=EDGE_LOOP('',(#534,#535,#536,#537));
#1609=EDGE_LOOP('',(#538,#539,#540,#541,#542,#543,#544,#545,#546,#547,#548,
#549,#550));
#1610=EDGE_LOOP('',(#551,#552,#553,#554,#555,#556,#557));
#1611=EDGE_LOOP('',(#558,#559,#560,#561));
#1612=EDGE_LOOP('',(#562,#563,#564,#565));
#1613=EDGE_LOOP('',(#566,#567,#568,#569));
#1614=EDGE_LOOP('',(#570,#571,#572,#573));
#1615=EDGE_LOOP('',(#574,#575,#576,#577));
#1616=EDGE_LOOP('',(#578,#579,#580,#581));
#1617=EDGE_LOOP('',(#582,#583,#584,#585));
#1618=EDGE_LOOP('',(#586,#587,#588,#589));
#1619=EDGE_LOOP('',(#590,#591,#592,#593));
#1620=EDGE_LOOP('',(#594,#595,#596,#597));
#1621=EDGE_LOOP('',(#598,#599,#600,#601));
#1622=EDGE_LOOP('',(#602,#603,#604,#605));
#1623=EDGE_LOOP('',(#606,#607,#608,#609));
#1624=EDGE_LOOP('',(#610,#611,#612,#613));
#1625=EDGE_LOOP('',(#614,#615,#616,#617));
#1626=EDGE_LOOP('',(#618,#619,#620,#621));
#1627=EDGE_LOOP('',(#622,#623,#624,#625));
#1628=EDGE_LOOP('',(#626,#627,#628,#629));
#1629=EDGE_LOOP('',(#630,#631,#632,#633));
#1630=EDGE_LOOP('',(#634,#635,#636,#637));
#1631=EDGE_LOOP('',(#638,#639,#640,#641));
#1632=EDGE_LOOP('',(#642,#643,#644,#645));
#1633=EDGE_LOOP('',(#646,#647,#648,#649));
#1634=EDGE_LOOP('',(#650,#651,#652,#653));
#1635=EDGE_LOOP('',(#654,#655,#656,#657));
#1636=EDGE_LOOP('',(#658,#659,#660,#661));
#1637=EDGE_LOOP('',(#662,#663,#664,#665));
#1638=EDGE_LOOP('',(#666,#667,#668,#669));
#1639=EDGE_LOOP('',(#670,#671,#672,#673,#674,#675,#676,#677,#678,#679,#680,
#681,#682,#683,#684,#685,#686,#687,#688,#689,#690,#691,#692,#693,#694,#695,
#696,#697));
#1640=EDGE_LOOP('',(#698,#699,#700));
#1641=EDGE_LOOP('',(#701,#702,#703,#704,#705,#706,#707));
#1642=FACE_BOUND('',#1529,.T.);
#1643=FACE_BOUND('',#1530,.T.);
#1644=FACE_BOUND('',#1531,.T.);
#1645=FACE_BOUND('',#1532,.T.);
#1646=FACE_BOUND('',#1533,.T.);
#1647=FACE_BOUND('',#1534,.T.);
#1648=FACE_BOUND('',#1535,.T.);
#1649=FACE_BOUND('',#1536,.T.);
#1650=FACE_BOUND('',#1537,.T.);
#1651=FACE_BOUND('',#1538,.T.);
#1652=FACE_BOUND('',#1539,.T.);
#1653=FACE_BOUND('',#1540,.T.);
#1654=FACE_BOUND('',#1541,.T.);
#1655=FACE_BOUND('',#1542,.T.);
#1656=FACE_BOUND('',#1543,.T.);
#1657=FACE_BOUND('',#1544,.T.);
#1658=FACE_BOUND('',#1545,.T.);
#1659=FACE_BOUND('',#1546,.T.);
#1660=FACE_BOUND('',#1547,.T.);
#1661=FACE_BOUND('',#1548,.T.);
#1662=FACE_BOUND('',#1549,.T.);
#1663=FACE_BOUND('',#1550,.T.);
#1664=FACE_BOUND('',#1551,.T.);
#1665=FACE_BOUND('',#1552,.T.);
#1666=FACE_BOUND('',#1553,.T.);
#1667=FACE_BOUND('',#1554,.T.);
#1668=FACE_BOUND('',#1555,.T.);
#1669=FACE_BOUND('',#1556,.T.);
#1670=FACE_BOUND('',#1557,.T.);
#1671=FACE_BOUND('',#1558,.T.);
#1672=FACE_BOUND('',#1559,.T.);
#1673=FACE_BOUND('',#1560,.T.);
#1674=FACE_BOUND('',#1561,.T.);
#1675=FACE_BOUND('',#1562,.T.);
#1676=FACE_BOUND('',#1563,.T.);
#1677=FACE_BOUND('',#1564,.T.);
#1678=FACE_BOUND('',#1565,.T.);
#1679=FACE_BOUND('',#1566,.T.);
#1680=FACE_BOUND('',#1567,.T.);
#1681=FACE_BOUND('',#1568,.T.);
#1682=FACE_BOUND('',#1569,.T.);
#1683=FACE_BOUND('',#1570,.T.);
#1684=FACE_BOUND('',#1571,.T.);
#1685=FACE_BOUND('',#1572,.T.);
#1686=FACE_BOUND('',#1573,.T.);
#1687=FACE_BOUND('',#1574,.T.);
#1688=FACE_BOUND('',#1575,.T.);
#1689=FACE_BOUND('',#1576,.T.);
#1690=FACE_BOUND('',#1577,.T.);
#1691=FACE_BOUND('',#1578,.T.);
#1692=FACE_BOUND('',#1579,.T.);
#1693=FACE_BOUND('',#1580,.T.);
#1694=FACE_BOUND('',#1581,.T.);
#1695=FACE_BOUND('',#1582,.T.);
#1696=FACE_BOUND('',#1583,.T.);
#1697=FACE_BOUND('',#1584,.T.);
#1698=FACE_BOUND('',#1585,.T.);
#1699=FACE_BOUND('',#1586,.T.);
#1700=FACE_BOUND('',#1587,.T.);
#1701=FACE_BOUND('',#1588,.T.);
#1702=FACE_BOUND('',#1589,.T.);
#1703=FACE_BOUND('',#1590,.T.);
#1704=FACE_BOUND('',#1591,.T.);
#1705=FACE_BOUND('',#1592,.T.);
#1706=FACE_BOUND('',#1593,.T.);
#1707=FACE_BOUND('',#1594,.T.);
#1708=FACE_BOUND('',#1595,.T.);
#1709=FACE_BOUND('',#1596,.T.);
#1710=FACE_BOUND('',#1597,.T.);
#1711=FACE_BOUND('',#1598,.T.);
#1712=FACE_BOUND('',#1599,.T.);
#1713=FACE_BOUND('',#1600,.T.);
#1714=FACE_BOUND('',#1601,.T.);
#1715=FACE_BOUND('',#1602,.T.);
#1716=FACE_BOUND('',#1603,.T.);
#1717=FACE_BOUND('',#1604,.T.);
#1718=FACE_BOUND('',#1605,.T.);
#1719=FACE_BOUND('',#1606,.T.);
#1720=FACE_BOUND('',#1607,.T.);
#1721=FACE_BOUND('',#1608,.T.);
#1722=FACE_BOUND('',#1609,.T.);
#1723=FACE_BOUND('',#1610,.T.);
#1724=FACE_BOUND('',#1611,.T.);
#1725=FACE_BOUND('',#1612,.T.);
#1726=FACE_BOUND('',#1613,.T.);
#1727=FACE_BOUND('',#1614,.T.);
#1728=FACE_BOUND('',#1615,.T.);
#1729=FACE_BOUND('',#1616,.T.);
#1730=FACE_BOUND('',#1617,.T.);
#1731=FACE_BOUND('',#1618,.T.);
#1732=FACE_BOUND('',#1619,.T.);
#1733=FACE_BOUND('',#1620,.T.);
#1734=FACE_BOUND('',#1621,.T.);
#1735=FACE_BOUND('',#1622,.T.);
#1736=FACE_BOUND('',#1623,.T.);
#1737=FACE_BOUND('',#1624,.T.);
#1738=FACE_BOUND('',#1625,.T.);
#1739=FACE_BOUND('',#1626,.T.);
#1740=FACE_BOUND('',#1627,.T.);
#1741=FACE_BOUND('',#1628,.T.);
#1742=FACE_BOUND('',#1629,.T.);
#1743=FACE_BOUND('',#1630,.T.);
#1744=FACE_BOUND('',#1631,.T.);
#1745=FACE_BOUND('',#1632,.T.);
#1746=FACE_BOUND('',#1633,.T.);
#1747=FACE_BOUND('',#1634,.T.);
#1748=FACE_BOUND('',#1635,.T.);
#1749=FACE_BOUND('',#1636,.T.);
#1750=FACE_BOUND('',#1637,.T.);
#1751=FACE_BOUND('',#1638,.T.);
#1752=FACE_BOUND('',#1639,.T.);
#1753=FACE_BOUND('',#1640,.T.);
#1754=FACE_BOUND('',#1641,.T.);
#1755=PLANE('',#1932);
#1756=PLANE('',#1946);
#1757=PLANE('',#1951);
#1758=PLANE('',#1952);
#1759=PLANE('',#1953);
#1760=PLANE('',#1954);
#1761=PLANE('',#1955);
#1762=PLANE('',#1956);
#1763=PLANE('',#1958);
#1764=PLANE('',#1960);
#1765=PLANE('',#1962);
#1766=PLANE('',#1964);
#1767=PLANE('',#1965);
#1768=PLANE('',#1966);
#1769=PLANE('',#1967);
#1770=PLANE('',#1968);
#1771=PLANE('',#1969);
#1772=PLANE('',#1970);
#1773=PLANE('',#1971);
#1774=PLANE('',#1972);
#1775=PLANE('',#1973);
#1776=PLANE('',#1974);
#1777=PLANE('',#1975);
#1778=PLANE('',#1976);
#1779=PLANE('',#1977);
#1780=PLANE('',#1978);
#1781=PLANE('',#1979);
#1782=PLANE('',#1980);
#1783=PLANE('',#1981);
#1784=PLANE('',#1982);
#1785=PLANE('',#1983);
#1786=PLANE('',#1984);
#1787=PLANE('',#1985);
#1788=PLANE('',#1986);
#1789=PLANE('',#1987);
#1790=PLANE('',#1988);
#1791=PLANE('',#1989);
#1792=PLANE('',#1990);
#1793=PLANE('',#1991);
#1794=PLANE('',#1992);
#1795=PLANE('',#1993);
#1796=PLANE('',#1994);
#1797=PLANE('',#1995);
#1798=PLANE('',#1996);
#1799=PLANE('',#1997);
#1800=PLANE('',#1998);
#1801=PLANE('',#1999);
#1802=PLANE('',#2000);
#1803=PLANE('',#2001);
#1804=PLANE('',#2002);
#1805=PLANE('',#2003);
#1806=PLANE('',#2004);
#1807=PLANE('',#2005);
#1808=PLANE('',#2006);
#1809=PLANE('',#2011);
#1810=PLANE('',#2022);
#1811=PLANE('',#2035);
#1812=PLANE('',#2036);
#1813=PLANE('',#2037);
#1814=ADVANCED_FACE('',(#1642,#1643,#1644,#1645,#1646,#1647),#1755,.T.);
#1815=ADVANCED_FACE('',(#1648,#1649),#1756,.T.);
#1816=ADVANCED_FACE('',(#1650),#1757,.T.);
#1817=ADVANCED_FACE('',(#1651),#1758,.F.);
#1818=ADVANCED_FACE('',(#1652),#1759,.F.);
#1819=ADVANCED_FACE('',(#1653),#1760,.T.);
#1820=ADVANCED_FACE('',(#1654),#1761,.F.);
#1821=ADVANCED_FACE('',(#1655),#1762,.T.);
#1822=ADVANCED_FACE('',(#1656),#41,.T.);
#1823=ADVANCED_FACE('',(#1657),#1763,.T.);
#1824=ADVANCED_FACE('',(#1658),#42,.T.);
#1825=ADVANCED_FACE('',(#1659),#1764,.F.);
#1826=ADVANCED_FACE('',(#1660),#43,.T.);
#1827=ADVANCED_FACE('',(#1661),#1765,.F.);
#1828=ADVANCED_FACE('',(#1662),#44,.T.);
#1829=ADVANCED_FACE('',(#1663),#12,.T.);
#1830=ADVANCED_FACE('',(#1664),#13,.T.);
#1831=ADVANCED_FACE('',(#1665),#14,.T.);
#1832=ADVANCED_FACE('',(#1666),#15,.T.);
#1833=ADVANCED_FACE('',(#1667),#16,.T.);
#1834=ADVANCED_FACE('',(#1668),#17,.T.);
#1835=ADVANCED_FACE('',(#1669),#18,.T.);
#1836=ADVANCED_FACE('',(#1670),#19,.T.);
#1837=ADVANCED_FACE('',(#1671),#1766,.T.);
#1838=ADVANCED_FACE('',(#1672),#1767,.T.);
#1839=ADVANCED_FACE('',(#1673),#1768,.T.);
#1840=ADVANCED_FACE('',(#1674),#1769,.T.);
#1841=ADVANCED_FACE('',(#1675),#1770,.T.);
#1842=ADVANCED_FACE('',(#1676),#1771,.T.);
#1843=ADVANCED_FACE('',(#1677),#1772,.T.);
#1844=ADVANCED_FACE('',(#1678),#1773,.T.);
#1845=ADVANCED_FACE('',(#1679),#1774,.T.);
#1846=ADVANCED_FACE('',(#1680),#1775,.T.);
#1847=ADVANCED_FACE('',(#1681),#1776,.T.);
#1848=ADVANCED_FACE('',(#1682),#1777,.T.);
#1849=ADVANCED_FACE('',(#1683),#1778,.T.);
#1850=ADVANCED_FACE('',(#1684),#1779,.T.);
#1851=ADVANCED_FACE('',(#1685),#1780,.T.);
#1852=ADVANCED_FACE('',(#1686),#1781,.T.);
#1853=ADVANCED_FACE('',(#1687),#1782,.T.);
#1854=ADVANCED_FACE('',(#1688),#1783,.T.);
#1855=ADVANCED_FACE('',(#1689),#1784,.T.);
#1856=ADVANCED_FACE('',(#1690),#1785,.T.);
#1857=ADVANCED_FACE('',(#1691),#1786,.T.);
#1858=ADVANCED_FACE('',(#1692),#1787,.T.);
#1859=ADVANCED_FACE('',(#1693),#1788,.T.);
#1860=ADVANCED_FACE('',(#1694),#1789,.T.);
#1861=ADVANCED_FACE('',(#1695),#1790,.T.);
#1862=ADVANCED_FACE('',(#1696),#1791,.T.);
#1863=ADVANCED_FACE('',(#1697),#1792,.T.);
#1864=ADVANCED_FACE('',(#1698),#1793,.T.);
#1865=ADVANCED_FACE('',(#1699),#1794,.T.);
#1866=ADVANCED_FACE('',(#1700,#1701),#1795,.T.);
#1867=ADVANCED_FACE('',(#1702),#1796,.T.);
#1868=ADVANCED_FACE('',(#1703),#1797,.T.);
#1869=ADVANCED_FACE('',(#1704),#1798,.T.);
#1870=ADVANCED_FACE('',(#1705),#20,.T.);
#1871=ADVANCED_FACE('',(#1706),#21,.T.);
#1872=ADVANCED_FACE('',(#1707),#22,.T.);
#1873=ADVANCED_FACE('',(#1708),#1799,.T.);
#1874=ADVANCED_FACE('',(#1709),#1800,.T.);
#1875=ADVANCED_FACE('',(#1710),#1801,.T.);
#1876=ADVANCED_FACE('',(#1711),#1802,.T.);
#1877=ADVANCED_FACE('',(#1712),#1803,.T.);
#1878=ADVANCED_FACE('',(#1713),#23,.T.);
#1879=ADVANCED_FACE('',(#1714),#24,.T.);
#1880=ADVANCED_FACE('',(#1715),#25,.T.);
#1881=ADVANCED_FACE('',(#1716),#26,.T.);
#1882=ADVANCED_FACE('',(#1717),#1804,.T.);
#1883=ADVANCED_FACE('',(#1718),#1805,.T.);
#1884=ADVANCED_FACE('',(#1719),#1806,.T.);
#1885=ADVANCED_FACE('',(#1720),#1807,.T.);
#1886=ADVANCED_FACE('',(#1721),#27,.T.);
#1887=ADVANCED_FACE('',(#1722,#1723),#1808,.T.);
#1888=ADVANCED_FACE('',(#1724),#45,.T.);
#1889=ADVANCED_FACE('',(#1725),#46,.T.);
#1890=ADVANCED_FACE('',(#1726),#28,.T.);
#1891=ADVANCED_FACE('',(#1727),#29,.T.);
#1892=ADVANCED_FACE('',(#1728),#1809,.T.);
#1893=ADVANCED_FACE('',(#1729),#47,.F.);
#1894=ADVANCED_FACE('',(#1730),#48,.F.);
#1895=ADVANCED_FACE('',(#1731),#49,.F.);
#1896=ADVANCED_FACE('',(#1732),#30,.T.);
#1897=ADVANCED_FACE('',(#1733),#31,.T.);
#1898=ADVANCED_FACE('',(#1734),#50,.F.);
#1899=ADVANCED_FACE('',(#1735),#32,.T.);
#1900=ADVANCED_FACE('',(#1736),#33,.T.);
#1901=ADVANCED_FACE('',(#1737),#34,.T.);
#1902=ADVANCED_FACE('',(#1738),#51,.T.);
#1903=ADVANCED_FACE('',(#1739),#35,.T.);
#1904=ADVANCED_FACE('',(#1740),#36,.T.);
#1905=ADVANCED_FACE('',(#1741),#37,.T.);
#1906=ADVANCED_FACE('',(#1742),#1810,.T.);
#1907=ADVANCED_FACE('',(#1743),#52,.F.);
#1908=ADVANCED_FACE('',(#1744),#53,.F.);
#1909=ADVANCED_FACE('',(#1745),#54,.F.);
#1910=ADVANCED_FACE('',(#1746),#55,.F.);
#1911=ADVANCED_FACE('',(#1747),#38,.T.);
#1912=ADVANCED_FACE('',(#1748),#56,.F.);
#1913=ADVANCED_FACE('',(#1749),#39,.T.);
#1914=ADVANCED_FACE('',(#1750),#57,.F.);
#1915=ADVANCED_FACE('',(#1751),#40,.T.);
#1916=ADVANCED_FACE('',(#1752),#1811,.T.);
#1917=ADVANCED_FACE('',(#1753),#1812,.T.);
#1918=ADVANCED_FACE('',(#1754),#1813,.T.);
#1919=CLOSED_SHELL('',(#1814,#1815,#1816,#1817,#1818,#1819,#1820,#1821,
#1822,#1823,#1824,#1825,#1826,#1827,#1828,#1829,#1830,#1831,#1832,#1833,
#1834,#1835,#1836,#1837,#1838,#1839,#1840,#1841,#1842,#1843,#1844,#1845,
#1846,#1847,#1848,#1849,#1850,#1851,#1852,#1853,#1854,#1855,#1856,#1857,
#1858,#1859,#1860,#1861,#1862,#1863,#1864,#1865,#1866,#1867,#1868,#1869,
#1870,#1871,#1872,#1873,#1874,#1875,#1876,#1877,#1878,#1879,#1880,#1881,
#1882,#1883,#1884,#1885,#1886,#1887,#1888,#1889,#1890,#1891,#1892,#1893,
#1894,#1895,#1896,#1897,#1898,#1899,#1900,#1901,#1902,#1903,#1904,#1905,
#1906,#1907,#1908,#1909,#1910,#1911,#1912,#1913,#1914,#1915,#1916,#1917,
#1918));
#1920=STYLED_ITEM('',(#1921),#1928);
#1921=PRESENTATION_STYLE_ASSIGNMENT((#1922));
#1922=SURFACE_STYLE_USAGE(.BOTH.,#1923);
#1923=SURFACE_SIDE_STYLE('',(#1924));
#1924=SURFACE_STYLE_FILL_AREA(#1925);
#1925=FILL_AREA_STYLE('',(#1926));
#1926=FILL_AREA_STYLE_COLOUR('',#1927);
#1927=COLOUR_RGB('',0.682352941176471,0.333333333333334,0.737254901960784);
#1928=MANIFOLD_SOLID_BREP('StartButton',#1919);
#1929=SHAPE_DEFINITION_REPRESENTATION(#3411,#1930);
#1930=SHAPE_REPRESENTATION('StartButton',(#1931),#3406);
#1931=AXIS2_PLACEMENT_3D('',#2433,#2038,#2039);
#1932=AXIS2_PLACEMENT_3D('',#2434,#2040,#2041);
#1933=AXIS2_PLACEMENT_3D('',#2561,#2075,#2076);
#1934=AXIS2_PLACEMENT_3D('',#2564,#2077,#2078);
#1935=AXIS2_PLACEMENT_3D('',#2570,#2079,#2080);
#1936=AXIS2_PLACEMENT_3D('',#2576,#2081,#2082);
#1937=AXIS2_PLACEMENT_3D('',#2582,#2083,#2084);
#1938=AXIS2_PLACEMENT_3D('',#2584,#2085,#2086);
#1939=AXIS2_PLACEMENT_3D('',#2586,#2087,#2088);
#1940=AXIS2_PLACEMENT_3D('',#2588,#2089,#2090);
#1941=AXIS2_PLACEMENT_3D('',#2604,#2092,#2093);
#1942=AXIS2_PLACEMENT_3D('',#2618,#2094,#2095);
#1943=AXIS2_PLACEMENT_3D('',#2628,#2096,#2097);
#1944=AXIS2_PLACEMENT_3D('',#2630,#2098,#2099);
#1945=AXIS2_PLACEMENT_3D('',#2632,#2100,#2101);
#1946=AXIS2_PLACEMENT_3D('',#2643,#2103,#2104);
#1947=AXIS2_PLACEMENT_3D('',#2652,#2109,#2110);
#1948=AXIS2_PLACEMENT_3D('',#2657,#2112,#2113);
#1949=AXIS2_PLACEMENT_3D('',#2661,#2115,#2116);
#1950=AXIS2_PLACEMENT_3D('',#2665,#2118,#2119);
#1951=AXIS2_PLACEMENT_3D('',#2668,#2121,#2122);
#1952=AXIS2_PLACEMENT_3D('',#2674,#2126,#2127);
#1953=AXIS2_PLACEMENT_3D('',#2678,#2130,#2131);
#1954=AXIS2_PLACEMENT_3D('',#2682,#2134,#2135);
#1955=AXIS2_PLACEMENT_3D('',#2684,#2137,#2138);
#1956=AXIS2_PLACEMENT_3D('',#2685,#2139,#2140);
#1957=AXIS2_PLACEMENT_3D('',#2694,#2143,#2144);
#1958=AXIS2_PLACEMENT_3D('',#2702,#2146,#2147);
#1959=AXIS2_PLACEMENT_3D('',#2709,#2149,#2150);
#1960=AXIS2_PLACEMENT_3D('',#2717,#2152,#2153);
#1961=AXIS2_PLACEMENT_3D('',#2724,#2155,#2156);
#1962=AXIS2_PLACEMENT_3D('',#2732,#2158,#2159);
#1963=AXIS2_PLACEMENT_3D('',#2739,#2161,#2162);
#1964=AXIS2_PLACEMENT_3D('',#2881,#2163,#2164);
#1965=AXIS2_PLACEMENT_3D('',#2887,#2168,#2169);
#1966=AXIS2_PLACEMENT_3D('',#2891,#2172,#2173);
#1967=AXIS2_PLACEMENT_3D('',#2895,#2176,#2177);
#1968=AXIS2_PLACEMENT_3D('',#2899,#2180,#2181);
#1969=AXIS2_PLACEMENT_3D('',#2903,#2184,#2185);
#1970=AXIS2_PLACEMENT_3D('',#2907,#2188,#2189);
#1971=AXIS2_PLACEMENT_3D('',#2911,#2192,#2193);
#1972=AXIS2_PLACEMENT_3D('',#2913,#2195,#2196);
#1973=AXIS2_PLACEMENT_3D('',#2914,#2197,#2198);
#1974=AXIS2_PLACEMENT_3D('',#2920,#2202,#2203);
#1975=AXIS2_PLACEMENT_3D('',#2924,#2206,#2207);
#1976=AXIS2_PLACEMENT_3D('',#2928,#2210,#2211);
#1977=AXIS2_PLACEMENT_3D('',#2932,#2214,#2215);
#1978=AXIS2_PLACEMENT_3D('',#2936,#2218,#2219);
#1979=AXIS2_PLACEMENT_3D('',#2940,#2222,#2223);
#1980=AXIS2_PLACEMENT_3D('',#2944,#2226,#2227);
#1981=AXIS2_PLACEMENT_3D('',#2946,#2229,#2230);
#1982=AXIS2_PLACEMENT_3D('',#2947,#2231,#2232);
#1983=AXIS2_PLACEMENT_3D('',#2956,#2237,#2238);
#1984=AXIS2_PLACEMENT_3D('',#2962,#2242,#2243);
#1985=AXIS2_PLACEMENT_3D('',#2968,#2247,#2248);
#1986=AXIS2_PLACEMENT_3D('',#2972,#2251,#2252);
#1987=AXIS2_PLACEMENT_3D('',#2976,#2255,#2256);
#1988=AXIS2_PLACEMENT_3D('',#2980,#2259,#2260);
#1989=AXIS2_PLACEMENT_3D('',#2984,#2263,#2264);
#1990=AXIS2_PLACEMENT_3D('',#2988,#2267,#2268);
#1991=AXIS2_PLACEMENT_3D('',#2992,#2271,#2272);
#1992=AXIS2_PLACEMENT_3D('',#2994,#2274,#2275);
#1993=AXIS2_PLACEMENT_3D('',#2997,#2278,#2279);
#1994=AXIS2_PLACEMENT_3D('',#2998,#2280,#2281);
#1995=AXIS2_PLACEMENT_3D('',#3007,#2286,#2287);
#1996=AXIS2_PLACEMENT_3D('',#3013,#2291,#2292);
#1997=AXIS2_PLACEMENT_3D('',#3070,#2299,#2300);
#1998=AXIS2_PLACEMENT_3D('',#3076,#2304,#2305);
#1999=AXIS2_PLACEMENT_3D('',#3080,#2308,#2309);
#2000=AXIS2_PLACEMENT_3D('',#3084,#2312,#2313);
#2001=AXIS2_PLACEMENT_3D('',#3088,#2316,#2317);
#2002=AXIS2_PLACEMENT_3D('',#3144,#2324,#2325);
#2003=AXIS2_PLACEMENT_3D('',#3148,#2328,#2329);
#2004=AXIS2_PLACEMENT_3D('',#3152,#2332,#2333);
#2005=AXIS2_PLACEMENT_3D('',#3156,#2336,#2337);
#2006=AXIS2_PLACEMENT_3D('',#3172,#2339,#2340);
#2007=AXIS2_PLACEMENT_3D('',#3173,#2341,#2342);
#2008=AXIS2_PLACEMENT_3D('',#3176,#2344,#2345);
#2009=AXIS2_PLACEMENT_3D('',#3179,#2347,#2348);
#2010=AXIS2_PLACEMENT_3D('',#3182,#2350,#2351);
#2011=AXIS2_PLACEMENT_3D('',#3209,#2354,#2355);
#2012=AXIS2_PLACEMENT_3D('',#3213,#2358,#2359);
#2013=AXIS2_PLACEMENT_3D('',#3216,#2361,#2362);
#2014=AXIS2_PLACEMENT_3D('',#3217,#2363,#2364);
#2015=AXIS2_PLACEMENT_3D('',#3220,#2366,#2367);
#2016=AXIS2_PLACEMENT_3D('',#3221,#2368,#2369);
#2017=AXIS2_PLACEMENT_3D('',#3224,#2371,#2372);
#2018=AXIS2_PLACEMENT_3D('',#3251,#2375,#2376);
#2019=AXIS2_PLACEMENT_3D('',#3254,#2378,#2379);
#2020=AXIS2_PLACEMENT_3D('',#3294,#2383,#2384);
#2021=AXIS2_PLACEMENT_3D('',#3297,#2386,#2387);
#2022=AXIS2_PLACEMENT_3D('',#3337,#2391,#2392);
#2023=AXIS2_PLACEMENT_3D('',#3341,#2395,#2396);
#2024=AXIS2_PLACEMENT_3D('',#3344,#2398,#2399);
#2025=AXIS2_PLACEMENT_3D('',#3345,#2400,#2401);
#2026=AXIS2_PLACEMENT_3D('',#3348,#2403,#2404);
#2027=AXIS2_PLACEMENT_3D('',#3349,#2405,#2406);
#2028=AXIS2_PLACEMENT_3D('',#3352,#2408,#2409);
#2029=AXIS2_PLACEMENT_3D('',#3353,#2410,#2411);
#2030=AXIS2_PLACEMENT_3D('',#3356,#2413,#2414);
#2031=AXIS2_PLACEMENT_3D('',#3370,#2416,#2417);
#2032=AXIS2_PLACEMENT_3D('',#3373,#2419,#2420);
#2033=AXIS2_PLACEMENT_3D('',#3387,#2422,#2423);
#2034=AXIS2_PLACEMENT_3D('',#3390,#2425,#2426);
#2035=AXIS2_PLACEMENT_3D('',#3402,#2427,#2428);
#2036=AXIS2_PLACEMENT_3D('',#3403,#2429,#2430);
#2037=AXIS2_PLACEMENT_3D('',#3404,#2431,#2432);
#2038=DIRECTION('',(0.,0.,1.));
#2039=DIRECTION('',(1.,0.,0.));
#2040=DIRECTION('',(0.,0.,1.));
#2041=DIRECTION('',(1.,0.,0.));
#2042=DIRECTION('',(-0.31925707369743,0.947668149139853,0.));
#2043=DIRECTION('',(-1.,0.,0.));
#2044=DIRECTION('',(-0.315620738336499,-0.948885424870634,0.));
#2045=DIRECTION('',(-1.,0.,0.));
#2046=DIRECTION('',(0.348910417877317,0.93715608107544,0.));
#2047=DIRECTION('',(1.,0.,0.));
#2048=DIRECTION('',(0.350717407336466,-0.936481340012276,0.));
#2049=DIRECTION('',(-1.,0.,0.));
#2050=DIRECTION('',(0.,-1.,0.));
#2051=DIRECTION('',(-1.,0.,0.));
#2052=DIRECTION('',(0.,-1.,0.));
#2053=DIRECTION('',(-1.,0.,0.));
#2054=DIRECTION('',(0.,1.,0.));
#2055=DIRECTION('',(-1.,0.,0.));
#2056=DIRECTION('',(0.,1.,0.));
#2057=DIRECTION('',(1.,0.,0.));
#2058=DIRECTION('',(0.,-1.,0.));
#2059=DIRECTION('',(-1.,0.,0.));
#2060=DIRECTION('',(0.,-1.,0.));
#2061=DIRECTION('',(-1.,0.,0.));
#2062=DIRECTION('',(0.,1.,0.));
#2063=DIRECTION('',(-1.,0.,0.));
#2064=DIRECTION('',(0.,1.,0.));
#2065=DIRECTION('',(1.,0.,0.));
#2066=DIRECTION('',(-0.455741664927401,0.890112091171219,0.));
#2067=DIRECTION('',(-1.,0.,0.));
#2068=DIRECTION('',(0.,-1.,0.));
#2069=DIRECTION('',(-1.,0.,0.));
#2070=DIRECTION('',(0.,1.,0.));
#2071=DIRECTION('',(1.,0.,0.));
#2072=DIRECTION('',(0.467822187020235,-0.883822607388838,0.));
#2073=DIRECTION('',(0.,-1.,0.));
#2074=DIRECTION('',(-1.,0.,0.));
#2075=DIRECTION('',(0.,0.,1.));
#2076=DIRECTION('',(1.,0.,0.));
#2077=DIRECTION('',(0.,0.,1.));
#2078=DIRECTION('',(1.,0.,0.));
#2079=DIRECTION('',(0.,0.,1.));
#2080=DIRECTION('',(1.,0.,0.));
#2081=DIRECTION('',(0.,0.,1.));
#2082=DIRECTION('',(1.,0.,0.));
#2083=DIRECTION('',(0.,0.,1.));
#2084=DIRECTION('',(1.,0.,0.));
#2085=DIRECTION('',(0.,0.,1.));
#2086=DIRECTION('',(1.,0.,0.));
#2087=DIRECTION('',(0.,0.,1.));
#2088=DIRECTION('',(1.,0.,0.));
#2089=DIRECTION('',(0.,0.,1.));
#2090=DIRECTION('',(1.,0.,0.));
#2091=DIRECTION('',(-1.,0.,0.));
#2092=DIRECTION('',(0.,0.,1.));
#2093=DIRECTION('',(1.,0.,0.));
#2094=DIRECTION('',(0.,0.,1.));
#2095=DIRECTION('',(1.,0.,0.));
#2096=DIRECTION('',(0.,0.,1.));
#2097=DIRECTION('',(1.,0.,0.));
#2098=DIRECTION('',(0.,0.,1.));
#2099=DIRECTION('',(1.,0.,0.));
#2100=DIRECTION('',(0.,0.,1.));
#2101=DIRECTION('',(1.,0.,0.));
#2102=DIRECTION('',(1.,0.,0.));
#2103=DIRECTION('',(0.,0.,1.));
#2104=DIRECTION('',(1.,0.,0.));
#2105=DIRECTION('',(-1.,1.15648231731787E-16,0.));
#2106=DIRECTION('',(2.47817639425258E-16,1.,0.));
#2107=DIRECTION('',(-1.,1.15648231731787E-16,0.));
#2108=DIRECTION('',(0.,1.,0.));
#2109=DIRECTION('',(0.,0.,1.));
#2110=DIRECTION('',(1.,0.,0.));
#2111=DIRECTION('',(0.,1.,0.));
#2112=DIRECTION('',(0.,0.,1.));
#2113=DIRECTION('',(1.,0.,0.));
#2114=DIRECTION('',(-1.,-1.30104260698261E-16,0.));
#2115=DIRECTION('',(0.,0.,1.));
#2116=DIRECTION('',(1.,0.,0.));
#2117=DIRECTION('',(0.,1.,0.));
#2118=DIRECTION('',(0.,0.,1.));
#2119=DIRECTION('',(1.,0.,0.));
#2120=DIRECTION('',(-1.,-1.30104260698261E-16,0.));
#2121=DIRECTION('',(-1.15648231731787E-16,-1.,0.));
#2122=DIRECTION('',(1.,-1.15648231731787E-16,0.));
#2123=DIRECTION('',(-1.,1.15648231731787E-16,0.));
#2124=DIRECTION('',(0.,0.,-1.));
#2125=DIRECTION('',(0.,0.,-1.));
#2126=DIRECTION('',(-1.,2.47817639425258E-16,0.));
#2127=DIRECTION('',(-2.47817639425258E-16,-1.,0.));
#2128=DIRECTION('',(2.47817639425258E-16,1.,0.));
#2129=DIRECTION('',(0.,0.,-1.));
#2130=DIRECTION('',(-1.15648231731787E-16,-1.,0.));
#2131=DIRECTION('',(1.,-1.15648231731787E-16,0.));
#2132=DIRECTION('',(-1.,1.15648231731787E-16,0.));
#2133=DIRECTION('',(0.,0.,-1.));
#2134=DIRECTION('',(-1.,0.,0.));
#2135=DIRECTION('',(0.,0.,1.));
#2136=DIRECTION('',(0.,1.,0.));
#2137=DIRECTION('',(0.,0.,1.));
#2138=DIRECTION('',(1.,0.,0.));
#2139=DIRECTION('',(-1.,0.,0.));
#2140=DIRECTION('',(0.,0.,1.));
#2141=DIRECTION('',(0.,0.,-1.));
#2142=DIRECTION('',(0.,0.,-1.));
#2143=DIRECTION('',(0.,0.,-1.));
#2144=DIRECTION('',(-1.,0.,0.));
#2145=DIRECTION('',(0.,0.,-1.));
#2146=DIRECTION('',(1.30104260698261E-16,-1.,0.));
#2147=DIRECTION('',(1.,1.30104260698261E-16,0.));
#2148=DIRECTION('',(0.,0.,-1.));
#2149=DIRECTION('',(0.,0.,-1.));
#2150=DIRECTION('',(-1.,0.,0.));
#2151=DIRECTION('',(0.,0.,-1.));
#2152=DIRECTION('',(-1.,0.,0.));
#2153=DIRECTION('',(0.,0.,1.));
#2154=DIRECTION('',(0.,0.,-1.));
#2155=DIRECTION('',(0.,0.,-1.));
#2156=DIRECTION('',(-1.,0.,0.));
#2157=DIRECTION('',(0.,0.,-1.));
#2158=DIRECTION('',(1.30104260698261E-16,-1.,0.));
#2159=DIRECTION('',(1.,1.30104260698261E-16,0.));
#2160=DIRECTION('',(0.,0.,-1.));
#2161=DIRECTION('',(0.,0.,-1.));
#2162=DIRECTION('',(-1.,0.,0.));
#2163=DIRECTION('',(0.,1.,0.));
#2164=DIRECTION('',(0.,0.,1.));
#2165=DIRECTION('',(0.,0.,1.));
#2166=DIRECTION('',(-1.,0.,0.));
#2167=DIRECTION('',(0.,0.,1.));
#2168=DIRECTION('',(-1.,0.,0.));
#2169=DIRECTION('',(0.,0.,1.));
#2170=DIRECTION('',(0.,0.,1.));
#2171=DIRECTION('',(0.,-1.,0.));
#2172=DIRECTION('',(0.,-1.,0.));
#2173=DIRECTION('',(0.,0.,-1.));
#2174=DIRECTION('',(0.,0.,1.));
#2175=DIRECTION('',(1.,0.,0.));
#2176=DIRECTION('',(1.,0.,0.));
#2177=DIRECTION('',(0.,0.,-1.));
#2178=DIRECTION('',(0.,0.,1.));
#2179=DIRECTION('',(0.,1.,0.));
#2180=DIRECTION('',(0.,1.,0.));
#2181=DIRECTION('',(0.,0.,1.));
#2182=DIRECTION('',(0.,0.,1.));
#2183=DIRECTION('',(-1.,0.,0.));
#2184=DIRECTION('',(1.,0.,0.));
#2185=DIRECTION('',(0.,0.,-1.));
#2186=DIRECTION('',(0.,0.,1.));
#2187=DIRECTION('',(0.,1.,0.));
#2188=DIRECTION('',(0.,1.,0.));
#2189=DIRECTION('',(0.,0.,1.));
#2190=DIRECTION('',(0.,0.,1.));
#2191=DIRECTION('',(-1.,0.,0.));
#2192=DIRECTION('',(-1.,0.,0.));
#2193=DIRECTION('',(0.,0.,1.));
#2194=DIRECTION('',(0.,-1.,0.));
#2195=DIRECTION('',(0.,0.,1.));
#2196=DIRECTION('',(1.,0.,0.));
#2197=DIRECTION('',(0.,1.,0.));
#2198=DIRECTION('',(0.,0.,1.));
#2199=DIRECTION('',(0.,0.,1.));
#2200=DIRECTION('',(-1.,0.,0.));
#2201=DIRECTION('',(0.,0.,1.));
#2202=DIRECTION('',(-1.,0.,0.));
#2203=DIRECTION('',(0.,0.,1.));
#2204=DIRECTION('',(0.,0.,1.));
#2205=DIRECTION('',(0.,-1.,0.));
#2206=DIRECTION('',(0.,-1.,0.));
#2207=DIRECTION('',(0.,0.,-1.));
#2208=DIRECTION('',(0.,0.,1.));
#2209=DIRECTION('',(1.,0.,0.));
#2210=DIRECTION('',(1.,0.,0.));
#2211=DIRECTION('',(0.,0.,-1.));
#2212=DIRECTION('',(0.,0.,1.));
#2213=DIRECTION('',(0.,1.,0.));
#2214=DIRECTION('',(0.,1.,0.));
#2215=DIRECTION('',(0.,0.,1.));
#2216=DIRECTION('',(0.,0.,1.));
#2217=DIRECTION('',(-1.,0.,0.));
#2218=DIRECTION('',(1.,0.,0.));
#2219=DIRECTION('',(0.,0.,-1.));
#2220=DIRECTION('',(0.,0.,1.));
#2221=DIRECTION('',(0.,1.,0.));
#2222=DIRECTION('',(0.,1.,0.));
#2223=DIRECTION('',(0.,0.,1.));
#2224=DIRECTION('',(0.,0.,1.));
#2225=DIRECTION('',(-1.,0.,0.));
#2226=DIRECTION('',(-1.,0.,0.));
#2227=DIRECTION('',(0.,0.,1.));
#2228=DIRECTION('',(0.,-1.,0.));
#2229=DIRECTION('',(0.,0.,1.));
#2230=DIRECTION('',(1.,0.,0.));
#2231=DIRECTION('',(0.,-1.,0.));
#2232=DIRECTION('',(0.,0.,-1.));
#2233=DIRECTION('',(1.,0.,0.));
#2234=DIRECTION('',(0.,0.,1.));
#2235=DIRECTION('',(1.,0.,0.));
#2236=DIRECTION('',(0.,0.,1.));
#2237=DIRECTION('',(-0.948961544501055,0.315391799288079,0.));
#2238=DIRECTION('',(-0.315391799288079,-0.948961544501055,0.));
#2239=DIRECTION('',(-0.315391799288079,-0.948961544501055,0.));
#2240=DIRECTION('',(0.,0.,1.));
#2241=DIRECTION('',(-0.315391799288079,-0.948961544501055,0.));
#2242=DIRECTION('',(0.,1.,0.));
#2243=DIRECTION('',(0.,0.,1.));
#2244=DIRECTION('',(0.,0.,1.));
#2245=DIRECTION('',(-1.,0.,0.));
#2246=DIRECTION('',(0.,0.,1.));
#2247=DIRECTION('',(0.947668149139853,0.31925707369743,0.));
#2248=DIRECTION('',(-0.31925707369743,0.947668149139853,0.));
#2249=DIRECTION('',(0.,0.,1.));
#2250=DIRECTION('',(-0.31925707369743,0.947668149139853,0.));
#2251=DIRECTION('',(0.,1.,0.));
#2252=DIRECTION('',(0.,0.,1.));
#2253=DIRECTION('',(0.,0.,1.));
#2254=DIRECTION('',(-1.,0.,0.));
#2255=DIRECTION('',(-0.936481340012276,-0.350717407336466,0.));
#2256=DIRECTION('',(0.350717407336466,-0.936481340012276,0.));
#2257=DIRECTION('',(0.,0.,1.));
#2258=DIRECTION('',(0.350717407336466,-0.936481340012276,0.));
#2259=DIRECTION('',(0.,-1.,0.));
#2260=DIRECTION('',(0.,0.,-1.));
#2261=DIRECTION('',(0.,0.,1.));
#2262=DIRECTION('',(1.,0.,0.));
#2263=DIRECTION('',(0.93715608107544,-0.348910417877317,0.));
#2264=DIRECTION('',(0.348910417877317,0.93715608107544,0.));
#2265=DIRECTION('',(0.,0.,1.));
#2266=DIRECTION('',(0.348910417877317,0.93715608107544,0.));
#2267=DIRECTION('',(0.,1.,0.));
#2268=DIRECTION('',(0.,0.,1.));
#2269=DIRECTION('',(0.,0.,1.));
#2270=DIRECTION('',(-1.,0.,0.));
#2271=DIRECTION('',(-0.948885424870634,0.315620738336499,0.));
#2272=DIRECTION('',(-0.315620738336499,-0.948885424870634,0.));
#2273=DIRECTION('',(-0.315620738336499,-0.948885424870634,0.));
#2274=DIRECTION('',(0.947957182755779,0.318397832375986,0.));
#2275=DIRECTION('',(-0.318397832375986,0.947957182755779,0.));
#2276=DIRECTION('',(-0.318397832375986,0.947957182755779,0.));
#2277=DIRECTION('',(-0.318397832375986,0.947957182755779,0.));
#2278=DIRECTION('',(0.,0.,1.));
#2279=DIRECTION('',(1.,0.,0.));
#2280=DIRECTION('',(0.,-1.,0.));
#2281=DIRECTION('',(0.,0.,-1.));
#2282=DIRECTION('',(1.,0.,0.));
#2283=DIRECTION('',(0.,0.,1.));
#2284=DIRECTION('',(1.,0.,0.));
#2285=DIRECTION('',(0.,0.,1.));
#2286=DIRECTION('',(-1.,0.,0.));
#2287=DIRECTION('',(0.,0.,1.));
#2288=DIRECTION('',(0.,-1.,0.));
#2289=DIRECTION('',(0.,0.,1.));
#2290=DIRECTION('',(0.,-1.,0.));
#2291=DIRECTION('',(0.,1.,0.));
#2292=DIRECTION('',(0.,0.,1.));
#2293=DIRECTION('',(-1.,0.,0.));
#2294=DIRECTION('',(0.,0.,1.));
#2295=DIRECTION('',(-1.,0.,0.));
#2296=DIRECTION('',(0.,0.,1.));
#2297=DIRECTION('',(0.,0.,1.));
#2298=DIRECTION('',(0.,0.,1.));
#2299=DIRECTION('',(0.,1.,0.));
#2300=DIRECTION('',(0.,0.,1.));
#2301=DIRECTION('',(0.,0.,1.));
#2302=DIRECTION('',(-1.,0.,0.));
#2303=DIRECTION('',(0.,0.,1.));
#2304=DIRECTION('',(0.890112091171219,0.455741664927401,0.));
#2305=DIRECTION('',(-0.455741664927401,0.890112091171219,0.));
#2306=DIRECTION('',(0.,0.,1.));
#2307=DIRECTION('',(-0.455741664927401,0.890112091171219,0.));
#2308=DIRECTION('',(0.,1.,0.));
#2309=DIRECTION('',(0.,0.,1.));
#2310=DIRECTION('',(0.,0.,1.));
#2311=DIRECTION('',(-1.,0.,0.));
#2312=DIRECTION('',(-1.,0.,0.));
#2313=DIRECTION('',(0.,0.,1.));
#2314=DIRECTION('',(0.,0.,1.));
#2315=DIRECTION('',(0.,-1.,0.));
#2316=DIRECTION('',(-0.883822607388838,-0.467822187020235,0.));
#2317=DIRECTION('',(0.467822187020235,-0.883822607388838,0.));
#2318=DIRECTION('',(0.,0.,1.));
#2319=DIRECTION('',(0.467822187020235,-0.883822607388838,0.));
#2320=DIRECTION('',(0.,0.,1.));
#2321=DIRECTION('',(0.,0.,1.));
#2322=DIRECTION('',(0.,0.,1.));
#2323=DIRECTION('',(0.,0.,1.));
#2324=DIRECTION('',(0.,-1.,0.));
#2325=DIRECTION('',(0.,0.,-1.));
#2326=DIRECTION('',(0.,0.,1.));
#2327=DIRECTION('',(1.,0.,0.));
#2328=DIRECTION('',(1.,0.,0.));
#2329=DIRECTION('',(0.,0.,-1.));
#2330=DIRECTION('',(0.,0.,1.));
#2331=DIRECTION('',(0.,1.,0.));
#2332=DIRECTION('',(0.,1.,0.));
#2333=DIRECTION('',(0.,0.,1.));
#2334=DIRECTION('',(0.,0.,1.));
#2335=DIRECTION('',(-1.,0.,0.));
#2336=DIRECTION('',(-1.,0.,0.));
#2337=DIRECTION('',(0.,0.,1.));
#2338=DIRECTION('',(0.,-1.,0.));
#2339=DIRECTION('',(0.,0.,1.));
#2340=DIRECTION('',(1.,0.,0.));
#2341=DIRECTION('',(0.,0.,1.));
#2342=DIRECTION('',(0.903665541877241,0.428238938472102,0.));
#2343=DIRECTION('',(0.,0.,1.));
#2344=DIRECTION('',(0.,0.,1.));
#2345=DIRECTION('',(1.,0.,0.));
#2346=DIRECTION('',(0.,0.,1.));
#2347=DIRECTION('',(0.,0.,1.));
#2348=DIRECTION('',(0.894464070078265,-0.447139829739002,0.));
#2349=DIRECTION('',(0.,0.,1.));
#2350=DIRECTION('',(0.,0.,1.));
#2351=DIRECTION('',(1.,0.,0.));
#2352=DIRECTION('',(0.,0.,1.));
#2353=DIRECTION('',(0.,0.,1.));
#2354=DIRECTION('',(0.,-1.,0.));
#2355=DIRECTION('',(0.,0.,-1.));
#2356=DIRECTION('',(0.,0.,1.));
#2357=DIRECTION('',(1.,0.,0.));
#2358=DIRECTION('',(0.,0.,1.));
#2359=DIRECTION('',(-0.958491699180725,-0.285120435257887,0.));
#2360=DIRECTION('',(0.,0.,1.));
#2361=DIRECTION('',(0.,0.,1.));
#2362=DIRECTION('',(1.,0.,0.));
#2363=DIRECTION('',(0.,0.,1.));
#2364=DIRECTION('',(-0.631410034656701,-0.77544913961834,0.));
#2365=DIRECTION('',(0.,0.,1.));
#2366=DIRECTION('',(0.,0.,1.));
#2367=DIRECTION('',(1.,0.,0.));
#2368=DIRECTION('',(0.,0.,1.));
#2369=DIRECTION('',(-0.201176824289132,-0.979554942496305,0.));
#2370=DIRECTION('',(0.,0.,1.));
#2371=DIRECTION('',(0.,0.,1.));
#2372=DIRECTION('',(1.,0.,0.));
#2373=DIRECTION('',(0.,0.,1.));
#2374=DIRECTION('',(0.,0.,1.));
#2375=DIRECTION('',(0.,0.,1.));
#2376=DIRECTION('',(0.923477169100634,0.383653382820847,0.));
#2377=DIRECTION('',(0.,0.,1.));
#2378=DIRECTION('',(0.,0.,1.));
#2379=DIRECTION('',(1.,0.,0.));
#2380=DIRECTION('',(0.,0.,1.));
#2381=DIRECTION('',(0.,0.,1.));
#2382=DIRECTION('',(0.,0.,1.));
#2383=DIRECTION('',(0.,0.,1.));
#2384=DIRECTION('',(-0.89561446695008,0.444831121426686,0.));
#2385=DIRECTION('',(0.,0.,1.));
#2386=DIRECTION('',(0.,0.,1.));
#2387=DIRECTION('',(1.,0.,0.));
#2388=DIRECTION('',(0.,0.,1.));
#2389=DIRECTION('',(0.,0.,1.));
#2390=DIRECTION('',(0.,0.,1.));
#2391=DIRECTION('',(0.,1.,0.));
#2392=DIRECTION('',(0.,0.,1.));
#2393=DIRECTION('',(0.,0.,1.));
#2394=DIRECTION('',(-1.,0.,0.));
#2395=DIRECTION('',(0.,0.,1.));
#2396=DIRECTION('',(0.959887812041508,0.280384358148179,0.));
#2397=DIRECTION('',(0.,0.,1.));
#2398=DIRECTION('',(0.,0.,1.));
#2399=DIRECTION('',(1.,0.,0.));
#2400=DIRECTION('',(0.,0.,1.));
#2401=DIRECTION('',(0.647475975737673,0.762085861857145,0.));
#2402=DIRECTION('',(0.,0.,1.));
#2403=DIRECTION('',(0.,0.,1.));
#2404=DIRECTION('',(1.,0.,0.));
#2405=DIRECTION('',(0.,0.,1.));
#2406=DIRECTION('',(0.205086384710147,0.978743875999499,0.));
#2407=DIRECTION('',(0.,0.,1.));
#2408=DIRECTION('',(0.,0.,1.));
#2409=DIRECTION('',(1.,0.,0.));
#2410=DIRECTION('',(0.,0.,1.));
#2411=DIRECTION('',(-0.187591906272133,0.982247054819299,0.));
#2412=DIRECTION('',(0.,0.,1.));
#2413=DIRECTION('',(0.,0.,1.));
#2414=DIRECTION('',(1.,0.,0.));
#2415=DIRECTION('',(0.,0.,1.));
#2416=DIRECTION('',(0.,0.,1.));
#2417=DIRECTION('',(-0.952877726724284,0.303354640499798,0.));
#2418=DIRECTION('',(0.,0.,1.));
#2419=DIRECTION('',(0.,0.,1.));
#2420=DIRECTION('',(1.,0.,0.));
#2421=DIRECTION('',(0.,0.,1.));
#2422=DIRECTION('',(0.,0.,1.));
#2423=DIRECTION('',(-0.37993787610234,-0.925012005491195,0.));
#2424=DIRECTION('',(0.,0.,1.));
#2425=DIRECTION('',(0.,0.,1.));
#2426=DIRECTION('',(1.,0.,0.));
#2427=DIRECTION('',(0.,0.,1.));
#2428=DIRECTION('',(1.,0.,0.));
#2429=DIRECTION('',(0.,0.,1.));
#2430=DIRECTION('',(1.,0.,0.));
#2431=DIRECTION('',(0.,0.,1.));
#2432=DIRECTION('',(1.,0.,0.));
#2433=CARTESIAN_POINT('',(0.,0.,0.));
#2434=CARTESIAN_POINT('',(-0.0175,0.,0.005));
#2435=CARTESIAN_POINT('',(-0.0171246099843993,-0.000894598283931355,0.005));
#2436=CARTESIAN_POINT('',(-0.0170475819032762,-0.00112324492979719,0.005));
#2437=CARTESIAN_POINT('',(-0.0172016380655226,-0.000665951638065522,0.005));
#2438=CARTESIAN_POINT('',(-0.0176023790951638,-0.000665951638065521,0.005));
#2439=CARTESIAN_POINT('',(-0.018003120124805,-0.000665951638065522,0.005));
#2440=CARTESIAN_POINT('',(-0.0180791731669267,-0.000894598283931356,0.005));
#2441=CARTESIAN_POINT('',(-0.0181552262090483,-0.00112324492979719,0.005));
#2442=CARTESIAN_POINT('',(-0.0183982546801872,-0.00112324492979719,0.005));
#2443=CARTESIAN_POINT('',(-0.0186412831513261,-0.00112324492979719,0.005));
#2444=CARTESIAN_POINT('',(-0.0182283541341653,-1.41380655226209E-5,0.005));
#2445=CARTESIAN_POINT('',(-0.0178154251170047,0.00109496879875195,0.005));
#2446=CARTESIAN_POINT('',(-0.0176038416536662,0.00109496879875195,0.005));
#2447=CARTESIAN_POINT('',(-0.0173922581903276,0.00109496879875195,0.005));
#2448=CARTESIAN_POINT('',(-0.016976891575663,-1.41380655226211E-5,0.005));
#2449=CARTESIAN_POINT('',(-0.0165615249609985,-0.00112324492979719,0.005));
#2450=CARTESIAN_POINT('',(-0.0168045534321373,-0.00112324492979719,0.005));
#2451=CARTESIAN_POINT('',(-0.0115,-0.000999999999999985,0.005));
#2452=CARTESIAN_POINT('',(-0.0115,-0.000333333333333328,0.005));
#2453=CARTESIAN_POINT('',(-0.0115,0.00033333333333333,0.005));
#2454=CARTESIAN_POINT('',(-0.0115,0.000999999999999987,0.005));
#2455=CARTESIAN_POINT('',(-0.0115,-0.000999999999999985,0.005));
#2456=CARTESIAN_POINT('',(-0.0115,0.000999999999999987,0.005));
#2457=CARTESIAN_POINT('',(-0.0115,0.000999999999999987,0.005));
#2458=CARTESIAN_POINT('',(-0.0115000000000687,0.00127591828768872,0.005));
#2459=CARTESIAN_POINT('',(-0.0117171519883104,0.00177625441856149,0.005));
#2460=CARTESIAN_POINT('',(-0.0122372688985643,0.00199999999993449,0.005));
#2461=CARTESIAN_POINT('',(-0.0125,0.002,0.005));
#2462=CARTESIAN_POINT('',(-0.0125,0.002,0.005));
#2463=CARTESIAN_POINT('',(-0.0125,0.002,0.005));
#2464=CARTESIAN_POINT('',(-0.0158333333333333,0.002,0.005));
#2465=CARTESIAN_POINT('',(-0.0191666666666667,0.002,0.005));
#2466=CARTESIAN_POINT('',(-0.0225,0.002,0.005));
#2467=CARTESIAN_POINT('',(-0.0225,0.002,0.005));
#2468=CARTESIAN_POINT('',(-0.0225,0.002,0.005));
#2469=CARTESIAN_POINT('',(-0.0227759182876894,0.0019999999999309,0.005));
#2470=CARTESIAN_POINT('',(-0.0232762544185612,0.00178284801168739,0.005));
#2471=CARTESIAN_POINT('',(-0.0234999999999344,0.00126273110144049,0.005));
#2472=CARTESIAN_POINT('',(-0.0235,0.000999999999999986,0.005));
#2473=CARTESIAN_POINT('',(-0.0235,0.000999999999999985,0.005));
#2474=CARTESIAN_POINT('',(-0.0235,0.000999999999999985,0.005));
#2475=CARTESIAN_POINT('',(-0.0235,0.000333333333333327,0.005));
#2476=CARTESIAN_POINT('',(-0.0235,-0.000333333333333331,0.005));
#2477=CARTESIAN_POINT('',(-0.0235,-0.000999999999999989,0.005));
#2478=CARTESIAN_POINT('',(-0.0235,-0.000999999999999989,0.005));
#2479=CARTESIAN_POINT('',(-0.0235,-0.000999999999999989,0.005));
#2480=CARTESIAN_POINT('',(-0.0234999999999311,-0.0012759182876888,0.005));
#2481=CARTESIAN_POINT('',(-0.0232828480116901,-0.00177625441856159,0.005));
#2482=CARTESIAN_POINT('',(-0.0227627311014349,-0.0019999999999342,0.005));
#2483=CARTESIAN_POINT('',(-0.0225,-0.002,0.005));
#2484=CARTESIAN_POINT('',(-0.0225,-0.002,0.005));
#2485=CARTESIAN_POINT('',(-0.0225,-0.002,0.005));
#2486=CARTESIAN_POINT('',(-0.0191666666666667,-0.002,0.005));
#2487=CARTESIAN_POINT('',(-0.0158333333333333,-0.002,0.005));
#2488=CARTESIAN_POINT('',(-0.0125,-0.002,0.005));
#2489=CARTESIAN_POINT('',(-0.0125,-0.002,0.005));
#2490=CARTESIAN_POINT('',(-0.0125,-0.002,0.005));
#2491=CARTESIAN_POINT('',(-0.012224081712311,-0.0019999999999312,0.005));
#2492=CARTESIAN_POINT('',(-0.0117237455814382,-0.00178284801169021,0.005));
#2493=CARTESIAN_POINT('',(-0.0115000000000663,-0.00126273110143457,0.005));
#2494=CARTESIAN_POINT('',(-0.0115,-0.000999999999999987,0.005));
#2495=CARTESIAN_POINT('',(-0.0187144110764431,0.000909955148205926,0.005));
#2496=CARTESIAN_POINT('',(-0.0187144110764431,0.00109496879875195,0.005));
#2497=CARTESIAN_POINT('',(-0.0187144110764431,0.000724941497659905,0.005));
#2498=CARTESIAN_POINT('',(-0.0190539684087363,0.000724941497659905,0.005));
#2499=CARTESIAN_POINT('',(-0.0193935257410296,0.000724941497659905,0.005));
#2500=CARTESIAN_POINT('',(-0.0193935257410296,-0.000199151716068642,0.005));
#2501=CARTESIAN_POINT('',(-0.0193935257410296,-0.00112324492979719,0.005));
#2502=CARTESIAN_POINT('',(-0.0196221723868954,-0.00112324492979719,0.005));
#2503=CARTESIAN_POINT('',(-0.0198508190327613,-0.00112324492979719,0.005));
#2504=CARTESIAN_POINT('',(-0.0198508190327613,-0.000199151716068642,0.005));
#2505=CARTESIAN_POINT('',(-0.0198508190327613,0.000724941497659905,0.005));
#2506=CARTESIAN_POINT('',(-0.0201859886895475,0.000724941497659905,0.005));
#2507=CARTESIAN_POINT('',(-0.0205211583463339,0.000724941497659905,0.005));
#2508=CARTESIAN_POINT('',(-0.0205211583463339,0.000909955148205926,0.005));
#2509=CARTESIAN_POINT('',(-0.0205211583463339,0.00109496879875195,0.005));
#2510=CARTESIAN_POINT('',(-0.0196177847113884,0.00109496879875195,0.005));
#2511=CARTESIAN_POINT('',(-0.0126940327613105,0.000909955148205926,0.005));
#2512=CARTESIAN_POINT('',(-0.0126940327613105,0.00109496879875195,0.005));
#2513=CARTESIAN_POINT('',(-0.0126940327613105,0.000724941497659905,0.005));
#2514=CARTESIAN_POINT('',(-0.0130335900936037,0.000724941497659905,0.005));
#2515=CARTESIAN_POINT('',(-0.013373147425897,0.000724941497659905,0.005));
#2516=CARTESIAN_POINT('',(-0.013373147425897,-0.000199151716068642,0.005));
#2517=CARTESIAN_POINT('',(-0.013373147425897,-0.00112324492979719,0.005));
#2518=CARTESIAN_POINT('',(-0.0136017940717629,-0.00112324492979719,0.005));
#2519=CARTESIAN_POINT('',(-0.0138304407176287,-0.00112324492979719,0.005));
#2520=CARTESIAN_POINT('',(-0.0138304407176287,-0.000199151716068642,0.005));
#2521=CARTESIAN_POINT('',(-0.0138304407176287,0.000724941497659905,0.005));
#2522=CARTESIAN_POINT('',(-0.014165610374415,0.000724941497659905,0.005));
#2523=CARTESIAN_POINT('',(-0.0145007800312012,0.000724941497659905,0.005));
#2524=CARTESIAN_POINT('',(-0.0145007800312012,0.000909955148205926,0.005));
#2525=CARTESIAN_POINT('',(-0.0145007800312012,0.00109496879875195,0.005));
#2526=CARTESIAN_POINT('',(-0.0135974063962559,0.00109496879875195,0.005));
#2527=CARTESIAN_POINT('',(-0.0153254192667707,-0.000717141185647425,0.005));
#2528=CARTESIAN_POINT('',(-0.015117492199688,-0.00112324492979719,0.005));
#2529=CARTESIAN_POINT('',(-0.0155333463338533,-0.000311037441497659,0.005));
#2530=CARTESIAN_POINT('',(-0.0157154348673947,-0.000311037441497659,0.005));
#2531=CARTESIAN_POINT('',(-0.015897523400936,-0.000311037441497659,0.005));
#2532=CARTESIAN_POINT('',(-0.015897523400936,-0.000717141185647424,0.005));
#2533=CARTESIAN_POINT('',(-0.015897523400936,-0.00112324492979719,0.005));
#2534=CARTESIAN_POINT('',(-0.0161261700468018,-0.00112324492979719,0.005));
#2535=CARTESIAN_POINT('',(-0.0163548166926677,-0.00112324492979719,0.005));
#2536=CARTESIAN_POINT('',(-0.0163548166926677,-1.41380655226209E-5,0.005));
#2537=CARTESIAN_POINT('',(-0.0163548166926677,0.00109496879875195,0.005));
#2538=CARTESIAN_POINT('',(-0.0159426189547582,0.00109496879875195,0.005));
#2539=CARTESIAN_POINT('',(-0.0155304212168486,0.00109496879875195,0.005));
#2540=CARTESIAN_POINT('',(-0.0155304212168486,0.00109496879875195,0.005));
#2541=CARTESIAN_POINT('',(-0.01513748049922,0.00109496879875195,0.005));
#2542=CARTESIAN_POINT('',(-0.0149241907176287,0.000919705538221527,0.005));
#2543=CARTESIAN_POINT('',(-0.0149241907176287,0.000919705538221527,0.005));
#2544=CARTESIAN_POINT('',(-0.0149241907176287,0.000919705538221527,0.005));
#2545=CARTESIAN_POINT('',(-0.0147109009360374,0.000744442277691106,0.005));
#2546=CARTESIAN_POINT('',(-0.0147109009360374,0.000424629485179407,0.005));
#2547=CARTESIAN_POINT('',(-0.0147109009360374,0.000424629485179407,0.005));
#2548=CARTESIAN_POINT('',(-0.0147109009360374,0.000424629485179407,0.005));
#2549=CARTESIAN_POINT('',(-0.0147109009360374,0.000197445397815913,0.005));
#2550=CARTESIAN_POINT('',(-0.0148091361154446,4.60705928237129E-5,0.005));
#2551=CARTESIAN_POINT('',(-0.0148091361154446,4.60705928237129E-5,0.005));
#2552=CARTESIAN_POINT('',(-0.0148091361154446,4.60705928237129E-5,0.005));
#2553=CARTESIAN_POINT('',(-0.0149073712948518,-0.000105304212168486,0.005));
#2554=CARTESIAN_POINT('',(-0.0151067667706709,-0.000195495319812792,0.005));
#2555=CARTESIAN_POINT('',(-0.0151067667706709,-0.000195495319812792,0.005));
#2556=CARTESIAN_POINT('',(-0.014866907176287,-0.00064864469578783,0.005));
#2557=CARTESIAN_POINT('',(-0.0146270475819033,-0.00110179407176287,0.005));
#2558=CARTESIAN_POINT('',(-0.0146270475819033,-0.00111251950078003,0.005));
#2559=CARTESIAN_POINT('',(-0.0146270475819033,-0.00112324492979719,0.005));
#2560=CARTESIAN_POINT('',(-0.0148722698907956,-0.00112324492979719,0.005));
#2561=CARTESIAN_POINT('',(-0.0213668158825714,-0.00055073704277556,0.005));
#2562=CARTESIAN_POINT('',(-0.0212429309672387,-0.000726404056162245,0.005));
#2563=CARTESIAN_POINT('',(-0.0211519550813896,-0.000541114418072872,0.005));
#2564=CARTESIAN_POINT('',(-0.0213861273804707,-0.000527232496540954,0.005));
#2565=CARTESIAN_POINT('',(-0.0212429309672387,-0.000342482449297971,0.005));
#2566=CARTESIAN_POINT('',(-0.0212429309672387,-0.000342482449297971,0.005));
#2567=CARTESIAN_POINT('',(-0.0213343408736349,-0.000273010920436817,0.005));
#2568=CARTESIAN_POINT('',(-0.0215720066302652,-0.000196226599063962,0.005));
#2569=CARTESIAN_POINT('',(-0.0215720066302652,-0.000196226599063962,0.005));
#2570=CARTESIAN_POINT('',(-0.0208885083417375,0.00206274554507635,0.005));
#2571=CARTESIAN_POINT('',(-0.0219486154446178,-4.43642745709828E-5,0.005));
#2572=CARTESIAN_POINT('',(-0.0219486154446178,-4.43642745709828E-5,0.005));
#2573=CARTESIAN_POINT('',(-0.0223264430577223,0.00015941887675507,0.005));
#2574=CARTESIAN_POINT('',(-0.0223264430577223,0.000505557722308891,0.005));
#2575=CARTESIAN_POINT('',(-0.0223264430577223,0.000505557722308891,0.005));
#2576=CARTESIAN_POINT('',(-0.0217913318227339,0.00051311194357432,0.005));
#2577=CARTESIAN_POINT('',(-0.02222503900156,0.000826101794071761,0.005));
#2578=CARTESIAN_POINT('',(-0.02222503900156,0.000826101794071761,0.005));
#2579=CARTESIAN_POINT('',(-0.0221236349453978,0.00096723868954758,0.005));
#2580=CARTESIAN_POINT('',(-0.0219339898595944,0.00104646060842433,0.005));
#2581=CARTESIAN_POINT('',(-0.0219339898595944,0.00104646060842433,0.005));
#2582=CARTESIAN_POINT('',(-0.021527120621919,2.90995185138099E-5,0.005));
#2583=CARTESIAN_POINT('',(-0.02150837889093,0.00112535715105128,0.005));
#2584=CARTESIAN_POINT('',(-0.0214878720953547,0.000128855717882728,0.005));
#2585=CARTESIAN_POINT('',(-0.0210847118340358,0.00103943352747657,0.005));
#2586=CARTESIAN_POINT('',(-0.0213576847720625,0.000419982933333758,0.005));
#2587=CARTESIAN_POINT('',(-0.020795974070919,0.00079645865321875,0.005));
#2588=CARTESIAN_POINT('',(-0.0213283584687545,0.000450835948071104,0.005));
#2589=CARTESIAN_POINT('',(-0.0206936673865925,0.000439742589703588,0.005));
#2590=CARTESIAN_POINT('',(-0.0209216556162246,0.000439742589703588,0.005));
#2591=CARTESIAN_POINT('',(-0.0211500585023401,0.000439742589703588,0.005));
#2592=CARTESIAN_POINT('',(-0.0211500585023401,0.000439742589703588,0.005));
#2593=CARTESIAN_POINT('',(-0.0211500585023401,0.000592336193447737,0.005));
#2594=CARTESIAN_POINT('',(-0.0212460998439938,0.000676920826833072,0.005));
#2595=CARTESIAN_POINT('',(-0.0212460998439938,0.000676920826833072,0.005));
#2596=CARTESIAN_POINT('',(-0.0212460998439938,0.000676920826833072,0.005));
#2597=CARTESIAN_POINT('',(-0.0213421411856474,0.000761505460218407,0.005));
#2598=CARTESIAN_POINT('',(-0.0215156981279251,0.000761505460218407,0.005));
#2599=CARTESIAN_POINT('',(-0.0215156981279251,0.000761505460218407,0.005));
#2600=CARTESIAN_POINT('',(-0.0215156981279251,0.000761505460218407,0.005));
#2601=CARTESIAN_POINT('',(-0.0216834048361935,0.000761505460218407,0.005));
#2602=CARTESIAN_POINT('',(-0.0217762773010921,0.000690571372854913,0.005));
#2603=CARTESIAN_POINT('',(-0.0217762773010921,0.000690571372854913,0.005));
#2604=CARTESIAN_POINT('',(-0.0216464020928063,0.000509383531846136,0.005));
#2605=CARTESIAN_POINT('',(-0.0218691497659907,0.000504095163806551,0.005));
#2606=CARTESIAN_POINT('',(-0.0218691497659907,0.000504095163806551,0.005));
#2607=CARTESIAN_POINT('',(-0.0218691497659907,0.000395865834633385,0.005));
#2608=CARTESIAN_POINT('',(-0.0217601891575663,0.00032273790951638,0.005));
#2609=CARTESIAN_POINT('',(-0.0217601891575663,0.00032273790951638,0.005));
#2610=CARTESIAN_POINT('',(-0.0217601891575663,0.00032273790951638,0.005));
#2611=CARTESIAN_POINT('',(-0.021651228549142,0.000249609984399376,0.005));
#2612=CARTESIAN_POINT('',(-0.0214396450858034,0.000185257410296412,0.005));
#2613=CARTESIAN_POINT('',(-0.0214396450858034,0.000185257410296412,0.005));
#2614=CARTESIAN_POINT('',(-0.0214396450858034,0.000185257410296412,0.005));
#2615=CARTESIAN_POINT('',(-0.0210496294851794,6.82527301092042E-5,0.005));
#2616=CARTESIAN_POINT('',(-0.0208714411076443,-0.000105547971918876,0.005));
#2617=CARTESIAN_POINT('',(-0.0208714411076443,-0.000105547971918876,0.005));
#2618=CARTESIAN_POINT('',(-0.0212720866783522,-0.000522583172995464,0.005));
#2619=CARTESIAN_POINT('',(-0.0206932527301092,-0.000538221528861153,0.005));
#2620=CARTESIAN_POINT('',(-0.0206932527301092,-0.000538221528861153,0.005));
#2621=CARTESIAN_POINT('',(-0.0206932527301092,-0.000826345553822151,0.005));
#2622=CARTESIAN_POINT('',(-0.0209109301872075,-0.000990152106084241,0.005));
#2623=CARTESIAN_POINT('',(-0.0209109301872075,-0.000990152106084241,0.005));
#2624=CARTESIAN_POINT('',(-0.0209109301872075,-0.000990152106084241,0.005));
#2625=CARTESIAN_POINT('',(-0.0211286076443058,-0.00115395865834633,0.005));
#2626=CARTESIAN_POINT('',(-0.0214976599063963,-0.00115395865834633,0.005));
#2627=CARTESIAN_POINT('',(-0.0214976599063963,-0.00115395865834633,0.005));
#2628=CARTESIAN_POINT('',(-0.0215146359149203,-2.26978884630841E-5,0.005));
#2629=CARTESIAN_POINT('',(-0.0219636475429234,-0.00105990403038113,0.005));
#2630=CARTESIAN_POINT('',(-0.0216818858297111,-0.000375375171688257,0.005));
#2631=CARTESIAN_POINT('',(-0.0222845801290674,-0.000803399749066812,0.005));
#2632=CARTESIAN_POINT('',(-0.0217373576363655,-0.000439929666104945,0.005));
#2633=CARTESIAN_POINT('',(-0.0223941257058691,-0.000425604524180967,0.005));
#2634=CARTESIAN_POINT('',(-0.0221655616224649,-0.000425604524180967,0.005));
#2635=CARTESIAN_POINT('',(-0.0219364274570982,-0.000425604524180967,0.005));
#2636=CARTESIAN_POINT('',(-0.0219364274570982,-0.000425604524180967,0.005));
#2637=CARTESIAN_POINT('',(-0.0219364274570982,-0.000792706708268329,0.005));
#2638=CARTESIAN_POINT('',(-0.0214976599063963,-0.000792706708268329,0.005));
#2639=CARTESIAN_POINT('',(-0.0214976599063963,-0.000792706708268329,0.005));
#2640=CARTESIAN_POINT('',(-0.0214976599063963,-0.000792706708268329,0.005));
#2641=CARTESIAN_POINT('',(-0.0213343408736349,-0.000792706708268329,0.005));
#2642=CARTESIAN_POINT('',(-0.0212429309672387,-0.000726404056162245,0.005));
#2643=CARTESIAN_POINT('',(-0.0175,0.,0.001));
#2644=CARTESIAN_POINT('',(-0.0175,-0.0035,0.001));
#2645=CARTESIAN_POINT('',(-0.01,-0.0035,0.001));
#2646=CARTESIAN_POINT('',(-0.025,-0.0035,0.001));
#2647=CARTESIAN_POINT('',(-0.01,-1.51788304147971E-18,0.001));
#2648=CARTESIAN_POINT('',(-0.01,0.0035,0.001));
#2649=CARTESIAN_POINT('',(-0.0175,0.0035,0.001));
#2650=CARTESIAN_POINT('',(-0.025,0.0035,0.001));
#2651=CARTESIAN_POINT('',(-0.025,4.33680868994202E-19,0.001));
#2652=CARTESIAN_POINT('',(-0.0225,-0.000999999999999989,0.001));
#2653=CARTESIAN_POINT('',(-0.0245,-0.000999999999999989,0.001));
#2654=CARTESIAN_POINT('',(-0.0225,-0.003,0.001));
#2655=CARTESIAN_POINT('',(-0.0245,-1.3010426069826E-18,0.001));
#2656=CARTESIAN_POINT('',(-0.0245,0.000999999999999987,0.001));
#2657=CARTESIAN_POINT('',(-0.0225,0.000999999999999987,0.001));
#2658=CARTESIAN_POINT('',(-0.0225,0.003,0.001));
#2659=CARTESIAN_POINT('',(-0.0175,0.003,0.001));
#2660=CARTESIAN_POINT('',(-0.0125,0.003,0.001));
#2661=CARTESIAN_POINT('',(-0.0125,0.000999999999999987,0.001));
#2662=CARTESIAN_POINT('',(-0.0105,0.000999999999999987,0.001));
#2663=CARTESIAN_POINT('',(-0.0105,-6.50521303491303E-19,0.001));
#2664=CARTESIAN_POINT('',(-0.0105,-0.000999999999999989,0.001));
#2665=CARTESIAN_POINT('',(-0.0125,-0.000999999999999989,0.001));
#2666=CARTESIAN_POINT('',(-0.0125,-0.003,0.001));
#2667=CARTESIAN_POINT('',(-0.0175,-0.003,0.001));
#2668=CARTESIAN_POINT('',(-0.0175,-0.0035,0.001));
#2669=CARTESIAN_POINT('',(-0.0175,-0.0035,0.));
#2670=CARTESIAN_POINT('',(-0.01,-0.0035,0.));
#2671=CARTESIAN_POINT('',(-0.025,-0.0035,0.));
#2672=CARTESIAN_POINT('',(-0.01,-0.0035,0.001));
#2673=CARTESIAN_POINT('',(-0.025,-0.0035,0.001));
#2674=CARTESIAN_POINT('',(-0.01,-1.51788304147971E-18,0.001));
#2675=CARTESIAN_POINT('',(-0.01,-1.51788304147971E-18,0.));
#2676=CARTESIAN_POINT('',(-0.01,0.0035,0.));
#2677=CARTESIAN_POINT('',(-0.01,0.0035,0.001));
#2678=CARTESIAN_POINT('',(-0.0175,0.0035,0.001));
#2679=CARTESIAN_POINT('',(-0.0175,0.0035,0.));
#2680=CARTESIAN_POINT('',(-0.025,0.0035,0.));
#2681=CARTESIAN_POINT('',(-0.025,0.0035,0.001));
#2682=CARTESIAN_POINT('',(-0.025,4.33680868994202E-19,0.001));
#2683=CARTESIAN_POINT('',(-0.025,4.33680868994202E-19,0.));
#2684=CARTESIAN_POINT('',(-0.0175,0.,0.));
#2685=CARTESIAN_POINT('',(-0.0245,-1.3010426069826E-18,0.005));
#2686=CARTESIAN_POINT('',(-0.0245,-0.000999999999999989,0.005));
#2687=CARTESIAN_POINT('',(-0.0245,-0.000999999999999989,0.004));
#2688=CARTESIAN_POINT('',(-0.0245,-0.000999999999999989,0.004));
#2689=CARTESIAN_POINT('',(-0.0245,-0.000333333333333331,0.004));
#2690=CARTESIAN_POINT('',(-0.0245,0.000333333333333327,0.004));
#2691=CARTESIAN_POINT('',(-0.0245,0.000999999999999985,0.004));
#2692=CARTESIAN_POINT('',(-0.0245,0.000999999999999987,0.004));
#2693=CARTESIAN_POINT('',(-0.0245,0.000999999999999987,0.005));
#2694=CARTESIAN_POINT('',(-0.0225,-0.000999999999999989,0.005));
#2695=CARTESIAN_POINT('',(-0.0225,-0.003,0.005));
#2696=CARTESIAN_POINT('',(-0.0225,-0.003,0.004));
#2697=CARTESIAN_POINT('',(-0.0225,-0.00299999999999999,0.004));
#2698=CARTESIAN_POINT('',(-0.0230235987755983,-0.00299999999999999,0.004));
#2699=CARTESIAN_POINT('',(-0.024066627736947,-0.00256662773694703,0.004));
#2700=CARTESIAN_POINT('',(-0.0245,-0.00152359877559828,0.004));
#2701=CARTESIAN_POINT('',(-0.0245,-0.000999999999999981,0.004));
#2702=CARTESIAN_POINT('',(-0.0175,-0.003,0.005));
#2703=CARTESIAN_POINT('',(-0.0125,-0.003,0.005));
#2704=CARTESIAN_POINT('',(-0.0125,-0.003,0.004));
#2705=CARTESIAN_POINT('',(-0.0125,-0.003,0.004));
#2706=CARTESIAN_POINT('',(-0.0158333333333333,-0.003,0.004));
#2707=CARTESIAN_POINT('',(-0.0191666666666667,-0.003,0.004));
#2708=CARTESIAN_POINT('',(-0.0225,-0.003,0.004));
#2709=CARTESIAN_POINT('',(-0.0125,-0.000999999999999989,0.005));
#2710=CARTESIAN_POINT('',(-0.0105,-0.000999999999999989,0.005));
#2711=CARTESIAN_POINT('',(-0.0105,-0.000999999999999989,0.004));
#2712=CARTESIAN_POINT('',(-0.0105,-0.000999999999999982,0.004));
#2713=CARTESIAN_POINT('',(-0.0105,-0.00152359877559828,0.004));
#2714=CARTESIAN_POINT('',(-0.010933372263053,-0.00256662773694703,0.004));
#2715=CARTESIAN_POINT('',(-0.0119764012244017,-0.00299999999999999,0.004));
#2716=CARTESIAN_POINT('',(-0.0125,-0.00299999999999999,0.004));
#2717=CARTESIAN_POINT('',(-0.0105,-6.50521303491303E-19,0.005));
#2718=CARTESIAN_POINT('',(-0.0105,0.000999999999999987,0.005));
#2719=CARTESIAN_POINT('',(-0.0105,0.000999999999999987,0.004));
#2720=CARTESIAN_POINT('',(-0.0105,0.000999999999999987,0.004));
#2721=CARTESIAN_POINT('',(-0.0105,0.00033333333333333,0.004));
#2722=CARTESIAN_POINT('',(-0.0105,-0.000333333333333327,0.004));
#2723=CARTESIAN_POINT('',(-0.0105,-0.000999999999999985,0.004));
#2724=CARTESIAN_POINT('',(-0.0125,0.000999999999999987,0.005));
#2725=CARTESIAN_POINT('',(-0.0125,0.003,0.005));
#2726=CARTESIAN_POINT('',(-0.0125,0.003,0.004));
#2727=CARTESIAN_POINT('',(-0.0125,0.00299999999999999,0.004));
#2728=CARTESIAN_POINT('',(-0.0119764012244017,0.00299999999999999,0.004));
#2729=CARTESIAN_POINT('',(-0.010933372263053,0.00256662773694703,0.004));
#2730=CARTESIAN_POINT('',(-0.0105,0.00152359877559828,0.004));
#2731=CARTESIAN_POINT('',(-0.0105,0.000999999999999983,0.004));
#2732=CARTESIAN_POINT('',(-0.0175,0.003,0.005));
#2733=CARTESIAN_POINT('',(-0.0225,0.003,0.005));
#2734=CARTESIAN_POINT('',(-0.0225,0.003,0.004));
#2735=CARTESIAN_POINT('',(-0.0225,0.003,0.004));
#2736=CARTESIAN_POINT('',(-0.0191666666666667,0.003,0.004));
#2737=CARTESIAN_POINT('',(-0.0158333333333333,0.003,0.004));
#2738=CARTESIAN_POINT('',(-0.0125,0.003,0.004));
#2739=CARTESIAN_POINT('',(-0.0225,0.000999999999999987,0.005));
#2740=CARTESIAN_POINT('',(-0.0245,0.000999999999999987,0.004));
#2741=CARTESIAN_POINT('',(-0.0245,0.00152359877559829,0.004));
#2742=CARTESIAN_POINT('',(-0.024066627736947,0.00256662773694703,0.004));
#2743=CARTESIAN_POINT('',(-0.0230235987755983,0.00299999999999999,0.004));
#2744=CARTESIAN_POINT('',(-0.0225,0.00299999999999999,0.004));
#2745=CARTESIAN_POINT('',(-0.0235,-0.000999999999999989,0.005));
#2746=CARTESIAN_POINT('',(-0.0234999999999344,-0.00126253469129837,0.005));
#2747=CARTESIAN_POINT('',(-0.0233922268727564,-0.00152198668961663,0.005));
#2748=CARTESIAN_POINT('',(-0.0230219866896166,-0.00189222687275646,0.005));
#2749=CARTESIAN_POINT('',(-0.0227625346912983,-0.00199999999993425,0.005));
#2750=CARTESIAN_POINT('',(-0.0225,-0.002,0.005));
#2751=CARTESIAN_POINT('',(-0.0245,-0.000999999999999989,0.005));
#2752=CARTESIAN_POINT('',(-0.0244999999998688,-0.00152506938259653,0.005));
#2753=CARTESIAN_POINT('',(-0.0242844537455129,-0.00204397337923354,0.00500000000000034));
#2754=CARTESIAN_POINT('',(-0.0235439733792333,-0.00278445374551264,0.00499999999999966));
#2755=CARTESIAN_POINT('',(-0.0230250693825967,-0.00299999999986878,0.005));
#2756=CARTESIAN_POINT('',(-0.0225,-0.003,0.005));
#2757=CARTESIAN_POINT('',(-0.0245,-0.000999999999999989,0.004));
#2758=CARTESIAN_POINT('',(-0.0245,-0.00152506938259762,0.004));
#2759=CARTESIAN_POINT('',(-0.0242844537455129,-0.00204397337923332,0.004));
#2760=CARTESIAN_POINT('',(-0.0235439733792333,-0.00278445374551287,0.004));
#2761=CARTESIAN_POINT('',(-0.0230250693825976,-0.003,0.004));
#2762=CARTESIAN_POINT('',(-0.0225,-0.003,0.004));
#2763=CARTESIAN_POINT('',(-0.0245,-0.000999999999999989,0.004));
#2764=CARTESIAN_POINT('',(-0.0245,-0.000999999999999989,0.00466666666666725));
#2765=CARTESIAN_POINT('',(-0.0241666666666667,-0.000999999999999989,0.00500000000000057));
#2766=CARTESIAN_POINT('',(-0.0235,-0.000999999999999989,0.005));
#2767=CARTESIAN_POINT('',(-0.0225,-0.002,0.005));
#2768=CARTESIAN_POINT('',(-0.0225,-0.00266666666666703,0.0049999999999999));
#2769=CARTESIAN_POINT('',(-0.0225,-0.00300000000000037,0.00466666666666657));
#2770=CARTESIAN_POINT('',(-0.0225,-0.003,0.004));
#2771=CARTESIAN_POINT('',(-0.0125,-0.003,0.004));
#2772=CARTESIAN_POINT('',(-0.0225,-0.003,0.004));
#2773=CARTESIAN_POINT('',(-0.0125,-0.00300000000000037,0.00466666666666657));
#2774=CARTESIAN_POINT('',(-0.0225,-0.00300000000000037,0.00466666666666657));
#2775=CARTESIAN_POINT('',(-0.0125,-0.00266666666666703,0.00499999999999991));
#2776=CARTESIAN_POINT('',(-0.0225,-0.00266666666666703,0.00499999999999991));
#2777=CARTESIAN_POINT('',(-0.0125,-0.002,0.005));
#2778=CARTESIAN_POINT('',(-0.0225,-0.002,0.005));
#2779=CARTESIAN_POINT('',(-0.0125,-0.003,0.004));
#2780=CARTESIAN_POINT('',(-0.0125,-0.00300000000000037,0.00466666666666657));
#2781=CARTESIAN_POINT('',(-0.0125,-0.00266666666666703,0.00499999999999991));
#2782=CARTESIAN_POINT('',(-0.0125,-0.002,0.005));
#2783=CARTESIAN_POINT('',(-0.0245,-0.000999999999999989,0.004));
#2784=CARTESIAN_POINT('',(-0.0245,0.000999999999999986,0.004));
#2785=CARTESIAN_POINT('',(-0.0245,-0.000999999999999989,0.00466666666666725));
#2786=CARTESIAN_POINT('',(-0.0245,0.000999999999999986,0.00466666666666725));
#2787=CARTESIAN_POINT('',(-0.0241666666666667,-0.000999999999999989,0.00500000000000057));
#2788=CARTESIAN_POINT('',(-0.0241666666666667,0.000999999999999986,0.00500000000000057));
#2789=CARTESIAN_POINT('',(-0.0235,-0.000999999999999989,0.005));
#2790=CARTESIAN_POINT('',(-0.0235,0.000999999999999986,0.005));
#2791=CARTESIAN_POINT('',(-0.0235,0.000999999999999986,0.005));
#2792=CARTESIAN_POINT('',(-0.0241666666666667,0.000999999999999985,0.00500000000000057));
#2793=CARTESIAN_POINT('',(-0.0245,0.000999999999999985,0.00466666666666725));
#2794=CARTESIAN_POINT('',(-0.0245,0.000999999999999985,0.004));
#2795=CARTESIAN_POINT('',(-0.0125,-0.002,0.005));
#2796=CARTESIAN_POINT('',(-0.0122374653087015,-0.00199999999993454,0.005));
#2797=CARTESIAN_POINT('',(-0.0119780133103835,-0.00189222687275647,0.005));
#2798=CARTESIAN_POINT('',(-0.0116077731272434,-0.00152198668961663,0.005));
#2799=CARTESIAN_POINT('',(-0.0115000000000663,-0.00126253469129837,0.005));
#2800=CARTESIAN_POINT('',(-0.0115,-0.000999999999999987,0.005));
#2801=CARTESIAN_POINT('',(-0.0125,-0.003,0.005));
#2802=CARTESIAN_POINT('',(-0.0119749306174031,-0.00299999999986901,0.005));
#2803=CARTESIAN_POINT('',(-0.011456026620767,-0.00278445374551294,0.005));
#2804=CARTESIAN_POINT('',(-0.0107155462544868,-0.00204397337923326,0.005));
#2805=CARTESIAN_POINT('',(-0.0105000000001325,-0.00152506938259675,0.005));
#2806=CARTESIAN_POINT('',(-0.0105,-0.000999999999999985,0.005));
#2807=CARTESIAN_POINT('',(-0.0125,-0.003,0.004));
#2808=CARTESIAN_POINT('',(-0.0119749306174022,-0.003,0.004));
#2809=CARTESIAN_POINT('',(-0.0114560266207669,-0.00278445374551307,0.004));
#2810=CARTESIAN_POINT('',(-0.0107155462544869,-0.00204397337923312,0.004));
#2811=CARTESIAN_POINT('',(-0.0105,-0.00152506938259777,0.004));
#2812=CARTESIAN_POINT('',(-0.0105,-0.000999999999999985,0.004));
#2813=CARTESIAN_POINT('',(-0.0115,-0.000999999999999987,0.005));
#2814=CARTESIAN_POINT('',(-0.0108333333333333,-0.000999999999999986,0.00500000000000023));
#2815=CARTESIAN_POINT('',(-0.0105,-0.000999999999999986,0.00466666666666689));
#2816=CARTESIAN_POINT('',(-0.0105,-0.000999999999999985,0.004));
#2817=CARTESIAN_POINT('',(-0.0225,0.002,0.005));
#2818=CARTESIAN_POINT('',(-0.0227625346912983,0.00199999999993424,0.005));
#2819=CARTESIAN_POINT('',(-0.0230219866896166,0.00189222687275646,0.005));
#2820=CARTESIAN_POINT('',(-0.0233922268727564,0.00152198668961663,0.005));
#2821=CARTESIAN_POINT('',(-0.0234999999999344,0.00126253469129837,0.005));
#2822=CARTESIAN_POINT('',(-0.0235,0.000999999999999986,0.005));
#2823=CARTESIAN_POINT('',(-0.0225,0.003,0.005));
#2824=CARTESIAN_POINT('',(-0.0230250693825967,0.00299999999986878,0.005));
#2825=CARTESIAN_POINT('',(-0.0235439733792333,0.00278445374551287,0.005));
#2826=CARTESIAN_POINT('',(-0.0242844537455129,0.00204397337923332,0.005));
#2827=CARTESIAN_POINT('',(-0.0244999999998688,0.0015250693825967,0.005));
#2828=CARTESIAN_POINT('',(-0.0245,0.000999999999999985,0.005));
#2829=CARTESIAN_POINT('',(-0.0225,0.003,0.004));
#2830=CARTESIAN_POINT('',(-0.0230250693825976,0.003,0.004));
#2831=CARTESIAN_POINT('',(-0.0235439733792333,0.00278445374551287,0.004));
#2832=CARTESIAN_POINT('',(-0.0242844537455129,0.00204397337923332,0.004));
#2833=CARTESIAN_POINT('',(-0.0245,0.00152506938259762,0.004));
#2834=CARTESIAN_POINT('',(-0.0245,0.000999999999999985,0.004));
#2835=CARTESIAN_POINT('',(-0.0225,0.003,0.004));
#2836=CARTESIAN_POINT('',(-0.0225,0.0029999999999991,0.00466666666666566));
#2837=CARTESIAN_POINT('',(-0.0225,0.00266666666666576,0.00499999999999899));
#2838=CARTESIAN_POINT('',(-0.0225,0.002,0.005));
#2839=CARTESIAN_POINT('',(-0.0105,0.000999999999999987,0.004));
#2840=CARTESIAN_POINT('',(-0.0105,-0.000999999999999987,0.004));
#2841=CARTESIAN_POINT('',(-0.0105,0.000999999999999987,0.00466666666666689));
#2842=CARTESIAN_POINT('',(-0.0105,-0.000999999999999987,0.00466666666666689));
#2843=CARTESIAN_POINT('',(-0.0108333333333333,0.000999999999999987,0.00500000000000023));
#2844=CARTESIAN_POINT('',(-0.0108333333333333,-0.000999999999999987,0.00500000000000023));
#2845=CARTESIAN_POINT('',(-0.0115,0.000999999999999987,0.005));
#2846=CARTESIAN_POINT('',(-0.0115,-0.000999999999999987,0.005));
#2847=CARTESIAN_POINT('',(-0.0105,0.000999999999999987,0.004));
#2848=CARTESIAN_POINT('',(-0.0105,0.000999999999999987,0.00466666666666689));
#2849=CARTESIAN_POINT('',(-0.0108333333333333,0.000999999999999987,0.00500000000000023));
#2850=CARTESIAN_POINT('',(-0.0115,0.000999999999999987,0.005));
#2851=CARTESIAN_POINT('',(-0.0225,0.003,0.004));
#2852=CARTESIAN_POINT('',(-0.0125,0.003,0.004));
#2853=CARTESIAN_POINT('',(-0.0225,0.0029999999999991,0.00466666666666566));
#2854=CARTESIAN_POINT('',(-0.0125,0.0029999999999991,0.00466666666666566));
#2855=CARTESIAN_POINT('',(-0.0225,0.00266666666666576,0.00499999999999899));
#2856=CARTESIAN_POINT('',(-0.0125,0.00266666666666576,0.00499999999999899));
#2857=CARTESIAN_POINT('',(-0.0225,0.002,0.005));
#2858=CARTESIAN_POINT('',(-0.0125,0.002,0.005));
#2859=CARTESIAN_POINT('',(-0.0125,0.002,0.005));
#2860=CARTESIAN_POINT('',(-0.0125,0.00266666666666576,0.00499999999999899));
#2861=CARTESIAN_POINT('',(-0.0125,0.0029999999999991,0.00466666666666566));
#2862=CARTESIAN_POINT('',(-0.0125,0.003,0.004));
#2863=CARTESIAN_POINT('',(-0.0115,0.000999999999999987,0.005));
#2864=CARTESIAN_POINT('',(-0.0115000000000653,0.00126253469129838,0.005));
#2865=CARTESIAN_POINT('',(-0.0116077731272436,0.00152198668961662,0.005));
#2866=CARTESIAN_POINT('',(-0.0119780133103833,0.00189222687275647,0.005));
#2867=CARTESIAN_POINT('',(-0.0122374653087017,0.00199999999993454,0.005));
#2868=CARTESIAN_POINT('',(-0.0125,0.002,0.005));
#2869=CARTESIAN_POINT('',(-0.0105,0.000999999999999987,0.005));
#2870=CARTESIAN_POINT('',(-0.0105000000001309,0.00152506938259672,0.005));
#2871=CARTESIAN_POINT('',(-0.0107155462544872,0.0020439733792333,0.005));
#2872=CARTESIAN_POINT('',(-0.0114560266207666,0.00278445374551288,0.005));
#2873=CARTESIAN_POINT('',(-0.0119749306174033,0.00299999999986901,0.005));
#2874=CARTESIAN_POINT('',(-0.0125,0.003,0.005));
#2875=CARTESIAN_POINT('',(-0.0105,0.000999999999999987,0.004));
#2876=CARTESIAN_POINT('',(-0.0105,0.00152506938259761,0.004));
#2877=CARTESIAN_POINT('',(-0.0107155462544871,0.00204397337923333,0.004));
#2878=CARTESIAN_POINT('',(-0.0114560266207667,0.00278445374551286,0.004));
#2879=CARTESIAN_POINT('',(-0.0119749306174024,0.003,0.004));
#2880=CARTESIAN_POINT('',(-0.0125,0.003,0.004));
#2881=CARTESIAN_POINT('',(-0.0190539684087363,0.000724941497659905,0.004));
#2882=CARTESIAN_POINT('',(-0.0187144110764431,0.000724941497659905,0.004));
#2883=CARTESIAN_POINT('',(-0.0187144110764431,0.000724941497659905,0.004));
#2884=CARTESIAN_POINT('',(-0.0190539684087363,0.000724941497659905,0.004));
#2885=CARTESIAN_POINT('',(-0.0193935257410296,0.000724941497659905,0.004));
#2886=CARTESIAN_POINT('',(-0.0193935257410296,0.000724941497659905,0.004));
#2887=CARTESIAN_POINT('',(-0.0187144110764431,0.000909955148205926,0.004));
#2888=CARTESIAN_POINT('',(-0.0187144110764431,0.00109496879875195,0.004));
#2889=CARTESIAN_POINT('',(-0.0187144110764431,0.00109496879875195,0.004));
#2890=CARTESIAN_POINT('',(-0.0187144110764431,0.000909955148205926,0.004));
#2891=CARTESIAN_POINT('',(-0.0196177847113884,0.00109496879875195,0.004));
#2892=CARTESIAN_POINT('',(-0.0205211583463339,0.00109496879875195,0.004));
#2893=CARTESIAN_POINT('',(-0.0205211583463339,0.00109496879875195,0.004));
#2894=CARTESIAN_POINT('',(-0.0196177847113884,0.00109496879875195,0.004));
#2895=CARTESIAN_POINT('',(-0.0205211583463339,0.000909955148205926,0.004));
#2896=CARTESIAN_POINT('',(-0.0205211583463339,0.000724941497659905,0.004));
#2897=CARTESIAN_POINT('',(-0.0205211583463339,0.000724941497659905,0.004));
#2898=CARTESIAN_POINT('',(-0.0205211583463339,0.000909955148205926,0.004));
#2899=CARTESIAN_POINT('',(-0.0201859886895475,0.000724941497659905,0.004));
#2900=CARTESIAN_POINT('',(-0.0198508190327613,0.000724941497659905,0.004));
#2901=CARTESIAN_POINT('',(-0.0198508190327613,0.000724941497659905,0.004));
#2902=CARTESIAN_POINT('',(-0.0201859886895475,0.000724941497659905,0.004));
#2903=CARTESIAN_POINT('',(-0.0198508190327613,-0.000199151716068642,0.004));
#2904=CARTESIAN_POINT('',(-0.0198508190327613,-0.00112324492979719,0.004));
#2905=CARTESIAN_POINT('',(-0.0198508190327613,-0.00112324492979719,0.004));
#2906=CARTESIAN_POINT('',(-0.0198508190327613,-0.000199151716068642,0.004));
#2907=CARTESIAN_POINT('',(-0.0196221723868954,-0.00112324492979719,0.004));
#2908=CARTESIAN_POINT('',(-0.0193935257410296,-0.00112324492979719,0.004));
#2909=CARTESIAN_POINT('',(-0.0193935257410296,-0.00112324492979719,0.004));
#2910=CARTESIAN_POINT('',(-0.0196221723868954,-0.00112324492979719,0.004));
#2911=CARTESIAN_POINT('',(-0.0193935257410296,-0.000199151716068642,0.004));
#2912=CARTESIAN_POINT('',(-0.0193935257410296,-0.000199151716068642,0.004));
#2913=CARTESIAN_POINT('',(-0.000219690912636513,-8.67361737988404E-19,0.004));
#2914=CARTESIAN_POINT('',(-0.0130335900936037,0.000724941497659905,0.004));
#2915=CARTESIAN_POINT('',(-0.0126940327613105,0.000724941497659905,0.004));
#2916=CARTESIAN_POINT('',(-0.0126940327613105,0.000724941497659905,0.004));
#2917=CARTESIAN_POINT('',(-0.0130335900936037,0.000724941497659905,0.004));
#2918=CARTESIAN_POINT('',(-0.013373147425897,0.000724941497659905,0.004));
#2919=CARTESIAN_POINT('',(-0.013373147425897,0.000724941497659905,0.004));
#2920=CARTESIAN_POINT('',(-0.0126940327613105,0.000909955148205926,0.004));
#2921=CARTESIAN_POINT('',(-0.0126940327613105,0.00109496879875195,0.004));
#2922=CARTESIAN_POINT('',(-0.0126940327613105,0.00109496879875195,0.004));
#2923=CARTESIAN_POINT('',(-0.0126940327613105,0.000909955148205926,0.004));
#2924=CARTESIAN_POINT('',(-0.0135974063962559,0.00109496879875195,0.004));
#2925=CARTESIAN_POINT('',(-0.0145007800312012,0.00109496879875195,0.004));
#2926=CARTESIAN_POINT('',(-0.0145007800312012,0.00109496879875195,0.004));
#2927=CARTESIAN_POINT('',(-0.0135974063962559,0.00109496879875195,0.004));
#2928=CARTESIAN_POINT('',(-0.0145007800312012,0.000909955148205926,0.004));
#2929=CARTESIAN_POINT('',(-0.0145007800312012,0.000724941497659905,0.004));
#2930=CARTESIAN_POINT('',(-0.0145007800312012,0.000724941497659905,0.004));
#2931=CARTESIAN_POINT('',(-0.0145007800312012,0.000909955148205926,0.004));
#2932=CARTESIAN_POINT('',(-0.014165610374415,0.000724941497659905,0.004));
#2933=CARTESIAN_POINT('',(-0.0138304407176287,0.000724941497659905,0.004));
#2934=CARTESIAN_POINT('',(-0.0138304407176287,0.000724941497659905,0.004));
#2935=CARTESIAN_POINT('',(-0.014165610374415,0.000724941497659905,0.004));
#2936=CARTESIAN_POINT('',(-0.0138304407176287,-0.000199151716068642,0.004));
#2937=CARTESIAN_POINT('',(-0.0138304407176287,-0.00112324492979719,0.004));
#2938=CARTESIAN_POINT('',(-0.0138304407176287,-0.00112324492979719,0.004));
#2939=CARTESIAN_POINT('',(-0.0138304407176287,-0.000199151716068642,0.004));
#2940=CARTESIAN_POINT('',(-0.0136017940717629,-0.00112324492979719,0.004));
#2941=CARTESIAN_POINT('',(-0.013373147425897,-0.00112324492979719,0.004));
#2942=CARTESIAN_POINT('',(-0.013373147425897,-0.00112324492979719,0.004));
#2943=CARTESIAN_POINT('',(-0.0136017940717629,-0.00112324492979719,0.004));
#2944=CARTESIAN_POINT('',(-0.013373147425897,-0.000199151716068642,0.004));
#2945=CARTESIAN_POINT('',(-0.013373147425897,-0.000199151716068642,0.004));
#2946=CARTESIAN_POINT('',(-0.000219690912636513,-8.67361737988404E-19,0.004));
#2947=CARTESIAN_POINT('',(-0.0176023790951638,-0.000295924336973479,0.004));
#2948=CARTESIAN_POINT('',(-0.0176023790951638,-0.000295924336973479,0.005));
#2949=CARTESIAN_POINT('',(-0.0178797776911076,-0.000295924336973479,0.005));
#2950=CARTESIAN_POINT('',(-0.01732498049922,-0.000295924336973479,0.005));
#2951=CARTESIAN_POINT('',(-0.0178797776911076,-0.000295924336973479,0.004));
#2952=CARTESIAN_POINT('',(-0.0178797776911076,-0.000295924336973479,0.004));
#2953=CARTESIAN_POINT('',(-0.0176023790951638,-0.000295924336973479,0.004));
#2954=CARTESIAN_POINT('',(-0.01732498049922,-0.000295924336973479,0.004));
#2955=CARTESIAN_POINT('',(-0.01732498049922,-0.000295924336973479,0.004));
#2956=CARTESIAN_POINT('',(-0.0177418096723869,0.000119198517940717,0.004));
#2957=CARTESIAN_POINT('',(-0.0177418096723869,0.000119198517940717,0.005));
#2958=CARTESIAN_POINT('',(-0.0176038416536662,0.000534321372854914,0.005));
#2959=CARTESIAN_POINT('',(-0.0176038416536662,0.000534321372854914,0.004));
#2960=CARTESIAN_POINT('',(-0.0176038416536662,0.000534321372854914,0.004));
#2961=CARTESIAN_POINT('',(-0.0177418096723869,0.000119198517940717,0.004));
#2962=CARTESIAN_POINT('',(-0.0176023790951638,-0.000665951638065521,0.004));
#2963=CARTESIAN_POINT('',(-0.0172016380655226,-0.000665951638065522,0.004));
#2964=CARTESIAN_POINT('',(-0.0172016380655226,-0.000665951638065522,0.004));
#2965=CARTESIAN_POINT('',(-0.0176023790951638,-0.000665951638065521,0.004));
#2966=CARTESIAN_POINT('',(-0.018003120124805,-0.000665951638065522,0.004));
#2967=CARTESIAN_POINT('',(-0.018003120124805,-0.000665951638065522,0.004));
#2968=CARTESIAN_POINT('',(-0.0171246099843993,-0.000894598283931355,0.004));
#2969=CARTESIAN_POINT('',(-0.0170475819032762,-0.00112324492979719,0.004));
#2970=CARTESIAN_POINT('',(-0.0170475819032762,-0.00112324492979719,0.004));
#2971=CARTESIAN_POINT('',(-0.0171246099843993,-0.000894598283931355,0.004));
#2972=CARTESIAN_POINT('',(-0.0168045534321373,-0.00112324492979719,0.004));
#2973=CARTESIAN_POINT('',(-0.0165615249609985,-0.00112324492979719,0.004));
#2974=CARTESIAN_POINT('',(-0.0165615249609985,-0.00112324492979719,0.004));
#2975=CARTESIAN_POINT('',(-0.0168045534321373,-0.00112324492979719,0.004));
#2976=CARTESIAN_POINT('',(-0.016976891575663,-1.41380655226211E-5,0.004));
#2977=CARTESIAN_POINT('',(-0.0173922581903276,0.00109496879875195,0.004));
#2978=CARTESIAN_POINT('',(-0.0173922581903276,0.00109496879875195,0.004));
#2979=CARTESIAN_POINT('',(-0.016976891575663,-1.41380655226211E-5,0.004));
#2980=CARTESIAN_POINT('',(-0.0176038416536662,0.00109496879875195,0.004));
#2981=CARTESIAN_POINT('',(-0.0178154251170047,0.00109496879875195,0.004));
#2982=CARTESIAN_POINT('',(-0.0178154251170047,0.00109496879875195,0.004));
#2983=CARTESIAN_POINT('',(-0.0176038416536662,0.00109496879875195,0.004));
#2984=CARTESIAN_POINT('',(-0.0182283541341653,-1.41380655226209E-5,0.004));
#2985=CARTESIAN_POINT('',(-0.0186412831513261,-0.00112324492979719,0.004));
#2986=CARTESIAN_POINT('',(-0.0186412831513261,-0.00112324492979719,0.004));
#2987=CARTESIAN_POINT('',(-0.0182283541341653,-1.41380655226209E-5,0.004));
#2988=CARTESIAN_POINT('',(-0.0183982546801872,-0.00112324492979719,0.004));
#2989=CARTESIAN_POINT('',(-0.0181552262090483,-0.00112324492979719,0.004));
#2990=CARTESIAN_POINT('',(-0.0181552262090483,-0.00112324492979719,0.004));
#2991=CARTESIAN_POINT('',(-0.0183982546801872,-0.00112324492979719,0.004));
#2992=CARTESIAN_POINT('',(-0.0180791731669267,-0.000894598283931356,0.004));
#2993=CARTESIAN_POINT('',(-0.0180791731669267,-0.000894598283931356,0.004));
#2994=CARTESIAN_POINT('',(-0.0174644110764431,0.000119198517940717,0.004));
#2995=CARTESIAN_POINT('',(-0.0174644110764431,0.000119198517940717,0.005));
#2996=CARTESIAN_POINT('',(-0.0174644110764431,0.000119198517940717,0.004));
#2997=CARTESIAN_POINT('',(-0.000219690912636513,-8.67361737988404E-19,0.004));
#2998=CARTESIAN_POINT('',(-0.0157132410296412,5.89898595943837E-5,0.004));
#2999=CARTESIAN_POINT('',(-0.0157132410296412,5.89898595943837E-5,0.005));
#3000=CARTESIAN_POINT('',(-0.015897523400936,5.89898595943837E-5,0.005));
#3001=CARTESIAN_POINT('',(-0.0155289586583464,5.89898595943837E-5,0.005));
#3002=CARTESIAN_POINT('',(-0.015897523400936,5.89898595943837E-5,0.004));
#3003=CARTESIAN_POINT('',(-0.015897523400936,5.89898595943837E-5,0.004));
#3004=CARTESIAN_POINT('',(-0.0157132410296412,5.89898595943837E-5,0.004));
#3005=CARTESIAN_POINT('',(-0.0155289586583464,5.89898595943837E-5,0.004));
#3006=CARTESIAN_POINT('',(-0.0155289586583464,5.89898595943837E-5,0.004));
#3007=CARTESIAN_POINT('',(-0.015897523400936,0.000391965678627144,0.004));
#3008=CARTESIAN_POINT('',(-0.015897523400936,0.000391965678627144,0.005));
#3009=CARTESIAN_POINT('',(-0.015897523400936,0.000724941497659905,0.005));
#3010=CARTESIAN_POINT('',(-0.015897523400936,0.000724941497659905,0.004));
#3011=CARTESIAN_POINT('',(-0.015897523400936,0.000724941497659905,0.004));
#3012=CARTESIAN_POINT('',(-0.015897523400936,0.000391965678627144,0.004));
#3013=CARTESIAN_POINT('',(-0.0157139723088923,0.000724941497659905,0.004));
#3014=CARTESIAN_POINT('',(-0.0157139723088923,0.000724941497659905,0.005));
#3015=CARTESIAN_POINT('',(-0.0155304212168486,0.000724941497659905,0.005));
#3016=CARTESIAN_POINT('',(-0.0155304212168486,0.000724941497659905,0.004));
#3017=CARTESIAN_POINT('',(-0.0155304212168486,0.000724941497659905,0.004));
#3018=CARTESIAN_POINT('',(-0.0157139723088923,0.000724941497659905,0.004));
#3019=CARTESIAN_POINT('',(-0.0152569227769111,0.000634994149765989,0.004));
#3020=CARTESIAN_POINT('',(-0.0152569227769111,0.000634994149765989,0.005));
#3021=CARTESIAN_POINT('',(-0.0153164001560062,0.000694959048361933,0.004));
#3022=CARTESIAN_POINT('',(-0.0153164001560062,0.000694959048361933,0.005));
#3023=CARTESIAN_POINT('',(-0.0154075663026521,0.000724941497659905,0.004));
#3024=CARTESIAN_POINT('',(-0.0154075663026521,0.000724941497659905,0.005));
#3025=CARTESIAN_POINT('',(-0.0155304212168486,0.000724941497659905,0.004));
#3026=CARTESIAN_POINT('',(-0.0155304212168486,0.000724941497659905,0.005));
#3027=CARTESIAN_POINT('',(-0.0152569227769111,0.000634994149765989,0.005));
#3028=CARTESIAN_POINT('',(-0.0153461388455538,0.000724941497659905,0.005));
#3029=CARTESIAN_POINT('',(-0.0155304212168486,0.000724941497659905,0.005));
#3030=CARTESIAN_POINT('',(-0.0152569227769111,0.000634994149765989,0.005));
#3031=CARTESIAN_POINT('',(-0.0152569227769111,0.000634994149765989,0.004));
#3032=CARTESIAN_POINT('',(-0.0152569227769111,0.000634994149765989,0.004));
#3033=CARTESIAN_POINT('',(-0.0152569227769111,0.000634994149765989,0.004));
#3034=CARTESIAN_POINT('',(-0.0153461388455538,0.000724941497659905,0.004));
#3035=CARTESIAN_POINT('',(-0.0155304212168486,0.000724941497659905,0.004));
#3036=CARTESIAN_POINT('',(-0.0151677067082683,0.000388065522620904,0.004));
#3037=CARTESIAN_POINT('',(-0.0151677067082683,0.000388065522620904,0.005));
#3038=CARTESIAN_POINT('',(-0.0151677067082683,0.000492719708788351,0.004));
#3039=CARTESIAN_POINT('',(-0.0151677067082683,0.000492719708788351,0.005));
#3040=CARTESIAN_POINT('',(-0.0151974453978159,0.000575029251170046,0.004));
#3041=CARTESIAN_POINT('',(-0.0151974453978159,0.000575029251170046,0.005));
#3042=CARTESIAN_POINT('',(-0.0152569227769111,0.000634994149765989,0.004));
#3043=CARTESIAN_POINT('',(-0.0152569227769111,0.000634994149765989,0.005));
#3044=CARTESIAN_POINT('',(-0.0151677067082683,0.000388065522620904,0.005));
#3045=CARTESIAN_POINT('',(-0.0151677067082683,0.000545046801872074,0.005));
#3046=CARTESIAN_POINT('',(-0.0152569227769111,0.000634994149765989,0.005));
#3047=CARTESIAN_POINT('',(-0.0151677067082683,0.000388065522620904,0.005));
#3048=CARTESIAN_POINT('',(-0.0151677067082683,0.000388065522620904,0.004));
#3049=CARTESIAN_POINT('',(-0.0151677067082683,0.000388065522620904,0.004));
#3050=CARTESIAN_POINT('',(-0.0151677067082683,0.000388065522620904,0.004));
#3051=CARTESIAN_POINT('',(-0.0151677067082683,0.000545046801872074,0.004));
#3052=CARTESIAN_POINT('',(-0.0152569227769111,0.000634994149765989,0.004));
#3053=CARTESIAN_POINT('',(-0.0152622854914197,0.000146499609984399,0.004));
#3054=CARTESIAN_POINT('',(-0.0152622854914197,0.000146499609984399,0.005));
#3055=CARTESIAN_POINT('',(-0.0151992329693188,0.000204839443577743,0.004));
#3056=CARTESIAN_POINT('',(-0.0151992329693188,0.000204839443577743,0.005));
#3057=CARTESIAN_POINT('',(-0.0151677067082683,0.000285361414456578,0.004));
#3058=CARTESIAN_POINT('',(-0.0151677067082683,0.000285361414456578,0.005));
#3059=CARTESIAN_POINT('',(-0.0151677067082683,0.000388065522620904,0.004));
#3060=CARTESIAN_POINT('',(-0.0151677067082683,0.000388065522620904,0.005));
#3061=CARTESIAN_POINT('',(-0.0152622854914197,0.000146499609984399,0.005));
#3062=CARTESIAN_POINT('',(-0.0151677067082683,0.000234009360374415,0.005));
#3063=CARTESIAN_POINT('',(-0.0151677067082683,0.000388065522620904,0.005));
#3064=CARTESIAN_POINT('',(-0.0152622854914197,0.000146499609984399,0.005));
#3065=CARTESIAN_POINT('',(-0.0152622854914197,0.000146499609984399,0.004));
#3066=CARTESIAN_POINT('',(-0.0152622854914197,0.000146499609984399,0.004));
#3067=CARTESIAN_POINT('',(-0.0152622854914197,0.000146499609984399,0.004));
#3068=CARTESIAN_POINT('',(-0.0151677067082683,0.000234009360374415,0.004));
#3069=CARTESIAN_POINT('',(-0.0151677067082683,0.000388065522620904,0.004));
#3070=CARTESIAN_POINT('',(-0.0157154348673947,-0.000311037441497659,0.004));
#3071=CARTESIAN_POINT('',(-0.0155333463338533,-0.000311037441497659,0.004));
#3072=CARTESIAN_POINT('',(-0.0155333463338533,-0.000311037441497659,0.004));
#3073=CARTESIAN_POINT('',(-0.0157154348673947,-0.000311037441497659,0.004));
#3074=CARTESIAN_POINT('',(-0.015897523400936,-0.000311037441497659,0.004));
#3075=CARTESIAN_POINT('',(-0.015897523400936,-0.000311037441497659,0.004));
#3076=CARTESIAN_POINT('',(-0.0153254192667707,-0.000717141185647425,0.004));
#3077=CARTESIAN_POINT('',(-0.015117492199688,-0.00112324492979719,0.004));
#3078=CARTESIAN_POINT('',(-0.015117492199688,-0.00112324492979719,0.004));
#3079=CARTESIAN_POINT('',(-0.0153254192667707,-0.000717141185647425,0.004));
#3080=CARTESIAN_POINT('',(-0.0148722698907956,-0.00112324492979719,0.004));
#3081=CARTESIAN_POINT('',(-0.0146270475819033,-0.00112324492979719,0.004));
#3082=CARTESIAN_POINT('',(-0.0146270475819033,-0.00112324492979719,0.004));
#3083=CARTESIAN_POINT('',(-0.0148722698907956,-0.00112324492979719,0.004));
#3084=CARTESIAN_POINT('',(-0.0146270475819033,-0.00111251950078003,0.004));
#3085=CARTESIAN_POINT('',(-0.0146270475819033,-0.00110179407176287,0.004));
#3086=CARTESIAN_POINT('',(-0.0146270475819033,-0.00110179407176287,0.004));
#3087=CARTESIAN_POINT('',(-0.0146270475819033,-0.00111251950078003,0.004));
#3088=CARTESIAN_POINT('',(-0.014866907176287,-0.00064864469578783,0.004));
#3089=CARTESIAN_POINT('',(-0.0151067667706709,-0.000195495319812792,0.004));
#3090=CARTESIAN_POINT('',(-0.0151067667706709,-0.000195495319812792,0.004));
#3091=CARTESIAN_POINT('',(-0.014866907176287,-0.00064864469578783,0.004));
#3092=CARTESIAN_POINT('',(-0.0148091361154446,4.60705928237129E-5,0.004));
#3093=CARTESIAN_POINT('',(-0.0148091361154446,4.60705928237129E-5,0.005));
#3094=CARTESIAN_POINT('',(-0.0148746262350494,-5.48459438377533E-5,0.004));
#3095=CARTESIAN_POINT('',(-0.0148746262350494,-5.48459438377533E-5,0.005));
#3096=CARTESIAN_POINT('',(-0.0149738364534582,-0.000135367914716588,0.004));
#3097=CARTESIAN_POINT('',(-0.0149738364534582,-0.000135367914716588,0.005));
#3098=CARTESIAN_POINT('',(-0.0151067667706709,-0.000195495319812792,0.004));
#3099=CARTESIAN_POINT('',(-0.0151067667706709,-0.000195495319812792,0.005));
#3100=CARTESIAN_POINT('',(-0.0148091361154446,4.60705928237129E-5,0.004));
#3101=CARTESIAN_POINT('',(-0.0148091361154446,4.60705928237129E-5,0.004));
#3102=CARTESIAN_POINT('',(-0.0148091361154446,4.60705928237129E-5,0.004));
#3103=CARTESIAN_POINT('',(-0.0149073712948518,-0.000105304212168486,0.004));
#3104=CARTESIAN_POINT('',(-0.0151067667706709,-0.000195495319812792,0.004));
#3105=CARTESIAN_POINT('',(-0.0147109009360374,0.000424629485179407,0.004));
#3106=CARTESIAN_POINT('',(-0.0147109009360374,0.000424629485179407,0.005));
#3107=CARTESIAN_POINT('',(-0.0147109009360374,0.000273173426937077,0.004));
#3108=CARTESIAN_POINT('',(-0.0147109009360374,0.000273173426937077,0.005));
#3109=CARTESIAN_POINT('',(-0.0147436459958398,0.000146987129485179,0.004));
#3110=CARTESIAN_POINT('',(-0.0147436459958398,0.000146987129485179,0.005));
#3111=CARTESIAN_POINT('',(-0.0148091361154446,4.60705928237129E-5,0.004));
#3112=CARTESIAN_POINT('',(-0.0148091361154446,4.60705928237129E-5,0.005));
#3113=CARTESIAN_POINT('',(-0.0147109009360374,0.000424629485179407,0.004));
#3114=CARTESIAN_POINT('',(-0.0147109009360374,0.000424629485179407,0.004));
#3115=CARTESIAN_POINT('',(-0.0147109009360374,0.000424629485179407,0.004));
#3116=CARTESIAN_POINT('',(-0.0147109009360374,0.000197445397815913,0.004));
#3117=CARTESIAN_POINT('',(-0.0148091361154446,4.60705928237129E-5,0.004));
#3118=CARTESIAN_POINT('',(-0.0149241907176287,0.000919705538221527,0.004));
#3119=CARTESIAN_POINT('',(-0.0149241907176287,0.000919705538221527,0.005));
#3120=CARTESIAN_POINT('',(-0.0147819975299012,0.00080286336453458,0.004));
#3121=CARTESIAN_POINT('',(-0.0147819975299012,0.00080286336453458,0.005));
#3122=CARTESIAN_POINT('',(-0.0147109009360374,0.00063783801352054,0.004));
#3123=CARTESIAN_POINT('',(-0.0147109009360374,0.00063783801352054,0.005));
#3124=CARTESIAN_POINT('',(-0.0147109009360374,0.000424629485179407,0.004));
#3125=CARTESIAN_POINT('',(-0.0147109009360374,0.000424629485179407,0.005));
#3126=CARTESIAN_POINT('',(-0.0149241907176287,0.000919705538221527,0.004));
#3127=CARTESIAN_POINT('',(-0.0149241907176287,0.000919705538221527,0.004));
#3128=CARTESIAN_POINT('',(-0.0149241907176287,0.000919705538221527,0.004));
#3129=CARTESIAN_POINT('',(-0.0147109009360374,0.000744442277691106,0.004));
#3130=CARTESIAN_POINT('',(-0.0147109009360374,0.000424629485179407,0.004));
#3131=CARTESIAN_POINT('',(-0.0155304212168486,0.00109496879875195,0.004));
#3132=CARTESIAN_POINT('',(-0.0155304212168486,0.00109496879875195,0.005));
#3133=CARTESIAN_POINT('',(-0.0152684607384295,0.00109496879875195,0.004));
#3134=CARTESIAN_POINT('',(-0.0152684607384295,0.00109496879875195,0.005));
#3135=CARTESIAN_POINT('',(-0.0150663839053562,0.00103654771190847,0.004));
#3136=CARTESIAN_POINT('',(-0.0150663839053562,0.00103654771190847,0.005));
#3137=CARTESIAN_POINT('',(-0.0149241907176287,0.000919705538221527,0.004));
#3138=CARTESIAN_POINT('',(-0.0149241907176287,0.000919705538221527,0.005));
#3139=CARTESIAN_POINT('',(-0.0155304212168486,0.00109496879875195,0.004));
#3140=CARTESIAN_POINT('',(-0.0155304212168486,0.00109496879875195,0.004));
#3141=CARTESIAN_POINT('',(-0.0155304212168486,0.00109496879875195,0.004));
#3142=CARTESIAN_POINT('',(-0.01513748049922,0.00109496879875195,0.004));
#3143=CARTESIAN_POINT('',(-0.0149241907176287,0.000919705538221527,0.004));
#3144=CARTESIAN_POINT('',(-0.0159426189547582,0.00109496879875195,0.004));
#3145=CARTESIAN_POINT('',(-0.0163548166926677,0.00109496879875195,0.004));
#3146=CARTESIAN_POINT('',(-0.0163548166926677,0.00109496879875195,0.004));
#3147=CARTESIAN_POINT('',(-0.0159426189547582,0.00109496879875195,0.004));
#3148=CARTESIAN_POINT('',(-0.0163548166926677,-1.41380655226209E-5,0.004));
#3149=CARTESIAN_POINT('',(-0.0163548166926677,-0.00112324492979719,0.004));
#3150=CARTESIAN_POINT('',(-0.0163548166926677,-0.00112324492979719,0.004));
#3151=CARTESIAN_POINT('',(-0.0163548166926677,-1.41380655226209E-5,0.004));
#3152=CARTESIAN_POINT('',(-0.0161261700468018,-0.00112324492979719,0.004));
#3153=CARTESIAN_POINT('',(-0.015897523400936,-0.00112324492979719,0.004));
#3154=CARTESIAN_POINT('',(-0.015897523400936,-0.00112324492979719,0.004));
#3155=CARTESIAN_POINT('',(-0.0161261700468018,-0.00112324492979719,0.004));
#3156=CARTESIAN_POINT('',(-0.015897523400936,-0.000717141185647424,0.004));
#3157=CARTESIAN_POINT('',(-0.015897523400936,-0.000717141185647424,0.004));
#3158=CARTESIAN_POINT('',(-0.0155289586583464,5.89898595943837E-5,0.004));
#3159=CARTESIAN_POINT('',(-0.0155289586583464,5.89898595943837E-5,0.005));
#3160=CARTESIAN_POINT('',(-0.0154142290691628,5.89898595943837E-5,0.004));
#3161=CARTESIAN_POINT('',(-0.0154142290691628,5.89898595943837E-5,0.005));
#3162=CARTESIAN_POINT('',(-0.0153253380135205,8.81597763910555E-5,0.004));
#3163=CARTESIAN_POINT('',(-0.0153253380135205,8.81597763910555E-5,0.005));
#3164=CARTESIAN_POINT('',(-0.0152622854914197,0.000146499609984399,0.004));
#3165=CARTESIAN_POINT('',(-0.0152622854914197,0.000146499609984399,0.005));
#3166=CARTESIAN_POINT('',(-0.0155289586583464,5.89898595943837E-5,0.005));
#3167=CARTESIAN_POINT('',(-0.015356864274571,5.89898595943837E-5,0.005));
#3168=CARTESIAN_POINT('',(-0.0152622854914197,0.000146499609984399,0.005));
#3169=CARTESIAN_POINT('',(-0.0155289586583464,5.89898595943837E-5,0.004));
#3170=CARTESIAN_POINT('',(-0.015356864274571,5.89898595943837E-5,0.004));
#3171=CARTESIAN_POINT('',(-0.0152622854914197,0.000146499609984399,0.004));
#3172=CARTESIAN_POINT('',(-0.000219690912636513,-8.67361737988404E-19,0.004));
#3173=CARTESIAN_POINT('',(-0.0213861273804707,-0.000527232496540954,0.004));
#3174=CARTESIAN_POINT('',(-0.0211515210608424,-0.000541146645865834,0.004));
#3175=CARTESIAN_POINT('',(-0.0211519550813896,-0.000541114418072872,0.004));
#3176=CARTESIAN_POINT('',(-0.0213861273804707,-0.000527232496540954,0.004));
#3177=CARTESIAN_POINT('',(-0.0212429309672387,-0.000342482449297971,0.004));
#3178=CARTESIAN_POINT('',(-0.0212429309672387,-0.000342482449297971,0.004));
#3179=CARTESIAN_POINT('',(-0.0213668158825714,-0.00055073704277556,0.004));
#3180=CARTESIAN_POINT('',(-0.0212429309672387,-0.000726404056162245,0.004));
#3181=CARTESIAN_POINT('',(-0.0212429309672387,-0.000726404056162245,0.004));
#3182=CARTESIAN_POINT('',(-0.0213668158825714,-0.00055073704277556,0.004));
#3183=CARTESIAN_POINT('',(-0.0214976599063963,-0.000792706708268329,0.004));
#3184=CARTESIAN_POINT('',(-0.0214976599063963,-0.000792706708268329,0.005));
#3185=CARTESIAN_POINT('',(-0.0213887805512221,-0.000792706708268329,0.004));
#3186=CARTESIAN_POINT('',(-0.0213887805512221,-0.000792706708268329,0.005));
#3187=CARTESIAN_POINT('',(-0.0213038709048362,-0.000770605824232968,0.004));
#3188=CARTESIAN_POINT('',(-0.0213038709048362,-0.000770605824232968,0.005));
#3189=CARTESIAN_POINT('',(-0.0212429309672387,-0.000726404056162245,0.004));
#3190=CARTESIAN_POINT('',(-0.0212429309672387,-0.000726404056162245,0.005));
#3191=CARTESIAN_POINT('',(-0.0214976599063963,-0.000792706708268329,0.004));
#3192=CARTESIAN_POINT('',(-0.0214976599063963,-0.000792706708268329,0.004));
#3193=CARTESIAN_POINT('',(-0.0214976599063963,-0.000792706708268329,0.004));
#3194=CARTESIAN_POINT('',(-0.0213343408736349,-0.000792706708268329,0.004));
#3195=CARTESIAN_POINT('',(-0.0212429309672387,-0.000726404056162245,0.004));
#3196=CARTESIAN_POINT('',(-0.0219364274570982,-0.000425604524180967,0.004));
#3197=CARTESIAN_POINT('',(-0.0219364274570982,-0.000425604524180967,0.005));
#3198=CARTESIAN_POINT('',(-0.0219364274570982,-0.000670339313572542,0.004));
#3199=CARTESIAN_POINT('',(-0.0219364274570982,-0.000670339313572542,0.005));
#3200=CARTESIAN_POINT('',(-0.0217901716068643,-0.000792706708268329,0.004));
#3201=CARTESIAN_POINT('',(-0.0217901716068643,-0.000792706708268329,0.005));
#3202=CARTESIAN_POINT('',(-0.0214976599063963,-0.000792706708268329,0.004));
#3203=CARTESIAN_POINT('',(-0.0214976599063963,-0.000792706708268329,0.005));
#3204=CARTESIAN_POINT('',(-0.0219364274570982,-0.000425604524180967,0.004));
#3205=CARTESIAN_POINT('',(-0.0219364274570982,-0.000425604524180967,0.004));
#3206=CARTESIAN_POINT('',(-0.0219364274570982,-0.000425604524180967,0.004));
#3207=CARTESIAN_POINT('',(-0.0219364274570982,-0.000792706708268329,0.004));
#3208=CARTESIAN_POINT('',(-0.0214976599063963,-0.000792706708268329,0.004));
#3209=CARTESIAN_POINT('',(-0.0221655616224649,-0.000425604524180967,0.004));
#3210=CARTESIAN_POINT('',(-0.0223941257058691,-0.000425604524180967,0.004));
#3211=CARTESIAN_POINT('',(-0.0223941257058691,-0.000425604524180967,0.004));
#3212=CARTESIAN_POINT('',(-0.0221655616224649,-0.000425604524180967,0.004));
#3213=CARTESIAN_POINT('',(-0.0217373576363655,-0.000439929666104945,0.004));
#3214=CARTESIAN_POINT('',(-0.0222842726209048,-0.0008031883775351,0.004));
#3215=CARTESIAN_POINT('',(-0.0222845801290674,-0.000803399749066813,0.004));
#3216=CARTESIAN_POINT('',(-0.0217373576363655,-0.000439929666104945,0.004));
#3217=CARTESIAN_POINT('',(-0.0216818858297111,-0.000375375171688257,0.004));
#3218=CARTESIAN_POINT('',(-0.021963728549142,-0.00106011115444618,0.004));
#3219=CARTESIAN_POINT('',(-0.0219636475429234,-0.00105990403038113,0.004));
#3220=CARTESIAN_POINT('',(-0.0216818858297111,-0.000375375171688257,0.004));
#3221=CARTESIAN_POINT('',(-0.0215146359149203,-2.26978884630841E-5,0.004));
#3222=CARTESIAN_POINT('',(-0.0214976599063963,-0.00115395865834633,0.004));
#3223=CARTESIAN_POINT('',(-0.0214976599063963,-0.00115395865834633,0.004));
#3224=CARTESIAN_POINT('',(-0.0215146359149203,-2.26978884630841E-5,0.004));
#3225=CARTESIAN_POINT('',(-0.0209109301872075,-0.000990152106084241,0.004));
#3226=CARTESIAN_POINT('',(-0.0209109301872075,-0.000990152106084241,0.005));
#3227=CARTESIAN_POINT('',(-0.0210560484919397,-0.00109935647425897,0.004));
#3228=CARTESIAN_POINT('',(-0.0210560484919397,-0.00109935647425897,0.005));
#3229=CARTESIAN_POINT('',(-0.0212516250650026,-0.00115395865834633,0.004));
#3230=CARTESIAN_POINT('',(-0.0212516250650026,-0.00115395865834633,0.005));
#3231=CARTESIAN_POINT('',(-0.0214976599063963,-0.00115395865834633,0.004));
#3232=CARTESIAN_POINT('',(-0.0214976599063963,-0.00115395865834633,0.005));
#3233=CARTESIAN_POINT('',(-0.0209109301872075,-0.000990152106084241,0.004));
#3234=CARTESIAN_POINT('',(-0.0209109301872075,-0.000990152106084241,0.004));
#3235=CARTESIAN_POINT('',(-0.0209109301872075,-0.000990152106084241,0.004));
#3236=CARTESIAN_POINT('',(-0.0211286076443058,-0.00115395865834633,0.004));
#3237=CARTESIAN_POINT('',(-0.0214976599063963,-0.00115395865834633,0.004));
#3238=CARTESIAN_POINT('',(-0.0206932527301092,-0.000538221528861153,0.004));
#3239=CARTESIAN_POINT('',(-0.0206932527301092,-0.000538221528861153,0.005));
#3240=CARTESIAN_POINT('',(-0.0206932527301092,-0.000730304212168485,0.004));
#3241=CARTESIAN_POINT('',(-0.0206932527301092,-0.000730304212168485,0.005));
#3242=CARTESIAN_POINT('',(-0.0207658118824753,-0.000880947737909514,0.004));
#3243=CARTESIAN_POINT('',(-0.0207658118824753,-0.000880947737909514,0.005));
#3244=CARTESIAN_POINT('',(-0.0209109301872075,-0.000990152106084241,0.004));
#3245=CARTESIAN_POINT('',(-0.0209109301872075,-0.000990152106084241,0.005));
#3246=CARTESIAN_POINT('',(-0.0206932527301092,-0.000538221528861153,0.004));
#3247=CARTESIAN_POINT('',(-0.0206932527301092,-0.000538221528861153,0.004));
#3248=CARTESIAN_POINT('',(-0.0206932527301092,-0.000538221528861153,0.004));
#3249=CARTESIAN_POINT('',(-0.0206932527301092,-0.000826345553822151,0.004));
#3250=CARTESIAN_POINT('',(-0.0209109301872075,-0.000990152106084241,0.004));
#3251=CARTESIAN_POINT('',(-0.0212720866783522,-0.000522583172995464,0.004));
#3252=CARTESIAN_POINT('',(-0.0208714411076443,-0.000105547971918876,0.004));
#3253=CARTESIAN_POINT('',(-0.0208714411076443,-0.000105547971918876,0.004));
#3254=CARTESIAN_POINT('',(-0.0212720866783522,-0.000522583172995464,0.004));
#3255=CARTESIAN_POINT('',(-0.0214396450858034,0.000185257410296412,0.004));
#3256=CARTESIAN_POINT('',(-0.0214396450858034,0.000185257410296412,0.005));
#3257=CARTESIAN_POINT('',(-0.0211796346853874,0.000107254290171607,0.004));
#3258=CARTESIAN_POINT('',(-0.0211796346853874,0.000107254290171607,0.005));
#3259=CARTESIAN_POINT('',(-0.0209902333593344,1.03191627665107E-5,0.004));
#3260=CARTESIAN_POINT('',(-0.0209902333593344,1.03191627665107E-5,0.005));
#3261=CARTESIAN_POINT('',(-0.0208714411076443,-0.000105547971918876,0.004));
#3262=CARTESIAN_POINT('',(-0.0208714411076443,-0.000105547971918876,0.005));
#3263=CARTESIAN_POINT('',(-0.0214396450858034,0.000185257410296412,0.004));
#3264=CARTESIAN_POINT('',(-0.0214396450858034,0.000185257410296412,0.004));
#3265=CARTESIAN_POINT('',(-0.0214396450858034,0.000185257410296412,0.004));
#3266=CARTESIAN_POINT('',(-0.0210496294851794,6.82527301092042E-5,0.004));
#3267=CARTESIAN_POINT('',(-0.0208714411076443,-0.000105547971918876,0.004));
#3268=CARTESIAN_POINT('',(-0.0217601891575663,0.00032273790951638,0.004));
#3269=CARTESIAN_POINT('',(-0.0217601891575663,0.00032273790951638,0.005));
#3270=CARTESIAN_POINT('',(-0.0216875487519501,0.000273985959438377,0.004));
#3271=CARTESIAN_POINT('',(-0.0216875487519501,0.000273985959438377,0.005));
#3272=CARTESIAN_POINT('',(-0.0215807007280291,0.000228159126365054,0.004));
#3273=CARTESIAN_POINT('',(-0.0215807007280291,0.000228159126365054,0.005));
#3274=CARTESIAN_POINT('',(-0.0214396450858034,0.000185257410296412,0.004));
#3275=CARTESIAN_POINT('',(-0.0214396450858034,0.000185257410296412,0.005));
#3276=CARTESIAN_POINT('',(-0.0217601891575663,0.00032273790951638,0.004));
#3277=CARTESIAN_POINT('',(-0.0217601891575663,0.00032273790951638,0.004));
#3278=CARTESIAN_POINT('',(-0.0217601891575663,0.00032273790951638,0.004));
#3279=CARTESIAN_POINT('',(-0.021651228549142,0.000249609984399376,0.004));
#3280=CARTESIAN_POINT('',(-0.0214396450858034,0.000185257410296412,0.004));
#3281=CARTESIAN_POINT('',(-0.0218691497659907,0.000504095163806551,0.004));
#3282=CARTESIAN_POINT('',(-0.0218691497659907,0.000504095163806551,0.005));
#3283=CARTESIAN_POINT('',(-0.0218691497659907,0.000431942277691107,0.004));
#3284=CARTESIAN_POINT('',(-0.0218691497659907,0.000431942277691107,0.005));
#3285=CARTESIAN_POINT('',(-0.0218328295631825,0.000371489859594383,0.004));
#3286=CARTESIAN_POINT('',(-0.0218328295631825,0.000371489859594383,0.005));
#3287=CARTESIAN_POINT('',(-0.0217601891575663,0.00032273790951638,0.004));
#3288=CARTESIAN_POINT('',(-0.0217601891575663,0.00032273790951638,0.005));
#3289=CARTESIAN_POINT('',(-0.0218691497659907,0.000504095163806551,0.004));
#3290=CARTESIAN_POINT('',(-0.0218691497659907,0.000504095163806551,0.004));
#3291=CARTESIAN_POINT('',(-0.0218691497659907,0.000504095163806551,0.004));
#3292=CARTESIAN_POINT('',(-0.0218691497659907,0.000395865834633385,0.004));
#3293=CARTESIAN_POINT('',(-0.0217601891575663,0.00032273790951638,0.004));
#3294=CARTESIAN_POINT('',(-0.0216464020928063,0.000509383531846136,0.004));
#3295=CARTESIAN_POINT('',(-0.0217762773010921,0.000690571372854913,0.004));
#3296=CARTESIAN_POINT('',(-0.0217762773010921,0.000690571372854913,0.004));
#3297=CARTESIAN_POINT('',(-0.0216464020928063,0.000509383531846136,0.004));
#3298=CARTESIAN_POINT('',(-0.0215156981279251,0.000761505460218407,0.004));
#3299=CARTESIAN_POINT('',(-0.0215156981279251,0.000761505460218407,0.005));
#3300=CARTESIAN_POINT('',(-0.021627502600104,0.000761505460218407,0.004));
#3301=CARTESIAN_POINT('',(-0.021627502600104,0.000761505460218407,0.005));
#3302=CARTESIAN_POINT('',(-0.021714362324493,0.000737860764430576,0.004));
#3303=CARTESIAN_POINT('',(-0.021714362324493,0.000737860764430576,0.005));
#3304=CARTESIAN_POINT('',(-0.0217762773010921,0.000690571372854913,0.004));
#3305=CARTESIAN_POINT('',(-0.0217762773010921,0.000690571372854913,0.005));
#3306=CARTESIAN_POINT('',(-0.0215156981279251,0.000761505460218407,0.004));
#3307=CARTESIAN_POINT('',(-0.0215156981279251,0.000761505460218407,0.004));
#3308=CARTESIAN_POINT('',(-0.0215156981279251,0.000761505460218407,0.004));
#3309=CARTESIAN_POINT('',(-0.0216834048361935,0.000761505460218407,0.004));
#3310=CARTESIAN_POINT('',(-0.0217762773010921,0.000690571372854913,0.004));
#3311=CARTESIAN_POINT('',(-0.0212460998439938,0.000676920826833072,0.004));
#3312=CARTESIAN_POINT('',(-0.0212460998439938,0.000676920826833072,0.005));
#3313=CARTESIAN_POINT('',(-0.0213101274050962,0.000733310582423295,0.004));
#3314=CARTESIAN_POINT('',(-0.0213101274050962,0.000733310582423295,0.005));
#3315=CARTESIAN_POINT('',(-0.02139999349974,0.000761505460218407,0.004));
#3316=CARTESIAN_POINT('',(-0.02139999349974,0.000761505460218407,0.005));
#3317=CARTESIAN_POINT('',(-0.0215156981279251,0.000761505460218407,0.004));
#3318=CARTESIAN_POINT('',(-0.0215156981279251,0.000761505460218407,0.005));
#3319=CARTESIAN_POINT('',(-0.0212460998439938,0.000676920826833072,0.004));
#3320=CARTESIAN_POINT('',(-0.0212460998439938,0.000676920826833072,0.004));
#3321=CARTESIAN_POINT('',(-0.0212460998439938,0.000676920826833072,0.004));
#3322=CARTESIAN_POINT('',(-0.0213421411856474,0.000761505460218407,0.004));
#3323=CARTESIAN_POINT('',(-0.0215156981279251,0.000761505460218407,0.004));
#3324=CARTESIAN_POINT('',(-0.0211500585023401,0.000439742589703588,0.004));
#3325=CARTESIAN_POINT('',(-0.0211500585023401,0.000439742589703588,0.005));
#3326=CARTESIAN_POINT('',(-0.0211500585023401,0.000541471658866354,0.004));
#3327=CARTESIAN_POINT('',(-0.0211500585023401,0.000541471658866354,0.005));
#3328=CARTESIAN_POINT('',(-0.0211820722828913,0.000620531071242849,0.004));
#3329=CARTESIAN_POINT('',(-0.0211820722828913,0.000620531071242849,0.005));
#3330=CARTESIAN_POINT('',(-0.0212460998439938,0.000676920826833072,0.004));
#3331=CARTESIAN_POINT('',(-0.0212460998439938,0.000676920826833072,0.005));
#3332=CARTESIAN_POINT('',(-0.0211500585023401,0.000439742589703588,0.004));
#3333=CARTESIAN_POINT('',(-0.0211500585023401,0.000439742589703588,0.004));
#3334=CARTESIAN_POINT('',(-0.0211500585023401,0.000439742589703588,0.004));
#3335=CARTESIAN_POINT('',(-0.0211500585023401,0.000592336193447737,0.004));
#3336=CARTESIAN_POINT('',(-0.0212460998439938,0.000676920826833072,0.004));
#3337=CARTESIAN_POINT('',(-0.0209216556162246,0.000439742589703588,0.004));
#3338=CARTESIAN_POINT('',(-0.0206936673865925,0.000439742589703588,0.004));
#3339=CARTESIAN_POINT('',(-0.0206936673865925,0.000439742589703588,0.004));
#3340=CARTESIAN_POINT('',(-0.0209216556162246,0.000439742589703588,0.004));
#3341=CARTESIAN_POINT('',(-0.0213283584687545,0.000450835948071104,0.004));
#3342=CARTESIAN_POINT('',(-0.0207961193447738,0.000796363104524179,0.004));
#3343=CARTESIAN_POINT('',(-0.020795974070919,0.00079645865321875,0.004));
#3344=CARTESIAN_POINT('',(-0.0213283584687545,0.000450835948071104,0.004));
#3345=CARTESIAN_POINT('',(-0.0213576847720625,0.000419982933333758,0.004));
#3346=CARTESIAN_POINT('',(-0.0210847308892355,0.00103939157566302,0.004));
#3347=CARTESIAN_POINT('',(-0.0210847118340358,0.00103943352747657,0.004));
#3348=CARTESIAN_POINT('',(-0.0213576847720625,0.000419982933333758,0.004));
#3349=CARTESIAN_POINT('',(-0.0214878720953547,0.000128855717882728,0.004));
#3350=CARTESIAN_POINT('',(-0.0215083853354134,0.00112568252730109,0.004));
#3351=CARTESIAN_POINT('',(-0.02150837889093,0.00112535715105128,0.004));
#3352=CARTESIAN_POINT('',(-0.0214878720953547,0.000128855717882728,0.004));
#3353=CARTESIAN_POINT('',(-0.021527120621919,2.90995185138099E-5,0.004));
#3354=CARTESIAN_POINT('',(-0.0219339898595944,0.00104646060842433,0.004));
#3355=CARTESIAN_POINT('',(-0.0219339898595944,0.00104646060842433,0.004));
#3356=CARTESIAN_POINT('',(-0.021527120621919,2.90995185138099E-5,0.004));
#3357=CARTESIAN_POINT('',(-0.02222503900156,0.000826101794071761,0.004));
#3358=CARTESIAN_POINT('',(-0.02222503900156,0.000826101794071761,0.005));
#3359=CARTESIAN_POINT('',(-0.0221574362974519,0.000920193057722307,0.004));
#3360=CARTESIAN_POINT('',(-0.0221574362974519,0.000920193057722307,0.005));
#3361=CARTESIAN_POINT('',(-0.0220604199167967,0.000993645995839831,0.004));
#3362=CARTESIAN_POINT('',(-0.0220604199167967,0.000993645995839831,0.005));
#3363=CARTESIAN_POINT('',(-0.0219339898595944,0.00104646060842433,0.004));
#3364=CARTESIAN_POINT('',(-0.0219339898595944,0.00104646060842433,0.005));
#3365=CARTESIAN_POINT('',(-0.02222503900156,0.000826101794071761,0.004));
#3366=CARTESIAN_POINT('',(-0.02222503900156,0.000826101794071761,0.004));
#3367=CARTESIAN_POINT('',(-0.02222503900156,0.000826101794071761,0.004));
#3368=CARTESIAN_POINT('',(-0.0221236349453978,0.00096723868954758,0.004));
#3369=CARTESIAN_POINT('',(-0.0219339898595944,0.00104646060842433,0.004));
#3370=CARTESIAN_POINT('',(-0.0217913318227339,0.00051311194357432,0.004));
#3371=CARTESIAN_POINT('',(-0.0223264430577223,0.000505557722308891,0.004));
#3372=CARTESIAN_POINT('',(-0.0223264430577223,0.000505557722308891,0.004));
#3373=CARTESIAN_POINT('',(-0.0217913318227339,0.00051311194357432,0.004));
#3374=CARTESIAN_POINT('',(-0.0219486154446178,-4.43642745709828E-5,0.004));
#3375=CARTESIAN_POINT('',(-0.0219486154446178,-4.43642745709828E-5,0.005));
#3376=CARTESIAN_POINT('',(-0.0222005005200208,9.14911596463857E-5,0.004));
#3377=CARTESIAN_POINT('',(-0.0222005005200208,9.14911596463857E-5,0.005));
#3378=CARTESIAN_POINT('',(-0.0223264430577223,0.000274798491939677,0.004));
#3379=CARTESIAN_POINT('',(-0.0223264430577223,0.000274798491939677,0.005));
#3380=CARTESIAN_POINT('',(-0.0223264430577223,0.000505557722308891,0.004));
#3381=CARTESIAN_POINT('',(-0.0223264430577223,0.000505557722308891,0.005));
#3382=CARTESIAN_POINT('',(-0.0219486154446178,-4.43642745709828E-5,0.004));
#3383=CARTESIAN_POINT('',(-0.0219486154446178,-4.43642745709828E-5,0.004));
#3384=CARTESIAN_POINT('',(-0.0219486154446178,-4.43642745709828E-5,0.004));
#3385=CARTESIAN_POINT('',(-0.0223264430577223,0.00015941887675507,0.004));
#3386=CARTESIAN_POINT('',(-0.0223264430577223,0.000505557722308891,0.004));
#3387=CARTESIAN_POINT('',(-0.0208885083417375,0.00206274554507635,0.004));
#3388=CARTESIAN_POINT('',(-0.0215720066302652,-0.000196226599063962,0.004));
#3389=CARTESIAN_POINT('',(-0.0215720066302652,-0.000196226599063962,0.004));
#3390=CARTESIAN_POINT('',(-0.0208885083417375,0.00206274554507635,0.004));
#3391=CARTESIAN_POINT('',(-0.0212429309672387,-0.000342482449297971,0.004));
#3392=CARTESIAN_POINT('',(-0.0212429309672387,-0.000342482449297971,0.005));
#3393=CARTESIAN_POINT('',(-0.0213038709048362,-0.000296168096723868,0.004));
#3394=CARTESIAN_POINT('',(-0.0213038709048362,-0.000296168096723868,0.005));
#3395=CARTESIAN_POINT('',(-0.0214135627925117,-0.000247416146645865,0.004));
#3396=CARTESIAN_POINT('',(-0.0214135627925117,-0.000247416146645865,0.005));
#3397=CARTESIAN_POINT('',(-0.0215720066302652,-0.000196226599063962,0.004));
#3398=CARTESIAN_POINT('',(-0.0215720066302652,-0.000196226599063962,0.005));
#3399=CARTESIAN_POINT('',(-0.0212429309672387,-0.000342482449297971,0.004));
#3400=CARTESIAN_POINT('',(-0.0213343408736349,-0.000273010920436817,0.004));
#3401=CARTESIAN_POINT('',(-0.0215720066302652,-0.000196226599063962,0.004));
#3402=CARTESIAN_POINT('',(-0.000219690912636513,-8.67361737988404E-19,0.004));
#3403=CARTESIAN_POINT('',(-0.0175,0.,0.005));
#3404=CARTESIAN_POINT('',(-0.0175,0.,0.005));
#3405=MECHANICAL_DESIGN_GEOMETRIC_PRESENTATION_REPRESENTATION('',(#1920),
#3406);
#3406=(
GEOMETRIC_REPRESENTATION_CONTEXT(3)
GLOBAL_UNCERTAINTY_ASSIGNED_CONTEXT((#3407))
GLOBAL_UNIT_ASSIGNED_CONTEXT((#3410,#3409,#3408))
REPRESENTATION_CONTEXT('StartButton','TOP_LEVEL_ASSEMBLY_PART')
);
#3407=UNCERTAINTY_MEASURE_WITH_UNIT(LENGTH_MEASURE(2.E-5),#3410,
'DISTANCE_ACCURACY_VALUE','Maximum Tolerance applied to model');
#3408=(
NAMED_UNIT(*)
SI_UNIT($,.STERADIAN.)
SOLID_ANGLE_UNIT()
);
#3409=(
NAMED_UNIT(*)
PLANE_ANGLE_UNIT()
SI_UNIT($,.RADIAN.)
);
#3410=(
LENGTH_UNIT()
NAMED_UNIT(*)
SI_UNIT($,.METRE.)
);
#3411=PRODUCT_DEFINITION_SHAPE('','',#3412);
#3412=PRODUCT_DEFINITION('','',#3414,#3413);
#3413=PRODUCT_DEFINITION_CONTEXT('',#3420,'design');
#3414=PRODUCT_DEFINITION_FORMATION_WITH_SPECIFIED_SOURCE('','',#3416,
 .NOT_KNOWN.);
#3415=PRODUCT_RELATED_PRODUCT_CATEGORY('','',(#3416));
#3416=PRODUCT('StartButton','StartButton','StartButton',(#3418));
#3417=PRODUCT_CATEGORY('','');
#3418=PRODUCT_CONTEXT('',#3420,'mechanical');
#3419=APPLICATION_PROTOCOL_DEFINITION('international standard',
'ap242_managed_model_based_3d_engineering',2020,#3420);
#3420=APPLICATION_CONTEXT('managed model based 3d engineering');
ENDSEC;
END-ISO-10303-21;
