ISO-10303-21;
HEADER;
/* Generated by software containing ST-Developer
 * from STEP Tools, Inc. (www.steptools.com) 
 */
/* OPTION: using custom renumber hook */

FILE_DESCRIPTION(
/* description */ ('STEP AP242 Edition 2',
'CAx-IF Rec.Pracs.---Representation and Presentation of Product Manufa
cturing Information (PMI)---4.0---2014-10-13',
'CAx-IF Rec.Pracs.---3D Tessellated Geometry---0.4---2014-09-14','2;1',
'CAx-IF Rec.Pracs.---User Defined Attributes---1.5---2016-08-15'),
/* implementation_level */ '2;1');

FILE_NAME(
/* name */ 'CompleteShell - Part 16',
/* time_stamp */ '2026-09-23T14:59:39Z',
/* author */ (''),
/* organization */ (''),
/* preprocessor_version */ 'ST-DEVELOPER v20',
/* originating_system */ 'ONSHAPE BY PTC INC, 1.221',
/* authorisation */ '  ');

FILE_SCHEMA (('AP242_MANAGED_MODEL_BASED_3D_ENGINEERING_MIM_LF { 1 0 10303 442 3 1 4 }'));
ENDSEC;

DATA;
#10=SHAPE_REPRESENTATION_RELATIONSHIP('','',#2095,#11);
#11=ADVANCED_BREP_SHAPE_REPRESENTATION('',(#2093),#3821);
#12=PLANE('',#2223);
#13=PLANE('',#2224);
#14=PLANE('',#2351);
#15=PLANE('',#2352);
#16=PLANE('',#2413);
#17=PLANE('',#2414);
#18=LINE('',#3174,#134);
#19=LINE('',#3178,#135);
#20=LINE('',#3182,#136);
#21=LINE('',#3188,#137);
#22=LINE('',#3194,#138);
#23=LINE('',#3200,#139);
#24=LINE('',#3206,#140);
#25=LINE('',#3212,#141);
#26=LINE('',#3218,#142);
#27=LINE('',#3224,#143);
#28=LINE('',#3230,#144);
#29=LINE('',#3236,#145);
#30=LINE('',#3242,#146);
#31=LINE('',#3248,#147);
#32=LINE('',#3254,#148);
#33=LINE('',#3260,#149);
#34=LINE('',#3266,#150);
#35=LINE('',#3272,#151);
#36=LINE('',#3278,#152);
#37=LINE('',#3284,#153);
#38=LINE('',#3290,#154);
#39=LINE('',#3296,#155);
#40=LINE('',#3302,#156);
#41=LINE('',#3308,#157);
#42=LINE('',#3314,#158);
#43=LINE('',#3320,#159);
#44=LINE('',#3326,#160);
#45=LINE('',#3332,#161);
#46=LINE('',#3338,#162);
#47=LINE('',#3344,#163);
#48=LINE('',#3350,#164);
#49=LINE('',#3356,#165);
#50=LINE('',#3362,#166);
#51=LINE('',#3368,#167);
#52=LINE('',#3374,#168);
#53=LINE('',#3380,#169);
#54=LINE('',#3386,#170);
#55=LINE('',#3392,#171);
#56=LINE('',#3398,#172);
#57=LINE('',#3404,#173);
#58=LINE('',#3410,#174);
#59=LINE('',#3416,#175);
#60=LINE('',#3422,#176);
#61=LINE('',#3426,#177);
#62=LINE('',#3428,#178);
#63=LINE('',#3430,#179);
#64=LINE('',#3432,#180);
#65=LINE('',#3434,#181);
#66=LINE('',#3436,#182);
#67=LINE('',#3440,#183);
#68=LINE('',#3446,#184);
#69=LINE('',#3452,#185);
#70=LINE('',#3458,#186);
#71=LINE('',#3464,#187);
#72=LINE('',#3470,#188);
#73=LINE('',#3476,#189);
#74=LINE('',#3482,#190);
#75=LINE('',#3488,#191);
#76=LINE('',#3494,#192);
#77=LINE('',#3500,#193);
#78=LINE('',#3506,#194);
#79=LINE('',#3512,#195);
#80=LINE('',#3518,#196);
#81=LINE('',#3524,#197);
#82=LINE('',#3530,#198);
#83=LINE('',#3536,#199);
#84=LINE('',#3542,#200);
#85=LINE('',#3548,#201);
#86=LINE('',#3554,#202);
#87=LINE('',#3560,#203);
#88=LINE('',#3566,#204);
#89=LINE('',#3572,#205);
#90=LINE('',#3578,#206);
#91=LINE('',#3584,#207);
#92=LINE('',#3590,#208);
#93=LINE('',#3596,#209);
#94=LINE('',#3602,#210);
#95=LINE('',#3608,#211);
#96=LINE('',#3614,#212);
#97=LINE('',#3620,#213);
#98=LINE('',#3626,#214);
#99=LINE('',#3632,#215);
#100=LINE('',#3638,#216);
#101=LINE('',#3644,#217);
#102=LINE('',#3650,#218);
#103=LINE('',#3656,#219);
#104=LINE('',#3662,#220);
#105=LINE('',#3668,#221);
#106=LINE('',#3674,#222);
#107=LINE('',#3680,#223);
#108=LINE('',#3687,#224);
#109=LINE('',#3691,#225);
#110=LINE('',#3693,#226);
#111=LINE('',#3695,#227);
#112=LINE('',#3697,#228);
#113=LINE('',#3699,#229);
#114=LINE('',#3701,#230);
#115=LINE('',#3703,#231);
#116=LINE('',#3707,#232);
#117=LINE('',#3713,#233);
#118=LINE('',#3719,#234);
#119=LINE('',#3725,#235);
#120=LINE('',#3731,#236);
#121=LINE('',#3737,#237);
#122=LINE('',#3743,#238);
#123=LINE('',#3749,#239);
#124=LINE('',#3755,#240);
#125=LINE('',#3761,#241);
#126=LINE('',#3767,#242);
#127=LINE('',#3773,#243);
#128=LINE('',#3779,#244);
#129=LINE('',#3785,#245);
#130=LINE('',#3791,#246);
#131=LINE('',#3797,#247);
#132=LINE('',#3803,#248);
#133=LINE('',#3809,#249);
#134=VECTOR('',#2421,1.);
#135=VECTOR('',#2424,1.);
#136=VECTOR('',#2429,1.);
#137=VECTOR('',#2436,1.);
#138=VECTOR('',#2443,1.);
#139=VECTOR('',#2450,1.);
#140=VECTOR('',#2457,1.);
#141=VECTOR('',#2464,1.);
#142=VECTOR('',#2471,1.);
#143=VECTOR('',#2478,1.);
#144=VECTOR('',#2485,1.);
#145=VECTOR('',#2492,1.);
#146=VECTOR('',#2499,1.);
#147=VECTOR('',#2506,1.);
#148=VECTOR('',#2513,1.);
#149=VECTOR('',#2520,1.);
#150=VECTOR('',#2527,1.);
#151=VECTOR('',#2534,1.);
#152=VECTOR('',#2541,1.);
#153=VECTOR('',#2548,1.);
#154=VECTOR('',#2555,1.);
#155=VECTOR('',#2562,1.);
#156=VECTOR('',#2569,1.);
#157=VECTOR('',#2576,1.);
#158=VECTOR('',#2583,1.);
#159=VECTOR('',#2590,1.);
#160=VECTOR('',#2597,1.);
#161=VECTOR('',#2604,1.);
#162=VECTOR('',#2611,1.);
#163=VECTOR('',#2618,1.);
#164=VECTOR('',#2625,1.);
#165=VECTOR('',#2632,1.);
#166=VECTOR('',#2639,1.);
#167=VECTOR('',#2646,1.);
#168=VECTOR('',#2653,1.);
#169=VECTOR('',#2660,1.);
#170=VECTOR('',#2667,1.);
#171=VECTOR('',#2674,1.);
#172=VECTOR('',#2681,1.);
#173=VECTOR('',#2688,1.);
#174=VECTOR('',#2695,1.);
#175=VECTOR('',#2702,1.);
#176=VECTOR('',#2709,1.);
#177=VECTOR('',#2714,1.);
#178=VECTOR('',#2715,1.);
#179=VECTOR('',#2716,1.);
#180=VECTOR('',#2719,1.);
#181=VECTOR('',#2720,1.);
#182=VECTOR('',#2721,1.);
#183=VECTOR('',#2726,1.);
#184=VECTOR('',#2733,1.);
#185=VECTOR('',#2740,1.);
#186=VECTOR('',#2747,1.);
#187=VECTOR('',#2754,1.);
#188=VECTOR('',#2761,1.);
#189=VECTOR('',#2768,1.);
#190=VECTOR('',#2775,1.);
#191=VECTOR('',#2782,1.);
#192=VECTOR('',#2789,1.);
#193=VECTOR('',#2796,1.);
#194=VECTOR('',#2803,1.);
#195=VECTOR('',#2810,1.);
#196=VECTOR('',#2817,1.);
#197=VECTOR('',#2824,1.);
#198=VECTOR('',#2831,1.);
#199=VECTOR('',#2838,1.);
#200=VECTOR('',#2845,1.);
#201=VECTOR('',#2852,1.);
#202=VECTOR('',#2859,1.);
#203=VECTOR('',#2866,1.);
#204=VECTOR('',#2873,1.);
#205=VECTOR('',#2880,1.);
#206=VECTOR('',#2887,1.);
#207=VECTOR('',#2894,1.);
#208=VECTOR('',#2901,1.);
#209=VECTOR('',#2908,1.);
#210=VECTOR('',#2915,1.);
#211=VECTOR('',#2922,1.);
#212=VECTOR('',#2929,1.);
#213=VECTOR('',#2936,1.);
#214=VECTOR('',#2943,1.);
#215=VECTOR('',#2950,1.);
#216=VECTOR('',#2957,1.);
#217=VECTOR('',#2964,1.);
#218=VECTOR('',#2971,1.);
#219=VECTOR('',#2978,1.);
#220=VECTOR('',#2985,1.);
#221=VECTOR('',#2992,1.);
#222=VECTOR('',#2999,1.);
#223=VECTOR('',#3006,1.);
#224=VECTOR('',#3013,1.);
#225=VECTOR('',#3016,1.);
#226=VECTOR('',#3019,1.);
#227=VECTOR('',#3020,1.);
#228=VECTOR('',#3021,1.);
#229=VECTOR('',#3024,1.);
#230=VECTOR('',#3025,1.);
#231=VECTOR('',#3026,1.);
#232=VECTOR('',#3031,1.);
#233=VECTOR('',#3038,1.);
#234=VECTOR('',#3045,1.);
#235=VECTOR('',#3052,1.);
#236=VECTOR('',#3059,1.);
#237=VECTOR('',#3066,1.);
#238=VECTOR('',#3073,1.);
#239=VECTOR('',#3080,1.);
#240=VECTOR('',#3087,1.);
#241=VECTOR('',#3094,1.);
#242=VECTOR('',#3101,1.);
#243=VECTOR('',#3108,1.);
#244=VECTOR('',#3115,1.);
#245=VECTOR('',#3122,1.);
#246=VECTOR('',#3129,1.);
#247=VECTOR('',#3136,1.);
#248=VECTOR('',#3143,1.);
#249=VECTOR('',#3150,1.);
#250=ORIENTED_EDGE('',*,*,#898,.T.);
#251=ORIENTED_EDGE('',*,*,#899,.F.);
#252=ORIENTED_EDGE('',*,*,#900,.F.);
#253=ORIENTED_EDGE('',*,*,#901,.T.);
#254=ORIENTED_EDGE('',*,*,#902,.T.);
#255=ORIENTED_EDGE('',*,*,#903,.F.);
#256=ORIENTED_EDGE('',*,*,#904,.F.);
#257=ORIENTED_EDGE('',*,*,#899,.T.);
#258=ORIENTED_EDGE('',*,*,#905,.T.);
#259=ORIENTED_EDGE('',*,*,#906,.F.);
#260=ORIENTED_EDGE('',*,*,#907,.F.);
#261=ORIENTED_EDGE('',*,*,#903,.T.);
#262=ORIENTED_EDGE('',*,*,#908,.T.);
#263=ORIENTED_EDGE('',*,*,#909,.F.);
#264=ORIENTED_EDGE('',*,*,#910,.F.);
#265=ORIENTED_EDGE('',*,*,#906,.T.);
#266=ORIENTED_EDGE('',*,*,#911,.T.);
#267=ORIENTED_EDGE('',*,*,#912,.F.);
#268=ORIENTED_EDGE('',*,*,#913,.F.);
#269=ORIENTED_EDGE('',*,*,#909,.T.);
#270=ORIENTED_EDGE('',*,*,#914,.T.);
#271=ORIENTED_EDGE('',*,*,#915,.F.);
#272=ORIENTED_EDGE('',*,*,#916,.F.);
#273=ORIENTED_EDGE('',*,*,#912,.T.);
#274=ORIENTED_EDGE('',*,*,#917,.T.);
#275=ORIENTED_EDGE('',*,*,#918,.F.);
#276=ORIENTED_EDGE('',*,*,#919,.F.);
#277=ORIENTED_EDGE('',*,*,#915,.T.);
#278=ORIENTED_EDGE('',*,*,#920,.T.);
#279=ORIENTED_EDGE('',*,*,#921,.F.);
#280=ORIENTED_EDGE('',*,*,#922,.F.);
#281=ORIENTED_EDGE('',*,*,#918,.T.);
#282=ORIENTED_EDGE('',*,*,#923,.T.);
#283=ORIENTED_EDGE('',*,*,#924,.F.);
#284=ORIENTED_EDGE('',*,*,#925,.F.);
#285=ORIENTED_EDGE('',*,*,#921,.T.);
#286=ORIENTED_EDGE('',*,*,#926,.T.);
#287=ORIENTED_EDGE('',*,*,#927,.F.);
#288=ORIENTED_EDGE('',*,*,#928,.F.);
#289=ORIENTED_EDGE('',*,*,#924,.T.);
#290=ORIENTED_EDGE('',*,*,#929,.T.);
#291=ORIENTED_EDGE('',*,*,#930,.F.);
#292=ORIENTED_EDGE('',*,*,#931,.F.);
#293=ORIENTED_EDGE('',*,*,#927,.T.);
#294=ORIENTED_EDGE('',*,*,#932,.T.);
#295=ORIENTED_EDGE('',*,*,#933,.F.);
#296=ORIENTED_EDGE('',*,*,#934,.F.);
#297=ORIENTED_EDGE('',*,*,#930,.T.);
#298=ORIENTED_EDGE('',*,*,#935,.T.);
#299=ORIENTED_EDGE('',*,*,#936,.F.);
#300=ORIENTED_EDGE('',*,*,#937,.F.);
#301=ORIENTED_EDGE('',*,*,#933,.T.);
#302=ORIENTED_EDGE('',*,*,#938,.T.);
#303=ORIENTED_EDGE('',*,*,#939,.F.);
#304=ORIENTED_EDGE('',*,*,#940,.F.);
#305=ORIENTED_EDGE('',*,*,#936,.T.);
#306=ORIENTED_EDGE('',*,*,#941,.T.);
#307=ORIENTED_EDGE('',*,*,#942,.F.);
#308=ORIENTED_EDGE('',*,*,#943,.F.);
#309=ORIENTED_EDGE('',*,*,#939,.T.);
#310=ORIENTED_EDGE('',*,*,#944,.T.);
#311=ORIENTED_EDGE('',*,*,#945,.F.);
#312=ORIENTED_EDGE('',*,*,#946,.F.);
#313=ORIENTED_EDGE('',*,*,#942,.T.);
#314=ORIENTED_EDGE('',*,*,#947,.T.);
#315=ORIENTED_EDGE('',*,*,#948,.F.);
#316=ORIENTED_EDGE('',*,*,#949,.F.);
#317=ORIENTED_EDGE('',*,*,#945,.T.);
#318=ORIENTED_EDGE('',*,*,#950,.T.);
#319=ORIENTED_EDGE('',*,*,#951,.F.);
#320=ORIENTED_EDGE('',*,*,#952,.F.);
#321=ORIENTED_EDGE('',*,*,#948,.T.);
#322=ORIENTED_EDGE('',*,*,#953,.T.);
#323=ORIENTED_EDGE('',*,*,#954,.F.);
#324=ORIENTED_EDGE('',*,*,#955,.F.);
#325=ORIENTED_EDGE('',*,*,#951,.T.);
#326=ORIENTED_EDGE('',*,*,#956,.T.);
#327=ORIENTED_EDGE('',*,*,#957,.F.);
#328=ORIENTED_EDGE('',*,*,#958,.F.);
#329=ORIENTED_EDGE('',*,*,#954,.T.);
#330=ORIENTED_EDGE('',*,*,#959,.T.);
#331=ORIENTED_EDGE('',*,*,#960,.F.);
#332=ORIENTED_EDGE('',*,*,#961,.F.);
#333=ORIENTED_EDGE('',*,*,#957,.T.);
#334=ORIENTED_EDGE('',*,*,#962,.T.);
#335=ORIENTED_EDGE('',*,*,#963,.F.);
#336=ORIENTED_EDGE('',*,*,#964,.F.);
#337=ORIENTED_EDGE('',*,*,#960,.T.);
#338=ORIENTED_EDGE('',*,*,#965,.T.);
#339=ORIENTED_EDGE('',*,*,#966,.F.);
#340=ORIENTED_EDGE('',*,*,#967,.F.);
#341=ORIENTED_EDGE('',*,*,#963,.T.);
#342=ORIENTED_EDGE('',*,*,#968,.T.);
#343=ORIENTED_EDGE('',*,*,#969,.F.);
#344=ORIENTED_EDGE('',*,*,#970,.F.);
#345=ORIENTED_EDGE('',*,*,#966,.T.);
#346=ORIENTED_EDGE('',*,*,#971,.T.);
#347=ORIENTED_EDGE('',*,*,#972,.F.);
#348=ORIENTED_EDGE('',*,*,#973,.F.);
#349=ORIENTED_EDGE('',*,*,#969,.T.);
#350=ORIENTED_EDGE('',*,*,#974,.T.);
#351=ORIENTED_EDGE('',*,*,#975,.F.);
#352=ORIENTED_EDGE('',*,*,#976,.F.);
#353=ORIENTED_EDGE('',*,*,#972,.T.);
#354=ORIENTED_EDGE('',*,*,#977,.T.);
#355=ORIENTED_EDGE('',*,*,#978,.F.);
#356=ORIENTED_EDGE('',*,*,#979,.F.);
#357=ORIENTED_EDGE('',*,*,#975,.T.);
#358=ORIENTED_EDGE('',*,*,#980,.T.);
#359=ORIENTED_EDGE('',*,*,#981,.F.);
#360=ORIENTED_EDGE('',*,*,#982,.F.);
#361=ORIENTED_EDGE('',*,*,#978,.T.);
#362=ORIENTED_EDGE('',*,*,#983,.T.);
#363=ORIENTED_EDGE('',*,*,#984,.F.);
#364=ORIENTED_EDGE('',*,*,#985,.F.);
#365=ORIENTED_EDGE('',*,*,#981,.T.);
#366=ORIENTED_EDGE('',*,*,#986,.T.);
#367=ORIENTED_EDGE('',*,*,#987,.F.);
#368=ORIENTED_EDGE('',*,*,#988,.F.);
#369=ORIENTED_EDGE('',*,*,#984,.T.);
#370=ORIENTED_EDGE('',*,*,#989,.T.);
#371=ORIENTED_EDGE('',*,*,#990,.F.);
#372=ORIENTED_EDGE('',*,*,#991,.F.);
#373=ORIENTED_EDGE('',*,*,#987,.T.);
#374=ORIENTED_EDGE('',*,*,#992,.T.);
#375=ORIENTED_EDGE('',*,*,#993,.F.);
#376=ORIENTED_EDGE('',*,*,#994,.F.);
#377=ORIENTED_EDGE('',*,*,#990,.T.);
#378=ORIENTED_EDGE('',*,*,#995,.T.);
#379=ORIENTED_EDGE('',*,*,#996,.F.);
#380=ORIENTED_EDGE('',*,*,#997,.F.);
#381=ORIENTED_EDGE('',*,*,#993,.T.);
#382=ORIENTED_EDGE('',*,*,#998,.T.);
#383=ORIENTED_EDGE('',*,*,#999,.F.);
#384=ORIENTED_EDGE('',*,*,#1000,.F.);
#385=ORIENTED_EDGE('',*,*,#996,.T.);
#386=ORIENTED_EDGE('',*,*,#1001,.T.);
#387=ORIENTED_EDGE('',*,*,#1002,.F.);
#388=ORIENTED_EDGE('',*,*,#1003,.F.);
#389=ORIENTED_EDGE('',*,*,#999,.T.);
#390=ORIENTED_EDGE('',*,*,#1004,.T.);
#391=ORIENTED_EDGE('',*,*,#1005,.F.);
#392=ORIENTED_EDGE('',*,*,#1006,.F.);
#393=ORIENTED_EDGE('',*,*,#1002,.T.);
#394=ORIENTED_EDGE('',*,*,#1007,.T.);
#395=ORIENTED_EDGE('',*,*,#1008,.F.);
#396=ORIENTED_EDGE('',*,*,#1009,.F.);
#397=ORIENTED_EDGE('',*,*,#1005,.T.);
#398=ORIENTED_EDGE('',*,*,#1010,.T.);
#399=ORIENTED_EDGE('',*,*,#1011,.F.);
#400=ORIENTED_EDGE('',*,*,#1012,.F.);
#401=ORIENTED_EDGE('',*,*,#1008,.T.);
#402=ORIENTED_EDGE('',*,*,#1013,.T.);
#403=ORIENTED_EDGE('',*,*,#1014,.F.);
#404=ORIENTED_EDGE('',*,*,#1015,.F.);
#405=ORIENTED_EDGE('',*,*,#1011,.T.);
#406=ORIENTED_EDGE('',*,*,#1016,.T.);
#407=ORIENTED_EDGE('',*,*,#1017,.F.);
#408=ORIENTED_EDGE('',*,*,#1018,.F.);
#409=ORIENTED_EDGE('',*,*,#1014,.T.);
#410=ORIENTED_EDGE('',*,*,#1019,.T.);
#411=ORIENTED_EDGE('',*,*,#1020,.F.);
#412=ORIENTED_EDGE('',*,*,#1021,.F.);
#413=ORIENTED_EDGE('',*,*,#1017,.T.);
#414=ORIENTED_EDGE('',*,*,#1022,.T.);
#415=ORIENTED_EDGE('',*,*,#1023,.F.);
#416=ORIENTED_EDGE('',*,*,#1024,.F.);
#417=ORIENTED_EDGE('',*,*,#1020,.T.);
#418=ORIENTED_EDGE('',*,*,#1025,.T.);
#419=ORIENTED_EDGE('',*,*,#1026,.F.);
#420=ORIENTED_EDGE('',*,*,#1027,.F.);
#421=ORIENTED_EDGE('',*,*,#1023,.T.);
#422=ORIENTED_EDGE('',*,*,#1028,.T.);
#423=ORIENTED_EDGE('',*,*,#1029,.F.);
#424=ORIENTED_EDGE('',*,*,#1030,.F.);
#425=ORIENTED_EDGE('',*,*,#1026,.T.);
#426=ORIENTED_EDGE('',*,*,#1031,.T.);
#427=ORIENTED_EDGE('',*,*,#1032,.F.);
#428=ORIENTED_EDGE('',*,*,#1033,.F.);
#429=ORIENTED_EDGE('',*,*,#1029,.T.);
#430=ORIENTED_EDGE('',*,*,#1034,.T.);
#431=ORIENTED_EDGE('',*,*,#1035,.F.);
#432=ORIENTED_EDGE('',*,*,#1036,.F.);
#433=ORIENTED_EDGE('',*,*,#1032,.T.);
#434=ORIENTED_EDGE('',*,*,#1037,.T.);
#435=ORIENTED_EDGE('',*,*,#1038,.F.);
#436=ORIENTED_EDGE('',*,*,#1039,.F.);
#437=ORIENTED_EDGE('',*,*,#1035,.T.);
#438=ORIENTED_EDGE('',*,*,#1040,.T.);
#439=ORIENTED_EDGE('',*,*,#1041,.F.);
#440=ORIENTED_EDGE('',*,*,#1042,.F.);
#441=ORIENTED_EDGE('',*,*,#1038,.T.);
#442=ORIENTED_EDGE('',*,*,#1043,.T.);
#443=ORIENTED_EDGE('',*,*,#1044,.F.);
#444=ORIENTED_EDGE('',*,*,#1045,.F.);
#445=ORIENTED_EDGE('',*,*,#1041,.T.);
#446=ORIENTED_EDGE('',*,*,#1046,.T.);
#447=ORIENTED_EDGE('',*,*,#1047,.F.);
#448=ORIENTED_EDGE('',*,*,#1048,.F.);
#449=ORIENTED_EDGE('',*,*,#1044,.T.);
#450=ORIENTED_EDGE('',*,*,#1049,.T.);
#451=ORIENTED_EDGE('',*,*,#1050,.F.);
#452=ORIENTED_EDGE('',*,*,#1051,.F.);
#453=ORIENTED_EDGE('',*,*,#1047,.T.);
#454=ORIENTED_EDGE('',*,*,#1052,.T.);
#455=ORIENTED_EDGE('',*,*,#1053,.F.);
#456=ORIENTED_EDGE('',*,*,#1054,.F.);
#457=ORIENTED_EDGE('',*,*,#1050,.T.);
#458=ORIENTED_EDGE('',*,*,#1055,.T.);
#459=ORIENTED_EDGE('',*,*,#1056,.F.);
#460=ORIENTED_EDGE('',*,*,#1057,.F.);
#461=ORIENTED_EDGE('',*,*,#1053,.T.);
#462=ORIENTED_EDGE('',*,*,#1058,.T.);
#463=ORIENTED_EDGE('',*,*,#1059,.F.);
#464=ORIENTED_EDGE('',*,*,#1060,.F.);
#465=ORIENTED_EDGE('',*,*,#1056,.T.);
#466=ORIENTED_EDGE('',*,*,#1061,.T.);
#467=ORIENTED_EDGE('',*,*,#1062,.F.);
#468=ORIENTED_EDGE('',*,*,#1063,.F.);
#469=ORIENTED_EDGE('',*,*,#1059,.T.);
#470=ORIENTED_EDGE('',*,*,#1064,.T.);
#471=ORIENTED_EDGE('',*,*,#1065,.F.);
#472=ORIENTED_EDGE('',*,*,#1066,.F.);
#473=ORIENTED_EDGE('',*,*,#1062,.T.);
#474=ORIENTED_EDGE('',*,*,#1067,.T.);
#475=ORIENTED_EDGE('',*,*,#1068,.F.);
#476=ORIENTED_EDGE('',*,*,#1069,.F.);
#477=ORIENTED_EDGE('',*,*,#1065,.T.);
#478=ORIENTED_EDGE('',*,*,#1070,.T.);
#479=ORIENTED_EDGE('',*,*,#1071,.F.);
#480=ORIENTED_EDGE('',*,*,#1072,.F.);
#481=ORIENTED_EDGE('',*,*,#1068,.T.);
#482=ORIENTED_EDGE('',*,*,#1073,.T.);
#483=ORIENTED_EDGE('',*,*,#1074,.F.);
#484=ORIENTED_EDGE('',*,*,#1075,.F.);
#485=ORIENTED_EDGE('',*,*,#1071,.T.);
#486=ORIENTED_EDGE('',*,*,#1076,.T.);
#487=ORIENTED_EDGE('',*,*,#1077,.F.);
#488=ORIENTED_EDGE('',*,*,#1078,.F.);
#489=ORIENTED_EDGE('',*,*,#1074,.T.);
#490=ORIENTED_EDGE('',*,*,#1079,.T.);
#491=ORIENTED_EDGE('',*,*,#1080,.F.);
#492=ORIENTED_EDGE('',*,*,#1081,.F.);
#493=ORIENTED_EDGE('',*,*,#1077,.T.);
#494=ORIENTED_EDGE('',*,*,#1082,.T.);
#495=ORIENTED_EDGE('',*,*,#1083,.F.);
#496=ORIENTED_EDGE('',*,*,#1084,.F.);
#497=ORIENTED_EDGE('',*,*,#1080,.T.);
#498=ORIENTED_EDGE('',*,*,#1085,.T.);
#499=ORIENTED_EDGE('',*,*,#1086,.F.);
#500=ORIENTED_EDGE('',*,*,#1087,.F.);
#501=ORIENTED_EDGE('',*,*,#1083,.T.);
#502=ORIENTED_EDGE('',*,*,#1088,.T.);
#503=ORIENTED_EDGE('',*,*,#1089,.F.);
#504=ORIENTED_EDGE('',*,*,#1090,.F.);
#505=ORIENTED_EDGE('',*,*,#1086,.T.);
#506=ORIENTED_EDGE('',*,*,#1091,.T.);
#507=ORIENTED_EDGE('',*,*,#1092,.F.);
#508=ORIENTED_EDGE('',*,*,#1093,.F.);
#509=ORIENTED_EDGE('',*,*,#1089,.T.);
#510=ORIENTED_EDGE('',*,*,#1094,.T.);
#511=ORIENTED_EDGE('',*,*,#1095,.F.);
#512=ORIENTED_EDGE('',*,*,#1096,.F.);
#513=ORIENTED_EDGE('',*,*,#1092,.T.);
#514=ORIENTED_EDGE('',*,*,#1097,.T.);
#515=ORIENTED_EDGE('',*,*,#1098,.F.);
#516=ORIENTED_EDGE('',*,*,#1099,.F.);
#517=ORIENTED_EDGE('',*,*,#1095,.T.);
#518=ORIENTED_EDGE('',*,*,#1100,.T.);
#519=ORIENTED_EDGE('',*,*,#1101,.F.);
#520=ORIENTED_EDGE('',*,*,#1102,.F.);
#521=ORIENTED_EDGE('',*,*,#1098,.T.);
#522=ORIENTED_EDGE('',*,*,#1103,.T.);
#523=ORIENTED_EDGE('',*,*,#1104,.F.);
#524=ORIENTED_EDGE('',*,*,#1105,.F.);
#525=ORIENTED_EDGE('',*,*,#1101,.T.);
#526=ORIENTED_EDGE('',*,*,#1106,.T.);
#527=ORIENTED_EDGE('',*,*,#1107,.F.);
#528=ORIENTED_EDGE('',*,*,#1108,.F.);
#529=ORIENTED_EDGE('',*,*,#1104,.T.);
#530=ORIENTED_EDGE('',*,*,#1109,.T.);
#531=ORIENTED_EDGE('',*,*,#1110,.F.);
#532=ORIENTED_EDGE('',*,*,#1111,.F.);
#533=ORIENTED_EDGE('',*,*,#1107,.T.);
#534=ORIENTED_EDGE('',*,*,#1112,.T.);
#535=ORIENTED_EDGE('',*,*,#1113,.F.);
#536=ORIENTED_EDGE('',*,*,#1114,.F.);
#537=ORIENTED_EDGE('',*,*,#1110,.T.);
#538=ORIENTED_EDGE('',*,*,#1115,.T.);
#539=ORIENTED_EDGE('',*,*,#1116,.F.);
#540=ORIENTED_EDGE('',*,*,#1117,.F.);
#541=ORIENTED_EDGE('',*,*,#1113,.T.);
#542=ORIENTED_EDGE('',*,*,#1118,.T.);
#543=ORIENTED_EDGE('',*,*,#1119,.F.);
#544=ORIENTED_EDGE('',*,*,#1120,.F.);
#545=ORIENTED_EDGE('',*,*,#1116,.T.);
#546=ORIENTED_EDGE('',*,*,#1121,.T.);
#547=ORIENTED_EDGE('',*,*,#1122,.F.);
#548=ORIENTED_EDGE('',*,*,#1123,.F.);
#549=ORIENTED_EDGE('',*,*,#1119,.T.);
#550=ORIENTED_EDGE('',*,*,#1124,.T.);
#551=ORIENTED_EDGE('',*,*,#1125,.F.);
#552=ORIENTED_EDGE('',*,*,#1126,.F.);
#553=ORIENTED_EDGE('',*,*,#1122,.T.);
#554=ORIENTED_EDGE('',*,*,#1127,.T.);
#555=ORIENTED_EDGE('',*,*,#1128,.F.);
#556=ORIENTED_EDGE('',*,*,#1129,.F.);
#557=ORIENTED_EDGE('',*,*,#1125,.T.);
#558=ORIENTED_EDGE('',*,*,#1130,.T.);
#559=ORIENTED_EDGE('',*,*,#1131,.F.);
#560=ORIENTED_EDGE('',*,*,#1132,.F.);
#561=ORIENTED_EDGE('',*,*,#1128,.T.);
#562=ORIENTED_EDGE('',*,*,#1133,.T.);
#563=ORIENTED_EDGE('',*,*,#1134,.F.);
#564=ORIENTED_EDGE('',*,*,#1135,.F.);
#565=ORIENTED_EDGE('',*,*,#1131,.T.);
#566=ORIENTED_EDGE('',*,*,#1136,.T.);
#567=ORIENTED_EDGE('',*,*,#1137,.F.);
#568=ORIENTED_EDGE('',*,*,#1138,.F.);
#569=ORIENTED_EDGE('',*,*,#1134,.T.);
#570=ORIENTED_EDGE('',*,*,#1139,.T.);
#571=ORIENTED_EDGE('',*,*,#1140,.F.);
#572=ORIENTED_EDGE('',*,*,#1141,.F.);
#573=ORIENTED_EDGE('',*,*,#1137,.T.);
#574=ORIENTED_EDGE('',*,*,#1142,.T.);
#575=ORIENTED_EDGE('',*,*,#1143,.F.);
#576=ORIENTED_EDGE('',*,*,#1144,.F.);
#577=ORIENTED_EDGE('',*,*,#1140,.T.);
#578=ORIENTED_EDGE('',*,*,#1145,.T.);
#579=ORIENTED_EDGE('',*,*,#1146,.F.);
#580=ORIENTED_EDGE('',*,*,#1147,.F.);
#581=ORIENTED_EDGE('',*,*,#1143,.T.);
#582=ORIENTED_EDGE('',*,*,#1148,.T.);
#583=ORIENTED_EDGE('',*,*,#1149,.F.);
#584=ORIENTED_EDGE('',*,*,#1150,.F.);
#585=ORIENTED_EDGE('',*,*,#1146,.T.);
#586=ORIENTED_EDGE('',*,*,#1151,.T.);
#587=ORIENTED_EDGE('',*,*,#1152,.F.);
#588=ORIENTED_EDGE('',*,*,#1153,.F.);
#589=ORIENTED_EDGE('',*,*,#1149,.T.);
#590=ORIENTED_EDGE('',*,*,#1154,.F.);
#591=ORIENTED_EDGE('',*,*,#1155,.F.);
#592=ORIENTED_EDGE('',*,*,#1156,.T.);
#593=ORIENTED_EDGE('',*,*,#1157,.T.);
#594=ORIENTED_EDGE('',*,*,#1158,.F.);
#595=ORIENTED_EDGE('',*,*,#1159,.F.);
#596=ORIENTED_EDGE('',*,*,#1160,.T.);
#597=ORIENTED_EDGE('',*,*,#1155,.T.);
#598=ORIENTED_EDGE('',*,*,#1161,.F.);
#599=ORIENTED_EDGE('',*,*,#1162,.F.);
#600=ORIENTED_EDGE('',*,*,#1163,.T.);
#601=ORIENTED_EDGE('',*,*,#1159,.T.);
#602=ORIENTED_EDGE('',*,*,#1164,.F.);
#603=ORIENTED_EDGE('',*,*,#1165,.F.);
#604=ORIENTED_EDGE('',*,*,#1166,.T.);
#605=ORIENTED_EDGE('',*,*,#1162,.T.);
#606=ORIENTED_EDGE('',*,*,#1167,.F.);
#607=ORIENTED_EDGE('',*,*,#1168,.F.);
#608=ORIENTED_EDGE('',*,*,#1169,.T.);
#609=ORIENTED_EDGE('',*,*,#1165,.T.);
#610=ORIENTED_EDGE('',*,*,#1170,.F.);
#611=ORIENTED_EDGE('',*,*,#1171,.F.);
#612=ORIENTED_EDGE('',*,*,#1172,.T.);
#613=ORIENTED_EDGE('',*,*,#1168,.T.);
#614=ORIENTED_EDGE('',*,*,#1173,.F.);
#615=ORIENTED_EDGE('',*,*,#1174,.F.);
#616=ORIENTED_EDGE('',*,*,#1175,.T.);
#617=ORIENTED_EDGE('',*,*,#1171,.T.);
#618=ORIENTED_EDGE('',*,*,#1176,.F.);
#619=ORIENTED_EDGE('',*,*,#1177,.F.);
#620=ORIENTED_EDGE('',*,*,#1178,.T.);
#621=ORIENTED_EDGE('',*,*,#1174,.T.);
#622=ORIENTED_EDGE('',*,*,#1179,.F.);
#623=ORIENTED_EDGE('',*,*,#1180,.F.);
#624=ORIENTED_EDGE('',*,*,#1181,.T.);
#625=ORIENTED_EDGE('',*,*,#1177,.T.);
#626=ORIENTED_EDGE('',*,*,#1182,.F.);
#627=ORIENTED_EDGE('',*,*,#1183,.F.);
#628=ORIENTED_EDGE('',*,*,#1184,.T.);
#629=ORIENTED_EDGE('',*,*,#1180,.T.);
#630=ORIENTED_EDGE('',*,*,#1185,.F.);
#631=ORIENTED_EDGE('',*,*,#1186,.F.);
#632=ORIENTED_EDGE('',*,*,#1187,.T.);
#633=ORIENTED_EDGE('',*,*,#1183,.T.);
#634=ORIENTED_EDGE('',*,*,#1188,.F.);
#635=ORIENTED_EDGE('',*,*,#1189,.F.);
#636=ORIENTED_EDGE('',*,*,#1190,.T.);
#637=ORIENTED_EDGE('',*,*,#1186,.T.);
#638=ORIENTED_EDGE('',*,*,#1191,.F.);
#639=ORIENTED_EDGE('',*,*,#1192,.F.);
#640=ORIENTED_EDGE('',*,*,#1193,.T.);
#641=ORIENTED_EDGE('',*,*,#1189,.T.);
#642=ORIENTED_EDGE('',*,*,#1194,.F.);
#643=ORIENTED_EDGE('',*,*,#1195,.F.);
#644=ORIENTED_EDGE('',*,*,#1196,.T.);
#645=ORIENTED_EDGE('',*,*,#1192,.T.);
#646=ORIENTED_EDGE('',*,*,#1197,.F.);
#647=ORIENTED_EDGE('',*,*,#1198,.F.);
#648=ORIENTED_EDGE('',*,*,#1199,.T.);
#649=ORIENTED_EDGE('',*,*,#1195,.T.);
#650=ORIENTED_EDGE('',*,*,#1200,.F.);
#651=ORIENTED_EDGE('',*,*,#1201,.F.);
#652=ORIENTED_EDGE('',*,*,#1202,.T.);
#653=ORIENTED_EDGE('',*,*,#1198,.T.);
#654=ORIENTED_EDGE('',*,*,#1203,.F.);
#655=ORIENTED_EDGE('',*,*,#1204,.F.);
#656=ORIENTED_EDGE('',*,*,#1205,.T.);
#657=ORIENTED_EDGE('',*,*,#1201,.T.);
#658=ORIENTED_EDGE('',*,*,#1206,.F.);
#659=ORIENTED_EDGE('',*,*,#1207,.F.);
#660=ORIENTED_EDGE('',*,*,#1208,.T.);
#661=ORIENTED_EDGE('',*,*,#1204,.T.);
#662=ORIENTED_EDGE('',*,*,#1209,.F.);
#663=ORIENTED_EDGE('',*,*,#1210,.F.);
#664=ORIENTED_EDGE('',*,*,#1211,.T.);
#665=ORIENTED_EDGE('',*,*,#1207,.T.);
#666=ORIENTED_EDGE('',*,*,#1212,.F.);
#667=ORIENTED_EDGE('',*,*,#1213,.F.);
#668=ORIENTED_EDGE('',*,*,#1214,.T.);
#669=ORIENTED_EDGE('',*,*,#1210,.T.);
#670=ORIENTED_EDGE('',*,*,#1215,.F.);
#671=ORIENTED_EDGE('',*,*,#1216,.F.);
#672=ORIENTED_EDGE('',*,*,#1217,.T.);
#673=ORIENTED_EDGE('',*,*,#1213,.T.);
#674=ORIENTED_EDGE('',*,*,#1218,.F.);
#675=ORIENTED_EDGE('',*,*,#1157,.F.);
#676=ORIENTED_EDGE('',*,*,#1219,.T.);
#677=ORIENTED_EDGE('',*,*,#1216,.T.);
#678=ORIENTED_EDGE('',*,*,#1220,.T.);
#679=ORIENTED_EDGE('',*,*,#901,.F.);
#680=ORIENTED_EDGE('',*,*,#1221,.F.);
#681=ORIENTED_EDGE('',*,*,#1152,.T.);
#682=ORIENTED_EDGE('',*,*,#1156,.F.);
#683=ORIENTED_EDGE('',*,*,#1160,.F.);
#684=ORIENTED_EDGE('',*,*,#1163,.F.);
#685=ORIENTED_EDGE('',*,*,#1166,.F.);
#686=ORIENTED_EDGE('',*,*,#1169,.F.);
#687=ORIENTED_EDGE('',*,*,#1172,.F.);
#688=ORIENTED_EDGE('',*,*,#1175,.F.);
#689=ORIENTED_EDGE('',*,*,#1178,.F.);
#690=ORIENTED_EDGE('',*,*,#1181,.F.);
#691=ORIENTED_EDGE('',*,*,#1184,.F.);
#692=ORIENTED_EDGE('',*,*,#1187,.F.);
#693=ORIENTED_EDGE('',*,*,#1190,.F.);
#694=ORIENTED_EDGE('',*,*,#1193,.F.);
#695=ORIENTED_EDGE('',*,*,#1196,.F.);
#696=ORIENTED_EDGE('',*,*,#1199,.F.);
#697=ORIENTED_EDGE('',*,*,#1202,.F.);
#698=ORIENTED_EDGE('',*,*,#1205,.F.);
#699=ORIENTED_EDGE('',*,*,#1208,.F.);
#700=ORIENTED_EDGE('',*,*,#1211,.F.);
#701=ORIENTED_EDGE('',*,*,#1214,.F.);
#702=ORIENTED_EDGE('',*,*,#1217,.F.);
#703=ORIENTED_EDGE('',*,*,#1219,.F.);
#704=ORIENTED_EDGE('',*,*,#900,.T.);
#705=ORIENTED_EDGE('',*,*,#904,.T.);
#706=ORIENTED_EDGE('',*,*,#907,.T.);
#707=ORIENTED_EDGE('',*,*,#910,.T.);
#708=ORIENTED_EDGE('',*,*,#913,.T.);
#709=ORIENTED_EDGE('',*,*,#916,.T.);
#710=ORIENTED_EDGE('',*,*,#919,.T.);
#711=ORIENTED_EDGE('',*,*,#922,.T.);
#712=ORIENTED_EDGE('',*,*,#925,.T.);
#713=ORIENTED_EDGE('',*,*,#928,.T.);
#714=ORIENTED_EDGE('',*,*,#931,.T.);
#715=ORIENTED_EDGE('',*,*,#934,.T.);
#716=ORIENTED_EDGE('',*,*,#937,.T.);
#717=ORIENTED_EDGE('',*,*,#940,.T.);
#718=ORIENTED_EDGE('',*,*,#943,.T.);
#719=ORIENTED_EDGE('',*,*,#946,.T.);
#720=ORIENTED_EDGE('',*,*,#949,.T.);
#721=ORIENTED_EDGE('',*,*,#952,.T.);
#722=ORIENTED_EDGE('',*,*,#955,.T.);
#723=ORIENTED_EDGE('',*,*,#958,.T.);
#724=ORIENTED_EDGE('',*,*,#961,.T.);
#725=ORIENTED_EDGE('',*,*,#964,.T.);
#726=ORIENTED_EDGE('',*,*,#967,.T.);
#727=ORIENTED_EDGE('',*,*,#970,.T.);
#728=ORIENTED_EDGE('',*,*,#973,.T.);
#729=ORIENTED_EDGE('',*,*,#976,.T.);
#730=ORIENTED_EDGE('',*,*,#979,.T.);
#731=ORIENTED_EDGE('',*,*,#982,.T.);
#732=ORIENTED_EDGE('',*,*,#985,.T.);
#733=ORIENTED_EDGE('',*,*,#988,.T.);
#734=ORIENTED_EDGE('',*,*,#991,.T.);
#735=ORIENTED_EDGE('',*,*,#994,.T.);
#736=ORIENTED_EDGE('',*,*,#997,.T.);
#737=ORIENTED_EDGE('',*,*,#1000,.T.);
#738=ORIENTED_EDGE('',*,*,#1003,.T.);
#739=ORIENTED_EDGE('',*,*,#1006,.T.);
#740=ORIENTED_EDGE('',*,*,#1009,.T.);
#741=ORIENTED_EDGE('',*,*,#1012,.T.);
#742=ORIENTED_EDGE('',*,*,#1015,.T.);
#743=ORIENTED_EDGE('',*,*,#1018,.T.);
#744=ORIENTED_EDGE('',*,*,#1021,.T.);
#745=ORIENTED_EDGE('',*,*,#1024,.T.);
#746=ORIENTED_EDGE('',*,*,#1027,.T.);
#747=ORIENTED_EDGE('',*,*,#1030,.T.);
#748=ORIENTED_EDGE('',*,*,#1033,.T.);
#749=ORIENTED_EDGE('',*,*,#1036,.T.);
#750=ORIENTED_EDGE('',*,*,#1039,.T.);
#751=ORIENTED_EDGE('',*,*,#1042,.T.);
#752=ORIENTED_EDGE('',*,*,#1045,.T.);
#753=ORIENTED_EDGE('',*,*,#1048,.T.);
#754=ORIENTED_EDGE('',*,*,#1051,.T.);
#755=ORIENTED_EDGE('',*,*,#1054,.T.);
#756=ORIENTED_EDGE('',*,*,#1057,.T.);
#757=ORIENTED_EDGE('',*,*,#1060,.T.);
#758=ORIENTED_EDGE('',*,*,#1063,.T.);
#759=ORIENTED_EDGE('',*,*,#1066,.T.);
#760=ORIENTED_EDGE('',*,*,#1069,.T.);
#761=ORIENTED_EDGE('',*,*,#1072,.T.);
#762=ORIENTED_EDGE('',*,*,#1075,.T.);
#763=ORIENTED_EDGE('',*,*,#1078,.T.);
#764=ORIENTED_EDGE('',*,*,#1081,.T.);
#765=ORIENTED_EDGE('',*,*,#1084,.T.);
#766=ORIENTED_EDGE('',*,*,#1087,.T.);
#767=ORIENTED_EDGE('',*,*,#1090,.T.);
#768=ORIENTED_EDGE('',*,*,#1093,.T.);
#769=ORIENTED_EDGE('',*,*,#1096,.T.);
#770=ORIENTED_EDGE('',*,*,#1099,.T.);
#771=ORIENTED_EDGE('',*,*,#1102,.T.);
#772=ORIENTED_EDGE('',*,*,#1105,.T.);
#773=ORIENTED_EDGE('',*,*,#1108,.T.);
#774=ORIENTED_EDGE('',*,*,#1111,.T.);
#775=ORIENTED_EDGE('',*,*,#1114,.T.);
#776=ORIENTED_EDGE('',*,*,#1117,.T.);
#777=ORIENTED_EDGE('',*,*,#1120,.T.);
#778=ORIENTED_EDGE('',*,*,#1123,.T.);
#779=ORIENTED_EDGE('',*,*,#1126,.T.);
#780=ORIENTED_EDGE('',*,*,#1129,.T.);
#781=ORIENTED_EDGE('',*,*,#1132,.T.);
#782=ORIENTED_EDGE('',*,*,#1135,.T.);
#783=ORIENTED_EDGE('',*,*,#1138,.T.);
#784=ORIENTED_EDGE('',*,*,#1141,.T.);
#785=ORIENTED_EDGE('',*,*,#1144,.T.);
#786=ORIENTED_EDGE('',*,*,#1147,.T.);
#787=ORIENTED_EDGE('',*,*,#1150,.T.);
#788=ORIENTED_EDGE('',*,*,#1153,.T.);
#789=ORIENTED_EDGE('',*,*,#1221,.T.);
#790=ORIENTED_EDGE('',*,*,#1154,.T.);
#791=ORIENTED_EDGE('',*,*,#1218,.T.);
#792=ORIENTED_EDGE('',*,*,#1215,.T.);
#793=ORIENTED_EDGE('',*,*,#1212,.T.);
#794=ORIENTED_EDGE('',*,*,#1209,.T.);
#795=ORIENTED_EDGE('',*,*,#1206,.T.);
#796=ORIENTED_EDGE('',*,*,#1203,.T.);
#797=ORIENTED_EDGE('',*,*,#1200,.T.);
#798=ORIENTED_EDGE('',*,*,#1197,.T.);
#799=ORIENTED_EDGE('',*,*,#1194,.T.);
#800=ORIENTED_EDGE('',*,*,#1191,.T.);
#801=ORIENTED_EDGE('',*,*,#1188,.T.);
#802=ORIENTED_EDGE('',*,*,#1185,.T.);
#803=ORIENTED_EDGE('',*,*,#1182,.T.);
#804=ORIENTED_EDGE('',*,*,#1179,.T.);
#805=ORIENTED_EDGE('',*,*,#1176,.T.);
#806=ORIENTED_EDGE('',*,*,#1173,.T.);
#807=ORIENTED_EDGE('',*,*,#1170,.T.);
#808=ORIENTED_EDGE('',*,*,#1167,.T.);
#809=ORIENTED_EDGE('',*,*,#1164,.T.);
#810=ORIENTED_EDGE('',*,*,#1161,.T.);
#811=ORIENTED_EDGE('',*,*,#1158,.T.);
#812=ORIENTED_EDGE('',*,*,#898,.F.);
#813=ORIENTED_EDGE('',*,*,#1220,.F.);
#814=ORIENTED_EDGE('',*,*,#1151,.F.);
#815=ORIENTED_EDGE('',*,*,#1148,.F.);
#816=ORIENTED_EDGE('',*,*,#1145,.F.);
#817=ORIENTED_EDGE('',*,*,#1142,.F.);
#818=ORIENTED_EDGE('',*,*,#1139,.F.);
#819=ORIENTED_EDGE('',*,*,#1136,.F.);
#820=ORIENTED_EDGE('',*,*,#1133,.F.);
#821=ORIENTED_EDGE('',*,*,#1130,.F.);
#822=ORIENTED_EDGE('',*,*,#1127,.F.);
#823=ORIENTED_EDGE('',*,*,#1124,.F.);
#824=ORIENTED_EDGE('',*,*,#1121,.F.);
#825=ORIENTED_EDGE('',*,*,#1118,.F.);
#826=ORIENTED_EDGE('',*,*,#1115,.F.);
#827=ORIENTED_EDGE('',*,*,#1112,.F.);
#828=ORIENTED_EDGE('',*,*,#1109,.F.);
#829=ORIENTED_EDGE('',*,*,#1106,.F.);
#830=ORIENTED_EDGE('',*,*,#1103,.F.);
#831=ORIENTED_EDGE('',*,*,#1100,.F.);
#832=ORIENTED_EDGE('',*,*,#1097,.F.);
#833=ORIENTED_EDGE('',*,*,#1094,.F.);
#834=ORIENTED_EDGE('',*,*,#1091,.F.);
#835=ORIENTED_EDGE('',*,*,#1088,.F.);
#836=ORIENTED_EDGE('',*,*,#1085,.F.);
#837=ORIENTED_EDGE('',*,*,#1082,.F.);
#838=ORIENTED_EDGE('',*,*,#1079,.F.);
#839=ORIENTED_EDGE('',*,*,#1076,.F.);
#840=ORIENTED_EDGE('',*,*,#1073,.F.);
#841=ORIENTED_EDGE('',*,*,#1070,.F.);
#842=ORIENTED_EDGE('',*,*,#1067,.F.);
#843=ORIENTED_EDGE('',*,*,#1064,.F.);
#844=ORIENTED_EDGE('',*,*,#1061,.F.);
#845=ORIENTED_EDGE('',*,*,#1058,.F.);
#846=ORIENTED_EDGE('',*,*,#1055,.F.);
#847=ORIENTED_EDGE('',*,*,#1052,.F.);
#848=ORIENTED_EDGE('',*,*,#1049,.F.);
#849=ORIENTED_EDGE('',*,*,#1046,.F.);
#850=ORIENTED_EDGE('',*,*,#1043,.F.);
#851=ORIENTED_EDGE('',*,*,#1040,.F.);
#852=ORIENTED_EDGE('',*,*,#1037,.F.);
#853=ORIENTED_EDGE('',*,*,#1034,.F.);
#854=ORIENTED_EDGE('',*,*,#1031,.F.);
#855=ORIENTED_EDGE('',*,*,#1028,.F.);
#856=ORIENTED_EDGE('',*,*,#1025,.F.);
#857=ORIENTED_EDGE('',*,*,#1022,.F.);
#858=ORIENTED_EDGE('',*,*,#1019,.F.);
#859=ORIENTED_EDGE('',*,*,#1016,.F.);
#860=ORIENTED_EDGE('',*,*,#1013,.F.);
#861=ORIENTED_EDGE('',*,*,#1010,.F.);
#862=ORIENTED_EDGE('',*,*,#1007,.F.);
#863=ORIENTED_EDGE('',*,*,#1004,.F.);
#864=ORIENTED_EDGE('',*,*,#1001,.F.);
#865=ORIENTED_EDGE('',*,*,#998,.F.);
#866=ORIENTED_EDGE('',*,*,#995,.F.);
#867=ORIENTED_EDGE('',*,*,#992,.F.);
#868=ORIENTED_EDGE('',*,*,#989,.F.);
#869=ORIENTED_EDGE('',*,*,#986,.F.);
#870=ORIENTED_EDGE('',*,*,#983,.F.);
#871=ORIENTED_EDGE('',*,*,#980,.F.);
#872=ORIENTED_EDGE('',*,*,#977,.F.);
#873=ORIENTED_EDGE('',*,*,#974,.F.);
#874=ORIENTED_EDGE('',*,*,#971,.F.);
#875=ORIENTED_EDGE('',*,*,#968,.F.);
#876=ORIENTED_EDGE('',*,*,#965,.F.);
#877=ORIENTED_EDGE('',*,*,#962,.F.);
#878=ORIENTED_EDGE('',*,*,#959,.F.);
#879=ORIENTED_EDGE('',*,*,#956,.F.);
#880=ORIENTED_EDGE('',*,*,#953,.F.);
#881=ORIENTED_EDGE('',*,*,#950,.F.);
#882=ORIENTED_EDGE('',*,*,#947,.F.);
#883=ORIENTED_EDGE('',*,*,#944,.F.);
#884=ORIENTED_EDGE('',*,*,#941,.F.);
#885=ORIENTED_EDGE('',*,*,#938,.F.);
#886=ORIENTED_EDGE('',*,*,#935,.F.);
#887=ORIENTED_EDGE('',*,*,#932,.F.);
#888=ORIENTED_EDGE('',*,*,#929,.F.);
#889=ORIENTED_EDGE('',*,*,#926,.F.);
#890=ORIENTED_EDGE('',*,*,#923,.F.);
#891=ORIENTED_EDGE('',*,*,#920,.F.);
#892=ORIENTED_EDGE('',*,*,#917,.F.);
#893=ORIENTED_EDGE('',*,*,#914,.F.);
#894=ORIENTED_EDGE('',*,*,#911,.F.);
#895=ORIENTED_EDGE('',*,*,#908,.F.);
#896=ORIENTED_EDGE('',*,*,#905,.F.);
#897=ORIENTED_EDGE('',*,*,#902,.F.);
#898=EDGE_CURVE('',#1222,#1223,#1438,.T.);
#899=EDGE_CURVE('',#1224,#1223,#18,.T.);
#900=EDGE_CURVE('',#1225,#1224,#1439,.T.);
#901=EDGE_CURVE('',#1225,#1222,#19,.T.);
#902=EDGE_CURVE('',#1223,#1226,#1440,.T.);
#903=EDGE_CURVE('',#1227,#1226,#20,.T.);
#904=EDGE_CURVE('',#1224,#1227,#1441,.T.);
#905=EDGE_CURVE('',#1226,#1228,#1442,.T.);
#906=EDGE_CURVE('',#1229,#1228,#21,.T.);
#907=EDGE_CURVE('',#1227,#1229,#1443,.T.);
#908=EDGE_CURVE('',#1228,#1230,#1444,.T.);
#909=EDGE_CURVE('',#1231,#1230,#22,.T.);
#910=EDGE_CURVE('',#1229,#1231,#1445,.T.);
#911=EDGE_CURVE('',#1230,#1232,#1446,.T.);
#912=EDGE_CURVE('',#1233,#1232,#23,.T.);
#913=EDGE_CURVE('',#1231,#1233,#1447,.T.);
#914=EDGE_CURVE('',#1232,#1234,#1448,.T.);
#915=EDGE_CURVE('',#1235,#1234,#24,.T.);
#916=EDGE_CURVE('',#1233,#1235,#1449,.T.);
#917=EDGE_CURVE('',#1234,#1236,#1450,.T.);
#918=EDGE_CURVE('',#1237,#1236,#25,.T.);
#919=EDGE_CURVE('',#1235,#1237,#1451,.T.);
#920=EDGE_CURVE('',#1236,#1238,#1452,.T.);
#921=EDGE_CURVE('',#1239,#1238,#26,.T.);
#922=EDGE_CURVE('',#1237,#1239,#1453,.T.);
#923=EDGE_CURVE('',#1238,#1240,#1454,.T.);
#924=EDGE_CURVE('',#1241,#1240,#27,.T.);
#925=EDGE_CURVE('',#1239,#1241,#1455,.T.);
#926=EDGE_CURVE('',#1240,#1242,#1456,.T.);
#927=EDGE_CURVE('',#1243,#1242,#28,.T.);
#928=EDGE_CURVE('',#1241,#1243,#1457,.T.);
#929=EDGE_CURVE('',#1242,#1244,#1458,.T.);
#930=EDGE_CURVE('',#1245,#1244,#29,.T.);
#931=EDGE_CURVE('',#1243,#1245,#1459,.T.);
#932=EDGE_CURVE('',#1244,#1246,#1460,.T.);
#933=EDGE_CURVE('',#1247,#1246,#30,.T.);
#934=EDGE_CURVE('',#1245,#1247,#1461,.T.);
#935=EDGE_CURVE('',#1246,#1248,#1462,.T.);
#936=EDGE_CURVE('',#1249,#1248,#31,.T.);
#937=EDGE_CURVE('',#1247,#1249,#1463,.T.);
#938=EDGE_CURVE('',#1248,#1250,#1464,.T.);
#939=EDGE_CURVE('',#1251,#1250,#32,.T.);
#940=EDGE_CURVE('',#1249,#1251,#1465,.T.);
#941=EDGE_CURVE('',#1250,#1252,#1466,.T.);
#942=EDGE_CURVE('',#1253,#1252,#33,.T.);
#943=EDGE_CURVE('',#1251,#1253,#1467,.T.);
#944=EDGE_CURVE('',#1252,#1254,#1468,.T.);
#945=EDGE_CURVE('',#1255,#1254,#34,.T.);
#946=EDGE_CURVE('',#1253,#1255,#1469,.T.);
#947=EDGE_CURVE('',#1254,#1256,#1470,.T.);
#948=EDGE_CURVE('',#1257,#1256,#35,.T.);
#949=EDGE_CURVE('',#1255,#1257,#1471,.T.);
#950=EDGE_CURVE('',#1256,#1258,#1472,.T.);
#951=EDGE_CURVE('',#1259,#1258,#36,.T.);
#952=EDGE_CURVE('',#1257,#1259,#1473,.T.);
#953=EDGE_CURVE('',#1258,#1260,#1474,.T.);
#954=EDGE_CURVE('',#1261,#1260,#37,.T.);
#955=EDGE_CURVE('',#1259,#1261,#1475,.T.);
#956=EDGE_CURVE('',#1260,#1262,#1476,.T.);
#957=EDGE_CURVE('',#1263,#1262,#38,.T.);
#958=EDGE_CURVE('',#1261,#1263,#1477,.T.);
#959=EDGE_CURVE('',#1262,#1264,#1478,.T.);
#960=EDGE_CURVE('',#1265,#1264,#39,.T.);
#961=EDGE_CURVE('',#1263,#1265,#1479,.T.);
#962=EDGE_CURVE('',#1264,#1266,#1480,.T.);
#963=EDGE_CURVE('',#1267,#1266,#40,.T.);
#964=EDGE_CURVE('',#1265,#1267,#1481,.T.);
#965=EDGE_CURVE('',#1266,#1268,#1482,.T.);
#966=EDGE_CURVE('',#1269,#1268,#41,.T.);
#967=EDGE_CURVE('',#1267,#1269,#1483,.T.);
#968=EDGE_CURVE('',#1268,#1270,#1484,.T.);
#969=EDGE_CURVE('',#1271,#1270,#42,.T.);
#970=EDGE_CURVE('',#1269,#1271,#1485,.T.);
#971=EDGE_CURVE('',#1270,#1272,#1486,.T.);
#972=EDGE_CURVE('',#1273,#1272,#43,.T.);
#973=EDGE_CURVE('',#1271,#1273,#1487,.T.);
#974=EDGE_CURVE('',#1272,#1274,#1488,.T.);
#975=EDGE_CURVE('',#1275,#1274,#44,.T.);
#976=EDGE_CURVE('',#1273,#1275,#1489,.T.);
#977=EDGE_CURVE('',#1274,#1276,#1490,.T.);
#978=EDGE_CURVE('',#1277,#1276,#45,.T.);
#979=EDGE_CURVE('',#1275,#1277,#1491,.T.);
#980=EDGE_CURVE('',#1276,#1278,#1492,.T.);
#981=EDGE_CURVE('',#1279,#1278,#46,.T.);
#982=EDGE_CURVE('',#1277,#1279,#1493,.T.);
#983=EDGE_CURVE('',#1278,#1280,#1494,.T.);
#984=EDGE_CURVE('',#1281,#1280,#47,.T.);
#985=EDGE_CURVE('',#1279,#1281,#1495,.T.);
#986=EDGE_CURVE('',#1280,#1282,#1496,.T.);
#987=EDGE_CURVE('',#1283,#1282,#48,.T.);
#988=EDGE_CURVE('',#1281,#1283,#1497,.T.);
#989=EDGE_CURVE('',#1282,#1284,#1498,.T.);
#990=EDGE_CURVE('',#1285,#1284,#49,.T.);
#991=EDGE_CURVE('',#1283,#1285,#1499,.T.);
#992=EDGE_CURVE('',#1284,#1286,#1500,.T.);
#993=EDGE_CURVE('',#1287,#1286,#50,.T.);
#994=EDGE_CURVE('',#1285,#1287,#1501,.T.);
#995=EDGE_CURVE('',#1286,#1288,#1502,.T.);
#996=EDGE_CURVE('',#1289,#1288,#51,.T.);
#997=EDGE_CURVE('',#1287,#1289,#1503,.T.);
#998=EDGE_CURVE('',#1288,#1290,#1504,.T.);
#999=EDGE_CURVE('',#1291,#1290,#52,.T.);
#1000=EDGE_CURVE('',#1289,#1291,#1505,.T.);
#1001=EDGE_CURVE('',#1290,#1292,#1506,.T.);
#1002=EDGE_CURVE('',#1293,#1292,#53,.T.);
#1003=EDGE_CURVE('',#1291,#1293,#1507,.T.);
#1004=EDGE_CURVE('',#1292,#1294,#1508,.T.);
#1005=EDGE_CURVE('',#1295,#1294,#54,.T.);
#1006=EDGE_CURVE('',#1293,#1295,#1509,.T.);
#1007=EDGE_CURVE('',#1294,#1296,#1510,.T.);
#1008=EDGE_CURVE('',#1297,#1296,#55,.T.);
#1009=EDGE_CURVE('',#1295,#1297,#1511,.T.);
#1010=EDGE_CURVE('',#1296,#1298,#1512,.T.);
#1011=EDGE_CURVE('',#1299,#1298,#56,.T.);
#1012=EDGE_CURVE('',#1297,#1299,#1513,.T.);
#1013=EDGE_CURVE('',#1298,#1300,#1514,.T.);
#1014=EDGE_CURVE('',#1301,#1300,#57,.T.);
#1015=EDGE_CURVE('',#1299,#1301,#1515,.T.);
#1016=EDGE_CURVE('',#1300,#1302,#1516,.T.);
#1017=EDGE_CURVE('',#1303,#1302,#58,.T.);
#1018=EDGE_CURVE('',#1301,#1303,#1517,.T.);
#1019=EDGE_CURVE('',#1302,#1304,#1518,.T.);
#1020=EDGE_CURVE('',#1305,#1304,#59,.T.);
#1021=EDGE_CURVE('',#1303,#1305,#1519,.T.);
#1022=EDGE_CURVE('',#1304,#1306,#1520,.T.);
#1023=EDGE_CURVE('',#1307,#1306,#60,.T.);
#1024=EDGE_CURVE('',#1305,#1307,#1521,.T.);
#1025=EDGE_CURVE('',#1306,#1308,#61,.T.);
#1026=EDGE_CURVE('',#1309,#1308,#62,.T.);
#1027=EDGE_CURVE('',#1307,#1309,#63,.T.);
#1028=EDGE_CURVE('',#1308,#1310,#64,.T.);
#1029=EDGE_CURVE('',#1311,#1310,#65,.T.);
#1030=EDGE_CURVE('',#1309,#1311,#66,.T.);
#1031=EDGE_CURVE('',#1310,#1312,#1522,.T.);
#1032=EDGE_CURVE('',#1313,#1312,#67,.T.);
#1033=EDGE_CURVE('',#1311,#1313,#1523,.T.);
#1034=EDGE_CURVE('',#1312,#1314,#1524,.T.);
#1035=EDGE_CURVE('',#1315,#1314,#68,.T.);
#1036=EDGE_CURVE('',#1313,#1315,#1525,.T.);
#1037=EDGE_CURVE('',#1314,#1316,#1526,.T.);
#1038=EDGE_CURVE('',#1317,#1316,#69,.T.);
#1039=EDGE_CURVE('',#1315,#1317,#1527,.T.);
#1040=EDGE_CURVE('',#1316,#1318,#1528,.T.);
#1041=EDGE_CURVE('',#1319,#1318,#70,.T.);
#1042=EDGE_CURVE('',#1317,#1319,#1529,.T.);
#1043=EDGE_CURVE('',#1318,#1320,#1530,.T.);
#1044=EDGE_CURVE('',#1321,#1320,#71,.T.);
#1045=EDGE_CURVE('',#1319,#1321,#1531,.T.);
#1046=EDGE_CURVE('',#1320,#1322,#1532,.T.);
#1047=EDGE_CURVE('',#1323,#1322,#72,.T.);
#1048=EDGE_CURVE('',#1321,#1323,#1533,.T.);
#1049=EDGE_CURVE('',#1322,#1324,#1534,.T.);
#1050=EDGE_CURVE('',#1325,#1324,#73,.T.);
#1051=EDGE_CURVE('',#1323,#1325,#1535,.T.);
#1052=EDGE_CURVE('',#1324,#1326,#1536,.T.);
#1053=EDGE_CURVE('',#1327,#1326,#74,.T.);
#1054=EDGE_CURVE('',#1325,#1327,#1537,.T.);
#1055=EDGE_CURVE('',#1326,#1328,#1538,.T.);
#1056=EDGE_CURVE('',#1329,#1328,#75,.T.);
#1057=EDGE_CURVE('',#1327,#1329,#1539,.T.);
#1058=EDGE_CURVE('',#1328,#1330,#1540,.T.);
#1059=EDGE_CURVE('',#1331,#1330,#76,.T.);
#1060=EDGE_CURVE('',#1329,#1331,#1541,.T.);
#1061=EDGE_CURVE('',#1330,#1332,#1542,.T.);
#1062=EDGE_CURVE('',#1333,#1332,#77,.T.);
#1063=EDGE_CURVE('',#1331,#1333,#1543,.T.);
#1064=EDGE_CURVE('',#1332,#1334,#1544,.T.);
#1065=EDGE_CURVE('',#1335,#1334,#78,.T.);
#1066=EDGE_CURVE('',#1333,#1335,#1545,.T.);
#1067=EDGE_CURVE('',#1334,#1336,#1546,.T.);
#1068=EDGE_CURVE('',#1337,#1336,#79,.T.);
#1069=EDGE_CURVE('',#1335,#1337,#1547,.T.);
#1070=EDGE_CURVE('',#1336,#1338,#1548,.T.);
#1071=EDGE_CURVE('',#1339,#1338,#80,.T.);
#1072=EDGE_CURVE('',#1337,#1339,#1549,.T.);
#1073=EDGE_CURVE('',#1338,#1340,#1550,.T.);
#1074=EDGE_CURVE('',#1341,#1340,#81,.T.);
#1075=EDGE_CURVE('',#1339,#1341,#1551,.T.);
#1076=EDGE_CURVE('',#1340,#1342,#1552,.T.);
#1077=EDGE_CURVE('',#1343,#1342,#82,.T.);
#1078=EDGE_CURVE('',#1341,#1343,#1553,.T.);
#1079=EDGE_CURVE('',#1342,#1344,#1554,.T.);
#1080=EDGE_CURVE('',#1345,#1344,#83,.T.);
#1081=EDGE_CURVE('',#1343,#1345,#1555,.T.);
#1082=EDGE_CURVE('',#1344,#1346,#1556,.T.);
#1083=EDGE_CURVE('',#1347,#1346,#84,.T.);
#1084=EDGE_CURVE('',#1345,#1347,#1557,.T.);
#1085=EDGE_CURVE('',#1346,#1348,#1558,.T.);
#1086=EDGE_CURVE('',#1349,#1348,#85,.T.);
#1087=EDGE_CURVE('',#1347,#1349,#1559,.T.);
#1088=EDGE_CURVE('',#1348,#1350,#1560,.T.);
#1089=EDGE_CURVE('',#1351,#1350,#86,.T.);
#1090=EDGE_CURVE('',#1349,#1351,#1561,.T.);
#1091=EDGE_CURVE('',#1350,#1352,#1562,.T.);
#1092=EDGE_CURVE('',#1353,#1352,#87,.T.);
#1093=EDGE_CURVE('',#1351,#1353,#1563,.T.);
#1094=EDGE_CURVE('',#1352,#1354,#1564,.T.);
#1095=EDGE_CURVE('',#1355,#1354,#88,.T.);
#1096=EDGE_CURVE('',#1353,#1355,#1565,.T.);
#1097=EDGE_CURVE('',#1354,#1356,#1566,.T.);
#1098=EDGE_CURVE('',#1357,#1356,#89,.T.);
#1099=EDGE_CURVE('',#1355,#1357,#1567,.T.);
#1100=EDGE_CURVE('',#1356,#1358,#1568,.T.);
#1101=EDGE_CURVE('',#1359,#1358,#90,.T.);
#1102=EDGE_CURVE('',#1357,#1359,#1569,.T.);
#1103=EDGE_CURVE('',#1358,#1360,#1570,.T.);
#1104=EDGE_CURVE('',#1361,#1360,#91,.T.);
#1105=EDGE_CURVE('',#1359,#1361,#1571,.T.);
#1106=EDGE_CURVE('',#1360,#1362,#1572,.T.);
#1107=EDGE_CURVE('',#1363,#1362,#92,.T.);
#1108=EDGE_CURVE('',#1361,#1363,#1573,.T.);
#1109=EDGE_CURVE('',#1362,#1364,#1574,.T.);
#1110=EDGE_CURVE('',#1365,#1364,#93,.T.);
#1111=EDGE_CURVE('',#1363,#1365,#1575,.T.);
#1112=EDGE_CURVE('',#1364,#1366,#1576,.T.);
#1113=EDGE_CURVE('',#1367,#1366,#94,.T.);
#1114=EDGE_CURVE('',#1365,#1367,#1577,.T.);
#1115=EDGE_CURVE('',#1366,#1368,#1578,.T.);
#1116=EDGE_CURVE('',#1369,#1368,#95,.T.);
#1117=EDGE_CURVE('',#1367,#1369,#1579,.T.);
#1118=EDGE_CURVE('',#1368,#1370,#1580,.T.);
#1119=EDGE_CURVE('',#1371,#1370,#96,.T.);
#1120=EDGE_CURVE('',#1369,#1371,#1581,.T.);
#1121=EDGE_CURVE('',#1370,#1372,#1582,.T.);
#1122=EDGE_CURVE('',#1373,#1372,#97,.T.);
#1123=EDGE_CURVE('',#1371,#1373,#1583,.T.);
#1124=EDGE_CURVE('',#1372,#1374,#1584,.T.);
#1125=EDGE_CURVE('',#1375,#1374,#98,.T.);
#1126=EDGE_CURVE('',#1373,#1375,#1585,.T.);
#1127=EDGE_CURVE('',#1374,#1376,#1586,.T.);
#1128=EDGE_CURVE('',#1377,#1376,#99,.T.);
#1129=EDGE_CURVE('',#1375,#1377,#1587,.T.);
#1130=EDGE_CURVE('',#1376,#1378,#1588,.T.);
#1131=EDGE_CURVE('',#1379,#1378,#100,.T.);
#1132=EDGE_CURVE('',#1377,#1379,#1589,.T.);
#1133=EDGE_CURVE('',#1378,#1380,#1590,.T.);
#1134=EDGE_CURVE('',#1381,#1380,#101,.T.);
#1135=EDGE_CURVE('',#1379,#1381,#1591,.T.);
#1136=EDGE_CURVE('',#1380,#1382,#1592,.T.);
#1137=EDGE_CURVE('',#1383,#1382,#102,.T.);
#1138=EDGE_CURVE('',#1381,#1383,#1593,.T.);
#1139=EDGE_CURVE('',#1382,#1384,#1594,.T.);
#1140=EDGE_CURVE('',#1385,#1384,#103,.T.);
#1141=EDGE_CURVE('',#1383,#1385,#1595,.T.);
#1142=EDGE_CURVE('',#1384,#1386,#1596,.T.);
#1143=EDGE_CURVE('',#1387,#1386,#104,.T.);
#1144=EDGE_CURVE('',#1385,#1387,#1597,.T.);
#1145=EDGE_CURVE('',#1386,#1388,#1598,.T.);
#1146=EDGE_CURVE('',#1389,#1388,#105,.T.);
#1147=EDGE_CURVE('',#1387,#1389,#1599,.T.);
#1148=EDGE_CURVE('',#1388,#1390,#1600,.T.);
#1149=EDGE_CURVE('',#1391,#1390,#106,.T.);
#1150=EDGE_CURVE('',#1389,#1391,#1601,.T.);
#1151=EDGE_CURVE('',#1390,#1392,#1602,.T.);
#1152=EDGE_CURVE('',#1393,#1392,#107,.T.);
#1153=EDGE_CURVE('',#1391,#1393,#1603,.T.);
#1154=EDGE_CURVE('',#1394,#1395,#1604,.T.);
#1155=EDGE_CURVE('',#1396,#1394,#108,.T.);
#1156=EDGE_CURVE('',#1396,#1397,#1605,.T.);
#1157=EDGE_CURVE('',#1397,#1395,#109,.T.);
#1158=EDGE_CURVE('',#1398,#1394,#110,.T.);
#1159=EDGE_CURVE('',#1399,#1398,#111,.T.);
#1160=EDGE_CURVE('',#1399,#1396,#112,.T.);
#1161=EDGE_CURVE('',#1400,#1398,#113,.T.);
#1162=EDGE_CURVE('',#1401,#1400,#114,.T.);
#1163=EDGE_CURVE('',#1401,#1399,#115,.T.);
#1164=EDGE_CURVE('',#1402,#1400,#1606,.T.);
#1165=EDGE_CURVE('',#1403,#1402,#116,.T.);
#1166=EDGE_CURVE('',#1403,#1401,#1607,.T.);
#1167=EDGE_CURVE('',#1404,#1402,#1608,.T.);
#1168=EDGE_CURVE('',#1405,#1404,#117,.T.);
#1169=EDGE_CURVE('',#1405,#1403,#1609,.T.);
#1170=EDGE_CURVE('',#1406,#1404,#1610,.T.);
#1171=EDGE_CURVE('',#1407,#1406,#118,.T.);
#1172=EDGE_CURVE('',#1407,#1405,#1611,.T.);
#1173=EDGE_CURVE('',#1408,#1406,#1612,.T.);
#1174=EDGE_CURVE('',#1409,#1408,#119,.T.);
#1175=EDGE_CURVE('',#1409,#1407,#1613,.T.);
#1176=EDGE_CURVE('',#1410,#1408,#1614,.T.);
#1177=EDGE_CURVE('',#1411,#1410,#120,.T.);
#1178=EDGE_CURVE('',#1411,#1409,#1615,.T.);
#1179=EDGE_CURVE('',#1412,#1410,#1616,.T.);
#1180=EDGE_CURVE('',#1413,#1412,#121,.T.);
#1181=EDGE_CURVE('',#1413,#1411,#1617,.T.);
#1182=EDGE_CURVE('',#1414,#1412,#1618,.T.);
#1183=EDGE_CURVE('',#1415,#1414,#122,.T.);
#1184=EDGE_CURVE('',#1415,#1413,#1619,.T.);
#1185=EDGE_CURVE('',#1416,#1414,#1620,.T.);
#1186=EDGE_CURVE('',#1417,#1416,#123,.T.);
#1187=EDGE_CURVE('',#1417,#1415,#1621,.T.);
#1188=EDGE_CURVE('',#1418,#1416,#1622,.T.);
#1189=EDGE_CURVE('',#1419,#1418,#124,.T.);
#1190=EDGE_CURVE('',#1419,#1417,#1623,.T.);
#1191=EDGE_CURVE('',#1420,#1418,#1624,.T.);
#1192=EDGE_CURVE('',#1421,#1420,#125,.T.);
#1193=EDGE_CURVE('',#1421,#1419,#1625,.T.);
#1194=EDGE_CURVE('',#1422,#1420,#1626,.T.);
#1195=EDGE_CURVE('',#1423,#1422,#126,.T.);
#1196=EDGE_CURVE('',#1423,#1421,#1627,.T.);
#1197=EDGE_CURVE('',#1424,#1422,#1628,.T.);
#1198=EDGE_CURVE('',#1425,#1424,#127,.T.);
#1199=EDGE_CURVE('',#1425,#1423,#1629,.T.);
#1200=EDGE_CURVE('',#1426,#1424,#1630,.T.);
#1201=EDGE_CURVE('',#1427,#1426,#128,.T.);
#1202=EDGE_CURVE('',#1427,#1425,#1631,.T.);
#1203=EDGE_CURVE('',#1428,#1426,#1632,.T.);
#1204=EDGE_CURVE('',#1429,#1428,#129,.T.);
#1205=EDGE_CURVE('',#1429,#1427,#1633,.T.);
#1206=EDGE_CURVE('',#1430,#1428,#1634,.T.);
#1207=EDGE_CURVE('',#1431,#1430,#130,.T.);
#1208=EDGE_CURVE('',#1431,#1429,#1635,.T.);
#1209=EDGE_CURVE('',#1432,#1430,#1636,.T.);
#1210=EDGE_CURVE('',#1433,#1432,#131,.T.);
#1211=EDGE_CURVE('',#1433,#1431,#1637,.T.);
#1212=EDGE_CURVE('',#1434,#1432,#1638,.T.);
#1213=EDGE_CURVE('',#1435,#1434,#132,.T.);
#1214=EDGE_CURVE('',#1435,#1433,#1639,.T.);
#1215=EDGE_CURVE('',#1436,#1434,#1640,.T.);
#1216=EDGE_CURVE('',#1437,#1436,#133,.T.);
#1217=EDGE_CURVE('',#1437,#1435,#1641,.T.);
#1218=EDGE_CURVE('',#1395,#1436,#1642,.T.);
#1219=EDGE_CURVE('',#1397,#1437,#1643,.T.);
#1220=EDGE_CURVE('',#1392,#1222,#1644,.T.);
#1221=EDGE_CURVE('',#1393,#1225,#1645,.T.);
#1222=VERTEX_POINT('',#3172);
#1223=VERTEX_POINT('',#3173);
#1224=VERTEX_POINT('',#3175);
#1225=VERTEX_POINT('',#3177);
#1226=VERTEX_POINT('',#3181);
#1227=VERTEX_POINT('',#3183);
#1228=VERTEX_POINT('',#3187);
#1229=VERTEX_POINT('',#3189);
#1230=VERTEX_POINT('',#3193);
#1231=VERTEX_POINT('',#3195);
#1232=VERTEX_POINT('',#3199);
#1233=VERTEX_POINT('',#3201);
#1234=VERTEX_POINT('',#3205);
#1235=VERTEX_POINT('',#3207);
#1236=VERTEX_POINT('',#3211);
#1237=VERTEX_POINT('',#3213);
#1238=VERTEX_POINT('',#3217);
#1239=VERTEX_POINT('',#3219);
#1240=VERTEX_POINT('',#3223);
#1241=VERTEX_POINT('',#3225);
#1242=VERTEX_POINT('',#3229);
#1243=VERTEX_POINT('',#3231);
#1244=VERTEX_POINT('',#3235);
#1245=VERTEX_POINT('',#3237);
#1246=VERTEX_POINT('',#3241);
#1247=VERTEX_POINT('',#3243);
#1248=VERTEX_POINT('',#3247);
#1249=VERTEX_POINT('',#3249);
#1250=VERTEX_POINT('',#3253);
#1251=VERTEX_POINT('',#3255);
#1252=VERTEX_POINT('',#3259);
#1253=VERTEX_POINT('',#3261);
#1254=VERTEX_POINT('',#3265);
#1255=VERTEX_POINT('',#3267);
#1256=VERTEX_POINT('',#3271);
#1257=VERTEX_POINT('',#3273);
#1258=VERTEX_POINT('',#3277);
#1259=VERTEX_POINT('',#3279);
#1260=VERTEX_POINT('',#3283);
#1261=VERTEX_POINT('',#3285);
#1262=VERTEX_POINT('',#3289);
#1263=VERTEX_POINT('',#3291);
#1264=VERTEX_POINT('',#3295);
#1265=VERTEX_POINT('',#3297);
#1266=VERTEX_POINT('',#3301);
#1267=VERTEX_POINT('',#3303);
#1268=VERTEX_POINT('',#3307);
#1269=VERTEX_POINT('',#3309);
#1270=VERTEX_POINT('',#3313);
#1271=VERTEX_POINT('',#3315);
#1272=VERTEX_POINT('',#3319);
#1273=VERTEX_POINT('',#3321);
#1274=VERTEX_POINT('',#3325);
#1275=VERTEX_POINT('',#3327);
#1276=VERTEX_POINT('',#3331);
#1277=VERTEX_POINT('',#3333);
#1278=VERTEX_POINT('',#3337);
#1279=VERTEX_POINT('',#3339);
#1280=VERTEX_POINT('',#3343);
#1281=VERTEX_POINT('',#3345);
#1282=VERTEX_POINT('',#3349);
#1283=VERTEX_POINT('',#3351);
#1284=VERTEX_POINT('',#3355);
#1285=VERTEX_POINT('',#3357);
#1286=VERTEX_POINT('',#3361);
#1287=VERTEX_POINT('',#3363);
#1288=VERTEX_POINT('',#3367);
#1289=VERTEX_POINT('',#3369);
#1290=VERTEX_POINT('',#3373);
#1291=VERTEX_POINT('',#3375);
#1292=VERTEX_POINT('',#3379);
#1293=VERTEX_POINT('',#3381);
#1294=VERTEX_POINT('',#3385);
#1295=VERTEX_POINT('',#3387);
#1296=VERTEX_POINT('',#3391);
#1297=VERTEX_POINT('',#3393);
#1298=VERTEX_POINT('',#3397);
#1299=VERTEX_POINT('',#3399);
#1300=VERTEX_POINT('',#3403);
#1301=VERTEX_POINT('',#3405);
#1302=VERTEX_POINT('',#3409);
#1303=VERTEX_POINT('',#3411);
#1304=VERTEX_POINT('',#3415);
#1305=VERTEX_POINT('',#3417);
#1306=VERTEX_POINT('',#3421);
#1307=VERTEX_POINT('',#3423);
#1308=VERTEX_POINT('',#3427);
#1309=VERTEX_POINT('',#3429);
#1310=VERTEX_POINT('',#3433);
#1311=VERTEX_POINT('',#3435);
#1312=VERTEX_POINT('',#3439);
#1313=VERTEX_POINT('',#3441);
#1314=VERTEX_POINT('',#3445);
#1315=VERTEX_POINT('',#3447);
#1316=VERTEX_POINT('',#3451);
#1317=VERTEX_POINT('',#3453);
#1318=VERTEX_POINT('',#3457);
#1319=VERTEX_POINT('',#3459);
#1320=VERTEX_POINT('',#3463);
#1321=VERTEX_POINT('',#3465);
#1322=VERTEX_POINT('',#3469);
#1323=VERTEX_POINT('',#3471);
#1324=VERTEX_POINT('',#3475);
#1325=VERTEX_POINT('',#3477);
#1326=VERTEX_POINT('',#3481);
#1327=VERTEX_POINT('',#3483);
#1328=VERTEX_POINT('',#3487);
#1329=VERTEX_POINT('',#3489);
#1330=VERTEX_POINT('',#3493);
#1331=VERTEX_POINT('',#3495);
#1332=VERTEX_POINT('',#3499);
#1333=VERTEX_POINT('',#3501);
#1334=VERTEX_POINT('',#3505);
#1335=VERTEX_POINT('',#3507);
#1336=VERTEX_POINT('',#3511);
#1337=VERTEX_POINT('',#3513);
#1338=VERTEX_POINT('',#3517);
#1339=VERTEX_POINT('',#3519);
#1340=VERTEX_POINT('',#3523);
#1341=VERTEX_POINT('',#3525);
#1342=VERTEX_POINT('',#3529);
#1343=VERTEX_POINT('',#3531);
#1344=VERTEX_POINT('',#3535);
#1345=VERTEX_POINT('',#3537);
#1346=VERTEX_POINT('',#3541);
#1347=VERTEX_POINT('',#3543);
#1348=VERTEX_POINT('',#3547);
#1349=VERTEX_POINT('',#3549);
#1350=VERTEX_POINT('',#3553);
#1351=VERTEX_POINT('',#3555);
#1352=VERTEX_POINT('',#3559);
#1353=VERTEX_POINT('',#3561);
#1354=VERTEX_POINT('',#3565);
#1355=VERTEX_POINT('',#3567);
#1356=VERTEX_POINT('',#3571);
#1357=VERTEX_POINT('',#3573);
#1358=VERTEX_POINT('',#3577);
#1359=VERTEX_POINT('',#3579);
#1360=VERTEX_POINT('',#3583);
#1361=VERTEX_POINT('',#3585);
#1362=VERTEX_POINT('',#3589);
#1363=VERTEX_POINT('',#3591);
#1364=VERTEX_POINT('',#3595);
#1365=VERTEX_POINT('',#3597);
#1366=VERTEX_POINT('',#3601);
#1367=VERTEX_POINT('',#3603);
#1368=VERTEX_POINT('',#3607);
#1369=VERTEX_POINT('',#3609);
#1370=VERTEX_POINT('',#3613);
#1371=VERTEX_POINT('',#3615);
#1372=VERTEX_POINT('',#3619);
#1373=VERTEX_POINT('',#3621);
#1374=VERTEX_POINT('',#3625);
#1375=VERTEX_POINT('',#3627);
#1376=VERTEX_POINT('',#3631);
#1377=VERTEX_POINT('',#3633);
#1378=VERTEX_POINT('',#3637);
#1379=VERTEX_POINT('',#3639);
#1380=VERTEX_POINT('',#3643);
#1381=VERTEX_POINT('',#3645);
#1382=VERTEX_POINT('',#3649);
#1383=VERTEX_POINT('',#3651);
#1384=VERTEX_POINT('',#3655);
#1385=VERTEX_POINT('',#3657);
#1386=VERTEX_POINT('',#3661);
#1387=VERTEX_POINT('',#3663);
#1388=VERTEX_POINT('',#3667);
#1389=VERTEX_POINT('',#3669);
#1390=VERTEX_POINT('',#3673);
#1391=VERTEX_POINT('',#3675);
#1392=VERTEX_POINT('',#3679);
#1393=VERTEX_POINT('',#3681);
#1394=VERTEX_POINT('',#3685);
#1395=VERTEX_POINT('',#3686);
#1396=VERTEX_POINT('',#3688);
#1397=VERTEX_POINT('',#3690);
#1398=VERTEX_POINT('',#3694);
#1399=VERTEX_POINT('',#3696);
#1400=VERTEX_POINT('',#3700);
#1401=VERTEX_POINT('',#3702);
#1402=VERTEX_POINT('',#3706);
#1403=VERTEX_POINT('',#3708);
#1404=VERTEX_POINT('',#3712);
#1405=VERTEX_POINT('',#3714);
#1406=VERTEX_POINT('',#3718);
#1407=VERTEX_POINT('',#3720);
#1408=VERTEX_POINT('',#3724);
#1409=VERTEX_POINT('',#3726);
#1410=VERTEX_POINT('',#3730);
#1411=VERTEX_POINT('',#3732);
#1412=VERTEX_POINT('',#3736);
#1413=VERTEX_POINT('',#3738);
#1414=VERTEX_POINT('',#3742);
#1415=VERTEX_POINT('',#3744);
#1416=VERTEX_POINT('',#3748);
#1417=VERTEX_POINT('',#3750);
#1418=VERTEX_POINT('',#3754);
#1419=VERTEX_POINT('',#3756);
#1420=VERTEX_POINT('',#3760);
#1421=VERTEX_POINT('',#3762);
#1422=VERTEX_POINT('',#3766);
#1423=VERTEX_POINT('',#3768);
#1424=VERTEX_POINT('',#3772);
#1425=VERTEX_POINT('',#3774);
#1426=VERTEX_POINT('',#3778);
#1427=VERTEX_POINT('',#3780);
#1428=VERTEX_POINT('',#3784);
#1429=VERTEX_POINT('',#3786);
#1430=VERTEX_POINT('',#3790);
#1431=VERTEX_POINT('',#3792);
#1432=VERTEX_POINT('',#3796);
#1433=VERTEX_POINT('',#3798);
#1434=VERTEX_POINT('',#3802);
#1435=VERTEX_POINT('',#3804);
#1436=VERTEX_POINT('',#3808);
#1437=VERTEX_POINT('',#3810);
#1438=CIRCLE('',#2098,0.00188417511215194);
#1439=CIRCLE('',#2099,0.00188417511215194);
#1440=CIRCLE('',#2101,0.00118829986209316);
#1441=CIRCLE('',#2102,0.00118829986209316);
#1442=CIRCLE('',#2104,2.9645786110104E-5);
#1443=CIRCLE('',#2105,2.9645786110104E-5);
#1444=CIRCLE('',#2107,0.000118253011995915);
#1445=CIRCLE('',#2108,0.000118253011995915);
#1446=CIRCLE('',#2110,0.00209960453755146);
#1447=CIRCLE('',#2111,0.00209960453755146);
#1448=CIRCLE('',#2113,0.00265925366708195);
#1449=CIRCLE('',#2114,0.00265925366708195);
#1450=CIRCLE('',#2116,0.000931578987370442);
#1451=CIRCLE('',#2117,0.000931578987370442);
#1452=CIRCLE('',#2119,0.00338871845650096);
#1453=CIRCLE('',#2120,0.00338871845650096);
#1454=CIRCLE('',#2122,0.19139742687741);
#1455=CIRCLE('',#2123,0.19139742687741);
#1456=CIRCLE('',#2125,0.205461942808488);
#1457=CIRCLE('',#2126,0.205461942808488);
#1458=CIRCLE('',#2128,0.0127409486124408);
#1459=CIRCLE('',#2129,0.0127409486124408);
#1460=CIRCLE('',#2131,0.00332372626985372);
#1461=CIRCLE('',#2132,0.00332372626985372);
#1462=CIRCLE('',#2134,0.00207600007145741);
#1463=CIRCLE('',#2135,0.00207600007145741);
#1464=CIRCLE('',#2137,0.00242964237562206);
#1465=CIRCLE('',#2138,0.00242964237562206);
#1466=CIRCLE('',#2140,0.00248771118433326);
#1467=CIRCLE('',#2141,0.00248771118433326);
#1468=CIRCLE('',#2143,0.00138396292184217);
#1469=CIRCLE('',#2144,0.00138396292184217);
#1470=CIRCLE('',#2146,0.00029294529171934);
#1471=CIRCLE('',#2147,0.00029294529171934);
#1472=CIRCLE('',#2149,0.000127661813855538);
#1473=CIRCLE('',#2150,0.000127661813855538);
#1474=CIRCLE('',#2152,0.000236955548106809);
#1475=CIRCLE('',#2153,0.000236955548106809);
#1476=CIRCLE('',#2155,9.75793466166503E-5);
#1477=CIRCLE('',#2156,9.75793466166503E-5);
#1478=CIRCLE('',#2158,0.00011238005589316);
#1479=CIRCLE('',#2159,0.00011238005589316);
#1480=CIRCLE('',#2161,0.00174120086480649);
#1481=CIRCLE('',#2162,0.00174120086480649);
#1482=CIRCLE('',#2164,0.0689654961516118);
#1483=CIRCLE('',#2165,0.0689654961516118);
#1484=CIRCLE('',#2167,0.0160651129552513);
#1485=CIRCLE('',#2168,0.0160651129552513);
#1486=CIRCLE('',#2170,0.0156963450305342);
#1487=CIRCLE('',#2171,0.0156963450305342);
#1488=CIRCLE('',#2173,0.0139215333959251);
#1489=CIRCLE('',#2174,0.0139215333959251);
#1490=CIRCLE('',#2176,0.00223105695693299);
#1491=CIRCLE('',#2177,0.00223105695693299);
#1492=CIRCLE('',#2179,0.00245584916916251);
#1493=CIRCLE('',#2180,0.00245584916916251);
#1494=CIRCLE('',#2182,0.00124089943669765);
#1495=CIRCLE('',#2183,0.00124089943669765);
#1496=CIRCLE('',#2185,0.000746585831624903);
#1497=CIRCLE('',#2186,0.000746585831624903);
#1498=CIRCLE('',#2188,0.000341353685991015);
#1499=CIRCLE('',#2189,0.000341353685991015);
#1500=CIRCLE('',#2191,0.00272317342592745);
#1501=CIRCLE('',#2192,0.00272317342592745);
#1502=CIRCLE('',#2194,8.1393665478719E-6);
#1503=CIRCLE('',#2195,8.1393665478719E-6);
#1504=CIRCLE('',#2197,0.0024146530508338);
#1505=CIRCLE('',#2198,0.0024146530508338);
#1506=CIRCLE('',#2200,0.000257174037182541);
#1507=CIRCLE('',#2201,0.000257174037182541);
#1508=CIRCLE('',#2203,0.000911210338785974);
#1509=CIRCLE('',#2204,0.000911210338785974);
#1510=CIRCLE('',#2206,0.00102322498316484);
#1511=CIRCLE('',#2207,0.00102322498316484);
#1512=CIRCLE('',#2209,0.000721328300173096);
#1513=CIRCLE('',#2210,0.000721328300173096);
#1514=CIRCLE('',#2212,0.00132244466000633);
#1515=CIRCLE('',#2213,0.00132244466000633);
#1516=CIRCLE('',#2215,0.00266168273686071);
#1517=CIRCLE('',#2216,0.00266168273686071);
#1518=CIRCLE('',#2218,0.0027397012472174);
#1519=CIRCLE('',#2219,0.0027397012472174);
#1520=CIRCLE('',#2221,0.00168530349605975);
#1521=CIRCLE('',#2222,0.00168530349605975);
#1522=CIRCLE('',#2226,0.414324850082683);
#1523=CIRCLE('',#2227,0.414324850082683);
#1524=CIRCLE('',#2229,0.297733698407939);
#1525=CIRCLE('',#2230,0.297733698407939);
#1526=CIRCLE('',#2232,0.32513309146803);
#1527=CIRCLE('',#2233,0.32513309146803);
#1528=CIRCLE('',#2235,0.00373916514459202);
#1529=CIRCLE('',#2236,0.00373916514459202);
#1530=CIRCLE('',#2238,0.00391514689211278);
#1531=CIRCLE('',#2239,0.00391514689211278);
#1532=CIRCLE('',#2241,0.000393336022177537);
#1533=CIRCLE('',#2242,0.000393336022177537);
#1534=CIRCLE('',#2244,0.00672439259633367);
#1535=CIRCLE('',#2245,0.00672439259633367);
#1536=CIRCLE('',#2247,0.00732410007212624);
#1537=CIRCLE('',#2248,0.00732410007212624);
#1538=CIRCLE('',#2250,0.00887397029195049);
#1539=CIRCLE('',#2251,0.00887397029195049);
#1540=CIRCLE('',#2253,0.00682141630024364);
#1541=CIRCLE('',#2254,0.00682141630024364);
#1542=CIRCLE('',#2256,0.00947097376551373);
#1543=CIRCLE('',#2257,0.00947097376551373);
#1544=CIRCLE('',#2259,0.00874205297953286);
#1545=CIRCLE('',#2260,0.00874205297953286);
#1546=CIRCLE('',#2262,0.00288649611029159);
#1547=CIRCLE('',#2263,0.00288649611029159);
#1548=CIRCLE('',#2265,0.00479394545764263);
#1549=CIRCLE('',#2266,0.00479394545764263);
#1550=CIRCLE('',#2268,0.00462411567254326);
#1551=CIRCLE('',#2269,0.00462411567254326);
#1552=CIRCLE('',#2271,0.00397417512455003);
#1553=CIRCLE('',#2272,0.00397417512455003);
#1554=CIRCLE('',#2274,0.00193967916752952);
#1555=CIRCLE('',#2275,0.00193967916752952);
#1556=CIRCLE('',#2277,0.00188624955843417);
#1557=CIRCLE('',#2278,0.00188624955843417);
#1558=CIRCLE('',#2280,0.00722247408166716);
#1559=CIRCLE('',#2281,0.00722247408166716);
#1560=CIRCLE('',#2283,0.00856738173363356);
#1561=CIRCLE('',#2284,0.00856738173363356);
#1562=CIRCLE('',#2286,0.000123006661188358);
#1563=CIRCLE('',#2287,0.000123006661188358);
#1564=CIRCLE('',#2289,0.000219419526961081);
#1565=CIRCLE('',#2290,0.000219419526961081);
#1566=CIRCLE('',#2292,0.000358479895331682);
#1567=CIRCLE('',#2293,0.000358479895331682);
#1568=CIRCLE('',#2295,0.000872975542328718);
#1569=CIRCLE('',#2296,0.000872975542328718);
#1570=CIRCLE('',#2298,0.00321597504538635);
#1571=CIRCLE('',#2299,0.00321597504538635);
#1572=CIRCLE('',#2301,0.00360409347842743);
#1573=CIRCLE('',#2302,0.00360409347842743);
#1574=CIRCLE('',#2304,0.00759512434539255);
#1575=CIRCLE('',#2305,0.00759512434539255);
#1576=CIRCLE('',#2307,0.0111285143572456);
#1577=CIRCLE('',#2308,0.0111285143572456);
#1578=CIRCLE('',#2310,0.023660562403184);
#1579=CIRCLE('',#2311,0.023660562403184);
#1580=CIRCLE('',#2313,0.0145873076081046);
#1581=CIRCLE('',#2314,0.0145873076081046);
#1582=CIRCLE('',#2316,0.00264813581304913);
#1583=CIRCLE('',#2317,0.00264813581304913);
#1584=CIRCLE('',#2319,0.000884331096366673);
#1585=CIRCLE('',#2320,0.000884331096366673);
#1586=CIRCLE('',#2322,0.00321681857937793);
#1587=CIRCLE('',#2323,0.00321681857937793);
#1588=CIRCLE('',#2325,0.00331405719254617);
#1589=CIRCLE('',#2326,0.00331405719254617);
#1590=CIRCLE('',#2328,0.0013432339746886);
#1591=CIRCLE('',#2329,0.0013432339746886);
#1592=CIRCLE('',#2331,0.00294262590037681);
#1593=CIRCLE('',#2332,0.00294262590037681);
#1594=CIRCLE('',#2334,0.0019252804077231);
#1595=CIRCLE('',#2335,0.0019252804077231);
#1596=CIRCLE('',#2337,0.00213030057436886);
#1597=CIRCLE('',#2338,0.00213030057436886);
#1598=CIRCLE('',#2340,0.00387719709055695);
#1599=CIRCLE('',#2341,0.00387719709055695);
#1600=CIRCLE('',#2343,0.00591268953160109);
#1601=CIRCLE('',#2344,0.00591268953160109);
#1602=CIRCLE('',#2346,0.0526821682119973);
#1603=CIRCLE('',#2347,0.0526821682119973);
#1604=CIRCLE('',#2349,0.00942065525712078);
#1605=CIRCLE('',#2350,0.00942065525712078);
#1606=CIRCLE('',#2354,0.00258747259998814);
#1607=CIRCLE('',#2355,0.00258747259998814);
#1608=CIRCLE('',#2357,0.00292382733835639);
#1609=CIRCLE('',#2358,0.00292382733835639);
#1610=CIRCLE('',#2360,0.00247496902286087);
#1611=CIRCLE('',#2361,0.00247496902286087);
#1612=CIRCLE('',#2363,0.000833384377502314);
#1613=CIRCLE('',#2364,0.000833384377502314);
#1614=CIRCLE('',#2366,0.000996509399901039);
#1615=CIRCLE('',#2367,0.000996509399901039);
#1616=CIRCLE('',#2369,0.00448174961875511);
#1617=CIRCLE('',#2370,0.00448174961875511);
#1618=CIRCLE('',#2372,0.0050719813965722);
#1619=CIRCLE('',#2373,0.0050719813965722);
#1620=CIRCLE('',#2375,0.00483965393743726);
#1621=CIRCLE('',#2376,0.00483965393743726);
#1622=CIRCLE('',#2378,0.00177803329136136);
#1623=CIRCLE('',#2379,0.00177803329136136);
#1624=CIRCLE('',#2381,0.00159620885739614);
#1625=CIRCLE('',#2382,0.00159620885739614);
#1626=CIRCLE('',#2384,0.00218892590401895);
#1627=CIRCLE('',#2385,0.00218892590401895);
#1628=CIRCLE('',#2387,0.0045189433109389);
#1629=CIRCLE('',#2388,0.0045189433109389);
#1630=CIRCLE('',#2390,0.000882385381074178);
#1631=CIRCLE('',#2391,0.000882385381074178);
#1632=CIRCLE('',#2393,0.000338756342194075);
#1633=CIRCLE('',#2394,0.000338756342194075);
#1634=CIRCLE('',#2396,0.000701950563202431);
#1635=CIRCLE('',#2397,0.000701950563202431);
#1636=CIRCLE('',#2399,0.0181433096581468);
#1637=CIRCLE('',#2400,0.0181433096581468);
#1638=CIRCLE('',#2402,0.00708976204926292);
#1639=CIRCLE('',#2403,0.00708976204926292);
#1640=CIRCLE('',#2405,0.0162125860632189);
#1641=CIRCLE('',#2406,0.0162125860632189);
#1642=CIRCLE('',#2408,0.0166667786909446);
#1643=CIRCLE('',#2409,0.0166667786909446);
#1644=CIRCLE('',#2411,0.0716712295031765);
#1645=CIRCLE('',#2412,0.0716712295031765);
#1646=EDGE_LOOP('',(#250,#251,#252,#253));
#1647=EDGE_LOOP('',(#254,#255,#256,#257));
#1648=EDGE_LOOP('',(#258,#259,#260,#261));
#1649=EDGE_LOOP('',(#262,#263,#264,#265));
#1650=EDGE_LOOP('',(#266,#267,#268,#269));
#1651=EDGE_LOOP('',(#270,#271,#272,#273));
#1652=EDGE_LOOP('',(#274,#275,#276,#277));
#1653=EDGE_LOOP('',(#278,#279,#280,#281));
#1654=EDGE_LOOP('',(#282,#283,#284,#285));
#1655=EDGE_LOOP('',(#286,#287,#288,#289));
#1656=EDGE_LOOP('',(#290,#291,#292,#293));
#1657=EDGE_LOOP('',(#294,#295,#296,#297));
#1658=EDGE_LOOP('',(#298,#299,#300,#301));
#1659=EDGE_LOOP('',(#302,#303,#304,#305));
#1660=EDGE_LOOP('',(#306,#307,#308,#309));
#1661=EDGE_LOOP('',(#310,#311,#312,#313));
#1662=EDGE_LOOP('',(#314,#315,#316,#317));
#1663=EDGE_LOOP('',(#318,#319,#320,#321));
#1664=EDGE_LOOP('',(#322,#323,#324,#325));
#1665=EDGE_LOOP('',(#326,#327,#328,#329));
#1666=EDGE_LOOP('',(#330,#331,#332,#333));
#1667=EDGE_LOOP('',(#334,#335,#336,#337));
#1668=EDGE_LOOP('',(#338,#339,#340,#341));
#1669=EDGE_LOOP('',(#342,#343,#344,#345));
#1670=EDGE_LOOP('',(#346,#347,#348,#349));
#1671=EDGE_LOOP('',(#350,#351,#352,#353));
#1672=EDGE_LOOP('',(#354,#355,#356,#357));
#1673=EDGE_LOOP('',(#358,#359,#360,#361));
#1674=EDGE_LOOP('',(#362,#363,#364,#365));
#1675=EDGE_LOOP('',(#366,#367,#368,#369));
#1676=EDGE_LOOP('',(#370,#371,#372,#373));
#1677=EDGE_LOOP('',(#374,#375,#376,#377));
#1678=EDGE_LOOP('',(#378,#379,#380,#381));
#1679=EDGE_LOOP('',(#382,#383,#384,#385));
#1680=EDGE_LOOP('',(#386,#387,#388,#389));
#1681=EDGE_LOOP('',(#390,#391,#392,#393));
#1682=EDGE_LOOP('',(#394,#395,#396,#397));
#1683=EDGE_LOOP('',(#398,#399,#400,#401));
#1684=EDGE_LOOP('',(#402,#403,#404,#405));
#1685=EDGE_LOOP('',(#406,#407,#408,#409));
#1686=EDGE_LOOP('',(#410,#411,#412,#413));
#1687=EDGE_LOOP('',(#414,#415,#416,#417));
#1688=EDGE_LOOP('',(#418,#419,#420,#421));
#1689=EDGE_LOOP('',(#422,#423,#424,#425));
#1690=EDGE_LOOP('',(#426,#427,#428,#429));
#1691=EDGE_LOOP('',(#430,#431,#432,#433));
#1692=EDGE_LOOP('',(#434,#435,#436,#437));
#1693=EDGE_LOOP('',(#438,#439,#440,#441));
#1694=EDGE_LOOP('',(#442,#443,#444,#445));
#1695=EDGE_LOOP('',(#446,#447,#448,#449));
#1696=EDGE_LOOP('',(#450,#451,#452,#453));
#1697=EDGE_LOOP('',(#454,#455,#456,#457));
#1698=EDGE_LOOP('',(#458,#459,#460,#461));
#1699=EDGE_LOOP('',(#462,#463,#464,#465));
#1700=EDGE_LOOP('',(#466,#467,#468,#469));
#1701=EDGE_LOOP('',(#470,#471,#472,#473));
#1702=EDGE_LOOP('',(#474,#475,#476,#477));
#1703=EDGE_LOOP('',(#478,#479,#480,#481));
#1704=EDGE_LOOP('',(#482,#483,#484,#485));
#1705=EDGE_LOOP('',(#486,#487,#488,#489));
#1706=EDGE_LOOP('',(#490,#491,#492,#493));
#1707=EDGE_LOOP('',(#494,#495,#496,#497));
#1708=EDGE_LOOP('',(#498,#499,#500,#501));
#1709=EDGE_LOOP('',(#502,#503,#504,#505));
#1710=EDGE_LOOP('',(#506,#507,#508,#509));
#1711=EDGE_LOOP('',(#510,#511,#512,#513));
#1712=EDGE_LOOP('',(#514,#515,#516,#517));
#1713=EDGE_LOOP('',(#518,#519,#520,#521));
#1714=EDGE_LOOP('',(#522,#523,#524,#525));
#1715=EDGE_LOOP('',(#526,#527,#528,#529));
#1716=EDGE_LOOP('',(#530,#531,#532,#533));
#1717=EDGE_LOOP('',(#534,#535,#536,#537));
#1718=EDGE_LOOP('',(#538,#539,#540,#541));
#1719=EDGE_LOOP('',(#542,#543,#544,#545));
#1720=EDGE_LOOP('',(#546,#547,#548,#549));
#1721=EDGE_LOOP('',(#550,#551,#552,#553));
#1722=EDGE_LOOP('',(#554,#555,#556,#557));
#1723=EDGE_LOOP('',(#558,#559,#560,#561));
#1724=EDGE_LOOP('',(#562,#563,#564,#565));
#1725=EDGE_LOOP('',(#566,#567,#568,#569));
#1726=EDGE_LOOP('',(#570,#571,#572,#573));
#1727=EDGE_LOOP('',(#574,#575,#576,#577));
#1728=EDGE_LOOP('',(#578,#579,#580,#581));
#1729=EDGE_LOOP('',(#582,#583,#584,#585));
#1730=EDGE_LOOP('',(#586,#587,#588,#589));
#1731=EDGE_LOOP('',(#590,#591,#592,#593));
#1732=EDGE_LOOP('',(#594,#595,#596,#597));
#1733=EDGE_LOOP('',(#598,#599,#600,#601));
#1734=EDGE_LOOP('',(#602,#603,#604,#605));
#1735=EDGE_LOOP('',(#606,#607,#608,#609));
#1736=EDGE_LOOP('',(#610,#611,#612,#613));
#1737=EDGE_LOOP('',(#614,#615,#616,#617));
#1738=EDGE_LOOP('',(#618,#619,#620,#621));
#1739=EDGE_LOOP('',(#622,#623,#624,#625));
#1740=EDGE_LOOP('',(#626,#627,#628,#629));
#1741=EDGE_LOOP('',(#630,#631,#632,#633));
#1742=EDGE_LOOP('',(#634,#635,#636,#637));
#1743=EDGE_LOOP('',(#638,#639,#640,#641));
#1744=EDGE_LOOP('',(#642,#643,#644,#645));
#1745=EDGE_LOOP('',(#646,#647,#648,#649));
#1746=EDGE_LOOP('',(#650,#651,#652,#653));
#1747=EDGE_LOOP('',(#654,#655,#656,#657));
#1748=EDGE_LOOP('',(#658,#659,#660,#661));
#1749=EDGE_LOOP('',(#662,#663,#664,#665));
#1750=EDGE_LOOP('',(#666,#667,#668,#669));
#1751=EDGE_LOOP('',(#670,#671,#672,#673));
#1752=EDGE_LOOP('',(#674,#675,#676,#677));
#1753=EDGE_LOOP('',(#678,#679,#680,#681));
#1754=EDGE_LOOP('',(#682,#683,#684,#685,#686,#687,#688,#689,#690,#691,#692,
#693,#694,#695,#696,#697,#698,#699,#700,#701,#702,#703));
#1755=EDGE_LOOP('',(#704,#705,#706,#707,#708,#709,#710,#711,#712,#713,#714,
#715,#716,#717,#718,#719,#720,#721,#722,#723,#724,#725,#726,#727,#728,#729,
#730,#731,#732,#733,#734,#735,#736,#737,#738,#739,#740,#741,#742,#743,#744,
#745,#746,#747,#748,#749,#750,#751,#752,#753,#754,#755,#756,#757,#758,#759,
#760,#761,#762,#763,#764,#765,#766,#767,#768,#769,#770,#771,#772,#773,#774,
#775,#776,#777,#778,#779,#780,#781,#782,#783,#784,#785,#786,#787,#788,#789));
#1756=EDGE_LOOP('',(#790,#791,#792,#793,#794,#795,#796,#797,#798,#799,#800,
#801,#802,#803,#804,#805,#806,#807,#808,#809,#810,#811));
#1757=EDGE_LOOP('',(#812,#813,#814,#815,#816,#817,#818,#819,#820,#821,#822,
#823,#824,#825,#826,#827,#828,#829,#830,#831,#832,#833,#834,#835,#836,#837,
#838,#839,#840,#841,#842,#843,#844,#845,#846,#847,#848,#849,#850,#851,#852,
#853,#854,#855,#856,#857,#858,#859,#860,#861,#862,#863,#864,#865,#866,#867,
#868,#869,#870,#871,#872,#873,#874,#875,#876,#877,#878,#879,#880,#881,#882,
#883,#884,#885,#886,#887,#888,#889,#890,#891,#892,#893,#894,#895,#896,#897));
#1758=FACE_BOUND('',#1646,.T.);
#1759=FACE_BOUND('',#1647,.T.);
#1760=FACE_BOUND('',#1648,.T.);
#1761=FACE_BOUND('',#1649,.T.);
#1762=FACE_BOUND('',#1650,.T.);
#1763=FACE_BOUND('',#1651,.T.);
#1764=FACE_BOUND('',#1652,.T.);
#1765=FACE_BOUND('',#1653,.T.);
#1766=FACE_BOUND('',#1654,.T.);
#1767=FACE_BOUND('',#1655,.T.);
#1768=FACE_BOUND('',#1656,.T.);
#1769=FACE_BOUND('',#1657,.T.);
#1770=FACE_BOUND('',#1658,.T.);
#1771=FACE_BOUND('',#1659,.T.);
#1772=FACE_BOUND('',#1660,.T.);
#1773=FACE_BOUND('',#1661,.T.);
#1774=FACE_BOUND('',#1662,.T.);
#1775=FACE_BOUND('',#1663,.T.);
#1776=FACE_BOUND('',#1664,.T.);
#1777=FACE_BOUND('',#1665,.T.);
#1778=FACE_BOUND('',#1666,.T.);
#1779=FACE_BOUND('',#1667,.T.);
#1780=FACE_BOUND('',#1668,.T.);
#1781=FACE_BOUND('',#1669,.T.);
#1782=FACE_BOUND('',#1670,.T.);
#1783=FACE_BOUND('',#1671,.T.);
#1784=FACE_BOUND('',#1672,.T.);
#1785=FACE_BOUND('',#1673,.T.);
#1786=FACE_BOUND('',#1674,.T.);
#1787=FACE_BOUND('',#1675,.T.);
#1788=FACE_BOUND('',#1676,.T.);
#1789=FACE_BOUND('',#1677,.T.);
#1790=FACE_BOUND('',#1678,.T.);
#1791=FACE_BOUND('',#1679,.T.);
#1792=FACE_BOUND('',#1680,.T.);
#1793=FACE_BOUND('',#1681,.T.);
#1794=FACE_BOUND('',#1682,.T.);
#1795=FACE_BOUND('',#1683,.T.);
#1796=FACE_BOUND('',#1684,.T.);
#1797=FACE_BOUND('',#1685,.T.);
#1798=FACE_BOUND('',#1686,.T.);
#1799=FACE_BOUND('',#1687,.T.);
#1800=FACE_BOUND('',#1688,.T.);
#1801=FACE_BOUND('',#1689,.T.);
#1802=FACE_BOUND('',#1690,.T.);
#1803=FACE_BOUND('',#1691,.T.);
#1804=FACE_BOUND('',#1692,.T.);
#1805=FACE_BOUND('',#1693,.T.);
#1806=FACE_BOUND('',#1694,.T.);
#1807=FACE_BOUND('',#1695,.T.);
#1808=FACE_BOUND('',#1696,.T.);
#1809=FACE_BOUND('',#1697,.T.);
#1810=FACE_BOUND('',#1698,.T.);
#1811=FACE_BOUND('',#1699,.T.);
#1812=FACE_BOUND('',#1700,.T.);
#1813=FACE_BOUND('',#1701,.T.);
#1814=FACE_BOUND('',#1702,.T.);
#1815=FACE_BOUND('',#1703,.T.);
#1816=FACE_BOUND('',#1704,.T.);
#1817=FACE_BOUND('',#1705,.T.);
#1818=FACE_BOUND('',#1706,.T.);
#1819=FACE_BOUND('',#1707,.T.);
#1820=FACE_BOUND('',#1708,.T.);
#1821=FACE_BOUND('',#1709,.T.);
#1822=FACE_BOUND('',#1710,.T.);
#1823=FACE_BOUND('',#1711,.T.);
#1824=FACE_BOUND('',#1712,.T.);
#1825=FACE_BOUND('',#1713,.T.);
#1826=FACE_BOUND('',#1714,.T.);
#1827=FACE_BOUND('',#1715,.T.);
#1828=FACE_BOUND('',#1716,.T.);
#1829=FACE_BOUND('',#1717,.T.);
#1830=FACE_BOUND('',#1718,.T.);
#1831=FACE_BOUND('',#1719,.T.);
#1832=FACE_BOUND('',#1720,.T.);
#1833=FACE_BOUND('',#1721,.T.);
#1834=FACE_BOUND('',#1722,.T.);
#1835=FACE_BOUND('',#1723,.T.);
#1836=FACE_BOUND('',#1724,.T.);
#1837=FACE_BOUND('',#1725,.T.);
#1838=FACE_BOUND('',#1726,.T.);
#1839=FACE_BOUND('',#1727,.T.);
#1840=FACE_BOUND('',#1728,.T.);
#1841=FACE_BOUND('',#1729,.T.);
#1842=FACE_BOUND('',#1730,.T.);
#1843=FACE_BOUND('',#1731,.T.);
#1844=FACE_BOUND('',#1732,.T.);
#1845=FACE_BOUND('',#1733,.T.);
#1846=FACE_BOUND('',#1734,.T.);
#1847=FACE_BOUND('',#1735,.T.);
#1848=FACE_BOUND('',#1736,.T.);
#1849=FACE_BOUND('',#1737,.T.);
#1850=FACE_BOUND('',#1738,.T.);
#1851=FACE_BOUND('',#1739,.T.);
#1852=FACE_BOUND('',#1740,.T.);
#1853=FACE_BOUND('',#1741,.T.);
#1854=FACE_BOUND('',#1742,.T.);
#1855=FACE_BOUND('',#1743,.T.);
#1856=FACE_BOUND('',#1744,.T.);
#1857=FACE_BOUND('',#1745,.T.);
#1858=FACE_BOUND('',#1746,.T.);
#1859=FACE_BOUND('',#1747,.T.);
#1860=FACE_BOUND('',#1748,.T.);
#1861=FACE_BOUND('',#1749,.T.);
#1862=FACE_BOUND('',#1750,.T.);
#1863=FACE_BOUND('',#1751,.T.);
#1864=FACE_BOUND('',#1752,.T.);
#1865=FACE_BOUND('',#1753,.T.);
#1866=FACE_BOUND('',#1754,.T.);
#1867=FACE_BOUND('',#1755,.T.);
#1868=FACE_BOUND('',#1756,.T.);
#1869=FACE_BOUND('',#1757,.T.);
#1870=CYLINDRICAL_SURFACE('',#2097,0.00188417511215194);
#1871=CYLINDRICAL_SURFACE('',#2100,0.00118829986209316);
#1872=CYLINDRICAL_SURFACE('',#2103,2.9645786110104E-5);
#1873=CYLINDRICAL_SURFACE('',#2106,0.000118253011995915);
#1874=CYLINDRICAL_SURFACE('',#2109,0.00209960453755146);
#1875=CYLINDRICAL_SURFACE('',#2112,0.00265925366708195);
#1876=CYLINDRICAL_SURFACE('',#2115,0.000931578987370442);
#1877=CYLINDRICAL_SURFACE('',#2118,0.00338871845650096);
#1878=CYLINDRICAL_SURFACE('',#2121,0.19139742687741);
#1879=CYLINDRICAL_SURFACE('',#2124,0.205461942808488);
#1880=CYLINDRICAL_SURFACE('',#2127,0.0127409486124408);
#1881=CYLINDRICAL_SURFACE('',#2130,0.00332372626985372);
#1882=CYLINDRICAL_SURFACE('',#2133,0.00207600007145741);
#1883=CYLINDRICAL_SURFACE('',#2136,0.00242964237562206);
#1884=CYLINDRICAL_SURFACE('',#2139,0.00248771118433326);
#1885=CYLINDRICAL_SURFACE('',#2142,0.00138396292184217);
#1886=CYLINDRICAL_SURFACE('',#2145,0.00029294529171934);
#1887=CYLINDRICAL_SURFACE('',#2148,0.000127661813855538);
#1888=CYLINDRICAL_SURFACE('',#2151,0.000236955548106809);
#1889=CYLINDRICAL_SURFACE('',#2154,9.75793466166503E-5);
#1890=CYLINDRICAL_SURFACE('',#2157,0.00011238005589316);
#1891=CYLINDRICAL_SURFACE('',#2160,0.00174120086480649);
#1892=CYLINDRICAL_SURFACE('',#2163,0.0689654961516118);
#1893=CYLINDRICAL_SURFACE('',#2166,0.0160651129552513);
#1894=CYLINDRICAL_SURFACE('',#2169,0.0156963450305342);
#1895=CYLINDRICAL_SURFACE('',#2172,0.0139215333959251);
#1896=CYLINDRICAL_SURFACE('',#2175,0.00223105695693299);
#1897=CYLINDRICAL_SURFACE('',#2178,0.00245584916916251);
#1898=CYLINDRICAL_SURFACE('',#2181,0.00124089943669765);
#1899=CYLINDRICAL_SURFACE('',#2184,0.000746585831624903);
#1900=CYLINDRICAL_SURFACE('',#2187,0.000341353685991015);
#1901=CYLINDRICAL_SURFACE('',#2190,0.00272317342592745);
#1902=CYLINDRICAL_SURFACE('',#2193,8.1393665478719E-6);
#1903=CYLINDRICAL_SURFACE('',#2196,0.0024146530508338);
#1904=CYLINDRICAL_SURFACE('',#2199,0.000257174037182541);
#1905=CYLINDRICAL_SURFACE('',#2202,0.000911210338785974);
#1906=CYLINDRICAL_SURFACE('',#2205,0.00102322498316484);
#1907=CYLINDRICAL_SURFACE('',#2208,0.000721328300173096);
#1908=CYLINDRICAL_SURFACE('',#2211,0.00132244466000633);
#1909=CYLINDRICAL_SURFACE('',#2214,0.00266168273686071);
#1910=CYLINDRICAL_SURFACE('',#2217,0.0027397012472174);
#1911=CYLINDRICAL_SURFACE('',#2220,0.00168530349605975);
#1912=CYLINDRICAL_SURFACE('',#2225,0.414324850082683);
#1913=CYLINDRICAL_SURFACE('',#2228,0.297733698407939);
#1914=CYLINDRICAL_SURFACE('',#2231,0.32513309146803);
#1915=CYLINDRICAL_SURFACE('',#2234,0.00373916514459202);
#1916=CYLINDRICAL_SURFACE('',#2237,0.00391514689211278);
#1917=CYLINDRICAL_SURFACE('',#2240,0.000393336022177537);
#1918=CYLINDRICAL_SURFACE('',#2243,0.00672439259633367);
#1919=CYLINDRICAL_SURFACE('',#2246,0.00732410007212624);
#1920=CYLINDRICAL_SURFACE('',#2249,0.00887397029195049);
#1921=CYLINDRICAL_SURFACE('',#2252,0.00682141630024364);
#1922=CYLINDRICAL_SURFACE('',#2255,0.00947097376551373);
#1923=CYLINDRICAL_SURFACE('',#2258,0.00874205297953286);
#1924=CYLINDRICAL_SURFACE('',#2261,0.00288649611029159);
#1925=CYLINDRICAL_SURFACE('',#2264,0.00479394545764263);
#1926=CYLINDRICAL_SURFACE('',#2267,0.00462411567254326);
#1927=CYLINDRICAL_SURFACE('',#2270,0.00397417512455003);
#1928=CYLINDRICAL_SURFACE('',#2273,0.00193967916752952);
#1929=CYLINDRICAL_SURFACE('',#2276,0.00188624955843417);
#1930=CYLINDRICAL_SURFACE('',#2279,0.00722247408166716);
#1931=CYLINDRICAL_SURFACE('',#2282,0.00856738173363356);
#1932=CYLINDRICAL_SURFACE('',#2285,0.000123006661188358);
#1933=CYLINDRICAL_SURFACE('',#2288,0.000219419526961081);
#1934=CYLINDRICAL_SURFACE('',#2291,0.000358479895331682);
#1935=CYLINDRICAL_SURFACE('',#2294,0.000872975542328718);
#1936=CYLINDRICAL_SURFACE('',#2297,0.00321597504538635);
#1937=CYLINDRICAL_SURFACE('',#2300,0.00360409347842743);
#1938=CYLINDRICAL_SURFACE('',#2303,0.00759512434539255);
#1939=CYLINDRICAL_SURFACE('',#2306,0.0111285143572456);
#1940=CYLINDRICAL_SURFACE('',#2309,0.023660562403184);
#1941=CYLINDRICAL_SURFACE('',#2312,0.0145873076081046);
#1942=CYLINDRICAL_SURFACE('',#2315,0.00264813581304913);
#1943=CYLINDRICAL_SURFACE('',#2318,0.000884331096366673);
#1944=CYLINDRICAL_SURFACE('',#2321,0.00321681857937793);
#1945=CYLINDRICAL_SURFACE('',#2324,0.00331405719254617);
#1946=CYLINDRICAL_SURFACE('',#2327,0.0013432339746886);
#1947=CYLINDRICAL_SURFACE('',#2330,0.00294262590037681);
#1948=CYLINDRICAL_SURFACE('',#2333,0.0019252804077231);
#1949=CYLINDRICAL_SURFACE('',#2336,0.00213030057436886);
#1950=CYLINDRICAL_SURFACE('',#2339,0.00387719709055695);
#1951=CYLINDRICAL_SURFACE('',#2342,0.00591268953160109);
#1952=CYLINDRICAL_SURFACE('',#2345,0.0526821682119973);
#1953=CYLINDRICAL_SURFACE('',#2348,0.00942065525712078);
#1954=CYLINDRICAL_SURFACE('',#2353,0.00258747259998814);
#1955=CYLINDRICAL_SURFACE('',#2356,0.00292382733835639);
#1956=CYLINDRICAL_SURFACE('',#2359,0.00247496902286087);
#1957=CYLINDRICAL_SURFACE('',#2362,0.000833384377502314);
#1958=CYLINDRICAL_SURFACE('',#2365,0.000996509399901039);
#1959=CYLINDRICAL_SURFACE('',#2368,0.00448174961875511);
#1960=CYLINDRICAL_SURFACE('',#2371,0.0050719813965722);
#1961=CYLINDRICAL_SURFACE('',#2374,0.00483965393743726);
#1962=CYLINDRICAL_SURFACE('',#2377,0.00177803329136136);
#1963=CYLINDRICAL_SURFACE('',#2380,0.00159620885739614);
#1964=CYLINDRICAL_SURFACE('',#2383,0.00218892590401895);
#1965=CYLINDRICAL_SURFACE('',#2386,0.0045189433109389);
#1966=CYLINDRICAL_SURFACE('',#2389,0.000882385381074178);
#1967=CYLINDRICAL_SURFACE('',#2392,0.000338756342194075);
#1968=CYLINDRICAL_SURFACE('',#2395,0.000701950563202431);
#1969=CYLINDRICAL_SURFACE('',#2398,0.0181433096581468);
#1970=CYLINDRICAL_SURFACE('',#2401,0.00708976204926292);
#1971=CYLINDRICAL_SURFACE('',#2404,0.0162125860632189);
#1972=CYLINDRICAL_SURFACE('',#2407,0.0166667786909446);
#1973=CYLINDRICAL_SURFACE('',#2410,0.0716712295031765);
#1974=ADVANCED_FACE('',(#1758),#1870,.T.);
#1975=ADVANCED_FACE('',(#1759),#1871,.T.);
#1976=ADVANCED_FACE('',(#1760),#1872,.T.);
#1977=ADVANCED_FACE('',(#1761),#1873,.T.);
#1978=ADVANCED_FACE('',(#1762),#1874,.T.);
#1979=ADVANCED_FACE('',(#1763),#1875,.F.);
#1980=ADVANCED_FACE('',(#1764),#1876,.F.);
#1981=ADVANCED_FACE('',(#1765),#1877,.F.);
#1982=ADVANCED_FACE('',(#1766),#1878,.F.);
#1983=ADVANCED_FACE('',(#1767),#1879,.F.);
#1984=ADVANCED_FACE('',(#1768),#1880,.F.);
#1985=ADVANCED_FACE('',(#1769),#1881,.F.);
#1986=ADVANCED_FACE('',(#1770),#1882,.T.);
#1987=ADVANCED_FACE('',(#1771),#1883,.T.);
#1988=ADVANCED_FACE('',(#1772),#1884,.T.);
#1989=ADVANCED_FACE('',(#1773),#1885,.T.);
#1990=ADVANCED_FACE('',(#1774),#1886,.T.);
#1991=ADVANCED_FACE('',(#1775),#1887,.T.);
#1992=ADVANCED_FACE('',(#1776),#1888,.T.);
#1993=ADVANCED_FACE('',(#1777),#1889,.T.);
#1994=ADVANCED_FACE('',(#1778),#1890,.T.);
#1995=ADVANCED_FACE('',(#1779),#1891,.T.);
#1996=ADVANCED_FACE('',(#1780),#1892,.T.);
#1997=ADVANCED_FACE('',(#1781),#1893,.F.);
#1998=ADVANCED_FACE('',(#1782),#1894,.F.);
#1999=ADVANCED_FACE('',(#1783),#1895,.F.);
#2000=ADVANCED_FACE('',(#1784),#1896,.F.);
#2001=ADVANCED_FACE('',(#1785),#1897,.T.);
#2002=ADVANCED_FACE('',(#1786),#1898,.T.);
#2003=ADVANCED_FACE('',(#1787),#1899,.T.);
#2004=ADVANCED_FACE('',(#1788),#1900,.T.);
#2005=ADVANCED_FACE('',(#1789),#1901,.T.);
#2006=ADVANCED_FACE('',(#1790),#1902,.F.);
#2007=ADVANCED_FACE('',(#1791),#1903,.T.);
#2008=ADVANCED_FACE('',(#1792),#1904,.T.);
#2009=ADVANCED_FACE('',(#1793),#1905,.T.);
#2010=ADVANCED_FACE('',(#1794),#1906,.T.);
#2011=ADVANCED_FACE('',(#1795),#1907,.T.);
#2012=ADVANCED_FACE('',(#1796),#1908,.F.);
#2013=ADVANCED_FACE('',(#1797),#1909,.F.);
#2014=ADVANCED_FACE('',(#1798),#1910,.F.);
#2015=ADVANCED_FACE('',(#1799),#1911,.F.);
#2016=ADVANCED_FACE('',(#1800),#12,.F.);
#2017=ADVANCED_FACE('',(#1801),#13,.F.);
#2018=ADVANCED_FACE('',(#1802),#1912,.T.);
#2019=ADVANCED_FACE('',(#1803),#1913,.T.);
#2020=ADVANCED_FACE('',(#1804),#1914,.T.);
#2021=ADVANCED_FACE('',(#1805),#1915,.F.);
#2022=ADVANCED_FACE('',(#1806),#1916,.F.);
#2023=ADVANCED_FACE('',(#1807),#1917,.T.);
#2024=ADVANCED_FACE('',(#1808),#1918,.T.);
#2025=ADVANCED_FACE('',(#1809),#1919,.T.);
#2026=ADVANCED_FACE('',(#1810),#1920,.T.);
#2027=ADVANCED_FACE('',(#1811),#1921,.F.);
#2028=ADVANCED_FACE('',(#1812),#1922,.F.);
#2029=ADVANCED_FACE('',(#1813),#1923,.F.);
#2030=ADVANCED_FACE('',(#1814),#1924,.F.);
#2031=ADVANCED_FACE('',(#1815),#1925,.T.);
#2032=ADVANCED_FACE('',(#1816),#1926,.T.);
#2033=ADVANCED_FACE('',(#1817),#1927,.T.);
#2034=ADVANCED_FACE('',(#1818),#1928,.T.);
#2035=ADVANCED_FACE('',(#1819),#1929,.T.);
#2036=ADVANCED_FACE('',(#1820),#1930,.T.);
#2037=ADVANCED_FACE('',(#1821),#1931,.T.);
#2038=ADVANCED_FACE('',(#1822),#1932,.T.);
#2039=ADVANCED_FACE('',(#1823),#1933,.T.);
#2040=ADVANCED_FACE('',(#1824),#1934,.T.);
#2041=ADVANCED_FACE('',(#1825),#1935,.T.);
#2042=ADVANCED_FACE('',(#1826),#1936,.T.);
#2043=ADVANCED_FACE('',(#1827),#1937,.F.);
#2044=ADVANCED_FACE('',(#1828),#1938,.F.);
#2045=ADVANCED_FACE('',(#1829),#1939,.F.);
#2046=ADVANCED_FACE('',(#1830),#1940,.F.);
#2047=ADVANCED_FACE('',(#1831),#1941,.F.);
#2048=ADVANCED_FACE('',(#1832),#1942,.F.);
#2049=ADVANCED_FACE('',(#1833),#1943,.T.);
#2050=ADVANCED_FACE('',(#1834),#1944,.T.);
#2051=ADVANCED_FACE('',(#1835),#1945,.T.);
#2052=ADVANCED_FACE('',(#1836),#1946,.T.);
#2053=ADVANCED_FACE('',(#1837),#1947,.T.);
#2054=ADVANCED_FACE('',(#1838),#1948,.T.);
#2055=ADVANCED_FACE('',(#1839),#1949,.T.);
#2056=ADVANCED_FACE('',(#1840),#1950,.T.);
#2057=ADVANCED_FACE('',(#1841),#1951,.T.);
#2058=ADVANCED_FACE('',(#1842),#1952,.T.);
#2059=ADVANCED_FACE('',(#1843),#1953,.F.);
#2060=ADVANCED_FACE('',(#1844),#14,.T.);
#2061=ADVANCED_FACE('',(#1845),#15,.T.);
#2062=ADVANCED_FACE('',(#1846),#1954,.F.);
#2063=ADVANCED_FACE('',(#1847),#1955,.F.);
#2064=ADVANCED_FACE('',(#1848),#1956,.F.);
#2065=ADVANCED_FACE('',(#1849),#1957,.F.);
#2066=ADVANCED_FACE('',(#1850),#1958,.F.);
#2067=ADVANCED_FACE('',(#1851),#1959,.F.);
#2068=ADVANCED_FACE('',(#1852),#1960,.F.);
#2069=ADVANCED_FACE('',(#1853),#1961,.F.);
#2070=ADVANCED_FACE('',(#1854),#1962,.F.);
#2071=ADVANCED_FACE('',(#1855),#1963,.F.);
#2072=ADVANCED_FACE('',(#1856),#1964,.F.);
#2073=ADVANCED_FACE('',(#1857),#1965,.F.);
#2074=ADVANCED_FACE('',(#1858),#1966,.F.);
#2075=ADVANCED_FACE('',(#1859),#1967,.F.);
#2076=ADVANCED_FACE('',(#1860),#1968,.F.);
#2077=ADVANCED_FACE('',(#1861),#1969,.F.);
#2078=ADVANCED_FACE('',(#1862),#1970,.F.);
#2079=ADVANCED_FACE('',(#1863),#1971,.F.);
#2080=ADVANCED_FACE('',(#1864),#1972,.F.);
#2081=ADVANCED_FACE('',(#1865),#1973,.T.);
#2082=ADVANCED_FACE('',(#1866,#1867),#16,.T.);
#2083=ADVANCED_FACE('',(#1868,#1869),#17,.F.);
#2084=CLOSED_SHELL('',(#1974,#1975,#1976,#1977,#1978,#1979,#1980,#1981,
#1982,#1983,#1984,#1985,#1986,#1987,#1988,#1989,#1990,#1991,#1992,#1993,
#1994,#1995,#1996,#1997,#1998,#1999,#2000,#2001,#2002,#2003,#2004,#2005,
#2006,#2007,#2008,#2009,#2010,#2011,#2012,#2013,#2014,#2015,#2016,#2017,
#2018,#2019,#2020,#2021,#2022,#2023,#2024,#2025,#2026,#2027,#2028,#2029,
#2030,#2031,#2032,#2033,#2034,#2035,#2036,#2037,#2038,#2039,#2040,#2041,
#2042,#2043,#2044,#2045,#2046,#2047,#2048,#2049,#2050,#2051,#2052,#2053,
#2054,#2055,#2056,#2057,#2058,#2059,#2060,#2061,#2062,#2063,#2064,#2065,
#2066,#2067,#2068,#2069,#2070,#2071,#2072,#2073,#2074,#2075,#2076,#2077,
#2078,#2079,#2080,#2081,#2082,#2083));
#2085=STYLED_ITEM('',(#2086),#2093);
#2086=PRESENTATION_STYLE_ASSIGNMENT((#2087));
#2087=SURFACE_STYLE_USAGE(.BOTH.,#2088);
#2088=SURFACE_SIDE_STYLE('',(#2089));
#2089=SURFACE_STYLE_FILL_AREA(#2090);
#2090=FILL_AREA_STYLE('',(#2091));
#2091=FILL_AREA_STYLE_COLOUR('',#2092);
#2092=COLOUR_RGB('',0.615686274509804,0.811764705882353,0.929411764705882);
#2093=MANIFOLD_SOLID_BREP('Part 16',#2084);
#2094=SHAPE_DEFINITION_REPRESENTATION(#3826,#2095);
#2095=SHAPE_REPRESENTATION('Part 16',(#2096),#3821);
#2096=AXIS2_PLACEMENT_3D('',#3169,#2415,#2416);
#2097=AXIS2_PLACEMENT_3D('',#3170,#2417,#2418);
#2098=AXIS2_PLACEMENT_3D('',#3171,#2419,#2420);
#2099=AXIS2_PLACEMENT_3D('',#3176,#2422,#2423);
#2100=AXIS2_PLACEMENT_3D('',#3179,#2425,#2426);
#2101=AXIS2_PLACEMENT_3D('',#3180,#2427,#2428);
#2102=AXIS2_PLACEMENT_3D('',#3184,#2430,#2431);
#2103=AXIS2_PLACEMENT_3D('',#3185,#2432,#2433);
#2104=AXIS2_PLACEMENT_3D('',#3186,#2434,#2435);
#2105=AXIS2_PLACEMENT_3D('',#3190,#2437,#2438);
#2106=AXIS2_PLACEMENT_3D('',#3191,#2439,#2440);
#2107=AXIS2_PLACEMENT_3D('',#3192,#2441,#2442);
#2108=AXIS2_PLACEMENT_3D('',#3196,#2444,#2445);
#2109=AXIS2_PLACEMENT_3D('',#3197,#2446,#2447);
#2110=AXIS2_PLACEMENT_3D('',#3198,#2448,#2449);
#2111=AXIS2_PLACEMENT_3D('',#3202,#2451,#2452);
#2112=AXIS2_PLACEMENT_3D('',#3203,#2453,#2454);
#2113=AXIS2_PLACEMENT_3D('',#3204,#2455,#2456);
#2114=AXIS2_PLACEMENT_3D('',#3208,#2458,#2459);
#2115=AXIS2_PLACEMENT_3D('',#3209,#2460,#2461);
#2116=AXIS2_PLACEMENT_3D('',#3210,#2462,#2463);
#2117=AXIS2_PLACEMENT_3D('',#3214,#2465,#2466);
#2118=AXIS2_PLACEMENT_3D('',#3215,#2467,#2468);
#2119=AXIS2_PLACEMENT_3D('',#3216,#2469,#2470);
#2120=AXIS2_PLACEMENT_3D('',#3220,#2472,#2473);
#2121=AXIS2_PLACEMENT_3D('',#3221,#2474,#2475);
#2122=AXIS2_PLACEMENT_3D('',#3222,#2476,#2477);
#2123=AXIS2_PLACEMENT_3D('',#3226,#2479,#2480);
#2124=AXIS2_PLACEMENT_3D('',#3227,#2481,#2482);
#2125=AXIS2_PLACEMENT_3D('',#3228,#2483,#2484);
#2126=AXIS2_PLACEMENT_3D('',#3232,#2486,#2487);
#2127=AXIS2_PLACEMENT_3D('',#3233,#2488,#2489);
#2128=AXIS2_PLACEMENT_3D('',#3234,#2490,#2491);
#2129=AXIS2_PLACEMENT_3D('',#3238,#2493,#2494);
#2130=AXIS2_PLACEMENT_3D('',#3239,#2495,#2496);
#2131=AXIS2_PLACEMENT_3D('',#3240,#2497,#2498);
#2132=AXIS2_PLACEMENT_3D('',#3244,#2500,#2501);
#2133=AXIS2_PLACEMENT_3D('',#3245,#2502,#2503);
#2134=AXIS2_PLACEMENT_3D('',#3246,#2504,#2505);
#2135=AXIS2_PLACEMENT_3D('',#3250,#2507,#2508);
#2136=AXIS2_PLACEMENT_3D('',#3251,#2509,#2510);
#2137=AXIS2_PLACEMENT_3D('',#3252,#2511,#2512);
#2138=AXIS2_PLACEMENT_3D('',#3256,#2514,#2515);
#2139=AXIS2_PLACEMENT_3D('',#3257,#2516,#2517);
#2140=AXIS2_PLACEMENT_3D('',#3258,#2518,#2519);
#2141=AXIS2_PLACEMENT_3D('',#3262,#2521,#2522);
#2142=AXIS2_PLACEMENT_3D('',#3263,#2523,#2524);
#2143=AXIS2_PLACEMENT_3D('',#3264,#2525,#2526);
#2144=AXIS2_PLACEMENT_3D('',#3268,#2528,#2529);
#2145=AXIS2_PLACEMENT_3D('',#3269,#2530,#2531);
#2146=AXIS2_PLACEMENT_3D('',#3270,#2532,#2533);
#2147=AXIS2_PLACEMENT_3D('',#3274,#2535,#2536);
#2148=AXIS2_PLACEMENT_3D('',#3275,#2537,#2538);
#2149=AXIS2_PLACEMENT_3D('',#3276,#2539,#2540);
#2150=AXIS2_PLACEMENT_3D('',#3280,#2542,#2543);
#2151=AXIS2_PLACEMENT_3D('',#3281,#2544,#2545);
#2152=AXIS2_PLACEMENT_3D('',#3282,#2546,#2547);
#2153=AXIS2_PLACEMENT_3D('',#3286,#2549,#2550);
#2154=AXIS2_PLACEMENT_3D('',#3287,#2551,#2552);
#2155=AXIS2_PLACEMENT_3D('',#3288,#2553,#2554);
#2156=AXIS2_PLACEMENT_3D('',#3292,#2556,#2557);
#2157=AXIS2_PLACEMENT_3D('',#3293,#2558,#2559);
#2158=AXIS2_PLACEMENT_3D('',#3294,#2560,#2561);
#2159=AXIS2_PLACEMENT_3D('',#3298,#2563,#2564);
#2160=AXIS2_PLACEMENT_3D('',#3299,#2565,#2566);
#2161=AXIS2_PLACEMENT_3D('',#3300,#2567,#2568);
#2162=AXIS2_PLACEMENT_3D('',#3304,#2570,#2571);
#2163=AXIS2_PLACEMENT_3D('',#3305,#2572,#2573);
#2164=AXIS2_PLACEMENT_3D('',#3306,#2574,#2575);
#2165=AXIS2_PLACEMENT_3D('',#3310,#2577,#2578);
#2166=AXIS2_PLACEMENT_3D('',#3311,#2579,#2580);
#2167=AXIS2_PLACEMENT_3D('',#3312,#2581,#2582);
#2168=AXIS2_PLACEMENT_3D('',#3316,#2584,#2585);
#2169=AXIS2_PLACEMENT_3D('',#3317,#2586,#2587);
#2170=AXIS2_PLACEMENT_3D('',#3318,#2588,#2589);
#2171=AXIS2_PLACEMENT_3D('',#3322,#2591,#2592);
#2172=AXIS2_PLACEMENT_3D('',#3323,#2593,#2594);
#2173=AXIS2_PLACEMENT_3D('',#3324,#2595,#2596);
#2174=AXIS2_PLACEMENT_3D('',#3328,#2598,#2599);
#2175=AXIS2_PLACEMENT_3D('',#3329,#2600,#2601);
#2176=AXIS2_PLACEMENT_3D('',#3330,#2602,#2603);
#2177=AXIS2_PLACEMENT_3D('',#3334,#2605,#2606);
#2178=AXIS2_PLACEMENT_3D('',#3335,#2607,#2608);
#2179=AXIS2_PLACEMENT_3D('',#3336,#2609,#2610);
#2180=AXIS2_PLACEMENT_3D('',#3340,#2612,#2613);
#2181=AXIS2_PLACEMENT_3D('',#3341,#2614,#2615);
#2182=AXIS2_PLACEMENT_3D('',#3342,#2616,#2617);
#2183=AXIS2_PLACEMENT_3D('',#3346,#2619,#2620);
#2184=AXIS2_PLACEMENT_3D('',#3347,#2621,#2622);
#2185=AXIS2_PLACEMENT_3D('',#3348,#2623,#2624);
#2186=AXIS2_PLACEMENT_3D('',#3352,#2626,#2627);
#2187=AXIS2_PLACEMENT_3D('',#3353,#2628,#2629);
#2188=AXIS2_PLACEMENT_3D('',#3354,#2630,#2631);
#2189=AXIS2_PLACEMENT_3D('',#3358,#2633,#2634);
#2190=AXIS2_PLACEMENT_3D('',#3359,#2635,#2636);
#2191=AXIS2_PLACEMENT_3D('',#3360,#2637,#2638);
#2192=AXIS2_PLACEMENT_3D('',#3364,#2640,#2641);
#2193=AXIS2_PLACEMENT_3D('',#3365,#2642,#2643);
#2194=AXIS2_PLACEMENT_3D('',#3366,#2644,#2645);
#2195=AXIS2_PLACEMENT_3D('',#3370,#2647,#2648);
#2196=AXIS2_PLACEMENT_3D('',#3371,#2649,#2650);
#2197=AXIS2_PLACEMENT_3D('',#3372,#2651,#2652);
#2198=AXIS2_PLACEMENT_3D('',#3376,#2654,#2655);
#2199=AXIS2_PLACEMENT_3D('',#3377,#2656,#2657);
#2200=AXIS2_PLACEMENT_3D('',#3378,#2658,#2659);
#2201=AXIS2_PLACEMENT_3D('',#3382,#2661,#2662);
#2202=AXIS2_PLACEMENT_3D('',#3383,#2663,#2664);
#2203=AXIS2_PLACEMENT_3D('',#3384,#2665,#2666);
#2204=AXIS2_PLACEMENT_3D('',#3388,#2668,#2669);
#2205=AXIS2_PLACEMENT_3D('',#3389,#2670,#2671);
#2206=AXIS2_PLACEMENT_3D('',#3390,#2672,#2673);
#2207=AXIS2_PLACEMENT_3D('',#3394,#2675,#2676);
#2208=AXIS2_PLACEMENT_3D('',#3395,#2677,#2678);
#2209=AXIS2_PLACEMENT_3D('',#3396,#2679,#2680);
#2210=AXIS2_PLACEMENT_3D('',#3400,#2682,#2683);
#2211=AXIS2_PLACEMENT_3D('',#3401,#2684,#2685);
#2212=AXIS2_PLACEMENT_3D('',#3402,#2686,#2687);
#2213=AXIS2_PLACEMENT_3D('',#3406,#2689,#2690);
#2214=AXIS2_PLACEMENT_3D('',#3407,#2691,#2692);
#2215=AXIS2_PLACEMENT_3D('',#3408,#2693,#2694);
#2216=AXIS2_PLACEMENT_3D('',#3412,#2696,#2697);
#2217=AXIS2_PLACEMENT_3D('',#3413,#2698,#2699);
#2218=AXIS2_PLACEMENT_3D('',#3414,#2700,#2701);
#2219=AXIS2_PLACEMENT_3D('',#3418,#2703,#2704);
#2220=AXIS2_PLACEMENT_3D('',#3419,#2705,#2706);
#2221=AXIS2_PLACEMENT_3D('',#3420,#2707,#2708);
#2222=AXIS2_PLACEMENT_3D('',#3424,#2710,#2711);
#2223=AXIS2_PLACEMENT_3D('',#3425,#2712,#2713);
#2224=AXIS2_PLACEMENT_3D('',#3431,#2717,#2718);
#2225=AXIS2_PLACEMENT_3D('',#3437,#2722,#2723);
#2226=AXIS2_PLACEMENT_3D('',#3438,#2724,#2725);
#2227=AXIS2_PLACEMENT_3D('',#3442,#2727,#2728);
#2228=AXIS2_PLACEMENT_3D('',#3443,#2729,#2730);
#2229=AXIS2_PLACEMENT_3D('',#3444,#2731,#2732);
#2230=AXIS2_PLACEMENT_3D('',#3448,#2734,#2735);
#2231=AXIS2_PLACEMENT_3D('',#3449,#2736,#2737);
#2232=AXIS2_PLACEMENT_3D('',#3450,#2738,#2739);
#2233=AXIS2_PLACEMENT_3D('',#3454,#2741,#2742);
#2234=AXIS2_PLACEMENT_3D('',#3455,#2743,#2744);
#2235=AXIS2_PLACEMENT_3D('',#3456,#2745,#2746);
#2236=AXIS2_PLACEMENT_3D('',#3460,#2748,#2749);
#2237=AXIS2_PLACEMENT_3D('',#3461,#2750,#2751);
#2238=AXIS2_PLACEMENT_3D('',#3462,#2752,#2753);
#2239=AXIS2_PLACEMENT_3D('',#3466,#2755,#2756);
#2240=AXIS2_PLACEMENT_3D('',#3467,#2757,#2758);
#2241=AXIS2_PLACEMENT_3D('',#3468,#2759,#2760);
#2242=AXIS2_PLACEMENT_3D('',#3472,#2762,#2763);
#2243=AXIS2_PLACEMENT_3D('',#3473,#2764,#2765);
#2244=AXIS2_PLACEMENT_3D('',#3474,#2766,#2767);
#2245=AXIS2_PLACEMENT_3D('',#3478,#2769,#2770);
#2246=AXIS2_PLACEMENT_3D('',#3479,#2771,#2772);
#2247=AXIS2_PLACEMENT_3D('',#3480,#2773,#2774);
#2248=AXIS2_PLACEMENT_3D('',#3484,#2776,#2777);
#2249=AXIS2_PLACEMENT_3D('',#3485,#2778,#2779);
#2250=AXIS2_PLACEMENT_3D('',#3486,#2780,#2781);
#2251=AXIS2_PLACEMENT_3D('',#3490,#2783,#2784);
#2252=AXIS2_PLACEMENT_3D('',#3491,#2785,#2786);
#2253=AXIS2_PLACEMENT_3D('',#3492,#2787,#2788);
#2254=AXIS2_PLACEMENT_3D('',#3496,#2790,#2791);
#2255=AXIS2_PLACEMENT_3D('',#3497,#2792,#2793);
#2256=AXIS2_PLACEMENT_3D('',#3498,#2794,#2795);
#2257=AXIS2_PLACEMENT_3D('',#3502,#2797,#2798);
#2258=AXIS2_PLACEMENT_3D('',#3503,#2799,#2800);
#2259=AXIS2_PLACEMENT_3D('',#3504,#2801,#2802);
#2260=AXIS2_PLACEMENT_3D('',#3508,#2804,#2805);
#2261=AXIS2_PLACEMENT_3D('',#3509,#2806,#2807);
#2262=AXIS2_PLACEMENT_3D('',#3510,#2808,#2809);
#2263=AXIS2_PLACEMENT_3D('',#3514,#2811,#2812);
#2264=AXIS2_PLACEMENT_3D('',#3515,#2813,#2814);
#2265=AXIS2_PLACEMENT_3D('',#3516,#2815,#2816);
#2266=AXIS2_PLACEMENT_3D('',#3520,#2818,#2819);
#2267=AXIS2_PLACEMENT_3D('',#3521,#2820,#2821);
#2268=AXIS2_PLACEMENT_3D('',#3522,#2822,#2823);
#2269=AXIS2_PLACEMENT_3D('',#3526,#2825,#2826);
#2270=AXIS2_PLACEMENT_3D('',#3527,#2827,#2828);
#2271=AXIS2_PLACEMENT_3D('',#3528,#2829,#2830);
#2272=AXIS2_PLACEMENT_3D('',#3532,#2832,#2833);
#2273=AXIS2_PLACEMENT_3D('',#3533,#2834,#2835);
#2274=AXIS2_PLACEMENT_3D('',#3534,#2836,#2837);
#2275=AXIS2_PLACEMENT_3D('',#3538,#2839,#2840);
#2276=AXIS2_PLACEMENT_3D('',#3539,#2841,#2842);
#2277=AXIS2_PLACEMENT_3D('',#3540,#2843,#2844);
#2278=AXIS2_PLACEMENT_3D('',#3544,#2846,#2847);
#2279=AXIS2_PLACEMENT_3D('',#3545,#2848,#2849);
#2280=AXIS2_PLACEMENT_3D('',#3546,#2850,#2851);
#2281=AXIS2_PLACEMENT_3D('',#3550,#2853,#2854);
#2282=AXIS2_PLACEMENT_3D('',#3551,#2855,#2856);
#2283=AXIS2_PLACEMENT_3D('',#3552,#2857,#2858);
#2284=AXIS2_PLACEMENT_3D('',#3556,#2860,#2861);
#2285=AXIS2_PLACEMENT_3D('',#3557,#2862,#2863);
#2286=AXIS2_PLACEMENT_3D('',#3558,#2864,#2865);
#2287=AXIS2_PLACEMENT_3D('',#3562,#2867,#2868);
#2288=AXIS2_PLACEMENT_3D('',#3563,#2869,#2870);
#2289=AXIS2_PLACEMENT_3D('',#3564,#2871,#2872);
#2290=AXIS2_PLACEMENT_3D('',#3568,#2874,#2875);
#2291=AXIS2_PLACEMENT_3D('',#3569,#2876,#2877);
#2292=AXIS2_PLACEMENT_3D('',#3570,#2878,#2879);
#2293=AXIS2_PLACEMENT_3D('',#3574,#2881,#2882);
#2294=AXIS2_PLACEMENT_3D('',#3575,#2883,#2884);
#2295=AXIS2_PLACEMENT_3D('',#3576,#2885,#2886);
#2296=AXIS2_PLACEMENT_3D('',#3580,#2888,#2889);
#2297=AXIS2_PLACEMENT_3D('',#3581,#2890,#2891);
#2298=AXIS2_PLACEMENT_3D('',#3582,#2892,#2893);
#2299=AXIS2_PLACEMENT_3D('',#3586,#2895,#2896);
#2300=AXIS2_PLACEMENT_3D('',#3587,#2897,#2898);
#2301=AXIS2_PLACEMENT_3D('',#3588,#2899,#2900);
#2302=AXIS2_PLACEMENT_3D('',#3592,#2902,#2903);
#2303=AXIS2_PLACEMENT_3D('',#3593,#2904,#2905);
#2304=AXIS2_PLACEMENT_3D('',#3594,#2906,#2907);
#2305=AXIS2_PLACEMENT_3D('',#3598,#2909,#2910);
#2306=AXIS2_PLACEMENT_3D('',#3599,#2911,#2912);
#2307=AXIS2_PLACEMENT_3D('',#3600,#2913,#2914);
#2308=AXIS2_PLACEMENT_3D('',#3604,#2916,#2917);
#2309=AXIS2_PLACEMENT_3D('',#3605,#2918,#2919);
#2310=AXIS2_PLACEMENT_3D('',#3606,#2920,#2921);
#2311=AXIS2_PLACEMENT_3D('',#3610,#2923,#2924);
#2312=AXIS2_PLACEMENT_3D('',#3611,#2925,#2926);
#2313=AXIS2_PLACEMENT_3D('',#3612,#2927,#2928);
#2314=AXIS2_PLACEMENT_3D('',#3616,#2930,#2931);
#2315=AXIS2_PLACEMENT_3D('',#3617,#2932,#2933);
#2316=AXIS2_PLACEMENT_3D('',#3618,#2934,#2935);
#2317=AXIS2_PLACEMENT_3D('',#3622,#2937,#2938);
#2318=AXIS2_PLACEMENT_3D('',#3623,#2939,#2940);
#2319=AXIS2_PLACEMENT_3D('',#3624,#2941,#2942);
#2320=AXIS2_PLACEMENT_3D('',#3628,#2944,#2945);
#2321=AXIS2_PLACEMENT_3D('',#3629,#2946,#2947);
#2322=AXIS2_PLACEMENT_3D('',#3630,#2948,#2949);
#2323=AXIS2_PLACEMENT_3D('',#3634,#2951,#2952);
#2324=AXIS2_PLACEMENT_3D('',#3635,#2953,#2954);
#2325=AXIS2_PLACEMENT_3D('',#3636,#2955,#2956);
#2326=AXIS2_PLACEMENT_3D('',#3640,#2958,#2959);
#2327=AXIS2_PLACEMENT_3D('',#3641,#2960,#2961);
#2328=AXIS2_PLACEMENT_3D('',#3642,#2962,#2963);
#2329=AXIS2_PLACEMENT_3D('',#3646,#2965,#2966);
#2330=AXIS2_PLACEMENT_3D('',#3647,#2967,#2968);
#2331=AXIS2_PLACEMENT_3D('',#3648,#2969,#2970);
#2332=AXIS2_PLACEMENT_3D('',#3652,#2972,#2973);
#2333=AXIS2_PLACEMENT_3D('',#3653,#2974,#2975);
#2334=AXIS2_PLACEMENT_3D('',#3654,#2976,#2977);
#2335=AXIS2_PLACEMENT_3D('',#3658,#2979,#2980);
#2336=AXIS2_PLACEMENT_3D('',#3659,#2981,#2982);
#2337=AXIS2_PLACEMENT_3D('',#3660,#2983,#2984);
#2338=AXIS2_PLACEMENT_3D('',#3664,#2986,#2987);
#2339=AXIS2_PLACEMENT_3D('',#3665,#2988,#2989);
#2340=AXIS2_PLACEMENT_3D('',#3666,#2990,#2991);
#2341=AXIS2_PLACEMENT_3D('',#3670,#2993,#2994);
#2342=AXIS2_PLACEMENT_3D('',#3671,#2995,#2996);
#2343=AXIS2_PLACEMENT_3D('',#3672,#2997,#2998);
#2344=AXIS2_PLACEMENT_3D('',#3676,#3000,#3001);
#2345=AXIS2_PLACEMENT_3D('',#3677,#3002,#3003);
#2346=AXIS2_PLACEMENT_3D('',#3678,#3004,#3005);
#2347=AXIS2_PLACEMENT_3D('',#3682,#3007,#3008);
#2348=AXIS2_PLACEMENT_3D('',#3683,#3009,#3010);
#2349=AXIS2_PLACEMENT_3D('',#3684,#3011,#3012);
#2350=AXIS2_PLACEMENT_3D('',#3689,#3014,#3015);
#2351=AXIS2_PLACEMENT_3D('',#3692,#3017,#3018);
#2352=AXIS2_PLACEMENT_3D('',#3698,#3022,#3023);
#2353=AXIS2_PLACEMENT_3D('',#3704,#3027,#3028);
#2354=AXIS2_PLACEMENT_3D('',#3705,#3029,#3030);
#2355=AXIS2_PLACEMENT_3D('',#3709,#3032,#3033);
#2356=AXIS2_PLACEMENT_3D('',#3710,#3034,#3035);
#2357=AXIS2_PLACEMENT_3D('',#3711,#3036,#3037);
#2358=AXIS2_PLACEMENT_3D('',#3715,#3039,#3040);
#2359=AXIS2_PLACEMENT_3D('',#3716,#3041,#3042);
#2360=AXIS2_PLACEMENT_3D('',#3717,#3043,#3044);
#2361=AXIS2_PLACEMENT_3D('',#3721,#3046,#3047);
#2362=AXIS2_PLACEMENT_3D('',#3722,#3048,#3049);
#2363=AXIS2_PLACEMENT_3D('',#3723,#3050,#3051);
#2364=AXIS2_PLACEMENT_3D('',#3727,#3053,#3054);
#2365=AXIS2_PLACEMENT_3D('',#3728,#3055,#3056);
#2366=AXIS2_PLACEMENT_3D('',#3729,#3057,#3058);
#2367=AXIS2_PLACEMENT_3D('',#3733,#3060,#3061);
#2368=AXIS2_PLACEMENT_3D('',#3734,#3062,#3063);
#2369=AXIS2_PLACEMENT_3D('',#3735,#3064,#3065);
#2370=AXIS2_PLACEMENT_3D('',#3739,#3067,#3068);
#2371=AXIS2_PLACEMENT_3D('',#3740,#3069,#3070);
#2372=AXIS2_PLACEMENT_3D('',#3741,#3071,#3072);
#2373=AXIS2_PLACEMENT_3D('',#3745,#3074,#3075);
#2374=AXIS2_PLACEMENT_3D('',#3746,#3076,#3077);
#2375=AXIS2_PLACEMENT_3D('',#3747,#3078,#3079);
#2376=AXIS2_PLACEMENT_3D('',#3751,#3081,#3082);
#2377=AXIS2_PLACEMENT_3D('',#3752,#3083,#3084);
#2378=AXIS2_PLACEMENT_3D('',#3753,#3085,#3086);
#2379=AXIS2_PLACEMENT_3D('',#3757,#3088,#3089);
#2380=AXIS2_PLACEMENT_3D('',#3758,#3090,#3091);
#2381=AXIS2_PLACEMENT_3D('',#3759,#3092,#3093);
#2382=AXIS2_PLACEMENT_3D('',#3763,#3095,#3096);
#2383=AXIS2_PLACEMENT_3D('',#3764,#3097,#3098);
#2384=AXIS2_PLACEMENT_3D('',#3765,#3099,#3100);
#2385=AXIS2_PLACEMENT_3D('',#3769,#3102,#3103);
#2386=AXIS2_PLACEMENT_3D('',#3770,#3104,#3105);
#2387=AXIS2_PLACEMENT_3D('',#3771,#3106,#3107);
#2388=AXIS2_PLACEMENT_3D('',#3775,#3109,#3110);
#2389=AXIS2_PLACEMENT_3D('',#3776,#3111,#3112);
#2390=AXIS2_PLACEMENT_3D('',#3777,#3113,#3114);
#2391=AXIS2_PLACEMENT_3D('',#3781,#3116,#3117);
#2392=AXIS2_PLACEMENT_3D('',#3782,#3118,#3119);
#2393=AXIS2_PLACEMENT_3D('',#3783,#3120,#3121);
#2394=AXIS2_PLACEMENT_3D('',#3787,#3123,#3124);
#2395=AXIS2_PLACEMENT_3D('',#3788,#3125,#3126);
#2396=AXIS2_PLACEMENT_3D('',#3789,#3127,#3128);
#2397=AXIS2_PLACEMENT_3D('',#3793,#3130,#3131);
#2398=AXIS2_PLACEMENT_3D('',#3794,#3132,#3133);
#2399=AXIS2_PLACEMENT_3D('',#3795,#3134,#3135);
#2400=AXIS2_PLACEMENT_3D('',#3799,#3137,#3138);
#2401=AXIS2_PLACEMENT_3D('',#3800,#3139,#3140);
#2402=AXIS2_PLACEMENT_3D('',#3801,#3141,#3142);
#2403=AXIS2_PLACEMENT_3D('',#3805,#3144,#3145);
#2404=AXIS2_PLACEMENT_3D('',#3806,#3146,#3147);
#2405=AXIS2_PLACEMENT_3D('',#3807,#3148,#3149);
#2406=AXIS2_PLACEMENT_3D('',#3811,#3151,#3152);
#2407=AXIS2_PLACEMENT_3D('',#3812,#3153,#3154);
#2408=AXIS2_PLACEMENT_3D('',#3813,#3155,#3156);
#2409=AXIS2_PLACEMENT_3D('',#3814,#3157,#3158);
#2410=AXIS2_PLACEMENT_3D('',#3815,#3159,#3160);
#2411=AXIS2_PLACEMENT_3D('',#3816,#3161,#3162);
#2412=AXIS2_PLACEMENT_3D('',#3817,#3163,#3164);
#2413=AXIS2_PLACEMENT_3D('',#3818,#3165,#3166);
#2414=AXIS2_PLACEMENT_3D('',#3819,#3167,#3168);
#2415=DIRECTION('',(0.,0.,1.));
#2416=DIRECTION('',(1.,0.,0.));
#2417=DIRECTION('',(-5.56131819963552E-33,1.22464679914735E-16,1.));
#2418=DIRECTION('',(-1.,-9.08232186375291E-17,5.56131819963552E-33));
#2419=DIRECTION('',(5.56131819963552E-33,-1.22464679914735E-16,-1.));
#2420=DIRECTION('',(1.,9.08232186375291E-17,-5.56131819963552E-33));
#2421=DIRECTION('',(-5.56131819963552E-33,1.22464679914735E-16,1.));
#2422=DIRECTION('',(5.56131819963552E-33,-1.22464679914735E-16,-1.));
#2423=DIRECTION('',(1.,9.08232186375291E-17,-5.56131819963552E-33));
#2424=DIRECTION('',(-5.56131819963552E-33,1.22464679914735E-16,1.));
#2425=DIRECTION('',(-5.56131819963552E-33,1.22464679914735E-16,1.));
#2426=DIRECTION('',(-1.,-9.08232186375291E-17,5.56131819963552E-33));
#2427=DIRECTION('',(5.56131819963552E-33,-1.22464679914735E-16,-1.));
#2428=DIRECTION('',(1.,9.08232186375291E-17,-5.56131819963552E-33));
#2429=DIRECTION('',(-5.56131819963552E-33,1.22464679914735E-16,1.));
#2430=DIRECTION('',(5.56131819963552E-33,-1.22464679914735E-16,-1.));
#2431=DIRECTION('',(1.,9.08232186375291E-17,-5.56131819963552E-33));
#2432=DIRECTION('',(-5.56131819963552E-33,1.22464679914735E-16,1.));
#2433=DIRECTION('',(-1.,-9.08232186375291E-17,5.56131819963552E-33));
#2434=DIRECTION('',(5.56131819963552E-33,-1.22464679914735E-16,-1.));
#2435=DIRECTION('',(1.,9.08232186375291E-17,-5.56131819963552E-33));
#2436=DIRECTION('',(-5.56131819963552E-33,1.22464679914735E-16,1.));
#2437=DIRECTION('',(5.56131819963552E-33,-1.22464679914735E-16,-1.));
#2438=DIRECTION('',(1.,9.08232186375291E-17,-5.56131819963552E-33));
#2439=DIRECTION('',(-5.56131819963552E-33,1.22464679914735E-16,1.));
#2440=DIRECTION('',(-1.,-9.08232186375291E-17,5.56131819963552E-33));
#2441=DIRECTION('',(5.56131819963552E-33,-1.22464679914735E-16,-1.));
#2442=DIRECTION('',(1.,9.08232186375291E-17,-5.56131819963552E-33));
#2443=DIRECTION('',(-5.56131819963552E-33,1.22464679914735E-16,1.));
#2444=DIRECTION('',(5.56131819963552E-33,-1.22464679914735E-16,-1.));
#2445=DIRECTION('',(1.,9.08232186375291E-17,-5.56131819963552E-33));
#2446=DIRECTION('',(-5.56131819963552E-33,1.22464679914735E-16,1.));
#2447=DIRECTION('',(-1.,-9.08232186375291E-17,5.56131819963552E-33));
#2448=DIRECTION('',(5.56131819963552E-33,-1.22464679914735E-16,-1.));
#2449=DIRECTION('',(1.,9.08232186375291E-17,-5.56131819963552E-33));
#2450=DIRECTION('',(-5.56131819963552E-33,1.22464679914735E-16,1.));
#2451=DIRECTION('',(5.56131819963552E-33,-1.22464679914735E-16,-1.));
#2452=DIRECTION('',(1.,9.08232186375291E-17,-5.56131819963552E-33));
#2453=DIRECTION('',(-5.56131819963552E-33,1.22464679914735E-16,1.));
#2454=DIRECTION('',(-1.,-9.08232186375291E-17,5.56131819963552E-33));
#2455=DIRECTION('',(-5.56131819963552E-33,1.22464679914735E-16,1.));
#2456=DIRECTION('',(1.,9.08232186375291E-17,-5.56131819963552E-33));
#2457=DIRECTION('',(-5.56131819963552E-33,1.22464679914735E-16,1.));
#2458=DIRECTION('',(-5.56131819963552E-33,1.22464679914735E-16,1.));
#2459=DIRECTION('',(1.,9.08232186375291E-17,-5.56131819963552E-33));
#2460=DIRECTION('',(-5.56131819963552E-33,1.22464679914735E-16,1.));
#2461=DIRECTION('',(-1.,-9.08232186375291E-17,5.56131819963552E-33));
#2462=DIRECTION('',(-5.56131819963552E-33,1.22464679914735E-16,1.));
#2463=DIRECTION('',(1.,9.08232186375291E-17,-5.56131819963552E-33));
#2464=DIRECTION('',(-5.56131819963552E-33,1.22464679914735E-16,1.));
#2465=DIRECTION('',(-5.56131819963552E-33,1.22464679914735E-16,1.));
#2466=DIRECTION('',(1.,9.08232186375291E-17,-5.56131819963552E-33));
#2467=DIRECTION('',(-5.56131819963552E-33,1.22464679914735E-16,1.));
#2468=DIRECTION('',(-1.,-9.08232186375291E-17,5.56131819963552E-33));
#2469=DIRECTION('',(-5.56131819963552E-33,1.22464679914735E-16,1.));
#2470=DIRECTION('',(1.,9.08232186375291E-17,-5.56131819963552E-33));
#2471=DIRECTION('',(-5.56131819963552E-33,1.22464679914735E-16,1.));
#2472=DIRECTION('',(-5.56131819963552E-33,1.22464679914735E-16,1.));
#2473=DIRECTION('',(1.,9.08232186375291E-17,-5.56131819963552E-33));
#2474=DIRECTION('',(-5.56131819963552E-33,1.22464679914735E-16,1.));
#2475=DIRECTION('',(-1.,-9.08232186375291E-17,5.56131819963552E-33));
#2476=DIRECTION('',(-5.56131819963552E-33,1.22464679914735E-16,1.));
#2477=DIRECTION('',(1.,9.08232186375291E-17,-5.56131819963552E-33));
#2478=DIRECTION('',(-5.56131819963552E-33,1.22464679914735E-16,1.));
#2479=DIRECTION('',(-5.56131819963552E-33,1.22464679914735E-16,1.));
#2480=DIRECTION('',(1.,9.08232186375291E-17,-5.56131819963552E-33));
#2481=DIRECTION('',(-5.56131819963552E-33,1.22464679914735E-16,1.));
#2482=DIRECTION('',(-1.,-9.08232186375291E-17,5.56131819963552E-33));
#2483=DIRECTION('',(-5.56131819963552E-33,1.22464679914735E-16,1.));
#2484=DIRECTION('',(1.,9.08232186375291E-17,-5.56131819963552E-33));
#2485=DIRECTION('',(-5.56131819963552E-33,1.22464679914735E-16,1.));
#2486=DIRECTION('',(-5.56131819963552E-33,1.22464679914735E-16,1.));
#2487=DIRECTION('',(1.,9.08232186375291E-17,-5.56131819963552E-33));
#2488=DIRECTION('',(-5.56131819963552E-33,1.22464679914735E-16,1.));
#2489=DIRECTION('',(-1.,-9.08232186375291E-17,5.56131819963552E-33));
#2490=DIRECTION('',(-5.56131819963552E-33,1.22464679914735E-16,1.));
#2491=DIRECTION('',(1.,9.08232186375291E-17,-5.56131819963552E-33));
#2492=DIRECTION('',(-5.56131819963552E-33,1.22464679914735E-16,1.));
#2493=DIRECTION('',(-5.56131819963552E-33,1.22464679914735E-16,1.));
#2494=DIRECTION('',(1.,9.08232186375291E-17,-5.56131819963552E-33));
#2495=DIRECTION('',(-5.56131819963552E-33,1.22464679914735E-16,1.));
#2496=DIRECTION('',(-1.,-9.08232186375291E-17,5.56131819963552E-33));
#2497=DIRECTION('',(-5.56131819963552E-33,1.22464679914735E-16,1.));
#2498=DIRECTION('',(1.,9.08232186375291E-17,-5.56131819963552E-33));
#2499=DIRECTION('',(-5.56131819963552E-33,1.22464679914735E-16,1.));
#2500=DIRECTION('',(-5.56131819963552E-33,1.22464679914735E-16,1.));
#2501=DIRECTION('',(1.,9.08232186375291E-17,-5.56131819963552E-33));
#2502=DIRECTION('',(-5.56131819963552E-33,1.22464679914735E-16,1.));
#2503=DIRECTION('',(-1.,-9.08232186375291E-17,5.56131819963552E-33));
#2504=DIRECTION('',(5.56131819963552E-33,-1.22464679914735E-16,-1.));
#2505=DIRECTION('',(1.,9.08232186375291E-17,-5.56131819963552E-33));
#2506=DIRECTION('',(-5.56131819963552E-33,1.22464679914735E-16,1.));
#2507=DIRECTION('',(5.56131819963552E-33,-1.22464679914735E-16,-1.));
#2508=DIRECTION('',(1.,9.08232186375291E-17,-5.56131819963552E-33));
#2509=DIRECTION('',(-5.56131819963552E-33,1.22464679914735E-16,1.));
#2510=DIRECTION('',(-1.,-9.08232186375291E-17,5.56131819963552E-33));
#2511=DIRECTION('',(5.56131819963552E-33,-1.22464679914735E-16,-1.));
#2512=DIRECTION('',(1.,9.08232186375291E-17,-5.56131819963552E-33));
#2513=DIRECTION('',(-5.56131819963552E-33,1.22464679914735E-16,1.));
#2514=DIRECTION('',(5.56131819963552E-33,-1.22464679914735E-16,-1.));
#2515=DIRECTION('',(1.,9.08232186375291E-17,-5.56131819963552E-33));
#2516=DIRECTION('',(-5.56131819963552E-33,1.22464679914735E-16,1.));
#2517=DIRECTION('',(-1.,-9.08232186375291E-17,5.56131819963552E-33));
#2518=DIRECTION('',(5.56131819963552E-33,-1.22464679914735E-16,-1.));
#2519=DIRECTION('',(1.,9.08232186375291E-17,-5.56131819963552E-33));
#2520=DIRECTION('',(-5.56131819963552E-33,1.22464679914735E-16,1.));
#2521=DIRECTION('',(5.56131819963552E-33,-1.22464679914735E-16,-1.));
#2522=DIRECTION('',(1.,9.08232186375291E-17,-5.56131819963552E-33));
#2523=DIRECTION('',(-5.56131819963552E-33,1.22464679914735E-16,1.));
#2524=DIRECTION('',(-1.,-9.08232186375291E-17,5.56131819963552E-33));
#2525=DIRECTION('',(5.56131819963552E-33,-1.22464679914735E-16,-1.));
#2526=DIRECTION('',(1.,9.08232186375291E-17,-5.56131819963552E-33));
#2527=DIRECTION('',(-5.56131819963552E-33,1.22464679914735E-16,1.));
#2528=DIRECTION('',(5.56131819963552E-33,-1.22464679914735E-16,-1.));
#2529=DIRECTION('',(1.,9.08232186375291E-17,-5.56131819963552E-33));
#2530=DIRECTION('',(-5.56131819963552E-33,1.22464679914735E-16,1.));
#2531=DIRECTION('',(-1.,-9.08232186375291E-17,5.56131819963552E-33));
#2532=DIRECTION('',(5.56131819963552E-33,-1.22464679914735E-16,-1.));
#2533=DIRECTION('',(1.,9.08232186375291E-17,-5.56131819963552E-33));
#2534=DIRECTION('',(-5.56131819963552E-33,1.22464679914735E-16,1.));
#2535=DIRECTION('',(5.56131819963552E-33,-1.22464679914735E-16,-1.));
#2536=DIRECTION('',(1.,9.08232186375291E-17,-5.56131819963552E-33));
#2537=DIRECTION('',(-5.56131819963552E-33,1.22464679914735E-16,1.));
#2538=DIRECTION('',(-1.,-9.08232186375291E-17,5.56131819963552E-33));
#2539=DIRECTION('',(5.56131819963552E-33,-1.22464679914735E-16,-1.));
#2540=DIRECTION('',(1.,9.08232186375291E-17,-5.56131819963552E-33));
#2541=DIRECTION('',(-5.56131819963552E-33,1.22464679914735E-16,1.));
#2542=DIRECTION('',(5.56131819963552E-33,-1.22464679914735E-16,-1.));
#2543=DIRECTION('',(1.,9.08232186375291E-17,-5.56131819963552E-33));
#2544=DIRECTION('',(-5.56131819963552E-33,1.22464679914735E-16,1.));
#2545=DIRECTION('',(-1.,-9.08232186375291E-17,5.56131819963552E-33));
#2546=DIRECTION('',(5.56131819963552E-33,-1.22464679914735E-16,-1.));
#2547=DIRECTION('',(1.,9.08232186375291E-17,-5.56131819963552E-33));
#2548=DIRECTION('',(-5.56131819963552E-33,1.22464679914735E-16,1.));
#2549=DIRECTION('',(5.56131819963552E-33,-1.22464679914735E-16,-1.));
#2550=DIRECTION('',(1.,9.08232186375291E-17,-5.56131819963552E-33));
#2551=DIRECTION('',(-5.56131819963552E-33,1.22464679914735E-16,1.));
#2552=DIRECTION('',(-1.,-9.08232186375291E-17,5.56131819963552E-33));
#2553=DIRECTION('',(5.56131819963552E-33,-1.22464679914735E-16,-1.));
#2554=DIRECTION('',(1.,9.08232186375291E-17,-5.56131819963552E-33));
#2555=DIRECTION('',(-5.56131819963552E-33,1.22464679914735E-16,1.));
#2556=DIRECTION('',(5.56131819963552E-33,-1.22464679914735E-16,-1.));
#2557=DIRECTION('',(1.,9.08232186375291E-17,-5.56131819963552E-33));
#2558=DIRECTION('',(-5.56131819963552E-33,1.22464679914735E-16,1.));
#2559=DIRECTION('',(-1.,-9.08232186375291E-17,5.56131819963552E-33));
#2560=DIRECTION('',(5.56131819963552E-33,-1.22464679914735E-16,-1.));
#2561=DIRECTION('',(1.,9.08232186375291E-17,-5.56131819963552E-33));
#2562=DIRECTION('',(-5.56131819963552E-33,1.22464679914735E-16,1.));
#2563=DIRECTION('',(5.56131819963552E-33,-1.22464679914735E-16,-1.));
#2564=DIRECTION('',(1.,9.08232186375291E-17,-5.56131819963552E-33));
#2565=DIRECTION('',(-5.56131819963552E-33,1.22464679914735E-16,1.));
#2566=DIRECTION('',(-1.,-9.08232186375291E-17,5.56131819963552E-33));
#2567=DIRECTION('',(5.56131819963552E-33,-1.22464679914735E-16,-1.));
#2568=DIRECTION('',(1.,9.08232186375291E-17,-5.56131819963552E-33));
#2569=DIRECTION('',(-5.56131819963552E-33,1.22464679914735E-16,1.));
#2570=DIRECTION('',(5.56131819963552E-33,-1.22464679914735E-16,-1.));
#2571=DIRECTION('',(1.,9.08232186375291E-17,-5.56131819963552E-33));
#2572=DIRECTION('',(-5.56131819963552E-33,1.22464679914735E-16,1.));
#2573=DIRECTION('',(-1.,-9.08232186375291E-17,5.56131819963552E-33));
#2574=DIRECTION('',(5.56131819963552E-33,-1.22464679914735E-16,-1.));
#2575=DIRECTION('',(1.,9.08232186375291E-17,-5.56131819963552E-33));
#2576=DIRECTION('',(-5.56131819963552E-33,1.22464679914735E-16,1.));
#2577=DIRECTION('',(5.56131819963552E-33,-1.22464679914735E-16,-1.));
#2578=DIRECTION('',(1.,9.08232186375291E-17,-5.56131819963552E-33));
#2579=DIRECTION('',(-5.56131819963552E-33,1.22464679914735E-16,1.));
#2580=DIRECTION('',(-1.,-9.08232186375291E-17,5.56131819963552E-33));
#2581=DIRECTION('',(-5.56131819963552E-33,1.22464679914735E-16,1.));
#2582=DIRECTION('',(1.,9.08232186375291E-17,-5.56131819963552E-33));
#2583=DIRECTION('',(-5.56131819963552E-33,1.22464679914735E-16,1.));
#2584=DIRECTION('',(-5.56131819963552E-33,1.22464679914735E-16,1.));
#2585=DIRECTION('',(1.,9.08232186375291E-17,-5.56131819963552E-33));
#2586=DIRECTION('',(-5.56131819963552E-33,1.22464679914735E-16,1.));
#2587=DIRECTION('',(-1.,-9.08232186375291E-17,5.56131819963552E-33));
#2588=DIRECTION('',(-5.56131819963552E-33,1.22464679914735E-16,1.));
#2589=DIRECTION('',(1.,9.08232186375291E-17,-5.56131819963552E-33));
#2590=DIRECTION('',(-5.56131819963552E-33,1.22464679914735E-16,1.));
#2591=DIRECTION('',(-5.56131819963552E-33,1.22464679914735E-16,1.));
#2592=DIRECTION('',(1.,9.08232186375291E-17,-5.56131819963552E-33));
#2593=DIRECTION('',(-5.56131819963552E-33,1.22464679914735E-16,1.));
#2594=DIRECTION('',(-1.,-9.08232186375291E-17,5.56131819963552E-33));
#2595=DIRECTION('',(-5.56131819963552E-33,1.22464679914735E-16,1.));
#2596=DIRECTION('',(1.,9.08232186375291E-17,-5.56131819963552E-33));
#2597=DIRECTION('',(-5.56131819963552E-33,1.22464679914735E-16,1.));
#2598=DIRECTION('',(-5.56131819963552E-33,1.22464679914735E-16,1.));
#2599=DIRECTION('',(1.,9.08232186375291E-17,-5.56131819963552E-33));
#2600=DIRECTION('',(-5.56131819963552E-33,1.22464679914735E-16,1.));
#2601=DIRECTION('',(-1.,-9.08232186375291E-17,5.56131819963552E-33));
#2602=DIRECTION('',(-5.56131819963552E-33,1.22464679914735E-16,1.));
#2603=DIRECTION('',(1.,9.08232186375291E-17,-5.56131819963552E-33));
#2604=DIRECTION('',(-5.56131819963552E-33,1.22464679914735E-16,1.));
#2605=DIRECTION('',(-5.56131819963552E-33,1.22464679914735E-16,1.));
#2606=DIRECTION('',(1.,9.08232186375291E-17,-5.56131819963552E-33));
#2607=DIRECTION('',(-5.56131819963552E-33,1.22464679914735E-16,1.));
#2608=DIRECTION('',(-1.,-9.08232186375291E-17,5.56131819963552E-33));
#2609=DIRECTION('',(5.56131819963552E-33,-1.22464679914735E-16,-1.));
#2610=DIRECTION('',(1.,9.08232186375291E-17,-5.56131819963552E-33));
#2611=DIRECTION('',(-5.56131819963552E-33,1.22464679914735E-16,1.));
#2612=DIRECTION('',(5.56131819963552E-33,-1.22464679914735E-16,-1.));
#2613=DIRECTION('',(1.,9.08232186375291E-17,-5.56131819963552E-33));
#2614=DIRECTION('',(-5.56131819963552E-33,1.22464679914735E-16,1.));
#2615=DIRECTION('',(-1.,-9.08232186375291E-17,5.56131819963552E-33));
#2616=DIRECTION('',(5.56131819963552E-33,-1.22464679914735E-16,-1.));
#2617=DIRECTION('',(1.,9.08232186375291E-17,-5.56131819963552E-33));
#2618=DIRECTION('',(-5.56131819963552E-33,1.22464679914735E-16,1.));
#2619=DIRECTION('',(5.56131819963552E-33,-1.22464679914735E-16,-1.));
#2620=DIRECTION('',(1.,9.08232186375291E-17,-5.56131819963552E-33));
#2621=DIRECTION('',(-5.56131819963552E-33,1.22464679914735E-16,1.));
#2622=DIRECTION('',(-1.,-9.08232186375291E-17,5.56131819963552E-33));
#2623=DIRECTION('',(5.56131819963552E-33,-1.22464679914735E-16,-1.));
#2624=DIRECTION('',(1.,9.08232186375291E-17,-5.56131819963552E-33));
#2625=DIRECTION('',(-5.56131819963552E-33,1.22464679914735E-16,1.));
#2626=DIRECTION('',(5.56131819963552E-33,-1.22464679914735E-16,-1.));
#2627=DIRECTION('',(1.,9.08232186375291E-17,-5.56131819963552E-33));
#2628=DIRECTION('',(-5.56131819963552E-33,1.22464679914735E-16,1.));
#2629=DIRECTION('',(-1.,-9.08232186375291E-17,5.56131819963552E-33));
#2630=DIRECTION('',(5.56131819963552E-33,-1.22464679914735E-16,-1.));
#2631=DIRECTION('',(1.,9.08232186375291E-17,-5.56131819963552E-33));
#2632=DIRECTION('',(-5.56131819963552E-33,1.22464679914735E-16,1.));
#2633=DIRECTION('',(5.56131819963552E-33,-1.22464679914735E-16,-1.));
#2634=DIRECTION('',(1.,9.08232186375291E-17,-5.56131819963552E-33));
#2635=DIRECTION('',(-5.56131819963552E-33,1.22464679914735E-16,1.));
#2636=DIRECTION('',(-1.,-9.08232186375291E-17,5.56131819963552E-33));
#2637=DIRECTION('',(5.56131819963552E-33,-1.22464679914735E-16,-1.));
#2638=DIRECTION('',(1.,9.08232186375291E-17,-5.56131819963552E-33));
#2639=DIRECTION('',(-5.56131819963552E-33,1.22464679914735E-16,1.));
#2640=DIRECTION('',(5.56131819963552E-33,-1.22464679914735E-16,-1.));
#2641=DIRECTION('',(1.,9.08232186375291E-17,-5.56131819963552E-33));
#2642=DIRECTION('',(-5.56131819963552E-33,1.22464679914735E-16,1.));
#2643=DIRECTION('',(-1.,-9.08232186375291E-17,5.56131819963552E-33));
#2644=DIRECTION('',(-5.56131819963552E-33,1.22464679914735E-16,1.));
#2645=DIRECTION('',(1.,9.08232186375291E-17,-5.56131819963552E-33));
#2646=DIRECTION('',(-5.56131819963552E-33,1.22464679914735E-16,1.));
#2647=DIRECTION('',(-5.56131819963552E-33,1.22464679914735E-16,1.));
#2648=DIRECTION('',(1.,9.08232186375291E-17,-5.56131819963552E-33));
#2649=DIRECTION('',(-5.56131819963552E-33,1.22464679914735E-16,1.));
#2650=DIRECTION('',(-1.,-9.08232186375291E-17,5.56131819963552E-33));
#2651=DIRECTION('',(5.56131819963552E-33,-1.22464679914735E-16,-1.));
#2652=DIRECTION('',(1.,9.08232186375291E-17,-5.56131819963552E-33));
#2653=DIRECTION('',(-5.56131819963552E-33,1.22464679914735E-16,1.));
#2654=DIRECTION('',(5.56131819963552E-33,-1.22464679914735E-16,-1.));
#2655=DIRECTION('',(1.,9.08232186375291E-17,-5.56131819963552E-33));
#2656=DIRECTION('',(-5.56131819963552E-33,1.22464679914735E-16,1.));
#2657=DIRECTION('',(-1.,-9.08232186375291E-17,5.56131819963552E-33));
#2658=DIRECTION('',(5.56131819963552E-33,-1.22464679914735E-16,-1.));
#2659=DIRECTION('',(1.,9.08232186375291E-17,-5.56131819963552E-33));
#2660=DIRECTION('',(-5.56131819963552E-33,1.22464679914735E-16,1.));
#2661=DIRECTION('',(5.56131819963552E-33,-1.22464679914735E-16,-1.));
#2662=DIRECTION('',(1.,9.08232186375291E-17,-5.56131819963552E-33));
#2663=DIRECTION('',(-5.56131819963552E-33,1.22464679914735E-16,1.));
#2664=DIRECTION('',(-1.,-9.08232186375291E-17,5.56131819963552E-33));
#2665=DIRECTION('',(5.56131819963552E-33,-1.22464679914735E-16,-1.));
#2666=DIRECTION('',(1.,9.08232186375291E-17,-5.56131819963552E-33));
#2667=DIRECTION('',(-5.56131819963552E-33,1.22464679914735E-16,1.));
#2668=DIRECTION('',(5.56131819963552E-33,-1.22464679914735E-16,-1.));
#2669=DIRECTION('',(1.,9.08232186375291E-17,-5.56131819963552E-33));
#2670=DIRECTION('',(-5.56131819963552E-33,1.22464679914735E-16,1.));
#2671=DIRECTION('',(-1.,-9.08232186375291E-17,5.56131819963552E-33));
#2672=DIRECTION('',(5.56131819963552E-33,-1.22464679914735E-16,-1.));
#2673=DIRECTION('',(1.,9.08232186375291E-17,-5.56131819963552E-33));
#2674=DIRECTION('',(-5.56131819963552E-33,1.22464679914735E-16,1.));
#2675=DIRECTION('',(5.56131819963552E-33,-1.22464679914735E-16,-1.));
#2676=DIRECTION('',(1.,9.08232186375291E-17,-5.56131819963552E-33));
#2677=DIRECTION('',(-5.56131819963552E-33,1.22464679914735E-16,1.));
#2678=DIRECTION('',(-1.,-9.08232186375291E-17,5.56131819963552E-33));
#2679=DIRECTION('',(5.56131819963552E-33,-1.22464679914735E-16,-1.));
#2680=DIRECTION('',(1.,9.08232186375291E-17,-5.56131819963552E-33));
#2681=DIRECTION('',(-5.56131819963552E-33,1.22464679914735E-16,1.));
#2682=DIRECTION('',(5.56131819963552E-33,-1.22464679914735E-16,-1.));
#2683=DIRECTION('',(1.,9.08232186375291E-17,-5.56131819963552E-33));
#2684=DIRECTION('',(-5.56131819963552E-33,1.22464679914735E-16,1.));
#2685=DIRECTION('',(-1.,-9.08232186375291E-17,5.56131819963552E-33));
#2686=DIRECTION('',(-5.56131819963552E-33,1.22464679914735E-16,1.));
#2687=DIRECTION('',(1.,9.08232186375291E-17,-5.56131819963552E-33));
#2688=DIRECTION('',(-5.56131819963552E-33,1.22464679914735E-16,1.));
#2689=DIRECTION('',(-5.56131819963552E-33,1.22464679914735E-16,1.));
#2690=DIRECTION('',(1.,9.08232186375291E-17,-5.56131819963552E-33));
#2691=DIRECTION('',(-5.56131819963552E-33,1.22464679914735E-16,1.));
#2692=DIRECTION('',(-1.,-9.08232186375291E-17,5.56131819963552E-33));
#2693=DIRECTION('',(-5.56131819963552E-33,1.22464679914735E-16,1.));
#2694=DIRECTION('',(1.,9.08232186375291E-17,-5.56131819963552E-33));
#2695=DIRECTION('',(-5.56131819963552E-33,1.22464679914735E-16,1.));
#2696=DIRECTION('',(-5.56131819963552E-33,1.22464679914735E-16,1.));
#2697=DIRECTION('',(1.,9.08232186375291E-17,-5.56131819963552E-33));
#2698=DIRECTION('',(-5.56131819963552E-33,1.22464679914735E-16,1.));
#2699=DIRECTION('',(-1.,-9.08232186375291E-17,5.56131819963552E-33));
#2700=DIRECTION('',(-5.56131819963552E-33,1.22464679914735E-16,1.));
#2701=DIRECTION('',(1.,9.08232186375291E-17,-5.56131819963552E-33));
#2702=DIRECTION('',(-5.56131819963552E-33,1.22464679914735E-16,1.));
#2703=DIRECTION('',(-5.56131819963552E-33,1.22464679914735E-16,1.));
#2704=DIRECTION('',(1.,9.08232186375291E-17,-5.56131819963552E-33));
#2705=DIRECTION('',(-5.56131819963552E-33,1.22464679914735E-16,1.));
#2706=DIRECTION('',(-1.,-9.08232186375291E-17,5.56131819963552E-33));
#2707=DIRECTION('',(-5.56131819963552E-33,1.22464679914735E-16,1.));
#2708=DIRECTION('',(1.,9.08232186375291E-17,-5.56131819963552E-33));
#2709=DIRECTION('',(-5.56131819963552E-33,1.22464679914735E-16,1.));
#2710=DIRECTION('',(-5.56131819963552E-33,1.22464679914735E-16,1.));
#2711=DIRECTION('',(1.,9.08232186375291E-17,-5.56131819963552E-33));
#2712=DIRECTION('',(0.265004424099612,0.964247196110848,-1.18086224230396E-16));
#2713=DIRECTION('',(0.964247196110848,-0.265004424099612,3.24536819733478E-17));
#2714=DIRECTION('',(-0.964247196110848,0.265004424099612,-3.24536819733478E-17));
#2715=DIRECTION('',(-5.56131819963552E-33,1.22464679914735E-16,1.));
#2716=DIRECTION('',(-0.964247196110848,0.265004424099612,-3.24536819733478E-17));
#2717=DIRECTION('',(-0.768791938845456,0.639498987306661,-7.83160387863077E-17));
#2718=DIRECTION('',(0.639498987306661,0.768791938845456,-9.41498587117375E-17));
#2719=DIRECTION('',(-0.639498987306661,-0.768791938845456,9.41498587117375E-17));
#2720=DIRECTION('',(-5.56131819963552E-33,1.22464679914735E-16,1.));
#2721=DIRECTION('',(-0.639498987306661,-0.768791938845456,9.41498587117375E-17));
#2722=DIRECTION('',(-5.56131819963552E-33,1.22464679914735E-16,1.));
#2723=DIRECTION('',(-1.,-9.08232186375291E-17,5.56131819963552E-33));
#2724=DIRECTION('',(5.56131819963552E-33,-1.22464679914735E-16,-1.));
#2725=DIRECTION('',(1.,9.08232186375291E-17,-5.56131819963552E-33));
#2726=DIRECTION('',(-5.56131819963552E-33,1.22464679914735E-16,1.));
#2727=DIRECTION('',(5.56131819963552E-33,-1.22464679914735E-16,-1.));
#2728=DIRECTION('',(1.,9.08232186375291E-17,-5.56131819963552E-33));
#2729=DIRECTION('',(-5.56131819963552E-33,1.22464679914735E-16,1.));
#2730=DIRECTION('',(-1.,-9.08232186375291E-17,5.56131819963552E-33));
#2731=DIRECTION('',(5.56131819963552E-33,-1.22464679914735E-16,-1.));
#2732=DIRECTION('',(1.,9.08232186375291E-17,-5.56131819963552E-33));
#2733=DIRECTION('',(-5.56131819963552E-33,1.22464679914735E-16,1.));
#2734=DIRECTION('',(5.56131819963552E-33,-1.22464679914735E-16,-1.));
#2735=DIRECTION('',(1.,9.08232186375291E-17,-5.56131819963552E-33));
#2736=DIRECTION('',(-5.56131819963552E-33,1.22464679914735E-16,1.));
#2737=DIRECTION('',(-1.,-9.08232186375291E-17,5.56131819963552E-33));
#2738=DIRECTION('',(5.56131819963552E-33,-1.22464679914735E-16,-1.));
#2739=DIRECTION('',(1.,9.08232186375291E-17,-5.56131819963552E-33));
#2740=DIRECTION('',(-5.56131819963552E-33,1.22464679914735E-16,1.));
#2741=DIRECTION('',(5.56131819963552E-33,-1.22464679914735E-16,-1.));
#2742=DIRECTION('',(1.,9.08232186375291E-17,-5.56131819963552E-33));
#2743=DIRECTION('',(-5.56131819963552E-33,1.22464679914735E-16,1.));
#2744=DIRECTION('',(-1.,-9.08232186375291E-17,5.56131819963552E-33));
#2745=DIRECTION('',(-5.56131819963552E-33,1.22464679914735E-16,1.));
#2746=DIRECTION('',(1.,9.08232186375291E-17,-5.56131819963552E-33));
#2747=DIRECTION('',(-5.56131819963552E-33,1.22464679914735E-16,1.));
#2748=DIRECTION('',(-5.56131819963552E-33,1.22464679914735E-16,1.));
#2749=DIRECTION('',(1.,9.08232186375291E-17,-5.56131819963552E-33));
#2750=DIRECTION('',(-5.56131819963552E-33,1.22464679914735E-16,1.));
#2751=DIRECTION('',(-1.,-9.08232186375291E-17,5.56131819963552E-33));
#2752=DIRECTION('',(-5.56131819963552E-33,1.22464679914735E-16,1.));
#2753=DIRECTION('',(1.,9.08232186375291E-17,-5.56131819963552E-33));
#2754=DIRECTION('',(-5.56131819963552E-33,1.22464679914735E-16,1.));
#2755=DIRECTION('',(-5.56131819963552E-33,1.22464679914735E-16,1.));
#2756=DIRECTION('',(1.,9.08232186375291E-17,-5.56131819963552E-33));
#2757=DIRECTION('',(-5.56131819963552E-33,1.22464679914735E-16,1.));
#2758=DIRECTION('',(-1.,-9.08232186375291E-17,5.56131819963552E-33));
#2759=DIRECTION('',(5.56131819963552E-33,-1.22464679914735E-16,-1.));
#2760=DIRECTION('',(1.,9.08232186375291E-17,-5.56131819963552E-33));
#2761=DIRECTION('',(-5.56131819963552E-33,1.22464679914735E-16,1.));
#2762=DIRECTION('',(5.56131819963552E-33,-1.22464679914735E-16,-1.));
#2763=DIRECTION('',(1.,9.08232186375291E-17,-5.56131819963552E-33));
#2764=DIRECTION('',(-5.56131819963552E-33,1.22464679914735E-16,1.));
#2765=DIRECTION('',(-1.,-9.08232186375291E-17,5.56131819963552E-33));
#2766=DIRECTION('',(5.56131819963552E-33,-1.22464679914735E-16,-1.));
#2767=DIRECTION('',(1.,9.08232186375291E-17,-5.56131819963552E-33));
#2768=DIRECTION('',(-5.56131819963552E-33,1.22464679914735E-16,1.));
#2769=DIRECTION('',(5.56131819963552E-33,-1.22464679914735E-16,-1.));
#2770=DIRECTION('',(1.,9.08232186375291E-17,-5.56131819963552E-33));
#2771=DIRECTION('',(-5.56131819963552E-33,1.22464679914735E-16,1.));
#2772=DIRECTION('',(-1.,-9.08232186375291E-17,5.56131819963552E-33));
#2773=DIRECTION('',(5.56131819963552E-33,-1.22464679914735E-16,-1.));
#2774=DIRECTION('',(1.,9.08232186375291E-17,-5.56131819963552E-33));
#2775=DIRECTION('',(-5.56131819963552E-33,1.22464679914735E-16,1.));
#2776=DIRECTION('',(5.56131819963552E-33,-1.22464679914735E-16,-1.));
#2777=DIRECTION('',(1.,9.08232186375291E-17,-5.56131819963552E-33));
#2778=DIRECTION('',(-5.56131819963552E-33,1.22464679914735E-16,1.));
#2779=DIRECTION('',(-1.,-9.08232186375291E-17,5.56131819963552E-33));
#2780=DIRECTION('',(5.56131819963552E-33,-1.22464679914735E-16,-1.));
#2781=DIRECTION('',(1.,9.08232186375291E-17,-5.56131819963552E-33));
#2782=DIRECTION('',(-5.56131819963552E-33,1.22464679914735E-16,1.));
#2783=DIRECTION('',(5.56131819963552E-33,-1.22464679914735E-16,-1.));
#2784=DIRECTION('',(1.,9.08232186375291E-17,-5.56131819963552E-33));
#2785=DIRECTION('',(-5.56131819963552E-33,1.22464679914735E-16,1.));
#2786=DIRECTION('',(-1.,-9.08232186375291E-17,5.56131819963552E-33));
#2787=DIRECTION('',(-5.56131819963552E-33,1.22464679914735E-16,1.));
#2788=DIRECTION('',(1.,9.08232186375291E-17,-5.56131819963552E-33));
#2789=DIRECTION('',(-5.56131819963552E-33,1.22464679914735E-16,1.));
#2790=DIRECTION('',(-5.56131819963552E-33,1.22464679914735E-16,1.));
#2791=DIRECTION('',(1.,9.08232186375291E-17,-5.56131819963552E-33));
#2792=DIRECTION('',(-5.56131819963552E-33,1.22464679914735E-16,1.));
#2793=DIRECTION('',(-1.,-9.08232186375291E-17,5.56131819963552E-33));
#2794=DIRECTION('',(-5.56131819963552E-33,1.22464679914735E-16,1.));
#2795=DIRECTION('',(1.,9.08232186375291E-17,-5.56131819963552E-33));
#2796=DIRECTION('',(-5.56131819963552E-33,1.22464679914735E-16,1.));
#2797=DIRECTION('',(-5.56131819963552E-33,1.22464679914735E-16,1.));
#2798=DIRECTION('',(1.,9.08232186375291E-17,-5.56131819963552E-33));
#2799=DIRECTION('',(-5.56131819963552E-33,1.22464679914735E-16,1.));
#2800=DIRECTION('',(-1.,-9.08232186375291E-17,5.56131819963552E-33));
#2801=DIRECTION('',(-5.56131819963552E-33,1.22464679914735E-16,1.));
#2802=DIRECTION('',(1.,9.08232186375291E-17,-5.56131819963552E-33));
#2803=DIRECTION('',(-5.56131819963552E-33,1.22464679914735E-16,1.));
#2804=DIRECTION('',(-5.56131819963552E-33,1.22464679914735E-16,1.));
#2805=DIRECTION('',(1.,9.08232186375291E-17,-5.56131819963552E-33));
#2806=DIRECTION('',(-5.56131819963552E-33,1.22464679914735E-16,1.));
#2807=DIRECTION('',(-1.,-9.08232186375291E-17,5.56131819963552E-33));
#2808=DIRECTION('',(-5.56131819963552E-33,1.22464679914735E-16,1.));
#2809=DIRECTION('',(1.,9.08232186375291E-17,-5.56131819963552E-33));
#2810=DIRECTION('',(-5.56131819963552E-33,1.22464679914735E-16,1.));
#2811=DIRECTION('',(-5.56131819963552E-33,1.22464679914735E-16,1.));
#2812=DIRECTION('',(1.,9.08232186375291E-17,-5.56131819963552E-33));
#2813=DIRECTION('',(-5.56131819963552E-33,1.22464679914735E-16,1.));
#2814=DIRECTION('',(-1.,-9.08232186375291E-17,5.56131819963552E-33));
#2815=DIRECTION('',(5.56131819963552E-33,-1.22464679914735E-16,-1.));
#2816=DIRECTION('',(1.,9.08232186375291E-17,-5.56131819963552E-33));
#2817=DIRECTION('',(-5.56131819963552E-33,1.22464679914735E-16,1.));
#2818=DIRECTION('',(5.56131819963552E-33,-1.22464679914735E-16,-1.));
#2819=DIRECTION('',(1.,9.08232186375291E-17,-5.56131819963552E-33));
#2820=DIRECTION('',(-5.56131819963552E-33,1.22464679914735E-16,1.));
#2821=DIRECTION('',(-1.,-9.08232186375291E-17,5.56131819963552E-33));
#2822=DIRECTION('',(5.56131819963552E-33,-1.22464679914735E-16,-1.));
#2823=DIRECTION('',(1.,9.08232186375291E-17,-5.56131819963552E-33));
#2824=DIRECTION('',(-5.56131819963552E-33,1.22464679914735E-16,1.));
#2825=DIRECTION('',(5.56131819963552E-33,-1.22464679914735E-16,-1.));
#2826=DIRECTION('',(1.,9.08232186375291E-17,-5.56131819963552E-33));
#2827=DIRECTION('',(-5.56131819963552E-33,1.22464679914735E-16,1.));
#2828=DIRECTION('',(-1.,-9.08232186375291E-17,5.56131819963552E-33));
#2829=DIRECTION('',(5.56131819963552E-33,-1.22464679914735E-16,-1.));
#2830=DIRECTION('',(1.,9.08232186375291E-17,-5.56131819963552E-33));
#2831=DIRECTION('',(-5.56131819963552E-33,1.22464679914735E-16,1.));
#2832=DIRECTION('',(5.56131819963552E-33,-1.22464679914735E-16,-1.));
#2833=DIRECTION('',(1.,9.08232186375291E-17,-5.56131819963552E-33));
#2834=DIRECTION('',(-5.56131819963552E-33,1.22464679914735E-16,1.));
#2835=DIRECTION('',(-1.,-9.08232186375291E-17,5.56131819963552E-33));
#2836=DIRECTION('',(5.56131819963552E-33,-1.22464679914735E-16,-1.));
#2837=DIRECTION('',(1.,9.08232186375291E-17,-5.56131819963552E-33));
#2838=DIRECTION('',(-5.56131819963552E-33,1.22464679914735E-16,1.));
#2839=DIRECTION('',(5.56131819963552E-33,-1.22464679914735E-16,-1.));
#2840=DIRECTION('',(1.,9.08232186375291E-17,-5.56131819963552E-33));
#2841=DIRECTION('',(-5.56131819963552E-33,1.22464679914735E-16,1.));
#2842=DIRECTION('',(-1.,-9.08232186375291E-17,5.56131819963552E-33));
#2843=DIRECTION('',(5.56131819963552E-33,-1.22464679914735E-16,-1.));
#2844=DIRECTION('',(1.,9.08232186375291E-17,-5.56131819963552E-33));
#2845=DIRECTION('',(-5.56131819963552E-33,1.22464679914735E-16,1.));
#2846=DIRECTION('',(5.56131819963552E-33,-1.22464679914735E-16,-1.));
#2847=DIRECTION('',(1.,9.08232186375291E-17,-5.56131819963552E-33));
#2848=DIRECTION('',(-5.56131819963552E-33,1.22464679914735E-16,1.));
#2849=DIRECTION('',(-1.,-9.08232186375291E-17,5.56131819963552E-33));
#2850=DIRECTION('',(5.56131819963552E-33,-1.22464679914735E-16,-1.));
#2851=DIRECTION('',(1.,9.08232186375291E-17,-5.56131819963552E-33));
#2852=DIRECTION('',(-5.56131819963552E-33,1.22464679914735E-16,1.));
#2853=DIRECTION('',(5.56131819963552E-33,-1.22464679914735E-16,-1.));
#2854=DIRECTION('',(1.,9.08232186375291E-17,-5.56131819963552E-33));
#2855=DIRECTION('',(-5.56131819963552E-33,1.22464679914735E-16,1.));
#2856=DIRECTION('',(-1.,-9.08232186375291E-17,5.56131819963552E-33));
#2857=DIRECTION('',(5.56131819963552E-33,-1.22464679914735E-16,-1.));
#2858=DIRECTION('',(1.,9.08232186375291E-17,-5.56131819963552E-33));
#2859=DIRECTION('',(-5.56131819963552E-33,1.22464679914735E-16,1.));
#2860=DIRECTION('',(5.56131819963552E-33,-1.22464679914735E-16,-1.));
#2861=DIRECTION('',(1.,9.08232186375291E-17,-5.56131819963552E-33));
#2862=DIRECTION('',(-5.56131819963552E-33,1.22464679914735E-16,1.));
#2863=DIRECTION('',(-1.,-9.08232186375291E-17,5.56131819963552E-33));
#2864=DIRECTION('',(5.56131819963552E-33,-1.22464679914735E-16,-1.));
#2865=DIRECTION('',(1.,9.08232186375291E-17,-5.56131819963552E-33));
#2866=DIRECTION('',(-5.56131819963552E-33,1.22464679914735E-16,1.));
#2867=DIRECTION('',(5.56131819963552E-33,-1.22464679914735E-16,-1.));
#2868=DIRECTION('',(1.,9.08232186375291E-17,-5.56131819963552E-33));
#2869=DIRECTION('',(-5.56131819963552E-33,1.22464679914735E-16,1.));
#2870=DIRECTION('',(-1.,-9.08232186375291E-17,5.56131819963552E-33));
#2871=DIRECTION('',(5.56131819963552E-33,-1.22464679914735E-16,-1.));
#2872=DIRECTION('',(1.,9.08232186375291E-17,-5.56131819963552E-33));
#2873=DIRECTION('',(-5.56131819963552E-33,1.22464679914735E-16,1.));
#2874=DIRECTION('',(5.56131819963552E-33,-1.22464679914735E-16,-1.));
#2875=DIRECTION('',(1.,9.08232186375291E-17,-5.56131819963552E-33));
#2876=DIRECTION('',(-5.56131819963552E-33,1.22464679914735E-16,1.));
#2877=DIRECTION('',(-1.,-9.08232186375291E-17,5.56131819963552E-33));
#2878=DIRECTION('',(5.56131819963552E-33,-1.22464679914735E-16,-1.));
#2879=DIRECTION('',(1.,9.08232186375291E-17,-5.56131819963552E-33));
#2880=DIRECTION('',(-5.56131819963552E-33,1.22464679914735E-16,1.));
#2881=DIRECTION('',(5.56131819963552E-33,-1.22464679914735E-16,-1.));
#2882=DIRECTION('',(1.,9.08232186375291E-17,-5.56131819963552E-33));
#2883=DIRECTION('',(-5.56131819963552E-33,1.22464679914735E-16,1.));
#2884=DIRECTION('',(-1.,-9.08232186375291E-17,5.56131819963552E-33));
#2885=DIRECTION('',(5.56131819963552E-33,-1.22464679914735E-16,-1.));
#2886=DIRECTION('',(1.,9.08232186375291E-17,-5.56131819963552E-33));
#2887=DIRECTION('',(-5.56131819963552E-33,1.22464679914735E-16,1.));
#2888=DIRECTION('',(5.56131819963552E-33,-1.22464679914735E-16,-1.));
#2889=DIRECTION('',(1.,9.08232186375291E-17,-5.56131819963552E-33));
#2890=DIRECTION('',(-5.56131819963552E-33,1.22464679914735E-16,1.));
#2891=DIRECTION('',(-1.,-9.08232186375291E-17,5.56131819963552E-33));
#2892=DIRECTION('',(5.56131819963552E-33,-1.22464679914735E-16,-1.));
#2893=DIRECTION('',(1.,9.08232186375291E-17,-5.56131819963552E-33));
#2894=DIRECTION('',(-5.56131819963552E-33,1.22464679914735E-16,1.));
#2895=DIRECTION('',(5.56131819963552E-33,-1.22464679914735E-16,-1.));
#2896=DIRECTION('',(1.,9.08232186375291E-17,-5.56131819963552E-33));
#2897=DIRECTION('',(-5.56131819963552E-33,1.22464679914735E-16,1.));
#2898=DIRECTION('',(-1.,-9.08232186375291E-17,5.56131819963552E-33));
#2899=DIRECTION('',(-5.56131819963552E-33,1.22464679914735E-16,1.));
#2900=DIRECTION('',(1.,9.08232186375291E-17,-5.56131819963552E-33));
#2901=DIRECTION('',(-5.56131819963552E-33,1.22464679914735E-16,1.));
#2902=DIRECTION('',(-5.56131819963552E-33,1.22464679914735E-16,1.));
#2903=DIRECTION('',(1.,9.08232186375291E-17,-5.56131819963552E-33));
#2904=DIRECTION('',(-5.56131819963552E-33,1.22464679914735E-16,1.));
#2905=DIRECTION('',(-1.,-9.08232186375291E-17,5.56131819963552E-33));
#2906=DIRECTION('',(-5.56131819963552E-33,1.22464679914735E-16,1.));
#2907=DIRECTION('',(1.,9.08232186375291E-17,-5.56131819963552E-33));
#2908=DIRECTION('',(-5.56131819963552E-33,1.22464679914735E-16,1.));
#2909=DIRECTION('',(-5.56131819963552E-33,1.22464679914735E-16,1.));
#2910=DIRECTION('',(1.,9.08232186375291E-17,-5.56131819963552E-33));
#2911=DIRECTION('',(-5.56131819963552E-33,1.22464679914735E-16,1.));
#2912=DIRECTION('',(-1.,-9.08232186375291E-17,5.56131819963552E-33));
#2913=DIRECTION('',(-5.56131819963552E-33,1.22464679914735E-16,1.));
#2914=DIRECTION('',(1.,9.08232186375291E-17,-5.56131819963552E-33));
#2915=DIRECTION('',(-5.56131819963552E-33,1.22464679914735E-16,1.));
#2916=DIRECTION('',(-5.56131819963552E-33,1.22464679914735E-16,1.));
#2917=DIRECTION('',(1.,9.08232186375291E-17,-5.56131819963552E-33));
#2918=DIRECTION('',(-5.56131819963552E-33,1.22464679914735E-16,1.));
#2919=DIRECTION('',(-1.,-9.08232186375291E-17,5.56131819963552E-33));
#2920=DIRECTION('',(-5.56131819963552E-33,1.22464679914735E-16,1.));
#2921=DIRECTION('',(1.,9.08232186375291E-17,-5.56131819963552E-33));
#2922=DIRECTION('',(-5.56131819963552E-33,1.22464679914735E-16,1.));
#2923=DIRECTION('',(-5.56131819963552E-33,1.22464679914735E-16,1.));
#2924=DIRECTION('',(1.,9.08232186375291E-17,-5.56131819963552E-33));
#2925=DIRECTION('',(-5.56131819963552E-33,1.22464679914735E-16,1.));
#2926=DIRECTION('',(-1.,-9.08232186375291E-17,5.56131819963552E-33));
#2927=DIRECTION('',(-5.56131819963552E-33,1.22464679914735E-16,1.));
#2928=DIRECTION('',(1.,9.08232186375291E-17,-5.56131819963552E-33));
#2929=DIRECTION('',(-5.56131819963552E-33,1.22464679914735E-16,1.));
#2930=DIRECTION('',(-5.56131819963552E-33,1.22464679914735E-16,1.));
#2931=DIRECTION('',(1.,9.08232186375291E-17,-5.56131819963552E-33));
#2932=DIRECTION('',(-5.56131819963552E-33,1.22464679914735E-16,1.));
#2933=DIRECTION('',(-1.,-9.08232186375291E-17,5.56131819963552E-33));
#2934=DIRECTION('',(-5.56131819963552E-33,1.22464679914735E-16,1.));
#2935=DIRECTION('',(1.,9.08232186375291E-17,-5.56131819963552E-33));
#2936=DIRECTION('',(-5.56131819963552E-33,1.22464679914735E-16,1.));
#2937=DIRECTION('',(-5.56131819963552E-33,1.22464679914735E-16,1.));
#2938=DIRECTION('',(1.,9.08232186375291E-17,-5.56131819963552E-33));
#2939=DIRECTION('',(-5.56131819963552E-33,1.22464679914735E-16,1.));
#2940=DIRECTION('',(-1.,-9.08232186375291E-17,5.56131819963552E-33));
#2941=DIRECTION('',(5.56131819963552E-33,-1.22464679914735E-16,-1.));
#2942=DIRECTION('',(1.,9.08232186375291E-17,-5.56131819963552E-33));
#2943=DIRECTION('',(-5.56131819963552E-33,1.22464679914735E-16,1.));
#2944=DIRECTION('',(5.56131819963552E-33,-1.22464679914735E-16,-1.));
#2945=DIRECTION('',(1.,9.08232186375291E-17,-5.56131819963552E-33));
#2946=DIRECTION('',(-5.56131819963552E-33,1.22464679914735E-16,1.));
#2947=DIRECTION('',(-1.,-9.08232186375291E-17,5.56131819963552E-33));
#2948=DIRECTION('',(5.56131819963552E-33,-1.22464679914735E-16,-1.));
#2949=DIRECTION('',(1.,9.08232186375291E-17,-5.56131819963552E-33));
#2950=DIRECTION('',(-5.56131819963552E-33,1.22464679914735E-16,1.));
#2951=DIRECTION('',(5.56131819963552E-33,-1.22464679914735E-16,-1.));
#2952=DIRECTION('',(1.,9.08232186375291E-17,-5.56131819963552E-33));
#2953=DIRECTION('',(-5.56131819963552E-33,1.22464679914735E-16,1.));
#2954=DIRECTION('',(-1.,-9.08232186375291E-17,5.56131819963552E-33));
#2955=DIRECTION('',(5.56131819963552E-33,-1.22464679914735E-16,-1.));
#2956=DIRECTION('',(1.,9.08232186375291E-17,-5.56131819963552E-33));
#2957=DIRECTION('',(-5.56131819963552E-33,1.22464679914735E-16,1.));
#2958=DIRECTION('',(5.56131819963552E-33,-1.22464679914735E-16,-1.));
#2959=DIRECTION('',(1.,9.08232186375291E-17,-5.56131819963552E-33));
#2960=DIRECTION('',(-5.56131819963552E-33,1.22464679914735E-16,1.));
#2961=DIRECTION('',(-1.,-9.08232186375291E-17,5.56131819963552E-33));
#2962=DIRECTION('',(5.56131819963552E-33,-1.22464679914735E-16,-1.));
#2963=DIRECTION('',(1.,9.08232186375291E-17,-5.56131819963552E-33));
#2964=DIRECTION('',(-5.56131819963552E-33,1.22464679914735E-16,1.));
#2965=DIRECTION('',(5.56131819963552E-33,-1.22464679914735E-16,-1.));
#2966=DIRECTION('',(1.,9.08232186375291E-17,-5.56131819963552E-33));
#2967=DIRECTION('',(-5.56131819963552E-33,1.22464679914735E-16,1.));
#2968=DIRECTION('',(-1.,-9.08232186375291E-17,5.56131819963552E-33));
#2969=DIRECTION('',(5.56131819963552E-33,-1.22464679914735E-16,-1.));
#2970=DIRECTION('',(1.,9.08232186375291E-17,-5.56131819963552E-33));
#2971=DIRECTION('',(-5.56131819963552E-33,1.22464679914735E-16,1.));
#2972=DIRECTION('',(5.56131819963552E-33,-1.22464679914735E-16,-1.));
#2973=DIRECTION('',(1.,9.08232186375291E-17,-5.56131819963552E-33));
#2974=DIRECTION('',(-5.56131819963552E-33,1.22464679914735E-16,1.));
#2975=DIRECTION('',(-1.,-9.08232186375291E-17,5.56131819963552E-33));
#2976=DIRECTION('',(5.56131819963552E-33,-1.22464679914735E-16,-1.));
#2977=DIRECTION('',(1.,9.08232186375291E-17,-5.56131819963552E-33));
#2978=DIRECTION('',(-5.56131819963552E-33,1.22464679914735E-16,1.));
#2979=DIRECTION('',(5.56131819963552E-33,-1.22464679914735E-16,-1.));
#2980=DIRECTION('',(1.,9.08232186375291E-17,-5.56131819963552E-33));
#2981=DIRECTION('',(-5.56131819963552E-33,1.22464679914735E-16,1.));
#2982=DIRECTION('',(-1.,-9.08232186375291E-17,5.56131819963552E-33));
#2983=DIRECTION('',(5.56131819963552E-33,-1.22464679914735E-16,-1.));
#2984=DIRECTION('',(1.,9.08232186375291E-17,-5.56131819963552E-33));
#2985=DIRECTION('',(-5.56131819963552E-33,1.22464679914735E-16,1.));
#2986=DIRECTION('',(5.56131819963552E-33,-1.22464679914735E-16,-1.));
#2987=DIRECTION('',(1.,9.08232186375291E-17,-5.56131819963552E-33));
#2988=DIRECTION('',(-5.56131819963552E-33,1.22464679914735E-16,1.));
#2989=DIRECTION('',(-1.,-9.08232186375291E-17,5.56131819963552E-33));
#2990=DIRECTION('',(5.56131819963552E-33,-1.22464679914735E-16,-1.));
#2991=DIRECTION('',(1.,9.08232186375291E-17,-5.56131819963552E-33));
#2992=DIRECTION('',(-5.56131819963552E-33,1.22464679914735E-16,1.));
#2993=DIRECTION('',(5.56131819963552E-33,-1.22464679914735E-16,-1.));
#2994=DIRECTION('',(1.,9.08232186375291E-17,-5.56131819963552E-33));
#2995=DIRECTION('',(-5.56131819963552E-33,1.22464679914735E-16,1.));
#2996=DIRECTION('',(-1.,-9.08232186375291E-17,5.56131819963552E-33));
#2997=DIRECTION('',(5.56131819963552E-33,-1.22464679914735E-16,-1.));
#2998=DIRECTION('',(1.,9.08232186375291E-17,-5.56131819963552E-33));
#2999=DIRECTION('',(-5.56131819963552E-33,1.22464679914735E-16,1.));
#3000=DIRECTION('',(5.56131819963552E-33,-1.22464679914735E-16,-1.));
#3001=DIRECTION('',(1.,9.08232186375291E-17,-5.56131819963552E-33));
#3002=DIRECTION('',(-5.56131819963552E-33,1.22464679914735E-16,1.));
#3003=DIRECTION('',(-1.,-9.08232186375291E-17,5.56131819963552E-33));
#3004=DIRECTION('',(5.56131819963552E-33,-1.22464679914735E-16,-1.));
#3005=DIRECTION('',(1.,9.08232186375291E-17,-5.56131819963552E-33));
#3006=DIRECTION('',(-5.56131819963552E-33,1.22464679914735E-16,1.));
#3007=DIRECTION('',(5.56131819963552E-33,-1.22464679914735E-16,-1.));
#3008=DIRECTION('',(1.,9.08232186375291E-17,-5.56131819963552E-33));
#3009=DIRECTION('',(-5.56131819963552E-33,1.22464679914735E-16,1.));
#3010=DIRECTION('',(-1.,-9.08232186375291E-17,5.56131819963552E-33));
#3011=DIRECTION('',(5.56131819963552E-33,-1.22464679914735E-16,-1.));
#3012=DIRECTION('',(1.,9.08232186375291E-17,-5.56131819963552E-33));
#3013=DIRECTION('',(-5.56131819963552E-33,1.22464679914735E-16,1.));
#3014=DIRECTION('',(5.56131819963552E-33,-1.22464679914735E-16,-1.));
#3015=DIRECTION('',(1.,9.08232186375291E-17,-5.56131819963552E-33));
#3016=DIRECTION('',(-5.56131819963552E-33,1.22464679914735E-16,1.));
#3017=DIRECTION('',(0.826577745824268,-0.562822556502556,6.89258842308785E-17));
#3018=DIRECTION('',(-0.562822556502556,-0.826577745824268,1.01226579067012E-16));
#3019=DIRECTION('',(0.562822556502556,0.826577745824268,-1.01226579067012E-16));
#3020=DIRECTION('',(-5.56131819963552E-33,1.22464679914735E-16,1.));
#3021=DIRECTION('',(0.562822556502556,0.826577745824268,-1.01226579067012E-16));
#3022=DIRECTION('',(0.678308590349314,0.734777147343551,-8.99842481580903E-17));
#3023=DIRECTION('',(0.734777147343552,-0.678308590349314,8.30688444005441E-17));
#3024=DIRECTION('',(-0.734777147343552,0.678308590349314,-8.30688444005441E-17));
#3025=DIRECTION('',(-5.56131819963552E-33,1.22464679914735E-16,1.));
#3026=DIRECTION('',(-0.734777147343552,0.678308590349314,-8.30688444005441E-17));
#3027=DIRECTION('',(-5.56131819963552E-33,1.22464679914735E-16,1.));
#3028=DIRECTION('',(-1.,-9.08232186375291E-17,5.56131819963552E-33));
#3029=DIRECTION('',(5.56131819963552E-33,-1.22464679914735E-16,-1.));
#3030=DIRECTION('',(1.,9.08232186375291E-17,-5.56131819963552E-33));
#3031=DIRECTION('',(-5.56131819963552E-33,1.22464679914735E-16,1.));
#3032=DIRECTION('',(5.56131819963552E-33,-1.22464679914735E-16,-1.));
#3033=DIRECTION('',(1.,9.08232186375291E-17,-5.56131819963552E-33));
#3034=DIRECTION('',(-5.56131819963552E-33,1.22464679914735E-16,1.));
#3035=DIRECTION('',(-1.,-9.08232186375291E-17,5.56131819963552E-33));
#3036=DIRECTION('',(5.56131819963552E-33,-1.22464679914735E-16,-1.));
#3037=DIRECTION('',(1.,9.08232186375291E-17,-5.56131819963552E-33));
#3038=DIRECTION('',(-5.56131819963552E-33,1.22464679914735E-16,1.));
#3039=DIRECTION('',(5.56131819963552E-33,-1.22464679914735E-16,-1.));
#3040=DIRECTION('',(1.,9.08232186375291E-17,-5.56131819963552E-33));
#3041=DIRECTION('',(-5.56131819963552E-33,1.22464679914735E-16,1.));
#3042=DIRECTION('',(-1.,-9.08232186375291E-17,5.56131819963552E-33));
#3043=DIRECTION('',(5.56131819963552E-33,-1.22464679914735E-16,-1.));
#3044=DIRECTION('',(1.,9.08232186375291E-17,-5.56131819963552E-33));
#3045=DIRECTION('',(-5.56131819963552E-33,1.22464679914735E-16,1.));
#3046=DIRECTION('',(5.56131819963552E-33,-1.22464679914735E-16,-1.));
#3047=DIRECTION('',(1.,9.08232186375291E-17,-5.56131819963552E-33));
#3048=DIRECTION('',(-5.56131819963552E-33,1.22464679914735E-16,1.));
#3049=DIRECTION('',(-1.,-9.08232186375291E-17,5.56131819963552E-33));
#3050=DIRECTION('',(5.56131819963552E-33,-1.22464679914735E-16,-1.));
#3051=DIRECTION('',(1.,9.08232186375291E-17,-5.56131819963552E-33));
#3052=DIRECTION('',(-5.56131819963552E-33,1.22464679914735E-16,1.));
#3053=DIRECTION('',(5.56131819963552E-33,-1.22464679914735E-16,-1.));
#3054=DIRECTION('',(1.,9.08232186375291E-17,-5.56131819963552E-33));
#3055=DIRECTION('',(-5.56131819963552E-33,1.22464679914735E-16,1.));
#3056=DIRECTION('',(-1.,-9.08232186375291E-17,5.56131819963552E-33));
#3057=DIRECTION('',(5.56131819963552E-33,-1.22464679914735E-16,-1.));
#3058=DIRECTION('',(1.,9.08232186375291E-17,-5.56131819963552E-33));
#3059=DIRECTION('',(-5.56131819963552E-33,1.22464679914735E-16,1.));
#3060=DIRECTION('',(5.56131819963552E-33,-1.22464679914735E-16,-1.));
#3061=DIRECTION('',(1.,9.08232186375291E-17,-5.56131819963552E-33));
#3062=DIRECTION('',(-5.56131819963552E-33,1.22464679914735E-16,1.));
#3063=DIRECTION('',(-1.,-9.08232186375291E-17,5.56131819963552E-33));
#3064=DIRECTION('',(5.56131819963552E-33,-1.22464679914735E-16,-1.));
#3065=DIRECTION('',(1.,9.08232186375291E-17,-5.56131819963552E-33));
#3066=DIRECTION('',(-5.56131819963552E-33,1.22464679914735E-16,1.));
#3067=DIRECTION('',(5.56131819963552E-33,-1.22464679914735E-16,-1.));
#3068=DIRECTION('',(1.,9.08232186375291E-17,-5.56131819963552E-33));
#3069=DIRECTION('',(-5.56131819963552E-33,1.22464679914735E-16,1.));
#3070=DIRECTION('',(-1.,-9.08232186375291E-17,5.56131819963552E-33));
#3071=DIRECTION('',(5.56131819963552E-33,-1.22464679914735E-16,-1.));
#3072=DIRECTION('',(1.,9.08232186375291E-17,-5.56131819963552E-33));
#3073=DIRECTION('',(-5.56131819963552E-33,1.22464679914735E-16,1.));
#3074=DIRECTION('',(5.56131819963552E-33,-1.22464679914735E-16,-1.));
#3075=DIRECTION('',(1.,9.08232186375291E-17,-5.56131819963552E-33));
#3076=DIRECTION('',(-5.56131819963552E-33,1.22464679914735E-16,1.));
#3077=DIRECTION('',(-1.,-9.08232186375291E-17,5.56131819963552E-33));
#3078=DIRECTION('',(5.56131819963552E-33,-1.22464679914735E-16,-1.));
#3079=DIRECTION('',(1.,9.08232186375291E-17,-5.56131819963552E-33));
#3080=DIRECTION('',(-5.56131819963552E-33,1.22464679914735E-16,1.));
#3081=DIRECTION('',(5.56131819963552E-33,-1.22464679914735E-16,-1.));
#3082=DIRECTION('',(1.,9.08232186375291E-17,-5.56131819963552E-33));
#3083=DIRECTION('',(-5.56131819963552E-33,1.22464679914735E-16,1.));
#3084=DIRECTION('',(-1.,-9.08232186375291E-17,5.56131819963552E-33));
#3085=DIRECTION('',(5.56131819963552E-33,-1.22464679914735E-16,-1.));
#3086=DIRECTION('',(1.,9.08232186375291E-17,-5.56131819963552E-33));
#3087=DIRECTION('',(-5.56131819963552E-33,1.22464679914735E-16,1.));
#3088=DIRECTION('',(5.56131819963552E-33,-1.22464679914735E-16,-1.));
#3089=DIRECTION('',(1.,9.08232186375291E-17,-5.56131819963552E-33));
#3090=DIRECTION('',(-5.56131819963552E-33,1.22464679914735E-16,1.));
#3091=DIRECTION('',(-1.,-9.08232186375291E-17,5.56131819963552E-33));
#3092=DIRECTION('',(5.56131819963552E-33,-1.22464679914735E-16,-1.));
#3093=DIRECTION('',(1.,9.08232186375291E-17,-5.56131819963552E-33));
#3094=DIRECTION('',(-5.56131819963552E-33,1.22464679914735E-16,1.));
#3095=DIRECTION('',(5.56131819963552E-33,-1.22464679914735E-16,-1.));
#3096=DIRECTION('',(1.,9.08232186375291E-17,-5.56131819963552E-33));
#3097=DIRECTION('',(-5.56131819963552E-33,1.22464679914735E-16,1.));
#3098=DIRECTION('',(-1.,-9.08232186375291E-17,5.56131819963552E-33));
#3099=DIRECTION('',(5.56131819963552E-33,-1.22464679914735E-16,-1.));
#3100=DIRECTION('',(1.,9.08232186375291E-17,-5.56131819963552E-33));
#3101=DIRECTION('',(-5.56131819963552E-33,1.22464679914735E-16,1.));
#3102=DIRECTION('',(5.56131819963552E-33,-1.22464679914735E-16,-1.));
#3103=DIRECTION('',(1.,9.08232186375291E-17,-5.56131819963552E-33));
#3104=DIRECTION('',(-5.56131819963552E-33,1.22464679914735E-16,1.));
#3105=DIRECTION('',(-1.,-9.08232186375291E-17,5.56131819963552E-33));
#3106=DIRECTION('',(5.56131819963552E-33,-1.22464679914735E-16,-1.));
#3107=DIRECTION('',(1.,9.08232186375291E-17,-5.56131819963552E-33));
#3108=DIRECTION('',(-5.56131819963552E-33,1.22464679914735E-16,1.));
#3109=DIRECTION('',(5.56131819963552E-33,-1.22464679914735E-16,-1.));
#3110=DIRECTION('',(1.,9.08232186375291E-17,-5.56131819963552E-33));
#3111=DIRECTION('',(-5.56131819963552E-33,1.22464679914735E-16,1.));
#3112=DIRECTION('',(-1.,-9.08232186375291E-17,5.56131819963552E-33));
#3113=DIRECTION('',(5.56131819963552E-33,-1.22464679914735E-16,-1.));
#3114=DIRECTION('',(1.,9.08232186375291E-17,-5.56131819963552E-33));
#3115=DIRECTION('',(-5.56131819963552E-33,1.22464679914735E-16,1.));
#3116=DIRECTION('',(5.56131819963552E-33,-1.22464679914735E-16,-1.));
#3117=DIRECTION('',(1.,9.08232186375291E-17,-5.56131819963552E-33));
#3118=DIRECTION('',(-5.56131819963552E-33,1.22464679914735E-16,1.));
#3119=DIRECTION('',(-1.,-9.08232186375291E-17,5.56131819963552E-33));
#3120=DIRECTION('',(5.56131819963552E-33,-1.22464679914735E-16,-1.));
#3121=DIRECTION('',(1.,9.08232186375291E-17,-5.56131819963552E-33));
#3122=DIRECTION('',(-5.56131819963552E-33,1.22464679914735E-16,1.));
#3123=DIRECTION('',(5.56131819963552E-33,-1.22464679914735E-16,-1.));
#3124=DIRECTION('',(1.,9.08232186375291E-17,-5.56131819963552E-33));
#3125=DIRECTION('',(-5.56131819963552E-33,1.22464679914735E-16,1.));
#3126=DIRECTION('',(-1.,-9.08232186375291E-17,5.56131819963552E-33));
#3127=DIRECTION('',(5.56131819963552E-33,-1.22464679914735E-16,-1.));
#3128=DIRECTION('',(1.,9.08232186375291E-17,-5.56131819963552E-33));
#3129=DIRECTION('',(-5.56131819963552E-33,1.22464679914735E-16,1.));
#3130=DIRECTION('',(5.56131819963552E-33,-1.22464679914735E-16,-1.));
#3131=DIRECTION('',(1.,9.08232186375291E-17,-5.56131819963552E-33));
#3132=DIRECTION('',(-5.56131819963552E-33,1.22464679914735E-16,1.));
#3133=DIRECTION('',(-1.,-9.08232186375291E-17,5.56131819963552E-33));
#3134=DIRECTION('',(5.56131819963552E-33,-1.22464679914735E-16,-1.));
#3135=DIRECTION('',(1.,9.08232186375291E-17,-5.56131819963552E-33));
#3136=DIRECTION('',(-5.56131819963552E-33,1.22464679914735E-16,1.));
#3137=DIRECTION('',(5.56131819963552E-33,-1.22464679914735E-16,-1.));
#3138=DIRECTION('',(1.,9.08232186375291E-17,-5.56131819963552E-33));
#3139=DIRECTION('',(-5.56131819963552E-33,1.22464679914735E-16,1.));
#3140=DIRECTION('',(-1.,-9.08232186375291E-17,5.56131819963552E-33));
#3141=DIRECTION('',(5.56131819963552E-33,-1.22464679914735E-16,-1.));
#3142=DIRECTION('',(1.,9.08232186375291E-17,-5.56131819963552E-33));
#3143=DIRECTION('',(-5.56131819963552E-33,1.22464679914735E-16,1.));
#3144=DIRECTION('',(5.56131819963552E-33,-1.22464679914735E-16,-1.));
#3145=DIRECTION('',(1.,9.08232186375291E-17,-5.56131819963552E-33));
#3146=DIRECTION('',(-5.56131819963552E-33,1.22464679914735E-16,1.));
#3147=DIRECTION('',(-1.,-9.08232186375291E-17,5.56131819963552E-33));
#3148=DIRECTION('',(5.56131819963552E-33,-1.22464679914735E-16,-1.));
#3149=DIRECTION('',(1.,9.08232186375291E-17,-5.56131819963552E-33));
#3150=DIRECTION('',(-5.56131819963552E-33,1.22464679914735E-16,1.));
#3151=DIRECTION('',(5.56131819963552E-33,-1.22464679914735E-16,-1.));
#3152=DIRECTION('',(1.,9.08232186375291E-17,-5.56131819963552E-33));
#3153=DIRECTION('',(-5.56131819963552E-33,1.22464679914735E-16,1.));
#3154=DIRECTION('',(-1.,-9.08232186375291E-17,5.56131819963552E-33));
#3155=DIRECTION('',(5.56131819963552E-33,-1.22464679914735E-16,-1.));
#3156=DIRECTION('',(1.,9.08232186375291E-17,-5.56131819963552E-33));
#3157=DIRECTION('',(5.56131819963552E-33,-1.22464679914735E-16,-1.));
#3158=DIRECTION('',(1.,9.08232186375291E-17,-5.56131819963552E-33));
#3159=DIRECTION('',(-5.56131819963552E-33,1.22464679914735E-16,1.));
#3160=DIRECTION('',(-1.,-9.08232186375291E-17,5.56131819963552E-33));
#3161=DIRECTION('',(5.56131819963552E-33,-1.22464679914735E-16,-1.));
#3162=DIRECTION('',(1.,9.08232186375291E-17,-5.56131819963552E-33));
#3163=DIRECTION('',(5.56131819963552E-33,-1.22464679914735E-16,-1.));
#3164=DIRECTION('',(1.,9.08232186375291E-17,-5.56131819963552E-33));
#3165=DIRECTION('',(5.56131819963552E-33,-1.22464679914735E-16,-1.));
#3166=DIRECTION('',(1.,9.08232186375291E-17,-5.56131819963552E-33));
#3167=DIRECTION('',(5.56131819963552E-33,-1.22464679914735E-16,-1.));
#3168=DIRECTION('',(1.,9.08232186375291E-17,-5.56131819963552E-33));
#3169=CARTESIAN_POINT('',(0.,0.,0.));
#3170=CARTESIAN_POINT('',(-0.0628766485819936,-0.00215339902057035,-0.0237999946391486));
#3171=CARTESIAN_POINT('',(-0.0628766485819936,-0.00215339902057035,-0.0229999946391486));
#3172=CARTESIAN_POINT('',(-0.0641675596146921,-0.00352586561721667,-0.0229999946391486));
#3173=CARTESIAN_POINT('',(-0.0645209123444686,-0.0030734601775943,-0.0229999946391486));
#3174=CARTESIAN_POINT('',(-0.0645209123444686,-0.0030734601775943,-0.0237999946391486));
#3175=CARTESIAN_POINT('',(-0.0645209123444686,-0.0030734601775943,-0.0237999946391486));
#3176=CARTESIAN_POINT('',(-0.0628766485819936,-0.00215339902057035,-0.0237999946391486));
#3177=CARTESIAN_POINT('',(-0.0641675596146921,-0.00352586561721667,-0.0237999946391486));
#3178=CARTESIAN_POINT('',(-0.0641675596146921,-0.00352586561721667,-0.0237999946391486));
#3179=CARTESIAN_POINT('',(-0.0634839182829353,-0.0024932017191551,-0.0237999946391486));
#3180=CARTESIAN_POINT('',(-0.0634839182829353,-0.0024932017191551,-0.0229999946391486));
#3181=CARTESIAN_POINT('',(-0.0646417486245252,-0.00276056937304113,-0.0229999946391486));
#3182=CARTESIAN_POINT('',(-0.0646417486245252,-0.00276056937304113,-0.0237999946391486));
#3183=CARTESIAN_POINT('',(-0.0646417486245252,-0.00276056937304113,-0.0237999946391486));
#3184=CARTESIAN_POINT('',(-0.0634839182829353,-0.0024932017191551,-0.0237999946391486));
#3185=CARTESIAN_POINT('',(-0.0646128629940934,-0.00275389906655307,-0.0237999946391486));
#3186=CARTESIAN_POINT('',(-0.0646128629940934,-0.00275389906655307,-0.0229999946391486));
#3187=CARTESIAN_POINT('',(-0.0646326314979298,-0.00273180655899617,-0.0229999946391486));
#3188=CARTESIAN_POINT('',(-0.0646326314979298,-0.00273180655899617,-0.0237999946391486));
#3189=CARTESIAN_POINT('',(-0.0646326314979298,-0.00273180655899617,-0.0237999946391486));
#3190=CARTESIAN_POINT('',(-0.0646128629940934,-0.00275389906655307,-0.0237999946391486));
#3191=CARTESIAN_POINT('',(-0.0645537776226225,-0.0028199305693176,-0.0237999946391486));
#3192=CARTESIAN_POINT('',(-0.0645537776226225,-0.0028199305693176,-0.0229999946391486));
#3193=CARTESIAN_POINT('',(-0.0645386419908539,-0.00270265018947055,-0.0229999946391486));
#3194=CARTESIAN_POINT('',(-0.0645386419908539,-0.00270265018947055,-0.0237999946391486));
#3195=CARTESIAN_POINT('',(-0.0645386419908539,-0.00270265018947055,-0.0237999946391486));
#3196=CARTESIAN_POINT('',(-0.0645537776226225,-0.0028199305693176,-0.0237999946391486));
#3197=CARTESIAN_POINT('',(-0.0648073779883884,-0.00478498545972262,-0.0237999946391486));
#3198=CARTESIAN_POINT('',(-0.0648073779883884,-0.00478498545972262,-0.0229999946391486));
#3199=CARTESIAN_POINT('',(-0.0641306891227557,-0.00279741624250395,-0.0229999946391486));
#3200=CARTESIAN_POINT('',(-0.0641306891227557,-0.00279741624250395,-0.0237999946391486));
#3201=CARTESIAN_POINT('',(-0.0641306891227557,-0.00279741624250395,-0.0237999946391486));
#3202=CARTESIAN_POINT('',(-0.0648073779883884,-0.00478498545972262,-0.0237999946391486));
#3203=CARTESIAN_POINT('',(-0.0632736289882287,-0.000280060885846236,-0.0237999946391486));
#3204=CARTESIAN_POINT('',(-0.0632736289882287,-0.000280060885846236,-0.0229999946391486));
#3205=CARTESIAN_POINT('',(-0.0634309680898315,-0.00293465585928298,-0.0229999946391486));
#3206=CARTESIAN_POINT('',(-0.0634309680898315,-0.00293465585928298,-0.0237999946391486));
#3207=CARTESIAN_POINT('',(-0.0634309680898315,-0.00293465585928298,-0.0237999946391486));
#3208=CARTESIAN_POINT('',(-0.0632736289882287,-0.000280060885846236,-0.0237999946391486));
#3209=CARTESIAN_POINT('',(-0.0633758496922302,-0.00200470888662487,-0.0237999946391486));
#3210=CARTESIAN_POINT('',(-0.0633758496922302,-0.00200470888662487,-0.0229999946391486));
#3211=CARTESIAN_POINT('',(-0.0628468435121242,-0.0027715151666713,-0.0229999946391486));
#3212=CARTESIAN_POINT('',(-0.0628468435121242,-0.0027715151666713,-0.0237999946391486));
#3213=CARTESIAN_POINT('',(-0.0628468435121242,-0.0027715151666713,-0.0237999946391486));
#3214=CARTESIAN_POINT('',(-0.0633758496922302,-0.00200470888662487,-0.0237999946391486));
#3215=CARTESIAN_POINT('',(-0.0647711602157346,1.782489894215E-5,-0.0237999946391486));
#3216=CARTESIAN_POINT('',(-0.0647711602157346,1.78248989421502E-5,-0.0229999946391486));
#3217=CARTESIAN_POINT('',(-0.0622630528129739,-0.00226094890150853,-0.0229999946391486));
#3218=CARTESIAN_POINT('',(-0.0622630528129739,-0.00226094890150853,-0.0237999946391486));
#3219=CARTESIAN_POINT('',(-0.0622630528129739,-0.00226094890150853,-0.0237999946391486));
#3220=CARTESIAN_POINT('',(-0.0647711602157346,1.782489894215E-5,-0.0237999946391486));
#3221=CARTESIAN_POINT('',(-0.203922889528005,0.126445949426297,-0.0237999946391486));
#3222=CARTESIAN_POINT('',(-0.203922889528005,0.126445949426297,-0.0229999946391486));
#3223=CARTESIAN_POINT('',(-0.0607078637955625,-0.000528187384462658,-0.0229999946391486));
#3224=CARTESIAN_POINT('',(-0.0607078637955625,-0.000528187384462658,-0.0237999946391486));
#3225=CARTESIAN_POINT('',(-0.0607078637955625,-0.000528187384462658,-0.0237999946391486));
#3226=CARTESIAN_POINT('',(-0.203922889528005,0.126445949426297,-0.0237999946391486));
#3227=CARTESIAN_POINT('',(-0.214446803272362,0.135776428939371,-0.0237999946391486));
#3228=CARTESIAN_POINT('',(-0.214446803272362,0.135776428939371,-0.0229999946391486));
#3229=CARTESIAN_POINT('',(-0.0592730714638095,0.00110749080124956,-0.0229999946391486));
#3230=CARTESIAN_POINT('',(-0.0592730714638095,0.00110749080124956,-0.0237999946391486));
#3231=CARTESIAN_POINT('',(-0.0592730714638095,0.00110749080124956,-0.0237999946391486));
#3232=CARTESIAN_POINT('',(-0.214446803272362,0.135776428939371,-0.0237999946391486));
#3233=CARTESIAN_POINT('',(-0.0688955860567734,0.00945847783590924,-0.0237999946391486));
#3234=CARTESIAN_POINT('',(-0.0688955860567734,0.00945847783590924,-0.0229999946391486));
#3235=CARTESIAN_POINT('',(-0.0586276032039631,0.00191524910549964,-0.0229999946391486));
#3236=CARTESIAN_POINT('',(-0.0586276032039631,0.00191524910549964,-0.0237999946391486));
#3237=CARTESIAN_POINT('',(-0.0586276032039631,0.00191524910549964,-0.0237999946391486));
#3238=CARTESIAN_POINT('',(-0.0688955860567734,0.00945847783590924,-0.0237999946391486));
#3239=CARTESIAN_POINT('',(-0.0613062078655475,0.00388304822732435,-0.0237999946391486));
#3240=CARTESIAN_POINT('',(-0.0613062078655475,0.00388304822732435,-0.0229999946391486));
#3241=CARTESIAN_POINT('',(-0.0582229235296459,0.00264187377508188,-0.0229999946391486));
#3242=CARTESIAN_POINT('',(-0.0582229235296459,0.00264187377508188,-0.0237999946391486));
#3243=CARTESIAN_POINT('',(-0.0582229235296459,0.00264187377508188,-0.0237999946391486));
#3244=CARTESIAN_POINT('',(-0.0613062078655475,0.00388304822732435,-0.0237999946391486));
#3245=CARTESIAN_POINT('',(-0.0566827962333572,0.00403391695254359,-0.0237999946391486));
#3246=CARTESIAN_POINT('',(-0.0566827962333572,0.00403391695254359,-0.0229999946391486));
#3247=CARTESIAN_POINT('',(-0.0585161987955256,0.00306005282365462,-0.0229999946391486));
#3248=CARTESIAN_POINT('',(-0.0585161987955256,0.00306005282365462,-0.0237999946391486));
#3249=CARTESIAN_POINT('',(-0.0585161987955256,0.00306005282365462,-0.0237999946391486));
#3250=CARTESIAN_POINT('',(-0.0566827962333572,0.00403391695254359,-0.0237999946391486));
#3251=CARTESIAN_POINT('',(-0.0563704799114271,0.00419981268601234,-0.0237999946391486));
#3252=CARTESIAN_POINT('',(-0.0563704799114271,0.00419981268601234,-0.0229999946391486));
#3253=CARTESIAN_POINT('',(-0.058591296627581,0.00321435077065265,-0.0229999946391486));
#3254=CARTESIAN_POINT('',(-0.058591296627581,0.00321435077065265,-0.0237999946391486));
#3255=CARTESIAN_POINT('',(-0.058591296627581,0.00321435077065265,-0.0237999946391486));
#3256=CARTESIAN_POINT('',(-0.0563704799114271,0.00419981268601234,-0.0237999946391486));
#3257=CARTESIAN_POINT('',(-0.0563174020665608,0.00422336537016021,-0.0237999946391486));
#3258=CARTESIAN_POINT('',(-0.0563174020665608,0.00422336537016021,-0.0229999946391486));
#3259=CARTESIAN_POINT('',(-0.0586559185640636,0.00337480922730213,-0.0229999946391486));
#3260=CARTESIAN_POINT('',(-0.0586559185640636,0.00337480922730213,-0.0237999946391486));
#3261=CARTESIAN_POINT('',(-0.0586559185640636,0.00337480922730213,-0.0237999946391486));
#3262=CARTESIAN_POINT('',(-0.0563174020665608,0.00422336537016021,-0.0237999946391486));
#3263=CARTESIAN_POINT('',(-0.0573549555965627,0.00384687778823904,-0.0237999946391486));
#3264=CARTESIAN_POINT('',(-0.0573549555965627,0.00384687778823904,-0.0229999946391486));
#3265=CARTESIAN_POINT('',(-0.0587086728877853,0.00355912291950746,-0.0229999946391486));
#3266=CARTESIAN_POINT('',(-0.0587086728877853,0.00355912291950746,-0.0237999946391486));
#3267=CARTESIAN_POINT('',(-0.0587086728877853,0.00355912291950746,-0.0237999946391486));
#3268=CARTESIAN_POINT('',(-0.0573549555965627,0.00384687778823904,-0.0237999946391486));
#3269=CARTESIAN_POINT('',(-0.0584221297293495,0.0036200323793157,-0.0237999946391486));
#3270=CARTESIAN_POINT('',(-0.0584221297293495,0.0036200323793157,-0.0229999946391486));
#3271=CARTESIAN_POINT('',(-0.0587129198858244,0.00365550108154607,-0.0229999946391486));
#3272=CARTESIAN_POINT('',(-0.0587129198858244,0.00365550108154607,-0.0237999946391486));
#3273=CARTESIAN_POINT('',(-0.0587129198858244,0.00365550108154607,-0.0237999946391486));
#3274=CARTESIAN_POINT('',(-0.0584221297293495,0.0036200323793157,-0.0237999946391486));
#3275=CARTESIAN_POINT('',(-0.0585861972523626,0.00364004427445677,-0.0237999946391486));
#3276=CARTESIAN_POINT('',(-0.0585861972523626,0.00364004427445677,-0.0229999946391486));
#3277=CARTESIAN_POINT('',(-0.0586953495815497,0.00370625082813479,-0.0229999946391486));
#3278=CARTESIAN_POINT('',(-0.0586953495815497,0.00370625082813479,-0.0237999946391486));
#3279=CARTESIAN_POINT('',(-0.0586953495815497,0.00370625082813479,-0.0237999946391486));
#3280=CARTESIAN_POINT('',(-0.0585861972523626,0.00364004427445677,-0.0237999946391486));
#3281=CARTESIAN_POINT('',(-0.0584927498439419,0.00358336357045573,-0.0237999946391486));
#3282=CARTESIAN_POINT('',(-0.0584927498439419,0.00358336357045573,-0.0229999946391486));
#3283=CARTESIAN_POINT('',(-0.058642476796882,0.00376702023747862,-0.0229999946391486));
#3284=CARTESIAN_POINT('',(-0.058642476796882,0.00376702023747862,-0.0237999946391486));
#3285=CARTESIAN_POINT('',(-0.058642476796882,0.00376702023747862,-0.0237999946391486));
#3286=CARTESIAN_POINT('',(-0.0584927498439419,0.00358336357045573,-0.0237999946391486));
#3287=CARTESIAN_POINT('',(-0.0585808185729851,0.00369138960669973,-0.0237999946391486));
#3288=CARTESIAN_POINT('',(-0.0585808185729851,0.00369138960669973,-0.0229999946391486));
#3289=CARTESIAN_POINT('',(-0.0585863677645675,0.00378881103842148,-0.0229999946391486));
#3290=CARTESIAN_POINT('',(-0.0585863677645675,0.00378881103842148,-0.0237999946391486));
#3291=CARTESIAN_POINT('',(-0.0585863677645675,0.00378881103842148,-0.0237999946391486));
#3292=CARTESIAN_POINT('',(-0.0585808185729851,0.00369138960669973,-0.0237999946391486));
#3293=CARTESIAN_POINT('',(-0.0585799768787723,0.00367661284974938,-0.0237999946391486));
#3294=CARTESIAN_POINT('',(-0.0585799768787723,0.00367661284974938,-0.0229999946391486));
#3295=CARTESIAN_POINT('',(-0.0585214501069118,0.0037725497766239,-0.0229999946391486));
#3296=CARTESIAN_POINT('',(-0.0585214501069118,0.0037725497766239,-0.0237999946391486));
#3297=CARTESIAN_POINT('',(-0.0585214501069118,0.0037725497766239,-0.0237999946391486));
#3298=CARTESIAN_POINT('',(-0.0585799768787723,0.00367661284974938,-0.0237999946391486));
#3299=CARTESIAN_POINT('',(-0.059428255722623,0.00228611645254997,-0.0237999946391486));
#3300=CARTESIAN_POINT('',(-0.059428255722623,0.00228611645254997,-0.0229999946391486));
#3301=CARTESIAN_POINT('',(-0.058273202559871,0.003589048777277,-0.0229999946391486));
#3302=CARTESIAN_POINT('',(-0.058273202559871,0.003589048777277,-0.0237999946391486));
#3303=CARTESIAN_POINT('',(-0.058273202559871,0.003589048777277,-0.0237999946391486));
#3304=CARTESIAN_POINT('',(-0.059428255722623,0.00228611645254997,-0.0237999946391486));
#3305=CARTESIAN_POINT('',(-0.104022556388467,-0.0480175039433214,-0.0237999946391486));
#3306=CARTESIAN_POINT('',(-0.104022556388467,-0.0480175039433214,-0.0229999946391486));
#3307=CARTESIAN_POINT('',(-0.0575821228076399,0.00296804095188677,-0.0229999946391486));
#3308=CARTESIAN_POINT('',(-0.0575821228076399,0.00296804095188677,-0.0237999946391486));
#3309=CARTESIAN_POINT('',(-0.0575821228076399,0.00296804095188677,-0.0237999946391486));
#3310=CARTESIAN_POINT('',(-0.104022556388467,-0.0480175039433214,-0.0237999946391486));
#3311=CARTESIAN_POINT('',(-0.0467640927375477,0.0148448283823143,-0.0237999946391486));
#3312=CARTESIAN_POINT('',(-0.0467640927375477,0.0148448283823143,-0.0229999946391486));
#3313=CARTESIAN_POINT('',(-0.0571198166472539,0.00256285636740628,-0.0229999946391486));
#3314=CARTESIAN_POINT('',(-0.0571198166472539,0.00256285636740628,-0.0237999946391486));
#3315=CARTESIAN_POINT('',(-0.0571198166472539,0.00256285636740628,-0.0237999946391486));
#3316=CARTESIAN_POINT('',(-0.0467640927375477,0.0148448283823143,-0.0237999946391486));
#3317=CARTESIAN_POINT('',(-0.0470018040332626,0.0145629008698525,-0.0237999946391486));
#3318=CARTESIAN_POINT('',(-0.0470018040332626,0.0145629008698525,-0.0229999946391486));
#3319=CARTESIAN_POINT('',(-0.056645644881895,0.00217857282967197,-0.0229999946391486));
#3320=CARTESIAN_POINT('',(-0.056645644881895,0.00217857282967197,-0.0237999946391486));
#3321=CARTESIAN_POINT('',(-0.056645644881895,0.00217857282967197,-0.0237999946391486));
#3322=CARTESIAN_POINT('',(-0.0470018040332626,0.0145629008698525,-0.0237999946391486));
#3323=CARTESIAN_POINT('',(-0.0480922490322731,0.0131625844617457,-0.0237999946391486));
#3324=CARTESIAN_POINT('',(-0.0480922490322731,0.0131625844617457,-0.0229999946391486));
#3325=CARTESIAN_POINT('',(-0.0562197617312899,0.00185981358814215,-0.0229999946391486));
#3326=CARTESIAN_POINT('',(-0.0562197617312899,0.00185981358814215,-0.0237999946391486));
#3327=CARTESIAN_POINT('',(-0.0562197617312899,0.00185981358814215,-0.0237999946391486));
#3328=CARTESIAN_POINT('',(-0.0480922490322731,0.0131625844617457,-0.0237999946391486));
#3329=CARTESIAN_POINT('',(-0.0549172512079155,0.00367118916531488,-0.0237999946391486));
#3330=CARTESIAN_POINT('',(-0.0549172512079155,0.00367118916531488,-0.0229999946391486));
#3331=CARTESIAN_POINT('',(-0.0559213914978495,0.00167887457589629,-0.0229999946391486));
#3332=CARTESIAN_POINT('',(-0.0559213914978495,0.00167887457589629,-0.0237999946391486));
#3333=CARTESIAN_POINT('',(-0.0559213914978495,0.00167887457589629,-0.0237999946391486));
#3334=CARTESIAN_POINT('',(-0.0549172512079155,0.00367118916531488,-0.0237999946391486));
#3335=CARTESIAN_POINT('',(-0.0570267048736886,-0.000514177517161985,-0.0237999946391486));
#3336=CARTESIAN_POINT('',(-0.0570267048736886,-0.000514177517161985,-0.0229999946391486));
#3337=CARTESIAN_POINT('',(-0.0555493544284435,0.00144761523529957,-0.0229999946391486));
#3338=CARTESIAN_POINT('',(-0.0555493544284435,0.00144761523529957,-0.0237999946391486));
#3339=CARTESIAN_POINT('',(-0.0555493544284435,0.00144761523529957,-0.0237999946391486));
#3340=CARTESIAN_POINT('',(-0.0570267048736886,-0.000514177517161985,-0.0237999946391486));
#3341=CARTESIAN_POINT('',(-0.0562958348549816,0.000456354227899331,-0.0237999946391486));
#3342=CARTESIAN_POINT('',(-0.0562958348549816,0.000456354227899332,-0.0229999946391486));
#3343=CARTESIAN_POINT('',(-0.0553027783411046,0.00120044439195424,-0.0229999946391486));
#3344=CARTESIAN_POINT('',(-0.0553027783411046,0.00120044439195424,-0.0237999946391486));
#3345=CARTESIAN_POINT('',(-0.0553027783411046,0.00120044439195424,-0.0237999946391486));
#3346=CARTESIAN_POINT('',(-0.0562958348549816,0.000456354227899331,-0.0237999946391486));
#3347=CARTESIAN_POINT('',(-0.0559002497407504,0.000752763332953085,-0.0237999946391486));
#3348=CARTESIAN_POINT('',(-0.0559002497407504,0.000752763332953085,-0.0229999946391486));
#3349=CARTESIAN_POINT('',(-0.0551841896730224,0.000964064973714915,-0.0229999946391486));
#3350=CARTESIAN_POINT('',(-0.0551841896730224,0.000964064973714915,-0.0237999946391486));
#3351=CARTESIAN_POINT('',(-0.0551841896730224,0.000964064973714915,-0.0237999946391486));
#3352=CARTESIAN_POINT('',(-0.0559002497407504,0.000752763332953085,-0.0237999946391486));
#3353=CARTESIAN_POINT('',(-0.0555115863810176,0.000867453719020976,-0.0237999946391486));
#3354=CARTESIAN_POINT('',(-0.0555115863810176,0.000867453719020976,-0.0229999946391486));
#3355=CARTESIAN_POINT('',(-0.0551811903078877,0.000781658766956549,-0.0229999946391486));
#3356=CARTESIAN_POINT('',(-0.0551811903078877,0.000781658766956549,-0.0237999946391486));
#3357=CARTESIAN_POINT('',(-0.0551811903078877,0.000781658766956549,-0.0237999946391486));
#3358=CARTESIAN_POINT('',(-0.0555115863810176,0.000867453719020976,-0.0237999946391486));
#3359=CARTESIAN_POINT('',(-0.0578169485940977,0.00146609412866195,-0.0237999946391486));
#3360=CARTESIAN_POINT('',(-0.0578169485940977,0.00146609412866195,-0.0229999946391486));
#3361=CARTESIAN_POINT('',(-0.0552438040705135,0.000574690309718563,-0.0229999946391486));
#3362=CARTESIAN_POINT('',(-0.0552438040705135,0.000574690309718563,-0.0237999946391486));
#3363=CARTESIAN_POINT('',(-0.0552438040705135,0.000574690309718563,-0.0237999946391486));
#3364=CARTESIAN_POINT('',(-0.0578169485940977,0.00146609412866195,-0.0237999946391486));
#3365=CARTESIAN_POINT('',(-0.055251495011626,0.000577354650650899,-0.0237999946391486));
#3366=CARTESIAN_POINT('',(-0.055251495011626,0.000577354650650899,-0.0229999946391486));
#3367=CARTESIAN_POINT('',(-0.0552549958868913,0.000570006646828206,-0.0229999946391486));
#3368=CARTESIAN_POINT('',(-0.0552549958868913,0.000570006646828206,-0.0237999946391486));
#3369=CARTESIAN_POINT('',(-0.0552549958868913,0.000570006646828206,-0.0237999946391486));
#3370=CARTESIAN_POINT('',(-0.055251495011626,0.000577354650650899,-0.0237999946391486));
#3371=CARTESIAN_POINT('',(-0.0555494970770753,0.00296663311018899,-0.0237999946391486));
#3372=CARTESIAN_POINT('',(-0.0555494970770753,0.00296663311018899,-0.0229999946391486));
#3373=CARTESIAN_POINT('',(-0.0554530844839557,0.000553905614637624,-0.0229999946391486));
#3374=CARTESIAN_POINT('',(-0.0554530844839557,0.000553905614637624,-0.0237999946391486));
#3375=CARTESIAN_POINT('',(-0.0554530844839557,0.000553905614637624,-0.0237999946391486));
#3376=CARTESIAN_POINT('',(-0.0555494970770753,0.00296663311018899,-0.0237999946391486));
#3377=CARTESIAN_POINT('',(-0.0554633529636445,0.000810874569427204,-0.0237999946391486));
#3378=CARTESIAN_POINT('',(-0.0554633529636445,0.000810874569427204,-0.0229999946391486));
#3379=CARTESIAN_POINT('',(-0.0555292058145877,0.000562274715397925,-0.0229999946391486));
#3380=CARTESIAN_POINT('',(-0.0555292058145877,0.000562274715397925,-0.0237999946391486));
#3381=CARTESIAN_POINT('',(-0.0555292058145877,0.000562274715397925,-0.0237999946391486));
#3382=CARTESIAN_POINT('',(-0.0554633529636445,0.000810874569427204,-0.0237999946391486));
#3383=CARTESIAN_POINT('',(-0.0552958782233758,0.00144310529881887,-0.0237999946391486));
#3384=CARTESIAN_POINT('',(-0.0552958782233758,0.00144310529881887,-0.0229999946391486));
#3385=CARTESIAN_POINT('',(-0.0556615119928644,0.00060846991248577,-0.0229999946391486));
#3386=CARTESIAN_POINT('',(-0.0556615119928644,0.00060846991248577,-0.0237999946391486));
#3387=CARTESIAN_POINT('',(-0.0556615119928644,0.00060846991248577,-0.0237999946391486));
#3388=CARTESIAN_POINT('',(-0.0552958782233758,0.00144310529881887,-0.0237999946391486));
#3389=CARTESIAN_POINT('',(-0.055250931041678,0.00154570662148493,-0.0237999946391486));
#3390=CARTESIAN_POINT('',(-0.055250931041678,0.00154570662148493,-0.0229999946391486));
#3391=CARTESIAN_POINT('',(-0.0557958186916625,0.000679631096448518,-0.0229999946391486));
#3392=CARTESIAN_POINT('',(-0.0557958186916625,0.000679631096448518,-0.0237999946391486));
#3393=CARTESIAN_POINT('',(-0.0557958186916625,0.000679631096448518,-0.0237999946391486));
#3394=CARTESIAN_POINT('',(-0.055250931041678,0.00154570662148493,-0.0237999946391486));
#3395=CARTESIAN_POINT('',(-0.0554116970284747,0.00129017598791882,-0.0237999946391486));
#3396=CARTESIAN_POINT('',(-0.0554116970284747,0.00129017598791882,-0.0229999946391486));
#3397=CARTESIAN_POINT('',(-0.0559009798200663,0.000760160076381322,-0.0229999946391486));
#3398=CARTESIAN_POINT('',(-0.0559009798200663,0.000760160076381322,-0.0237999946391486));
#3399=CARTESIAN_POINT('',(-0.0559009798200663,0.000760160076381322,-0.0237999946391486));
#3400=CARTESIAN_POINT('',(-0.0554116970284747,0.00129017598791882,-0.0237999946391486));
#3401=CARTESIAN_POINT('',(-0.0567980046765956,-0.000211542699959207,-0.0237999946391486));
#3402=CARTESIAN_POINT('',(-0.0567980046765956,-0.000211542699959207,-0.0229999946391486));
#3403=CARTESIAN_POINT('',(-0.0560703792265086,0.000892731307325238,-0.0229999946391486));
#3404=CARTESIAN_POINT('',(-0.0560703792265086,0.000892731307325238,-0.0237999946391486));
#3405=CARTESIAN_POINT('',(-0.0560703792265086,0.000892731307325238,-0.0237999946391486));
#3406=CARTESIAN_POINT('',(-0.0567980046765956,-0.000211542699959207,-0.0237999946391486));
#3407=CARTESIAN_POINT('',(-0.0575348700728692,-0.00132983962576737,-0.0237999946391486));
#3408=CARTESIAN_POINT('',(-0.0575348700728692,-0.00132983962576737,-0.0229999946391486));
#3409=CARTESIAN_POINT('',(-0.0562773216731367,0.00101603484103389,-0.0229999946391486));
#3410=CARTESIAN_POINT('',(-0.0562773216731367,0.00101603484103389,-0.0237999946391486));
#3411=CARTESIAN_POINT('',(-0.0562773216731367,0.00101603484103389,-0.0237999946391486));
#3412=CARTESIAN_POINT('',(-0.0575348700728692,-0.00132983962576737,-0.0237999946391486));
#3413=CARTESIAN_POINT('',(-0.0575717309847653,-0.0013986012512114,-0.0237999946391486));
#3414=CARTESIAN_POINT('',(-0.0575717309847653,-0.0013986012512114,-0.0229999946391486));
#3415=CARTESIAN_POINT('',(-0.0564989376228318,0.00112232661895811,-0.0229999946391486));
#3416=CARTESIAN_POINT('',(-0.0564989376228318,0.00112232661895811,-0.0237999946391486));
#3417=CARTESIAN_POINT('',(-0.0564989376228318,0.00112232661895811,-0.0237999946391486));
#3418=CARTESIAN_POINT('',(-0.0575717309847653,-0.0013986012512114,-0.0237999946391486));
#3419=CARTESIAN_POINT('',(-0.0571588571688963,-0.000428400328816145,-0.0237999946391486));
#3420=CARTESIAN_POINT('',(-0.0571588571688963,-0.000428400328816145,-0.0229999946391486));
#3421=CARTESIAN_POINT('',(-0.0567122442864901,0.00119664884185494,-0.0229999946391486));
#3422=CARTESIAN_POINT('',(-0.0567122442864901,0.00119664884185494,-0.0237999946391486));
#3423=CARTESIAN_POINT('',(-0.0567122442864901,0.00119664884185494,-0.0237999946391486));
#3424=CARTESIAN_POINT('',(-0.0571588571688963,-0.000428400328816145,-0.0237999946391486));
#3425=CARTESIAN_POINT('',(-0.0569918990900589,0.00127350647801438,-0.0237999946391486));
#3426=CARTESIAN_POINT('',(-0.0569918990900589,0.00127350647801438,-0.0229999946391486));
#3427=CARTESIAN_POINT('',(-0.0572715538936278,0.00135036411417382,-0.0229999946391486));
#3428=CARTESIAN_POINT('',(-0.0572715538936278,0.00135036411417382,-0.0237999946391486));
#3429=CARTESIAN_POINT('',(-0.0572715538936278,0.00135036411417382,-0.0237999946391486));
#3430=CARTESIAN_POINT('',(-0.0569918990900589,0.00127350647801438,-0.0237999946391486));
#3431=CARTESIAN_POINT('',(-0.0577083126267422,0.000825302151757055,-0.0237999946391486));
#3432=CARTESIAN_POINT('',(-0.0577083126267422,0.000825302151757055,-0.0229999946391486));
#3433=CARTESIAN_POINT('',(-0.0581450713597942,0.000300240189288076,-0.0229999946391486));
#3434=CARTESIAN_POINT('',(-0.0581450713597942,0.000300240189288076,-0.0237999946391486));
#3435=CARTESIAN_POINT('',(-0.0581450713597942,0.000300240189288076,-0.0237999946391486));
#3436=CARTESIAN_POINT('',(-0.0577083126267422,0.000825302151757055,-0.0237999946391486));
#3437=CARTESIAN_POINT('',(-0.376674676166717,0.265260562233142,-0.0237999946391487));
#3438=CARTESIAN_POINT('',(-0.376674676166717,0.265260562233142,-0.0229999946391487));
#3439=CARTESIAN_POINT('',(-0.0584588856430807,-7.65668262045101E-5,-0.0229999946391486));
#3440=CARTESIAN_POINT('',(-0.0584588856430807,-7.65668262045102E-5,-0.0237999946391486));
#3441=CARTESIAN_POINT('',(-0.0584588856430807,-7.65668262045102E-5,-0.0237999946391486));
#3442=CARTESIAN_POINT('',(-0.376674676166717,0.265260562233142,-0.0237999946391487));
#3443=CARTESIAN_POINT('',(-0.287128646062958,0.190594605187777,-0.0237999946391486));
#3444=CARTESIAN_POINT('',(-0.287128646062958,0.190594605187777,-0.0229999946391486));
#3445=CARTESIAN_POINT('',(-0.0587474195600659,-0.000422070913005906,-0.0229999946391486));
#3446=CARTESIAN_POINT('',(-0.0587474195600659,-0.000422070913005906,-0.0237999946391486));
#3447=CARTESIAN_POINT('',(-0.0587474195600659,-0.000422070913005906,-0.0237999946391486));
#3448=CARTESIAN_POINT('',(-0.287128646062958,0.190594605187777,-0.0237999946391486));
#3449=CARTESIAN_POINT('',(-0.308145773200421,0.208173203168263,-0.0237999946391486));
#3450=CARTESIAN_POINT('',(-0.308145773200421,0.208173203168263,-0.0229999946391486));
#3451=CARTESIAN_POINT('',(-0.0594480212125058,-0.00125686946629622,-0.0229999946391486));
#3452=CARTESIAN_POINT('',(-0.0594480212125058,-0.00125686946629622,-0.0237999946391486));
#3453=CARTESIAN_POINT('',(-0.0594480212125058,-0.00125686946629622,-0.0237999946391486));
#3454=CARTESIAN_POINT('',(-0.308145773200421,0.208173203168263,-0.0237999946391486));
#3455=CARTESIAN_POINT('',(-0.0573519537841879,0.00183955707319678,-0.0237999946391486));
#3456=CARTESIAN_POINT('',(-0.0573519537841879,0.00183955707319678,-0.0229999946391486));
#3457=CARTESIAN_POINT('',(-0.0582926417049941,-0.00177934638146647,-0.0229999946391486));
#3458=CARTESIAN_POINT('',(-0.0582926417049941,-0.00177934638146647,-0.0237999946391486));
#3459=CARTESIAN_POINT('',(-0.0582926417049941,-0.00177934638146647,-0.0237999946391486));
#3460=CARTESIAN_POINT('',(-0.0573519537841879,0.00183955707319678,-0.0237999946391486));
#3461=CARTESIAN_POINT('',(-0.0573076808254459,0.00200987877053755,-0.0237999946391486));
#3462=CARTESIAN_POINT('',(-0.0573076808254459,0.00200987877053755,-0.0229999946391486));
#3463=CARTESIAN_POINT('',(-0.0576009263004999,-0.00189427059624911,-0.0229999946391486));
#3464=CARTESIAN_POINT('',(-0.0576009263004999,-0.00189427059624912,-0.0237999946391486));
#3465=CARTESIAN_POINT('',(-0.0576009263004999,-0.00189427059624912,-0.0237999946391486));
#3466=CARTESIAN_POINT('',(-0.0573076808254459,0.00200987877053755,-0.0237999946391486));
#3467=CARTESIAN_POINT('',(-0.0573109329807369,-0.00216000937933381,-0.0237999946391486));
#3468=CARTESIAN_POINT('',(-0.0573109329807369,-0.00216000937933381,-0.0229999946391486));
#3469=CARTESIAN_POINT('',(-0.0574074532171032,-0.00177869970162621,-0.0229999946391486));
#3470=CARTESIAN_POINT('',(-0.0574074532171032,-0.00177869970162621,-0.0237999946391486));
#3471=CARTESIAN_POINT('',(-0.0574074532171032,-0.00177869970162621,-0.0237999946391486));
#3472=CARTESIAN_POINT('',(-0.0573109329807369,-0.00216000937933381,-0.0237999946391486));
#3473=CARTESIAN_POINT('',(-0.0557573628968055,-0.00829749236012418,-0.0237999946391486));
#3474=CARTESIAN_POINT('',(-0.0557573628968055,-0.00829749236012418,-0.0229999946391486));
#3475=CARTESIAN_POINT('',(-0.0571669203033692,-0.00172249397941229,-0.0229999946391486));
#3476=CARTESIAN_POINT('',(-0.0571669203033692,-0.00172249397941229,-0.0237999946391486));
#3477=CARTESIAN_POINT('',(-0.0571669203033692,-0.00172249397941229,-0.0237999946391486));
#3478=CARTESIAN_POINT('',(-0.0557573628968055,-0.00829749236012418,-0.0237999946391486));
#3479=CARTESIAN_POINT('',(-0.0556316530869953,-0.00888387627899995,-0.0237999946391486));
#3480=CARTESIAN_POINT('',(-0.0556316530869953,-0.00888387627899995,-0.0229999946391486));
#3481=CARTESIAN_POINT('',(-0.056879347922506,-0.00166683398567271,-0.0229999946391486));
#3482=CARTESIAN_POINT('',(-0.056879347922506,-0.00166683398567271,-0.0237999946391486));
#3483=CARTESIAN_POINT('',(-0.056879347922506,-0.00166683398567271,-0.0237999946391486));
#3484=CARTESIAN_POINT('',(-0.0556316530869953,-0.00888387627899995,-0.0237999946391486));
#3485=CARTESIAN_POINT('',(-0.0553676254180706,-0.0104110917478846,-0.0237999946391486));
#3486=CARTESIAN_POINT('',(-0.0553676254180706,-0.0104110917478846,-0.0229999946391486));
#3487=CARTESIAN_POINT('',(-0.0565746195338332,-0.00161958937645049,-0.0229999946391486));
#3488=CARTESIAN_POINT('',(-0.0565746195338332,-0.00161958937645049,-0.0237999946391486));
#3489=CARTESIAN_POINT('',(-0.0565746195338332,-0.00161958937645049,-0.0237999946391486));
#3490=CARTESIAN_POINT('',(-0.0553676254180706,-0.0104110917478846,-0.0237999946391486));
#3491=CARTESIAN_POINT('',(-0.0575024352763571,0.00513843387662836,-0.0237999946391486));
#3492=CARTESIAN_POINT('',(-0.0575024352763571,0.00513843387662836,-0.0229999946391486));
#3493=CARTESIAN_POINT('',(-0.0562319950611293,-0.00156363311797716,-0.0229999946391486));
#3494=CARTESIAN_POINT('',(-0.0562319950611293,-0.00156363311797716,-0.0237999946391486));
#3495=CARTESIAN_POINT('',(-0.0562319950611293,-0.00156363311797716,-0.0237999946391486));
#3496=CARTESIAN_POINT('',(-0.0575024352763571,0.00513843387662836,-0.0237999946391486));
#3497=CARTESIAN_POINT('',(-0.0579958964885677,0.0077416339830431,-0.0237999946391486));
#3498=CARTESIAN_POINT('',(-0.0579958964885677,0.0077416339830431,-0.0229999946391486));
#3499=CARTESIAN_POINT('',(-0.0558653086610886,-0.00148658033916861,-0.0229999946391486));
#3500=CARTESIAN_POINT('',(-0.0558653086610886,-0.00148658033916861,-0.0237999946391486));
#3501=CARTESIAN_POINT('',(-0.0558653086610886,-0.00148658033916861,-0.0237999946391486));
#3502=CARTESIAN_POINT('',(-0.0579958964885677,0.0077416339830431,-0.0237999946391486));
#3503=CARTESIAN_POINT('',(-0.057831918655635,0.00703139685182629,-0.0237999946391486));
#3504=CARTESIAN_POINT('',(-0.057831918655635,0.00703139685182629,-0.0229999946391486));
#3505=CARTESIAN_POINT('',(-0.0555256112117904,-0.00140094779669651,-0.0229999946391486));
#3506=CARTESIAN_POINT('',(-0.0555256112117904,-0.00140094779669651,-0.0237999946391486));
#3507=CARTESIAN_POINT('',(-0.0555256112117904,-0.00140094779669651,-0.0237999946391486));
#3508=CARTESIAN_POINT('',(-0.057831918655635,0.00703139685182629,-0.0237999946391486));
#3509=CARTESIAN_POINT('',(-0.0562871196905628,0.00138328722059031,-0.0237999946391486));
#3510=CARTESIAN_POINT('',(-0.0562871196905628,0.00138328722059031,-0.0229999946391486));
#3511=CARTESIAN_POINT('',(-0.0552651786397532,-0.00131624908837059,-0.0229999946391486));
#3512=CARTESIAN_POINT('',(-0.0552651786397532,-0.00131624908837059,-0.0237999946391486));
#3513=CARTESIAN_POINT('',(-0.0552651786397532,-0.00131624908837059,-0.0237999946391486));
#3514=CARTESIAN_POINT('',(-0.0562871196905628,0.00138328722059031,-0.0237999946391486));
#3515=CARTESIAN_POINT('',(-0.0535679202782955,-0.00579968829341336,-0.0237999946391486));
#3516=CARTESIAN_POINT('',(-0.0535679202782955,-0.00579968829341336,-0.0229999946391486));
#3517=CARTESIAN_POINT('',(-0.0546742364218158,-0.00113514355228096,-0.0229999946391486));
#3518=CARTESIAN_POINT('',(-0.0546742364218158,-0.00113514355228096,-0.0237999946391486));
#3519=CARTESIAN_POINT('',(-0.0546742364218158,-0.00113514355228096,-0.0237999946391486));
#3520=CARTESIAN_POINT('',(-0.0535679202782955,-0.00579968829341336,-0.0237999946391486));
#3521=CARTESIAN_POINT('',(-0.053607112512465,-0.00563444264382312,-0.0237999946391486));
#3522=CARTESIAN_POINT('',(-0.053607112512465,-0.00563444264382312,-0.0229999946391486));
#3523=CARTESIAN_POINT('',(-0.0540706758733469,-0.00103362154713513,-0.0229999946391486));
#3524=CARTESIAN_POINT('',(-0.0540706758733469,-0.00103362154713513,-0.0237999946391486));
#3525=CARTESIAN_POINT('',(-0.0540706758733469,-0.00103362154713513,-0.0237999946391486));
#3526=CARTESIAN_POINT('',(-0.053607112512465,-0.00563444264382312,-0.0237999946391486));
#3527=CARTESIAN_POINT('',(-0.053672268457114,-0.00498777625469056,-0.0237999946391486));
#3528=CARTESIAN_POINT('',(-0.053672268457114,-0.00498777625469056,-0.0229999946391486));
#3529=CARTESIAN_POINT('',(-0.053510040031544,-0.00101691364581856,-0.0229999946391486));
#3530=CARTESIAN_POINT('',(-0.053510040031544,-0.00101691364581856,-0.0237999946391486));
#3531=CARTESIAN_POINT('',(-0.053510040031544,-0.00101691364581856,-0.0237999946391486));
#3532=CARTESIAN_POINT('',(-0.053672268457114,-0.00498777625469056,-0.0237999946391486));
#3533=CARTESIAN_POINT('',(-0.0535892190026757,-0.00295497607089123,-0.0237999946391486));
#3534=CARTESIAN_POINT('',(-0.0535892190026757,-0.00295497607089123,-0.0229999946391486));
#3535=CARTESIAN_POINT('',(-0.0530649428820652,-0.00108749385615761,-0.0229999946391486));
#3536=CARTESIAN_POINT('',(-0.0530649428820652,-0.00108749385615761,-0.0237999946391486));
#3537=CARTESIAN_POINT('',(-0.0530649428820652,-0.00108749385615761,-0.0237999946391486));
#3538=CARTESIAN_POINT('',(-0.0535892190026757,-0.00295497607089123,-0.0237999946391486));
#3539=CARTESIAN_POINT('',(-0.0535747775070632,-0.002903535169522,-0.0237999946391486));
#3540=CARTESIAN_POINT('',(-0.0535747775070632,-0.002903535169522,-0.0229999946391486));
#3541=CARTESIAN_POINT('',(-0.0525066301435424,-0.00134886523461784,-0.0229999946391486));
#3542=CARTESIAN_POINT('',(-0.0525066301435424,-0.00134886523461784,-0.0237999946391486));
#3543=CARTESIAN_POINT('',(-0.0525066301435424,-0.00134886523461784,-0.0237999946391486));
#3544=CARTESIAN_POINT('',(-0.0535747775070632,-0.002903535169522,-0.0237999946391486));
#3545=CARTESIAN_POINT('',(-0.0565965802850475,-0.00730171662704786,-0.0237999946391486));
#3546=CARTESIAN_POINT('',(-0.0565965802850475,-0.00730171662704786,-0.0229999946391486));
#3547=CARTESIAN_POINT('',(-0.0517821484079767,-0.00191790965051726,-0.0229999946391486));
#3548=CARTESIAN_POINT('',(-0.0517821484079767,-0.00191790965051726,-0.0237999946391486));
#3549=CARTESIAN_POINT('',(-0.0517821484079767,-0.00191790965051726,-0.0237999946391486));
#3550=CARTESIAN_POINT('',(-0.0565965802850475,-0.00730171662704786,-0.0237999946391486));
#3551=CARTESIAN_POINT('',(-0.0574930828129165,-0.00830424333990995,-0.0237999946391486));
#3552=CARTESIAN_POINT('',(-0.0574930828129165,-0.00830424333990995,-0.0229999946391486));
#3553=CARTESIAN_POINT('',(-0.0511578029304128,-0.00253672579939556,-0.0229999946391486));
#3554=CARTESIAN_POINT('',(-0.0511578029304128,-0.00253672579939556,-0.0237999946391486));
#3555=CARTESIAN_POINT('',(-0.0511578029304128,-0.00253672579939556,-0.0237999946391486));
#3556=CARTESIAN_POINT('',(-0.0574930828129165,-0.00830424333990995,-0.0237999946391486));
#3557=CARTESIAN_POINT('',(-0.0512487620647515,-0.00261953325423545,-0.0237999946391486));
#3558=CARTESIAN_POINT('',(-0.0512487620647515,-0.00261953325423545,-0.0229999946391486));
#3559=CARTESIAN_POINT('',(-0.0511344868191266,-0.00266505036018554,-0.0229999946391486));
#3560=CARTESIAN_POINT('',(-0.0511344868191266,-0.00266505036018554,-0.0237999946391486));
#3561=CARTESIAN_POINT('',(-0.0511344868191266,-0.00266505036018554,-0.0237999946391486));
#3562=CARTESIAN_POINT('',(-0.0512487620647515,-0.00261953325423545,-0.0237999946391486));
#3563=CARTESIAN_POINT('',(-0.0513383312296336,-0.0025838568560312,-0.0237999946391486));
#3564=CARTESIAN_POINT('',(-0.0513383312296336,-0.0025838568560312,-0.0229999946391486));
#3565=CARTESIAN_POINT('',(-0.0512090361748981,-0.00276113550006733,-0.0229999946391486));
#3566=CARTESIAN_POINT('',(-0.0512090361748981,-0.00276113550006733,-0.0237999946391486));
#3567=CARTESIAN_POINT('',(-0.0512090361748981,-0.00276113550006733,-0.0237999946391486));
#3568=CARTESIAN_POINT('',(-0.0513383312296336,-0.0025838568560312,-0.0237999946391486));
#3569=CARTESIAN_POINT('',(-0.051420273881638,-0.00247150389507865,-0.0237999946391486));
#3570=CARTESIAN_POINT('',(-0.051420273881638,-0.00247150389507865,-0.0229999946391486));
#3571=CARTESIAN_POINT('',(-0.0513571751255485,-0.00282438685348916,-0.0229999946391486));
#3572=CARTESIAN_POINT('',(-0.0513571751255485,-0.00282438685348916,-0.0237999946391486));
#3573=CARTESIAN_POINT('',(-0.0513571751255485,-0.00282438685348916,-0.0237999946391486));
#3574=CARTESIAN_POINT('',(-0.051420273881638,-0.00247150389507865,-0.0237999946391486));
#3575=CARTESIAN_POINT('',(-0.051510834149485,-0.0019650410547172,-0.0237999946391486));
#3576=CARTESIAN_POINT('',(-0.051510834149485,-0.0019650410547172,-0.0229999946391486));
#3577=CARTESIAN_POINT('',(-0.0516248909796173,-0.00283053359483772,-0.0229999946391486));
#3578=CARTESIAN_POINT('',(-0.0516248909796173,-0.00283053359483772,-0.0237999946391486));
#3579=CARTESIAN_POINT('',(-0.0516248909796173,-0.00283053359483772,-0.0237999946391486));
#3580=CARTESIAN_POINT('',(-0.051510834149485,-0.0019650410547172,-0.0237999946391486));
#3581=CARTESIAN_POINT('',(-0.0512047143518932,0.000357874643462726,-0.0237999946391486));
#3582=CARTESIAN_POINT('',(-0.0512047143518932,0.000357874643462726,-0.0229999946391486));
#3583=CARTESIAN_POINT('',(-0.0520344933056243,-0.00274920797219016,-0.0229999946391486));
#3584=CARTESIAN_POINT('',(-0.0520344933056243,-0.00274920797219016,-0.0237999946391486));
#3585=CARTESIAN_POINT('',(-0.0520344933056243,-0.00274920797219016,-0.0237999946391486));
#3586=CARTESIAN_POINT('',(-0.0512047143518932,0.000357874643462726,-0.0237999946391486));
#3587=CARTESIAN_POINT('',(-0.052964413741409,-0.00623126738931002,-0.0237999946391486));
#3588=CARTESIAN_POINT('',(-0.052964413741409,-0.00623126738931002,-0.0229999946391486));
#3589=CARTESIAN_POINT('',(-0.0528059620011784,-0.00263065871198088,-0.0229999946391486));
#3590=CARTESIAN_POINT('',(-0.0528059620011784,-0.00263065871198088,-0.0237999946391486));
#3591=CARTESIAN_POINT('',(-0.0528059620011784,-0.00263065871198088,-0.0237999946391486));
#3592=CARTESIAN_POINT('',(-0.052964413741409,-0.00623126738931002,-0.0237999946391486));
#3593=CARTESIAN_POINT('',(-0.0531398769445612,-0.0102184393250825,-0.0237999946391486));
#3594=CARTESIAN_POINT('',(-0.0531398769445612,-0.0102184393250825,-0.0229999946391486));
#3595=CARTESIAN_POINT('',(-0.0537278890568626,-0.00264611104524374,-0.0229999946391486));
#3596=CARTESIAN_POINT('',(-0.0537278890568626,-0.00264611104524374,-0.0237999946391486));
#3597=CARTESIAN_POINT('',(-0.0537278890568626,-0.00264611104524374,-0.0237999946391486));
#3598=CARTESIAN_POINT('',(-0.0531398769445612,-0.0102184393250825,-0.0237999946391486));
#3599=CARTESIAN_POINT('',(-0.0528663230131208,-0.0137412241925574,-0.0237999946391486));
#3600=CARTESIAN_POINT('',(-0.0528663230131208,-0.0137412241925574,-0.0229999946391486));
#3601=CARTESIAN_POINT('',(-0.0548276020515547,-0.00278690009964397,-0.0229999946391486));
#3602=CARTESIAN_POINT('',(-0.0548276020515547,-0.00278690009964397,-0.0237999946391486));
#3603=CARTESIAN_POINT('',(-0.0548276020515547,-0.00278690009964397,-0.0237999946391486));
#3604=CARTESIAN_POINT('',(-0.0528663230131208,-0.0137412241925574,-0.0237999946391486));
#3605=CARTESIAN_POINT('',(-0.0506576865004505,-0.0260771130126171,-0.0237999946391486));
#3606=CARTESIAN_POINT('',(-0.0506576865004505,-0.0260771130126171,-0.0229999946391486));
#3607=CARTESIAN_POINT('',(-0.0561314020336175,-0.00305841080121661,-0.0229999946391486));
#3608=CARTESIAN_POINT('',(-0.0561314020336175,-0.00305841080121661,-0.0237999946391486));
#3609=CARTESIAN_POINT('',(-0.0561314020336175,-0.00305841080121661,-0.0237999946391486));
#3610=CARTESIAN_POINT('',(-0.0506576865004505,-0.0260771130126171,-0.0237999946391486));
#3611=CARTESIAN_POINT('',(-0.0527567243365729,-0.0172499961141594,-0.0237999946391486));
#3612=CARTESIAN_POINT('',(-0.0527567243365729,-0.0172499961141594,-0.0229999946391486));
#3613=CARTESIAN_POINT('',(-0.0566409289118495,-0.00318932407933538,-0.0229999946391486));
#3614=CARTESIAN_POINT('',(-0.0566409289118495,-0.00318932407933538,-0.0237999946391486));
#3615=CARTESIAN_POINT('',(-0.0566409289118495,-0.00318932407933538,-0.0237999946391486));
#3616=CARTESIAN_POINT('',(-0.0527567243365729,-0.0172499961141594,-0.0237999946391486));
#3617=CARTESIAN_POINT('',(-0.0559358021319574,-0.00574185605927848,-0.0237999946391486));
#3618=CARTESIAN_POINT('',(-0.0559358021319574,-0.00574185605927848,-0.0229999946391486));
#3619=CARTESIAN_POINT('',(-0.0574283540529147,-0.00355441187768204,-0.0229999946391486));
#3620=CARTESIAN_POINT('',(-0.0574283540529147,-0.00355441187768204,-0.0237999946391486));
#3621=CARTESIAN_POINT('',(-0.0574283540529147,-0.00355441187768204,-0.0237999946391486));
#3622=CARTESIAN_POINT('',(-0.0559358021319574,-0.00574185605927848,-0.0237999946391486));
#3623=CARTESIAN_POINT('',(-0.058031309533464,-0.00420131695300347,-0.0237999946391486));
#3624=CARTESIAN_POINT('',(-0.058031309533464,-0.00420131695300347,-0.0229999946391486));
#3625=CARTESIAN_POINT('',(-0.057154852197133,-0.00408357135608978,-0.0229999946391486));
#3626=CARTESIAN_POINT('',(-0.057154852197133,-0.00408357135608978,-0.0237999946391486));
#3627=CARTESIAN_POINT('',(-0.057154852197133,-0.00408357135608978,-0.0237999946391486));
#3628=CARTESIAN_POINT('',(-0.058031309533464,-0.00420131695300347,-0.0237999946391486));
#3629=CARTESIAN_POINT('',(-0.0603430294026225,-0.00451187951504532,-0.0237999946391486));
#3630=CARTESIAN_POINT('',(-0.0603430294026225,-0.00451187951504532,-0.0229999946391486));
#3631=CARTESIAN_POINT('',(-0.0571271180369962,-0.004588272320477,-0.0229999946391486));
#3632=CARTESIAN_POINT('',(-0.0571271180369962,-0.004588272320477,-0.0237999946391486));
#3633=CARTESIAN_POINT('',(-0.0571271180369962,-0.004588272320477,-0.0237999946391486));
#3634=CARTESIAN_POINT('',(-0.0603430294026225,-0.00451187951504532,-0.0237999946391486));
#3635=CARTESIAN_POINT('',(-0.0604402405924135,-0.00450957029857046,-0.0237999946391486));
#3636=CARTESIAN_POINT('',(-0.0604402405924135,-0.00450957029857046,-0.0229999946391486));
#3637=CARTESIAN_POINT('',(-0.0571801885524803,-0.00510541908174028,-0.0229999946391486));
#3638=CARTESIAN_POINT('',(-0.0571801885524803,-0.00510541908174028,-0.0237999946391486));
#3639=CARTESIAN_POINT('',(-0.0571801885524803,-0.00510541908174028,-0.0237999946391486));
#3640=CARTESIAN_POINT('',(-0.0604402405924135,-0.00450957029857046,-0.0237999946391486));
#3641=CARTESIAN_POINT('',(-0.0585015334795196,-0.00486391319248469,-0.0237999946391486));
#3642=CARTESIAN_POINT('',(-0.0585015334795196,-0.00486391319248469,-0.0229999946391486));
#3643=CARTESIAN_POINT('',(-0.0573046698204017,-0.00547366305287068,-0.0229999946391486));
#3644=CARTESIAN_POINT('',(-0.0573046698204017,-0.00547366305287068,-0.0237999946391486));
#3645=CARTESIAN_POINT('',(-0.0573046698204017,-0.00547366305287068,-0.0237999946391486));
#3646=CARTESIAN_POINT('',(-0.0585015334795196,-0.00486391319248469,-0.0237999946391486));
#3647=CARTESIAN_POINT('',(-0.0599266419182684,-0.00413788256657176,-0.0237999946391486));
#3648=CARTESIAN_POINT('',(-0.0599266419182684,-0.00413788256657176,-0.0229999946391486));
#3649=CARTESIAN_POINT('',(-0.0579644093683558,-0.00633075525089134,-0.0229999946391486));
#3650=CARTESIAN_POINT('',(-0.0579644093683558,-0.00633075525089134,-0.0237999946391486));
#3651=CARTESIAN_POINT('',(-0.0579644093683558,-0.00633075525089134,-0.0237999946391486));
#3652=CARTESIAN_POINT('',(-0.0599266419182684,-0.00413788256657176,-0.0237999946391486));
#3653=CARTESIAN_POINT('',(-0.0592482449667779,-0.00489601806081554,-0.0237999946391486));
#3654=CARTESIAN_POINT('',(-0.0592482449667779,-0.00489601806081554,-0.0229999946391486));
#3655=CARTESIAN_POINT('',(-0.0588010298292004,-0.00676863742124651,-0.0229999946391486));
#3656=CARTESIAN_POINT('',(-0.0588010298292004,-0.00676863742124651,-0.0237999946391486));
#3657=CARTESIAN_POINT('',(-0.0588010298292004,-0.00676863742124651,-0.0237999946391486));
#3658=CARTESIAN_POINT('',(-0.0592482449667779,-0.00489601806081554,-0.0237999946391486));
#3659=CARTESIAN_POINT('',(-0.0592958682229372,-0.00469660568856473,-0.0237999946391486));
#3660=CARTESIAN_POINT('',(-0.0592958682229372,-0.00469660568856473,-0.0229999946391486));
#3661=CARTESIAN_POINT('',(-0.0597906176414396,-0.00676865866811083,-0.0229999946391486));
#3662=CARTESIAN_POINT('',(-0.0597906176414396,-0.00676865866811083,-0.0237999946391486));
#3663=CARTESIAN_POINT('',(-0.0597906176414396,-0.00676865866811083,-0.0237999946391486));
#3664=CARTESIAN_POINT('',(-0.0592958682229372,-0.00469660568856473,-0.0237999946391486));
#3665=CARTESIAN_POINT('',(-0.0588901620770689,-0.00299747356848801,-0.0237999946391486));
#3666=CARTESIAN_POINT('',(-0.0588901620770689,-0.00299747356848801,-0.0229999946391486));
#3667=CARTESIAN_POINT('',(-0.0608928719279358,-0.00631738479203879,-0.0229999946391486));
#3668=CARTESIAN_POINT('',(-0.0608928719279358,-0.00631738479203879,-0.0237999946391486));
#3669=CARTESIAN_POINT('',(-0.0608928719279358,-0.00631738479203879,-0.0237999946391486));
#3670=CARTESIAN_POINT('',(-0.0588901620770689,-0.00299747356848801,-0.0237999946391486));
#3671=CARTESIAN_POINT('',(-0.0578387580169104,-0.00125455102866216,-0.0237999946391486));
#3672=CARTESIAN_POINT('',(-0.0578387580169104,-0.00125455102866216,-0.0229999946391486));
#3673=CARTESIAN_POINT('',(-0.0616437443377526,-0.00578025280797869,-0.0229999946391486));
#3674=CARTESIAN_POINT('',(-0.0616437443377526,-0.00578025280797869,-0.0237999946391486));
#3675=CARTESIAN_POINT('',(-0.0616437443377526,-0.00578025280797869,-0.0237999946391486));
#3676=CARTESIAN_POINT('',(-0.0578387580169104,-0.00125455102866216,-0.0237999946391486));
#3677=CARTESIAN_POINT('',(-0.027741248979659,0.0345438300211647,-0.0237999946391486));
#3678=CARTESIAN_POINT('',(-0.027741248979659,0.0345438300211647,-0.0229999946391486));
#3679=CARTESIAN_POINT('',(-0.0629144584916678,-0.00467677910390406,-0.0229999946391486));
#3680=CARTESIAN_POINT('',(-0.0629144584916678,-0.00467677910390406,-0.0237999946391486));
#3681=CARTESIAN_POINT('',(-0.0629144584916678,-0.00467677910390406,-0.0237999946391486));
#3682=CARTESIAN_POINT('',(-0.027741248979659,0.0345438300211647,-0.0237999946391486));
#3683=CARTESIAN_POINT('',(-0.0537252465668481,-0.00884991987410095,-0.0237999946391486));
#3684=CARTESIAN_POINT('',(-0.0537252465668481,-0.00884991987410095,-0.0229999946391486));
#3685=CARTESIAN_POINT('',(-0.061512150553463,-0.00354776259836142,-0.0229999946391486));
#3686=CARTESIAN_POINT('',(-0.0612696583398147,-0.00320805879167803,-0.0229999946391486));
#3687=CARTESIAN_POINT('',(-0.061512150553463,-0.00354776259836142,-0.0237999946391486));
#3688=CARTESIAN_POINT('',(-0.061512150553463,-0.00354776259836142,-0.0237999946391486));
#3689=CARTESIAN_POINT('',(-0.0537252465668481,-0.00884991987410095,-0.0237999946391486));
#3690=CARTESIAN_POINT('',(-0.0612696583398147,-0.00320805879167803,-0.0237999946391486));
#3691=CARTESIAN_POINT('',(-0.0612696583398147,-0.00320805879167803,-0.0237999946391486));
#3692=CARTESIAN_POINT('',(-0.0618183465717266,-0.00399745106879065,-0.0237999946391486));
#3693=CARTESIAN_POINT('',(-0.0618183465717266,-0.00399745106879065,-0.0229999946391486));
#3694=CARTESIAN_POINT('',(-0.0621245425899902,-0.00444713953921987,-0.0229999946391486));
#3695=CARTESIAN_POINT('',(-0.0621245425899902,-0.00444713953921987,-0.0237999946391486));
#3696=CARTESIAN_POINT('',(-0.0621245425899902,-0.00444713953921987,-0.0237999946391486));
#3697=CARTESIAN_POINT('',(-0.0618183465717266,-0.00399745106879065,-0.0237999946391486));
#3698=CARTESIAN_POINT('',(-0.0618724660181316,-0.00467984370637544,-0.0237999946391486));
#3699=CARTESIAN_POINT('',(-0.0618724660181316,-0.00467984370637544,-0.0229999946391486));
#3700=CARTESIAN_POINT('',(-0.0616203894462729,-0.00491254787353101,-0.0229999946391486));
#3701=CARTESIAN_POINT('',(-0.0616203894462729,-0.00491254787353101,-0.0237999946391486));
#3702=CARTESIAN_POINT('',(-0.0616203894462729,-0.00491254787353101,-0.0237999946391486));
#3703=CARTESIAN_POINT('',(-0.0618724660181316,-0.00467984370637544,-0.0237999946391486));
#3704=CARTESIAN_POINT('',(-0.0598652845544076,-0.00301133213768222,-0.0237999946391486));
#3705=CARTESIAN_POINT('',(-0.0598652845544076,-0.00301133213768222,-0.0229999946391486));
#3706=CARTESIAN_POINT('',(-0.0612057429689749,-0.00522451665202007,-0.0229999946391486));
#3707=CARTESIAN_POINT('',(-0.0612057429689749,-0.00522451665202007,-0.0237999946391486));
#3708=CARTESIAN_POINT('',(-0.0612057429689749,-0.00522451665202007,-0.0237999946391486));
#3709=CARTESIAN_POINT('',(-0.0598652845544076,-0.00301133213768222,-0.0237999946391486));
#3710=CARTESIAN_POINT('',(-0.0596910336118618,-0.00272363243475954,-0.0237999946391486));
#3711=CARTESIAN_POINT('',(-0.0596910336118618,-0.00272363243475954,-0.0229999946391486));
#3712=CARTESIAN_POINT('',(-0.06072821474045,-0.00545731522744429,-0.0229999946391486));
#3713=CARTESIAN_POINT('',(-0.06072821474045,-0.00545731522744429,-0.0237999946391486));
#3714=CARTESIAN_POINT('',(-0.06072821474045,-0.00545731522744429,-0.0237999946391486));
#3715=CARTESIAN_POINT('',(-0.0596910336118618,-0.00272363243475954,-0.0237999946391486));
#3716=CARTESIAN_POINT('',(-0.0598502589423513,-0.00314330025759288,-0.0237999946391486));
#3717=CARTESIAN_POINT('',(-0.0598502589423513,-0.00314330025759288,-0.0229999946391486));
#3718=CARTESIAN_POINT('',(-0.0602654449707171,-0.00558319620331899,-0.0229999946391486));
#3719=CARTESIAN_POINT('',(-0.0602654449707171,-0.00558319620331899,-0.0237999946391486));
#3720=CARTESIAN_POINT('',(-0.0602654449707171,-0.00558319620331899,-0.0237999946391486));
#3721=CARTESIAN_POINT('',(-0.0598502589423513,-0.00314330025759288,-0.0237999946391486));
#3722=CARTESIAN_POINT('',(-0.0601256413826312,-0.00476162181385495,-0.0237999946391486));
#3723=CARTESIAN_POINT('',(-0.0601256413826312,-0.00476162181385495,-0.0229999946391486));
#3724=CARTESIAN_POINT('',(-0.0598524573517365,-0.00554895910239718,-0.0229999946391486));
#3725=CARTESIAN_POINT('',(-0.0598524573517365,-0.00554895910239718,-0.0237999946391486));
#3726=CARTESIAN_POINT('',(-0.0598524573517365,-0.00554895910239718,-0.0237999946391486));
#3727=CARTESIAN_POINT('',(-0.0601256413826312,-0.00476162181385495,-0.0237999946391486));
#3728=CARTESIAN_POINT('',(-0.0601791138886701,-0.00460750995827409,-0.0237999946391486));
#3729=CARTESIAN_POINT('',(-0.0601791138886701,-0.00460750995827409,-0.0229999946391486));
#3730=CARTESIAN_POINT('',(-0.0596863414140404,-0.00547365444526132,-0.0229999946391486));
#3731=CARTESIAN_POINT('',(-0.0596863414140404,-0.00547365444526132,-0.0237999946391486));
#3732=CARTESIAN_POINT('',(-0.0596863414140404,-0.00547365444526132,-0.0237999946391486));
#3733=CARTESIAN_POINT('',(-0.0601791138886701,-0.00460750995827409,-0.0237999946391486));
#3734=CARTESIAN_POINT('',(-0.0619025601978521,-0.00157821429715174,-0.0237999946391486));
#3735=CARTESIAN_POINT('',(-0.0619025601978521,-0.00157821429715174,-0.0229999946391486));
#3736=CARTESIAN_POINT('',(-0.0594840581279636,-0.00535139960709301,-0.0229999946391486));
#3737=CARTESIAN_POINT('',(-0.0594840581279636,-0.00535139960709301,-0.0237999946391486));
#3738=CARTESIAN_POINT('',(-0.0594840581279636,-0.00535139960709301,-0.0237999946391486));
#3739=CARTESIAN_POINT('',(-0.0619025601978521,-0.00157821429715174,-0.0237999946391486));
#3740=CARTESIAN_POINT('',(-0.0622210690164598,-0.00108129812311944,-0.0237999946391486));
#3741=CARTESIAN_POINT('',(-0.0622210690164598,-0.00108129812311944,-0.0229999946391486));
#3742=CARTESIAN_POINT('',(-0.0592633658638533,-0.00520161210972727,-0.0229999946391486));
#3743=CARTESIAN_POINT('',(-0.0592633658638533,-0.00520161210972727,-0.0237999946391486));
#3744=CARTESIAN_POINT('',(-0.0592633658638533,-0.00520161210972727,-0.0237999946391486));
#3745=CARTESIAN_POINT('',(-0.0622210690164598,-0.00108129812311944,-0.0237999946391486));
#3746=CARTESIAN_POINT('',(-0.0620855883029884,-0.00127003345247086,-0.0237999946391486));
#3747=CARTESIAN_POINT('',(-0.0620855883029884,-0.00127003345247086,-0.0229999946391486));
#3748=CARTESIAN_POINT('',(-0.0590531748609029,-0.00504186575924316,-0.0229999946391486));
#3749=CARTESIAN_POINT('',(-0.0590531748609029,-0.00504186575924316,-0.0237999946391486));
#3750=CARTESIAN_POINT('',(-0.0590531748609029,-0.00504186575924316,-0.0237999946391486));
#3751=CARTESIAN_POINT('',(-0.0620855883029884,-0.00127003345247086,-0.0237999946391486));
#3752=CARTESIAN_POINT('',(-0.060167248743643,-0.00365613787506625,-0.0237999946391486));
#3753=CARTESIAN_POINT('',(-0.060167248743643,-0.00365613787506625,-0.0229999946391486));
#3754=CARTESIAN_POINT('',(-0.0585405588437587,-0.00437396957874317,-0.0229999946391486));
#3755=CARTESIAN_POINT('',(-0.0585405588437587,-0.00437396957874317,-0.0237999946391486));
#3756=CARTESIAN_POINT('',(-0.0585405588437587,-0.00437396957874317,-0.0237999946391486));
#3757=CARTESIAN_POINT('',(-0.060167248743643,-0.00365613787506625,-0.0237999946391486));
#3758=CARTESIAN_POINT('',(-0.06000090091893,-0.0037295444551558,-0.0237999946391486));
#3759=CARTESIAN_POINT('',(-0.06000090091893,-0.0037295444551558,-0.0229999946391486));
#3760=CARTESIAN_POINT('',(-0.0584140602434883,-0.00355686154577068,-0.0229999946391486));
#3761=CARTESIAN_POINT('',(-0.0584140602434883,-0.00355686154577068,-0.0237999946391486));
#3762=CARTESIAN_POINT('',(-0.0584140602434883,-0.00355686154577068,-0.0237999946391486));
#3763=CARTESIAN_POINT('',(-0.06000090091893,-0.0037295444551558,-0.0237999946391486));
#3764=CARTESIAN_POINT('',(-0.0605901392972659,-0.00379366645496784,-0.0237999946391486));
#3765=CARTESIAN_POINT('',(-0.0605901392972659,-0.00379366645496784,-0.0229999946391486));
#3766=CARTESIAN_POINT('',(-0.0587038889508765,-0.00268305570225977,-0.0229999946391486));
#3767=CARTESIAN_POINT('',(-0.0587038889508765,-0.00268305570225977,-0.0237999946391486));
#3768=CARTESIAN_POINT('',(-0.0587038889508765,-0.00268305570225977,-0.0237999946391486));
#3769=CARTESIAN_POINT('',(-0.0605901392972659,-0.00379366645496784,-0.0237999946391486));
#3770=CARTESIAN_POINT('',(-0.0625979716011493,-0.00497586379722198,-0.0237999946391486));
#3771=CARTESIAN_POINT('',(-0.0625979716011493,-0.00497586379722198,-0.0229999946391486));
#3772=CARTESIAN_POINT('',(-0.0593520616268304,-0.00183183499867441,-0.0229999946391486));
#3773=CARTESIAN_POINT('',(-0.0593520616268304,-0.00183183499867441,-0.0237999946391486));
#3774=CARTESIAN_POINT('',(-0.0593520616268304,-0.00183183499867441,-0.0237999946391486));
#3775=CARTESIAN_POINT('',(-0.0625979716011493,-0.00497586379722198,-0.0237999946391486));
#3776=CARTESIAN_POINT('',(-0.0599858698675066,-0.00244574954874167,-0.0237999946391486));
#3777=CARTESIAN_POINT('',(-0.0599858698675066,-0.00244574954874167,-0.0229999946391486));
#3778=CARTESIAN_POINT('',(-0.0595510576927271,-0.00167793294733419,-0.0229999946391486));
#3779=CARTESIAN_POINT('',(-0.0595510576927271,-0.00167793294733419,-0.0237999946391486));
#3780=CARTESIAN_POINT('',(-0.0595510576927271,-0.00167793294733419,-0.0237999946391486));
#3781=CARTESIAN_POINT('',(-0.0599858698675066,-0.00244574954874167,-0.0237999946391486));
#3782=CARTESIAN_POINT('',(-0.0597179863216788,-0.00197270521911872,-0.0237999946391486));
#3783=CARTESIAN_POINT('',(-0.0597179863216788,-0.00197270521911872,-0.0229999946391486));
#3784=CARTESIAN_POINT('',(-0.0598545196184857,-0.00166268180348731,-0.0229999946391486));
#3785=CARTESIAN_POINT('',(-0.0598545196184857,-0.00166268180348731,-0.0237999946391486));
#3786=CARTESIAN_POINT('',(-0.0598545196184857,-0.00166268180348731,-0.0237999946391486));
#3787=CARTESIAN_POINT('',(-0.0597179863216788,-0.00197270521911872,-0.0237999946391486));
#3788=CARTESIAN_POINT('',(-0.0595716035143362,-0.00230509372055706,-0.0237999946391486));
#3789=CARTESIAN_POINT('',(-0.0595716035143362,-0.00230509372055706,-0.0229999946391486));
#3790=CARTESIAN_POINT('',(-0.060069555748689,-0.00181034311117566,-0.0229999946391486));
#3791=CARTESIAN_POINT('',(-0.060069555748689,-0.00181034311117566,-0.0237999946391486));
#3792=CARTESIAN_POINT('',(-0.060069555748689,-0.00181034311117566,-0.0237999946391486));
#3793=CARTESIAN_POINT('',(-0.0595716035143362,-0.00230509372055706,-0.0237999946391486));
#3794=CARTESIAN_POINT('',(-0.0471989889930874,-0.0145981574960111,-0.0237999946391486));
#3795=CARTESIAN_POINT('',(-0.0471989889930874,-0.0145981574960111,-0.0229999946391486));
#3796=CARTESIAN_POINT('',(-0.0604262961824305,-0.00217970228329834,-0.0229999946391486));
#3797=CARTESIAN_POINT('',(-0.0604262961824305,-0.00217970228329834,-0.0237999946391486));
#3798=CARTESIAN_POINT('',(-0.0604262961824305,-0.00217970228329834,-0.0237999946391486));
#3799=CARTESIAN_POINT('',(-0.0471989889930874,-0.0145981574960111,-0.0237999946391486));
#3800=CARTESIAN_POINT('',(-0.0552575335756131,-0.00703239421969009,-0.0237999946391486));
#3801=CARTESIAN_POINT('',(-0.0552575335756131,-0.00703239421969009,-0.0229999946391486));
#3802=CARTESIAN_POINT('',(-0.0606816006411341,-0.00246684689391414,-0.0229999946391486));
#3803=CARTESIAN_POINT('',(-0.0606816006411341,-0.00246684689391414,-0.0237999946391486));
#3804=CARTESIAN_POINT('',(-0.0606816006411341,-0.00246684689391414,-0.0237999946391486));
#3805=CARTESIAN_POINT('',(-0.0552575335756131,-0.00703239421969009,-0.0237999946391486));
#3806=CARTESIAN_POINT('',(-0.0482780596617021,-0.0129071590553872,-0.0237999946391486));
#3807=CARTESIAN_POINT('',(-0.0482780596617021,-0.0129071590553872,-0.0229999946391486));
#3808=CARTESIAN_POINT('',(-0.0609777234487231,-0.00282913908349246,-0.0229999946391486));
#3809=CARTESIAN_POINT('',(-0.0609777234487231,-0.00282913908349246,-0.0237999946391486));
#3810=CARTESIAN_POINT('',(-0.0609777234487231,-0.00282913908349246,-0.0237999946391486));
#3811=CARTESIAN_POINT('',(-0.0482780596617021,-0.0129071590553872,-0.0237999946391486));
#3812=CARTESIAN_POINT('',(-0.0479222809078248,-0.0131894929381787,-0.0237999946391486));
#3813=CARTESIAN_POINT('',(-0.0479222809078248,-0.0131894929381787,-0.0229999946391486));
#3814=CARTESIAN_POINT('',(-0.0479222809078248,-0.0131894929381787,-0.0237999946391486));
#3815=CARTESIAN_POINT('',(-0.0150632166605752,0.0486807301494269,-0.0237999946391486));
#3816=CARTESIAN_POINT('',(-0.0150632166605752,0.0486807301494269,-0.0229999946391486));
#3817=CARTESIAN_POINT('',(-0.0150632166605752,0.0486807301494269,-0.0237999946391486));
#3818=CARTESIAN_POINT('',(-0.0697228288706337,0.00606633418553786,-0.0237999946391486));
#3819=CARTESIAN_POINT('',(-0.0697228288706337,0.00606633418553786,-0.0229999946391486));
#3820=MECHANICAL_DESIGN_GEOMETRIC_PRESENTATION_REPRESENTATION('',(#2085),
#3821);
#3821=(
GEOMETRIC_REPRESENTATION_CONTEXT(3)
GLOBAL_UNCERTAINTY_ASSIGNED_CONTEXT((#3822))
GLOBAL_UNIT_ASSIGNED_CONTEXT((#3825,#3824,#3823))
REPRESENTATION_CONTEXT('Part 16','TOP_LEVEL_ASSEMBLY_PART')
);
#3822=UNCERTAINTY_MEASURE_WITH_UNIT(LENGTH_MEASURE(1.E-8),#3825,
'DISTANCE_ACCURACY_VALUE','Maximum Tolerance applied to model');
#3823=(
NAMED_UNIT(*)
SI_UNIT($,.STERADIAN.)
SOLID_ANGLE_UNIT()
);
#3824=(
NAMED_UNIT(*)
PLANE_ANGLE_UNIT()
SI_UNIT($,.RADIAN.)
);
#3825=(
LENGTH_UNIT()
NAMED_UNIT(*)
SI_UNIT($,.METRE.)
);
#3826=PRODUCT_DEFINITION_SHAPE('','',#3827);
#3827=PRODUCT_DEFINITION('','',#3829,#3828);
#3828=PRODUCT_DEFINITION_CONTEXT('',#3835,'design');
#3829=PRODUCT_DEFINITION_FORMATION_WITH_SPECIFIED_SOURCE('','',#3831,
 .NOT_KNOWN.);
#3830=PRODUCT_RELATED_PRODUCT_CATEGORY('','',(#3831));
#3831=PRODUCT('Part 16','Part 16','Part 16',(#3833));
#3832=PRODUCT_CATEGORY('','');
#3833=PRODUCT_CONTEXT('',#3835,'mechanical');
#3834=APPLICATION_PROTOCOL_DEFINITION('international standard',
'ap242_managed_model_based_3d_engineering',2020,#3835);
#3835=APPLICATION_CONTEXT('managed model based 3d engineering');
ENDSEC;
END-ISO-10303-21;
