ISO-10303-21;
HEADER;
/* Generated by software containing ST-Developer
 * from STEP Tools, Inc. (www.steptools.com) 
 */
/* OPTION: using custom renumber hook */

FILE_DESCRIPTION(
/* description */ ('STEP AP242 Edition 2',
'CAx-IF Rec.Pracs.---Representation and Presentation of Product Manufa
cturing Information (PMI)---4.0---2014-10-13',
'CAx-IF Rec.Pracs.---3D Tessellated Geometry---0.4---2014-09-14','2;1',
'CAx-IF Rec.Pracs.---User Defined Attributes---1.5---2016-08-15'),
/* implementation_level */ '2;1');

FILE_NAME(
/* name */ 'CompleteShell - Part 18',
/* time_stamp */ '2026-09-23T14:59:39Z',
/* author */ (''),
/* organization */ (''),
/* preprocessor_version */ 'ST-DEVELOPER v20',
/* originating_system */ 'ONSHAPE BY PTC INC, 1.221',
/* authorisation */ '  ');

FILE_SCHEMA (('AP242_MANAGED_MODEL_BASED_3D_ENGINEERING_MIM_LF { 1 0 10303 442 3 1 4 }'));
ENDSEC;

DATA;
#10=SHAPE_REPRESENTATION_RELATIONSHIP('','',#1591,#11);
#11=ADVANCED_BREP_SHAPE_REPRESENTATION('',(#1589),#2913);
#12=CIRCLE('',#1595,0.00211703527407416);
#13=CIRCLE('',#1596,0.00211703527407416);
#14=CIRCLE('',#1598,0.00289798318440891);
#15=CIRCLE('',#1599,0.00289798318440891);
#16=CIRCLE('',#1601,0.00582767616785537);
#17=CIRCLE('',#1602,0.00582767616785537);
#18=CIRCLE('',#1604,0.0122051829117339);
#19=CIRCLE('',#1605,0.0122051829117339);
#20=CIRCLE('',#1607,0.00956244044231177);
#21=CIRCLE('',#1608,0.00956244044231177);
#22=CIRCLE('',#1610,0.00901779477119459);
#23=CIRCLE('',#1611,0.00901779477119459);
#24=CIRCLE('',#1613,0.000802449722616112);
#25=CIRCLE('',#1614,0.000802449722616112);
#26=CIRCLE('',#1616,0.0010827997733331);
#27=CIRCLE('',#1617,0.0010827997733331);
#28=CIRCLE('',#1619,0.014200996893627);
#29=CIRCLE('',#1620,0.014200996893627);
#30=CIRCLE('',#1622,0.0146915996816075);
#31=CIRCLE('',#1623,0.0146915996816075);
#32=CIRCLE('',#1625,0.0187587313215556);
#33=CIRCLE('',#1626,0.0187587313215556);
#34=CIRCLE('',#1628,0.0209631791264069);
#35=CIRCLE('',#1629,0.0209631791264069);
#36=CIRCLE('',#1631,0.00255024080005986);
#37=CIRCLE('',#1632,0.00255024080005986);
#38=CIRCLE('',#1634,0.00183908807963012);
#39=CIRCLE('',#1635,0.00183908807963012);
#40=CIRCLE('',#1637,0.00667713575680591);
#41=CIRCLE('',#1638,0.00667713575680591);
#42=CIRCLE('',#1640,0.00448853063625539);
#43=CIRCLE('',#1641,0.00448853063625539);
#44=CIRCLE('',#1643,0.00564827139743688);
#45=CIRCLE('',#1644,0.00564827139743688);
#46=CIRCLE('',#1646,0.00496749331697313);
#47=CIRCLE('',#1647,0.00496749331697313);
#48=CIRCLE('',#1649,0.00119773211135103);
#49=CIRCLE('',#1650,0.00119773211135103);
#50=CIRCLE('',#1652,0.00728044248923235);
#51=CIRCLE('',#1653,0.00728044248923235);
#52=CIRCLE('',#1655,0.021738687430245);
#53=CIRCLE('',#1656,0.021738687430245);
#54=CIRCLE('',#1658,0.0232392525488921);
#55=CIRCLE('',#1659,0.0232392525488921);
#56=CIRCLE('',#1661,0.015371709822374);
#57=CIRCLE('',#1662,0.015371709822374);
#58=CIRCLE('',#1664,0.0020039219642226);
#59=CIRCLE('',#1665,0.0020039219642226);
#60=CIRCLE('',#1667,0.00140816066174876);
#61=CIRCLE('',#1668,0.00140816066174876);
#62=CIRCLE('',#1670,0.00165950196444488);
#63=CIRCLE('',#1671,0.00165950196444488);
#64=CIRCLE('',#1673,0.00380316754517862);
#65=CIRCLE('',#1674,0.00380316754517862);
#66=CIRCLE('',#1676,0.00734856088731876);
#67=CIRCLE('',#1677,0.00734856088731876);
#68=CIRCLE('',#1679,0.00149766704071703);
#69=CIRCLE('',#1680,0.00149766704071703);
#70=CIRCLE('',#1682,0.00174698817373831);
#71=CIRCLE('',#1683,0.00174698817373831);
#72=CIRCLE('',#1685,0.0126631530597585);
#73=CIRCLE('',#1686,0.0126631530597585);
#74=CIRCLE('',#1688,0.00480408757206372);
#75=CIRCLE('',#1689,0.00480408757206372);
#76=CIRCLE('',#1691,0.00130284526532414);
#77=CIRCLE('',#1692,0.00130284526532414);
#78=CIRCLE('',#1694,0.000418955898396085);
#79=CIRCLE('',#1695,0.000418955898396085);
#80=CIRCLE('',#1697,0.000174619088911332);
#81=CIRCLE('',#1698,0.000174619088911332);
#82=CIRCLE('',#1700,0.000386320558471259);
#83=CIRCLE('',#1701,0.000386320558471259);
#84=CIRCLE('',#1703,0.000106100433380058);
#85=CIRCLE('',#1704,0.000106100433380058);
#86=CIRCLE('',#1706,0.00019586576109058);
#87=CIRCLE('',#1707,0.00019586576109058);
#88=CIRCLE('',#1709,0.0011015800637328);
#89=CIRCLE('',#1710,0.0011015800637328);
#90=CIRCLE('',#1712,0.001601998276685);
#91=CIRCLE('',#1713,0.001601998276685);
#92=CIRCLE('',#1715,0.00850525500212909);
#93=CIRCLE('',#1716,0.00850525500212909);
#94=CIRCLE('',#1718,0.00959098523658479);
#95=CIRCLE('',#1719,0.00959098523658479);
#96=CIRCLE('',#1721,0.00934743691210407);
#97=CIRCLE('',#1722,0.00934743691210407);
#98=CIRCLE('',#1724,0.00802740215970066);
#99=CIRCLE('',#1725,0.00802740215970066);
#100=CIRCLE('',#1727,0.000657096069067204);
#101=CIRCLE('',#1728,0.000657096069067204);
#102=CIRCLE('',#1730,0.000825718698892855);
#103=CIRCLE('',#1731,0.000825718698892855);
#104=CIRCLE('',#1733,0.00108382159037746);
#105=CIRCLE('',#1734,0.00108382159037746);
#106=CIRCLE('',#1736,0.000513136110513171);
#107=CIRCLE('',#1737,0.000513136110513171);
#108=CIRCLE('',#1739,0.000974589429808445);
#109=CIRCLE('',#1740,0.000974589429808445);
#110=CIRCLE('',#1742,0.0135583310080221);
#111=CIRCLE('',#1743,0.0135583310080221);
#112=CIRCLE('',#1745,0.00450875584092337);
#113=CIRCLE('',#1746,0.00450875584092337);
#114=CIRCLE('',#1748,0.00339302672763496);
#115=CIRCLE('',#1749,0.00339302672763496);
#116=CIRCLE('',#1751,0.00450993139819571);
#117=CIRCLE('',#1752,0.00450993139819571);
#118=CIRCLE('',#1754,0.012813158641527);
#119=CIRCLE('',#1755,0.012813158641527);
#120=CIRCLE('',#1757,0.00480982985998581);
#121=CIRCLE('',#1758,0.00480982985998581);
#122=CIRCLE('',#1760,0.00510789428636104);
#123=CIRCLE('',#1761,0.00510789428636104);
#124=CIRCLE('',#1763,0.0051708013058599);
#125=CIRCLE('',#1764,0.0051708013058599);
#126=CIRCLE('',#1766,0.0050752257231425);
#127=CIRCLE('',#1767,0.0050752257231425);
#128=CIRCLE('',#1769,0.00346948100071528);
#129=CIRCLE('',#1770,0.00346948100071528);
#130=CIRCLE('',#1772,0.00162370984041328);
#131=CIRCLE('',#1773,0.00162370984041328);
#132=CIRCLE('',#1775,0.00308416243553564);
#133=CIRCLE('',#1776,0.00308416243553564);
#134=CIRCLE('',#1778,0.0260688732770298);
#135=CIRCLE('',#1779,0.0260688732770298);
#136=CIRCLE('',#1781,0.0130354392444685);
#137=CIRCLE('',#1782,0.0130354392444685);
#138=CIRCLE('',#1784,0.00803692638536054);
#139=CIRCLE('',#1785,0.00803692638536054);
#140=CIRCLE('',#1787,0.00875178476950328);
#141=CIRCLE('',#1788,0.00875178476950328);
#142=CIRCLE('',#1790,0.00066506307182615);
#143=CIRCLE('',#1791,0.00066506307182615);
#144=CIRCLE('',#1793,0.000874578987260126);
#145=CIRCLE('',#1794,0.000874578987260126);
#146=CIRCLE('',#1796,0.000832584602693354);
#147=CIRCLE('',#1797,0.000832584602693354);
#148=CIRCLE('',#1799,0.000493890026020736);
#149=CIRCLE('',#1800,0.000493890026020736);
#150=CIRCLE('',#1802,0.000208636709185312);
#151=CIRCLE('',#1803,0.000208636709185312);
#152=CIRCLE('',#1805,0.0230759201689207);
#153=CIRCLE('',#1806,0.0230759201689207);
#154=CIRCLE('',#1808,0.0141311486325145);
#155=CIRCLE('',#1809,0.0141311486325145);
#156=CIRCLE('',#1811,0.0024918239076979);
#157=CIRCLE('',#1812,0.0024918239076979);
#158=CIRCLE('',#1814,0.000718528503700075);
#159=CIRCLE('',#1815,0.000718528503700075);
#160=CIRCLE('',#1817,0.00948686075321105);
#161=CIRCLE('',#1818,0.00948686075321105);
#162=CIRCLE('',#1820,0.010438575705494);
#163=CIRCLE('',#1821,0.010438575705494);
#164=CIRCLE('',#1823,0.0122958475945204);
#165=CIRCLE('',#1824,0.0122958475945204);
#166=CIRCLE('',#1826,0.0103553936281462);
#167=CIRCLE('',#1827,0.0103553936281462);
#168=CIRCLE('',#1829,0.00272020139960683);
#169=CIRCLE('',#1830,0.00272020139960683);
#170=CIRCLE('',#1832,0.00358607030730247);
#171=CIRCLE('',#1833,0.00358607030730247);
#172=CIRCLE('',#1835,0.0246208527165104);
#173=CIRCLE('',#1836,0.0246208527165104);
#174=CYLINDRICAL_SURFACE('',#1594,0.00211703527407416);
#175=CYLINDRICAL_SURFACE('',#1597,0.00289798318440891);
#176=CYLINDRICAL_SURFACE('',#1600,0.00582767616785537);
#177=CYLINDRICAL_SURFACE('',#1603,0.0122051829117339);
#178=CYLINDRICAL_SURFACE('',#1606,0.00956244044231177);
#179=CYLINDRICAL_SURFACE('',#1609,0.00901779477119459);
#180=CYLINDRICAL_SURFACE('',#1612,0.000802449722616112);
#181=CYLINDRICAL_SURFACE('',#1615,0.0010827997733331);
#182=CYLINDRICAL_SURFACE('',#1618,0.014200996893627);
#183=CYLINDRICAL_SURFACE('',#1621,0.0146915996816075);
#184=CYLINDRICAL_SURFACE('',#1624,0.0187587313215556);
#185=CYLINDRICAL_SURFACE('',#1627,0.0209631791264069);
#186=CYLINDRICAL_SURFACE('',#1630,0.00255024080005986);
#187=CYLINDRICAL_SURFACE('',#1633,0.00183908807963012);
#188=CYLINDRICAL_SURFACE('',#1636,0.00667713575680591);
#189=CYLINDRICAL_SURFACE('',#1639,0.00448853063625539);
#190=CYLINDRICAL_SURFACE('',#1642,0.00564827139743688);
#191=CYLINDRICAL_SURFACE('',#1645,0.00496749331697313);
#192=CYLINDRICAL_SURFACE('',#1648,0.00119773211135103);
#193=CYLINDRICAL_SURFACE('',#1651,0.00728044248923235);
#194=CYLINDRICAL_SURFACE('',#1654,0.021738687430245);
#195=CYLINDRICAL_SURFACE('',#1657,0.0232392525488921);
#196=CYLINDRICAL_SURFACE('',#1660,0.015371709822374);
#197=CYLINDRICAL_SURFACE('',#1663,0.0020039219642226);
#198=CYLINDRICAL_SURFACE('',#1666,0.00140816066174876);
#199=CYLINDRICAL_SURFACE('',#1669,0.00165950196444488);
#200=CYLINDRICAL_SURFACE('',#1672,0.00380316754517862);
#201=CYLINDRICAL_SURFACE('',#1675,0.00734856088731876);
#202=CYLINDRICAL_SURFACE('',#1678,0.00149766704071703);
#203=CYLINDRICAL_SURFACE('',#1681,0.00174698817373831);
#204=CYLINDRICAL_SURFACE('',#1684,0.0126631530597585);
#205=CYLINDRICAL_SURFACE('',#1687,0.00480408757206372);
#206=CYLINDRICAL_SURFACE('',#1690,0.00130284526532414);
#207=CYLINDRICAL_SURFACE('',#1693,0.000418955898396085);
#208=CYLINDRICAL_SURFACE('',#1696,0.000174619088911332);
#209=CYLINDRICAL_SURFACE('',#1699,0.000386320558471259);
#210=CYLINDRICAL_SURFACE('',#1702,0.000106100433380058);
#211=CYLINDRICAL_SURFACE('',#1705,0.00019586576109058);
#212=CYLINDRICAL_SURFACE('',#1708,0.0011015800637328);
#213=CYLINDRICAL_SURFACE('',#1711,0.001601998276685);
#214=CYLINDRICAL_SURFACE('',#1714,0.00850525500212909);
#215=CYLINDRICAL_SURFACE('',#1717,0.00959098523658479);
#216=CYLINDRICAL_SURFACE('',#1720,0.00934743691210407);
#217=CYLINDRICAL_SURFACE('',#1723,0.00802740215970066);
#218=CYLINDRICAL_SURFACE('',#1726,0.000657096069067204);
#219=CYLINDRICAL_SURFACE('',#1729,0.000825718698892855);
#220=CYLINDRICAL_SURFACE('',#1732,0.00108382159037746);
#221=CYLINDRICAL_SURFACE('',#1735,0.000513136110513171);
#222=CYLINDRICAL_SURFACE('',#1738,0.000974589429808445);
#223=CYLINDRICAL_SURFACE('',#1741,0.0135583310080221);
#224=CYLINDRICAL_SURFACE('',#1744,0.00450875584092337);
#225=CYLINDRICAL_SURFACE('',#1747,0.00339302672763496);
#226=CYLINDRICAL_SURFACE('',#1750,0.00450993139819571);
#227=CYLINDRICAL_SURFACE('',#1753,0.012813158641527);
#228=CYLINDRICAL_SURFACE('',#1756,0.00480982985998581);
#229=CYLINDRICAL_SURFACE('',#1759,0.00510789428636104);
#230=CYLINDRICAL_SURFACE('',#1762,0.0051708013058599);
#231=CYLINDRICAL_SURFACE('',#1765,0.0050752257231425);
#232=CYLINDRICAL_SURFACE('',#1768,0.00346948100071528);
#233=CYLINDRICAL_SURFACE('',#1771,0.00162370984041328);
#234=CYLINDRICAL_SURFACE('',#1774,0.00308416243553564);
#235=CYLINDRICAL_SURFACE('',#1777,0.0260688732770298);
#236=CYLINDRICAL_SURFACE('',#1780,0.0130354392444685);
#237=CYLINDRICAL_SURFACE('',#1783,0.00803692638536054);
#238=CYLINDRICAL_SURFACE('',#1786,0.00875178476950328);
#239=CYLINDRICAL_SURFACE('',#1789,0.00066506307182615);
#240=CYLINDRICAL_SURFACE('',#1792,0.000874578987260126);
#241=CYLINDRICAL_SURFACE('',#1795,0.000832584602693354);
#242=CYLINDRICAL_SURFACE('',#1798,0.000493890026020736);
#243=CYLINDRICAL_SURFACE('',#1801,0.000208636709185312);
#244=CYLINDRICAL_SURFACE('',#1804,0.0230759201689207);
#245=CYLINDRICAL_SURFACE('',#1807,0.0141311486325145);
#246=CYLINDRICAL_SURFACE('',#1810,0.0024918239076979);
#247=CYLINDRICAL_SURFACE('',#1813,0.000718528503700075);
#248=CYLINDRICAL_SURFACE('',#1816,0.00948686075321105);
#249=CYLINDRICAL_SURFACE('',#1819,0.010438575705494);
#250=CYLINDRICAL_SURFACE('',#1822,0.0122958475945204);
#251=CYLINDRICAL_SURFACE('',#1825,0.0103553936281462);
#252=CYLINDRICAL_SURFACE('',#1828,0.00272020139960683);
#253=CYLINDRICAL_SURFACE('',#1831,0.00358607030730247);
#254=CYLINDRICAL_SURFACE('',#1834,0.0246208527165104);
#255=ORIENTED_EDGE('',*,*,#747,.T.);
#256=ORIENTED_EDGE('',*,*,#748,.F.);
#257=ORIENTED_EDGE('',*,*,#749,.F.);
#258=ORIENTED_EDGE('',*,*,#750,.T.);
#259=ORIENTED_EDGE('',*,*,#751,.T.);
#260=ORIENTED_EDGE('',*,*,#752,.F.);
#261=ORIENTED_EDGE('',*,*,#753,.F.);
#262=ORIENTED_EDGE('',*,*,#748,.T.);
#263=ORIENTED_EDGE('',*,*,#754,.T.);
#264=ORIENTED_EDGE('',*,*,#755,.F.);
#265=ORIENTED_EDGE('',*,*,#756,.F.);
#266=ORIENTED_EDGE('',*,*,#752,.T.);
#267=ORIENTED_EDGE('',*,*,#757,.T.);
#268=ORIENTED_EDGE('',*,*,#758,.F.);
#269=ORIENTED_EDGE('',*,*,#759,.F.);
#270=ORIENTED_EDGE('',*,*,#755,.T.);
#271=ORIENTED_EDGE('',*,*,#760,.T.);
#272=ORIENTED_EDGE('',*,*,#761,.F.);
#273=ORIENTED_EDGE('',*,*,#762,.F.);
#274=ORIENTED_EDGE('',*,*,#758,.T.);
#275=ORIENTED_EDGE('',*,*,#763,.T.);
#276=ORIENTED_EDGE('',*,*,#764,.F.);
#277=ORIENTED_EDGE('',*,*,#765,.F.);
#278=ORIENTED_EDGE('',*,*,#761,.T.);
#279=ORIENTED_EDGE('',*,*,#766,.T.);
#280=ORIENTED_EDGE('',*,*,#767,.F.);
#281=ORIENTED_EDGE('',*,*,#768,.F.);
#282=ORIENTED_EDGE('',*,*,#764,.T.);
#283=ORIENTED_EDGE('',*,*,#769,.T.);
#284=ORIENTED_EDGE('',*,*,#770,.F.);
#285=ORIENTED_EDGE('',*,*,#771,.F.);
#286=ORIENTED_EDGE('',*,*,#767,.T.);
#287=ORIENTED_EDGE('',*,*,#772,.T.);
#288=ORIENTED_EDGE('',*,*,#773,.F.);
#289=ORIENTED_EDGE('',*,*,#774,.F.);
#290=ORIENTED_EDGE('',*,*,#770,.T.);
#291=ORIENTED_EDGE('',*,*,#775,.T.);
#292=ORIENTED_EDGE('',*,*,#776,.F.);
#293=ORIENTED_EDGE('',*,*,#777,.F.);
#294=ORIENTED_EDGE('',*,*,#773,.T.);
#295=ORIENTED_EDGE('',*,*,#778,.T.);
#296=ORIENTED_EDGE('',*,*,#779,.F.);
#297=ORIENTED_EDGE('',*,*,#780,.F.);
#298=ORIENTED_EDGE('',*,*,#776,.T.);
#299=ORIENTED_EDGE('',*,*,#781,.T.);
#300=ORIENTED_EDGE('',*,*,#782,.F.);
#301=ORIENTED_EDGE('',*,*,#783,.F.);
#302=ORIENTED_EDGE('',*,*,#779,.T.);
#303=ORIENTED_EDGE('',*,*,#784,.T.);
#304=ORIENTED_EDGE('',*,*,#785,.F.);
#305=ORIENTED_EDGE('',*,*,#786,.F.);
#306=ORIENTED_EDGE('',*,*,#782,.T.);
#307=ORIENTED_EDGE('',*,*,#787,.T.);
#308=ORIENTED_EDGE('',*,*,#788,.F.);
#309=ORIENTED_EDGE('',*,*,#789,.F.);
#310=ORIENTED_EDGE('',*,*,#785,.T.);
#311=ORIENTED_EDGE('',*,*,#790,.T.);
#312=ORIENTED_EDGE('',*,*,#791,.F.);
#313=ORIENTED_EDGE('',*,*,#792,.F.);
#314=ORIENTED_EDGE('',*,*,#788,.T.);
#315=ORIENTED_EDGE('',*,*,#793,.T.);
#316=ORIENTED_EDGE('',*,*,#794,.F.);
#317=ORIENTED_EDGE('',*,*,#795,.F.);
#318=ORIENTED_EDGE('',*,*,#791,.T.);
#319=ORIENTED_EDGE('',*,*,#796,.T.);
#320=ORIENTED_EDGE('',*,*,#797,.F.);
#321=ORIENTED_EDGE('',*,*,#798,.F.);
#322=ORIENTED_EDGE('',*,*,#794,.T.);
#323=ORIENTED_EDGE('',*,*,#799,.T.);
#324=ORIENTED_EDGE('',*,*,#800,.F.);
#325=ORIENTED_EDGE('',*,*,#801,.F.);
#326=ORIENTED_EDGE('',*,*,#797,.T.);
#327=ORIENTED_EDGE('',*,*,#802,.T.);
#328=ORIENTED_EDGE('',*,*,#803,.F.);
#329=ORIENTED_EDGE('',*,*,#804,.F.);
#330=ORIENTED_EDGE('',*,*,#800,.T.);
#331=ORIENTED_EDGE('',*,*,#805,.T.);
#332=ORIENTED_EDGE('',*,*,#806,.F.);
#333=ORIENTED_EDGE('',*,*,#807,.F.);
#334=ORIENTED_EDGE('',*,*,#803,.T.);
#335=ORIENTED_EDGE('',*,*,#808,.T.);
#336=ORIENTED_EDGE('',*,*,#809,.F.);
#337=ORIENTED_EDGE('',*,*,#810,.F.);
#338=ORIENTED_EDGE('',*,*,#806,.T.);
#339=ORIENTED_EDGE('',*,*,#811,.T.);
#340=ORIENTED_EDGE('',*,*,#812,.F.);
#341=ORIENTED_EDGE('',*,*,#813,.F.);
#342=ORIENTED_EDGE('',*,*,#809,.T.);
#343=ORIENTED_EDGE('',*,*,#814,.T.);
#344=ORIENTED_EDGE('',*,*,#815,.F.);
#345=ORIENTED_EDGE('',*,*,#816,.F.);
#346=ORIENTED_EDGE('',*,*,#812,.T.);
#347=ORIENTED_EDGE('',*,*,#817,.T.);
#348=ORIENTED_EDGE('',*,*,#818,.F.);
#349=ORIENTED_EDGE('',*,*,#819,.F.);
#350=ORIENTED_EDGE('',*,*,#815,.T.);
#351=ORIENTED_EDGE('',*,*,#820,.T.);
#352=ORIENTED_EDGE('',*,*,#821,.F.);
#353=ORIENTED_EDGE('',*,*,#822,.F.);
#354=ORIENTED_EDGE('',*,*,#818,.T.);
#355=ORIENTED_EDGE('',*,*,#823,.T.);
#356=ORIENTED_EDGE('',*,*,#824,.F.);
#357=ORIENTED_EDGE('',*,*,#825,.F.);
#358=ORIENTED_EDGE('',*,*,#821,.T.);
#359=ORIENTED_EDGE('',*,*,#826,.T.);
#360=ORIENTED_EDGE('',*,*,#827,.F.);
#361=ORIENTED_EDGE('',*,*,#828,.F.);
#362=ORIENTED_EDGE('',*,*,#824,.T.);
#363=ORIENTED_EDGE('',*,*,#829,.T.);
#364=ORIENTED_EDGE('',*,*,#830,.F.);
#365=ORIENTED_EDGE('',*,*,#831,.F.);
#366=ORIENTED_EDGE('',*,*,#827,.T.);
#367=ORIENTED_EDGE('',*,*,#832,.T.);
#368=ORIENTED_EDGE('',*,*,#833,.F.);
#369=ORIENTED_EDGE('',*,*,#834,.F.);
#370=ORIENTED_EDGE('',*,*,#830,.T.);
#371=ORIENTED_EDGE('',*,*,#835,.T.);
#372=ORIENTED_EDGE('',*,*,#836,.F.);
#373=ORIENTED_EDGE('',*,*,#837,.F.);
#374=ORIENTED_EDGE('',*,*,#833,.T.);
#375=ORIENTED_EDGE('',*,*,#838,.T.);
#376=ORIENTED_EDGE('',*,*,#839,.F.);
#377=ORIENTED_EDGE('',*,*,#840,.F.);
#378=ORIENTED_EDGE('',*,*,#836,.T.);
#379=ORIENTED_EDGE('',*,*,#841,.T.);
#380=ORIENTED_EDGE('',*,*,#842,.F.);
#381=ORIENTED_EDGE('',*,*,#843,.F.);
#382=ORIENTED_EDGE('',*,*,#839,.T.);
#383=ORIENTED_EDGE('',*,*,#844,.T.);
#384=ORIENTED_EDGE('',*,*,#845,.F.);
#385=ORIENTED_EDGE('',*,*,#846,.F.);
#386=ORIENTED_EDGE('',*,*,#842,.T.);
#387=ORIENTED_EDGE('',*,*,#847,.T.);
#388=ORIENTED_EDGE('',*,*,#848,.F.);
#389=ORIENTED_EDGE('',*,*,#849,.F.);
#390=ORIENTED_EDGE('',*,*,#845,.T.);
#391=ORIENTED_EDGE('',*,*,#850,.T.);
#392=ORIENTED_EDGE('',*,*,#851,.F.);
#393=ORIENTED_EDGE('',*,*,#852,.F.);
#394=ORIENTED_EDGE('',*,*,#848,.T.);
#395=ORIENTED_EDGE('',*,*,#853,.T.);
#396=ORIENTED_EDGE('',*,*,#854,.F.);
#397=ORIENTED_EDGE('',*,*,#855,.F.);
#398=ORIENTED_EDGE('',*,*,#851,.T.);
#399=ORIENTED_EDGE('',*,*,#856,.T.);
#400=ORIENTED_EDGE('',*,*,#857,.F.);
#401=ORIENTED_EDGE('',*,*,#858,.F.);
#402=ORIENTED_EDGE('',*,*,#854,.T.);
#403=ORIENTED_EDGE('',*,*,#859,.T.);
#404=ORIENTED_EDGE('',*,*,#860,.F.);
#405=ORIENTED_EDGE('',*,*,#861,.F.);
#406=ORIENTED_EDGE('',*,*,#857,.T.);
#407=ORIENTED_EDGE('',*,*,#862,.T.);
#408=ORIENTED_EDGE('',*,*,#863,.F.);
#409=ORIENTED_EDGE('',*,*,#864,.F.);
#410=ORIENTED_EDGE('',*,*,#860,.T.);
#411=ORIENTED_EDGE('',*,*,#865,.T.);
#412=ORIENTED_EDGE('',*,*,#866,.F.);
#413=ORIENTED_EDGE('',*,*,#867,.F.);
#414=ORIENTED_EDGE('',*,*,#863,.T.);
#415=ORIENTED_EDGE('',*,*,#868,.T.);
#416=ORIENTED_EDGE('',*,*,#869,.F.);
#417=ORIENTED_EDGE('',*,*,#870,.F.);
#418=ORIENTED_EDGE('',*,*,#866,.T.);
#419=ORIENTED_EDGE('',*,*,#871,.T.);
#420=ORIENTED_EDGE('',*,*,#872,.F.);
#421=ORIENTED_EDGE('',*,*,#873,.F.);
#422=ORIENTED_EDGE('',*,*,#869,.T.);
#423=ORIENTED_EDGE('',*,*,#874,.T.);
#424=ORIENTED_EDGE('',*,*,#875,.F.);
#425=ORIENTED_EDGE('',*,*,#876,.F.);
#426=ORIENTED_EDGE('',*,*,#872,.T.);
#427=ORIENTED_EDGE('',*,*,#877,.T.);
#428=ORIENTED_EDGE('',*,*,#878,.F.);
#429=ORIENTED_EDGE('',*,*,#879,.F.);
#430=ORIENTED_EDGE('',*,*,#875,.T.);
#431=ORIENTED_EDGE('',*,*,#880,.T.);
#432=ORIENTED_EDGE('',*,*,#881,.F.);
#433=ORIENTED_EDGE('',*,*,#882,.F.);
#434=ORIENTED_EDGE('',*,*,#878,.T.);
#435=ORIENTED_EDGE('',*,*,#883,.T.);
#436=ORIENTED_EDGE('',*,*,#884,.F.);
#437=ORIENTED_EDGE('',*,*,#885,.F.);
#438=ORIENTED_EDGE('',*,*,#881,.T.);
#439=ORIENTED_EDGE('',*,*,#886,.T.);
#440=ORIENTED_EDGE('',*,*,#887,.F.);
#441=ORIENTED_EDGE('',*,*,#888,.F.);
#442=ORIENTED_EDGE('',*,*,#884,.T.);
#443=ORIENTED_EDGE('',*,*,#889,.T.);
#444=ORIENTED_EDGE('',*,*,#890,.F.);
#445=ORIENTED_EDGE('',*,*,#891,.F.);
#446=ORIENTED_EDGE('',*,*,#887,.T.);
#447=ORIENTED_EDGE('',*,*,#892,.T.);
#448=ORIENTED_EDGE('',*,*,#893,.F.);
#449=ORIENTED_EDGE('',*,*,#894,.F.);
#450=ORIENTED_EDGE('',*,*,#890,.T.);
#451=ORIENTED_EDGE('',*,*,#895,.T.);
#452=ORIENTED_EDGE('',*,*,#896,.F.);
#453=ORIENTED_EDGE('',*,*,#897,.F.);
#454=ORIENTED_EDGE('',*,*,#893,.T.);
#455=ORIENTED_EDGE('',*,*,#898,.T.);
#456=ORIENTED_EDGE('',*,*,#899,.F.);
#457=ORIENTED_EDGE('',*,*,#900,.F.);
#458=ORIENTED_EDGE('',*,*,#896,.T.);
#459=ORIENTED_EDGE('',*,*,#901,.T.);
#460=ORIENTED_EDGE('',*,*,#902,.F.);
#461=ORIENTED_EDGE('',*,*,#903,.F.);
#462=ORIENTED_EDGE('',*,*,#899,.T.);
#463=ORIENTED_EDGE('',*,*,#904,.T.);
#464=ORIENTED_EDGE('',*,*,#905,.F.);
#465=ORIENTED_EDGE('',*,*,#906,.F.);
#466=ORIENTED_EDGE('',*,*,#902,.T.);
#467=ORIENTED_EDGE('',*,*,#907,.T.);
#468=ORIENTED_EDGE('',*,*,#908,.F.);
#469=ORIENTED_EDGE('',*,*,#909,.F.);
#470=ORIENTED_EDGE('',*,*,#905,.T.);
#471=ORIENTED_EDGE('',*,*,#910,.T.);
#472=ORIENTED_EDGE('',*,*,#911,.F.);
#473=ORIENTED_EDGE('',*,*,#912,.F.);
#474=ORIENTED_EDGE('',*,*,#908,.T.);
#475=ORIENTED_EDGE('',*,*,#913,.T.);
#476=ORIENTED_EDGE('',*,*,#914,.F.);
#477=ORIENTED_EDGE('',*,*,#915,.F.);
#478=ORIENTED_EDGE('',*,*,#911,.T.);
#479=ORIENTED_EDGE('',*,*,#916,.T.);
#480=ORIENTED_EDGE('',*,*,#917,.F.);
#481=ORIENTED_EDGE('',*,*,#918,.F.);
#482=ORIENTED_EDGE('',*,*,#914,.T.);
#483=ORIENTED_EDGE('',*,*,#919,.T.);
#484=ORIENTED_EDGE('',*,*,#920,.F.);
#485=ORIENTED_EDGE('',*,*,#921,.F.);
#486=ORIENTED_EDGE('',*,*,#917,.T.);
#487=ORIENTED_EDGE('',*,*,#922,.T.);
#488=ORIENTED_EDGE('',*,*,#923,.F.);
#489=ORIENTED_EDGE('',*,*,#924,.F.);
#490=ORIENTED_EDGE('',*,*,#920,.T.);
#491=ORIENTED_EDGE('',*,*,#925,.T.);
#492=ORIENTED_EDGE('',*,*,#926,.F.);
#493=ORIENTED_EDGE('',*,*,#927,.F.);
#494=ORIENTED_EDGE('',*,*,#923,.T.);
#495=ORIENTED_EDGE('',*,*,#928,.T.);
#496=ORIENTED_EDGE('',*,*,#929,.F.);
#497=ORIENTED_EDGE('',*,*,#930,.F.);
#498=ORIENTED_EDGE('',*,*,#926,.T.);
#499=ORIENTED_EDGE('',*,*,#931,.T.);
#500=ORIENTED_EDGE('',*,*,#932,.F.);
#501=ORIENTED_EDGE('',*,*,#933,.F.);
#502=ORIENTED_EDGE('',*,*,#929,.T.);
#503=ORIENTED_EDGE('',*,*,#934,.T.);
#504=ORIENTED_EDGE('',*,*,#935,.F.);
#505=ORIENTED_EDGE('',*,*,#936,.F.);
#506=ORIENTED_EDGE('',*,*,#932,.T.);
#507=ORIENTED_EDGE('',*,*,#937,.T.);
#508=ORIENTED_EDGE('',*,*,#938,.F.);
#509=ORIENTED_EDGE('',*,*,#939,.F.);
#510=ORIENTED_EDGE('',*,*,#935,.T.);
#511=ORIENTED_EDGE('',*,*,#940,.T.);
#512=ORIENTED_EDGE('',*,*,#941,.F.);
#513=ORIENTED_EDGE('',*,*,#942,.F.);
#514=ORIENTED_EDGE('',*,*,#938,.T.);
#515=ORIENTED_EDGE('',*,*,#943,.T.);
#516=ORIENTED_EDGE('',*,*,#944,.F.);
#517=ORIENTED_EDGE('',*,*,#945,.F.);
#518=ORIENTED_EDGE('',*,*,#941,.T.);
#519=ORIENTED_EDGE('',*,*,#946,.T.);
#520=ORIENTED_EDGE('',*,*,#947,.F.);
#521=ORIENTED_EDGE('',*,*,#948,.F.);
#522=ORIENTED_EDGE('',*,*,#944,.T.);
#523=ORIENTED_EDGE('',*,*,#949,.T.);
#524=ORIENTED_EDGE('',*,*,#950,.F.);
#525=ORIENTED_EDGE('',*,*,#951,.F.);
#526=ORIENTED_EDGE('',*,*,#947,.T.);
#527=ORIENTED_EDGE('',*,*,#952,.T.);
#528=ORIENTED_EDGE('',*,*,#953,.F.);
#529=ORIENTED_EDGE('',*,*,#954,.F.);
#530=ORIENTED_EDGE('',*,*,#950,.T.);
#531=ORIENTED_EDGE('',*,*,#955,.T.);
#532=ORIENTED_EDGE('',*,*,#956,.F.);
#533=ORIENTED_EDGE('',*,*,#957,.F.);
#534=ORIENTED_EDGE('',*,*,#953,.T.);
#535=ORIENTED_EDGE('',*,*,#958,.T.);
#536=ORIENTED_EDGE('',*,*,#959,.F.);
#537=ORIENTED_EDGE('',*,*,#960,.F.);
#538=ORIENTED_EDGE('',*,*,#956,.T.);
#539=ORIENTED_EDGE('',*,*,#961,.T.);
#540=ORIENTED_EDGE('',*,*,#962,.F.);
#541=ORIENTED_EDGE('',*,*,#963,.F.);
#542=ORIENTED_EDGE('',*,*,#959,.T.);
#543=ORIENTED_EDGE('',*,*,#964,.T.);
#544=ORIENTED_EDGE('',*,*,#965,.F.);
#545=ORIENTED_EDGE('',*,*,#966,.F.);
#546=ORIENTED_EDGE('',*,*,#962,.T.);
#547=ORIENTED_EDGE('',*,*,#967,.T.);
#548=ORIENTED_EDGE('',*,*,#968,.F.);
#549=ORIENTED_EDGE('',*,*,#969,.F.);
#550=ORIENTED_EDGE('',*,*,#965,.T.);
#551=ORIENTED_EDGE('',*,*,#970,.T.);
#552=ORIENTED_EDGE('',*,*,#971,.F.);
#553=ORIENTED_EDGE('',*,*,#972,.F.);
#554=ORIENTED_EDGE('',*,*,#968,.T.);
#555=ORIENTED_EDGE('',*,*,#973,.T.);
#556=ORIENTED_EDGE('',*,*,#974,.F.);
#557=ORIENTED_EDGE('',*,*,#975,.F.);
#558=ORIENTED_EDGE('',*,*,#971,.T.);
#559=ORIENTED_EDGE('',*,*,#976,.T.);
#560=ORIENTED_EDGE('',*,*,#977,.F.);
#561=ORIENTED_EDGE('',*,*,#978,.F.);
#562=ORIENTED_EDGE('',*,*,#974,.T.);
#563=ORIENTED_EDGE('',*,*,#979,.T.);
#564=ORIENTED_EDGE('',*,*,#980,.F.);
#565=ORIENTED_EDGE('',*,*,#981,.F.);
#566=ORIENTED_EDGE('',*,*,#977,.T.);
#567=ORIENTED_EDGE('',*,*,#982,.T.);
#568=ORIENTED_EDGE('',*,*,#983,.F.);
#569=ORIENTED_EDGE('',*,*,#984,.F.);
#570=ORIENTED_EDGE('',*,*,#980,.T.);
#571=ORIENTED_EDGE('',*,*,#985,.T.);
#572=ORIENTED_EDGE('',*,*,#986,.F.);
#573=ORIENTED_EDGE('',*,*,#987,.F.);
#574=ORIENTED_EDGE('',*,*,#983,.T.);
#575=ORIENTED_EDGE('',*,*,#988,.T.);
#576=ORIENTED_EDGE('',*,*,#989,.F.);
#577=ORIENTED_EDGE('',*,*,#990,.F.);
#578=ORIENTED_EDGE('',*,*,#986,.T.);
#579=ORIENTED_EDGE('',*,*,#991,.T.);
#580=ORIENTED_EDGE('',*,*,#750,.F.);
#581=ORIENTED_EDGE('',*,*,#992,.F.);
#582=ORIENTED_EDGE('',*,*,#989,.T.);
#583=ORIENTED_EDGE('',*,*,#749,.T.);
#584=ORIENTED_EDGE('',*,*,#753,.T.);
#585=ORIENTED_EDGE('',*,*,#756,.T.);
#586=ORIENTED_EDGE('',*,*,#759,.T.);
#587=ORIENTED_EDGE('',*,*,#762,.T.);
#588=ORIENTED_EDGE('',*,*,#765,.T.);
#589=ORIENTED_EDGE('',*,*,#768,.T.);
#590=ORIENTED_EDGE('',*,*,#771,.T.);
#591=ORIENTED_EDGE('',*,*,#774,.T.);
#592=ORIENTED_EDGE('',*,*,#777,.T.);
#593=ORIENTED_EDGE('',*,*,#780,.T.);
#594=ORIENTED_EDGE('',*,*,#783,.T.);
#595=ORIENTED_EDGE('',*,*,#786,.T.);
#596=ORIENTED_EDGE('',*,*,#789,.T.);
#597=ORIENTED_EDGE('',*,*,#792,.T.);
#598=ORIENTED_EDGE('',*,*,#795,.T.);
#599=ORIENTED_EDGE('',*,*,#798,.T.);
#600=ORIENTED_EDGE('',*,*,#801,.T.);
#601=ORIENTED_EDGE('',*,*,#804,.T.);
#602=ORIENTED_EDGE('',*,*,#807,.T.);
#603=ORIENTED_EDGE('',*,*,#810,.T.);
#604=ORIENTED_EDGE('',*,*,#813,.T.);
#605=ORIENTED_EDGE('',*,*,#816,.T.);
#606=ORIENTED_EDGE('',*,*,#819,.T.);
#607=ORIENTED_EDGE('',*,*,#822,.T.);
#608=ORIENTED_EDGE('',*,*,#825,.T.);
#609=ORIENTED_EDGE('',*,*,#828,.T.);
#610=ORIENTED_EDGE('',*,*,#831,.T.);
#611=ORIENTED_EDGE('',*,*,#834,.T.);
#612=ORIENTED_EDGE('',*,*,#837,.T.);
#613=ORIENTED_EDGE('',*,*,#840,.T.);
#614=ORIENTED_EDGE('',*,*,#843,.T.);
#615=ORIENTED_EDGE('',*,*,#846,.T.);
#616=ORIENTED_EDGE('',*,*,#849,.T.);
#617=ORIENTED_EDGE('',*,*,#852,.T.);
#618=ORIENTED_EDGE('',*,*,#855,.T.);
#619=ORIENTED_EDGE('',*,*,#858,.T.);
#620=ORIENTED_EDGE('',*,*,#861,.T.);
#621=ORIENTED_EDGE('',*,*,#864,.T.);
#622=ORIENTED_EDGE('',*,*,#867,.T.);
#623=ORIENTED_EDGE('',*,*,#870,.T.);
#624=ORIENTED_EDGE('',*,*,#873,.T.);
#625=ORIENTED_EDGE('',*,*,#876,.T.);
#626=ORIENTED_EDGE('',*,*,#879,.T.);
#627=ORIENTED_EDGE('',*,*,#882,.T.);
#628=ORIENTED_EDGE('',*,*,#885,.T.);
#629=ORIENTED_EDGE('',*,*,#888,.T.);
#630=ORIENTED_EDGE('',*,*,#891,.T.);
#631=ORIENTED_EDGE('',*,*,#894,.T.);
#632=ORIENTED_EDGE('',*,*,#897,.T.);
#633=ORIENTED_EDGE('',*,*,#900,.T.);
#634=ORIENTED_EDGE('',*,*,#903,.T.);
#635=ORIENTED_EDGE('',*,*,#906,.T.);
#636=ORIENTED_EDGE('',*,*,#909,.T.);
#637=ORIENTED_EDGE('',*,*,#912,.T.);
#638=ORIENTED_EDGE('',*,*,#915,.T.);
#639=ORIENTED_EDGE('',*,*,#918,.T.);
#640=ORIENTED_EDGE('',*,*,#921,.T.);
#641=ORIENTED_EDGE('',*,*,#924,.T.);
#642=ORIENTED_EDGE('',*,*,#927,.T.);
#643=ORIENTED_EDGE('',*,*,#930,.T.);
#644=ORIENTED_EDGE('',*,*,#933,.T.);
#645=ORIENTED_EDGE('',*,*,#936,.T.);
#646=ORIENTED_EDGE('',*,*,#939,.T.);
#647=ORIENTED_EDGE('',*,*,#942,.T.);
#648=ORIENTED_EDGE('',*,*,#945,.T.);
#649=ORIENTED_EDGE('',*,*,#948,.T.);
#650=ORIENTED_EDGE('',*,*,#951,.T.);
#651=ORIENTED_EDGE('',*,*,#954,.T.);
#652=ORIENTED_EDGE('',*,*,#957,.T.);
#653=ORIENTED_EDGE('',*,*,#960,.T.);
#654=ORIENTED_EDGE('',*,*,#963,.T.);
#655=ORIENTED_EDGE('',*,*,#966,.T.);
#656=ORIENTED_EDGE('',*,*,#969,.T.);
#657=ORIENTED_EDGE('',*,*,#972,.T.);
#658=ORIENTED_EDGE('',*,*,#975,.T.);
#659=ORIENTED_EDGE('',*,*,#978,.T.);
#660=ORIENTED_EDGE('',*,*,#981,.T.);
#661=ORIENTED_EDGE('',*,*,#984,.T.);
#662=ORIENTED_EDGE('',*,*,#987,.T.);
#663=ORIENTED_EDGE('',*,*,#990,.T.);
#664=ORIENTED_EDGE('',*,*,#992,.T.);
#665=ORIENTED_EDGE('',*,*,#747,.F.);
#666=ORIENTED_EDGE('',*,*,#991,.F.);
#667=ORIENTED_EDGE('',*,*,#988,.F.);
#668=ORIENTED_EDGE('',*,*,#985,.F.);
#669=ORIENTED_EDGE('',*,*,#982,.F.);
#670=ORIENTED_EDGE('',*,*,#979,.F.);
#671=ORIENTED_EDGE('',*,*,#976,.F.);
#672=ORIENTED_EDGE('',*,*,#973,.F.);
#673=ORIENTED_EDGE('',*,*,#970,.F.);
#674=ORIENTED_EDGE('',*,*,#967,.F.);
#675=ORIENTED_EDGE('',*,*,#964,.F.);
#676=ORIENTED_EDGE('',*,*,#961,.F.);
#677=ORIENTED_EDGE('',*,*,#958,.F.);
#678=ORIENTED_EDGE('',*,*,#955,.F.);
#679=ORIENTED_EDGE('',*,*,#952,.F.);
#680=ORIENTED_EDGE('',*,*,#949,.F.);
#681=ORIENTED_EDGE('',*,*,#946,.F.);
#682=ORIENTED_EDGE('',*,*,#943,.F.);
#683=ORIENTED_EDGE('',*,*,#940,.F.);
#684=ORIENTED_EDGE('',*,*,#937,.F.);
#685=ORIENTED_EDGE('',*,*,#934,.F.);
#686=ORIENTED_EDGE('',*,*,#931,.F.);
#687=ORIENTED_EDGE('',*,*,#928,.F.);
#688=ORIENTED_EDGE('',*,*,#925,.F.);
#689=ORIENTED_EDGE('',*,*,#922,.F.);
#690=ORIENTED_EDGE('',*,*,#919,.F.);
#691=ORIENTED_EDGE('',*,*,#916,.F.);
#692=ORIENTED_EDGE('',*,*,#913,.F.);
#693=ORIENTED_EDGE('',*,*,#910,.F.);
#694=ORIENTED_EDGE('',*,*,#907,.F.);
#695=ORIENTED_EDGE('',*,*,#904,.F.);
#696=ORIENTED_EDGE('',*,*,#901,.F.);
#697=ORIENTED_EDGE('',*,*,#898,.F.);
#698=ORIENTED_EDGE('',*,*,#895,.F.);
#699=ORIENTED_EDGE('',*,*,#892,.F.);
#700=ORIENTED_EDGE('',*,*,#889,.F.);
#701=ORIENTED_EDGE('',*,*,#886,.F.);
#702=ORIENTED_EDGE('',*,*,#883,.F.);
#703=ORIENTED_EDGE('',*,*,#880,.F.);
#704=ORIENTED_EDGE('',*,*,#877,.F.);
#705=ORIENTED_EDGE('',*,*,#874,.F.);
#706=ORIENTED_EDGE('',*,*,#871,.F.);
#707=ORIENTED_EDGE('',*,*,#868,.F.);
#708=ORIENTED_EDGE('',*,*,#865,.F.);
#709=ORIENTED_EDGE('',*,*,#862,.F.);
#710=ORIENTED_EDGE('',*,*,#859,.F.);
#711=ORIENTED_EDGE('',*,*,#856,.F.);
#712=ORIENTED_EDGE('',*,*,#853,.F.);
#713=ORIENTED_EDGE('',*,*,#850,.F.);
#714=ORIENTED_EDGE('',*,*,#847,.F.);
#715=ORIENTED_EDGE('',*,*,#844,.F.);
#716=ORIENTED_EDGE('',*,*,#841,.F.);
#717=ORIENTED_EDGE('',*,*,#838,.F.);
#718=ORIENTED_EDGE('',*,*,#835,.F.);
#719=ORIENTED_EDGE('',*,*,#832,.F.);
#720=ORIENTED_EDGE('',*,*,#829,.F.);
#721=ORIENTED_EDGE('',*,*,#826,.F.);
#722=ORIENTED_EDGE('',*,*,#823,.F.);
#723=ORIENTED_EDGE('',*,*,#820,.F.);
#724=ORIENTED_EDGE('',*,*,#817,.F.);
#725=ORIENTED_EDGE('',*,*,#814,.F.);
#726=ORIENTED_EDGE('',*,*,#811,.F.);
#727=ORIENTED_EDGE('',*,*,#808,.F.);
#728=ORIENTED_EDGE('',*,*,#805,.F.);
#729=ORIENTED_EDGE('',*,*,#802,.F.);
#730=ORIENTED_EDGE('',*,*,#799,.F.);
#731=ORIENTED_EDGE('',*,*,#796,.F.);
#732=ORIENTED_EDGE('',*,*,#793,.F.);
#733=ORIENTED_EDGE('',*,*,#790,.F.);
#734=ORIENTED_EDGE('',*,*,#787,.F.);
#735=ORIENTED_EDGE('',*,*,#784,.F.);
#736=ORIENTED_EDGE('',*,*,#781,.F.);
#737=ORIENTED_EDGE('',*,*,#778,.F.);
#738=ORIENTED_EDGE('',*,*,#775,.F.);
#739=ORIENTED_EDGE('',*,*,#772,.F.);
#740=ORIENTED_EDGE('',*,*,#769,.F.);
#741=ORIENTED_EDGE('',*,*,#766,.F.);
#742=ORIENTED_EDGE('',*,*,#763,.F.);
#743=ORIENTED_EDGE('',*,*,#760,.F.);
#744=ORIENTED_EDGE('',*,*,#757,.F.);
#745=ORIENTED_EDGE('',*,*,#754,.F.);
#746=ORIENTED_EDGE('',*,*,#751,.F.);
#747=EDGE_CURVE('',#993,#994,#1157,.T.);
#748=EDGE_CURVE('',#995,#994,#1158,.T.);
#749=EDGE_CURVE('',#996,#995,#1159,.T.);
#750=EDGE_CURVE('',#996,#993,#1160,.T.);
#751=EDGE_CURVE('',#994,#997,#12,.T.);
#752=EDGE_CURVE('',#998,#997,#1161,.T.);
#753=EDGE_CURVE('',#995,#998,#13,.T.);
#754=EDGE_CURVE('',#997,#999,#14,.T.);
#755=EDGE_CURVE('',#1000,#999,#1162,.T.);
#756=EDGE_CURVE('',#998,#1000,#15,.T.);
#757=EDGE_CURVE('',#999,#1001,#16,.T.);
#758=EDGE_CURVE('',#1002,#1001,#1163,.T.);
#759=EDGE_CURVE('',#1000,#1002,#17,.T.);
#760=EDGE_CURVE('',#1001,#1003,#18,.T.);
#761=EDGE_CURVE('',#1004,#1003,#1164,.T.);
#762=EDGE_CURVE('',#1002,#1004,#19,.T.);
#763=EDGE_CURVE('',#1003,#1005,#20,.T.);
#764=EDGE_CURVE('',#1006,#1005,#1165,.T.);
#765=EDGE_CURVE('',#1004,#1006,#21,.T.);
#766=EDGE_CURVE('',#1005,#1007,#22,.T.);
#767=EDGE_CURVE('',#1008,#1007,#1166,.T.);
#768=EDGE_CURVE('',#1006,#1008,#23,.T.);
#769=EDGE_CURVE('',#1007,#1009,#24,.T.);
#770=EDGE_CURVE('',#1010,#1009,#1167,.T.);
#771=EDGE_CURVE('',#1008,#1010,#25,.T.);
#772=EDGE_CURVE('',#1009,#1011,#26,.T.);
#773=EDGE_CURVE('',#1012,#1011,#1168,.T.);
#774=EDGE_CURVE('',#1010,#1012,#27,.T.);
#775=EDGE_CURVE('',#1011,#1013,#28,.T.);
#776=EDGE_CURVE('',#1014,#1013,#1169,.T.);
#777=EDGE_CURVE('',#1012,#1014,#29,.T.);
#778=EDGE_CURVE('',#1013,#1015,#30,.T.);
#779=EDGE_CURVE('',#1016,#1015,#1170,.T.);
#780=EDGE_CURVE('',#1014,#1016,#31,.T.);
#781=EDGE_CURVE('',#1015,#1017,#32,.T.);
#782=EDGE_CURVE('',#1018,#1017,#1171,.T.);
#783=EDGE_CURVE('',#1016,#1018,#33,.T.);
#784=EDGE_CURVE('',#1017,#1019,#34,.T.);
#785=EDGE_CURVE('',#1020,#1019,#1172,.T.);
#786=EDGE_CURVE('',#1018,#1020,#35,.T.);
#787=EDGE_CURVE('',#1019,#1021,#36,.T.);
#788=EDGE_CURVE('',#1022,#1021,#1173,.T.);
#789=EDGE_CURVE('',#1020,#1022,#37,.T.);
#790=EDGE_CURVE('',#1021,#1023,#38,.T.);
#791=EDGE_CURVE('',#1024,#1023,#1174,.T.);
#792=EDGE_CURVE('',#1022,#1024,#39,.T.);
#793=EDGE_CURVE('',#1023,#1025,#40,.T.);
#794=EDGE_CURVE('',#1026,#1025,#1175,.T.);
#795=EDGE_CURVE('',#1024,#1026,#41,.T.);
#796=EDGE_CURVE('',#1025,#1027,#42,.T.);
#797=EDGE_CURVE('',#1028,#1027,#1176,.T.);
#798=EDGE_CURVE('',#1026,#1028,#43,.T.);
#799=EDGE_CURVE('',#1027,#1029,#44,.T.);
#800=EDGE_CURVE('',#1030,#1029,#1177,.T.);
#801=EDGE_CURVE('',#1028,#1030,#45,.T.);
#802=EDGE_CURVE('',#1029,#1031,#46,.T.);
#803=EDGE_CURVE('',#1032,#1031,#1178,.T.);
#804=EDGE_CURVE('',#1030,#1032,#47,.T.);
#805=EDGE_CURVE('',#1031,#1033,#48,.T.);
#806=EDGE_CURVE('',#1034,#1033,#1179,.T.);
#807=EDGE_CURVE('',#1032,#1034,#49,.T.);
#808=EDGE_CURVE('',#1033,#1035,#50,.T.);
#809=EDGE_CURVE('',#1036,#1035,#1180,.T.);
#810=EDGE_CURVE('',#1034,#1036,#51,.T.);
#811=EDGE_CURVE('',#1035,#1037,#52,.T.);
#812=EDGE_CURVE('',#1038,#1037,#1181,.T.);
#813=EDGE_CURVE('',#1036,#1038,#53,.T.);
#814=EDGE_CURVE('',#1037,#1039,#54,.T.);
#815=EDGE_CURVE('',#1040,#1039,#1182,.T.);
#816=EDGE_CURVE('',#1038,#1040,#55,.T.);
#817=EDGE_CURVE('',#1039,#1041,#56,.T.);
#818=EDGE_CURVE('',#1042,#1041,#1183,.T.);
#819=EDGE_CURVE('',#1040,#1042,#57,.T.);
#820=EDGE_CURVE('',#1041,#1043,#58,.T.);
#821=EDGE_CURVE('',#1044,#1043,#1184,.T.);
#822=EDGE_CURVE('',#1042,#1044,#59,.T.);
#823=EDGE_CURVE('',#1043,#1045,#60,.T.);
#824=EDGE_CURVE('',#1046,#1045,#1185,.T.);
#825=EDGE_CURVE('',#1044,#1046,#61,.T.);
#826=EDGE_CURVE('',#1045,#1047,#62,.T.);
#827=EDGE_CURVE('',#1048,#1047,#1186,.T.);
#828=EDGE_CURVE('',#1046,#1048,#63,.T.);
#829=EDGE_CURVE('',#1047,#1049,#64,.T.);
#830=EDGE_CURVE('',#1050,#1049,#1187,.T.);
#831=EDGE_CURVE('',#1048,#1050,#65,.T.);
#832=EDGE_CURVE('',#1049,#1051,#66,.T.);
#833=EDGE_CURVE('',#1052,#1051,#1188,.T.);
#834=EDGE_CURVE('',#1050,#1052,#67,.T.);
#835=EDGE_CURVE('',#1051,#1053,#68,.T.);
#836=EDGE_CURVE('',#1054,#1053,#1189,.T.);
#837=EDGE_CURVE('',#1052,#1054,#69,.T.);
#838=EDGE_CURVE('',#1053,#1055,#70,.T.);
#839=EDGE_CURVE('',#1056,#1055,#1190,.T.);
#840=EDGE_CURVE('',#1054,#1056,#71,.T.);
#841=EDGE_CURVE('',#1055,#1057,#72,.T.);
#842=EDGE_CURVE('',#1058,#1057,#1191,.T.);
#843=EDGE_CURVE('',#1056,#1058,#73,.T.);
#844=EDGE_CURVE('',#1057,#1059,#74,.T.);
#845=EDGE_CURVE('',#1060,#1059,#1192,.T.);
#846=EDGE_CURVE('',#1058,#1060,#75,.T.);
#847=EDGE_CURVE('',#1059,#1061,#76,.T.);
#848=EDGE_CURVE('',#1062,#1061,#1193,.T.);
#849=EDGE_CURVE('',#1060,#1062,#77,.T.);
#850=EDGE_CURVE('',#1061,#1063,#78,.T.);
#851=EDGE_CURVE('',#1064,#1063,#1194,.T.);
#852=EDGE_CURVE('',#1062,#1064,#79,.T.);
#853=EDGE_CURVE('',#1063,#1065,#80,.T.);
#854=EDGE_CURVE('',#1066,#1065,#1195,.T.);
#855=EDGE_CURVE('',#1064,#1066,#81,.T.);
#856=EDGE_CURVE('',#1065,#1067,#82,.T.);
#857=EDGE_CURVE('',#1068,#1067,#1196,.T.);
#858=EDGE_CURVE('',#1066,#1068,#83,.T.);
#859=EDGE_CURVE('',#1067,#1069,#84,.T.);
#860=EDGE_CURVE('',#1070,#1069,#1197,.T.);
#861=EDGE_CURVE('',#1068,#1070,#85,.T.);
#862=EDGE_CURVE('',#1069,#1071,#86,.T.);
#863=EDGE_CURVE('',#1072,#1071,#1198,.T.);
#864=EDGE_CURVE('',#1070,#1072,#87,.T.);
#865=EDGE_CURVE('',#1071,#1073,#88,.T.);
#866=EDGE_CURVE('',#1074,#1073,#1199,.T.);
#867=EDGE_CURVE('',#1072,#1074,#89,.T.);
#868=EDGE_CURVE('',#1073,#1075,#90,.T.);
#869=EDGE_CURVE('',#1076,#1075,#1200,.T.);
#870=EDGE_CURVE('',#1074,#1076,#91,.T.);
#871=EDGE_CURVE('',#1075,#1077,#92,.T.);
#872=EDGE_CURVE('',#1078,#1077,#1201,.T.);
#873=EDGE_CURVE('',#1076,#1078,#93,.T.);
#874=EDGE_CURVE('',#1077,#1079,#94,.T.);
#875=EDGE_CURVE('',#1080,#1079,#1202,.T.);
#876=EDGE_CURVE('',#1078,#1080,#95,.T.);
#877=EDGE_CURVE('',#1079,#1081,#96,.T.);
#878=EDGE_CURVE('',#1082,#1081,#1203,.T.);
#879=EDGE_CURVE('',#1080,#1082,#97,.T.);
#880=EDGE_CURVE('',#1081,#1083,#98,.T.);
#881=EDGE_CURVE('',#1084,#1083,#1204,.T.);
#882=EDGE_CURVE('',#1082,#1084,#99,.T.);
#883=EDGE_CURVE('',#1083,#1085,#100,.T.);
#884=EDGE_CURVE('',#1086,#1085,#1205,.T.);
#885=EDGE_CURVE('',#1084,#1086,#101,.T.);
#886=EDGE_CURVE('',#1085,#1087,#102,.T.);
#887=EDGE_CURVE('',#1088,#1087,#1206,.T.);
#888=EDGE_CURVE('',#1086,#1088,#103,.T.);
#889=EDGE_CURVE('',#1087,#1089,#104,.T.);
#890=EDGE_CURVE('',#1090,#1089,#1207,.T.);
#891=EDGE_CURVE('',#1088,#1090,#105,.T.);
#892=EDGE_CURVE('',#1089,#1091,#106,.T.);
#893=EDGE_CURVE('',#1092,#1091,#1208,.T.);
#894=EDGE_CURVE('',#1090,#1092,#107,.T.);
#895=EDGE_CURVE('',#1091,#1093,#108,.T.);
#896=EDGE_CURVE('',#1094,#1093,#1209,.T.);
#897=EDGE_CURVE('',#1092,#1094,#109,.T.);
#898=EDGE_CURVE('',#1093,#1095,#110,.T.);
#899=EDGE_CURVE('',#1096,#1095,#1210,.T.);
#900=EDGE_CURVE('',#1094,#1096,#111,.T.);
#901=EDGE_CURVE('',#1095,#1097,#112,.T.);
#902=EDGE_CURVE('',#1098,#1097,#1211,.T.);
#903=EDGE_CURVE('',#1096,#1098,#113,.T.);
#904=EDGE_CURVE('',#1097,#1099,#114,.T.);
#905=EDGE_CURVE('',#1100,#1099,#1212,.T.);
#906=EDGE_CURVE('',#1098,#1100,#115,.T.);
#907=EDGE_CURVE('',#1099,#1101,#116,.T.);
#908=EDGE_CURVE('',#1102,#1101,#1213,.T.);
#909=EDGE_CURVE('',#1100,#1102,#117,.T.);
#910=EDGE_CURVE('',#1101,#1103,#118,.T.);
#911=EDGE_CURVE('',#1104,#1103,#1214,.T.);
#912=EDGE_CURVE('',#1102,#1104,#119,.T.);
#913=EDGE_CURVE('',#1103,#1105,#120,.T.);
#914=EDGE_CURVE('',#1106,#1105,#1215,.T.);
#915=EDGE_CURVE('',#1104,#1106,#121,.T.);
#916=EDGE_CURVE('',#1105,#1107,#122,.T.);
#917=EDGE_CURVE('',#1108,#1107,#1216,.T.);
#918=EDGE_CURVE('',#1106,#1108,#123,.T.);
#919=EDGE_CURVE('',#1107,#1109,#124,.T.);
#920=EDGE_CURVE('',#1110,#1109,#1217,.T.);
#921=EDGE_CURVE('',#1108,#1110,#125,.T.);
#922=EDGE_CURVE('',#1109,#1111,#126,.T.);
#923=EDGE_CURVE('',#1112,#1111,#1218,.T.);
#924=EDGE_CURVE('',#1110,#1112,#127,.T.);
#925=EDGE_CURVE('',#1111,#1113,#128,.T.);
#926=EDGE_CURVE('',#1114,#1113,#1219,.T.);
#927=EDGE_CURVE('',#1112,#1114,#129,.T.);
#928=EDGE_CURVE('',#1113,#1115,#130,.T.);
#929=EDGE_CURVE('',#1116,#1115,#1220,.T.);
#930=EDGE_CURVE('',#1114,#1116,#131,.T.);
#931=EDGE_CURVE('',#1115,#1117,#132,.T.);
#932=EDGE_CURVE('',#1118,#1117,#1221,.T.);
#933=EDGE_CURVE('',#1116,#1118,#133,.T.);
#934=EDGE_CURVE('',#1117,#1119,#134,.T.);
#935=EDGE_CURVE('',#1120,#1119,#1222,.T.);
#936=EDGE_CURVE('',#1118,#1120,#135,.T.);
#937=EDGE_CURVE('',#1119,#1121,#136,.T.);
#938=EDGE_CURVE('',#1122,#1121,#1223,.T.);
#939=EDGE_CURVE('',#1120,#1122,#137,.T.);
#940=EDGE_CURVE('',#1121,#1123,#138,.T.);
#941=EDGE_CURVE('',#1124,#1123,#1224,.T.);
#942=EDGE_CURVE('',#1122,#1124,#139,.T.);
#943=EDGE_CURVE('',#1123,#1125,#140,.T.);
#944=EDGE_CURVE('',#1126,#1125,#1225,.T.);
#945=EDGE_CURVE('',#1124,#1126,#141,.T.);
#946=EDGE_CURVE('',#1125,#1127,#142,.T.);
#947=EDGE_CURVE('',#1128,#1127,#1226,.T.);
#948=EDGE_CURVE('',#1126,#1128,#143,.T.);
#949=EDGE_CURVE('',#1127,#1129,#144,.T.);
#950=EDGE_CURVE('',#1130,#1129,#1227,.T.);
#951=EDGE_CURVE('',#1128,#1130,#145,.T.);
#952=EDGE_CURVE('',#1129,#1131,#146,.T.);
#953=EDGE_CURVE('',#1132,#1131,#1228,.T.);
#954=EDGE_CURVE('',#1130,#1132,#147,.T.);
#955=EDGE_CURVE('',#1131,#1133,#148,.T.);
#956=EDGE_CURVE('',#1134,#1133,#1229,.T.);
#957=EDGE_CURVE('',#1132,#1134,#149,.T.);
#958=EDGE_CURVE('',#1133,#1135,#150,.T.);
#959=EDGE_CURVE('',#1136,#1135,#1230,.T.);
#960=EDGE_CURVE('',#1134,#1136,#151,.T.);
#961=EDGE_CURVE('',#1135,#1137,#152,.T.);
#962=EDGE_CURVE('',#1138,#1137,#1231,.T.);
#963=EDGE_CURVE('',#1136,#1138,#153,.T.);
#964=EDGE_CURVE('',#1137,#1139,#154,.T.);
#965=EDGE_CURVE('',#1140,#1139,#1232,.T.);
#966=EDGE_CURVE('',#1138,#1140,#155,.T.);
#967=EDGE_CURVE('',#1139,#1141,#156,.T.);
#968=EDGE_CURVE('',#1142,#1141,#1233,.T.);
#969=EDGE_CURVE('',#1140,#1142,#157,.T.);
#970=EDGE_CURVE('',#1141,#1143,#158,.T.);
#971=EDGE_CURVE('',#1144,#1143,#1234,.T.);
#972=EDGE_CURVE('',#1142,#1144,#159,.T.);
#973=EDGE_CURVE('',#1143,#1145,#160,.T.);
#974=EDGE_CURVE('',#1146,#1145,#1235,.T.);
#975=EDGE_CURVE('',#1144,#1146,#161,.T.);
#976=EDGE_CURVE('',#1145,#1147,#162,.T.);
#977=EDGE_CURVE('',#1148,#1147,#1236,.T.);
#978=EDGE_CURVE('',#1146,#1148,#163,.T.);
#979=EDGE_CURVE('',#1147,#1149,#164,.T.);
#980=EDGE_CURVE('',#1150,#1149,#1237,.T.);
#981=EDGE_CURVE('',#1148,#1150,#165,.T.);
#982=EDGE_CURVE('',#1149,#1151,#166,.T.);
#983=EDGE_CURVE('',#1152,#1151,#1238,.T.);
#984=EDGE_CURVE('',#1150,#1152,#167,.T.);
#985=EDGE_CURVE('',#1151,#1153,#168,.T.);
#986=EDGE_CURVE('',#1154,#1153,#1239,.T.);
#987=EDGE_CURVE('',#1152,#1154,#169,.T.);
#988=EDGE_CURVE('',#1153,#1155,#170,.T.);
#989=EDGE_CURVE('',#1156,#1155,#1240,.T.);
#990=EDGE_CURVE('',#1154,#1156,#171,.T.);
#991=EDGE_CURVE('',#1155,#993,#172,.T.);
#992=EDGE_CURVE('',#1156,#996,#173,.T.);
#993=VERTEX_POINT('',#2420);
#994=VERTEX_POINT('',#2421);
#995=VERTEX_POINT('',#2423);
#996=VERTEX_POINT('',#2425);
#997=VERTEX_POINT('',#2429);
#998=VERTEX_POINT('',#2431);
#999=VERTEX_POINT('',#2435);
#1000=VERTEX_POINT('',#2437);
#1001=VERTEX_POINT('',#2441);
#1002=VERTEX_POINT('',#2443);
#1003=VERTEX_POINT('',#2447);
#1004=VERTEX_POINT('',#2449);
#1005=VERTEX_POINT('',#2453);
#1006=VERTEX_POINT('',#2455);
#1007=VERTEX_POINT('',#2459);
#1008=VERTEX_POINT('',#2461);
#1009=VERTEX_POINT('',#2465);
#1010=VERTEX_POINT('',#2467);
#1011=VERTEX_POINT('',#2471);
#1012=VERTEX_POINT('',#2473);
#1013=VERTEX_POINT('',#2477);
#1014=VERTEX_POINT('',#2479);
#1015=VERTEX_POINT('',#2483);
#1016=VERTEX_POINT('',#2485);
#1017=VERTEX_POINT('',#2489);
#1018=VERTEX_POINT('',#2491);
#1019=VERTEX_POINT('',#2495);
#1020=VERTEX_POINT('',#2497);
#1021=VERTEX_POINT('',#2501);
#1022=VERTEX_POINT('',#2503);
#1023=VERTEX_POINT('',#2507);
#1024=VERTEX_POINT('',#2509);
#1025=VERTEX_POINT('',#2513);
#1026=VERTEX_POINT('',#2515);
#1027=VERTEX_POINT('',#2519);
#1028=VERTEX_POINT('',#2521);
#1029=VERTEX_POINT('',#2525);
#1030=VERTEX_POINT('',#2527);
#1031=VERTEX_POINT('',#2531);
#1032=VERTEX_POINT('',#2533);
#1033=VERTEX_POINT('',#2537);
#1034=VERTEX_POINT('',#2539);
#1035=VERTEX_POINT('',#2543);
#1036=VERTEX_POINT('',#2545);
#1037=VERTEX_POINT('',#2549);
#1038=VERTEX_POINT('',#2551);
#1039=VERTEX_POINT('',#2555);
#1040=VERTEX_POINT('',#2557);
#1041=VERTEX_POINT('',#2561);
#1042=VERTEX_POINT('',#2563);
#1043=VERTEX_POINT('',#2567);
#1044=VERTEX_POINT('',#2569);
#1045=VERTEX_POINT('',#2573);
#1046=VERTEX_POINT('',#2575);
#1047=VERTEX_POINT('',#2579);
#1048=VERTEX_POINT('',#2581);
#1049=VERTEX_POINT('',#2585);
#1050=VERTEX_POINT('',#2587);
#1051=VERTEX_POINT('',#2591);
#1052=VERTEX_POINT('',#2593);
#1053=VERTEX_POINT('',#2597);
#1054=VERTEX_POINT('',#2599);
#1055=VERTEX_POINT('',#2603);
#1056=VERTEX_POINT('',#2605);
#1057=VERTEX_POINT('',#2609);
#1058=VERTEX_POINT('',#2611);
#1059=VERTEX_POINT('',#2615);
#1060=VERTEX_POINT('',#2617);
#1061=VERTEX_POINT('',#2621);
#1062=VERTEX_POINT('',#2623);
#1063=VERTEX_POINT('',#2627);
#1064=VERTEX_POINT('',#2629);
#1065=VERTEX_POINT('',#2633);
#1066=VERTEX_POINT('',#2635);
#1067=VERTEX_POINT('',#2639);
#1068=VERTEX_POINT('',#2641);
#1069=VERTEX_POINT('',#2645);
#1070=VERTEX_POINT('',#2647);
#1071=VERTEX_POINT('',#2651);
#1072=VERTEX_POINT('',#2653);
#1073=VERTEX_POINT('',#2657);
#1074=VERTEX_POINT('',#2659);
#1075=VERTEX_POINT('',#2663);
#1076=VERTEX_POINT('',#2665);
#1077=VERTEX_POINT('',#2669);
#1078=VERTEX_POINT('',#2671);
#1079=VERTEX_POINT('',#2675);
#1080=VERTEX_POINT('',#2677);
#1081=VERTEX_POINT('',#2681);
#1082=VERTEX_POINT('',#2683);
#1083=VERTEX_POINT('',#2687);
#1084=VERTEX_POINT('',#2689);
#1085=VERTEX_POINT('',#2693);
#1086=VERTEX_POINT('',#2695);
#1087=VERTEX_POINT('',#2699);
#1088=VERTEX_POINT('',#2701);
#1089=VERTEX_POINT('',#2705);
#1090=VERTEX_POINT('',#2707);
#1091=VERTEX_POINT('',#2711);
#1092=VERTEX_POINT('',#2713);
#1093=VERTEX_POINT('',#2717);
#1094=VERTEX_POINT('',#2719);
#1095=VERTEX_POINT('',#2723);
#1096=VERTEX_POINT('',#2725);
#1097=VERTEX_POINT('',#2729);
#1098=VERTEX_POINT('',#2731);
#1099=VERTEX_POINT('',#2735);
#1100=VERTEX_POINT('',#2737);
#1101=VERTEX_POINT('',#2741);
#1102=VERTEX_POINT('',#2743);
#1103=VERTEX_POINT('',#2747);
#1104=VERTEX_POINT('',#2749);
#1105=VERTEX_POINT('',#2753);
#1106=VERTEX_POINT('',#2755);
#1107=VERTEX_POINT('',#2759);
#1108=VERTEX_POINT('',#2761);
#1109=VERTEX_POINT('',#2765);
#1110=VERTEX_POINT('',#2767);
#1111=VERTEX_POINT('',#2771);
#1112=VERTEX_POINT('',#2773);
#1113=VERTEX_POINT('',#2777);
#1114=VERTEX_POINT('',#2779);
#1115=VERTEX_POINT('',#2783);
#1116=VERTEX_POINT('',#2785);
#1117=VERTEX_POINT('',#2789);
#1118=VERTEX_POINT('',#2791);
#1119=VERTEX_POINT('',#2795);
#1120=VERTEX_POINT('',#2797);
#1121=VERTEX_POINT('',#2801);
#1122=VERTEX_POINT('',#2803);
#1123=VERTEX_POINT('',#2807);
#1124=VERTEX_POINT('',#2809);
#1125=VERTEX_POINT('',#2813);
#1126=VERTEX_POINT('',#2815);
#1127=VERTEX_POINT('',#2819);
#1128=VERTEX_POINT('',#2821);
#1129=VERTEX_POINT('',#2825);
#1130=VERTEX_POINT('',#2827);
#1131=VERTEX_POINT('',#2831);
#1132=VERTEX_POINT('',#2833);
#1133=VERTEX_POINT('',#2837);
#1134=VERTEX_POINT('',#2839);
#1135=VERTEX_POINT('',#2843);
#1136=VERTEX_POINT('',#2845);
#1137=VERTEX_POINT('',#2849);
#1138=VERTEX_POINT('',#2851);
#1139=VERTEX_POINT('',#2855);
#1140=VERTEX_POINT('',#2857);
#1141=VERTEX_POINT('',#2861);
#1142=VERTEX_POINT('',#2863);
#1143=VERTEX_POINT('',#2867);
#1144=VERTEX_POINT('',#2869);
#1145=VERTEX_POINT('',#2873);
#1146=VERTEX_POINT('',#2875);
#1147=VERTEX_POINT('',#2879);
#1148=VERTEX_POINT('',#2881);
#1149=VERTEX_POINT('',#2885);
#1150=VERTEX_POINT('',#2887);
#1151=VERTEX_POINT('',#2891);
#1152=VERTEX_POINT('',#2893);
#1153=VERTEX_POINT('',#2897);
#1154=VERTEX_POINT('',#2899);
#1155=VERTEX_POINT('',#2903);
#1156=VERTEX_POINT('',#2905);
#1157=LINE('',#2419,#1241);
#1158=LINE('',#2422,#1242);
#1159=LINE('',#2424,#1243);
#1160=LINE('',#2426,#1244);
#1161=LINE('',#2430,#1245);
#1162=LINE('',#2436,#1246);
#1163=LINE('',#2442,#1247);
#1164=LINE('',#2448,#1248);
#1165=LINE('',#2454,#1249);
#1166=LINE('',#2460,#1250);
#1167=LINE('',#2466,#1251);
#1168=LINE('',#2472,#1252);
#1169=LINE('',#2478,#1253);
#1170=LINE('',#2484,#1254);
#1171=LINE('',#2490,#1255);
#1172=LINE('',#2496,#1256);
#1173=LINE('',#2502,#1257);
#1174=LINE('',#2508,#1258);
#1175=LINE('',#2514,#1259);
#1176=LINE('',#2520,#1260);
#1177=LINE('',#2526,#1261);
#1178=LINE('',#2532,#1262);
#1179=LINE('',#2538,#1263);
#1180=LINE('',#2544,#1264);
#1181=LINE('',#2550,#1265);
#1182=LINE('',#2556,#1266);
#1183=LINE('',#2562,#1267);
#1184=LINE('',#2568,#1268);
#1185=LINE('',#2574,#1269);
#1186=LINE('',#2580,#1270);
#1187=LINE('',#2586,#1271);
#1188=LINE('',#2592,#1272);
#1189=LINE('',#2598,#1273);
#1190=LINE('',#2604,#1274);
#1191=LINE('',#2610,#1275);
#1192=LINE('',#2616,#1276);
#1193=LINE('',#2622,#1277);
#1194=LINE('',#2628,#1278);
#1195=LINE('',#2634,#1279);
#1196=LINE('',#2640,#1280);
#1197=LINE('',#2646,#1281);
#1198=LINE('',#2652,#1282);
#1199=LINE('',#2658,#1283);
#1200=LINE('',#2664,#1284);
#1201=LINE('',#2670,#1285);
#1202=LINE('',#2676,#1286);
#1203=LINE('',#2682,#1287);
#1204=LINE('',#2688,#1288);
#1205=LINE('',#2694,#1289);
#1206=LINE('',#2700,#1290);
#1207=LINE('',#2706,#1291);
#1208=LINE('',#2712,#1292);
#1209=LINE('',#2718,#1293);
#1210=LINE('',#2724,#1294);
#1211=LINE('',#2730,#1295);
#1212=LINE('',#2736,#1296);
#1213=LINE('',#2742,#1297);
#1214=LINE('',#2748,#1298);
#1215=LINE('',#2754,#1299);
#1216=LINE('',#2760,#1300);
#1217=LINE('',#2766,#1301);
#1218=LINE('',#2772,#1302);
#1219=LINE('',#2778,#1303);
#1220=LINE('',#2784,#1304);
#1221=LINE('',#2790,#1305);
#1222=LINE('',#2796,#1306);
#1223=LINE('',#2802,#1307);
#1224=LINE('',#2808,#1308);
#1225=LINE('',#2814,#1309);
#1226=LINE('',#2820,#1310);
#1227=LINE('',#2826,#1311);
#1228=LINE('',#2832,#1312);
#1229=LINE('',#2838,#1313);
#1230=LINE('',#2844,#1314);
#1231=LINE('',#2850,#1315);
#1232=LINE('',#2856,#1316);
#1233=LINE('',#2862,#1317);
#1234=LINE('',#2868,#1318);
#1235=LINE('',#2874,#1319);
#1236=LINE('',#2880,#1320);
#1237=LINE('',#2886,#1321);
#1238=LINE('',#2892,#1322);
#1239=LINE('',#2898,#1323);
#1240=LINE('',#2904,#1324);
#1241=VECTOR('',#1843,1.);
#1242=VECTOR('',#1844,1.);
#1243=VECTOR('',#1845,1.);
#1244=VECTOR('',#1846,1.);
#1245=VECTOR('',#1851,1.);
#1246=VECTOR('',#1858,1.);
#1247=VECTOR('',#1865,1.);
#1248=VECTOR('',#1872,1.);
#1249=VECTOR('',#1879,1.);
#1250=VECTOR('',#1886,1.);
#1251=VECTOR('',#1893,1.);
#1252=VECTOR('',#1900,1.);
#1253=VECTOR('',#1907,1.);
#1254=VECTOR('',#1914,1.);
#1255=VECTOR('',#1921,1.);
#1256=VECTOR('',#1928,1.);
#1257=VECTOR('',#1935,1.);
#1258=VECTOR('',#1942,1.);
#1259=VECTOR('',#1949,1.);
#1260=VECTOR('',#1956,1.);
#1261=VECTOR('',#1963,1.);
#1262=VECTOR('',#1970,1.);
#1263=VECTOR('',#1977,1.);
#1264=VECTOR('',#1984,1.);
#1265=VECTOR('',#1991,1.);
#1266=VECTOR('',#1998,1.);
#1267=VECTOR('',#2005,1.);
#1268=VECTOR('',#2012,1.);
#1269=VECTOR('',#2019,1.);
#1270=VECTOR('',#2026,1.);
#1271=VECTOR('',#2033,1.);
#1272=VECTOR('',#2040,1.);
#1273=VECTOR('',#2047,1.);
#1274=VECTOR('',#2054,1.);
#1275=VECTOR('',#2061,1.);
#1276=VECTOR('',#2068,1.);
#1277=VECTOR('',#2075,1.);
#1278=VECTOR('',#2082,1.);
#1279=VECTOR('',#2089,1.);
#1280=VECTOR('',#2096,1.);
#1281=VECTOR('',#2103,1.);
#1282=VECTOR('',#2110,1.);
#1283=VECTOR('',#2117,1.);
#1284=VECTOR('',#2124,1.);
#1285=VECTOR('',#2131,1.);
#1286=VECTOR('',#2138,1.);
#1287=VECTOR('',#2145,1.);
#1288=VECTOR('',#2152,1.);
#1289=VECTOR('',#2159,1.);
#1290=VECTOR('',#2166,1.);
#1291=VECTOR('',#2173,1.);
#1292=VECTOR('',#2180,1.);
#1293=VECTOR('',#2187,1.);
#1294=VECTOR('',#2194,1.);
#1295=VECTOR('',#2201,1.);
#1296=VECTOR('',#2208,1.);
#1297=VECTOR('',#2215,1.);
#1298=VECTOR('',#2222,1.);
#1299=VECTOR('',#2229,1.);
#1300=VECTOR('',#2236,1.);
#1301=VECTOR('',#2243,1.);
#1302=VECTOR('',#2250,1.);
#1303=VECTOR('',#2257,1.);
#1304=VECTOR('',#2264,1.);
#1305=VECTOR('',#2271,1.);
#1306=VECTOR('',#2278,1.);
#1307=VECTOR('',#2285,1.);
#1308=VECTOR('',#2292,1.);
#1309=VECTOR('',#2299,1.);
#1310=VECTOR('',#2306,1.);
#1311=VECTOR('',#2313,1.);
#1312=VECTOR('',#2320,1.);
#1313=VECTOR('',#2327,1.);
#1314=VECTOR('',#2334,1.);
#1315=VECTOR('',#2341,1.);
#1316=VECTOR('',#2348,1.);
#1317=VECTOR('',#2355,1.);
#1318=VECTOR('',#2362,1.);
#1319=VECTOR('',#2369,1.);
#1320=VECTOR('',#2376,1.);
#1321=VECTOR('',#2383,1.);
#1322=VECTOR('',#2390,1.);
#1323=VECTOR('',#2397,1.);
#1324=VECTOR('',#2404,1.);
#1325=EDGE_LOOP('',(#255,#256,#257,#258));
#1326=EDGE_LOOP('',(#259,#260,#261,#262));
#1327=EDGE_LOOP('',(#263,#264,#265,#266));
#1328=EDGE_LOOP('',(#267,#268,#269,#270));
#1329=EDGE_LOOP('',(#271,#272,#273,#274));
#1330=EDGE_LOOP('',(#275,#276,#277,#278));
#1331=EDGE_LOOP('',(#279,#280,#281,#282));
#1332=EDGE_LOOP('',(#283,#284,#285,#286));
#1333=EDGE_LOOP('',(#287,#288,#289,#290));
#1334=EDGE_LOOP('',(#291,#292,#293,#294));
#1335=EDGE_LOOP('',(#295,#296,#297,#298));
#1336=EDGE_LOOP('',(#299,#300,#301,#302));
#1337=EDGE_LOOP('',(#303,#304,#305,#306));
#1338=EDGE_LOOP('',(#307,#308,#309,#310));
#1339=EDGE_LOOP('',(#311,#312,#313,#314));
#1340=EDGE_LOOP('',(#315,#316,#317,#318));
#1341=EDGE_LOOP('',(#319,#320,#321,#322));
#1342=EDGE_LOOP('',(#323,#324,#325,#326));
#1343=EDGE_LOOP('',(#327,#328,#329,#330));
#1344=EDGE_LOOP('',(#331,#332,#333,#334));
#1345=EDGE_LOOP('',(#335,#336,#337,#338));
#1346=EDGE_LOOP('',(#339,#340,#341,#342));
#1347=EDGE_LOOP('',(#343,#344,#345,#346));
#1348=EDGE_LOOP('',(#347,#348,#349,#350));
#1349=EDGE_LOOP('',(#351,#352,#353,#354));
#1350=EDGE_LOOP('',(#355,#356,#357,#358));
#1351=EDGE_LOOP('',(#359,#360,#361,#362));
#1352=EDGE_LOOP('',(#363,#364,#365,#366));
#1353=EDGE_LOOP('',(#367,#368,#369,#370));
#1354=EDGE_LOOP('',(#371,#372,#373,#374));
#1355=EDGE_LOOP('',(#375,#376,#377,#378));
#1356=EDGE_LOOP('',(#379,#380,#381,#382));
#1357=EDGE_LOOP('',(#383,#384,#385,#386));
#1358=EDGE_LOOP('',(#387,#388,#389,#390));
#1359=EDGE_LOOP('',(#391,#392,#393,#394));
#1360=EDGE_LOOP('',(#395,#396,#397,#398));
#1361=EDGE_LOOP('',(#399,#400,#401,#402));
#1362=EDGE_LOOP('',(#403,#404,#405,#406));
#1363=EDGE_LOOP('',(#407,#408,#409,#410));
#1364=EDGE_LOOP('',(#411,#412,#413,#414));
#1365=EDGE_LOOP('',(#415,#416,#417,#418));
#1366=EDGE_LOOP('',(#419,#420,#421,#422));
#1367=EDGE_LOOP('',(#423,#424,#425,#426));
#1368=EDGE_LOOP('',(#427,#428,#429,#430));
#1369=EDGE_LOOP('',(#431,#432,#433,#434));
#1370=EDGE_LOOP('',(#435,#436,#437,#438));
#1371=EDGE_LOOP('',(#439,#440,#441,#442));
#1372=EDGE_LOOP('',(#443,#444,#445,#446));
#1373=EDGE_LOOP('',(#447,#448,#449,#450));
#1374=EDGE_LOOP('',(#451,#452,#453,#454));
#1375=EDGE_LOOP('',(#455,#456,#457,#458));
#1376=EDGE_LOOP('',(#459,#460,#461,#462));
#1377=EDGE_LOOP('',(#463,#464,#465,#466));
#1378=EDGE_LOOP('',(#467,#468,#469,#470));
#1379=EDGE_LOOP('',(#471,#472,#473,#474));
#1380=EDGE_LOOP('',(#475,#476,#477,#478));
#1381=EDGE_LOOP('',(#479,#480,#481,#482));
#1382=EDGE_LOOP('',(#483,#484,#485,#486));
#1383=EDGE_LOOP('',(#487,#488,#489,#490));
#1384=EDGE_LOOP('',(#491,#492,#493,#494));
#1385=EDGE_LOOP('',(#495,#496,#497,#498));
#1386=EDGE_LOOP('',(#499,#500,#501,#502));
#1387=EDGE_LOOP('',(#503,#504,#505,#506));
#1388=EDGE_LOOP('',(#507,#508,#509,#510));
#1389=EDGE_LOOP('',(#511,#512,#513,#514));
#1390=EDGE_LOOP('',(#515,#516,#517,#518));
#1391=EDGE_LOOP('',(#519,#520,#521,#522));
#1392=EDGE_LOOP('',(#523,#524,#525,#526));
#1393=EDGE_LOOP('',(#527,#528,#529,#530));
#1394=EDGE_LOOP('',(#531,#532,#533,#534));
#1395=EDGE_LOOP('',(#535,#536,#537,#538));
#1396=EDGE_LOOP('',(#539,#540,#541,#542));
#1397=EDGE_LOOP('',(#543,#544,#545,#546));
#1398=EDGE_LOOP('',(#547,#548,#549,#550));
#1399=EDGE_LOOP('',(#551,#552,#553,#554));
#1400=EDGE_LOOP('',(#555,#556,#557,#558));
#1401=EDGE_LOOP('',(#559,#560,#561,#562));
#1402=EDGE_LOOP('',(#563,#564,#565,#566));
#1403=EDGE_LOOP('',(#567,#568,#569,#570));
#1404=EDGE_LOOP('',(#571,#572,#573,#574));
#1405=EDGE_LOOP('',(#575,#576,#577,#578));
#1406=EDGE_LOOP('',(#579,#580,#581,#582));
#1407=EDGE_LOOP('',(#583,#584,#585,#586,#587,#588,#589,#590,#591,#592,#593,
#594,#595,#596,#597,#598,#599,#600,#601,#602,#603,#604,#605,#606,#607,#608,
#609,#610,#611,#612,#613,#614,#615,#616,#617,#618,#619,#620,#621,#622,#623,
#624,#625,#626,#627,#628,#629,#630,#631,#632,#633,#634,#635,#636,#637,#638,
#639,#640,#641,#642,#643,#644,#645,#646,#647,#648,#649,#650,#651,#652,#653,
#654,#655,#656,#657,#658,#659,#660,#661,#662,#663,#664));
#1408=EDGE_LOOP('',(#665,#666,#667,#668,#669,#670,#671,#672,#673,#674,#675,
#676,#677,#678,#679,#680,#681,#682,#683,#684,#685,#686,#687,#688,#689,#690,
#691,#692,#693,#694,#695,#696,#697,#698,#699,#700,#701,#702,#703,#704,#705,
#706,#707,#708,#709,#710,#711,#712,#713,#714,#715,#716,#717,#718,#719,#720,
#721,#722,#723,#724,#725,#726,#727,#728,#729,#730,#731,#732,#733,#734,#735,
#736,#737,#738,#739,#740,#741,#742,#743,#744,#745,#746));
#1409=FACE_BOUND('',#1325,.T.);
#1410=FACE_BOUND('',#1326,.T.);
#1411=FACE_BOUND('',#1327,.T.);
#1412=FACE_BOUND('',#1328,.T.);
#1413=FACE_BOUND('',#1329,.T.);
#1414=FACE_BOUND('',#1330,.T.);
#1415=FACE_BOUND('',#1331,.T.);
#1416=FACE_BOUND('',#1332,.T.);
#1417=FACE_BOUND('',#1333,.T.);
#1418=FACE_BOUND('',#1334,.T.);
#1419=FACE_BOUND('',#1335,.T.);
#1420=FACE_BOUND('',#1336,.T.);
#1421=FACE_BOUND('',#1337,.T.);
#1422=FACE_BOUND('',#1338,.T.);
#1423=FACE_BOUND('',#1339,.T.);
#1424=FACE_BOUND('',#1340,.T.);
#1425=FACE_BOUND('',#1341,.T.);
#1426=FACE_BOUND('',#1342,.T.);
#1427=FACE_BOUND('',#1343,.T.);
#1428=FACE_BOUND('',#1344,.T.);
#1429=FACE_BOUND('',#1345,.T.);
#1430=FACE_BOUND('',#1346,.T.);
#1431=FACE_BOUND('',#1347,.T.);
#1432=FACE_BOUND('',#1348,.T.);
#1433=FACE_BOUND('',#1349,.T.);
#1434=FACE_BOUND('',#1350,.T.);
#1435=FACE_BOUND('',#1351,.T.);
#1436=FACE_BOUND('',#1352,.T.);
#1437=FACE_BOUND('',#1353,.T.);
#1438=FACE_BOUND('',#1354,.T.);
#1439=FACE_BOUND('',#1355,.T.);
#1440=FACE_BOUND('',#1356,.T.);
#1441=FACE_BOUND('',#1357,.T.);
#1442=FACE_BOUND('',#1358,.T.);
#1443=FACE_BOUND('',#1359,.T.);
#1444=FACE_BOUND('',#1360,.T.);
#1445=FACE_BOUND('',#1361,.T.);
#1446=FACE_BOUND('',#1362,.T.);
#1447=FACE_BOUND('',#1363,.T.);
#1448=FACE_BOUND('',#1364,.T.);
#1449=FACE_BOUND('',#1365,.T.);
#1450=FACE_BOUND('',#1366,.T.);
#1451=FACE_BOUND('',#1367,.T.);
#1452=FACE_BOUND('',#1368,.T.);
#1453=FACE_BOUND('',#1369,.T.);
#1454=FACE_BOUND('',#1370,.T.);
#1455=FACE_BOUND('',#1371,.T.);
#1456=FACE_BOUND('',#1372,.T.);
#1457=FACE_BOUND('',#1373,.T.);
#1458=FACE_BOUND('',#1374,.T.);
#1459=FACE_BOUND('',#1375,.T.);
#1460=FACE_BOUND('',#1376,.T.);
#1461=FACE_BOUND('',#1377,.T.);
#1462=FACE_BOUND('',#1378,.T.);
#1463=FACE_BOUND('',#1379,.T.);
#1464=FACE_BOUND('',#1380,.T.);
#1465=FACE_BOUND('',#1381,.T.);
#1466=FACE_BOUND('',#1382,.T.);
#1467=FACE_BOUND('',#1383,.T.);
#1468=FACE_BOUND('',#1384,.T.);
#1469=FACE_BOUND('',#1385,.T.);
#1470=FACE_BOUND('',#1386,.T.);
#1471=FACE_BOUND('',#1387,.T.);
#1472=FACE_BOUND('',#1388,.T.);
#1473=FACE_BOUND('',#1389,.T.);
#1474=FACE_BOUND('',#1390,.T.);
#1475=FACE_BOUND('',#1391,.T.);
#1476=FACE_BOUND('',#1392,.T.);
#1477=FACE_BOUND('',#1393,.T.);
#1478=FACE_BOUND('',#1394,.T.);
#1479=FACE_BOUND('',#1395,.T.);
#1480=FACE_BOUND('',#1396,.T.);
#1481=FACE_BOUND('',#1397,.T.);
#1482=FACE_BOUND('',#1398,.T.);
#1483=FACE_BOUND('',#1399,.T.);
#1484=FACE_BOUND('',#1400,.T.);
#1485=FACE_BOUND('',#1401,.T.);
#1486=FACE_BOUND('',#1402,.T.);
#1487=FACE_BOUND('',#1403,.T.);
#1488=FACE_BOUND('',#1404,.T.);
#1489=FACE_BOUND('',#1405,.T.);
#1490=FACE_BOUND('',#1406,.T.);
#1491=FACE_BOUND('',#1407,.T.);
#1492=FACE_BOUND('',#1408,.T.);
#1493=PLANE('',#1593);
#1494=PLANE('',#1837);
#1495=PLANE('',#1838);
#1496=ADVANCED_FACE('',(#1409),#1493,.F.);
#1497=ADVANCED_FACE('',(#1410),#174,.F.);
#1498=ADVANCED_FACE('',(#1411),#175,.F.);
#1499=ADVANCED_FACE('',(#1412),#176,.F.);
#1500=ADVANCED_FACE('',(#1413),#177,.F.);
#1501=ADVANCED_FACE('',(#1414),#178,.F.);
#1502=ADVANCED_FACE('',(#1415),#179,.F.);
#1503=ADVANCED_FACE('',(#1416),#180,.F.);
#1504=ADVANCED_FACE('',(#1417),#181,.F.);
#1505=ADVANCED_FACE('',(#1418),#182,.F.);
#1506=ADVANCED_FACE('',(#1419),#183,.F.);
#1507=ADVANCED_FACE('',(#1420),#184,.F.);
#1508=ADVANCED_FACE('',(#1421),#185,.F.);
#1509=ADVANCED_FACE('',(#1422),#186,.F.);
#1510=ADVANCED_FACE('',(#1423),#187,.F.);
#1511=ADVANCED_FACE('',(#1424),#188,.F.);
#1512=ADVANCED_FACE('',(#1425),#189,.F.);
#1513=ADVANCED_FACE('',(#1426),#190,.F.);
#1514=ADVANCED_FACE('',(#1427),#191,.F.);
#1515=ADVANCED_FACE('',(#1428),#192,.F.);
#1516=ADVANCED_FACE('',(#1429),#193,.T.);
#1517=ADVANCED_FACE('',(#1430),#194,.T.);
#1518=ADVANCED_FACE('',(#1431),#195,.T.);
#1519=ADVANCED_FACE('',(#1432),#196,.T.);
#1520=ADVANCED_FACE('',(#1433),#197,.F.);
#1521=ADVANCED_FACE('',(#1434),#198,.F.);
#1522=ADVANCED_FACE('',(#1435),#199,.F.);
#1523=ADVANCED_FACE('',(#1436),#200,.F.);
#1524=ADVANCED_FACE('',(#1437),#201,.F.);
#1525=ADVANCED_FACE('',(#1438),#202,.F.);
#1526=ADVANCED_FACE('',(#1439),#203,.F.);
#1527=ADVANCED_FACE('',(#1440),#204,.F.);
#1528=ADVANCED_FACE('',(#1441),#205,.T.);
#1529=ADVANCED_FACE('',(#1442),#206,.T.);
#1530=ADVANCED_FACE('',(#1443),#207,.T.);
#1531=ADVANCED_FACE('',(#1444),#208,.T.);
#1532=ADVANCED_FACE('',(#1445),#209,.T.);
#1533=ADVANCED_FACE('',(#1446),#210,.T.);
#1534=ADVANCED_FACE('',(#1447),#211,.T.);
#1535=ADVANCED_FACE('',(#1448),#212,.T.);
#1536=ADVANCED_FACE('',(#1449),#213,.F.);
#1537=ADVANCED_FACE('',(#1450),#214,.F.);
#1538=ADVANCED_FACE('',(#1451),#215,.F.);
#1539=ADVANCED_FACE('',(#1452),#216,.F.);
#1540=ADVANCED_FACE('',(#1453),#217,.T.);
#1541=ADVANCED_FACE('',(#1454),#218,.T.);
#1542=ADVANCED_FACE('',(#1455),#219,.T.);
#1543=ADVANCED_FACE('',(#1456),#220,.F.);
#1544=ADVANCED_FACE('',(#1457),#221,.F.);
#1545=ADVANCED_FACE('',(#1458),#222,.F.);
#1546=ADVANCED_FACE('',(#1459),#223,.F.);
#1547=ADVANCED_FACE('',(#1460),#224,.T.);
#1548=ADVANCED_FACE('',(#1461),#225,.T.);
#1549=ADVANCED_FACE('',(#1462),#226,.T.);
#1550=ADVANCED_FACE('',(#1463),#227,.T.);
#1551=ADVANCED_FACE('',(#1464),#228,.T.);
#1552=ADVANCED_FACE('',(#1465),#229,.T.);
#1553=ADVANCED_FACE('',(#1466),#230,.T.);
#1554=ADVANCED_FACE('',(#1467),#231,.T.);
#1555=ADVANCED_FACE('',(#1468),#232,.T.);
#1556=ADVANCED_FACE('',(#1469),#233,.T.);
#1557=ADVANCED_FACE('',(#1470),#234,.T.);
#1558=ADVANCED_FACE('',(#1471),#235,.T.);
#1559=ADVANCED_FACE('',(#1472),#236,.T.);
#1560=ADVANCED_FACE('',(#1473),#237,.T.);
#1561=ADVANCED_FACE('',(#1474),#238,.T.);
#1562=ADVANCED_FACE('',(#1475),#239,.F.);
#1563=ADVANCED_FACE('',(#1476),#240,.F.);
#1564=ADVANCED_FACE('',(#1477),#241,.F.);
#1565=ADVANCED_FACE('',(#1478),#242,.F.);
#1566=ADVANCED_FACE('',(#1479),#243,.T.);
#1567=ADVANCED_FACE('',(#1480),#244,.T.);
#1568=ADVANCED_FACE('',(#1481),#245,.T.);
#1569=ADVANCED_FACE('',(#1482),#246,.T.);
#1570=ADVANCED_FACE('',(#1483),#247,.T.);
#1571=ADVANCED_FACE('',(#1484),#248,.T.);
#1572=ADVANCED_FACE('',(#1485),#249,.T.);
#1573=ADVANCED_FACE('',(#1486),#250,.T.);
#1574=ADVANCED_FACE('',(#1487),#251,.T.);
#1575=ADVANCED_FACE('',(#1488),#252,.T.);
#1576=ADVANCED_FACE('',(#1489),#253,.T.);
#1577=ADVANCED_FACE('',(#1490),#254,.T.);
#1578=ADVANCED_FACE('',(#1491),#1494,.T.);
#1579=ADVANCED_FACE('',(#1492),#1495,.F.);
#1580=CLOSED_SHELL('',(#1496,#1497,#1498,#1499,#1500,#1501,#1502,#1503,
#1504,#1505,#1506,#1507,#1508,#1509,#1510,#1511,#1512,#1513,#1514,#1515,
#1516,#1517,#1518,#1519,#1520,#1521,#1522,#1523,#1524,#1525,#1526,#1527,
#1528,#1529,#1530,#1531,#1532,#1533,#1534,#1535,#1536,#1537,#1538,#1539,
#1540,#1541,#1542,#1543,#1544,#1545,#1546,#1547,#1548,#1549,#1550,#1551,
#1552,#1553,#1554,#1555,#1556,#1557,#1558,#1559,#1560,#1561,#1562,#1563,
#1564,#1565,#1566,#1567,#1568,#1569,#1570,#1571,#1572,#1573,#1574,#1575,
#1576,#1577,#1578,#1579));
#1581=STYLED_ITEM('',(#1582),#1589);
#1582=PRESENTATION_STYLE_ASSIGNMENT((#1583));
#1583=SURFACE_STYLE_USAGE(.BOTH.,#1584);
#1584=SURFACE_SIDE_STYLE('',(#1585));
#1585=SURFACE_STYLE_FILL_AREA(#1586);
#1586=FILL_AREA_STYLE('',(#1587));
#1587=FILL_AREA_STYLE_COLOUR('',#1588);
#1588=COLOUR_RGB('',0.231372549019608,0.380392156862745,0.705882352941177);
#1589=MANIFOLD_SOLID_BREP('Part 18',#1580);
#1590=SHAPE_DEFINITION_REPRESENTATION(#2918,#1591);
#1591=SHAPE_REPRESENTATION('Part 18',(#1592),#2913);
#1592=AXIS2_PLACEMENT_3D('',#2417,#1839,#1840);
#1593=AXIS2_PLACEMENT_3D('',#2418,#1841,#1842);
#1594=AXIS2_PLACEMENT_3D('',#2427,#1847,#1848);
#1595=AXIS2_PLACEMENT_3D('',#2428,#1849,#1850);
#1596=AXIS2_PLACEMENT_3D('',#2432,#1852,#1853);
#1597=AXIS2_PLACEMENT_3D('',#2433,#1854,#1855);
#1598=AXIS2_PLACEMENT_3D('',#2434,#1856,#1857);
#1599=AXIS2_PLACEMENT_3D('',#2438,#1859,#1860);
#1600=AXIS2_PLACEMENT_3D('',#2439,#1861,#1862);
#1601=AXIS2_PLACEMENT_3D('',#2440,#1863,#1864);
#1602=AXIS2_PLACEMENT_3D('',#2444,#1866,#1867);
#1603=AXIS2_PLACEMENT_3D('',#2445,#1868,#1869);
#1604=AXIS2_PLACEMENT_3D('',#2446,#1870,#1871);
#1605=AXIS2_PLACEMENT_3D('',#2450,#1873,#1874);
#1606=AXIS2_PLACEMENT_3D('',#2451,#1875,#1876);
#1607=AXIS2_PLACEMENT_3D('',#2452,#1877,#1878);
#1608=AXIS2_PLACEMENT_3D('',#2456,#1880,#1881);
#1609=AXIS2_PLACEMENT_3D('',#2457,#1882,#1883);
#1610=AXIS2_PLACEMENT_3D('',#2458,#1884,#1885);
#1611=AXIS2_PLACEMENT_3D('',#2462,#1887,#1888);
#1612=AXIS2_PLACEMENT_3D('',#2463,#1889,#1890);
#1613=AXIS2_PLACEMENT_3D('',#2464,#1891,#1892);
#1614=AXIS2_PLACEMENT_3D('',#2468,#1894,#1895);
#1615=AXIS2_PLACEMENT_3D('',#2469,#1896,#1897);
#1616=AXIS2_PLACEMENT_3D('',#2470,#1898,#1899);
#1617=AXIS2_PLACEMENT_3D('',#2474,#1901,#1902);
#1618=AXIS2_PLACEMENT_3D('',#2475,#1903,#1904);
#1619=AXIS2_PLACEMENT_3D('',#2476,#1905,#1906);
#1620=AXIS2_PLACEMENT_3D('',#2480,#1908,#1909);
#1621=AXIS2_PLACEMENT_3D('',#2481,#1910,#1911);
#1622=AXIS2_PLACEMENT_3D('',#2482,#1912,#1913);
#1623=AXIS2_PLACEMENT_3D('',#2486,#1915,#1916);
#1624=AXIS2_PLACEMENT_3D('',#2487,#1917,#1918);
#1625=AXIS2_PLACEMENT_3D('',#2488,#1919,#1920);
#1626=AXIS2_PLACEMENT_3D('',#2492,#1922,#1923);
#1627=AXIS2_PLACEMENT_3D('',#2493,#1924,#1925);
#1628=AXIS2_PLACEMENT_3D('',#2494,#1926,#1927);
#1629=AXIS2_PLACEMENT_3D('',#2498,#1929,#1930);
#1630=AXIS2_PLACEMENT_3D('',#2499,#1931,#1932);
#1631=AXIS2_PLACEMENT_3D('',#2500,#1933,#1934);
#1632=AXIS2_PLACEMENT_3D('',#2504,#1936,#1937);
#1633=AXIS2_PLACEMENT_3D('',#2505,#1938,#1939);
#1634=AXIS2_PLACEMENT_3D('',#2506,#1940,#1941);
#1635=AXIS2_PLACEMENT_3D('',#2510,#1943,#1944);
#1636=AXIS2_PLACEMENT_3D('',#2511,#1945,#1946);
#1637=AXIS2_PLACEMENT_3D('',#2512,#1947,#1948);
#1638=AXIS2_PLACEMENT_3D('',#2516,#1950,#1951);
#1639=AXIS2_PLACEMENT_3D('',#2517,#1952,#1953);
#1640=AXIS2_PLACEMENT_3D('',#2518,#1954,#1955);
#1641=AXIS2_PLACEMENT_3D('',#2522,#1957,#1958);
#1642=AXIS2_PLACEMENT_3D('',#2523,#1959,#1960);
#1643=AXIS2_PLACEMENT_3D('',#2524,#1961,#1962);
#1644=AXIS2_PLACEMENT_3D('',#2528,#1964,#1965);
#1645=AXIS2_PLACEMENT_3D('',#2529,#1966,#1967);
#1646=AXIS2_PLACEMENT_3D('',#2530,#1968,#1969);
#1647=AXIS2_PLACEMENT_3D('',#2534,#1971,#1972);
#1648=AXIS2_PLACEMENT_3D('',#2535,#1973,#1974);
#1649=AXIS2_PLACEMENT_3D('',#2536,#1975,#1976);
#1650=AXIS2_PLACEMENT_3D('',#2540,#1978,#1979);
#1651=AXIS2_PLACEMENT_3D('',#2541,#1980,#1981);
#1652=AXIS2_PLACEMENT_3D('',#2542,#1982,#1983);
#1653=AXIS2_PLACEMENT_3D('',#2546,#1985,#1986);
#1654=AXIS2_PLACEMENT_3D('',#2547,#1987,#1988);
#1655=AXIS2_PLACEMENT_3D('',#2548,#1989,#1990);
#1656=AXIS2_PLACEMENT_3D('',#2552,#1992,#1993);
#1657=AXIS2_PLACEMENT_3D('',#2553,#1994,#1995);
#1658=AXIS2_PLACEMENT_3D('',#2554,#1996,#1997);
#1659=AXIS2_PLACEMENT_3D('',#2558,#1999,#2000);
#1660=AXIS2_PLACEMENT_3D('',#2559,#2001,#2002);
#1661=AXIS2_PLACEMENT_3D('',#2560,#2003,#2004);
#1662=AXIS2_PLACEMENT_3D('',#2564,#2006,#2007);
#1663=AXIS2_PLACEMENT_3D('',#2565,#2008,#2009);
#1664=AXIS2_PLACEMENT_3D('',#2566,#2010,#2011);
#1665=AXIS2_PLACEMENT_3D('',#2570,#2013,#2014);
#1666=AXIS2_PLACEMENT_3D('',#2571,#2015,#2016);
#1667=AXIS2_PLACEMENT_3D('',#2572,#2017,#2018);
#1668=AXIS2_PLACEMENT_3D('',#2576,#2020,#2021);
#1669=AXIS2_PLACEMENT_3D('',#2577,#2022,#2023);
#1670=AXIS2_PLACEMENT_3D('',#2578,#2024,#2025);
#1671=AXIS2_PLACEMENT_3D('',#2582,#2027,#2028);
#1672=AXIS2_PLACEMENT_3D('',#2583,#2029,#2030);
#1673=AXIS2_PLACEMENT_3D('',#2584,#2031,#2032);
#1674=AXIS2_PLACEMENT_3D('',#2588,#2034,#2035);
#1675=AXIS2_PLACEMENT_3D('',#2589,#2036,#2037);
#1676=AXIS2_PLACEMENT_3D('',#2590,#2038,#2039);
#1677=AXIS2_PLACEMENT_3D('',#2594,#2041,#2042);
#1678=AXIS2_PLACEMENT_3D('',#2595,#2043,#2044);
#1679=AXIS2_PLACEMENT_3D('',#2596,#2045,#2046);
#1680=AXIS2_PLACEMENT_3D('',#2600,#2048,#2049);
#1681=AXIS2_PLACEMENT_3D('',#2601,#2050,#2051);
#1682=AXIS2_PLACEMENT_3D('',#2602,#2052,#2053);
#1683=AXIS2_PLACEMENT_3D('',#2606,#2055,#2056);
#1684=AXIS2_PLACEMENT_3D('',#2607,#2057,#2058);
#1685=AXIS2_PLACEMENT_3D('',#2608,#2059,#2060);
#1686=AXIS2_PLACEMENT_3D('',#2612,#2062,#2063);
#1687=AXIS2_PLACEMENT_3D('',#2613,#2064,#2065);
#1688=AXIS2_PLACEMENT_3D('',#2614,#2066,#2067);
#1689=AXIS2_PLACEMENT_3D('',#2618,#2069,#2070);
#1690=AXIS2_PLACEMENT_3D('',#2619,#2071,#2072);
#1691=AXIS2_PLACEMENT_3D('',#2620,#2073,#2074);
#1692=AXIS2_PLACEMENT_3D('',#2624,#2076,#2077);
#1693=AXIS2_PLACEMENT_3D('',#2625,#2078,#2079);
#1694=AXIS2_PLACEMENT_3D('',#2626,#2080,#2081);
#1695=AXIS2_PLACEMENT_3D('',#2630,#2083,#2084);
#1696=AXIS2_PLACEMENT_3D('',#2631,#2085,#2086);
#1697=AXIS2_PLACEMENT_3D('',#2632,#2087,#2088);
#1698=AXIS2_PLACEMENT_3D('',#2636,#2090,#2091);
#1699=AXIS2_PLACEMENT_3D('',#2637,#2092,#2093);
#1700=AXIS2_PLACEMENT_3D('',#2638,#2094,#2095);
#1701=AXIS2_PLACEMENT_3D('',#2642,#2097,#2098);
#1702=AXIS2_PLACEMENT_3D('',#2643,#2099,#2100);
#1703=AXIS2_PLACEMENT_3D('',#2644,#2101,#2102);
#1704=AXIS2_PLACEMENT_3D('',#2648,#2104,#2105);
#1705=AXIS2_PLACEMENT_3D('',#2649,#2106,#2107);
#1706=AXIS2_PLACEMENT_3D('',#2650,#2108,#2109);
#1707=AXIS2_PLACEMENT_3D('',#2654,#2111,#2112);
#1708=AXIS2_PLACEMENT_3D('',#2655,#2113,#2114);
#1709=AXIS2_PLACEMENT_3D('',#2656,#2115,#2116);
#1710=AXIS2_PLACEMENT_3D('',#2660,#2118,#2119);
#1711=AXIS2_PLACEMENT_3D('',#2661,#2120,#2121);
#1712=AXIS2_PLACEMENT_3D('',#2662,#2122,#2123);
#1713=AXIS2_PLACEMENT_3D('',#2666,#2125,#2126);
#1714=AXIS2_PLACEMENT_3D('',#2667,#2127,#2128);
#1715=AXIS2_PLACEMENT_3D('',#2668,#2129,#2130);
#1716=AXIS2_PLACEMENT_3D('',#2672,#2132,#2133);
#1717=AXIS2_PLACEMENT_3D('',#2673,#2134,#2135);
#1718=AXIS2_PLACEMENT_3D('',#2674,#2136,#2137);
#1719=AXIS2_PLACEMENT_3D('',#2678,#2139,#2140);
#1720=AXIS2_PLACEMENT_3D('',#2679,#2141,#2142);
#1721=AXIS2_PLACEMENT_3D('',#2680,#2143,#2144);
#1722=AXIS2_PLACEMENT_3D('',#2684,#2146,#2147);
#1723=AXIS2_PLACEMENT_3D('',#2685,#2148,#2149);
#1724=AXIS2_PLACEMENT_3D('',#2686,#2150,#2151);
#1725=AXIS2_PLACEMENT_3D('',#2690,#2153,#2154);
#1726=AXIS2_PLACEMENT_3D('',#2691,#2155,#2156);
#1727=AXIS2_PLACEMENT_3D('',#2692,#2157,#2158);
#1728=AXIS2_PLACEMENT_3D('',#2696,#2160,#2161);
#1729=AXIS2_PLACEMENT_3D('',#2697,#2162,#2163);
#1730=AXIS2_PLACEMENT_3D('',#2698,#2164,#2165);
#1731=AXIS2_PLACEMENT_3D('',#2702,#2167,#2168);
#1732=AXIS2_PLACEMENT_3D('',#2703,#2169,#2170);
#1733=AXIS2_PLACEMENT_3D('',#2704,#2171,#2172);
#1734=AXIS2_PLACEMENT_3D('',#2708,#2174,#2175);
#1735=AXIS2_PLACEMENT_3D('',#2709,#2176,#2177);
#1736=AXIS2_PLACEMENT_3D('',#2710,#2178,#2179);
#1737=AXIS2_PLACEMENT_3D('',#2714,#2181,#2182);
#1738=AXIS2_PLACEMENT_3D('',#2715,#2183,#2184);
#1739=AXIS2_PLACEMENT_3D('',#2716,#2185,#2186);
#1740=AXIS2_PLACEMENT_3D('',#2720,#2188,#2189);
#1741=AXIS2_PLACEMENT_3D('',#2721,#2190,#2191);
#1742=AXIS2_PLACEMENT_3D('',#2722,#2192,#2193);
#1743=AXIS2_PLACEMENT_3D('',#2726,#2195,#2196);
#1744=AXIS2_PLACEMENT_3D('',#2727,#2197,#2198);
#1745=AXIS2_PLACEMENT_3D('',#2728,#2199,#2200);
#1746=AXIS2_PLACEMENT_3D('',#2732,#2202,#2203);
#1747=AXIS2_PLACEMENT_3D('',#2733,#2204,#2205);
#1748=AXIS2_PLACEMENT_3D('',#2734,#2206,#2207);
#1749=AXIS2_PLACEMENT_3D('',#2738,#2209,#2210);
#1750=AXIS2_PLACEMENT_3D('',#2739,#2211,#2212);
#1751=AXIS2_PLACEMENT_3D('',#2740,#2213,#2214);
#1752=AXIS2_PLACEMENT_3D('',#2744,#2216,#2217);
#1753=AXIS2_PLACEMENT_3D('',#2745,#2218,#2219);
#1754=AXIS2_PLACEMENT_3D('',#2746,#2220,#2221);
#1755=AXIS2_PLACEMENT_3D('',#2750,#2223,#2224);
#1756=AXIS2_PLACEMENT_3D('',#2751,#2225,#2226);
#1757=AXIS2_PLACEMENT_3D('',#2752,#2227,#2228);
#1758=AXIS2_PLACEMENT_3D('',#2756,#2230,#2231);
#1759=AXIS2_PLACEMENT_3D('',#2757,#2232,#2233);
#1760=AXIS2_PLACEMENT_3D('',#2758,#2234,#2235);
#1761=AXIS2_PLACEMENT_3D('',#2762,#2237,#2238);
#1762=AXIS2_PLACEMENT_3D('',#2763,#2239,#2240);
#1763=AXIS2_PLACEMENT_3D('',#2764,#2241,#2242);
#1764=AXIS2_PLACEMENT_3D('',#2768,#2244,#2245);
#1765=AXIS2_PLACEMENT_3D('',#2769,#2246,#2247);
#1766=AXIS2_PLACEMENT_3D('',#2770,#2248,#2249);
#1767=AXIS2_PLACEMENT_3D('',#2774,#2251,#2252);
#1768=AXIS2_PLACEMENT_3D('',#2775,#2253,#2254);
#1769=AXIS2_PLACEMENT_3D('',#2776,#2255,#2256);
#1770=AXIS2_PLACEMENT_3D('',#2780,#2258,#2259);
#1771=AXIS2_PLACEMENT_3D('',#2781,#2260,#2261);
#1772=AXIS2_PLACEMENT_3D('',#2782,#2262,#2263);
#1773=AXIS2_PLACEMENT_3D('',#2786,#2265,#2266);
#1774=AXIS2_PLACEMENT_3D('',#2787,#2267,#2268);
#1775=AXIS2_PLACEMENT_3D('',#2788,#2269,#2270);
#1776=AXIS2_PLACEMENT_3D('',#2792,#2272,#2273);
#1777=AXIS2_PLACEMENT_3D('',#2793,#2274,#2275);
#1778=AXIS2_PLACEMENT_3D('',#2794,#2276,#2277);
#1779=AXIS2_PLACEMENT_3D('',#2798,#2279,#2280);
#1780=AXIS2_PLACEMENT_3D('',#2799,#2281,#2282);
#1781=AXIS2_PLACEMENT_3D('',#2800,#2283,#2284);
#1782=AXIS2_PLACEMENT_3D('',#2804,#2286,#2287);
#1783=AXIS2_PLACEMENT_3D('',#2805,#2288,#2289);
#1784=AXIS2_PLACEMENT_3D('',#2806,#2290,#2291);
#1785=AXIS2_PLACEMENT_3D('',#2810,#2293,#2294);
#1786=AXIS2_PLACEMENT_3D('',#2811,#2295,#2296);
#1787=AXIS2_PLACEMENT_3D('',#2812,#2297,#2298);
#1788=AXIS2_PLACEMENT_3D('',#2816,#2300,#2301);
#1789=AXIS2_PLACEMENT_3D('',#2817,#2302,#2303);
#1790=AXIS2_PLACEMENT_3D('',#2818,#2304,#2305);
#1791=AXIS2_PLACEMENT_3D('',#2822,#2307,#2308);
#1792=AXIS2_PLACEMENT_3D('',#2823,#2309,#2310);
#1793=AXIS2_PLACEMENT_3D('',#2824,#2311,#2312);
#1794=AXIS2_PLACEMENT_3D('',#2828,#2314,#2315);
#1795=AXIS2_PLACEMENT_3D('',#2829,#2316,#2317);
#1796=AXIS2_PLACEMENT_3D('',#2830,#2318,#2319);
#1797=AXIS2_PLACEMENT_3D('',#2834,#2321,#2322);
#1798=AXIS2_PLACEMENT_3D('',#2835,#2323,#2324);
#1799=AXIS2_PLACEMENT_3D('',#2836,#2325,#2326);
#1800=AXIS2_PLACEMENT_3D('',#2840,#2328,#2329);
#1801=AXIS2_PLACEMENT_3D('',#2841,#2330,#2331);
#1802=AXIS2_PLACEMENT_3D('',#2842,#2332,#2333);
#1803=AXIS2_PLACEMENT_3D('',#2846,#2335,#2336);
#1804=AXIS2_PLACEMENT_3D('',#2847,#2337,#2338);
#1805=AXIS2_PLACEMENT_3D('',#2848,#2339,#2340);
#1806=AXIS2_PLACEMENT_3D('',#2852,#2342,#2343);
#1807=AXIS2_PLACEMENT_3D('',#2853,#2344,#2345);
#1808=AXIS2_PLACEMENT_3D('',#2854,#2346,#2347);
#1809=AXIS2_PLACEMENT_3D('',#2858,#2349,#2350);
#1810=AXIS2_PLACEMENT_3D('',#2859,#2351,#2352);
#1811=AXIS2_PLACEMENT_3D('',#2860,#2353,#2354);
#1812=AXIS2_PLACEMENT_3D('',#2864,#2356,#2357);
#1813=AXIS2_PLACEMENT_3D('',#2865,#2358,#2359);
#1814=AXIS2_PLACEMENT_3D('',#2866,#2360,#2361);
#1815=AXIS2_PLACEMENT_3D('',#2870,#2363,#2364);
#1816=AXIS2_PLACEMENT_3D('',#2871,#2365,#2366);
#1817=AXIS2_PLACEMENT_3D('',#2872,#2367,#2368);
#1818=AXIS2_PLACEMENT_3D('',#2876,#2370,#2371);
#1819=AXIS2_PLACEMENT_3D('',#2877,#2372,#2373);
#1820=AXIS2_PLACEMENT_3D('',#2878,#2374,#2375);
#1821=AXIS2_PLACEMENT_3D('',#2882,#2377,#2378);
#1822=AXIS2_PLACEMENT_3D('',#2883,#2379,#2380);
#1823=AXIS2_PLACEMENT_3D('',#2884,#2381,#2382);
#1824=AXIS2_PLACEMENT_3D('',#2888,#2384,#2385);
#1825=AXIS2_PLACEMENT_3D('',#2889,#2386,#2387);
#1826=AXIS2_PLACEMENT_3D('',#2890,#2388,#2389);
#1827=AXIS2_PLACEMENT_3D('',#2894,#2391,#2392);
#1828=AXIS2_PLACEMENT_3D('',#2895,#2393,#2394);
#1829=AXIS2_PLACEMENT_3D('',#2896,#2395,#2396);
#1830=AXIS2_PLACEMENT_3D('',#2900,#2398,#2399);
#1831=AXIS2_PLACEMENT_3D('',#2901,#2400,#2401);
#1832=AXIS2_PLACEMENT_3D('',#2902,#2402,#2403);
#1833=AXIS2_PLACEMENT_3D('',#2906,#2405,#2406);
#1834=AXIS2_PLACEMENT_3D('',#2907,#2407,#2408);
#1835=AXIS2_PLACEMENT_3D('',#2908,#2409,#2410);
#1836=AXIS2_PLACEMENT_3D('',#2909,#2411,#2412);
#1837=AXIS2_PLACEMENT_3D('',#2910,#2413,#2414);
#1838=AXIS2_PLACEMENT_3D('',#2911,#2415,#2416);
#1839=DIRECTION('',(0.,0.,1.));
#1840=DIRECTION('',(1.,0.,0.));
#1841=DIRECTION('',(-1.,-9.08232186375291E-17,5.56131819963552E-33));
#1842=DIRECTION('',(5.56131819963552E-33,-1.22464679914735E-16,-1.));
#1843=DIRECTION('',(9.08232186375291E-17,-1.,1.22464679914735E-16));
#1844=DIRECTION('',(-5.56131819963552E-33,1.22464679914735E-16,1.));
#1845=DIRECTION('',(9.08232186375291E-17,-1.,1.22464679914735E-16));
#1846=DIRECTION('',(-5.56131819963552E-33,1.22464679914735E-16,1.));
#1847=DIRECTION('',(-5.56131819963552E-33,1.22464679914735E-16,1.));
#1848=DIRECTION('',(-1.,-9.08232186375291E-17,5.56131819963552E-33));
#1849=DIRECTION('',(-5.56131819963552E-33,1.22464679914735E-16,1.));
#1850=DIRECTION('',(1.,9.08232186375291E-17,-5.56131819963552E-33));
#1851=DIRECTION('',(-5.56131819963552E-33,1.22464679914735E-16,1.));
#1852=DIRECTION('',(-5.56131819963552E-33,1.22464679914735E-16,1.));
#1853=DIRECTION('',(1.,9.08232186375291E-17,-5.56131819963552E-33));
#1854=DIRECTION('',(-5.56131819963552E-33,1.22464679914735E-16,1.));
#1855=DIRECTION('',(-1.,-9.08232186375291E-17,5.56131819963552E-33));
#1856=DIRECTION('',(-5.56131819963552E-33,1.22464679914735E-16,1.));
#1857=DIRECTION('',(1.,9.08232186375291E-17,-5.56131819963552E-33));
#1858=DIRECTION('',(-5.56131819963552E-33,1.22464679914735E-16,1.));
#1859=DIRECTION('',(-5.56131819963552E-33,1.22464679914735E-16,1.));
#1860=DIRECTION('',(1.,9.08232186375291E-17,-5.56131819963552E-33));
#1861=DIRECTION('',(-5.56131819963552E-33,1.22464679914735E-16,1.));
#1862=DIRECTION('',(-1.,-9.08232186375291E-17,5.56131819963552E-33));
#1863=DIRECTION('',(-5.56131819963552E-33,1.22464679914735E-16,1.));
#1864=DIRECTION('',(1.,9.08232186375291E-17,-5.56131819963552E-33));
#1865=DIRECTION('',(-5.56131819963552E-33,1.22464679914735E-16,1.));
#1866=DIRECTION('',(-5.56131819963552E-33,1.22464679914735E-16,1.));
#1867=DIRECTION('',(1.,9.08232186375291E-17,-5.56131819963552E-33));
#1868=DIRECTION('',(-5.56131819963552E-33,1.22464679914735E-16,1.));
#1869=DIRECTION('',(-1.,-9.08232186375291E-17,5.56131819963552E-33));
#1870=DIRECTION('',(-5.56131819963552E-33,1.22464679914735E-16,1.));
#1871=DIRECTION('',(1.,9.08232186375291E-17,-5.56131819963552E-33));
#1872=DIRECTION('',(-5.56131819963552E-33,1.22464679914735E-16,1.));
#1873=DIRECTION('',(-5.56131819963552E-33,1.22464679914735E-16,1.));
#1874=DIRECTION('',(1.,9.08232186375291E-17,-5.56131819963552E-33));
#1875=DIRECTION('',(-5.56131819963552E-33,1.22464679914735E-16,1.));
#1876=DIRECTION('',(-1.,-9.08232186375291E-17,5.56131819963552E-33));
#1877=DIRECTION('',(-5.56131819963552E-33,1.22464679914735E-16,1.));
#1878=DIRECTION('',(1.,9.08232186375291E-17,-5.56131819963552E-33));
#1879=DIRECTION('',(-5.56131819963552E-33,1.22464679914735E-16,1.));
#1880=DIRECTION('',(-5.56131819963552E-33,1.22464679914735E-16,1.));
#1881=DIRECTION('',(1.,9.08232186375291E-17,-5.56131819963552E-33));
#1882=DIRECTION('',(-5.56131819963552E-33,1.22464679914735E-16,1.));
#1883=DIRECTION('',(-1.,-9.08232186375291E-17,5.56131819963552E-33));
#1884=DIRECTION('',(-5.56131819963552E-33,1.22464679914735E-16,1.));
#1885=DIRECTION('',(1.,9.08232186375291E-17,-5.56131819963552E-33));
#1886=DIRECTION('',(-5.56131819963552E-33,1.22464679914735E-16,1.));
#1887=DIRECTION('',(-5.56131819963552E-33,1.22464679914735E-16,1.));
#1888=DIRECTION('',(1.,9.08232186375291E-17,-5.56131819963552E-33));
#1889=DIRECTION('',(-5.56131819963552E-33,1.22464679914735E-16,1.));
#1890=DIRECTION('',(-1.,-9.08232186375291E-17,5.56131819963552E-33));
#1891=DIRECTION('',(-5.56131819963552E-33,1.22464679914735E-16,1.));
#1892=DIRECTION('',(1.,9.08232186375291E-17,-5.56131819963552E-33));
#1893=DIRECTION('',(-5.56131819963552E-33,1.22464679914735E-16,1.));
#1894=DIRECTION('',(-5.56131819963552E-33,1.22464679914735E-16,1.));
#1895=DIRECTION('',(1.,9.08232186375291E-17,-5.56131819963552E-33));
#1896=DIRECTION('',(-5.56131819963552E-33,1.22464679914735E-16,1.));
#1897=DIRECTION('',(-1.,-9.08232186375291E-17,5.56131819963552E-33));
#1898=DIRECTION('',(-5.56131819963552E-33,1.22464679914735E-16,1.));
#1899=DIRECTION('',(1.,9.08232186375291E-17,-5.56131819963552E-33));
#1900=DIRECTION('',(-5.56131819963552E-33,1.22464679914735E-16,1.));
#1901=DIRECTION('',(-5.56131819963552E-33,1.22464679914735E-16,1.));
#1902=DIRECTION('',(1.,9.08232186375291E-17,-5.56131819963552E-33));
#1903=DIRECTION('',(-5.56131819963552E-33,1.22464679914735E-16,1.));
#1904=DIRECTION('',(-1.,-9.08232186375291E-17,5.56131819963552E-33));
#1905=DIRECTION('',(-5.56131819963552E-33,1.22464679914735E-16,1.));
#1906=DIRECTION('',(1.,9.08232186375291E-17,-5.56131819963552E-33));
#1907=DIRECTION('',(-5.56131819963552E-33,1.22464679914735E-16,1.));
#1908=DIRECTION('',(-5.56131819963552E-33,1.22464679914735E-16,1.));
#1909=DIRECTION('',(1.,9.08232186375291E-17,-5.56131819963552E-33));
#1910=DIRECTION('',(-5.56131819963552E-33,1.22464679914735E-16,1.));
#1911=DIRECTION('',(-1.,-9.08232186375291E-17,5.56131819963552E-33));
#1912=DIRECTION('',(-5.56131819963552E-33,1.22464679914735E-16,1.));
#1913=DIRECTION('',(1.,9.08232186375291E-17,-5.56131819963552E-33));
#1914=DIRECTION('',(-5.56131819963552E-33,1.22464679914735E-16,1.));
#1915=DIRECTION('',(-5.56131819963552E-33,1.22464679914735E-16,1.));
#1916=DIRECTION('',(1.,9.08232186375291E-17,-5.56131819963552E-33));
#1917=DIRECTION('',(-5.56131819963552E-33,1.22464679914735E-16,1.));
#1918=DIRECTION('',(-1.,-9.08232186375291E-17,5.56131819963552E-33));
#1919=DIRECTION('',(-5.56131819963552E-33,1.22464679914735E-16,1.));
#1920=DIRECTION('',(1.,9.08232186375291E-17,-5.56131819963552E-33));
#1921=DIRECTION('',(-5.56131819963552E-33,1.22464679914735E-16,1.));
#1922=DIRECTION('',(-5.56131819963552E-33,1.22464679914735E-16,1.));
#1923=DIRECTION('',(1.,9.08232186375291E-17,-5.56131819963552E-33));
#1924=DIRECTION('',(-5.56131819963552E-33,1.22464679914735E-16,1.));
#1925=DIRECTION('',(-1.,-9.08232186375291E-17,5.56131819963552E-33));
#1926=DIRECTION('',(-5.56131819963552E-33,1.22464679914735E-16,1.));
#1927=DIRECTION('',(1.,9.08232186375291E-17,-5.56131819963552E-33));
#1928=DIRECTION('',(-5.56131819963552E-33,1.22464679914735E-16,1.));
#1929=DIRECTION('',(-5.56131819963552E-33,1.22464679914735E-16,1.));
#1930=DIRECTION('',(1.,9.08232186375291E-17,-5.56131819963552E-33));
#1931=DIRECTION('',(-5.56131819963552E-33,1.22464679914735E-16,1.));
#1932=DIRECTION('',(-1.,-9.08232186375291E-17,5.56131819963552E-33));
#1933=DIRECTION('',(-5.56131819963552E-33,1.22464679914735E-16,1.));
#1934=DIRECTION('',(1.,9.08232186375291E-17,-5.56131819963552E-33));
#1935=DIRECTION('',(-5.56131819963552E-33,1.22464679914735E-16,1.));
#1936=DIRECTION('',(-5.56131819963552E-33,1.22464679914735E-16,1.));
#1937=DIRECTION('',(1.,9.08232186375291E-17,-5.56131819963552E-33));
#1938=DIRECTION('',(-5.56131819963552E-33,1.22464679914735E-16,1.));
#1939=DIRECTION('',(-1.,-9.08232186375291E-17,5.56131819963552E-33));
#1940=DIRECTION('',(-5.56131819963552E-33,1.22464679914735E-16,1.));
#1941=DIRECTION('',(1.,9.08232186375291E-17,-5.56131819963552E-33));
#1942=DIRECTION('',(-5.56131819963552E-33,1.22464679914735E-16,1.));
#1943=DIRECTION('',(-5.56131819963552E-33,1.22464679914735E-16,1.));
#1944=DIRECTION('',(1.,9.08232186375291E-17,-5.56131819963552E-33));
#1945=DIRECTION('',(-5.56131819963552E-33,1.22464679914735E-16,1.));
#1946=DIRECTION('',(-1.,-9.08232186375291E-17,5.56131819963552E-33));
#1947=DIRECTION('',(-5.56131819963552E-33,1.22464679914735E-16,1.));
#1948=DIRECTION('',(1.,9.08232186375291E-17,-5.56131819963552E-33));
#1949=DIRECTION('',(-5.56131819963552E-33,1.22464679914735E-16,1.));
#1950=DIRECTION('',(-5.56131819963552E-33,1.22464679914735E-16,1.));
#1951=DIRECTION('',(1.,9.08232186375291E-17,-5.56131819963552E-33));
#1952=DIRECTION('',(-5.56131819963552E-33,1.22464679914735E-16,1.));
#1953=DIRECTION('',(-1.,-9.08232186375291E-17,5.56131819963552E-33));
#1954=DIRECTION('',(-5.56131819963552E-33,1.22464679914735E-16,1.));
#1955=DIRECTION('',(1.,9.08232186375291E-17,-5.56131819963552E-33));
#1956=DIRECTION('',(-5.56131819963552E-33,1.22464679914735E-16,1.));
#1957=DIRECTION('',(-5.56131819963552E-33,1.22464679914735E-16,1.));
#1958=DIRECTION('',(1.,9.08232186375291E-17,-5.56131819963552E-33));
#1959=DIRECTION('',(-5.56131819963552E-33,1.22464679914735E-16,1.));
#1960=DIRECTION('',(-1.,-9.08232186375291E-17,5.56131819963552E-33));
#1961=DIRECTION('',(-5.56131819963552E-33,1.22464679914735E-16,1.));
#1962=DIRECTION('',(1.,9.08232186375291E-17,-5.56131819963552E-33));
#1963=DIRECTION('',(-5.56131819963552E-33,1.22464679914735E-16,1.));
#1964=DIRECTION('',(-5.56131819963552E-33,1.22464679914735E-16,1.));
#1965=DIRECTION('',(1.,9.08232186375291E-17,-5.56131819963552E-33));
#1966=DIRECTION('',(-5.56131819963552E-33,1.22464679914735E-16,1.));
#1967=DIRECTION('',(-1.,-9.08232186375291E-17,5.56131819963552E-33));
#1968=DIRECTION('',(-5.56131819963552E-33,1.22464679914735E-16,1.));
#1969=DIRECTION('',(1.,9.08232186375291E-17,-5.56131819963552E-33));
#1970=DIRECTION('',(-5.56131819963552E-33,1.22464679914735E-16,1.));
#1971=DIRECTION('',(-5.56131819963552E-33,1.22464679914735E-16,1.));
#1972=DIRECTION('',(1.,9.08232186375291E-17,-5.56131819963552E-33));
#1973=DIRECTION('',(-5.56131819963552E-33,1.22464679914735E-16,1.));
#1974=DIRECTION('',(-1.,-9.08232186375291E-17,5.56131819963552E-33));
#1975=DIRECTION('',(-5.56131819963552E-33,1.22464679914735E-16,1.));
#1976=DIRECTION('',(1.,9.08232186375291E-17,-5.56131819963552E-33));
#1977=DIRECTION('',(-5.56131819963552E-33,1.22464679914735E-16,1.));
#1978=DIRECTION('',(-5.56131819963552E-33,1.22464679914735E-16,1.));
#1979=DIRECTION('',(1.,9.08232186375291E-17,-5.56131819963552E-33));
#1980=DIRECTION('',(-5.56131819963552E-33,1.22464679914735E-16,1.));
#1981=DIRECTION('',(-1.,-9.08232186375291E-17,5.56131819963552E-33));
#1982=DIRECTION('',(5.56131819963552E-33,-1.22464679914735E-16,-1.));
#1983=DIRECTION('',(1.,9.08232186375291E-17,-5.56131819963552E-33));
#1984=DIRECTION('',(-5.56131819963552E-33,1.22464679914735E-16,1.));
#1985=DIRECTION('',(5.56131819963552E-33,-1.22464679914735E-16,-1.));
#1986=DIRECTION('',(1.,9.08232186375291E-17,-5.56131819963552E-33));
#1987=DIRECTION('',(-5.56131819963552E-33,1.22464679914735E-16,1.));
#1988=DIRECTION('',(-1.,-9.08232186375291E-17,5.56131819963552E-33));
#1989=DIRECTION('',(5.56131819963552E-33,-1.22464679914735E-16,-1.));
#1990=DIRECTION('',(1.,9.08232186375291E-17,-5.56131819963552E-33));
#1991=DIRECTION('',(-5.56131819963552E-33,1.22464679914735E-16,1.));
#1992=DIRECTION('',(5.56131819963552E-33,-1.22464679914735E-16,-1.));
#1993=DIRECTION('',(1.,9.08232186375291E-17,-5.56131819963552E-33));
#1994=DIRECTION('',(-5.56131819963552E-33,1.22464679914735E-16,1.));
#1995=DIRECTION('',(-1.,-9.08232186375291E-17,5.56131819963552E-33));
#1996=DIRECTION('',(5.56131819963552E-33,-1.22464679914735E-16,-1.));
#1997=DIRECTION('',(1.,9.08232186375291E-17,-5.56131819963552E-33));
#1998=DIRECTION('',(-5.56131819963552E-33,1.22464679914735E-16,1.));
#1999=DIRECTION('',(5.56131819963552E-33,-1.22464679914735E-16,-1.));
#2000=DIRECTION('',(1.,9.08232186375291E-17,-5.56131819963552E-33));
#2001=DIRECTION('',(-5.56131819963552E-33,1.22464679914735E-16,1.));
#2002=DIRECTION('',(-1.,-9.08232186375291E-17,5.56131819963552E-33));
#2003=DIRECTION('',(5.56131819963552E-33,-1.22464679914735E-16,-1.));
#2004=DIRECTION('',(1.,9.08232186375291E-17,-5.56131819963552E-33));
#2005=DIRECTION('',(-5.56131819963552E-33,1.22464679914735E-16,1.));
#2006=DIRECTION('',(5.56131819963552E-33,-1.22464679914735E-16,-1.));
#2007=DIRECTION('',(1.,9.08232186375291E-17,-5.56131819963552E-33));
#2008=DIRECTION('',(-5.56131819963552E-33,1.22464679914735E-16,1.));
#2009=DIRECTION('',(-1.,-9.08232186375291E-17,5.56131819963552E-33));
#2010=DIRECTION('',(-5.56131819963552E-33,1.22464679914735E-16,1.));
#2011=DIRECTION('',(1.,9.08232186375291E-17,-5.56131819963552E-33));
#2012=DIRECTION('',(-5.56131819963552E-33,1.22464679914735E-16,1.));
#2013=DIRECTION('',(-5.56131819963552E-33,1.22464679914735E-16,1.));
#2014=DIRECTION('',(1.,9.08232186375291E-17,-5.56131819963552E-33));
#2015=DIRECTION('',(-5.56131819963552E-33,1.22464679914735E-16,1.));
#2016=DIRECTION('',(-1.,-9.08232186375291E-17,5.56131819963552E-33));
#2017=DIRECTION('',(-5.56131819963552E-33,1.22464679914735E-16,1.));
#2018=DIRECTION('',(1.,9.08232186375291E-17,-5.56131819963552E-33));
#2019=DIRECTION('',(-5.56131819963552E-33,1.22464679914735E-16,1.));
#2020=DIRECTION('',(-5.56131819963552E-33,1.22464679914735E-16,1.));
#2021=DIRECTION('',(1.,9.08232186375291E-17,-5.56131819963552E-33));
#2022=DIRECTION('',(-5.56131819963552E-33,1.22464679914735E-16,1.));
#2023=DIRECTION('',(-1.,-9.08232186375291E-17,5.56131819963552E-33));
#2024=DIRECTION('',(-5.56131819963552E-33,1.22464679914735E-16,1.));
#2025=DIRECTION('',(1.,9.08232186375291E-17,-5.56131819963552E-33));
#2026=DIRECTION('',(-5.56131819963552E-33,1.22464679914735E-16,1.));
#2027=DIRECTION('',(-5.56131819963552E-33,1.22464679914735E-16,1.));
#2028=DIRECTION('',(1.,9.08232186375291E-17,-5.56131819963552E-33));
#2029=DIRECTION('',(-5.56131819963552E-33,1.22464679914735E-16,1.));
#2030=DIRECTION('',(-1.,-9.08232186375291E-17,5.56131819963552E-33));
#2031=DIRECTION('',(-5.56131819963552E-33,1.22464679914735E-16,1.));
#2032=DIRECTION('',(1.,9.08232186375291E-17,-5.56131819963552E-33));
#2033=DIRECTION('',(-5.56131819963552E-33,1.22464679914735E-16,1.));
#2034=DIRECTION('',(-5.56131819963552E-33,1.22464679914735E-16,1.));
#2035=DIRECTION('',(1.,9.08232186375291E-17,-5.56131819963552E-33));
#2036=DIRECTION('',(-5.56131819963552E-33,1.22464679914735E-16,1.));
#2037=DIRECTION('',(-1.,-9.08232186375291E-17,5.56131819963552E-33));
#2038=DIRECTION('',(-5.56131819963552E-33,1.22464679914735E-16,1.));
#2039=DIRECTION('',(1.,9.08232186375291E-17,-5.56131819963552E-33));
#2040=DIRECTION('',(-5.56131819963552E-33,1.22464679914735E-16,1.));
#2041=DIRECTION('',(-5.56131819963552E-33,1.22464679914735E-16,1.));
#2042=DIRECTION('',(1.,9.08232186375291E-17,-5.56131819963552E-33));
#2043=DIRECTION('',(-5.56131819963552E-33,1.22464679914735E-16,1.));
#2044=DIRECTION('',(-1.,-9.08232186375291E-17,5.56131819963552E-33));
#2045=DIRECTION('',(-5.56131819963552E-33,1.22464679914735E-16,1.));
#2046=DIRECTION('',(1.,9.08232186375291E-17,-5.56131819963552E-33));
#2047=DIRECTION('',(-5.56131819963552E-33,1.22464679914735E-16,1.));
#2048=DIRECTION('',(-5.56131819963552E-33,1.22464679914735E-16,1.));
#2049=DIRECTION('',(1.,9.08232186375291E-17,-5.56131819963552E-33));
#2050=DIRECTION('',(-5.56131819963552E-33,1.22464679914735E-16,1.));
#2051=DIRECTION('',(-1.,-9.08232186375291E-17,5.56131819963552E-33));
#2052=DIRECTION('',(-5.56131819963552E-33,1.22464679914735E-16,1.));
#2053=DIRECTION('',(1.,9.08232186375291E-17,-5.56131819963552E-33));
#2054=DIRECTION('',(-5.56131819963552E-33,1.22464679914735E-16,1.));
#2055=DIRECTION('',(-5.56131819963552E-33,1.22464679914735E-16,1.));
#2056=DIRECTION('',(1.,9.08232186375291E-17,-5.56131819963552E-33));
#2057=DIRECTION('',(-5.56131819963552E-33,1.22464679914735E-16,1.));
#2058=DIRECTION('',(-1.,-9.08232186375291E-17,5.56131819963552E-33));
#2059=DIRECTION('',(-5.56131819963552E-33,1.22464679914735E-16,1.));
#2060=DIRECTION('',(1.,9.08232186375291E-17,-5.56131819963552E-33));
#2061=DIRECTION('',(-5.56131819963552E-33,1.22464679914735E-16,1.));
#2062=DIRECTION('',(-5.56131819963552E-33,1.22464679914735E-16,1.));
#2063=DIRECTION('',(1.,9.08232186375291E-17,-5.56131819963552E-33));
#2064=DIRECTION('',(-5.56131819963552E-33,1.22464679914735E-16,1.));
#2065=DIRECTION('',(-1.,-9.08232186375291E-17,5.56131819963552E-33));
#2066=DIRECTION('',(5.56131819963552E-33,-1.22464679914735E-16,-1.));
#2067=DIRECTION('',(1.,9.08232186375291E-17,-5.56131819963552E-33));
#2068=DIRECTION('',(-5.56131819963552E-33,1.22464679914735E-16,1.));
#2069=DIRECTION('',(5.56131819963552E-33,-1.22464679914735E-16,-1.));
#2070=DIRECTION('',(1.,9.08232186375291E-17,-5.56131819963552E-33));
#2071=DIRECTION('',(-5.56131819963552E-33,1.22464679914735E-16,1.));
#2072=DIRECTION('',(-1.,-9.08232186375291E-17,5.56131819963552E-33));
#2073=DIRECTION('',(5.56131819963552E-33,-1.22464679914735E-16,-1.));
#2074=DIRECTION('',(1.,9.08232186375291E-17,-5.56131819963552E-33));
#2075=DIRECTION('',(-5.56131819963552E-33,1.22464679914735E-16,1.));
#2076=DIRECTION('',(5.56131819963552E-33,-1.22464679914735E-16,-1.));
#2077=DIRECTION('',(1.,9.08232186375291E-17,-5.56131819963552E-33));
#2078=DIRECTION('',(-5.56131819963552E-33,1.22464679914735E-16,1.));
#2079=DIRECTION('',(-1.,-9.08232186375291E-17,5.56131819963552E-33));
#2080=DIRECTION('',(5.56131819963552E-33,-1.22464679914735E-16,-1.));
#2081=DIRECTION('',(1.,9.08232186375291E-17,-5.56131819963552E-33));
#2082=DIRECTION('',(-5.56131819963552E-33,1.22464679914735E-16,1.));
#2083=DIRECTION('',(5.56131819963552E-33,-1.22464679914735E-16,-1.));
#2084=DIRECTION('',(1.,9.08232186375291E-17,-5.56131819963552E-33));
#2085=DIRECTION('',(-5.56131819963552E-33,1.22464679914735E-16,1.));
#2086=DIRECTION('',(-1.,-9.08232186375291E-17,5.56131819963552E-33));
#2087=DIRECTION('',(5.56131819963552E-33,-1.22464679914735E-16,-1.));
#2088=DIRECTION('',(1.,9.08232186375291E-17,-5.56131819963552E-33));
#2089=DIRECTION('',(-5.56131819963552E-33,1.22464679914735E-16,1.));
#2090=DIRECTION('',(5.56131819963552E-33,-1.22464679914735E-16,-1.));
#2091=DIRECTION('',(1.,9.08232186375291E-17,-5.56131819963552E-33));
#2092=DIRECTION('',(-5.56131819963552E-33,1.22464679914735E-16,1.));
#2093=DIRECTION('',(-1.,-9.08232186375291E-17,5.56131819963552E-33));
#2094=DIRECTION('',(5.56131819963552E-33,-1.22464679914735E-16,-1.));
#2095=DIRECTION('',(1.,9.08232186375291E-17,-5.56131819963552E-33));
#2096=DIRECTION('',(-5.56131819963552E-33,1.22464679914735E-16,1.));
#2097=DIRECTION('',(5.56131819963552E-33,-1.22464679914735E-16,-1.));
#2098=DIRECTION('',(1.,9.08232186375291E-17,-5.56131819963552E-33));
#2099=DIRECTION('',(-5.56131819963552E-33,1.22464679914735E-16,1.));
#2100=DIRECTION('',(-1.,-9.08232186375291E-17,5.56131819963552E-33));
#2101=DIRECTION('',(5.56131819963552E-33,-1.22464679914735E-16,-1.));
#2102=DIRECTION('',(1.,9.08232186375291E-17,-5.56131819963552E-33));
#2103=DIRECTION('',(-5.56131819963552E-33,1.22464679914735E-16,1.));
#2104=DIRECTION('',(5.56131819963552E-33,-1.22464679914735E-16,-1.));
#2105=DIRECTION('',(1.,9.08232186375291E-17,-5.56131819963552E-33));
#2106=DIRECTION('',(-5.56131819963552E-33,1.22464679914735E-16,1.));
#2107=DIRECTION('',(-1.,-9.08232186375291E-17,5.56131819963552E-33));
#2108=DIRECTION('',(5.56131819963552E-33,-1.22464679914735E-16,-1.));
#2109=DIRECTION('',(1.,9.08232186375291E-17,-5.56131819963552E-33));
#2110=DIRECTION('',(-5.56131819963552E-33,1.22464679914735E-16,1.));
#2111=DIRECTION('',(5.56131819963552E-33,-1.22464679914735E-16,-1.));
#2112=DIRECTION('',(1.,9.08232186375291E-17,-5.56131819963552E-33));
#2113=DIRECTION('',(-5.56131819963552E-33,1.22464679914735E-16,1.));
#2114=DIRECTION('',(-1.,-9.08232186375291E-17,5.56131819963552E-33));
#2115=DIRECTION('',(5.56131819963552E-33,-1.22464679914735E-16,-1.));
#2116=DIRECTION('',(1.,9.08232186375291E-17,-5.56131819963552E-33));
#2117=DIRECTION('',(-5.56131819963552E-33,1.22464679914735E-16,1.));
#2118=DIRECTION('',(5.56131819963552E-33,-1.22464679914735E-16,-1.));
#2119=DIRECTION('',(1.,9.08232186375291E-17,-5.56131819963552E-33));
#2120=DIRECTION('',(-5.56131819963552E-33,1.22464679914735E-16,1.));
#2121=DIRECTION('',(-1.,-9.08232186375291E-17,5.56131819963552E-33));
#2122=DIRECTION('',(-5.56131819963552E-33,1.22464679914735E-16,1.));
#2123=DIRECTION('',(1.,9.08232186375291E-17,-5.56131819963552E-33));
#2124=DIRECTION('',(-5.56131819963552E-33,1.22464679914735E-16,1.));
#2125=DIRECTION('',(-5.56131819963552E-33,1.22464679914735E-16,1.));
#2126=DIRECTION('',(1.,9.08232186375291E-17,-5.56131819963552E-33));
#2127=DIRECTION('',(-5.56131819963552E-33,1.22464679914735E-16,1.));
#2128=DIRECTION('',(-1.,-9.08232186375291E-17,5.56131819963552E-33));
#2129=DIRECTION('',(-5.56131819963552E-33,1.22464679914735E-16,1.));
#2130=DIRECTION('',(1.,9.08232186375291E-17,-5.56131819963552E-33));
#2131=DIRECTION('',(-5.56131819963552E-33,1.22464679914735E-16,1.));
#2132=DIRECTION('',(-5.56131819963552E-33,1.22464679914735E-16,1.));
#2133=DIRECTION('',(1.,9.08232186375291E-17,-5.56131819963552E-33));
#2134=DIRECTION('',(-5.56131819963552E-33,1.22464679914735E-16,1.));
#2135=DIRECTION('',(-1.,-9.08232186375291E-17,5.56131819963552E-33));
#2136=DIRECTION('',(-5.56131819963552E-33,1.22464679914735E-16,1.));
#2137=DIRECTION('',(1.,9.08232186375291E-17,-5.56131819963552E-33));
#2138=DIRECTION('',(-5.56131819963552E-33,1.22464679914735E-16,1.));
#2139=DIRECTION('',(-5.56131819963552E-33,1.22464679914735E-16,1.));
#2140=DIRECTION('',(1.,9.08232186375291E-17,-5.56131819963552E-33));
#2141=DIRECTION('',(-5.56131819963552E-33,1.22464679914735E-16,1.));
#2142=DIRECTION('',(-1.,-9.08232186375291E-17,5.56131819963552E-33));
#2143=DIRECTION('',(-5.56131819963552E-33,1.22464679914735E-16,1.));
#2144=DIRECTION('',(1.,9.08232186375291E-17,-5.56131819963552E-33));
#2145=DIRECTION('',(-5.56131819963552E-33,1.22464679914735E-16,1.));
#2146=DIRECTION('',(-5.56131819963552E-33,1.22464679914735E-16,1.));
#2147=DIRECTION('',(1.,9.08232186375291E-17,-5.56131819963552E-33));
#2148=DIRECTION('',(-5.56131819963552E-33,1.22464679914735E-16,1.));
#2149=DIRECTION('',(-1.,-9.08232186375291E-17,5.56131819963552E-33));
#2150=DIRECTION('',(5.56131819963552E-33,-1.22464679914735E-16,-1.));
#2151=DIRECTION('',(1.,9.08232186375291E-17,-5.56131819963552E-33));
#2152=DIRECTION('',(-5.56131819963552E-33,1.22464679914735E-16,1.));
#2153=DIRECTION('',(5.56131819963552E-33,-1.22464679914735E-16,-1.));
#2154=DIRECTION('',(1.,9.08232186375291E-17,-5.56131819963552E-33));
#2155=DIRECTION('',(-5.56131819963552E-33,1.22464679914735E-16,1.));
#2156=DIRECTION('',(-1.,-9.08232186375291E-17,5.56131819963552E-33));
#2157=DIRECTION('',(5.56131819963552E-33,-1.22464679914735E-16,-1.));
#2158=DIRECTION('',(1.,9.08232186375291E-17,-5.56131819963552E-33));
#2159=DIRECTION('',(-5.56131819963552E-33,1.22464679914735E-16,1.));
#2160=DIRECTION('',(5.56131819963552E-33,-1.22464679914735E-16,-1.));
#2161=DIRECTION('',(1.,9.08232186375291E-17,-5.56131819963552E-33));
#2162=DIRECTION('',(-5.56131819963552E-33,1.22464679914735E-16,1.));
#2163=DIRECTION('',(-1.,-9.08232186375291E-17,5.56131819963552E-33));
#2164=DIRECTION('',(5.56131819963552E-33,-1.22464679914735E-16,-1.));
#2165=DIRECTION('',(1.,9.08232186375291E-17,-5.56131819963552E-33));
#2166=DIRECTION('',(-5.56131819963552E-33,1.22464679914735E-16,1.));
#2167=DIRECTION('',(5.56131819963552E-33,-1.22464679914735E-16,-1.));
#2168=DIRECTION('',(1.,9.08232186375291E-17,-5.56131819963552E-33));
#2169=DIRECTION('',(-5.56131819963552E-33,1.22464679914735E-16,1.));
#2170=DIRECTION('',(-1.,-9.08232186375291E-17,5.56131819963552E-33));
#2171=DIRECTION('',(-5.56131819963552E-33,1.22464679914735E-16,1.));
#2172=DIRECTION('',(1.,9.08232186375291E-17,-5.56131819963552E-33));
#2173=DIRECTION('',(-5.56131819963552E-33,1.22464679914735E-16,1.));
#2174=DIRECTION('',(-5.56131819963552E-33,1.22464679914735E-16,1.));
#2175=DIRECTION('',(1.,9.08232186375291E-17,-5.56131819963552E-33));
#2176=DIRECTION('',(-5.56131819963552E-33,1.22464679914735E-16,1.));
#2177=DIRECTION('',(-1.,-9.08232186375291E-17,5.56131819963552E-33));
#2178=DIRECTION('',(-5.56131819963552E-33,1.22464679914735E-16,1.));
#2179=DIRECTION('',(1.,9.08232186375291E-17,-5.56131819963552E-33));
#2180=DIRECTION('',(-5.56131819963552E-33,1.22464679914735E-16,1.));
#2181=DIRECTION('',(-5.56131819963552E-33,1.22464679914735E-16,1.));
#2182=DIRECTION('',(1.,9.08232186375291E-17,-5.56131819963552E-33));
#2183=DIRECTION('',(-5.56131819963552E-33,1.22464679914735E-16,1.));
#2184=DIRECTION('',(-1.,-9.08232186375291E-17,5.56131819963552E-33));
#2185=DIRECTION('',(-5.56131819963552E-33,1.22464679914735E-16,1.));
#2186=DIRECTION('',(1.,9.08232186375291E-17,-5.56131819963552E-33));
#2187=DIRECTION('',(-5.56131819963552E-33,1.22464679914735E-16,1.));
#2188=DIRECTION('',(-5.56131819963552E-33,1.22464679914735E-16,1.));
#2189=DIRECTION('',(1.,9.08232186375291E-17,-5.56131819963552E-33));
#2190=DIRECTION('',(-5.56131819963552E-33,1.22464679914735E-16,1.));
#2191=DIRECTION('',(-1.,-9.08232186375291E-17,5.56131819963552E-33));
#2192=DIRECTION('',(-5.56131819963552E-33,1.22464679914735E-16,1.));
#2193=DIRECTION('',(1.,9.08232186375291E-17,-5.56131819963552E-33));
#2194=DIRECTION('',(-5.56131819963552E-33,1.22464679914735E-16,1.));
#2195=DIRECTION('',(-5.56131819963552E-33,1.22464679914735E-16,1.));
#2196=DIRECTION('',(1.,9.08232186375291E-17,-5.56131819963552E-33));
#2197=DIRECTION('',(-5.56131819963552E-33,1.22464679914735E-16,1.));
#2198=DIRECTION('',(-1.,-9.08232186375291E-17,5.56131819963552E-33));
#2199=DIRECTION('',(5.56131819963552E-33,-1.22464679914735E-16,-1.));
#2200=DIRECTION('',(1.,9.08232186375291E-17,-5.56131819963552E-33));
#2201=DIRECTION('',(-5.56131819963552E-33,1.22464679914735E-16,1.));
#2202=DIRECTION('',(5.56131819963552E-33,-1.22464679914735E-16,-1.));
#2203=DIRECTION('',(1.,9.08232186375291E-17,-5.56131819963552E-33));
#2204=DIRECTION('',(-5.56131819963552E-33,1.22464679914735E-16,1.));
#2205=DIRECTION('',(-1.,-9.08232186375291E-17,5.56131819963552E-33));
#2206=DIRECTION('',(5.56131819963552E-33,-1.22464679914735E-16,-1.));
#2207=DIRECTION('',(1.,9.08232186375291E-17,-5.56131819963552E-33));
#2208=DIRECTION('',(-5.56131819963552E-33,1.22464679914735E-16,1.));
#2209=DIRECTION('',(5.56131819963552E-33,-1.22464679914735E-16,-1.));
#2210=DIRECTION('',(1.,9.08232186375291E-17,-5.56131819963552E-33));
#2211=DIRECTION('',(-5.56131819963552E-33,1.22464679914735E-16,1.));
#2212=DIRECTION('',(-1.,-9.08232186375291E-17,5.56131819963552E-33));
#2213=DIRECTION('',(5.56131819963552E-33,-1.22464679914735E-16,-1.));
#2214=DIRECTION('',(1.,9.08232186375291E-17,-5.56131819963552E-33));
#2215=DIRECTION('',(-5.56131819963552E-33,1.22464679914735E-16,1.));
#2216=DIRECTION('',(5.56131819963552E-33,-1.22464679914735E-16,-1.));
#2217=DIRECTION('',(1.,9.08232186375291E-17,-5.56131819963552E-33));
#2218=DIRECTION('',(-5.56131819963552E-33,1.22464679914735E-16,1.));
#2219=DIRECTION('',(-1.,-9.08232186375291E-17,5.56131819963552E-33));
#2220=DIRECTION('',(5.56131819963552E-33,-1.22464679914735E-16,-1.));
#2221=DIRECTION('',(1.,9.08232186375291E-17,-5.56131819963552E-33));
#2222=DIRECTION('',(-5.56131819963552E-33,1.22464679914735E-16,1.));
#2223=DIRECTION('',(5.56131819963552E-33,-1.22464679914735E-16,-1.));
#2224=DIRECTION('',(1.,9.08232186375291E-17,-5.56131819963552E-33));
#2225=DIRECTION('',(-5.56131819963552E-33,1.22464679914735E-16,1.));
#2226=DIRECTION('',(-1.,-9.08232186375291E-17,5.56131819963552E-33));
#2227=DIRECTION('',(5.56131819963552E-33,-1.22464679914735E-16,-1.));
#2228=DIRECTION('',(1.,9.08232186375291E-17,-5.56131819963552E-33));
#2229=DIRECTION('',(-5.56131819963552E-33,1.22464679914735E-16,1.));
#2230=DIRECTION('',(5.56131819963552E-33,-1.22464679914735E-16,-1.));
#2231=DIRECTION('',(1.,9.08232186375291E-17,-5.56131819963552E-33));
#2232=DIRECTION('',(-5.56131819963552E-33,1.22464679914735E-16,1.));
#2233=DIRECTION('',(-1.,-9.08232186375291E-17,5.56131819963552E-33));
#2234=DIRECTION('',(5.56131819963552E-33,-1.22464679914735E-16,-1.));
#2235=DIRECTION('',(1.,9.08232186375291E-17,-5.56131819963552E-33));
#2236=DIRECTION('',(-5.56131819963552E-33,1.22464679914735E-16,1.));
#2237=DIRECTION('',(5.56131819963552E-33,-1.22464679914735E-16,-1.));
#2238=DIRECTION('',(1.,9.08232186375291E-17,-5.56131819963552E-33));
#2239=DIRECTION('',(-5.56131819963552E-33,1.22464679914735E-16,1.));
#2240=DIRECTION('',(-1.,-9.08232186375291E-17,5.56131819963552E-33));
#2241=DIRECTION('',(5.56131819963552E-33,-1.22464679914735E-16,-1.));
#2242=DIRECTION('',(1.,9.08232186375291E-17,-5.56131819963552E-33));
#2243=DIRECTION('',(-5.56131819963552E-33,1.22464679914735E-16,1.));
#2244=DIRECTION('',(5.56131819963552E-33,-1.22464679914735E-16,-1.));
#2245=DIRECTION('',(1.,9.08232186375291E-17,-5.56131819963552E-33));
#2246=DIRECTION('',(-5.56131819963552E-33,1.22464679914735E-16,1.));
#2247=DIRECTION('',(-1.,-9.08232186375291E-17,5.56131819963552E-33));
#2248=DIRECTION('',(5.56131819963552E-33,-1.22464679914735E-16,-1.));
#2249=DIRECTION('',(1.,9.08232186375291E-17,-5.56131819963552E-33));
#2250=DIRECTION('',(-5.56131819963552E-33,1.22464679914735E-16,1.));
#2251=DIRECTION('',(5.56131819963552E-33,-1.22464679914735E-16,-1.));
#2252=DIRECTION('',(1.,9.08232186375291E-17,-5.56131819963552E-33));
#2253=DIRECTION('',(-5.56131819963552E-33,1.22464679914735E-16,1.));
#2254=DIRECTION('',(-1.,-9.08232186375291E-17,5.56131819963552E-33));
#2255=DIRECTION('',(5.56131819963552E-33,-1.22464679914735E-16,-1.));
#2256=DIRECTION('',(1.,9.08232186375291E-17,-5.56131819963552E-33));
#2257=DIRECTION('',(-5.56131819963552E-33,1.22464679914735E-16,1.));
#2258=DIRECTION('',(5.56131819963552E-33,-1.22464679914735E-16,-1.));
#2259=DIRECTION('',(1.,9.08232186375291E-17,-5.56131819963552E-33));
#2260=DIRECTION('',(-5.56131819963552E-33,1.22464679914735E-16,1.));
#2261=DIRECTION('',(-1.,-9.08232186375291E-17,5.56131819963552E-33));
#2262=DIRECTION('',(5.56131819963552E-33,-1.22464679914735E-16,-1.));
#2263=DIRECTION('',(1.,9.08232186375291E-17,-5.56131819963552E-33));
#2264=DIRECTION('',(-5.56131819963552E-33,1.22464679914735E-16,1.));
#2265=DIRECTION('',(5.56131819963552E-33,-1.22464679914735E-16,-1.));
#2266=DIRECTION('',(1.,9.08232186375291E-17,-5.56131819963552E-33));
#2267=DIRECTION('',(-5.56131819963552E-33,1.22464679914735E-16,1.));
#2268=DIRECTION('',(-1.,-9.08232186375291E-17,5.56131819963552E-33));
#2269=DIRECTION('',(5.56131819963552E-33,-1.22464679914735E-16,-1.));
#2270=DIRECTION('',(1.,9.08232186375291E-17,-5.56131819963552E-33));
#2271=DIRECTION('',(-5.56131819963552E-33,1.22464679914735E-16,1.));
#2272=DIRECTION('',(5.56131819963552E-33,-1.22464679914735E-16,-1.));
#2273=DIRECTION('',(1.,9.08232186375291E-17,-5.56131819963552E-33));
#2274=DIRECTION('',(-5.56131819963552E-33,1.22464679914735E-16,1.));
#2275=DIRECTION('',(-1.,-9.08232186375291E-17,5.56131819963552E-33));
#2276=DIRECTION('',(5.56131819963552E-33,-1.22464679914735E-16,-1.));
#2277=DIRECTION('',(1.,9.08232186375291E-17,-5.56131819963552E-33));
#2278=DIRECTION('',(-5.56131819963552E-33,1.22464679914735E-16,1.));
#2279=DIRECTION('',(5.56131819963552E-33,-1.22464679914735E-16,-1.));
#2280=DIRECTION('',(1.,9.08232186375291E-17,-5.56131819963552E-33));
#2281=DIRECTION('',(-5.56131819963552E-33,1.22464679914735E-16,1.));
#2282=DIRECTION('',(-1.,-9.08232186375291E-17,5.56131819963552E-33));
#2283=DIRECTION('',(5.56131819963552E-33,-1.22464679914735E-16,-1.));
#2284=DIRECTION('',(1.,9.08232186375291E-17,-5.56131819963552E-33));
#2285=DIRECTION('',(-5.56131819963552E-33,1.22464679914735E-16,1.));
#2286=DIRECTION('',(5.56131819963552E-33,-1.22464679914735E-16,-1.));
#2287=DIRECTION('',(1.,9.08232186375291E-17,-5.56131819963552E-33));
#2288=DIRECTION('',(-5.56131819963552E-33,1.22464679914735E-16,1.));
#2289=DIRECTION('',(-1.,-9.08232186375291E-17,5.56131819963552E-33));
#2290=DIRECTION('',(5.56131819963552E-33,-1.22464679914735E-16,-1.));
#2291=DIRECTION('',(1.,9.08232186375291E-17,-5.56131819963552E-33));
#2292=DIRECTION('',(-5.56131819963552E-33,1.22464679914735E-16,1.));
#2293=DIRECTION('',(5.56131819963552E-33,-1.22464679914735E-16,-1.));
#2294=DIRECTION('',(1.,9.08232186375291E-17,-5.56131819963552E-33));
#2295=DIRECTION('',(-5.56131819963552E-33,1.22464679914735E-16,1.));
#2296=DIRECTION('',(-1.,-9.08232186375291E-17,5.56131819963552E-33));
#2297=DIRECTION('',(5.56131819963552E-33,-1.22464679914735E-16,-1.));
#2298=DIRECTION('',(1.,9.08232186375291E-17,-5.56131819963552E-33));
#2299=DIRECTION('',(-5.56131819963552E-33,1.22464679914735E-16,1.));
#2300=DIRECTION('',(5.56131819963552E-33,-1.22464679914735E-16,-1.));
#2301=DIRECTION('',(1.,9.08232186375291E-17,-5.56131819963552E-33));
#2302=DIRECTION('',(-5.56131819963552E-33,1.22464679914735E-16,1.));
#2303=DIRECTION('',(-1.,-9.08232186375291E-17,5.56131819963552E-33));
#2304=DIRECTION('',(-5.56131819963552E-33,1.22464679914735E-16,1.));
#2305=DIRECTION('',(1.,9.08232186375291E-17,-5.56131819963552E-33));
#2306=DIRECTION('',(-5.56131819963552E-33,1.22464679914735E-16,1.));
#2307=DIRECTION('',(-5.56131819963552E-33,1.22464679914735E-16,1.));
#2308=DIRECTION('',(1.,9.08232186375291E-17,-5.56131819963552E-33));
#2309=DIRECTION('',(-5.56131819963552E-33,1.22464679914735E-16,1.));
#2310=DIRECTION('',(-1.,-9.08232186375291E-17,5.56131819963552E-33));
#2311=DIRECTION('',(-5.56131819963552E-33,1.22464679914735E-16,1.));
#2312=DIRECTION('',(1.,9.08232186375291E-17,-5.56131819963552E-33));
#2313=DIRECTION('',(-5.56131819963552E-33,1.22464679914735E-16,1.));
#2314=DIRECTION('',(-5.56131819963552E-33,1.22464679914735E-16,1.));
#2315=DIRECTION('',(1.,9.08232186375291E-17,-5.56131819963552E-33));
#2316=DIRECTION('',(-5.56131819963552E-33,1.22464679914735E-16,1.));
#2317=DIRECTION('',(-1.,-9.08232186375291E-17,5.56131819963552E-33));
#2318=DIRECTION('',(-5.56131819963552E-33,1.22464679914735E-16,1.));
#2319=DIRECTION('',(1.,9.08232186375291E-17,-5.56131819963552E-33));
#2320=DIRECTION('',(-5.56131819963552E-33,1.22464679914735E-16,1.));
#2321=DIRECTION('',(-5.56131819963552E-33,1.22464679914735E-16,1.));
#2322=DIRECTION('',(1.,9.08232186375291E-17,-5.56131819963552E-33));
#2323=DIRECTION('',(-5.56131819963552E-33,1.22464679914735E-16,1.));
#2324=DIRECTION('',(-1.,-9.08232186375291E-17,5.56131819963552E-33));
#2325=DIRECTION('',(-5.56131819963552E-33,1.22464679914735E-16,1.));
#2326=DIRECTION('',(1.,9.08232186375291E-17,-5.56131819963552E-33));
#2327=DIRECTION('',(-5.56131819963552E-33,1.22464679914735E-16,1.));
#2328=DIRECTION('',(-5.56131819963552E-33,1.22464679914735E-16,1.));
#2329=DIRECTION('',(1.,9.08232186375291E-17,-5.56131819963552E-33));
#2330=DIRECTION('',(-5.56131819963552E-33,1.22464679914735E-16,1.));
#2331=DIRECTION('',(-1.,-9.08232186375291E-17,5.56131819963552E-33));
#2332=DIRECTION('',(5.56131819963552E-33,-1.22464679914735E-16,-1.));
#2333=DIRECTION('',(1.,9.08232186375291E-17,-5.56131819963552E-33));
#2334=DIRECTION('',(-5.56131819963552E-33,1.22464679914735E-16,1.));
#2335=DIRECTION('',(5.56131819963552E-33,-1.22464679914735E-16,-1.));
#2336=DIRECTION('',(1.,9.08232186375291E-17,-5.56131819963552E-33));
#2337=DIRECTION('',(-5.56131819963552E-33,1.22464679914735E-16,1.));
#2338=DIRECTION('',(-1.,-9.08232186375291E-17,5.56131819963552E-33));
#2339=DIRECTION('',(5.56131819963552E-33,-1.22464679914735E-16,-1.));
#2340=DIRECTION('',(1.,9.08232186375291E-17,-5.56131819963552E-33));
#2341=DIRECTION('',(-5.56131819963552E-33,1.22464679914735E-16,1.));
#2342=DIRECTION('',(5.56131819963552E-33,-1.22464679914735E-16,-1.));
#2343=DIRECTION('',(1.,9.08232186375291E-17,-5.56131819963552E-33));
#2344=DIRECTION('',(-5.56131819963552E-33,1.22464679914735E-16,1.));
#2345=DIRECTION('',(-1.,-9.08232186375291E-17,5.56131819963552E-33));
#2346=DIRECTION('',(5.56131819963552E-33,-1.22464679914735E-16,-1.));
#2347=DIRECTION('',(1.,9.08232186375291E-17,-5.56131819963552E-33));
#2348=DIRECTION('',(-5.56131819963552E-33,1.22464679914735E-16,1.));
#2349=DIRECTION('',(5.56131819963552E-33,-1.22464679914735E-16,-1.));
#2350=DIRECTION('',(1.,9.08232186375291E-17,-5.56131819963552E-33));
#2351=DIRECTION('',(-5.56131819963552E-33,1.22464679914735E-16,1.));
#2352=DIRECTION('',(-1.,-9.08232186375291E-17,5.56131819963552E-33));
#2353=DIRECTION('',(5.56131819963552E-33,-1.22464679914735E-16,-1.));
#2354=DIRECTION('',(1.,9.08232186375291E-17,-5.56131819963552E-33));
#2355=DIRECTION('',(-5.56131819963552E-33,1.22464679914735E-16,1.));
#2356=DIRECTION('',(5.56131819963552E-33,-1.22464679914735E-16,-1.));
#2357=DIRECTION('',(1.,9.08232186375291E-17,-5.56131819963552E-33));
#2358=DIRECTION('',(-5.56131819963552E-33,1.22464679914735E-16,1.));
#2359=DIRECTION('',(-1.,-9.08232186375291E-17,5.56131819963552E-33));
#2360=DIRECTION('',(5.56131819963552E-33,-1.22464679914735E-16,-1.));
#2361=DIRECTION('',(1.,9.08232186375291E-17,-5.56131819963552E-33));
#2362=DIRECTION('',(-5.56131819963552E-33,1.22464679914735E-16,1.));
#2363=DIRECTION('',(5.56131819963552E-33,-1.22464679914735E-16,-1.));
#2364=DIRECTION('',(1.,9.08232186375291E-17,-5.56131819963552E-33));
#2365=DIRECTION('',(-5.56131819963552E-33,1.22464679914735E-16,1.));
#2366=DIRECTION('',(-1.,-9.08232186375291E-17,5.56131819963552E-33));
#2367=DIRECTION('',(5.56131819963552E-33,-1.22464679914735E-16,-1.));
#2368=DIRECTION('',(1.,9.08232186375291E-17,-5.56131819963552E-33));
#2369=DIRECTION('',(-5.56131819963552E-33,1.22464679914735E-16,1.));
#2370=DIRECTION('',(5.56131819963552E-33,-1.22464679914735E-16,-1.));
#2371=DIRECTION('',(1.,9.08232186375291E-17,-5.56131819963552E-33));
#2372=DIRECTION('',(-5.56131819963552E-33,1.22464679914735E-16,1.));
#2373=DIRECTION('',(-1.,-9.08232186375291E-17,5.56131819963552E-33));
#2374=DIRECTION('',(5.56131819963552E-33,-1.22464679914735E-16,-1.));
#2375=DIRECTION('',(1.,9.08232186375291E-17,-5.56131819963552E-33));
#2376=DIRECTION('',(-5.56131819963552E-33,1.22464679914735E-16,1.));
#2377=DIRECTION('',(5.56131819963552E-33,-1.22464679914735E-16,-1.));
#2378=DIRECTION('',(1.,9.08232186375291E-17,-5.56131819963552E-33));
#2379=DIRECTION('',(-5.56131819963552E-33,1.22464679914735E-16,1.));
#2380=DIRECTION('',(-1.,-9.08232186375291E-17,5.56131819963552E-33));
#2381=DIRECTION('',(5.56131819963552E-33,-1.22464679914735E-16,-1.));
#2382=DIRECTION('',(1.,9.08232186375291E-17,-5.56131819963552E-33));
#2383=DIRECTION('',(-5.56131819963552E-33,1.22464679914735E-16,1.));
#2384=DIRECTION('',(5.56131819963552E-33,-1.22464679914735E-16,-1.));
#2385=DIRECTION('',(1.,9.08232186375291E-17,-5.56131819963552E-33));
#2386=DIRECTION('',(-5.56131819963552E-33,1.22464679914735E-16,1.));
#2387=DIRECTION('',(-1.,-9.08232186375291E-17,5.56131819963552E-33));
#2388=DIRECTION('',(5.56131819963552E-33,-1.22464679914735E-16,-1.));
#2389=DIRECTION('',(1.,9.08232186375291E-17,-5.56131819963552E-33));
#2390=DIRECTION('',(-5.56131819963552E-33,1.22464679914735E-16,1.));
#2391=DIRECTION('',(5.56131819963552E-33,-1.22464679914735E-16,-1.));
#2392=DIRECTION('',(1.,9.08232186375291E-17,-5.56131819963552E-33));
#2393=DIRECTION('',(-5.56131819963552E-33,1.22464679914735E-16,1.));
#2394=DIRECTION('',(-1.,-9.08232186375291E-17,5.56131819963552E-33));
#2395=DIRECTION('',(5.56131819963552E-33,-1.22464679914735E-16,-1.));
#2396=DIRECTION('',(1.,9.08232186375291E-17,-5.56131819963552E-33));
#2397=DIRECTION('',(-5.56131819963552E-33,1.22464679914735E-16,1.));
#2398=DIRECTION('',(5.56131819963552E-33,-1.22464679914735E-16,-1.));
#2399=DIRECTION('',(1.,9.08232186375291E-17,-5.56131819963552E-33));
#2400=DIRECTION('',(-5.56131819963552E-33,1.22464679914735E-16,1.));
#2401=DIRECTION('',(-1.,-9.08232186375291E-17,5.56131819963552E-33));
#2402=DIRECTION('',(5.56131819963552E-33,-1.22464679914735E-16,-1.));
#2403=DIRECTION('',(1.,9.08232186375291E-17,-5.56131819963552E-33));
#2404=DIRECTION('',(-5.56131819963552E-33,1.22464679914735E-16,1.));
#2405=DIRECTION('',(5.56131819963552E-33,-1.22464679914735E-16,-1.));
#2406=DIRECTION('',(1.,9.08232186375291E-17,-5.56131819963552E-33));
#2407=DIRECTION('',(-5.56131819963552E-33,1.22464679914735E-16,1.));
#2408=DIRECTION('',(-1.,-9.08232186375291E-17,5.56131819963552E-33));
#2409=DIRECTION('',(5.56131819963552E-33,-1.22464679914735E-16,-1.));
#2410=DIRECTION('',(1.,9.08232186375291E-17,-5.56131819963552E-33));
#2411=DIRECTION('',(5.56131819963552E-33,-1.22464679914735E-16,-1.));
#2412=DIRECTION('',(1.,9.08232186375291E-17,-5.56131819963552E-33));
#2413=DIRECTION('',(5.56131819963552E-33,-1.22464679914735E-16,-1.));
#2414=DIRECTION('',(1.,9.08232186375291E-17,-5.56131819963552E-33));
#2415=DIRECTION('',(5.56131819963552E-33,-1.22464679914735E-16,-1.));
#2416=DIRECTION('',(1.,9.08232186375291E-17,-5.56131819963552E-33));
#2417=CARTESIAN_POINT('',(0.,0.,0.));
#2418=CARTESIAN_POINT('',(-0.0480999999999982,-0.00597456383434057,-0.0237999946391486));
#2419=CARTESIAN_POINT('',(-0.0480999999999982,-0.00597456383434057,-0.0229999946391486));
#2420=CARTESIAN_POINT('',(-0.0480999999999982,-0.00552848581495822,-0.0229999946391486));
#2421=CARTESIAN_POINT('',(-0.0480999999999982,-0.00642064185372292,-0.0229999946391486));
#2422=CARTESIAN_POINT('',(-0.0480999999999982,-0.00642064185372292,-0.0237999946391486));
#2423=CARTESIAN_POINT('',(-0.0480999999999982,-0.00642064185372292,-0.0237999946391486));
#2424=CARTESIAN_POINT('',(-0.0480999999999982,-0.00597456383434057,-0.0237999946391486));
#2425=CARTESIAN_POINT('',(-0.0480999999999982,-0.00552848581495822,-0.0237999946391486));
#2426=CARTESIAN_POINT('',(-0.0480999999999982,-0.00552848581495822,-0.0237999946391486));
#2427=CARTESIAN_POINT('',(-0.0496913892164297,-0.00781682189709121,-0.0237999946391486));
#2428=CARTESIAN_POINT('',(-0.0496913892164297,-0.00781682189709121,-0.0229999946391486));
#2429=CARTESIAN_POINT('',(-0.0486419887499879,-0.00597818190712533,-0.0229999946391486));
#2430=CARTESIAN_POINT('',(-0.0486419887499879,-0.00597818190712533,-0.0237999946391486));
#2431=CARTESIAN_POINT('',(-0.0486419887499879,-0.00597818190712533,-0.0237999946391486));
#2432=CARTESIAN_POINT('',(-0.0496913892164297,-0.00781682189709121,-0.0237999946391486));
#2433=CARTESIAN_POINT('',(-0.0500784999610685,-0.00849507325908247,-0.0237999946391486));
#2434=CARTESIAN_POINT('',(-0.0500784999610685,-0.00849507325908247,-0.0229999946391486));
#2435=CARTESIAN_POINT('',(-0.0496069073553801,-0.00563571896984594,-0.0229999946391486));
#2436=CARTESIAN_POINT('',(-0.0496069073553801,-0.00563571896984594,-0.0237999946391486));
#2437=CARTESIAN_POINT('',(-0.0496069073553801,-0.00563571896984594,-0.0237999946391486));
#2438=CARTESIAN_POINT('',(-0.0500784999610685,-0.00849507325908247,-0.0237999946391486));
#2439=CARTESIAN_POINT('',(-0.0505552527439569,-0.0113857146690925,-0.0237999946391486));
#2440=CARTESIAN_POINT('',(-0.0505552527439569,-0.0113857146690925,-0.0229999946391486));
#2441=CARTESIAN_POINT('',(-0.0507969876789533,-0.00556305430303255,-0.0229999946391486));
#2442=CARTESIAN_POINT('',(-0.0507969876789533,-0.00556305430303255,-0.0237999946391486));
#2443=CARTESIAN_POINT('',(-0.0507969876789533,-0.00556305430303255,-0.0237999946391486));
#2444=CARTESIAN_POINT('',(-0.0505552527439569,-0.0113857146690925,-0.0237999946391486));
#2445=CARTESIAN_POINT('',(-0.0502907105604569,-0.0177577323794792,-0.0237999946391486));
#2446=CARTESIAN_POINT('',(-0.0502907105604569,-0.0177577323794792,-0.0229999946391486));
#2447=CARTESIAN_POINT('',(-0.0512672325618695,-0.00559167736192363,-0.0229999946391486));
#2448=CARTESIAN_POINT('',(-0.0512672325618695,-0.00559167736192363,-0.0237999946391486));
#2449=CARTESIAN_POINT('',(-0.0512672325618695,-0.00559167736192363,-0.0237999946391486));
#2450=CARTESIAN_POINT('',(-0.0502907105604569,-0.0177577323794792,-0.0237999946391486));
#2451=CARTESIAN_POINT('',(-0.0505021532061049,-0.0151234621261817,-0.0237999946391486));
#2452=CARTESIAN_POINT('',(-0.0505021532061049,-0.0151234621261817,-0.0229999946391486));
#2453=CARTESIAN_POINT('',(-0.0517094829028309,-0.00563754507938287,-0.0229999946391486));
#2454=CARTESIAN_POINT('',(-0.0517094829028309,-0.00563754507938287,-0.0237999946391486));
#2455=CARTESIAN_POINT('',(-0.0517094829028309,-0.00563754507938287,-0.0237999946391486));
#2456=CARTESIAN_POINT('',(-0.0505021532061049,-0.0151234621261817,-0.0237999946391486));
#2457=CARTESIAN_POINT('',(-0.0505709187996846,-0.0145831749799774,-0.0237999946391486));
#2458=CARTESIAN_POINT('',(-0.0505709187996846,-0.0145831749799774,-0.0229999946391486));
#2459=CARTESIAN_POINT('',(-0.0520790486671523,-0.00569238385442292,-0.0229999946391486));
#2460=CARTESIAN_POINT('',(-0.0520790486671523,-0.00569238385442292,-0.0237999946391486));
#2461=CARTESIAN_POINT('',(-0.0520790486671523,-0.00569238385442292,-0.0237999946391486));
#2462=CARTESIAN_POINT('',(-0.0505709187996846,-0.0145831749799774,-0.0237999946391486));
#2463=CARTESIAN_POINT('',(-0.0519448475210268,-0.00648353213995812,-0.0237999946391486));
#2464=CARTESIAN_POINT('',(-0.0519448475210268,-0.00648353213995812,-0.0229999946391486));
#2465=CARTESIAN_POINT('',(-0.0523025411458579,-0.00576521408499918,-0.0229999946391486));
#2466=CARTESIAN_POINT('',(-0.0523025411458579,-0.00576521408499918,-0.0237999946391486));
#2467=CARTESIAN_POINT('',(-0.0523025411458579,-0.00576521408499918,-0.0237999946391486));
#2468=CARTESIAN_POINT('',(-0.0519448475210268,-0.00648353213995812,-0.0237999946391486));
#2469=CARTESIAN_POINT('',(-0.051819880905628,-0.00673448929959585,-0.0237999946391486));
#2470=CARTESIAN_POINT('',(-0.051819880905628,-0.00673448929959585,-0.0229999946391486));
#2471=CARTESIAN_POINT('',(-0.0524885877211436,-0.00588285173348405,-0.0229999946391486));
#2472=CARTESIAN_POINT('',(-0.0524885877211436,-0.00588285173348405,-0.0237999946391486));
#2473=CARTESIAN_POINT('',(-0.0524885877211436,-0.00588285173348405,-0.0237999946391486));
#2474=CARTESIAN_POINT('',(-0.051819880905628,-0.00673448929959585,-0.0237999946391486));
#2475=CARTESIAN_POINT('',(-0.0437184497475692,-0.0170521396560542,-0.0237999946391486));
#2476=CARTESIAN_POINT('',(-0.0437184497475692,-0.0170521396560542,-0.0229999946391486));
#2477=CARTESIAN_POINT('',(-0.0527883249900261,-0.00612484923906399,-0.0229999946391486));
#2478=CARTESIAN_POINT('',(-0.0527883249900261,-0.00612484923906399,-0.0237999946391486));
#2479=CARTESIAN_POINT('',(-0.0527883249900261,-0.00612484923906399,-0.0237999946391486));
#2480=CARTESIAN_POINT('',(-0.0437184497475692,-0.0170521396560542,-0.0237999946391486));
#2481=CARTESIAN_POINT('',(-0.043405112161869,-0.0174296454878302,-0.0237999946391486));
#2482=CARTESIAN_POINT('',(-0.043405112161869,-0.0174296454878302,-0.0229999946391486));
#2483=CARTESIAN_POINT('',(-0.0531358105131845,-0.00642252911703942,-0.0229999946391486));
#2484=CARTESIAN_POINT('',(-0.0531358105131845,-0.00642252911703942,-0.0237999946391486));
#2485=CARTESIAN_POINT('',(-0.0531358105131845,-0.00642252911703942,-0.0237999946391486));
#2486=CARTESIAN_POINT('',(-0.043405112161869,-0.0174296454878302,-0.0237999946391486));
#2487=CARTESIAN_POINT('',(-0.0407113257804541,-0.0204767875435968,-0.0237999946391486));
#2488=CARTESIAN_POINT('',(-0.0407113257804541,-0.0204767875435968,-0.0229999946391486));
#2489=CARTESIAN_POINT('',(-0.0534954204397089,-0.00674882613131069,-0.0229999946391486));
#2490=CARTESIAN_POINT('',(-0.0534954204397089,-0.00674882613131069,-0.0237999946391486));
#2491=CARTESIAN_POINT('',(-0.0534954204397089,-0.00674882613131069,-0.0237999946391486));
#2492=CARTESIAN_POINT('',(-0.0407113257804541,-0.0204767875435968,-0.0237999946391486));
#2493=CARTESIAN_POINT('',(-0.0392089923376619,-0.0220900402674494,-0.0237999946391486));
#2494=CARTESIAN_POINT('',(-0.0392089923376619,-0.0220900402674494,-0.0229999946391486));
#2495=CARTESIAN_POINT('',(-0.0540222259419824,-0.00725686834537748,-0.0229999946391486));
#2496=CARTESIAN_POINT('',(-0.0540222259419824,-0.00725686834537748,-0.0237999946391486));
#2497=CARTESIAN_POINT('',(-0.0540222259419824,-0.00725686834537748,-0.0237999946391486));
#2498=CARTESIAN_POINT('',(-0.0392089923376619,-0.0220900402674494,-0.0237999946391486));
#2499=CARTESIAN_POINT('',(-0.0522201465679163,-0.00906137328243241,-0.0237999946391486));
#2500=CARTESIAN_POINT('',(-0.0522201465679163,-0.00906137328243241,-0.0229999946391486));
#2501=CARTESIAN_POINT('',(-0.0543065000220119,-0.00759479310976033,-0.0229999946391486));
#2502=CARTESIAN_POINT('',(-0.0543065000220119,-0.00759479310976033,-0.0237999946391486));
#2503=CARTESIAN_POINT('',(-0.0543065000220119,-0.00759479310976033,-0.0237999946391486));
#2504=CARTESIAN_POINT('',(-0.0522201465679163,-0.00906137328243241,-0.0237999946391486));
#2505=CARTESIAN_POINT('',(-0.0528019410143952,-0.00865240700775752,-0.0237999946391486));
#2506=CARTESIAN_POINT('',(-0.0528019410143952,-0.00865240700775752,-0.0229999946391486));
#2507=CARTESIAN_POINT('',(-0.0545017413622561,-0.00795032172658116,-0.0229999946391486));
#2508=CARTESIAN_POINT('',(-0.0545017413622561,-0.00795032172658116,-0.0237999946391486));
#2509=CARTESIAN_POINT('',(-0.0545017413622561,-0.00795032172658116,-0.0237999946391486));
#2510=CARTESIAN_POINT('',(-0.0528019410143952,-0.00865240700775752,-0.0237999946391486));
#2511=CARTESIAN_POINT('',(-0.0483303144426577,-0.0104993669774294,-0.0237999946391486));
#2512=CARTESIAN_POINT('',(-0.0483303144426577,-0.0104993669774294,-0.0229999946391486));
#2513=CARTESIAN_POINT('',(-0.0546848202787616,-0.00844890422625637,-0.0229999946391486));
#2514=CARTESIAN_POINT('',(-0.0546848202787616,-0.00844890422625637,-0.0237999946391486));
#2515=CARTESIAN_POINT('',(-0.0546848202787616,-0.00844890422625637,-0.0237999946391486));
#2516=CARTESIAN_POINT('',(-0.0483303144426577,-0.0104993669774294,-0.0237999946391486));
#2517=CARTESIAN_POINT('',(-0.0504131692052491,-0.00982727441556056,-0.0237999946391486));
#2518=CARTESIAN_POINT('',(-0.0504131692052491,-0.00982727441556056,-0.0229999946391486));
#2519=CARTESIAN_POINT('',(-0.0548583433133344,-0.00920491244580613,-0.0229999946391486));
#2520=CARTESIAN_POINT('',(-0.0548583433133344,-0.00920491244580613,-0.0237999946391486));
#2521=CARTESIAN_POINT('',(-0.0548583433133344,-0.00920491244580613,-0.0237999946391486));
#2522=CARTESIAN_POINT('',(-0.0504131692052491,-0.00982727441556056,-0.0237999946391486));
#2523=CARTESIAN_POINT('',(-0.0492646308479382,-0.00998807949923411,-0.0237999946391486));
#2524=CARTESIAN_POINT('',(-0.0492646308479382,-0.00998807949923411,-0.0229999946391486));
#2525=CARTESIAN_POINT('',(-0.054912816805057,-0.0100191467371486,-0.0229999946391486));
#2526=CARTESIAN_POINT('',(-0.054912816805057,-0.0100191467371486,-0.0237999946391486));
#2527=CARTESIAN_POINT('',(-0.054912816805057,-0.0100191467371486,-0.0237999946391486));
#2528=CARTESIAN_POINT('',(-0.0492646308479382,-0.00998807949923411,-0.0237999946391486));
#2529=CARTESIAN_POINT('',(-0.0499453986304307,-0.00999182398902678,-0.0237999946391486));
#2530=CARTESIAN_POINT('',(-0.0499453986304307,-0.00999182398902678,-0.0229999946391486));
#2531=CARTESIAN_POINT('',(-0.054854582024075,-0.0107507101871881,-0.0229999946391486));
#2532=CARTESIAN_POINT('',(-0.054854582024075,-0.0107507101871881,-0.0237999946391486));
#2533=CARTESIAN_POINT('',(-0.054854582024075,-0.0107507101871881,-0.0237999946391486));
#2534=CARTESIAN_POINT('',(-0.0499453986304307,-0.00999182398902678,-0.0237999946391486));
#2535=CARTESIAN_POINT('',(-0.0536709092507295,-0.0105677321114466,-0.0237999946391486));
#2536=CARTESIAN_POINT('',(-0.0536709092507295,-0.0105677321114466,-0.0229999946391486));
#2537=CARTESIAN_POINT('',(-0.0546421717017301,-0.0112685969071363,-0.0229999946391486));
#2538=CARTESIAN_POINT('',(-0.0546421717017301,-0.0112685969071363,-0.0237999946391486));
#2539=CARTESIAN_POINT('',(-0.0546421717017301,-0.0112685969071363,-0.0237999946391486));
#2540=CARTESIAN_POINT('',(-0.0536709092507295,-0.0105677321114466,-0.0237999946391486));
#2541=CARTESIAN_POINT('',(-0.0605460130945148,-0.0155288198646658,-0.0237999946391486));
#2542=CARTESIAN_POINT('',(-0.0605460130945148,-0.0155288198646658,-0.0229999946391486));
#2543=CARTESIAN_POINT('',(-0.0545456284884606,-0.0114056866606051,-0.0229999946391486));
#2544=CARTESIAN_POINT('',(-0.0545456284884606,-0.0114056866606051,-0.0237999946391486));
#2545=CARTESIAN_POINT('',(-0.0545456284884606,-0.0114056866606051,-0.0237999946391486));
#2546=CARTESIAN_POINT('',(-0.0605460130945148,-0.0155288198646658,-0.0237999946391486));
#2547=CARTESIAN_POINT('',(-0.0724621885883725,-0.0237169581374322,-0.0237999946391486));
#2548=CARTESIAN_POINT('',(-0.0724621885883725,-0.0237169581374322,-0.0229999946391486));
#2549=CARTESIAN_POINT('',(-0.0544195210915241,-0.0115912548263771,-0.0229999946391486));
#2550=CARTESIAN_POINT('',(-0.0544195210915241,-0.0115912548263771,-0.0237999946391486));
#2551=CARTESIAN_POINT('',(-0.0544195210915241,-0.0115912548263771,-0.0237999946391486));
#2552=CARTESIAN_POINT('',(-0.0724621885883725,-0.0237169581374322,-0.0237999946391486));
#2553=CARTESIAN_POINT('',(-0.0737076270528662,-0.0245539639357887,-0.0237999946391486));
#2554=CARTESIAN_POINT('',(-0.0737076270528662,-0.0245539639357887,-0.0229999946391486));
#2555=CARTESIAN_POINT('',(-0.054288080007919,-0.0117890098974576,-0.0229999946391486));
#2556=CARTESIAN_POINT('',(-0.054288080007919,-0.0117890098974576,-0.0237999946391486));
#2557=CARTESIAN_POINT('',(-0.054288080007919,-0.0117890098974576,-0.0237999946391486));
#2558=CARTESIAN_POINT('',(-0.0737076270528662,-0.0245539639357887,-0.0237999946391486));
#2559=CARTESIAN_POINT('',(-0.0671332281652761,-0.0202324470932218,-0.0237999946391486));
#2560=CARTESIAN_POINT('',(-0.0671332281652761,-0.0202324470932218,-0.0229999946391486));
#2561=CARTESIAN_POINT('',(-0.0541721114342341,-0.0119681312747428,-0.0229999946391486));
#2562=CARTESIAN_POINT('',(-0.0541721114342341,-0.0119681312747428,-0.0237999946391486));
#2563=CARTESIAN_POINT('',(-0.0541721114342341,-0.0119681312747428,-0.0237999946391486));
#2564=CARTESIAN_POINT('',(-0.0671332281652761,-0.0202324470932218,-0.0237999946391486));
#2565=CARTESIAN_POINT('',(-0.0524824447154163,-0.0108907596499015,-0.0237999946391486));
#2566=CARTESIAN_POINT('',(-0.0524824447154163,-0.0108907596499015,-0.0229999946391486));
#2567=CARTESIAN_POINT('',(-0.0539943981262721,-0.0122059402922875,-0.0229999946391486));
#2568=CARTESIAN_POINT('',(-0.0539943981262721,-0.0122059402922875,-0.0237999946391486));
#2569=CARTESIAN_POINT('',(-0.0539943981262721,-0.0122059402922875,-0.0237999946391486));
#2570=CARTESIAN_POINT('',(-0.0524824447154163,-0.0108907596499015,-0.0237999946391486));
#2571=CARTESIAN_POINT('',(-0.0529319449202228,-0.0112817597719061,-0.0237999946391486));
#2572=CARTESIAN_POINT('',(-0.0529319449202228,-0.0112817597719061,-0.0229999946391486));
#2573=CARTESIAN_POINT('',(-0.0537893537645982,-0.0123987944727473,-0.0229999946391486));
#2574=CARTESIAN_POINT('',(-0.0537893537645982,-0.0123987944727473,-0.0237999946391486));
#2575=CARTESIAN_POINT('',(-0.0537893537645982,-0.0123987944727473,-0.0237999946391486));
#2576=CARTESIAN_POINT('',(-0.0529319449202228,-0.0112817597719061,-0.0237999946391486));
#2577=CARTESIAN_POINT('',(-0.0527789068033783,-0.0110823812744855,-0.0237999946391486));
#2578=CARTESIAN_POINT('',(-0.0527789068033783,-0.0110823812744855,-0.0229999946391486));
#2579=CARTESIAN_POINT('',(-0.0535386492124273,-0.0125577585963556,-0.0229999946391486));
#2580=CARTESIAN_POINT('',(-0.0535386492124273,-0.0125577585963556,-0.0237999946391486));
#2581=CARTESIAN_POINT('',(-0.0535386492124273,-0.0125577585963556,-0.0237999946391486));
#2582=CARTESIAN_POINT('',(-0.0527789068033783,-0.0110823812744855,-0.0237999946391486));
#2583=CARTESIAN_POINT('',(-0.0517975077527018,-0.0091765591355245,-0.0237999946391486));
#2584=CARTESIAN_POINT('',(-0.0517975077527018,-0.0091765591355245,-0.0229999946391486));
#2585=CARTESIAN_POINT('',(-0.05322348539399,-0.0127022748278681,-0.0229999946391486));
#2586=CARTESIAN_POINT('',(-0.05322348539399,-0.0127022748278681,-0.0237999946391486));
#2587=CARTESIAN_POINT('',(-0.05322348539399,-0.0127022748278681,-0.0237999946391486));
#2588=CARTESIAN_POINT('',(-0.0517975077527018,-0.0091765591355245,-0.0237999946391486));
#2589=CARTESIAN_POINT('',(-0.0504681811912475,-0.0058898122874221,-0.0237999946391486));
#2590=CARTESIAN_POINT('',(-0.0504681811912475,-0.0058898122874221,-0.0229999946391486));
#2591=CARTESIAN_POINT('',(-0.0526932563406981,-0.0128934104836311,-0.0229999946391486));
#2592=CARTESIAN_POINT('',(-0.0526932563406981,-0.0128934104836311,-0.0237999946391486));
#2593=CARTESIAN_POINT('',(-0.0526932563406981,-0.0128934104836311,-0.0237999946391486));
#2594=CARTESIAN_POINT('',(-0.0504681811912475,-0.0058898122874221,-0.0237999946391486));
#2595=CARTESIAN_POINT('',(-0.0522397768410316,-0.0114660482632286,-0.0237999946391486));
#2596=CARTESIAN_POINT('',(-0.0522397768410316,-0.0114660482632286,-0.0229999946391486));
#2597=CARTESIAN_POINT('',(-0.0522940792288232,-0.0129627305326257,-0.0229999946391486));
#2598=CARTESIAN_POINT('',(-0.0522940792288232,-0.0129627305326257,-0.0237999946391486));
#2599=CARTESIAN_POINT('',(-0.0522940792288232,-0.0129627305326257,-0.0237999946391486));
#2600=CARTESIAN_POINT('',(-0.0522397768410316,-0.0114660482632286,-0.0237999946391486));
#2601=CARTESIAN_POINT('',(-0.0522307369593477,-0.0112168910680474,-0.0237999946391486));
#2602=CARTESIAN_POINT('',(-0.0522307369593477,-0.0112168910680474,-0.0229999946391486));
#2603=CARTESIAN_POINT('',(-0.0518760146711924,-0.0129274873902307,-0.0229999946391486));
#2604=CARTESIAN_POINT('',(-0.0518760146711924,-0.0129274873902307,-0.0237999946391486));
#2605=CARTESIAN_POINT('',(-0.0518760146711924,-0.0129274873902307,-0.0237999946391486));
#2606=CARTESIAN_POINT('',(-0.0522307369593477,-0.0112168910680474,-0.0237999946391486));
#2607=CARTESIAN_POINT('',(-0.0544472413664518,-0.000528122942951278,-0.0237999946391486));
#2608=CARTESIAN_POINT('',(-0.0544472413664518,-0.000528122942951278,-0.0229999946391486));
#2609=CARTESIAN_POINT('',(-0.051237793388054,-0.0127778122895768,-0.0229999946391486));
#2610=CARTESIAN_POINT('',(-0.051237793388054,-0.0127778122895768,-0.0237999946391486));
#2611=CARTESIAN_POINT('',(-0.051237793388054,-0.0127778122895768,-0.0237999946391486));
#2612=CARTESIAN_POINT('',(-0.0544472413664518,-0.000528122942951278,-0.0237999946391486));
#2613=CARTESIAN_POINT('',(-0.0500202080778675,-0.0174250419387844,-0.0237999946391486));
#2614=CARTESIAN_POINT('',(-0.0500202080778675,-0.0174250419387844,-0.0229999946391486));
#2615=CARTESIAN_POINT('',(-0.0506211834466698,-0.0126586926013826,-0.0229999946391486));
#2616=CARTESIAN_POINT('',(-0.0506211834466698,-0.0126586926013826,-0.0237999946391486));
#2617=CARTESIAN_POINT('',(-0.0506211834466698,-0.0126586926013826,-0.0237999946391486));
#2618=CARTESIAN_POINT('',(-0.0500202080778675,-0.0174250419387844,-0.0237999946391486));
#2619=CARTESIAN_POINT('',(-0.050458201839429,-0.0139513034403743,-0.0237999946391486));
#2620=CARTESIAN_POINT('',(-0.050458201839429,-0.0139513034403743,-0.0229999946391486));
#2621=CARTESIAN_POINT('',(-0.0502057283980439,-0.0126731551912356,-0.0229999946391486));
#2622=CARTESIAN_POINT('',(-0.0502057283980439,-0.0126731551912356,-0.0237999946391486));
#2623=CARTESIAN_POINT('',(-0.0502057283980439,-0.0126731551912356,-0.0237999946391486));
#2624=CARTESIAN_POINT('',(-0.050458201839429,-0.0139513034403743,-0.0237999946391486));
#2625=CARTESIAN_POINT('',(-0.0502869162722081,-0.0130841692711521,-0.0237999946391486));
#2626=CARTESIAN_POINT('',(-0.0502869162722081,-0.0130841692711521,-0.0229999946391486));
#2627=CARTESIAN_POINT('',(-0.0500046902300709,-0.0127745364144645,-0.0229999946391486));
#2628=CARTESIAN_POINT('',(-0.0500046902300709,-0.0127745364144645,-0.0237999946391486));
#2629=CARTESIAN_POINT('',(-0.0500046902300709,-0.0127745364144645,-0.0237999946391486));
#2630=CARTESIAN_POINT('',(-0.0502869162722081,-0.0130841692711521,-0.0237999946391486));
#2631=CARTESIAN_POINT('',(-0.0501223208793438,-0.0129035901109008,-0.0237999946391486));
#2632=CARTESIAN_POINT('',(-0.0501223208793438,-0.0129035901109008,-0.0229999946391486));
#2633=CARTESIAN_POINT('',(-0.0499478410262824,-0.0128966182325595,-0.0229999946391486));
#2634=CARTESIAN_POINT('',(-0.0499478410262824,-0.0128966182325595,-0.0237999946391486));
#2635=CARTESIAN_POINT('',(-0.0499478410262824,-0.0128966182325595,-0.0237999946391486));
#2636=CARTESIAN_POINT('',(-0.0501223208793438,-0.0129035901109008,-0.0237999946391486));
#2637=CARTESIAN_POINT('',(-0.0503338535447145,-0.0129120425481439,-0.0237999946391486));
#2638=CARTESIAN_POINT('',(-0.0503338535447145,-0.0129120425481439,-0.0229999946391486));
#2639=CARTESIAN_POINT('',(-0.0499560671969558,-0.0129927955626071,-0.0229999946391486));
#2640=CARTESIAN_POINT('',(-0.0499560671969558,-0.0129927955626071,-0.0237999946391486));
#2641=CARTESIAN_POINT('',(-0.0499560671969558,-0.0129927955626071,-0.0237999946391486));
#2642=CARTESIAN_POINT('',(-0.0503338535447145,-0.0129120425481439,-0.0237999946391486));
#2643=CARTESIAN_POINT('',(-0.0500598237647679,-0.0129706172714356,-0.0237999946391486));
#2644=CARTESIAN_POINT('',(-0.0500598237647679,-0.0129706172714356,-0.0229999946391486));
#2645=CARTESIAN_POINT('',(-0.0499733494145415,-0.0130320948178751,-0.0229999946391486));
#2646=CARTESIAN_POINT('',(-0.0499733494145415,-0.0130320948178751,-0.0237999946391486));
#2647=CARTESIAN_POINT('',(-0.0499733494145415,-0.0130320948178751,-0.0237999946391486));
#2648=CARTESIAN_POINT('',(-0.0500598237647679,-0.0129706172714356,-0.0237999946391486));
#2649=CARTESIAN_POINT('',(-0.0501329846194359,-0.0129186047402211,-0.0237999946391486));
#2650=CARTESIAN_POINT('',(-0.0501329846194359,-0.0129186047402211,-0.0229999946391486));
#2651=CARTESIAN_POINT('',(-0.0500215477190868,-0.013079679920209,-0.0229999946391486));
#2652=CARTESIAN_POINT('',(-0.0500215477190868,-0.013079679920209,-0.0237999946391486));
#2653=CARTESIAN_POINT('',(-0.0500215477190868,-0.013079679920209,-0.0237999946391486));
#2654=CARTESIAN_POINT('',(-0.0501329846194359,-0.0129186047402211,-0.0237999946391486));
#2655=CARTESIAN_POINT('',(-0.050648286497244,-0.0121737675951092,-0.0237999946391486));
#2656=CARTESIAN_POINT('',(-0.050648286497244,-0.0121737675951092,-0.0229999946391486));
#2657=CARTESIAN_POINT('',(-0.0501572527064839,-0.0131598530138967,-0.0229999946391486));
#2658=CARTESIAN_POINT('',(-0.0501572527064839,-0.0131598530138967,-0.0237999946391486));
#2659=CARTESIAN_POINT('',(-0.0501572527064839,-0.0131598530138967,-0.0237999946391486));
#2660=CARTESIAN_POINT('',(-0.050648286497244,-0.0121737675951092,-0.0237999946391486));
#2661=CARTESIAN_POINT('',(-0.0494431554633601,-0.0145938905328845,-0.0237999946391486));
#2662=CARTESIAN_POINT('',(-0.0494431554633601,-0.0145938905328845,-0.0229999946391486));
#2663=CARTESIAN_POINT('',(-0.0503508644068289,-0.0132738666874756,-0.0229999946391486));
#2664=CARTESIAN_POINT('',(-0.0503508644068289,-0.0132738666874756,-0.0237999946391486));
#2665=CARTESIAN_POINT('',(-0.0503508644068289,-0.0132738666874756,-0.0237999946391486));
#2666=CARTESIAN_POINT('',(-0.0494431554633601,-0.0145938905328845,-0.0237999946391486));
#2667=CARTESIAN_POINT('',(-0.0455316981541092,-0.0202820761078547,-0.0237999946391486));
#2668=CARTESIAN_POINT('',(-0.0455316981541092,-0.0202820761078547,-0.0229999946391486));
#2669=CARTESIAN_POINT('',(-0.0506113149242235,-0.0134602833728179,-0.0229999946391486));
#2670=CARTESIAN_POINT('',(-0.0506113149242235,-0.0134602833728179,-0.0237999946391486));
#2671=CARTESIAN_POINT('',(-0.0506113149242235,-0.0134602833728179,-0.0237999946391486));
#2672=CARTESIAN_POINT('',(-0.0455316981541092,-0.0202820761078547,-0.0237999946391486));
#2673=CARTESIAN_POINT('',(-0.0448832645086212,-0.0211529055684483,-0.0237999946391486));
#2674=CARTESIAN_POINT('',(-0.0448832645086212,-0.0211529055684483,-0.0229999946391486));
#2675=CARTESIAN_POINT('',(-0.0508989429908512,-0.0136830588359025,-0.0229999946391486));
#2676=CARTESIAN_POINT('',(-0.0508989429908512,-0.0136830588359025,-0.0237999946391486));
#2677=CARTESIAN_POINT('',(-0.0508989429908512,-0.0136830588359025,-0.0237999946391486));
#2678=CARTESIAN_POINT('',(-0.0448832645086212,-0.0211529055684483,-0.0237999946391486));
#2679=CARTESIAN_POINT('',(-0.0450360234149375,-0.0209632202951103,-0.0237999946391486));
#2680=CARTESIAN_POINT('',(-0.0450360234149375,-0.0209632202951103,-0.0229999946391486));
#2681=CARTESIAN_POINT('',(-0.0511764673569262,-0.0139155593341218,-0.0229999946391486));
#2682=CARTESIAN_POINT('',(-0.0511764673569262,-0.0139155593341218,-0.0237999946391486));
#2683=CARTESIAN_POINT('',(-0.0511764673569262,-0.0139155593341218,-0.0237999946391486));
#2684=CARTESIAN_POINT('',(-0.0450360234149375,-0.0209632202951103,-0.0237999946391486));
#2685=CARTESIAN_POINT('',(-0.0564497645639516,-0.00786316129698436,-0.0237999946391486));
#2686=CARTESIAN_POINT('',(-0.0564497645639516,-0.00786316129698436,-0.0229999946391486));
#2687=CARTESIAN_POINT('',(-0.0518232314220255,-0.014423220482711,-0.0229999946391486));
#2688=CARTESIAN_POINT('',(-0.0518232314220255,-0.014423220482711,-0.0237999946391486));
#2689=CARTESIAN_POINT('',(-0.0518232314220255,-0.014423220482711,-0.0237999946391486));
#2690=CARTESIAN_POINT('',(-0.0564497645639516,-0.00786316129698436,-0.0237999946391486));
#2691=CARTESIAN_POINT('',(-0.052201943822437,-0.0138862361610049,-0.0237999946391486));
#2692=CARTESIAN_POINT('',(-0.052201943822437,-0.0138862361610049,-0.0229999946391486));
#2693=CARTESIAN_POINT('',(-0.0522057511072649,-0.014543321200072,-0.0229999946391486));
#2694=CARTESIAN_POINT('',(-0.0522057511072649,-0.014543321200072,-0.0237999946391486));
#2695=CARTESIAN_POINT('',(-0.0522057511072649,-0.014543321200072,-0.0237999946391486));
#2696=CARTESIAN_POINT('',(-0.052201943822437,-0.0138862361610049,-0.0237999946391486));
#2697=CARTESIAN_POINT('',(-0.0515183121139637,-0.0140858947030362,-0.0237999946391486));
#2698=CARTESIAN_POINT('',(-0.0515183121139637,-0.0140858947030362,-0.0229999946391486));
#2699=CARTESIAN_POINT('',(-0.0523407056666587,-0.0141599231717937,-0.0229999946391486));
#2700=CARTESIAN_POINT('',(-0.0523407056666587,-0.0141599231717937,-0.0237999946391486));
#2701=CARTESIAN_POINT('',(-0.0523407056666587,-0.0141599231717937,-0.0237999946391486));
#2702=CARTESIAN_POINT('',(-0.0515183121139637,-0.0140858947030362,-0.0237999946391486));
#2703=CARTESIAN_POINT('',(-0.0534201627376847,-0.014257091436058,-0.0237999946391486));
#2704=CARTESIAN_POINT('',(-0.0534201627376847,-0.014257091436058,-0.0229999946391486));
#2705=CARTESIAN_POINT('',(-0.0523920229719616,-0.0139141659894854,-0.0229999946391486));
#2706=CARTESIAN_POINT('',(-0.0523920229719616,-0.0139141659894854,-0.0237999946391486));
#2707=CARTESIAN_POINT('',(-0.0523920229719616,-0.0139141659894854,-0.0237999946391486));
#2708=CARTESIAN_POINT('',(-0.0534201627376847,-0.014257091436058,-0.0237999946391486));
#2709=CARTESIAN_POINT('',(-0.0528787964825939,-0.0140765242885012,-0.0237999946391486));
#2710=CARTESIAN_POINT('',(-0.0528787964825939,-0.0140765242885012,-0.0229999946391486));
#2711=CARTESIAN_POINT('',(-0.0525307316375205,-0.0136994837979214,-0.0229999946391486));
#2712=CARTESIAN_POINT('',(-0.0525307316375205,-0.0136994837979214,-0.0237999946391486));
#2713=CARTESIAN_POINT('',(-0.0525307316375205,-0.0136994837979214,-0.0237999946391486));
#2714=CARTESIAN_POINT('',(-0.0528787964825939,-0.0140765242885012,-0.0237999946391486));
#2715=CARTESIAN_POINT('',(-0.0531918044249281,-0.014415589465015,-0.0237999946391486));
#2716=CARTESIAN_POINT('',(-0.0531918044249281,-0.014415589465015,-0.0229999946391486));
#2717=CARTESIAN_POINT('',(-0.0527468174718457,-0.0135485190132765,-0.0229999946391486));
#2718=CARTESIAN_POINT('',(-0.0527468174718457,-0.0135485190132765,-0.0237999946391486));
#2719=CARTESIAN_POINT('',(-0.0527468174718457,-0.0135485190132765,-0.0237999946391486));
#2720=CARTESIAN_POINT('',(-0.0531918044249281,-0.014415589465015,-0.0237999946391486));
#2721=CARTESIAN_POINT('',(-0.0589374042149599,-0.0256110633344001,-0.0237999946391486));
#2722=CARTESIAN_POINT('',(-0.0589374042149599,-0.0256110633344001,-0.0229999946391486));
#2723=CARTESIAN_POINT('',(-0.0531612181891849,-0.0133446859262682,-0.0229999946391486));
#2724=CARTESIAN_POINT('',(-0.0531612181891849,-0.0133446859262682,-0.0237999946391486));
#2725=CARTESIAN_POINT('',(-0.0531612181891849,-0.0133446859262682,-0.0237999946391486));
#2726=CARTESIAN_POINT('',(-0.0589374042149599,-0.0256110633344001,-0.0237999946391486));
#2727=CARTESIAN_POINT('',(-0.0512403761278305,-0.00926556285771624,-0.0237999946391486));
#2728=CARTESIAN_POINT('',(-0.0512403761278305,-0.00926556285771624,-0.0229999946391486));
#2729=CARTESIAN_POINT('',(-0.0536510114533263,-0.0130757749988662,-0.0229999946391486));
#2730=CARTESIAN_POINT('',(-0.0536510114533263,-0.0130757749988662,-0.0237999946391486));
#2731=CARTESIAN_POINT('',(-0.0536510114533263,-0.0130757749988662,-0.0237999946391486));
#2732=CARTESIAN_POINT('',(-0.0512403761278305,-0.00926556285771624,-0.0237999946391486));
#2733=CARTESIAN_POINT('',(-0.0518369078782908,-0.0102084315256338,-0.0237999946391486));
#2734=CARTESIAN_POINT('',(-0.0518369078782908,-0.0102084315256338,-0.0229999946391486));
#2735=CARTESIAN_POINT('',(-0.0540639243990077,-0.0127683197636033,-0.0229999946391486));
#2736=CARTESIAN_POINT('',(-0.0540639243990077,-0.0127683197636033,-0.0237999946391486));
#2737=CARTESIAN_POINT('',(-0.0540639243990077,-0.0127683197636033,-0.0237999946391486));
#2738=CARTESIAN_POINT('',(-0.0518369078782908,-0.0102084315256338,-0.0237999946391486));
#2739=CARTESIAN_POINT('',(-0.0511038263693394,-0.00936577646906831,-0.0237999946391486));
#2740=CARTESIAN_POINT('',(-0.0511038263693394,-0.00936577646906831,-0.0229999946391486));
#2741=CARTESIAN_POINT('',(-0.0544787281704876,-0.0123573511462303,-0.0229999946391486));
#2742=CARTESIAN_POINT('',(-0.0544787281704876,-0.0123573511462303,-0.0237999946391486));
#2743=CARTESIAN_POINT('',(-0.0544787281704876,-0.0123573511462303,-0.0237999946391486));
#2744=CARTESIAN_POINT('',(-0.0511038263693394,-0.00936577646906831,-0.0237999946391486));
#2745=CARTESIAN_POINT('',(-0.0448903002411874,-0.00385799327533483,-0.0237999946391486));
#2746=CARTESIAN_POINT('',(-0.0448903002411874,-0.00385799327533483,-0.0229999946391486));
#2747=CARTESIAN_POINT('',(-0.0549765978157833,-0.0117601218246365,-0.0229999946391486));
#2748=CARTESIAN_POINT('',(-0.0549765978157833,-0.0117601218246365,-0.0237999946391486));
#2749=CARTESIAN_POINT('',(-0.0549765978157833,-0.0117601218246365,-0.0237999946391486));
#2750=CARTESIAN_POINT('',(-0.0448903002411874,-0.00385799327533483,-0.0237999946391486));
#2751=CARTESIAN_POINT('',(-0.0511903826749082,-0.00879380454743593,-0.0237999946391486));
#2752=CARTESIAN_POINT('',(-0.0511903826749082,-0.00879380454743593,-0.0229999946391486));
#2753=CARTESIAN_POINT('',(-0.0555949015416049,-0.0107263357463377,-0.0229999946391486));
#2754=CARTESIAN_POINT('',(-0.0555949015416049,-0.0107263357463377,-0.0237999946391486));
#2755=CARTESIAN_POINT('',(-0.0555949015416049,-0.0107263357463377,-0.0237999946391486));
#2756=CARTESIAN_POINT('',(-0.0511903826749082,-0.00879380454743593,-0.0237999946391486));
#2757=CARTESIAN_POINT('',(-0.0509174353092483,-0.00867404588235568,-0.0237999946391486));
#2758=CARTESIAN_POINT('',(-0.0509174353092483,-0.00867404588235568,-0.0229999946391486));
#2759=CARTESIAN_POINT('',(-0.0559490983172248,-0.00955322243729185,-0.0229999946391486));
#2760=CARTESIAN_POINT('',(-0.0559490983172248,-0.00955322243729185,-0.0237999946391486));
#2761=CARTESIAN_POINT('',(-0.0559490983172248,-0.00955322243729185,-0.0237999946391486));
#2762=CARTESIAN_POINT('',(-0.0509174353092483,-0.00867404588235568,-0.0237999946391486));
#2763=CARTESIAN_POINT('',(-0.050855467127208,-0.00866321825484653,-0.0237999946391486));
#2764=CARTESIAN_POINT('',(-0.050855467127208,-0.00866321825484653,-0.0229999946391486));
#2765=CARTESIAN_POINT('',(-0.0560150160745691,-0.00832227719765623,-0.0229999946391486));
#2766=CARTESIAN_POINT('',(-0.0560150160745691,-0.00832227719765623,-0.0237999946391486));
#2767=CARTESIAN_POINT('',(-0.0560150160745691,-0.00832227719765623,-0.0237999946391486));
#2768=CARTESIAN_POINT('',(-0.050855467127208,-0.00866321825484653,-0.0237999946391486));
#2769=CARTESIAN_POINT('',(-0.0509508347246149,-0.00865691639981744,-0.0237999946391486));
#2770=CARTESIAN_POINT('',(-0.0509508347246149,-0.00865691639981744,-0.0229999946391486));
#2771=CARTESIAN_POINT('',(-0.0557869049370727,-0.00711732520698816,-0.0229999946391486));
#2772=CARTESIAN_POINT('',(-0.0557869049370727,-0.00711732520698816,-0.0237999946391486));
#2773=CARTESIAN_POINT('',(-0.0557869049370727,-0.00711732520698816,-0.0237999946391486));
#2774=CARTESIAN_POINT('',(-0.0509508347246149,-0.00865691639981744,-0.0237999946391486));
#2775=CARTESIAN_POINT('',(-0.0524809133151168,-0.00816980694549108,-0.0237999946391486));
#2776=CARTESIAN_POINT('',(-0.0524809133151168,-0.00816980694549108,-0.0229999946391486));
#2777=CARTESIAN_POINT('',(-0.0556390421626301,-0.00673331100159526,-0.0229999946391486));
#2778=CARTESIAN_POINT('',(-0.0556390421626301,-0.00673331100159526,-0.0237999946391486));
#2779=CARTESIAN_POINT('',(-0.0556390421626301,-0.00673331100159526,-0.0237999946391486));
#2780=CARTESIAN_POINT('',(-0.0524809133151168,-0.00816980694549108,-0.0237999946391486));
#2781=CARTESIAN_POINT('',(-0.0541610444776901,-0.00740558809414488,-0.0237999946391486));
#2782=CARTESIAN_POINT('',(-0.0541610444776901,-0.00740558809414488,-0.0229999946391486));
#2783=CARTESIAN_POINT('',(-0.0554758012567757,-0.00645277737962565,-0.0229999946391486));
#2784=CARTESIAN_POINT('',(-0.0554758012567757,-0.00645277737962565,-0.0237999946391486));
#2785=CARTESIAN_POINT('',(-0.0554758012567757,-0.00645277737962565,-0.0237999946391486));
#2786=CARTESIAN_POINT('',(-0.0541610444776901,-0.00740558809414488,-0.0237999946391486));
#2787=CARTESIAN_POINT('',(-0.0529784810034907,-0.00826259766940631,-0.0237999946391486));
#2788=CARTESIAN_POINT('',(-0.0529784810034907,-0.00826259766940631,-0.0229999946391486));
#2789=CARTESIAN_POINT('',(-0.0552055052623365,-0.0061289573812454,-0.0229999946391486));
#2790=CARTESIAN_POINT('',(-0.0552055052623365,-0.0061289573812454,-0.0237999946391486));
#2791=CARTESIAN_POINT('',(-0.0552055052623365,-0.0061289573812454,-0.0237999946391486));
#2792=CARTESIAN_POINT('',(-0.0529784810034907,-0.00826259766940631,-0.0237999946391486));
#2793=CARTESIAN_POINT('',(-0.0363815897253804,-0.0241635451999727,-0.0237999946391486));
#2794=CARTESIAN_POINT('',(-0.0363815897253804,-0.0241635451999727,-0.0229999946391486));
#2795=CARTESIAN_POINT('',(-0.0546637630175644,-0.00557999619423301,-0.0229999946391486));
#2796=CARTESIAN_POINT('',(-0.0546637630175644,-0.00557999619423301,-0.0237999946391486));
#2797=CARTESIAN_POINT('',(-0.0546637630175644,-0.00557999619423301,-0.0237999946391486));
#2798=CARTESIAN_POINT('',(-0.0363815897253804,-0.0241635451999727,-0.0237999946391486));
#2799=CARTESIAN_POINT('',(-0.0455219732411327,-0.0148724854183192,-0.0237999946391486));
#2800=CARTESIAN_POINT('',(-0.0455219732411327,-0.0148724854183192,-0.0229999946391486));
#2801=CARTESIAN_POINT('',(-0.0542846115037534,-0.0052216384619774,-0.0229999946391486));
#2802=CARTESIAN_POINT('',(-0.0542846115037534,-0.0052216384619774,-0.0237999946391486));
#2803=CARTESIAN_POINT('',(-0.0542846115037534,-0.0052216384619774,-0.0237999946391486));
#2804=CARTESIAN_POINT('',(-0.0455219732411327,-0.0148724854183192,-0.0237999946391486));
#2805=CARTESIAN_POINT('',(-0.048882056412401,-0.0111718136029801,-0.0237999946391486));
#2806=CARTESIAN_POINT('',(-0.048882056412401,-0.0111718136029801,-0.0229999946391486));
#2807=CARTESIAN_POINT('',(-0.053936224939529,-0.00492300841935884,-0.0229999946391486));
#2808=CARTESIAN_POINT('',(-0.053936224939529,-0.00492300841935884,-0.0237999946391486));
#2809=CARTESIAN_POINT('',(-0.053936224939529,-0.00492300841935884,-0.0237999946391486));
#2810=CARTESIAN_POINT('',(-0.048882056412401,-0.0111718136029801,-0.0237999946391486));
#2811=CARTESIAN_POINT('',(-0.0484325046094688,-0.0117276244393993,-0.0237999946391486));
#2812=CARTESIAN_POINT('',(-0.0484325046094688,-0.0117276244393993,-0.0229999946391486));
#2813=CARTESIAN_POINT('',(-0.0536300739111835,-0.00468638804189202,-0.0229999946391486));
#2814=CARTESIAN_POINT('',(-0.0536300739111835,-0.00468638804189202,-0.0237999946391486));
#2815=CARTESIAN_POINT('',(-0.0536300739111835,-0.00468638804189202,-0.0237999946391486));
#2816=CARTESIAN_POINT('',(-0.0484325046094688,-0.0117276244393993,-0.0237999946391486));
#2817=CARTESIAN_POINT('',(-0.0536465782602432,-0.00402152978935321,-0.0237999946391486));
#2818=CARTESIAN_POINT('',(-0.0536465782602432,-0.00402152978935321,-0.0229999946391486));
#2819=CARTESIAN_POINT('',(-0.053487849256267,-0.00466737341810715,-0.0229999946391486));
#2820=CARTESIAN_POINT('',(-0.053487849256267,-0.00466737341810715,-0.0237999946391486));
#2821=CARTESIAN_POINT('',(-0.053487849256267,-0.00466737341810715,-0.0237999946391486));
#2822=CARTESIAN_POINT('',(-0.0536465782602432,-0.00402152978935321,-0.0237999946391486));
#2823=CARTESIAN_POINT('',(-0.053696582919926,-0.00381806860673939,-0.0237999946391486));
#2824=CARTESIAN_POINT('',(-0.053696582919926,-0.00381806860673939,-0.0229999946391486));
#2825=CARTESIAN_POINT('',(-0.0533615373811741,-0.00462592558165697,-0.0229999946391486));
#2826=CARTESIAN_POINT('',(-0.0533615373811741,-0.00462592558165697,-0.0237999946391486));
#2827=CARTESIAN_POINT('',(-0.0533615373811741,-0.00462592558165697,-0.0237999946391486));
#2828=CARTESIAN_POINT('',(-0.053696582919926,-0.00381806860673939,-0.0237999946391486));
#2829=CARTESIAN_POINT('',(-0.0536804951435131,-0.00385685922139554,-0.0237999946391486));
#2830=CARTESIAN_POINT('',(-0.0536804951435131,-0.00385685922139554,-0.0229999946391486));
#2831=CARTESIAN_POINT('',(-0.0532460686413027,-0.00456712025427009,-0.0229999946391486));
#2832=CARTESIAN_POINT('',(-0.0532460686413027,-0.00456712025427009,-0.0237999946391486));
#2833=CARTESIAN_POINT('',(-0.0532460686413027,-0.00456712025427009,-0.0237999946391486));
#2834=CARTESIAN_POINT('',(-0.0536804951435131,-0.00385685922139554,-0.0237999946391486));
#2835=CARTESIAN_POINT('',(-0.0535037708805545,-0.00414579269323548,-0.0237999946391486));
#2836=CARTESIAN_POINT('',(-0.0535037708805545,-0.00414579269323548,-0.0229999946391486));
#2837=CARTESIAN_POINT('',(-0.0531408716213484,-0.00448080237290222,-0.0229999946391486));
#2838=CARTESIAN_POINT('',(-0.0531408716213484,-0.00448080237290222,-0.0237999946391486));
#2839=CARTESIAN_POINT('',(-0.0531408716213484,-0.00448080237290222,-0.0237999946391486));
#2840=CARTESIAN_POINT('',(-0.0535037708805545,-0.00414579269323548,-0.0237999946391486));
#2841=CARTESIAN_POINT('',(-0.0529875700699553,-0.00462232237417465,-0.0237999946391486));
#2842=CARTESIAN_POINT('',(-0.0529875700699553,-0.00462232237417465,-0.0229999946391486));
#2843=CARTESIAN_POINT('',(-0.0530361632454816,-0.00441942343452334,-0.0229999946391486));
#2844=CARTESIAN_POINT('',(-0.0530361632454816,-0.00441942343452334,-0.0237999946391486));
#2845=CARTESIAN_POINT('',(-0.0530361632454816,-0.00441942343452334,-0.0237999946391486));
#2846=CARTESIAN_POINT('',(-0.0529875700699553,-0.00462232237417465,-0.0237999946391486));
#2847=CARTESIAN_POINT('',(-0.0476615949656152,-0.0268607270385357,-0.0237999946391486));
#2848=CARTESIAN_POINT('',(-0.0476615949656152,-0.0268607270385357,-0.0229999946391486));
#2849=CARTESIAN_POINT('',(-0.0523045345654214,-0.00425671846668671,-0.0229999946391486));
#2850=CARTESIAN_POINT('',(-0.0523045345654214,-0.00425671846668671,-0.0237999946391486));
#2851=CARTESIAN_POINT('',(-0.0523045345654214,-0.00425671846668671,-0.0237999946391486));
#2852=CARTESIAN_POINT('',(-0.0476615949656152,-0.0268607270385357,-0.0237999946391486));
#2853=CARTESIAN_POINT('',(-0.0494613079856667,-0.0180988795801253,-0.0237999946391486));
#2854=CARTESIAN_POINT('',(-0.0494613079856667,-0.0180988795801253,-0.0229999946391486));
#2855=CARTESIAN_POINT('',(-0.0515759971467739,-0.0041268556957287,-0.0229999946391486));
#2856=CARTESIAN_POINT('',(-0.0515759971467739,-0.0041268556957287,-0.0237999946391486));
#2857=CARTESIAN_POINT('',(-0.0515759971467739,-0.0041268556957287,-0.0237999946391486));
#2858=CARTESIAN_POINT('',(-0.0494613079856667,-0.0180988795801253,-0.0237999946391486));
#2859=CARTESIAN_POINT('',(-0.051203102264268,-0.00659062025298161,-0.0237999946391486));
#2860=CARTESIAN_POINT('',(-0.051203102264268,-0.00659062025298161,-0.0229999946391486));
#2861=CARTESIAN_POINT('',(-0.0511270523536785,-0.00409995712881655,-0.0229999946391486));
#2862=CARTESIAN_POINT('',(-0.0511270523536785,-0.00409995712881655,-0.0237999946391486));
#2863=CARTESIAN_POINT('',(-0.0511270523536785,-0.00409995712881655,-0.0237999946391486));
#2864=CARTESIAN_POINT('',(-0.051203102264268,-0.00659062025298161,-0.0237999946391486));
#2865=CARTESIAN_POINT('',(-0.0511489816835535,-0.00481815091542341,-0.0237999946391486));
#2866=CARTESIAN_POINT('',(-0.0511489816835535,-0.00481815091542341,-0.0229999946391486));
#2867=CARTESIAN_POINT('',(-0.050978868198359,-0.00412005019719979,-0.0229999946391486));
#2868=CARTESIAN_POINT('',(-0.050978868198359,-0.00412005019719979,-0.0237999946391486));
#2869=CARTESIAN_POINT('',(-0.050978868198359,-0.00412005019719979,-0.0237999946391486));
#2870=CARTESIAN_POINT('',(-0.0511489816835535,-0.00481815091542341,-0.0237999946391486));
#2871=CARTESIAN_POINT('',(-0.0532249070652565,-0.0133371992335994,-0.0237999946391486));
#2872=CARTESIAN_POINT('',(-0.0532249070652565,-0.0133371992335994,-0.0229999946391486));
#2873=CARTESIAN_POINT('',(-0.0506392720790465,-0.00420949313246172,-0.0229999946391486));
#2874=CARTESIAN_POINT('',(-0.0506392720790465,-0.00420949313246172,-0.0237999946391486));
#2875=CARTESIAN_POINT('',(-0.0506392720790465,-0.00420949313246172,-0.0237999946391486));
#2876=CARTESIAN_POINT('',(-0.0532249070652565,-0.0133371992335994,-0.0237999946391486));
#2877=CARTESIAN_POINT('',(-0.0534842960814503,-0.0142528840531158,-0.0237999946391486));
#2878=CARTESIAN_POINT('',(-0.0534842960814503,-0.0142528840531158,-0.0229999946391486));
#2879=CARTESIAN_POINT('',(-0.0502430680984773,-0.00433026827295742,-0.0229999946391486));
#2880=CARTESIAN_POINT('',(-0.0502430680984773,-0.00433026827295742,-0.0237999946391486));
#2881=CARTESIAN_POINT('',(-0.0502430680984773,-0.00433026827295742,-0.0237999946391486));
#2882=CARTESIAN_POINT('',(-0.0534842960814503,-0.0142528840531158,-0.0237999946391486));
#2883=CARTESIAN_POINT('',(-0.054060987939491,-0.0160183543504667,-0.0237999946391486));
#2884=CARTESIAN_POINT('',(-0.054060987939491,-0.0160183543504667,-0.0229999946391486));
#2885=CARTESIAN_POINT('',(-0.0498341090266133,-0.00447186732081797,-0.0229999946391486));
#2886=CARTESIAN_POINT('',(-0.0498341090266133,-0.00447186732081797,-0.0237999946391486));
#2887=CARTESIAN_POINT('',(-0.0498341090266133,-0.00447186732081797,-0.0237999946391486));
#2888=CARTESIAN_POINT('',(-0.054060987939491,-0.0160183543504667,-0.0237999946391486));
#2889=CARTESIAN_POINT('',(-0.0533939282765308,-0.014196159793886,-0.0237999946391486));
#2890=CARTESIAN_POINT('',(-0.0533939282765308,-0.014196159793886,-0.0229999946391486));
#2891=CARTESIAN_POINT('',(-0.0492363719154487,-0.00471202028107964,-0.0229999946391486));
#2892=CARTESIAN_POINT('',(-0.0492363719154487,-0.00471202028107964,-0.0237999946391486));
#2893=CARTESIAN_POINT('',(-0.0492363719154487,-0.00471202028107964,-0.0237999946391486));
#2894=CARTESIAN_POINT('',(-0.0533939282765308,-0.014196159793886,-0.0237999946391486));
#2895=CARTESIAN_POINT('',(-0.0503284975302216,-0.00720335672884818,-0.0237999946391486));
#2896=CARTESIAN_POINT('',(-0.0503284975302216,-0.00720335672884818,-0.0229999946391486));
#2897=CARTESIAN_POINT('',(-0.0488490579757811,-0.00492064906925372,-0.0229999946391486));
#2898=CARTESIAN_POINT('',(-0.0488490579757811,-0.00492064906925372,-0.0237999946391486));
#2899=CARTESIAN_POINT('',(-0.0488490579757811,-0.00492064906925372,-0.0237999946391486));
#2900=CARTESIAN_POINT('',(-0.0503284975302216,-0.00720335672884818,-0.0237999946391486));
#2901=CARTESIAN_POINT('',(-0.0507994188050924,-0.00792996674680202,-0.0237999946391486));
#2902=CARTESIAN_POINT('',(-0.0507994188050924,-0.00792996674680202,-0.0229999946391486));
#2903=CARTESIAN_POINT('',(-0.0484579650166065,-0.00521381240559401,-0.0229999946391486));
#2904=CARTESIAN_POINT('',(-0.0484579650166065,-0.00521381240559401,-0.0237999946391486));
#2905=CARTESIAN_POINT('',(-0.0484579650166065,-0.00521381240559401,-0.0237999946391486));
#2906=CARTESIAN_POINT('',(-0.0507994188050924,-0.00792996674680202,-0.0237999946391486));
#2907=CARTESIAN_POINT('',(-0.064533664578749,-0.0238620903978331,-0.0237999946391486));
#2908=CARTESIAN_POINT('',(-0.064533664578749,-0.0238620903978331,-0.0229999946391486));
#2909=CARTESIAN_POINT('',(-0.064533664578749,-0.0238620903978331,-0.0237999946391486));
#2910=CARTESIAN_POINT('',(-0.0697228288706337,0.00606633418553786,-0.0237999946391486));
#2911=CARTESIAN_POINT('',(-0.0697228288706337,0.00606633418553786,-0.0229999946391486));
#2912=MECHANICAL_DESIGN_GEOMETRIC_PRESENTATION_REPRESENTATION('',(#1581),
#2913);
#2913=(
GEOMETRIC_REPRESENTATION_CONTEXT(3)
GLOBAL_UNCERTAINTY_ASSIGNED_CONTEXT((#2914))
GLOBAL_UNIT_ASSIGNED_CONTEXT((#2917,#2916,#2915))
REPRESENTATION_CONTEXT('Part 18','TOP_LEVEL_ASSEMBLY_PART')
);
#2914=UNCERTAINTY_MEASURE_WITH_UNIT(LENGTH_MEASURE(1.E-8),#2917,
'DISTANCE_ACCURACY_VALUE','Maximum Tolerance applied to model');
#2915=(
NAMED_UNIT(*)
SI_UNIT($,.STERADIAN.)
SOLID_ANGLE_UNIT()
);
#2916=(
NAMED_UNIT(*)
PLANE_ANGLE_UNIT()
SI_UNIT($,.RADIAN.)
);
#2917=(
LENGTH_UNIT()
NAMED_UNIT(*)
SI_UNIT($,.METRE.)
);
#2918=PRODUCT_DEFINITION_SHAPE('','',#2919);
#2919=PRODUCT_DEFINITION('','',#2921,#2920);
#2920=PRODUCT_DEFINITION_CONTEXT('',#2927,'design');
#2921=PRODUCT_DEFINITION_FORMATION_WITH_SPECIFIED_SOURCE('','',#2923,
 .NOT_KNOWN.);
#2922=PRODUCT_RELATED_PRODUCT_CATEGORY('','',(#2923));
#2923=PRODUCT('Part 18','Part 18','Part 18',(#2925));
#2924=PRODUCT_CATEGORY('','');
#2925=PRODUCT_CONTEXT('',#2927,'mechanical');
#2926=APPLICATION_PROTOCOL_DEFINITION('international standard',
'ap242_managed_model_based_3d_engineering',2020,#2927);
#2927=APPLICATION_CONTEXT('managed model based 3d engineering');
ENDSEC;
END-ISO-10303-21;
